{
  "dataset_id": "dataset_fpmarkets_v2_us100_m5_20220801_20260413_freeze01",
  "scorecard_id": "scorecard_fpmarkets_v2_tiered_readiness_0001",
  "baseline_seed_id": "baseline_seed_fpmarkets_v2_tier_b_offline_eval_0001",
  "followup_pack_id": "followup_pack_fpmarkets_v2_tier_b_0001",
  "report_id": "report_fpmarkets_v2_tier_b_weight_verdict_0001",
  "model_family_id": "gaussian_nb_3class_tier_a_seed_0001",
  "weights_version": "foundation/config/top3_monthly_weights_fpmarkets_v2.csv@2026-04-16 (placeholder_equal_weight)",
  "scenario_rows": [
    {
      "scenario_name": "equal_placeholder",
      "weights": {
        "msft_xnas_weight": 0.3333333333333333,
        "nvda_xnas_weight": 0.3333333333333333,
        "aapl_xnas_weight": 0.3333333333333333
      },
      "label_thresholds": {
        "q33": -0.00035087247936272335,
        "q67": 0.0004049556640609367
      },
      "validation": {
        "strict_tier_a": {
          "row_count": 10618,
          "class_balance": {
            "short": 3396,
            "flat": 3798,
            "long": 3424
          },
          "predicted_balance": {
            "short": 3166,
            "flat": 6269,
            "long": 1183
          },
          "log_loss": 3.1991409149548615,
          "macro_f1": 0.38343097401047177,
          "balanced_accuracy": 0.4182891933505959,
          "multiclass_brier_score": 0.9199298166609283,
          "mean_max_probability": 0.8432109815785638,
          "rows_with_imputation": 0,
          "mean_missing_feature_count": 0.0
        },
        "tier_b_exploration": {
          "row_count": 15866,
          "class_balance": {
            "short": 3618,
            "flat": 8919,
            "long": 3329
          },
          "predicted_balance": {
            "short": 2733,
            "flat": 13071,
            "long": 62
          },
          "log_loss": 2.433661253835392,
          "macro_f1": 0.34634070737156847,
          "balanced_accuracy": 0.3885783656640273,
          "multiclass_brier_score": 0.7634933511576683,
          "mean_max_probability": 0.9170360916192155,
          "rows_with_imputation": 15866,
          "mean_missing_feature_count": 8.065296861212657
        }
      },
      "holdout": {
        "strict_tier_a": {
          "row_count": 10144,
          "class_balance": {
            "short": 3130,
            "flat": 4096,
            "long": 2918
          },
          "predicted_balance": {
            "short": 3264,
            "flat": 6177,
            "long": 703
          },
          "log_loss": 2.9522355626968073,
          "macro_f1": 0.38144165837873617,
          "balanced_accuracy": 0.4169430327970563,
          "multiclass_brier_score": 0.8660388400175063,
          "mean_max_probability": 0.8370893751325627,
          "rows_with_imputation": 0,
          "mean_missing_feature_count": 0.0
        },
        "tier_b_exploration": {
          "row_count": 17978,
          "class_balance": {
            "short": 3458,
            "flat": 11470,
            "long": 3050
          },
          "predicted_balance": {
            "short": 2061,
            "flat": 15863,
            "long": 54
          },
          "log_loss": 1.96362022323024,
          "macro_f1": 0.33643698324380455,
          "balanced_accuracy": 0.36929039799144725,
          "multiclass_brier_score": 0.6601651787087212,
          "mean_max_probability": 0.9217891603220311,
          "rows_with_imputation": 17977,
          "mean_missing_feature_count": 8.34553342974747
        }
      }
    },
    {
      "scenario_name": "nvda_tilt_60",
      "weights": {
        "msft_xnas_weight": 0.2,
        "nvda_xnas_weight": 0.6,
        "aapl_xnas_weight": 0.2
      },
      "label_thresholds": {
        "q33": -0.00035087247936272335,
        "q67": 0.0004049556640609367
      },
      "validation": {
        "strict_tier_a": {
          "row_count": 10618,
          "class_balance": {
            "short": 3396,
            "flat": 3798,
            "long": 3424
          },
          "predicted_balance": {
            "short": 3159,
            "flat": 6265,
            "long": 1194
          },
          "log_loss": 3.189365121433856,
          "macro_f1": 0.3852135329067318,
          "balanced_accuracy": 0.4195571776751999,
          "multiclass_brier_score": 0.920245062477186,
          "mean_max_probability": 0.8434791447148206,
          "rows_with_imputation": 0,
          "mean_missing_feature_count": 0.0
        },
        "tier_b_exploration": {
          "row_count": 15866,
          "class_balance": {
            "short": 3618,
            "flat": 8919,
            "long": 3329
          },
          "predicted_balance": {
            "short": 2754,
            "flat": 13052,
            "long": 60
          },
          "log_loss": 2.426413413435148,
          "macro_f1": 0.3458679085921912,
          "balanced_accuracy": 0.38826077888829663,
          "multiclass_brier_score": 0.7631721648577771,
          "mean_max_probability": 0.9161366982014263,
          "rows_with_imputation": 15866,
          "mean_missing_feature_count": 8.065296861212657
        }
      },
      "holdout": {
        "strict_tier_a": {
          "row_count": 10144,
          "class_balance": {
            "short": 3130,
            "flat": 4096,
            "long": 2918
          },
          "predicted_balance": {
            "short": 3313,
            "flat": 6175,
            "long": 656
          },
          "log_loss": 2.941538569181836,
          "macro_f1": 0.3799971538544636,
          "balanced_accuracy": 0.41704960865590834,
          "multiclass_brier_score": 0.8668561173239555,
          "mean_max_probability": 0.838125411182127,
          "rows_with_imputation": 0,
          "mean_missing_feature_count": 0.0
        },
        "tier_b_exploration": {
          "row_count": 17978,
          "class_balance": {
            "short": 3458,
            "flat": 11470,
            "long": 3050
          },
          "predicted_balance": {
            "short": 2087,
            "flat": 15838,
            "long": 53
          },
          "log_loss": 1.9559895412539487,
          "macro_f1": 0.3368031398005104,
          "balanced_accuracy": 0.3696325925266335,
          "multiclass_brier_score": 0.6598640997728398,
          "mean_max_probability": 0.9208877510022768,
          "rows_with_imputation": 17977,
          "mean_missing_feature_count": 8.34553342974747
        }
      }
    },
    {
      "scenario_name": "msft_tilt_60",
      "weights": {
        "msft_xnas_weight": 0.6,
        "nvda_xnas_weight": 0.2,
        "aapl_xnas_weight": 0.2
      },
      "label_thresholds": {
        "q33": -0.00035087247936272335,
        "q67": 0.0004049556640609367
      },
      "validation": {
        "strict_tier_a": {
          "row_count": 10618,
          "class_balance": {
            "short": 3396,
            "flat": 3798,
            "long": 3424
          },
          "predicted_balance": {
            "short": 3118,
            "flat": 6261,
            "long": 1239
          },
          "log_loss": 3.181895884938239,
          "macro_f1": 0.386056288407034,
          "balanced_accuracy": 0.41938717442578116,
          "multiclass_brier_score": 0.915736698232068,
          "mean_max_probability": 0.8380118497003767,
          "rows_with_imputation": 0,
          "mean_missing_feature_count": 0.0
        },
        "tier_b_exploration": {
          "row_count": 15866,
          "class_balance": {
            "short": 3618,
            "flat": 8919,
            "long": 3329
          },
          "predicted_balance": {
            "short": 2707,
            "flat": 13088,
            "long": 71
          },
          "log_loss": 2.4233059615216743,
          "macro_f1": 0.34664188239711696,
          "balanced_accuracy": 0.3884860595230959,
          "multiclass_brier_score": 0.7608110105047775,
          "mean_max_probability": 0.9146493227053901,