time_open_unix,time_close_unix,contract_symbol,broker_symbol,timeframe,price_basis,open,high,low,close,tick_volume,spread_points,real_volume,time_basis,timezone_status
1776128400,1776128700,VIX,VIX,M5,Bid,20.59,20.59,20.48,20.48,22,21,0,MT5_PY_API_UNIX_SECONDS,UNRESOLVED_REQUIRES_MANUAL_BINDING
1776128700,1776129000,VIX,VIX,M5,Bid,20.47,20.51,20.46,20.51,19,21,0,MT5_PY_API_UNIX_SECONDS,UNRESOLVED_REQUIRES_MANUAL_BINDING
1776129000,1776129300,VIX,VIX,M5,Bid,20.5,20.51,20.49,20.51,6,21,0,MT5_PY_API_UNIX_SECONDS,UNRESOLVED_REQUIRES_MANUAL_BINDING
1776129300,1776129600,VIX,VIX,M5,Bid,20.5,20.51,20.48,20.49,14,21,0,MT5_PY_API_UNIX_SECONDS,UNRESOLVED_REQUIRES_MANUAL_BINDING
1776129600,1776129900,VIX,VIX,M5,Bid,20.51,20.51,20.5,20.51,15,21,0,MT5_PY_API_UNIX_SECONDS,UNRESOLVED_REQUIRES_MANUAL_BINDING
1776130200,1776130500,VIX,VIX,M5,Bid,20.52,20.52,20.52,20.52,1,21,0,MT5_PY_API_UNIX_SECONDS,UNRESOLVED_REQUIRES_MANUAL_BINDING
1776130500,1776130800,VIX,VIX,M5,Bid,20.51,20.51,20.51,20.51,1,21,0,MT5_PY_API_UNIX_SECONDS,UNRESOLVED_REQUIRES_MANUAL_BINDING
1776130800,1776131100,VIX,VIX,M5,Bid,20.52,20.53,20.48,20.51,22,21,0,MT5_PY_API_UNIX_SECONDS,UNRESOLVED_REQUIRES_MANUAL_BINDING
1776131400,1776131700,VIX,VIX,M5,Bid,20.48,20.48,20.47,20.47,2,21,0,MT5_PY_API_UNIX_SECONDS,UNRESOLVED_REQUIRES_MANUAL_BINDING
1776132000,1776132300,VIX,VIX,M5,Bid,20.46,20.48,20.46,20.47,6,21,0,MT5_PY_API_UNIX_SECONDS,UNRESOLVED_REQUIRES_MANUAL_BINDING
1776132300,1776132600,VIX,VIX,M5,Bid,20.46,20.46,20.43,20.45,5,21,0,MT5_PY_API_UNIX_SECONDS,UNRESOLVED_REQUIRES_MANUAL_BINDING
1776132600,1776132900,VIX,VIX,M5,Bid,20.43,20.46,20.43,20.46,12,21,0,MT5_PY_API_UNIX_SECONDS,UNRESOLVED_REQUIRES_MANUAL_BINDING
1776133500,1776133800,VIX,VIX,M5,Bid,20.47,20.47,20.47,20.47,1,21,0,MT5_PY_API_UNIX_SECONDS,UNRESOLVED_REQUIRES_MANUAL_BINDING
1776133800,1776134100,VIX,VIX,M5,Bid,20.47,20.48,20.47,20.47,5,21,0,MT5_PY_API_UNIX_SECONDS,UNRESOLVED_REQUIRES_MANUAL_BINDING
1776134100,1776134400,VIX,VIX,M5,Bid,20.48,20.48,20.47,20.47,4,21,0,MT5_PY_API_UNIX_SECONDS,UNRESOLVED_REQUIRES_MANUAL_BINDING
1776134700,1776135000,VIX,VIX,M5,Bid,20.46,20.48,20.46,20.48,4,21,0,MT5_PY_API_UNIX_SECONDS,UNRESOLVED_REQUIRES_MANUAL_BINDING
1776135300,1776135600,VIX,VIX,M5,Bid,20.51,20.51,20.49,20.51,5,21,0,MT5_PY_API_UNIX_SECONDS,UNRESOLVED_REQUIRES_MANUAL_BINDING
1776135600,1776135900,VIX,VIX,M5,Bid,20.53,20.53,20.51,20.51,5,21,0,MT5_PY_API_UNIX_SECONDS,UNRESOLVED_REQUIRES_MANUAL_BINDING
1776135900,1776136200,VIX,VIX,M5,Bid,20.51,20.52,20.51,20.51,10,21,0,MT5_PY_API_UNIX_SECONDS,UNRESOLVED_REQUIRES_MANUAL_BINDING
1776136200,1776136500,VIX,VIX,M5,Bid,20.51,20.51,20.51,20.51,3,21,0,MT5_PY_API_UNIX_SECONDS,UNRESOLVED_REQUIRES_MANUAL_BINDING
1776136800,1776137100,VIX,VIX,M5,Bid,20.49,20.51,20.48,20.51,7,21,0,MT5_PY_API_UNIX_SECONDS,UNRESOLVED_REQUIRES_MANUAL_BINDING
1776137400,1776137700,VIX,VIX,M5,Bid,20.48,20.51,20.48,20.51,11,21,0,MT5_PY_API_UNIX_SECONDS,UNRESOLVED_REQUIRES_MANUAL_BINDING
1776137700,1776138000,VIX,VIX,M5,Bid,20.49,20.51,20.49,20.51,10,21,0,MT5_PY_API_UNIX_SECONDS,UNRESOLVED_REQUIRES_MANUAL_BINDING
1776138000,1776138300,VIX,VIX,M5,Bid,20.49,20.51,20.49,20.51,6,21,0,MT5_PY_API_UNIX_SECONDS,UNRESOLVED_REQUIRES_MANUAL_BINDING
1776138300,1776138600,VIX,VIX,M5,Bid,20.49,20.51,20.48,20.51,9,21,0,MT5_PY_API_UNIX_SECONDS,UNRESOLVED_REQUIRES_MANUAL_BINDING
1776139800,1776140100,VIX,VIX,M5,Bid,20.52,20.53,20.51,20.51,4,21,0,MT5_PY_API_UNIX_SECONDS,UNRESOLVED_REQUIRES_MANUAL_BINDING
1776140100,1776140400,VIX,VIX,M5,Bid,20.51,20.52,20.51,20.52,2,21,0,MT5_PY_API_UNIX_SECONDS,UNRESOLVED_REQUIRES_MANUAL_BINDING
1776140700,1776141000,VIX,VIX,M5,Bid,20.51,20.51,20.51,20.51,2,21,0,MT5_PY_API_UNIX_SECONDS,UNRESOLVED_REQUIRES_MANUAL_BINDING
1776141000,1776141300,VIX,VIX,M5,Bid,20.51,20.51,20.51,20.51,3,21,0,MT5_PY_API_UNIX_SECONDS,UNRESOLVED_REQUIRES_MANUAL_BINDING
1776141300,1776141600,VIX,VIX,M5,Bid,20.51,20.51,20.51,20.51,4,22,0,MT5_PY_API_UNIX_SECONDS,UNRESOLVED_REQUIRES_MANUAL_BINDING
1776141600,1776141900,VIX,VIX,M5,Bid,20.51,20.51,20.51,20.51,1,21,0,MT5_PY_API_UNIX_SECONDS,UNRESOLVED_REQUIRES_MANUAL_BINDING
1776142200,1776142500,VIX,VIX,M5,Bid,20.51,20.52,20.48,20.51,9,21,0,MT5_PY_API_UNIX_SECONDS,UNRESOLVED_REQUIRES_MANUAL_BINDING
1776143100,1776143400,VIX,VIX,M5,Bid,20.5,20.51,20.48,20.48,30,21,0,MT5_PY_API_UNIX_SECONDS,UNRESOLVED_REQUIRES_MANUAL_BINDING
1776143400,1776143700,VIX,VIX,M5,Bid,20.47,20.48,20.47,20.48,8,21,0,MT5_PY_API_UNIX_SECONDS,UNRESOLVED_REQUIRES_MANUAL_BINDING
1776143700,1776144000,VIX,VIX,M5,Bid,20.51,20.51,20.51,20.51,1,21,0,MT5_PY_API_UNIX_SECONDS,UNRESOLVED_REQUIRES_MANUAL_BINDING
1776144300,1776144600,VIX,VIX,M5,Bid,20.49,20.51,20.48,20.48,4,21,0,MT5_PY_API_UNIX_SECONDS,UNRESOLVED_REQUIRES_MANUAL_BINDING
1776144600,1776144900,VIX,VIX,M5,Bid,20.49,20.51,20.49,20.51,4,21,0,MT5_PY_API_UNIX_SECONDS,UNRESOLVED_REQUIRES_MANUAL_BINDING
1776145200,1776145500,VIX,VIX,M5,Bid,20.49,20.51,20.48,20.49,8,21,0,MT5_PY_API_UNIX_SECONDS,UNRESOLVED_REQUIRES_MANUAL_BINDING
1776145800,1776146100,VIX,VIX,M5,Bid,20.51,20.51,20.49,20.51,5,21,0,MT5_PY_API_UNIX_SECONDS,UNRESOLVED_REQUIRES_MANUAL_BINDING
1776146100,1776146400,VIX,VIX,M5,Bid,20.5,20.51,20.5,20.51,2,21,0,MT5_PY_API_UNIX_SECONDS,UNRESOLVED_REQUIRES_MANUAL_BINDING
1776146700,1776147000,VIX,VIX,M5,Bid,20.52,20.52,20.51,20.51,2,21,0,MT5_PY_API_UNIX_SECONDS,UNRESOLVED_REQUIRES_MANUAL_BINDING
1776147000,1776147300,VIX,VIX,M5,Bid,20.5,20.51,20.5,20.51,2,21,0,MT5_PY_API_UNIX_SECONDS,UNRESOLVED_REQUIRES_MANUAL_BINDING
1776148200,1776148500,VIX,VIX,M5,Bid,20.5,20.5,20.48,20.48,2,21,0,MT5_PY_API_UNIX_SECONDS,UNRESOLVED_REQUIRES_MANUAL_BINDING
1776148800,1776149100,VIX,VIX,M5,Bid,20.47,20.48,20.47,20.48,3,21,0,MT5_PY_API_UNIX_SECONDS,UNRESOLVED_REQUIRES_MANUAL_BINDING
1776149100,1776149400,VIX,VIX,M5,Bid,20.47,20.48,20.47,20.48,9,21,0,MT5_PY_API_UNIX_SECONDS,UNRESOLVED_REQUIRES_MANUAL_BINDING
1776149400,1776149700,VIX,VIX,M5,Bid,20.47,20.47,20.47,20.47,2,21,0,MT5_PY_API_UNIX_SECONDS,UNRESOLVED_REQUIRES_MANUAL_BINDING
1776149700,1776150000,VIX,VIX,M5,Bid,20.47,20.48,20.47,20.48,6,21,0,MT5_PY_API_UNIX_SECONDS,UNRESOLVED_REQUIRES_MANUAL_BINDING
1776150000,1776150300,VIX,VIX,M5,Bid,20.47,20.48,20.47,20.47,4,21,0,MT5_PY_API_UNIX_SECONDS,UNRESOLVED_REQUIRES_MANUAL_BINDING
1776150300,1776150600,VIX,VIX,M5,Bid,20.48,20.48,20.48,20.48,1,21,0,MT5_PY_API_UNIX_SECONDS,UNRESOLVED_REQUIRES_MANUAL_BINDING
1776150900,1776151200,VIX,VIX,M5,Bid,20.47,20.47,20.47,20.47,2,21,0,MT5_PY_API_UNIX_SECONDS,UNRESOLVED_REQUIRES_MANUAL_BINDING
1776155400,1776155700,VIX,VIX,M5,Bid,20.47,20.48,20.47,20.48,2,21,0,MT5_PY_API_UNIX_SECONDS,UNRESOLVED_REQUIRES_MANUAL_BINDING
1776155700,1776156000,VIX,VIX,M5,Bid,20.47,20.47,20.47,20.47,1,22,0,MT5_PY_API_UNIX_SECONDS,UNRESOLVED_REQUIRES_MANUAL_BINDING
1776156300,1776156600,VIX,VIX,M5,Bid,20.47,20.47,20.47,20.47,1,21,0,MT5_PY_API_UNIX_SECONDS,UNRESOLVED_REQUIRES_MANUAL_BINDING
1776156600,1776156900,VIX,VIX,M5,Bid,20.47,20.47,20.47,20.47,4,21,0,MT5_PY_API_UNIX_SECONDS,UNRESOLVED_REQUIRES_MANUAL_BINDING
1776157200,1776157500,VIX,VIX,M5,Bid,20.47,20.47,20.47,20.47,1,21,0,MT5_PY_API_UNIX_SECONDS,UNRESOLVED_REQUIRES_MANUAL_BINDING
1776157800,1776158100,VIX,VIX,M5,Bid,20.46,20.47,20.42,20.42,7,21,0,MT5_PY_API_UNIX_SECONDS,UNRESOLVED_REQUIRES_MANUAL_BINDING
1776158100,1776158400,VIX,VIX,M5,Bid,20.43,20.43,20.42,20.43,3,21,0,MT5_PY_API_UNIX_SECONDS,UNRESOLVED_REQUIRES_MANUAL_BINDING
1776158400,1776158700,VIX,VIX,M5,Bid,20.42,20.46,20.42,20.42,13,21,0,MT5_PY_API_UNIX_SECONDS,UNRESOLVED_REQUIRES_MANUAL_BINDING
1776159000,1776159300,VIX,VIX,M5,Bid,20.41,20.41,20.41,20.41,1,21,0,MT5_PY_API_UNIX_SECONDS,UNRESOLVED_REQUIRES_MANUAL_BINDING
1776159300,1776159600,VIX,VIX,M5,Bid,20.41,20.42,20.41,20.42,3,21,0,MT5_PY_API_UNIX_SECONDS,UNRESOLVED_REQUIRES_MANUAL_BINDING
1776159600,1776159900,VIX,VIX,M5,Bid,20.41,20.42,20.41,20.41,3,21,0,MT5_PY_API_UNIX_SECONDS,UNRESOLVED_REQUIRES_MANUAL_BINDING
1776159900,1776160200,VIX,VIX,M5,Bid,20.42,20.42,20.42,20.42,1,21,0,MT5_PY_API_UNIX_SECONDS,UNRESOLVED_REQUIRES_MANUAL_BINDING
1776160500,1776160800,VIX,VIX,M5,Bid,20.46,20.46,20.42,20.42,5,21,0,MT5_PY_API_UNIX_SECONDS,UNRESOLVED_REQUIRES_MANUAL_BINDING
1776160800,1776161100,VIX,VIX,M5,Bid,20.43,20.46,20.36,20.36,12,21,0,MT5_PY_API_UNIX_SECONDS,UNRESOLVED_REQUIRES_MANUAL_BINDING
1776161100,1776161400,VIX,VIX,M5,Bid,20.35,20.36,20.31,20.32,35,21,0,MT5_PY_API_UNIX_SECONDS,UNRESOLVED_REQUIRES_MANUAL_BINDING
1776161400,1776161700,VIX,VIX,M5,Bid,20.33,20.34,20.31,20.31,25,21,0,MT5_PY_API_UNIX_SECONDS,UNRESOLVED_REQUIRES_MANUAL_BINDING
1776161700,1776162000,VIX,VIX,M5,Bid,20.31,20.34,20.31,20.33,6,21,0,MT5_PY_API_UNIX_SECONDS,UNRESOLVED_REQUIRES_MANUAL_BINDING
1776162000,1776162300,VIX,VIX,M5,Bid,20.32,20.33,20.31,20.33,10,21,0,MT5_PY_API_UNIX_SECONDS,UNRESOLVED_REQUIRES_MANUAL_BINDING
1776162300,1776162600,VIX,VIX,M5,Bid,20.34,20.34,20.31,20.31,20,21,0,MT5_PY_API_UNIX_SECONDS,UNRESOLVED_REQUIRES_MANUAL_BINDING
1776162600,1776162900,VIX,VIX,M5,Bid,20.3,20.3,20.28,20.28,8,21,0,MT5_PY_API_UNIX_SECONDS,UNRESOLVED_REQUIRES_MANUAL_BINDING
1776162900,1776163200,VIX,VIX,M5,Bid,20.31,20.31,20.27,20.28,9,21,0,MT5_PY_API_UNIX_SECONDS,UNRESOLVED_REQUIRES_MANUAL_BINDING
1776163200,1776163500,VIX,VIX,M5,Bid,20.27,20.31,20.27,20.28,9,21,0,MT5_PY_API_UNIX_SECONDS,UNRESOLVED_REQUIRES_MANUAL_BINDING
1776163500,1776163800,VIX,VIX,M5,Bid,20.27,20.28,20.27,20.28,12,21,0,MT5_PY_API_UNIX_SECONDS,UNRESOLVED_REQUIRES_MANUAL_BINDING
1776163800,1776164100,VIX,VIX,M5,Bid,20.27,20.29,20.27,20.27,7,21,0,MT5_PY_API_UNIX_SECONDS,UNRESOLVED_REQUIRES_MANUAL_BINDING
1776164100,1776164400,VIX,VIX,M5,Bid,20.27,20.28,20.27,20.28,10,21,0,MT5_PY_API_UNIX_SECONDS,UNRESOLVED_REQUIRES_MANUAL_BINDING
1776164400,1776164700,VIX,VIX,M5,Bid,20.29,20.31,20.29,20.31,2,21,0,MT5_PY_API_UNIX_SECONDS,UNRESOLVED_REQUIRES_MANUAL_BINDING
1776164700,1776165000,VIX,VIX,M5,Bid,20.29,20.31,20.27,20.28,19,21,0,MT5_PY_API_UNIX_SECONDS,UNRESOLVED_REQUIRES_MANUAL_BINDING
1776165000,1776165300,VIX,VIX,M5,Bid,20.27,20.28,20.23,20.26,57,21,0,MT5_PY_API_UNIX_SECONDS,UNRESOLVED_REQUIRES_MANUAL_BINDING
1776165300,1776165600,VIX,VIX,M5,Bid,20.25,20.28,20.25,20.26,7,21,0,MT5_PY_API_UNIX_SECONDS,UNRESOLVED_REQUIRES_MANUAL_BINDING
1776165600,1776165900,VIX,VIX,M5,Bid,20.26,20.27,20.26,20.26,9,21,0,MT5_PY_API_UNIX_SECONDS,UNRESOLVED_REQUIRES_MANUAL_BINDING
1776165900,1776166200,VIX,VIX,M5,Bid,20.26,20.26,20.26,20.26,2,21,0,MT5_PY_API_UNIX_SECONDS,UNRESOLVED_REQUIRES_MANUAL_BINDING
1776166200,1776166500,VIX,VIX,M5,Bid,20.26,20.27,20.26,20.26,4,21,0,MT5_PY_API_UNIX_SECONDS,UNRESOLVED_REQUIRES_MANUAL_BINDING
1776166500,1776166800,VIX,VIX,M5,Bid,20.27,20.28,20.26,20.26,6,21,0,MT5_PY_API_UNIX_SECONDS,UNRESOLVED_REQUIRES_MANUAL_BINDING
1776166800,1776167100,VIX,VIX,M5,Bid,20.27,20.27,20.26,20.26,5,21,0,MT5_PY_API_UNIX_SECONDS,UNRESOLVED_REQUIRES_MANUAL_BINDING
1776167100,1776167400,VIX,VIX,M5,Bid,20.26,20.26,20.26,20.26,2,22,0,MT5_PY_API_UNIX_SECONDS,UNRESOLVED_REQUIRES_MANUAL_BINDING
1776167400,1776167700,VIX,VIX,M5,Bid,20.26,20.27,20.26,20.26,5,21,0,MT5_PY_API_UNIX_SECONDS,UNRESOLVED_REQUIRES_MANUAL_BINDING
1776167700,1776168000,VIX,VIX,M5,Bid,20.27,20.27,20.27,20.27,1,21,0,MT5_PY_API_UNIX_SECONDS,UNRESOLVED_REQUIRES_MANUAL_BINDING
1776168000,1776168300,VIX,VIX,M5,Bid,20.26,20.26,20.21,20.21,4,21,0,MT5_PY_API_UNIX_SECONDS,UNRESOLVED_REQUIRES_MANUAL_BINDING
1776168300,1776168600,VIX,VIX,M5,Bid,20.21,20.22,20.21,20.21,11,21,0,MT5_PY_API_UNIX_SECONDS,UNRESOLVED_REQUIRES_MANUAL_BINDING
1776168600,1776168900,VIX,VIX,M5,Bid,20.2,20.21,20.2,20.21,2,21,0,MT5_PY_API_UNIX_SECONDS,UNRESOLVED_REQUIRES_MANUAL_BINDING
1776168900,1776169200,VIX,VIX,M5,Bid,20.2,20.21,20.18,20.21,14,21,0,MT5_PY_API_UNIX_SECONDS,UNRESOLVED_REQUIRES_MANUAL_BINDING
1776169200,1776169500,VIX,VIX,M5,Bid,20.21,20.22,20.21,20.21,5,21,0,MT5_PY_API_UNIX_SECONDS,UNRESOLVED_REQUIRES_MANUAL_BINDING
1776169500,1776169800,VIX,VIX,M5,Bid,20.22,20.23,20.22,20.23,6,21,0,MT5_PY_API_UNIX_SECONDS,UNRESOLVED_REQUIRES_MANUAL_BINDING
1776169800,1776170100,VIX,VIX,M5,Bid,20.24,20.26,20.22,20.23,20,21,0,MT5_PY_API_UNIX_SECONDS,UNRESOLVED_REQUIRES_MANUAL_BINDING
1776170100,1776170400,VIX,VIX,M5,Bid,20.22,20.23,20.22,20.23,3,21,0,MT5_PY_API_UNIX_SECONDS,UNRESOLVED_REQUIRES_MANUAL_BINDING
1776170400,1776170700,VIX,VIX,M5,Bid,20.22,20.23,20.22,20.22,3,21,0,MT5_PY_API_UNIX_SECONDS,UNRESOLVED_REQUIRES_MANUAL_BINDING
1776170700,1776171000,VIX,VIX,M5,Bid,20.23,20.26,20.23,20.26,4,21,0,MT5_PY_API_UNIX_SECONDS,UNRESOLVED_REQUIRES_MANUAL_BINDING
1776171000,1776171300,VIX,VIX,M5,Bid,20.26,20.27,20.26,20.27,2,21,0,MT5_PY_API_UNIX_SECONDS,UNRESOLVED_REQUIRES_MANUAL_BINDING
1776171600,1776171900,VIX,VIX,M5,Bid,20.27,20.28,20.27,20.27,5,21,0,MT5_PY_API_UNIX_SECONDS,UNRESOLVED_REQUIRES_MANUAL_BINDING
1776171900,1776172200,VIX,VIX,M5,Bid,20.27,20.27,20.17,20.18,18,21,0,MT5_PY_API_UNIX_SECONDS,UNRESOLVED_REQUIRES_MANUAL_BINDING
1776172200,1776172500,VIX,VIX,M5,Bid,20.2,20.2,20.18,20.18,2,21,0,MT5_PY_API_UNIX_SECONDS,UNRESOLVED_REQUIRES_MANUAL_BINDING
1776172500,1776172800,VIX,VIX,M5,Bid,20.2,20.2,20.17,20.17,5,21,0,MT5_PY_API_UNIX_SECONDS,UNRESOLVED_REQUIRES_MANUAL_BINDING
1776172800,1776173100,VIX,VIX,M5,Bid,20.18,20.18,20.17,20.18,3,21,0,MT5_PY_API_UNIX_SECONDS,UNRESOLVED_REQUIRES_MANUAL_BINDING
1776173100,1776173400,VIX,VIX,M5,Bid,20.17,20.18,20.17,20.18,2,21,0,MT5_PY_API_UNIX_SECONDS,UNRESOLVED_REQUIRES_MANUAL_BINDING
1776173400,1776173700,VIX,VIX,M5,Bid,20.17,20.21,20.17,20.18,13,21,0,MT5_PY_API_UNIX_SECONDS,UNRESOLVED_REQUIRES_MANUAL_BINDING
1776173700,1776174000,VIX,VIX,M5,Bid,20.17,20.22,20.17,20.22,11,21,0,MT5_PY_API_UNIX_SECONDS,UNRESOLVED_REQUIRES_MANUAL_BINDING
1776174000,1776174300,VIX,VIX,M5,Bid,20.21,20.23,20.21,20.22,10,21,0,MT5_PY_API_UNIX_SECONDS,UNRESOLVED_REQUIRES_MANUAL_BINDING
1776174300,1776174600,VIX,VIX,M5,Bid,20.26,20.26,20.23,20.23,23,21,0,MT5_PY_API_UNIX_SECONDS,UNRESOLVED_REQUIRES_MANUAL_BINDING
1776174600,1776174900,VIX,VIX,M5,Bid,20.22,20.22,20.22,20.22,2,21,0,MT5_PY_API_UNIX_SECONDS,UNRESOLVED_REQUIRES_MANUAL_BINDING
1776174900,1776175200,VIX,VIX,M5,Bid,20.22,20.23,20.22,20.23,4,21,0,MT5_PY_API_UNIX_SECONDS,UNRESOLVED_REQUIRES_MANUAL_BINDING
1776175200,1776175500,VIX,VIX,M5,Bid,20.26,20.27,20.24,20.26,10,21,0,MT5_PY_API_UNIX_SECONDS,UNRESOLVED_REQUIRES_MANUAL_BINDING
1776175500,1776175800,VIX,VIX,M5,Bid,20.26,20.27,20.26,20.26,8,21,0,MT5_PY_API_UNIX_SECONDS,UNRESOLVED_REQUIRES_MANUAL_BINDING
1776175800,1776176100,VIX,VIX,M5,Bid,20.23,20.26,20.22,20.23,14,21,0,MT5_PY_API_UNIX_SECONDS,UNRESOLVED_REQUIRES_MANUAL_BINDING
1776176100,1776176400,VIX,VIX,M5,Bid,20.22,20.23,20.22,20.22,4,21,0,MT5_PY_API_UNIX_SECONDS,UNRESOLVED_REQUIRES_MANUAL_BINDING
1776176400,1776176700,VIX,VIX,M5,Bid,20.21,20.21,20.21,20.21,1,21,0,MT5_PY_API_UNIX_SECONDS,UNRESOLVED_REQUIRES_MANUAL_BINDING
1776176700,1776177000,VIX,VIX,M5,Bid,20.22,20.22,20.21,20.21,6,21,0,MT5_PY_API_UNIX_SECONDS,UNRESOLVED_REQUIRES_MANUAL_BINDING
1776177000,1776177300,VIX,VIX,M5,Bid,20.22,20.22,20.21,20.22,5,21,0,MT5_PY_API_UNIX_SECONDS,UNRESOLVED_REQUIRES_MANUAL_BINDING
1776177300,1776177600,VIX,VIX,M5,Bid,20.21,20.22,20.21,20.21,5,21,0,MT5_PY_API_UNIX_SECONDS,UNRESOLVED_REQUIRES_MANUAL_BINDING
1776177600,1776177900,VIX,VIX,M5,Bid,20.21,20.22,20.21,20.21,9,21,0,MT5_PY_API_UNIX_SECONDS,UNRESOLVED_REQUIRES_MANUAL_BINDING
1776177900,1776178200,VIX,VIX,M5,Bid,20.21,20.21,20.17,20.18,11,21,0,MT5_PY_API_UNIX_SECONDS,UNRESOLVED_REQUIRES_MANUAL_BINDING
1776178200,1776178500,VIX,VIX,M5,Bid,20.17,20.21,20.17,20.21,7,21,0,MT5_PY_API_UNIX_SECONDS,UNRESOLVED_REQUIRES_MANUAL_BINDING
1776178500,1776178800,VIX,VIX,M5,Bid,20.21,20.22,20.07,20.13,86,21,0,MT5_PY_API_UNIX_SECONDS,UNRESOLVED_REQUIRES_MANUAL_BINDING
1776178800,1776179100,VIX,VIX,M5,Bid,20.12,20.13,20.12,20.12,3,21,0,MT5_PY_API_UNIX_SECONDS,UNRESOLVED_REQUIRES_MANUAL_BINDING
1776179100,1776179400,VIX,VIX,M5,Bid,20.11,20.16,20.11,20.16,11,21,0,MT5_PY_API_UNIX_SECONDS,UNRESOLVED_REQUIRES_MANUAL_BINDING
1776179400,1776179700,VIX,VIX,M5,Bid,20.14,20.17,20.13,20.16,13,21,0,MT5_PY_API_UNIX_SECONDS,UNRESOLVED_REQUIRES_MANUAL_BINDING
1776179700,1776180000,VIX,VIX,M5,Bid,20.15,20.16,20.12,20.13,27,21,0,MT5_PY_API_UNIX_SECONDS,UNRESOLVED_REQUIRES_MANUAL_BINDING
1776180000,1776180300,VIX,VIX,M5,Bid,20.14,20.18,20.14,20.18,5,21,0,MT5_PY_API_UNIX_SECONDS,UNRESOLVED_REQUIRES_MANUAL_BINDING
1776180300,1776180600,VIX,VIX,M5,Bid,20.17,20.18,20.12,20.12,50,21,0,MT5_PY_API_UNIX_SECONDS,UNRESOLVED_REQUIRES_MANUAL_BINDING
1776180600,1776180900,VIX,VIX,M5,Bid,20.11,20.13,20.07,20.12,38,21,0,MT5_PY_API_UNIX_SECONDS,UNRESOLVED_REQUIRES_MANUAL_BINDING
1776180900,1776181200,VIX,VIX,M5,Bid,20.11,20.12,20.11,20.12,6,21,0,MT5_PY_API_UNIX_SECONDS,UNRESOLVED_REQUIRES_MANUAL_BINDING
1776181200,1776181500,VIX,VIX,M5,Bid,20.11,20.12,20.11,20.12,6,21,0,MT5_PY_API_UNIX_SECONDS,UNRESOLVED_REQUIRES_MANUAL_BINDING
1776181500,1776181800,VIX,VIX,M5,Bid,20.12,20.17,20.12,20.16,17,21,0,MT5_PY_API_UNIX_SECONDS,UNRESOLVED_REQUIRES_MANUAL_BINDING
1776181800,1776182100,VIX,VIX,M5,Bid,20.13,20.13,20.11,20.11,7,21,0,MT5_PY_API_UNIX_SECONDS,UNRESOLVED_REQUIRES_MANUAL_BINDING
1776182100,1776182400,VIX,VIX,M5,Bid,20.11,20.12,20.11,20.11,7,21,0,MT5_PY_API_UNIX_SECONDS,UNRESOLVED_REQUIRES_MANUAL_BINDING
1776182400,1776182700,VIX,VIX,M5,Bid,20.11,20.12,20.11,20.11,5,21,0,MT5_PY_API_UNIX_SECONDS,UNRESOLVED_REQUIRES_MANUAL_BINDING
1776182700,1776183000,VIX,VIX,M5,Bid,20.12,20.12,20.12,20.12,1,21,0,MT5_PY_API_UNIX_SECONDS,UNRESOLVED_REQUIRES_MANUAL_BINDING
1776183000,1776183300,VIX,VIX,M5,Bid,20.11,20.12,20.11,20.11,7,21,0,MT5_PY_API_UNIX_SECONDS,UNRESOLVED_REQUIRES_MANUAL_BINDING
1776183300,1776183600,VIX,VIX,M5,Bid,20.08,20.11,20.07,20.08,47,21,0,MT5_PY_API_UNIX_SECONDS,UNRESOLVED_REQUIRES_MANUAL_BINDING
1776183600,1776183900,VIX,VIX,M5,Bid,20.07,20.12,20.07,20.11,22,21,0,MT5_PY_API_UNIX_SECONDS,UNRESOLVED_REQUIRES_MANUAL_BINDING
1776183900,1776184200,VIX,VIX,M5,Bid,20.11,20.12,20.11,20.12,5,21,0,MT5_PY_API_UNIX_SECONDS,UNRESOLVED_REQUIRES_MANUAL_BINDING
1776184200,1776184500,VIX,VIX,M5,Bid,20.11,20.18,20.07,20.17,87,21,0,MT5_PY_API_UNIX_SECONDS,UNRESOLVED_REQUIRES_MANUAL_BINDING
1776184500,1776184800,VIX,VIX,M5,Bid,20.17,20.22,20.17,20.22,38,21,0,MT5_PY_API_UNIX_SECONDS,UNRESOLVED_REQUIRES_MANUAL_BINDING
1776184800,1776185100,VIX,VIX,M5,Bid,20.26,20.26,20.21,20.22,13,21,0,MT5_PY_API_UNIX_SECONDS,UNRESOLVED_REQUIRES_MANUAL_BINDING
1776185100,1776185400,VIX,VIX,M5,Bid,20.21,20.22,20.18,20.21,46,21,0,MT5_PY_API_UNIX_SECONDS,UNRESOLVED_REQUIRES_MANUAL_BINDING
1776185400,1776185700,VIX,VIX,M5,Bid,20.21,20.22,20.21,20.22,10,21,0,MT5_PY_API_UNIX_SECONDS,UNRESOLVED_REQUIRES_MANUAL_BINDING
1776185700,1776186000,VIX,VIX,M5,Bid,20.21,20.22,20.17,20.21,43,21,0,MT5_PY_API_UNIX_SECONDS,UNRESOLVED_REQUIRES_MANUAL_BINDING
1776186000,1776186300,VIX,VIX,M5,Bid,20.22,20.22,20.16,20.17,13,21,0,MT5_PY_API_UNIX_SECONDS,UNRESOLVED_REQUIRES_MANUAL_BINDING
1776186300,1776186600,VIX,VIX,M5,Bid,20.16,20.17,20.12,20.12,65,21,0,MT5_PY_API_UNIX_SECONDS,UNRESOLVED_REQUIRES_MANUAL_BINDING
1776186900,1776187200,VIX,VIX,M5,Bid,20.11,20.12,20.07,20.11,54,21,0,MT5_PY_API_UNIX_SECONDS,UNRESOLVED_REQUIRES_MANUAL_BINDING
1776187200,1776187500,VIX,VIX,M5,Bid,20.08,20.12,20.08,20.11,16,21,0,MT5_PY_API_UNIX_SECONDS,UNRESOLVED_REQUIRES_MANUAL_BINDING
1776187500,1776187800,VIX,VIX,M5,Bid,20.12,20.12,20.07,20.12,32,21,0,MT5_PY_API_UNIX_SECONDS,UNRESOLVED_REQUIRES_MANUAL_BINDING
1776187800,1776188100,VIX,VIX,M5,Bid,20.11,20.12,20.11,20.12,28,21,0,MT5_PY_API_UNIX_SECONDS,UNRESOLVED_REQUIRES_MANUAL_BINDING
1776188100,1776188400,VIX,VIX,M5,Bid,20.11,20.12,20.08,20.12,13,21,0,MT5_PY_API_UNIX_SECONDS,UNRESOLVED_REQUIRES_MANUAL_BINDING
1776188700,1776189000,VIX,VIX,M5,Bid,20.12,20.18,20.12,20.17,10,21,0,MT5_PY_API_UNIX_SECONDS,UNRESOLVED_REQUIRES_MANUAL_BINDING
1776189000,1776189300,VIX,VIX,M5,Bid,20.18,20.26,20.18,20.23,15,21,0,MT5_PY_API_UNIX_SECONDS,UNRESOLVED_REQUIRES_MANUAL_BINDING
1776189300,1776189600,VIX,VIX,M5,Bid,20.26,20.26,20.22,20.26,15,21,0,MT5_PY_API_UNIX_SECONDS,UNRESOLVED_REQUIRES_MANUAL_BINDING
1776189600,1776189900,VIX,VIX,M5,Bid,20.26,20.27,20.26,20.27,17,21,0,MT5_PY_API_UNIX_SECONDS,UNRESOLVED_REQUIRES_MANUAL_BINDING
1776189900,1776190200,VIX,VIX,M5,Bid,20.31,20.36,20.31,20.32,13,21,0,MT5_PY_API_UNIX_SECONDS,UNRESOLVED_REQUIRES_MANUAL_BINDING
1776190200,1776190500,VIX,VIX,M5,Bid,20.31,20.31,20.28,20.31,3,21,0,MT5_PY_API_UNIX_SECONDS,UNRESOLVED_REQUIRES_MANUAL_BINDING
1776190500,1776190800,VIX,VIX,M5,Bid,20.28,20.28,20.22,20.22,26,21,0,MT5_PY_API_UNIX_SECONDS,UNRESOLVED_REQUIRES_MANUAL_BINDING
1776190800,1776191100,VIX,VIX,M5,Bid,20.21,20.21,20.17,20.17,8,21,0,MT5_PY_API_UNIX_SECONDS,UNRESOLVED_REQUIRES_MANUAL_BINDING
1776191100,1776191400,VIX,VIX,M5,Bid,20.16,20.17,20.16,20.17,11,21,0,MT5_PY_API_UNIX_SECONDS,UNRESOLVED_REQUIRES_MANUAL_BINDING
1776191400,1776191700,VIX,VIX,M5,Bid,20.16,20.17,20.13,20.16,12,21,0,MT5_PY_API_UNIX_SECONDS,UNRESOLVED_REQUIRES_MANUAL_BINDING
1776191700,1776192000,VIX,VIX,M5,Bid,20.16,20.17,20.16,20.17,5,21,0,MT5_PY_API_UNIX_SECONDS,UNRESOLVED_REQUIRES_MANUAL_BINDING
1776192000,1776192300,VIX,VIX,M5,Bid,20.16,20.18,20.16,20.18,23,21,0,MT5_PY_API_UNIX_SECONDS,UNRESOLVED_REQUIRES_MANUAL_BINDING
1776192300,1776192600,VIX,VIX,M5,Bid,20.21,20.23,20.21,20.23,5,21,0,MT5_PY_API_UNIX_SECONDS,UNRESOLVED_REQUIRES_MANUAL_BINDING
1776192600,1776192900,VIX,VIX,M5,Bid,20.22,20.27,20.22,20.27,11,21,0,MT5_PY_API_UNIX_SECONDS,UNRESOLVED_REQUIRES_MANUAL_BINDING
1776192900,1776193200,VIX,VIX,M5,Bid,20.27,20.28,20.26,20.27,13,21,0,MT5_PY_API_UNIX_SECONDS,UNRESOLVED_REQUIRES_MANUAL_BINDING
1776193200,1776193500,VIX,VIX,M5,Bid,20.26,20.32,20.22,20.32,33,21,0,MT5_PY_API_UNIX_SECONDS,UNRESOLVED_REQUIRES_MANUAL_BINDING
1776193500,1776193800,VIX,VIX,M5,Bid,20.31,20.32,20.31,20.32,16,21,0,MT5_PY_API_UNIX_SECONDS,UNRESOLVED_REQUIRES_MANUAL_BINDING
1776193800,1776194100,VIX,VIX,M5,Bid,20.32,20.37,20.32,20.36,16,21,0,MT5_PY_API_UNIX_SECONDS,UNRESOLVED_REQUIRES_MANUAL_BINDING
1776194100,1776194400,VIX,VIX,M5,Bid,20.36,20.37,20.33,20.33,21,21,0,MT5_PY_API_UNIX_SECONDS,UNRESOLVED_REQUIRES_MANUAL_BINDING
1776194400,1776194700,VIX,VIX,M5,Bid,20.32,20.37,20.32,20.32,28,21,0,MT5_PY_API_UNIX_SECONDS,UNRESOLVED_REQUIRES_MANUAL_BINDING
1776194700,1776195000,VIX,VIX,M5,Bid,20.32,20.32,20.31,20.32,17,21,0,MT5_PY_API_UNIX_SECONDS,UNRESOLVED_REQUIRES_MANUAL_BINDING
1776195000,1776195300,VIX,VIX,M5,Bid,20.31,20.37,20.31,20.37,7,21,0,MT5_PY_API_UNIX_SECONDS,UNRESOLVED_REQUIRES_MANUAL_BINDING
1776195300,1776195600,VIX,VIX,M5,Bid,20.36,20.37,20.36,20.37,2,21,0,MT5_PY_API_UNIX_SECONDS,UNRESOLVED_REQUIRES_MANUAL_BINDING
1776196200,1776196500,VIX,VIX,M5,Bid,20.37,20.37,20.37,20.37,1,21,0,MT5_PY_API_UNIX_SECONDS,UNRESOLVED_REQUIRES_MANUAL_BINDING
1776196500,1776196800,VIX,VIX,M5,Bid,20.37,20.47,20.37,20.42,26,21,0,MT5_PY_API_UNIX_SECONDS,UNRESOLVED_REQUIRES_MANUAL_BINDING
1776196800,1776197100,VIX,VIX,M5,Bid,20.41,20.41,20.37,20.37,11,21,0,MT5_PY_API_UNIX_SECONDS,UNRESOLVED_REQUIRES_MANUAL_BINDING
1776197100,1776197400,VIX,VIX,M5,Bid,20.37,20.37,20.37,20.37,1,21,0,MT5_PY_API_UNIX_SECONDS,UNRESOLVED_REQUIRES_MANUAL_BINDING
1776197400,1776197700,VIX,VIX,M5,Bid,20.36,20.37,20.36,20.37,2,21,0,MT5_PY_API_UNIX_SECONDS,UNRESOLVED_REQUIRES_MANUAL_BINDING
1776197700,1776198000,VIX,VIX,M5,Bid,20.36,20.37,20.36,20.36,13,21,0,MT5_PY_API_UNIX_SECONDS,UNRESOLVED_REQUIRES_MANUAL_BINDING
1776198000,1776198300,VIX,VIX,M5,Bid,20.37,20.37,20.36,20.37,7,21,0,MT5_PY_API_UNIX_SECONDS,UNRESOLVED_REQUIRES_MANUAL_BINDING
1776198300,1776198600,VIX,VIX,M5,Bid,20.37,20.42,20.37,20.42,3,21,0,MT5_PY_API_UNIX_SECONDS,UNRESOLVED_REQUIRES_MANUAL_BINDING
1776198900,1776199200,VIX,VIX,M5,Bid,20.41,20.41,20.41,20.41,1,21,0,MT5_PY_API_UNIX_SECONDS,UNRESOLVED_REQUIRES_MANUAL_BINDING
1776199200,1776199500,VIX,VIX,M5,Bid,20.41,20.42,20.37,20.37,22,21,0,MT5_PY_API_UNIX_SECONDS,UNRESOLVED_REQUIRES_MANUAL_BINDING
1776199800,1776200100,VIX,VIX,M5,Bid,20.38,20.42,20.38,20.42,12,21,0,MT5_PY_API_UNIX_SECONDS,UNRESOLVED_REQUIRES_MANUAL_BINDING
1776200100,1776200400,VIX,VIX,M5,Bid,20.41,20.42,20.41,20.42,12,21,0,MT5_PY_API_UNIX_SECONDS,UNRESOLVED_REQUIRES_MANUAL_BINDING
1776200400,1776200700,VIX,VIX,M5,Bid,20.41,20.42,20.41,20.42,6,21,0,MT5_PY_API_UNIX_SECONDS,UNRESOLVED_REQUIRES_MANUAL_BINDING
1776201000,1776201300,VIX,VIX,M5,Bid,20.42,20.42,20.42,20.42,2,21,0,MT5_PY_API_UNIX_SECONDS,UNRESOLVED_REQUIRES_MANUAL_BINDING
1776201300,1776201600,VIX,VIX,M5,Bid,20.42,20.47,20.42,20.46,25,21,0,MT5_PY_API_UNIX_SECONDS,UNRESOLVED_REQUIRES_MANUAL_BINDING
1776201600,1776201900,VIX,VIX,M5,Bid,20.45,20.52,20.43,20.47,60,21,0,MT5_PY_API_UNIX_SECONDS,UNRESOLVED_REQUIRES_MANUAL_BINDING
1776201900,1776202200,VIX,VIX,M5,Bid,20.51,20.52,20.42,20.42,25,21,0,MT5_PY_API_UNIX_SECONDS,UNRESOLVED_REQUIRES_MANUAL_BINDING
1776202200,1776202500,VIX,VIX,M5,Bid,20.42,20.42,20.42,20.42,3,21,0,MT5_PY_API_UNIX_SECONDS,UNRESOLVED_REQUIRES_MANUAL_BINDING
1776202500,1776202800,VIX,VIX,M5,Bid,20.42,20.43,20.42,20.42,7,21,0,MT5_PY_API_UNIX_SECONDS,UNRESOLVED_REQUIRES_MANUAL_BINDING
1776202800,1776203100,VIX,VIX,M5,Bid,20.41,20.42,20.41,20.42,4,21,0,MT5_PY_API_UNIX_SECONDS,UNRESOLVED_REQUIRES_MANUAL_BINDING
1776203100,1776203400,VIX,VIX,M5,Bid,20.41,20.41,20.37,20.38,18,21,0,MT5_PY_API_UNIX_SECONDS,UNRESOLVED_REQUIRES_MANUAL_BINDING
1776203400,1776203700,VIX,VIX,M5,Bid,20.41,20.41,20.37,20.37,85,21,0,MT5_PY_API_UNIX_SECONDS,UNRESOLVED_REQUIRES_MANUAL_BINDING
1776203700,1776204000,VIX,VIX,M5,Bid,20.37,20.37,20.37,20.37,3,21,0,MT5_PY_API_UNIX_SECONDS,UNRESOLVED_REQUIRES_MANUAL_BINDING
1776204000,1776204300,VIX,VIX,M5,Bid,20.36,20.37,20.36,20.36,74,21,0,MT5_PY_API_UNIX_SECONDS,UNRESOLVED_REQUIRES_MANUAL_BINDING
1776204300,1776204600,VIX,VIX,M5,Bid,20.35,20.37,20.33,20.36,6,21,0,MT5_PY_API_UNIX_SECONDS,UNRESOLVED_REQUIRES_MANUAL_BINDING
1776204600,1776204900,VIX,VIX,M5,Bid,20.33,20.36,20.33,20.36,3,21,0,MT5_PY_API_UNIX_SECONDS,UNRESOLVED_REQUIRES_MANUAL_BINDING
1776204900,1776205200,VIX,VIX,M5,Bid,20.35,20.35,20.32,20.33,10,21,0,MT5_PY_API_UNIX_SECONDS,UNRESOLVED_REQUIRES_MANUAL_BINDING
1776205200,1776205500,VIX,VIX,M5,Bid,20.32,20.38,20.32,20.38,27,21,0,MT5_PY_API_UNIX_SECONDS,UNRESOLVED_REQUIRES_MANUAL_BINDING
1776205500,1776205800,VIX,VIX,M5,Bid,20.37,20.38,20.36,20.36,32,21,0,MT5_PY_API_UNIX_SECONDS,UNRESOLVED_REQUIRES_MANUAL_BINDING
1776205800,1776206100,VIX,VIX,M5,Bid,20.33,20.36,20.32,20.32,32,21,0,MT5_PY_API_UNIX_SECONDS,UNRESOLVED_REQUIRES_MANUAL_BINDING
1776206100,1776206400,VIX,VIX,M5,Bid,20.32,20.32,20.32,20.32,2,21,0,MT5_PY_API_UNIX_SECONDS,UNRESOLVED_REQUIRES_MANUAL_BINDING
1776206400,1776206700,VIX,VIX,M5,Bid,20.32,20.33,20.31,20.32,17,21,0,MT5_PY_API_UNIX_SECONDS,UNRESOLVED_REQUIRES_MANUAL_BINDING
1776206700,1776207000,VIX,VIX,M5,Bid,20.31,20.33,20.31,20.32,19,21,0,MT5_PY_API_UNIX_SECONDS,UNRESOLVED_REQUIRES_MANUAL_BINDING
1776207000,1776207300,VIX,VIX,M5,Bid,20.33,20.42,20.32,20.42,22,21,0,MT5_PY_API_UNIX_SECONDS,UNRESOLVED_REQUIRES_MANUAL_BINDING
1776207300,1776207600,VIX,VIX,M5,Bid,20.41,20.42,20.37,20.37,7,21,0,MT5_PY_API_UNIX_SECONDS,UNRESOLVED_REQUIRES_MANUAL_BINDING
1776207600,1776207900,VIX,VIX,M5,Bid,20.36,20.37,20.36,20.37,10,21,0,MT5_PY_API_UNIX_SECONDS,UNRESOLVED_REQUIRES_MANUAL_BINDING
1776208200,1776208500,VIX,VIX,M5,Bid,20.36,20.37,20.36,20.37,4,21,0,MT5_PY_API_UNIX_SECONDS,UNRESOLVED_REQUIRES_MANUAL_BINDING
1776209400,1776209700,VIX,VIX,M5,Bid,20.37,20.37,20.37,20.37,3,21,0,MT5_PY_API_UNIX_SECONDS,UNRESOLVED_REQUIRES_MANUAL_BINDING
1776210600,1776210900,VIX,VIX,M5,Bid,20.36,20.37,20.36,20.37,2,21,0,MT5_PY_API_UNIX_SECONDS,UNRESOLVED_REQUIRES_MANUAL_BINDING
1776210900,1776211200,VIX,VIX,M5,Bid,20.36,20.36,20.33,20.33,3,21,0,MT5_PY_API_UNIX_SECONDS,UNRESOLVED_REQUIRES_MANUAL_BINDING
1776214800,1776215100,VIX,VIX,M5,Bid,20.4,20.4,20.31,20.32,32,20,0,MT5_PY_API_UNIX_SECONDS,UNRESOLVED_REQUIRES_MANUAL_BINDING
1776215100,1776215400,VIX,VIX,M5,Bid,20.31,20.31,20.27,20.28,4,21,0,MT5_PY_API_UNIX_SECONDS,UNRESOLVED_REQUIRES_MANUAL_BINDING
1776215400,1776215700,VIX,VIX,M5,Bid,20.3,20.31,20.28,20.31,5,21,0,MT5_PY_API_UNIX_SECONDS,UNRESOLVED_REQUIRES_MANUAL_BINDING
1776215700,1776216000,VIX,VIX,M5,Bid,20.3,20.31,20.28,20.31,3,21,0,MT5_PY_API_UNIX_SECONDS,UNRESOLVED_REQUIRES_MANUAL_BINDING
1776216000,1776216300,VIX,VIX,M5,Bid,20.32,20.32,20.31,20.31,5,20,0,MT5_PY_API_UNIX_SECONDS,UNRESOLVED_REQUIRES_MANUAL_BINDING
1776216300,1776216600,VIX,VIX,M5,Bid,20.32,20.32,20.31,20.32,20,20,0,MT5_PY_API_UNIX_SECONDS,UNRESOLVED_REQUIRES_MANUAL_BINDING
1776216600,1776216900,VIX,VIX,M5,Bid,20.32,20.33,20.31,20.33,7,20,0,MT5_PY_API_UNIX_SECONDS,UNRESOLVED_REQUIRES_MANUAL_BINDING
1776216900,1776217200,VIX,VIX,M5,Bid,20.32,20.32,20.31,20.32,8,20,0,MT5_PY_API_UNIX_SECONDS,UNRESOLVED_REQUIRES_MANUAL_BINDING
1776217200,1776217500,VIX,VIX,M5,Bid,20.31,20.32,20.31,20.32,4,20,0,MT5_PY_API_UNIX_SECONDS,UNRESOLVED_REQUIRES_MANUAL_BINDING
1776217500,1776217800,VIX,VIX,M5,Bid,20.31,20.33,20.31,20.32,8,20,0,MT5_PY_API_UNIX_SECONDS,UNRESOLVED_REQUIRES_MANUAL_BINDING
1776217800,1776218100,VIX,VIX,M5,Bid,20.32,20.32,20.32,20.32,1,21,0,MT5_PY_API_UNIX_SECONDS,UNRESOLVED_REQUIRES_MANUAL_BINDING
1776218100,1776218400,VIX,VIX,M5,Bid,20.33,20.33,20.33,20.33,2,20,0,MT5_PY_API_UNIX_SECONDS,UNRESOLVED_REQUIRES_MANUAL_BINDING
1776218400,1776218700,VIX,VIX,M5,Bid,20.33,20.33,20.31,20.32,6,20,0,MT5_PY_API_UNIX_SECONDS,UNRESOLVED_REQUIRES_MANUAL_BINDING
1776218700,1776219000,VIX,VIX,M5,Bid,20.31,20.32,20.28,20.28,13,20,0,MT5_PY_API_UNIX_SECONDS,UNRESOLVED_REQUIRES_MANUAL_BINDING
1776219000,1776219300,VIX,VIX,M5,Bid,20.31,20.31,20.28,20.28,2,21,0,MT5_PY_API_UNIX_SECONDS,UNRESOLVED_REQUIRES_MANUAL_BINDING
1776220200,1776220500,VIX,VIX,M5,Bid,20.28,20.28,20.23,20.26,4,20,0,MT5_PY_API_UNIX_SECONDS,UNRESOLVED_REQUIRES_MANUAL_BINDING
1776220500,1776220800,VIX,VIX,M5,Bid,20.27,20.27,20.26,20.26,11,20,0,MT5_PY_API_UNIX_SECONDS,UNRESOLVED_REQUIRES_MANUAL_BINDING
1776220800,1776221100,VIX,VIX,M5,Bid,20.27,20.27,20.26,20.26,6,20,0,MT5_PY_API_UNIX_SECONDS,UNRESOLVED_REQUIRES_MANUAL_BINDING
1776221100,1776221400,VIX,VIX,M5,Bid,20.27,20.27,20.26,20.26,6,20,0,MT5_PY_API_UNIX_SECONDS,UNRESOLVED_REQUIRES_MANUAL_BINDING
1776221400,1776221700,VIX,VIX,M5,Bid,20.27,20.28,20.27,20.28,8,20,0,MT5_PY_API_UNIX_SECONDS,UNRESOLVED_REQUIRES_MANUAL_BINDING
1776221700,1776222000,VIX,VIX,M5,Bid,20.28,20.28,20.27,20.28,14,20,0,MT5_PY_API_UNIX_SECONDS,UNRESOLVED_REQUIRES_MANUAL_BINDING
1776222000,1776222300,VIX,VIX,M5,Bid,20.27,20.28,20.27,20.27,6,20,0,MT5_PY_API_UNIX_SECONDS,UNRESOLVED_REQUIRES_MANUAL_BINDING
1776222300,1776222600,VIX,VIX,M5,Bid,20.26,20.27,20.26,20.26,10,20,0,MT5_PY_API_UNIX_SECONDS,UNRESOLVED_REQUIRES_MANUAL_BINDING
1776222600,1776222900,VIX,VIX,M5,Bid,20.27,20.27,20.26,20.26,5,20,0,MT5_PY_API_UNIX_SECONDS,UNRESOLVED_REQUIRES_MANUAL_BINDING
1776222900,1776223200,VIX,VIX,M5,Bid,20.25,20.26,20.21,20.26,11,20,0,MT5_PY_API_UNIX_SECONDS,UNRESOLVED_REQUIRES_MANUAL_BINDING
1776223200,1776223500,VIX,VIX,M5,Bid,20.25,20.26,20.23,20.23,5,21,0,MT5_PY_API_UNIX_SECONDS,UNRESOLVED_REQUIRES_MANUAL_BINDING
1776223800,1776224100,VIX,VIX,M5,Bid,20.24,20.26,20.23,20.26,4,21,0,MT5_PY_API_UNIX_SECONDS,UNRESOLVED_REQUIRES_MANUAL_BINDING
1776224100,1776224400,VIX,VIX,M5,Bid,20.25,20.26,20.23,20.26,12,20,0,MT5_PY_API_UNIX_SECONDS,UNRESOLVED_REQUIRES_MANUAL_BINDING
1776225000,1776225300,VIX,VIX,M5,Bid,20.25,20.25,20.23,20.23,2,21,0,MT5_PY_API_UNIX_SECONDS,UNRESOLVED_REQUIRES_MANUAL_BINDING
1776225300,1776225600,VIX,VIX,M5,Bid,20.23,20.23,20.22,20.22,2,20,0,MT5_PY_API_UNIX_SECONDS,UNRESOLVED_REQUIRES_MANUAL_BINDING
1776225900,1776226200,VIX,VIX,M5,Bid,20.22,20.22,20.21,20.21,4,20,0,MT5_PY_API_UNIX_SECONDS,UNRESOLVED_REQUIRES_MANUAL_BINDING
1776226200,1776226500,VIX,VIX,M5,Bid,20.22,20.22,20.21,20.22,9,20,0,MT5_PY_API_UNIX_SECONDS,UNRESOLVED_REQUIRES_MANUAL_BINDING
1776226500,1776226800,VIX,VIX,M5,Bid,20.21,20.22,20.21,20.21,27,20,0,MT5_PY_API_UNIX_SECONDS,UNRESOLVED_REQUIRES_MANUAL_BINDING
1776226800,1776227100,VIX,VIX,M5,Bid,20.22,20.23,20.21,20.23,9,20,0,MT5_PY_API_UNIX_SECONDS,UNRESOLVED_REQUIRES_MANUAL_BINDING
1776227100,1776227400,VIX,VIX,M5,Bid,20.22,20.23,20.21,20.21,9,20,0,MT5_PY_API_UNIX_SECONDS,UNRESOLVED_REQUIRES_MANUAL_BINDING
1776227400,1776227700,VIX,VIX,M5,Bid,20.22,20.22,20.21,20.22,4,20,0,MT5_PY_API_UNIX_SECONDS,UNRESOLVED_REQUIRES_MANUAL_BINDING
1776228000,1776228300,VIX,VIX,M5,Bid,20.21,20.22,20.21,20.22,12,20,0,MT5_PY_API_UNIX_SECONDS,UNRESOLVED_REQUIRES_MANUAL_BINDING
1776228300,1776228600,VIX,VIX,M5,Bid,20.22,20.22,20.21,20.21,6,20,0,MT5_PY_API_UNIX_SECONDS,UNRESOLVED_REQUIRES_MANUAL_BINDING
1776228600,1776228900,VIX,VIX,M5,Bid,20.22,20.22,20.22,20.22,2,20,0,MT5_PY_API_UNIX_SECONDS,UNRESOLVED_REQUIRES_MANUAL_BINDING
1776228900,1776229200,VIX,VIX,M5,Bid,20.21,20.22,20.21,20.22,6,20,0,MT5_PY_API_UNIX_SECONDS,UNRESOLVED_REQUIRES_MANUAL_BINDING
1776229200,1776229500,VIX,VIX,M5,Bid,20.22,20.22,20.22,20.22,2,20,0,MT5_PY_API_UNIX_SECONDS,UNRESOLVED_REQUIRES_MANUAL_BINDING
1776229800,1776230100,VIX,VIX,M5,Bid,20.23,20.23,20.22,20.22,6,20,0,MT5_PY_API_UNIX_SECONDS,UNRESOLVED_REQUIRES_MANUAL_BINDING
1776230100,1776230400,VIX,VIX,M5,Bid,20.23,20.23,20.22,20.22,7,20,0,MT5_PY_API_UNIX_SECONDS,UNRESOLVED_REQUIRES_MANUAL_BINDING
1776230400,1776230700,VIX,VIX,M5,Bid,20.23,20.26,20.23,20.23,10,21,0,MT5_PY_API_UNIX_SECONDS,UNRESOLVED_REQUIRES_MANUAL_BINDING
1776230700,1776231000,VIX,VIX,M5,Bid,20.26,20.26,20.23,20.23,11,20,0,MT5_PY_API_UNIX_SECONDS,UNRESOLVED_REQUIRES_MANUAL_BINDING
1776231000,1776231300,VIX,VIX,M5,Bid,20.26,20.27,20.26,20.27,2,21,0,MT5_PY_API_UNIX_SECONDS,UNRESOLVED_REQUIRES_MANUAL_BINDING
1776231300,1776231600,VIX,VIX,M5,Bid,20.28,20.29,20.28,20.28,3,21,0,MT5_PY_API_UNIX_SECONDS,UNRESOLVED_REQUIRES_MANUAL_BINDING
1776231600,1776231900,VIX,VIX,M5,Bid,20.29,20.29,20.28,20.28,2,21,0,MT5_PY_API_UNIX_SECONDS,UNRESOLVED_REQUIRES_MANUAL_BINDING
1776231900,1776232200,VIX,VIX,M5,Bid,20.28,20.28,20.26,20.26,11,20,0,MT5_PY_API_UNIX_SECONDS,UNRESOLVED_REQUIRES_MANUAL_BINDING
1776232200,1776232500,VIX,VIX,M5,Bid,20.27,20.27,20.26,20.27,17,20,0,MT5_PY_API_UNIX_SECONDS,UNRESOLVED_REQUIRES_MANUAL_BINDING
1776232500,1776232800,VIX,VIX,M5,Bid,20.26,20.28,20.26,20.27,4,20,0,MT5_PY_API_UNIX_SECONDS,UNRESOLVED_REQUIRES_MANUAL_BINDING
1776232800,1776233100,VIX,VIX,M5,Bid,20.28,20.28,20.27,20.27,5,21,0,MT5_PY_API_UNIX_SECONDS,UNRESOLVED_REQUIRES_MANUAL_BINDING
1776233100,1776233400,VIX,VIX,M5,Bid,20.28,20.28,20.26,20.26,3,20,0,MT5_PY_API_UNIX_SECONDS,UNRESOLVED_REQUIRES_MANUAL_BINDING
1776233700,1776234000,VIX,VIX,M5,Bid,20.27,20.27,20.26,20.27,4,20,0,MT5_PY_API_UNIX_SECONDS,UNRESOLVED_REQUIRES_MANUAL_BINDING
1776234000,1776234300,VIX,VIX,M5,Bid,20.27,20.27,20.27,20.27,1,21,0,MT5_PY_API_UNIX_SECONDS,UNRESOLVED_REQUIRES_MANUAL_BINDING
1776234300,1776234600,VIX,VIX,M5,Bid,20.28,20.28,20.28,20.28,1,21,0,MT5_PY_API_UNIX_SECONDS,UNRESOLVED_REQUIRES_MANUAL_BINDING
1776234600,1776234900,VIX,VIX,M5,Bid,20.28,20.28,20.27,20.27,2,20,0,MT5_PY_API_UNIX_SECONDS,UNRESOLVED_REQUIRES_MANUAL_BINDING
1776234900,1776235200,VIX,VIX,M5,Bid,20.28,20.28,20.25,20.26,5,20,0,MT5_PY_API_UNIX_SECONDS,UNRESOLVED_REQUIRES_MANUAL_BINDING
1776235800,1776236100,VIX,VIX,M5,Bid,20.25,20.26,20.23,20.23,8,21,0,MT5_PY_API_UNIX_SECONDS,UNRESOLVED_REQUIRES_MANUAL_BINDING
1776236400,1776236700,VIX,VIX,M5,Bid,20.23,20.23,20.22,20.22,2,20,0,MT5_PY_API_UNIX_SECONDS,UNRESOLVED_REQUIRES_MANUAL_BINDING
1776236700,1776237000,VIX,VIX,M5,Bid,20.23,20.23,20.23,20.23,2,20,0,MT5_PY_API_UNIX_SECONDS,UNRESOLVED_REQUIRES_MANUAL_BINDING
1776237000,1776237300,VIX,VIX,M5,Bid,20.23,20.23,20.22,20.22,2,20,0,MT5_PY_API_UNIX_SECONDS,UNRESOLVED_REQUIRES_MANUAL_BINDING
1776237300,1776237600,VIX,VIX,M5,Bid,20.23,20.23,20.23,20.23,1,21,0,MT5_PY_API_UNIX_SECONDS,UNRESOLVED_REQUIRES_MANUAL_BINDING
1776238200,1776238500,VIX,VIX,M5,Bid,20.23,20.23,20.22,20.23,3,20,0,MT5_PY_API_UNIX_SECONDS,UNRESOLVED_REQUIRES_MANUAL_BINDING
1776238500,1776238800,VIX,VIX,M5,Bid,20.22,20.23,20.22,20.23,2,21,0,MT5_PY_API_UNIX_SECONDS,UNRESOLVED_REQUIRES_MANUAL_BINDING
1776239100,1776239400,VIX,VIX,M5,Bid,20.26,20.26,20.25,20.26,3,21,0,MT5_PY_API_UNIX_SECONDS,UNRESOLVED_REQUIRES_MANUAL_BINDING
1776239400,1776239700,VIX,VIX,M5,Bid,20.24,20.26,20.24,20.26,3,21,0,MT5_PY_API_UNIX_SECONDS,UNRESOLVED_REQUIRES_MANUAL_BINDING
1776240000,1776240300,VIX,VIX,M5,Bid,20.22,20.22,20.13,20.22,91,20,0,MT5_PY_API_UNIX_SECONDS,UNRESOLVED_REQUIRES_MANUAL_BINDING
1776240300,1776240600,VIX,VIX,M5,Bid,20.22,20.22,20.21,20.22,4,20,0,MT5_PY_API_UNIX_SECONDS,UNRESOLVED_REQUIRES_MANUAL_BINDING
1776240600,1776240900,VIX,VIX,M5,Bid,20.22,20.22,20.21,20.21,4,20,0,MT5_PY_API_UNIX_SECONDS,UNRESOLVED_REQUIRES_MANUAL_BINDING
1776240900,1776241200,VIX,VIX,M5,Bid,20.22,20.22,20.21,20.21,9,20,0,MT5_PY_API_UNIX_SECONDS,UNRESOLVED_REQUIRES_MANUAL_BINDING
1776241200,1776241500,VIX,VIX,M5,Bid,20.22,20.26,20.22,20.26,12,20,0,MT5_PY_API_UNIX_SECONDS,UNRESOLVED_REQUIRES_MANUAL_BINDING
1776241500,1776241800,VIX,VIX,M5,Bid,20.25,20.25,20.22,20.22,7,20,0,MT5_PY_API_UNIX_SECONDS,UNRESOLVED_REQUIRES_MANUAL_BINDING
1776241800,1776242100,VIX,VIX,M5,Bid,20.21,20.21,20.21,20.21,1,21,0,MT5_PY_API_UNIX_SECONDS,UNRESOLVED_REQUIRES_MANUAL_BINDING
1776242100,1776242400,VIX,VIX,M5,Bid,20.22,20.23,20.22,20.22,4,20,0,MT5_PY_API_UNIX_SECONDS,UNRESOLVED_REQUIRES_MANUAL_BINDING
1776242400,1776242700,VIX,VIX,M5,Bid,20.23,20.27,20.23,20.27,3,21,0,MT5_PY_API_UNIX_SECONDS,UNRESOLVED_REQUIRES_MANUAL_BINDING
1776242700,1776243000,VIX,VIX,M5,Bid,20.27,20.27,20.26,20.26,2,20,0,MT5_PY_API_UNIX_SECONDS,UNRESOLVED_REQUIRES_MANUAL_BINDING
1776243600,1776243900,VIX,VIX,M5,Bid,20.25,20.26,20.22,20.23,8,20,0,MT5_PY_API_UNIX_SECONDS,UNRESOLVED_REQUIRES_MANUAL_BINDING
1776244200,1776244500,VIX,VIX,M5,Bid,20.24,20.26,20.23,20.26,23,20,0,MT5_PY_API_UNIX_SECONDS,UNRESOLVED_REQUIRES_MANUAL_BINDING
1776244500,1776244800,VIX,VIX,M5,Bid,20.25,20.26,20.23,20.26,21,20,0,MT5_PY_API_UNIX_SECONDS,UNRESOLVED_REQUIRES_MANUAL_BINDING
1776245400,1776245700,VIX,VIX,M5,Bid,20.23,20.26,20.23,20.23,6,20,0,MT5_PY_API_UNIX_SECONDS,UNRESOLVED_REQUIRES_MANUAL_BINDING
1776246300,1776246600,VIX,VIX,M5,Bid,20.22,20.22,20.22,20.22,1,21,0,MT5_PY_API_UNIX_SECONDS,UNRESOLVED_REQUIRES_MANUAL_BINDING
1776246900,1776247200,VIX,VIX,M5,Bid,20.23,20.23,20.23,20.23,1,21,0,MT5_PY_API_UNIX_SECONDS,UNRESOLVED_REQUIRES_MANUAL_BINDING
1776247500,1776247800,VIX,VIX,M5,Bid,20.23,20.23,20.22,20.22,4,20,0,MT5_PY_API_UNIX_SECONDS,UNRESOLVED_REQUIRES_MANUAL_BINDING
1776247800,1776248100,VIX,VIX,M5,Bid,20.23,20.23,20.23,20.23,1,21,0,MT5_PY_API_UNIX_SECONDS,UNRESOLVED_REQUIRES_MANUAL_BINDING
1776248100,1776248400,VIX,VIX,M5,Bid,20.23,20.23,20.22,20.23,3,20,0,MT5_PY_API_UNIX_SECONDS,UNRESOLVED_REQUIRES_MANUAL_BINDING
1776248400,1776248700,VIX,VIX,M5,Bid,20.23,20.23,20.23,20.23,2,21,0,MT5_PY_API_UNIX_SECONDS,UNRESOLVED_REQUIRES_MANUAL_BINDING
1776249000,1776249300,VIX,VIX,M5,Bid,20.23,20.23,20.22,20.23,13,20,0,MT5_PY_API_UNIX_SECONDS,UNRESOLVED_REQUIRES_MANUAL_BINDING
1776249300,1776249600,VIX,VIX,M5,Bid,20.22,20.23,20.22,20.22,5,20,0,MT5_PY_API_UNIX_SECONDS,UNRESOLVED_REQUIRES_MANUAL_BINDING
1776249600,1776249900,VIX,VIX,M5,Bid,20.23,20.23,20.23,20.23,1,21,0,MT5_PY_API_UNIX_SECONDS,UNRESOLVED_REQUIRES_MANUAL_BINDING
1776249900,1776250200,VIX,VIX,M5,Bid,20.23,20.27,20.22,20.22,16,20,0,MT5_PY_API_UNIX_SECONDS,UNRESOLVED_REQUIRES_MANUAL_BINDING
1776250200,1776250500,VIX,VIX,M5,Bid,20.23,20.23,20.22,20.23,10,20,0,MT5_PY_API_UNIX_SECONDS,UNRESOLVED_REQUIRES_MANUAL_BINDING
1776250500,1776250800,VIX,VIX,M5,Bid,20.24,20.26,20.22,20.23,21,20,0,MT5_PY_API_UNIX_SECONDS,UNRESOLVED_REQUIRES_MANUAL_BINDING
1776250800,1776251100,VIX,VIX,M5,Bid,20.22,20.26,20.22,20.26,18,20,0,MT5_PY_API_UNIX_SECONDS,UNRESOLVED_REQUIRES_MANUAL_BINDING
1776251100,1776251400,VIX,VIX,M5,Bid,20.23,20.28,20.23,20.27,14,20,0,MT5_PY_API_UNIX_SECONDS,UNRESOLVED_REQUIRES_MANUAL_BINDING
1776251400,1776251700,VIX,VIX,M5,Bid,20.26,20.27,20.26,20.27,5,20,0,MT5_PY_API_UNIX_SECONDS,UNRESOLVED_REQUIRES_MANUAL_BINDING
1776251700,1776252000,VIX,VIX,M5,Bid,20.27,20.28,20.26,20.28,9,20,0,MT5_PY_API_UNIX_SECONDS,UNRESOLVED_REQUIRES_MANUAL_BINDING
1776252000,1776252300,VIX,VIX,M5,Bid,20.27,20.28,20.27,20.27,3,20,0,MT5_PY_API_UNIX_SECONDS,UNRESOLVED_REQUIRES_MANUAL_BINDING
1776252300,1776252600,VIX,VIX,M5,Bid,20.26,20.27,20.22,20.22,11,20,0,MT5_PY_API_UNIX_SECONDS,UNRESOLVED_REQUIRES_MANUAL_BINDING
1776252600,1776252900,VIX,VIX,M5,Bid,20.22,20.22,20.22,20.22,1,21,0,MT5_PY_API_UNIX_SECONDS,UNRESOLVED_REQUIRES_MANUAL_BINDING
1776253800,1776254100,VIX,VIX,M5,Bid,20.22,20.22,20.22,20.22,1,20,0,MT5_PY_API_UNIX_SECONDS,UNRESOLVED_REQUIRES_MANUAL_BINDING
1776254100,1776254400,VIX,VIX,M5,Bid,20.22,20.22,20.17,20.18,6,20,0,MT5_PY_API_UNIX_SECONDS,UNRESOLVED_REQUIRES_MANUAL_BINDING
1776254400,1776254700,VIX,VIX,M5,Bid,20.18,20.22,20.17,20.22,12,20,0,MT5_PY_API_UNIX_SECONDS,UNRESOLVED_REQUIRES_MANUAL_BINDING
1776254700,1776255000,VIX,VIX,M5,Bid,20.23,20.27,20.23,20.27,5,21,0,MT5_PY_API_UNIX_SECONDS,UNRESOLVED_REQUIRES_MANUAL_BINDING
1776255000,1776255300,VIX,VIX,M5,Bid,20.27,20.32,20.26,20.28,22,20,0,MT5_PY_API_UNIX_SECONDS,UNRESOLVED_REQUIRES_MANUAL_BINDING
1776255300,1776255600,VIX,VIX,M5,Bid,20.29,20.31,20.28,20.31,11,21,0,MT5_PY_API_UNIX_SECONDS,UNRESOLVED_REQUIRES_MANUAL_BINDING
1776255600,1776255900,VIX,VIX,M5,Bid,20.29,20.31,20.28,20.31,35,20,0,MT5_PY_API_UNIX_SECONDS,UNRESOLVED_REQUIRES_MANUAL_BINDING
1776255900,1776256200,VIX,VIX,M5,Bid,20.32,20.32,20.32,20.32,1,21,0,MT5_PY_API_UNIX_SECONDS,UNRESOLVED_REQUIRES_MANUAL_BINDING
1776256200,1776256500,VIX,VIX,M5,Bid,20.31,20.32,20.31,20.32,4,21,0,MT5_PY_API_UNIX_SECONDS,UNRESOLVED_REQUIRES_MANUAL_BINDING
1776256500,1776256800,VIX,VIX,M5,Bid,20.33,20.33,20.33,20.33,1,21,0,MT5_PY_API_UNIX_SECONDS,UNRESOLVED_REQUIRES_MANUAL_BINDING
1776256800,1776257100,VIX,VIX,M5,Bid,20.32,20.33,20.32,20.33,2,21,0,MT5_PY_API_UNIX_SECONDS,UNRESOLVED_REQUIRES_MANUAL_BINDING
1776257100,1776257400,VIX,VIX,M5,Bid,20.33,20.36,20.32,20.33,11,20,0,MT5_PY_API_UNIX_SECONDS,UNRESOLVED_REQUIRES_MANUAL_BINDING
1776257400,1776257700,VIX,VIX,M5,Bid,20.33,20.33,20.32,20.33,6,20,0,MT5_PY_API_UNIX_SECONDS,UNRESOLVED_REQUIRES_MANUAL_BINDING
1776257700,1776258000,VIX,VIX,M5,Bid,20.33,20.37,20.32,20.36,10,20,0,MT5_PY_API_UNIX_SECONDS,UNRESOLVED_REQUIRES_MANUAL_BINDING
1776258000,1776258300,VIX,VIX,M5,Bid,20.35,20.35,20.32,20.32,5,20,0,MT5_PY_API_UNIX_SECONDS,UNRESOLVED_REQUIRES_MANUAL_BINDING
1776258300,1776258600,VIX,VIX,M5,Bid,20.31,20.32,20.27,20.28,14,20,0,MT5_PY_API_UNIX_SECONDS,UNRESOLVED_REQUIRES_MANUAL_BINDING
1776258600,1776258900,VIX,VIX,M5,Bid,20.28,20.28,20.27,20.28,5,20,0,MT5_PY_API_UNIX_SECONDS,UNRESOLVED_REQUIRES_MANUAL_BINDING
1776258900,1776259200,VIX,VIX,M5,Bid,20.29,20.37,20.27,20.34,139,20,0,MT5_PY_API_UNIX_SECONDS,UNRESOLVED_REQUIRES_MANUAL_BINDING
1776259200,1776259500,VIX,VIX,M5,Bid,20.36,20.37,20.32,20.37,27,20,0,MT5_PY_API_UNIX_SECONDS,UNRESOLVED_REQUIRES_MANUAL_BINDING
1776259500,1776259800,VIX,VIX,M5,Bid,20.38,20.41,20.37,20.41,14,20,0,MT5_PY_API_UNIX_SECONDS,UNRESOLVED_REQUIRES_MANUAL_BINDING
1776259800,1776260100,VIX,VIX,M5,Bid,20.42,20.43,20.37,20.42,33,20,0,MT5_PY_API_UNIX_SECONDS,UNRESOLVED_REQUIRES_MANUAL_BINDING
1776260100,1776260400,VIX,VIX,M5,Bid,20.42,20.42,20.38,20.38,6,20,0,MT5_PY_API_UNIX_SECONDS,UNRESOLVED_REQUIRES_MANUAL_BINDING
1776260400,1776260700,VIX,VIX,M5,Bid,20.38,20.38,20.31,20.32,24,20,0,MT5_PY_API_UNIX_SECONDS,UNRESOLVED_REQUIRES_MANUAL_BINDING
1776260700,1776261000,VIX,VIX,M5,Bid,20.31,20.33,20.3,20.32,9,20,0,MT5_PY_API_UNIX_SECONDS,UNRESOLVED_REQUIRES_MANUAL_BINDING
1776261000,1776261300,VIX,VIX,M5,Bid,20.33,20.33,20.32,20.32,3,20,0,MT5_PY_API_UNIX_SECONDS,UNRESOLVED_REQUIRES_MANUAL_BINDING
1776261300,1776261600,VIX,VIX,M5,Bid,20.32,20.32,20.28,20.28,6,20,0,MT5_PY_API_UNIX_SECONDS,UNRESOLVED_REQUIRES_MANUAL_BINDING
1776261600,1776261900,VIX,VIX,M5,Bid,20.28,20.31,20.27,20.29,28,20,0,MT5_PY_API_UNIX_SECONDS,UNRESOLVED_REQUIRES_MANUAL_BINDING
1776261900,1776262200,VIX,VIX,M5,Bid,20.28,20.32,20.28,20.32,9,20,0,MT5_PY_API_UNIX_SECONDS,UNRESOLVED_REQUIRES_MANUAL_BINDING
1776262200,1776262500,VIX,VIX,M5,Bid,20.31,20.32,20.31,20.32,6,20,0,MT5_PY_API_UNIX_SECONDS,UNRESOLVED_REQUIRES_MANUAL_BINDING
1776262500,1776262800,VIX,VIX,M5,Bid,20.33,20.37,20.33,20.37,6,20,0,MT5_PY_API_UNIX_SECONDS,UNRESOLVED_REQUIRES_MANUAL_BINDING
1776262800,1776263100,VIX,VIX,M5,Bid,20.37,20.37,20.32,20.32,24,20,0,MT5_PY_API_UNIX_SECONDS,UNRESOLVED_REQUIRES_MANUAL_BINDING
1776263100,1776263400,VIX,VIX,M5,Bid,20.33,20.37,20.32,20.37,10,20,0,MT5_PY_API_UNIX_SECONDS,UNRESOLVED_REQUIRES_MANUAL_BINDING
1776263400,1776263700,VIX,VIX,M5,Bid,20.36,20.37,20.32,20.37,38,20,0,MT5_PY_API_UNIX_SECONDS,UNRESOLVED_REQUIRES_MANUAL_BINDING
1776263700,1776264000,VIX,VIX,M5,Bid,20.36,20.37,20.36,20.36,3,21,0,MT5_PY_API_UNIX_SECONDS,UNRESOLVED_REQUIRES_MANUAL_BINDING
1776264000,1776264300,VIX,VIX,M5,Bid,20.37,20.37,20.36,20.37,8,20,0,MT5_PY_API_UNIX_SECONDS,UNRESOLVED_REQUIRES_MANUAL_BINDING
1776264300,1776264600,VIX,VIX,M5,Bid,20.37,20.37,20.18,20.27,126,20,0,MT5_PY_API_UNIX_SECONDS,UNRESOLVED_REQUIRES_MANUAL_BINDING
1776264600,1776264900,VIX,VIX,M5,Bid,20.29,20.29,20.27,20.27,6,20,0,MT5_PY_API_UNIX_SECONDS,UNRESOLVED_REQUIRES_MANUAL_BINDING
1776264900,1776265200,VIX,VIX,M5,Bid,20.29,20.32,20.27,20.32,12,20,0,MT5_PY_API_UNIX_SECONDS,UNRESOLVED_REQUIRES_MANUAL_BINDING
1776265200,1776265500,VIX,VIX,M5,Bid,20.34,20.37,20.32,20.37,24,20,0,MT5_PY_API_UNIX_SECONDS,UNRESOLVED_REQUIRES_MANUAL_BINDING
1776265500,1776265800,VIX,VIX,M5,Bid,20.39,20.42,20.37,20.42,57,20,0,MT5_PY_API_UNIX_SECONDS,UNRESOLVED_REQUIRES_MANUAL_BINDING
1776265800,1776266100,VIX,VIX,M5,Bid,20.39,20.42,20.37,20.42,17,20,0,MT5_PY_API_UNIX_SECONDS,UNRESOLVED_REQUIRES_MANUAL_BINDING
1776266100,1776266400,VIX,VIX,M5,Bid,20.41,20.41,20.37,20.37,4,21,0,MT5_PY_API_UNIX_SECONDS,UNRESOLVED_REQUIRES_MANUAL_BINDING
1776266400,1776266700,VIX,VIX,M5,Bid,20.38,20.41,20.37,20.37,11,20,0,MT5_PY_API_UNIX_SECONDS,UNRESOLVED_REQUIRES_MANUAL_BINDING
1776266700,1776267000,VIX,VIX,M5,Bid,20.38,20.42,20.37,20.41,23,20,0,MT5_PY_API_UNIX_SECONDS,UNRESOLVED_REQUIRES_MANUAL_BINDING
1776267000,1776267300,VIX,VIX,M5,Bid,20.42,20.42,20.37,20.38,19,20,0,MT5_PY_API_UNIX_SECONDS,UNRESOLVED_REQUIRES_MANUAL_BINDING
1776267300,1776267600,VIX,VIX,M5,Bid,20.38,20.41,20.36,20.37,13,20,0,MT5_PY_API_UNIX_SECONDS,UNRESOLVED_REQUIRES_MANUAL_BINDING
1776267600,1776267900,VIX,VIX,M5,Bid,20.36,20.37,20.32,20.36,40,20,0,MT5_PY_API_UNIX_SECONDS,UNRESOLVED_REQUIRES_MANUAL_BINDING
1776267900,1776268200,VIX,VIX,M5,Bid,20.37,20.37,20.36,20.36,11,20,0,MT5_PY_API_UNIX_SECONDS,UNRESOLVED_REQUIRES_MANUAL_BINDING
1776268200,1776268500,VIX,VIX,M5,Bid,20.37,20.37,20.31,20.36,21,20,0,MT5_PY_API_UNIX_SECONDS,UNRESOLVED_REQUIRES_MANUAL_BINDING
1776268500,1776268800,VIX,VIX,M5,Bid,20.33,20.36,20.32,20.33,13,20,0,MT5_PY_API_UNIX_SECONDS,UNRESOLVED_REQUIRES_MANUAL_BINDING
1776268800,1776269100,VIX,VIX,M5,Bid,20.36,20.37,20.32,20.32,12,20,0,MT5_PY_API_UNIX_SECONDS,UNRESOLVED_REQUIRES_MANUAL_BINDING
1776269100,1776269400,VIX,VIX,M5,Bid,20.33,20.33,20.31,20.32,14,20,0,MT5_PY_API_UNIX_SECONDS,UNRESOLVED_REQUIRES_MANUAL_BINDING
1776269400,1776269700,VIX,VIX,M5,Bid,20.32,20.32,20.27,20.27,6,20,0,MT5_PY_API_UNIX_SECONDS,UNRESOLVED_REQUIRES_MANUAL_BINDING
1776269700,1776270000,VIX,VIX,M5,Bid,20.27,20.28,20.27,20.27,11,20,0,MT5_PY_API_UNIX_SECONDS,UNRESOLVED_REQUIRES_MANUAL_BINDING
1776270000,1776270300,VIX,VIX,M5,Bid,20.23,20.27,20.23,20.26,6,20,0,MT5_PY_API_UNIX_SECONDS,UNRESOLVED_REQUIRES_MANUAL_BINDING
1776270300,1776270600,VIX,VIX,M5,Bid,20.25,20.25,20.22,20.22,2,21,0,MT5_PY_API_UNIX_SECONDS,UNRESOLVED_REQUIRES_MANUAL_BINDING
1776270600,1776270900,VIX,VIX,M5,Bid,20.21,20.28,20.21,20.26,154,20,0,MT5_PY_API_UNIX_SECONDS,UNRESOLVED_REQUIRES_MANUAL_BINDING
1776270900,1776271200,VIX,VIX,M5,Bid,20.27,20.27,20.17,20.18,50,20,0,MT5_PY_API_UNIX_SECONDS,UNRESOLVED_REQUIRES_MANUAL_BINDING
1776271200,1776271500,VIX,VIX,M5,Bid,20.18,20.28,20.17,20.27,40,20,0,MT5_PY_API_UNIX_SECONDS,UNRESOLVED_REQUIRES_MANUAL_BINDING
1776271500,1776271800,VIX,VIX,M5,Bid,20.27,20.27,20.17,20.22,72,20,0,MT5_PY_API_UNIX_SECONDS,UNRESOLVED_REQUIRES_MANUAL_BINDING
1776271800,1776272100,VIX,VIX,M5,Bid,20.23,20.27,20.22,20.23,57,20,0,MT5_PY_API_UNIX_SECONDS,UNRESOLVED_REQUIRES_MANUAL_BINDING
1776272100,1776272400,VIX,VIX,M5,Bid,20.23,20.28,20.22,20.26,92,20,0,MT5_PY_API_UNIX_SECONDS,UNRESOLVED_REQUIRES_MANUAL_BINDING
1776272400,1776272700,VIX,VIX,M5,Bid,20.26,20.28,20.26,20.27,34,20,0,MT5_PY_API_UNIX_SECONDS,UNRESOLVED_REQUIRES_MANUAL_BINDING
1776272700,1776273000,VIX,VIX,M5,Bid,20.28,20.36,20.27,20.27,53,20,0,MT5_PY_API_UNIX_SECONDS,UNRESOLVED_REQUIRES_MANUAL_BINDING
1776273000,1776273300,VIX,VIX,M5,Bid,20.27,20.28,20.26,20.27,27,20,0,MT5_PY_API_UNIX_SECONDS,UNRESOLVED_REQUIRES_MANUAL_BINDING
1776273300,1776273600,VIX,VIX,M5,Bid,20.27,20.27,20.22,20.27,19,20,0,MT5_PY_API_UNIX_SECONDS,UNRESOLVED_REQUIRES_MANUAL_BINDING
1776273600,1776273900,VIX,VIX,M5,Bid,20.28,20.28,20.22,20.26,47,20,0,MT5_PY_API_UNIX_SECONDS,UNRESOLVED_REQUIRES_MANUAL_BINDING
1776273900,1776274200,VIX,VIX,M5,Bid,20.25,20.27,20.25,20.27,28,20,0,MT5_PY_API_UNIX_SECONDS,UNRESOLVED_REQUIRES_MANUAL_BINDING
1776274200,1776274500,VIX,VIX,M5,Bid,20.27,20.37,20.26,20.37,19,20,0,MT5_PY_API_UNIX_SECONDS,UNRESOLVED_REQUIRES_MANUAL_BINDING
1776274500,1776274800,VIX,VIX,M5,Bid,20.41,20.52,20.41,20.48,53,20,0,MT5_PY_API_UNIX_SECONDS,UNRESOLVED_REQUIRES_MANUAL_BINDING
1776274800,1776275100,VIX,VIX,M5,Bid,20.47,20.47,20.42,20.47,43,20,0,MT5_PY_API_UNIX_SECONDS,UNRESOLVED_REQUIRES_MANUAL_BINDING
1776275100,1776275400,VIX,VIX,M5,Bid,20.47,20.47,20.42,20.42,16,20,0,MT5_PY_API_UNIX_SECONDS,UNRESOLVED_REQUIRES_MANUAL_BINDING
1776275400,1776275700,VIX,VIX,M5,Bid,20.42,20.47,20.41,20.47,29,20,0,MT5_PY_API_UNIX_SECONDS,UNRESOLVED_REQUIRES_MANUAL_BINDING
1776275700,1776276000,VIX,VIX,M5,Bid,20.46,20.48,20.43,20.47,13,20,0,MT5_PY_API_UNIX_SECONDS,UNRESOLVED_REQUIRES_MANUAL_BINDING
1776276000,1776276300,VIX,VIX,M5,Bid,20.48,20.48,20.46,20.47,12,20,0,MT5_PY_API_UNIX_SECONDS,UNRESOLVED_REQUIRES_MANUAL_BINDING
1776276300,1776276600,VIX,VIX,M5,Bid,20.48,20.52,20.47,20.48,22,20,0,MT5_PY_API_UNIX_SECONDS,UNRESOLVED_REQUIRES_MANUAL_BINDING
1776276600,1776276900,VIX,VIX,M5,Bid,20.48,20.48,20.42,20.46,28,20,0,MT5_PY_API_UNIX_SECONDS,UNRESOLVED_REQUIRES_MANUAL_BINDING
1776276900,1776277200,VIX,VIX,M5,Bid,20.47,20.51,20.46,20.51,20,20,0,MT5_PY_API_UNIX_SECONDS,UNRESOLVED_REQUIRES_MANUAL_BINDING
1776277200,1776277500,VIX,VIX,M5,Bid,20.52,20.52,20.48,20.52,10,20,0,MT5_PY_API_UNIX_SECONDS,UNRESOLVED_REQUIRES_MANUAL_BINDING
1776277500,1776277800,VIX,VIX,M5,Bid,20.51,20.51,20.47,20.47,8,20,0,MT5_PY_API_UNIX_SECONDS,UNRESOLVED_REQUIRES_MANUAL_BINDING
1776277800,1776278100,VIX,VIX,M5,Bid,20.48,20.53,20.48,20.52,25,20,0,MT5_PY_API_UNIX_SECONDS,UNRESOLVED_REQUIRES_MANUAL_BINDING
1776278100,1776278400,VIX,VIX,M5,Bid,20.52,20.52,20.51,20.52,12,20,0,MT5_PY_API_UNIX_SECONDS,UNRESOLVED_REQUIRES_MANUAL_BINDING
1776278400,1776278700,VIX,VIX,M5,Bid,20.52,20.52,20.46,20.47,27,20,0,MT5_PY_API_UNIX_SECONDS,UNRESOLVED_REQUIRES_MANUAL_BINDING
1776278700,1776279000,VIX,VIX,M5,Bid,20.47,20.48,20.47,20.48,3,21,0,MT5_PY_API_UNIX_SECONDS,UNRESOLVED_REQUIRES_MANUAL_BINDING
1776279000,1776279300,VIX,VIX,M5,Bid,20.48,20.52,20.47,20.52,5,20,0,MT5_PY_API_UNIX_SECONDS,UNRESOLVED_REQUIRES_MANUAL_BINDING
1776279300,1776279600,VIX,VIX,M5,Bid,20.53,20.53,20.52,20.53,8,20,0,MT5_PY_API_UNIX_SECONDS,UNRESOLVED_REQUIRES_MANUAL_BINDING
1776279600,1776279900,VIX,VIX,M5,Bid,20.53,20.53,20.52,20.52,7,21,0,MT5_PY_API_UNIX_SECONDS,UNRESOLVED_REQUIRES_MANUAL_BINDING
1776279900,1776280200,VIX,VIX,M5,Bid,20.52,20.52,20.47,20.47,9,20,0,MT5_PY_API_UNIX_SECONDS,UNRESOLVED_REQUIRES_MANUAL_BINDING
1776280200,1776280500,VIX,VIX,M5,Bid,20.48,20.48,20.47,20.47,14,20,0,MT5_PY_API_UNIX_SECONDS,UNRESOLVED_REQUIRES_MANUAL_BINDING
1776280500,1776280800,VIX,VIX,M5,Bid,20.48,20.48,20.47,20.47,2,21,0,MT5_PY_API_UNIX_SECONDS,UNRESOLVED_REQUIRES_MANUAL_BINDING
1776280800,1776281100,VIX,VIX,M5,Bid,20.46,20.46,20.43,20.43,2,21,0,MT5_PY_API_UNIX_SECONDS,UNRESOLVED_REQUIRES_MANUAL_BINDING
1776281100,1776281400,VIX,VIX,M5,Bid,20.46,20.47,20.46,20.47,4,21,0,MT5_PY_API_UNIX_SECONDS,UNRESOLVED_REQUIRES_MANUAL_BINDING
1776281400,1776281700,VIX,VIX,M5,Bid,20.46,20.47,20.46,20.47,19,20,0,MT5_PY_API_UNIX_SECONDS,UNRESOLVED_REQUIRES_MANUAL_BINDING
1776281700,1776282000,VIX,VIX,M5,Bid,20.46,20.52,20.46,20.52,11,20,0,MT5_PY_API_UNIX_SECONDS,UNRESOLVED_REQUIRES_MANUAL_BINDING
1776282000,1776282300,VIX,VIX,M5,Bid,20.53,20.63,20.52,20.62,75,20,0,MT5_PY_API_UNIX_SECONDS,UNRESOLVED_REQUIRES_MANUAL_BINDING
1776282300,1776282600,VIX,VIX,M5,Bid,20.63,20.66,20.57,20.57,36,20,0,MT5_PY_API_UNIX_SECONDS,UNRESOLVED_REQUIRES_MANUAL_BINDING
1776282600,1776282900,VIX,VIX,M5,Bid,20.57,20.61,20.53,20.61,47,20,0,MT5_PY_API_UNIX_SECONDS,UNRESOLVED_REQUIRES_MANUAL_BINDING
1776282900,1776283200,VIX,VIX,M5,Bid,20.62,20.67,20.53,20.56,59,20,0,MT5_PY_API_UNIX_SECONDS,UNRESOLVED_REQUIRES_MANUAL_BINDING
1776283200,1776283500,VIX,VIX,M5,Bid,20.53,20.56,20.48,20.51,56,20,0,MT5_PY_API_UNIX_SECONDS,UNRESOLVED_REQUIRES_MANUAL_BINDING
1776283500,1776283800,VIX,VIX,M5,Bid,20.48,20.48,20.46,20.47,19,20,0,MT5_PY_API_UNIX_SECONDS,UNRESOLVED_REQUIRES_MANUAL_BINDING
1776283800,1776284100,VIX,VIX,M5,Bid,20.48,20.48,20.43,20.46,31,20,0,MT5_PY_API_UNIX_SECONDS,UNRESOLVED_REQUIRES_MANUAL_BINDING
1776284100,1776284400,VIX,VIX,M5,Bid,20.43,20.43,20.42,20.43,5,20,0,MT5_PY_API_UNIX_SECONDS,UNRESOLVED_REQUIRES_MANUAL_BINDING
1776284400,1776284700,VIX,VIX,M5,Bid,20.45,20.47,20.43,20.46,18,20,0,MT5_PY_API_UNIX_SECONDS,UNRESOLVED_REQUIRES_MANUAL_BINDING
1776284700,1776285000,VIX,VIX,M5,Bid,20.47,20.47,20.46,20.47,11,20,0,MT5_PY_API_UNIX_SECONDS,UNRESOLVED_REQUIRES_MANUAL_BINDING
1776285000,1776285300,VIX,VIX,M5,Bid,20.48,20.51,20.47,20.47,14,20,0,MT5_PY_API_UNIX_SECONDS,UNRESOLVED_REQUIRES_MANUAL_BINDING
1776285300,1776285600,VIX,VIX,M5,Bid,20.48,20.48,20.47,20.47,17,20,0,MT5_PY_API_UNIX_SECONDS,UNRESOLVED_REQUIRES_MANUAL_BINDING
1776285600,1776285900,VIX,VIX,M5,Bid,20.48,20.52,20.47,20.48,17,20,0,MT5_PY_API_UNIX_SECONDS,UNRESOLVED_REQUIRES_MANUAL_BINDING
1776285900,1776286200,VIX,VIX,M5,Bid,20.47,20.47,20.47,20.47,2,21,0,MT5_PY_API_UNIX_SECONDS,UNRESOLVED_REQUIRES_MANUAL_BINDING
1776286200,1776286500,VIX,VIX,M5,Bid,20.47,20.47,20.46,20.47,3,20,0,MT5_PY_API_UNIX_SECONDS,UNRESOLVED_REQUIRES_MANUAL_BINDING
1776286500,1776286800,VIX,VIX,M5,Bid,20.48,20.48,20.48,20.48,1,20,0,MT5_PY_API_UNIX_SECONDS,UNRESOLVED_REQUIRES_MANUAL_BINDING
1776286800,1776287100,VIX,VIX,M5,Bid,20.48,20.51,20.42,20.47,87,20,0,MT5_PY_API_UNIX_SECONDS,UNRESOLVED_REQUIRES_MANUAL_BINDING
1776287100,1776287400,VIX,VIX,M5,Bid,20.46,20.47,20.46,20.46,11,20,0,MT5_PY_API_UNIX_SECONDS,UNRESOLVED_REQUIRES_MANUAL_BINDING
1776287400,1776287700,VIX,VIX,M5,Bid,20.47,20.47,20.46,20.47,29,20,0,MT5_PY_API_UNIX_SECONDS,UNRESOLVED_REQUIRES_MANUAL_BINDING
1776287700,1776288000,VIX,VIX,M5,Bid,20.46,20.46,20.42,20.43,18,20,0,MT5_PY_API_UNIX_SECONDS,UNRESOLVED_REQUIRES_MANUAL_BINDING
1776288000,1776288300,VIX,VIX,M5,Bid,20.42,20.43,20.42,20.42,15,20,0,MT5_PY_API_UNIX_SECONDS,UNRESOLVED_REQUIRES_MANUAL_BINDING
1776288300,1776288600,VIX,VIX,M5,Bid,20.43,20.43,20.42,20.42,21,20,0,MT5_PY_API_UNIX_SECONDS,UNRESOLVED_REQUIRES_MANUAL_BINDING
1776288600,1776288900,VIX,VIX,M5,Bid,20.38,20.42,20.38,20.42,11,20,0,MT5_PY_API_UNIX_SECONDS,UNRESOLVED_REQUIRES_MANUAL_BINDING
1776288900,1776289200,VIX,VIX,M5,Bid,20.41,20.42,20.41,20.42,11,20,0,MT5_PY_API_UNIX_SECONDS,UNRESOLVED_REQUIRES_MANUAL_BINDING
1776289200,1776289500,VIX,VIX,M5,Bid,20.43,20.43,20.42,20.42,4,20,0,MT5_PY_API_UNIX_SECONDS,UNRESOLVED_REQUIRES_MANUAL_BINDING
1776289500,1776289800,VIX,VIX,M5,Bid,20.42,20.42,20.41,20.41,11,20,0,MT5_PY_API_UNIX_SECONDS,UNRESOLVED_REQUIRES_MANUAL_BINDING
1776289800,1776290100,VIX,VIX,M5,Bid,20.38,20.42,20.38,20.41,9,21,0,MT5_PY_API_UNIX_SECONDS,UNRESOLVED_REQUIRES_MANUAL_BINDING
1776290100,1776290400,VIX,VIX,M5,Bid,20.42,20.42,20.38,20.42,22,20,0,MT5_PY_API_UNIX_SECONDS,UNRESOLVED_REQUIRES_MANUAL_BINDING
1776290400,1776290700,VIX,VIX,M5,Bid,20.43,20.43,20.41,20.41,9,20,0,MT5_PY_API_UNIX_SECONDS,UNRESOLVED_REQUIRES_MANUAL_BINDING
1776290700,1776291000,VIX,VIX,M5,Bid,20.42,20.42,20.41,20.41,44,20,0,MT5_PY_API_UNIX_SECONDS,UNRESOLVED_REQUIRES_MANUAL_BINDING
1776291000,1776291300,VIX,VIX,M5,Bid,20.38,20.42,20.38,20.42,8,20,0,MT5_PY_API_UNIX_SECONDS,UNRESOLVED_REQUIRES_MANUAL_BINDING
1776291300,1776291600,VIX,VIX,M5,Bid,20.42,20.42,20.38,20.38,9,20,0,MT5_PY_API_UNIX_SECONDS,UNRESOLVED_REQUIRES_MANUAL_BINDING
1776291600,1776291900,VIX,VIX,M5,Bid,20.41,20.41,20.38,20.41,4,20,0,MT5_PY_API_UNIX_SECONDS,UNRESOLVED_REQUIRES_MANUAL_BINDING
1776291900,1776292200,VIX,VIX,M5,Bid,20.38,20.41,20.38,20.38,14,21,0,MT5_PY_API_UNIX_SECONDS,UNRESOLVED_REQUIRES_MANUAL_BINDING
1776292200,1776292500,VIX,VIX,M5,Bid,20.41,20.42,20.41,20.41,4,20,0,MT5_PY_API_UNIX_SECONDS,UNRESOLVED_REQUIRES_MANUAL_BINDING
1776292500,1776292800,VIX,VIX,M5,Bid,20.42,20.42,20.41,20.42,4,20,0,MT5_PY_API_UNIX_SECONDS,UNRESOLVED_REQUIRES_MANUAL_BINDING
1776292800,1776293100,VIX,VIX,M5,Bid,20.47,20.47,20.46,20.47,7,20,0,MT5_PY_API_UNIX_SECONDS,UNRESOLVED_REQUIRES_MANUAL_BINDING
1776293100,1776293400,VIX,VIX,M5,Bid,20.47,20.47,20.42,20.46,23,20,0,MT5_PY_API_UNIX_SECONDS,UNRESOLVED_REQUIRES_MANUAL_BINDING
1776293400,1776293700,VIX,VIX,M5,Bid,20.43,20.47,20.42,20.42,30,20,0,MT5_PY_API_UNIX_SECONDS,UNRESOLVED_REQUIRES_MANUAL_BINDING
1776293700,1776294000,VIX,VIX,M5,Bid,20.43,20.48,20.42,20.47,9,20,0,MT5_PY_API_UNIX_SECONDS,UNRESOLVED_REQUIRES_MANUAL_BINDING
1776294000,1776294300,VIX,VIX,M5,Bid,20.52,20.52,20.52,20.52,2,21,0,MT5_PY_API_UNIX_SECONDS,UNRESOLVED_REQUIRES_MANUAL_BINDING
1776295800,1776296100,VIX,VIX,M5,Bid,20.52,20.52,20.52,20.52,2,20,0,MT5_PY_API_UNIX_SECONDS,UNRESOLVED_REQUIRES_MANUAL_BINDING
1776296100,1776296400,VIX,VIX,M5,Bid,20.52,20.52,20.51,20.51,9,20,0,MT5_PY_API_UNIX_SECONDS,UNRESOLVED_REQUIRES_MANUAL_BINDING
1776296400,1776296700,VIX,VIX,M5,Bid,20.52,20.52,20.48,20.48,4,20,0,MT5_PY_API_UNIX_SECONDS,UNRESOLVED_REQUIRES_MANUAL_BINDING
1776296700,1776297000,VIX,VIX,M5,Bid,20.49,20.51,20.48,20.48,11,20,0,MT5_PY_API_UNIX_SECONDS,UNRESOLVED_REQUIRES_MANUAL_BINDING
1776297000,1776297300,VIX,VIX,M5,Bid,20.47,20.47,20.47,20.47,1,21,0,MT5_PY_API_UNIX_SECONDS,UNRESOLVED_REQUIRES_MANUAL_BINDING
1776297300,1776297600,VIX,VIX,M5,Bid,20.45,20.45,20.42,20.43,4,20,0,MT5_PY_API_UNIX_SECONDS,UNRESOLVED_REQUIRES_MANUAL_BINDING
1776301200,1776301500,VIX,VIX,M5,Bid,20.47,20.47,20.42,20.42,8,20,0,MT5_PY_API_UNIX_SECONDS,UNRESOLVED_REQUIRES_MANUAL_BINDING
1776301500,1776301800,VIX,VIX,M5,Bid,20.45,20.45,20.43,20.43,8,20,0,MT5_PY_API_UNIX_SECONDS,UNRESOLVED_REQUIRES_MANUAL_BINDING
1776302100,1776302400,VIX,VIX,M5,Bid,20.43,20.43,20.42,20.43,10,20,0,MT5_PY_API_UNIX_SECONDS,UNRESOLVED_REQUIRES_MANUAL_BINDING
1776302400,1776302700,VIX,VIX,M5,Bid,20.43,20.43,20.42,20.42,6,20,0,MT5_PY_API_UNIX_SECONDS,UNRESOLVED_REQUIRES_MANUAL_BINDING
1776302700,1776303000,VIX,VIX,M5,Bid,20.43,20.43,20.42,20.43,3,20,0,MT5_PY_API_UNIX_SECONDS,UNRESOLVED_REQUIRES_MANUAL_BINDING
1776303000,1776303300,VIX,VIX,M5,Bid,20.43,20.43,20.42,20.43,5,20,0,MT5_PY_API_UNIX_SECONDS,UNRESOLVED_REQUIRES_MANUAL_BINDING
1776303300,1776303600,VIX,VIX,M5,Bid,20.42,20.43,20.42,20.42,10,20,0,MT5_PY_API_UNIX_SECONDS,UNRESOLVED_REQUIRES_MANUAL_BINDING
1776303900,1776304200,VIX,VIX,M5,Bid,20.43,20.43,20.42,20.42,2,21,0,MT5_PY_API_UNIX_SECONDS,UNRESOLVED_REQUIRES_MANUAL_BINDING
1776304800,1776305100,VIX,VIX,M5,Bid,20.42,20.42,20.38,20.38,3,21,0,MT5_PY_API_UNIX_SECONDS,UNRESOLVED_REQUIRES_MANUAL_BINDING
1776305100,1776305400,VIX,VIX,M5,Bid,20.41,20.41,20.38,20.38,2,21,0,MT5_PY_API_UNIX_SECONDS,UNRESOLVED_REQUIRES_MANUAL_BINDING
1776305400,1776305700,VIX,VIX,M5,Bid,20.41,20.41,20.41,20.41,1,21,0,MT5_PY_API_UNIX_SECONDS,UNRESOLVED_REQUIRES_MANUAL_BINDING
1776305700,1776306000,VIX,VIX,M5,Bid,20.42,20.42,20.42,20.42,1,20,0,MT5_PY_API_UNIX_SECONDS,UNRESOLVED_REQUIRES_MANUAL_BINDING
1776306000,1776306300,VIX,VIX,M5,Bid,20.41,20.42,20.41,20.42,2,20,0,MT5_PY_API_UNIX_SECONDS,UNRESOLVED_REQUIRES_MANUAL_BINDING
1776306300,1776306600,VIX,VIX,M5,Bid,20.42,20.42,20.42,20.42,1,21,0,MT5_PY_API_UNIX_SECONDS,UNRESOLVED_REQUIRES_MANUAL_BINDING
1776306600,1776306900,VIX,VIX,M5,Bid,20.41,20.42,20.41,20.41,7,20,0,MT5_PY_API_UNIX_SECONDS,UNRESOLVED_REQUIRES_MANUAL_BINDING
1776306900,1776307200,VIX,VIX,M5,Bid,20.42,20.42,20.41,20.42,17,20,0,MT5_PY_API_UNIX_SECONDS,UNRESOLVED_REQUIRES_MANUAL_BINDING
1776307200,1776307500,VIX,VIX,M5,Bid,20.42,20.42,20.41,20.42,4,20,0,MT5_PY_API_UNIX_SECONDS,UNRESOLVED_REQUIRES_MANUAL_BINDING
1776307500,1776307800,VIX,VIX,M5,Bid,20.41,20.42,20.38,20.38,14,20,0,MT5_PY_API_UNIX_SECONDS,UNRESOLVED_REQUIRES_MANUAL_BINDING
1776308100,1776308400,VIX,VIX,M5,Bid,20.41,20.41,20.38,20.41,3,21,0,MT5_PY_API_UNIX_SECONDS,UNRESOLVED_REQUIRES_MANUAL_BINDING
1776308400,1776308700,VIX,VIX,M5,Bid,20.38,20.41,20.38,20.41,8,21,0,MT5_PY_API_UNIX_SECONDS,UNRESOLVED_REQUIRES_MANUAL_BINDING
1776308700,1776309000,VIX,VIX,M5,Bid,20.38,20.41,20.38,20.38,5,21,0,MT5_PY_API_UNIX_SECONDS,UNRESOLVED_REQUIRES_MANUAL_BINDING
1776318600,1776318900,VIX,VIX,M5,Bid,20.41,20.41,20.38,20.38,2,21,0,MT5_PY_API_UNIX_SECONDS,UNRESOLVED_REQUIRES_MANUAL_BINDING
1776326700,1776327000,VIX,VIX,M5,Bid,20.41,20.41,20.38,20.38,2,21,0,MT5_PY_API_UNIX_SECONDS,UNRESOLVED_REQUIRES_MANUAL_BINDING
1776330000,1776330300,VIX,VIX,M5,Bid,20.38,20.38,20.38,20.38,1,20,0,MT5_PY_API_UNIX_SECONDS,UNRESOLVED_REQUIRES_MANUAL_BINDING
1776330600,1776330900,VIX,VIX,M5,Bid,20.38,20.38,20.38,20.38,3,20,0,MT5_PY_API_UNIX_SECONDS,UNRESOLVED_REQUIRES_MANUAL_BINDING
1776333900,1776334200,VIX,VIX,M5,Bid,20.41,20.41,20.38,20.38,2,21,0,MT5_PY_API_UNIX_SECONDS,UNRESOLVED_REQUIRES_MANUAL_BINDING
1776334200,1776334500,VIX,VIX,M5,Bid,20.41,20.41,20.38,20.38,2,21,0,MT5_PY_API_UNIX_SECONDS,UNRESOLVED_REQUIRES_MANUAL_BINDING
1776336300,1776336600,VIX,VIX,M5,Bid,20.41,20.41,20.38,20.38,2,21,0,MT5_PY_API_UNIX_SECONDS,UNRESOLVED_REQUIRES_MANUAL_BINDING
1776336600,1776336900,VIX,VIX,M5,Bid,20.41,20.41,20.38,20.38,2,21,0,MT5_PY_API_UNIX_SECONDS,UNRESOLVED_REQUIRES_MANUAL_BINDING
1776336900,1776337200,VIX,VIX,M5,Bid,20.41,20.41,20.38,20.38,6,21,0,MT5_PY_API_UNIX_SECONDS,UNRESOLVED_REQUIRES_MANUAL_BINDING
1776337500,1776337800,VIX,VIX,M5,Bid,20.41,20.42,20.41,20.42,18,20,0,MT5_PY_API_UNIX_SECONDS,UNRESOLVED_REQUIRES_MANUAL_BINDING
1776337800,1776338100,VIX,VIX,M5,Bid,20.42,20.43,20.42,20.43,4,21,0,MT5_PY_API_UNIX_SECONDS,UNRESOLVED_REQUIRES_MANUAL_BINDING
1776338100,1776338400,VIX,VIX,M5,Bid,20.42,20.42,20.42,20.42,1,21,0,MT5_PY_API_UNIX_SECONDS,UNRESOLVED_REQUIRES_MANUAL_BINDING
1776338400,1776338700,VIX,VIX,M5,Bid,20.43,20.46,20.42,20.43,7,21,0,MT5_PY_API_UNIX_SECONDS,UNRESOLVED_REQUIRES_MANUAL_BINDING
1776338700,1776339000,VIX,VIX,M5,Bid,20.45,20.45,20.42,20.43,19,20,0,MT5_PY_API_UNIX_SECONDS,UNRESOLVED_REQUIRES_MANUAL_BINDING
1776339000,1776339300,VIX,VIX,M5,Bid,20.42,20.47,20.42,20.47,8,21,0,MT5_PY_API_UNIX_SECONDS,UNRESOLVED_REQUIRES_MANUAL_BINDING
1776339300,1776339600,VIX,VIX,M5,Bid,20.46,20.47,20.46,20.47,6,20,0,MT5_PY_API_UNIX_SECONDS,UNRESOLVED_REQUIRES_MANUAL_BINDING
1776339600,1776339900,VIX,VIX,M5,Bid,20.46,20.47,20.46,20.47,38,20,0,MT5_PY_API_UNIX_SECONDS,UNRESOLVED_REQUIRES_MANUAL_BINDING
1776339900,1776340200,VIX,VIX,M5,Bid,20.46,20.47,20.46,20.47,10,21,0,MT5_PY_API_UNIX_SECONDS,UNRESOLVED_REQUIRES_MANUAL_BINDING
1776340200,1776340500,VIX,VIX,M5,Bid,20.46,20.47,20.46,20.46,3,21,0,MT5_PY_API_UNIX_SECONDS,UNRESOLVED_REQUIRES_MANUAL_BINDING
1776340500,1776340800,VIX,VIX,M5,Bid,20.47,20.47,20.42,20.42,11,20,0,MT5_PY_API_UNIX_SECONDS,UNRESOLVED_REQUIRES_MANUAL_BINDING
1776340800,1776341100,VIX,VIX,M5,Bid,20.43,20.43,20.41,20.42,17,20,0,MT5_PY_API_UNIX_SECONDS,UNRESOLVED_REQUIRES_MANUAL_BINDING
1776341100,1776341400,VIX,VIX,M5,Bid,20.41,20.42,20.41,20.42,2,21,0,MT5_PY_API_UNIX_SECONDS,UNRESOLVED_REQUIRES_MANUAL_BINDING
1776342000,1776342300,VIX,VIX,M5,Bid,20.41,20.42,20.41,20.42,4,21,0,MT5_PY_API_UNIX_SECONDS,UNRESOLVED_REQUIRES_MANUAL_BINDING
1776342300,1776342600,VIX,VIX,M5,Bid,20.42,20.42,20.41,20.42,6,20,0,MT5_PY_API_UNIX_SECONDS,UNRESOLVED_REQUIRES_MANUAL_BINDING
1776342600,1776342900,VIX,VIX,M5,Bid,20.41,20.42,20.41,20.42,16,20,0,MT5_PY_API_UNIX_SECONDS,UNRESOLVED_REQUIRES_MANUAL_BINDING
1776343200,1776343500,VIX,VIX,M5,Bid,20.41,20.42,20.41,20.42,2,20,0,MT5_PY_API_UNIX_SECONDS,UNRESOLVED_REQUIRES_MANUAL_BINDING
1776344100,1776344400,VIX,VIX,M5,Bid,20.46,20.47,20.46,20.46,19,20,0,MT5_PY_API_UNIX_SECONDS,UNRESOLVED_REQUIRES_MANUAL_BINDING
1776344400,1776344700,VIX,VIX,M5,Bid,20.47,20.47,20.43,20.46,14,20,0,MT5_PY_API_UNIX_SECONDS,UNRESOLVED_REQUIRES_MANUAL_BINDING
1776344700,1776345000,VIX,VIX,M5,Bid,20.47,20.47,20.46,20.47,7,21,0,MT5_PY_API_UNIX_SECONDS,UNRESOLVED_REQUIRES_MANUAL_BINDING
1776345600,1776345900,VIX,VIX,M5,Bid,20.47,20.47,20.43,20.46,7,20,0,MT5_PY_API_UNIX_SECONDS,UNRESOLVED_REQUIRES_MANUAL_BINDING
1776345900,1776346200,VIX,VIX,M5,Bid,20.44,20.46,20.44,20.46,6,21,0,MT5_PY_API_UNIX_SECONDS,UNRESOLVED_REQUIRES_MANUAL_BINDING
1776346200,1776346500,VIX,VIX,M5,Bid,20.47,20.48,20.46,20.47,19,20,0,MT5_PY_API_UNIX_SECONDS,UNRESOLVED_REQUIRES_MANUAL_BINDING
1776346500,1776346800,VIX,VIX,M5,Bid,20.48,20.52,20.47,20.52,14,20,0,MT5_PY_API_UNIX_SECONDS,UNRESOLVED_REQUIRES_MANUAL_BINDING
1776346800,1776347100,VIX,VIX,M5,Bid,20.53,20.53,20.52,20.52,4,20,0,MT5_PY_API_UNIX_SECONDS,UNRESOLVED_REQUIRES_MANUAL_BINDING
1776347100,1776347400,VIX,VIX,M5,Bid,20.53,20.61,20.52,20.57,22,21,0,MT5_PY_API_UNIX_SECONDS,UNRESOLVED_REQUIRES_MANUAL_BINDING
1776347400,1776347700,VIX,VIX,M5,Bid,20.53,20.53,20.52,20.52,2,21,0,MT5_PY_API_UNIX_SECONDS,UNRESOLVED_REQUIRES_MANUAL_BINDING
1776347700,1776348000,VIX,VIX,M5,Bid,20.52,20.52,20.48,20.48,4,20,0,MT5_PY_API_UNIX_SECONDS,UNRESOLVED_REQUIRES_MANUAL_BINDING
1776348600,1776348900,VIX,VIX,M5,Bid,20.48,20.48,20.47,20.48,6,20,0,MT5_PY_API_UNIX_SECONDS,UNRESOLVED_REQUIRES_MANUAL_BINDING
1776348900,1776349200,VIX,VIX,M5,Bid,20.48,20.48,20.47,20.48,11,20,0,MT5_PY_API_UNIX_SECONDS,UNRESOLVED_REQUIRES_MANUAL_BINDING
1776349200,1776349500,VIX,VIX,M5,Bid,20.48,20.48,20.47,20.48,4,20,0,MT5_PY_API_UNIX_SECONDS,UNRESOLVED_REQUIRES_MANUAL_BINDING
1776349500,1776349800,VIX,VIX,M5,Bid,20.48,20.48,20.47,20.47,4,20,0,MT5_PY_API_UNIX_SECONDS,UNRESOLVED_REQUIRES_MANUAL_BINDING
1776349800,1776350100,VIX,VIX,M5,Bid,20.46,20.47,20.46,20.47,6,20,0,MT5_PY_API_UNIX_SECONDS,UNRESOLVED_REQUIRES_MANUAL_BINDING
1776350100,1776350400,VIX,VIX,M5,Bid,20.48,20.48,20.47,20.47,2,20,0,MT5_PY_API_UNIX_SECONDS,UNRESOLVED_REQUIRES_MANUAL_BINDING
1776350400,1776350700,VIX,VIX,M5,Bid,20.48,20.48,20.47,20.47,6,21,0,MT5_PY_API_UNIX_SECONDS,UNRESOLVED_REQUIRES_MANUAL_BINDING
1776350700,1776351000,VIX,VIX,M5,Bid,20.48,20.48,20.47,20.47,5,20,0,MT5_PY_API_UNIX_SECONDS,UNRESOLVED_REQUIRES_MANUAL_BINDING
1776351000,1776351300,VIX,VIX,M5,Bid,20.47,20.47,20.43,20.46,10,20,0,MT5_PY_API_UNIX_SECONDS,UNRESOLVED_REQUIRES_MANUAL_BINDING
1776351300,1776351600,VIX,VIX,M5,Bid,20.47,20.47,20.46,20.47,5,20,0,MT5_PY_API_UNIX_SECONDS,UNRESOLVED_REQUIRES_MANUAL_BINDING
1776351600,1776351900,VIX,VIX,M5,Bid,20.46,20.47,20.46,20.47,24,20,0,MT5_PY_API_UNIX_SECONDS,UNRESOLVED_REQUIRES_MANUAL_BINDING
1776351900,1776352200,VIX,VIX,M5,Bid,20.48,20.51,20.46,20.47,10,20,0,MT5_PY_API_UNIX_SECONDS,UNRESOLVED_REQUIRES_MANUAL_BINDING
1776352800,1776353100,VIX,VIX,M5,Bid,20.46,20.47,20.46,20.47,4,21,0,MT5_PY_API_UNIX_SECONDS,UNRESOLVED_REQUIRES_MANUAL_BINDING
1776353100,1776353400,VIX,VIX,M5,Bid,20.47,20.47,20.46,20.47,5,20,0,MT5_PY_API_UNIX_SECONDS,UNRESOLVED_REQUIRES_MANUAL_BINDING
1776353400,1776353700,VIX,VIX,M5,Bid,20.46,20.47,20.42,20.42,9,20,0,MT5_PY_API_UNIX_SECONDS,UNRESOLVED_REQUIRES_MANUAL_BINDING
1776353700,1776354000,VIX,VIX,M5,Bid,20.43,20.43,20.42,20.42,4,20,0,MT5_PY_API_UNIX_SECONDS,UNRESOLVED_REQUIRES_MANUAL_BINDING
1776354300,1776354600,VIX,VIX,M5,Bid,20.43,20.43,20.42,20.42,2,20,0,MT5_PY_API_UNIX_SECONDS,UNRESOLVED_REQUIRES_MANUAL_BINDING
1776354600,1776354900,VIX,VIX,M5,Bid,20.43,20.43,20.42,20.42,6,20,0,MT5_PY_API_UNIX_SECONDS,UNRESOLVED_REQUIRES_MANUAL_BINDING
1776354900,1776355200,VIX,VIX,M5,Bid,20.43,20.43,20.42,20.43,7,20,0,MT5_PY_API_UNIX_SECONDS,UNRESOLVED_REQUIRES_MANUAL_BINDING
1776355200,1776355500,VIX,VIX,M5,Bid,20.42,20.42,20.41,20.42,5,20,0,MT5_PY_API_UNIX_SECONDS,UNRESOLVED_REQUIRES_MANUAL_BINDING
1776355500,1776355800,VIX,VIX,M5,Bid,20.42,20.42,20.38,20.38,3,21,0,MT5_PY_API_UNIX_SECONDS,UNRESOLVED_REQUIRES_MANUAL_BINDING
1776355800,1776356100,VIX,VIX,M5,Bid,20.41,20.41,20.38,20.38,2,21,0,MT5_PY_API_UNIX_SECONDS,UNRESOLVED_REQUIRES_MANUAL_BINDING
1776356100,1776356400,VIX,VIX,M5,Bid,20.41,20.46,20.38,20.43,34,20,0,MT5_PY_API_UNIX_SECONDS,UNRESOLVED_REQUIRES_MANUAL_BINDING
1776356400,1776356700,VIX,VIX,M5,Bid,20.44,20.47,20.44,20.47,20,20,0,MT5_PY_API_UNIX_SECONDS,UNRESOLVED_REQUIRES_MANUAL_BINDING
1776356700,1776357000,VIX,VIX,M5,Bid,20.46,20.47,20.43,20.46,31,20,0,MT5_PY_API_UNIX_SECONDS,UNRESOLVED_REQUIRES_MANUAL_BINDING
1776357000,1776357300,VIX,VIX,M5,Bid,20.47,20.52,20.46,20.52,100,20,0,MT5_PY_API_UNIX_SECONDS,UNRESOLVED_REQUIRES_MANUAL_BINDING
1776357300,1776357600,VIX,VIX,M5,Bid,20.52,20.66,20.51,20.63,71,20,0,MT5_PY_API_UNIX_SECONDS,UNRESOLVED_REQUIRES_MANUAL_BINDING
1776357600,1776357900,VIX,VIX,M5,Bid,20.62,20.72,20.62,20.66,100,20,0,MT5_PY_API_UNIX_SECONDS,UNRESOLVED_REQUIRES_MANUAL_BINDING
1776357900,1776358200,VIX,VIX,M5,Bid,20.67,20.71,20.66,20.68,53,20,0,MT5_PY_API_UNIX_SECONDS,UNRESOLVED_REQUIRES_MANUAL_BINDING
1776358200,1776358500,VIX,VIX,M5,Bid,20.67,20.92,20.67,20.88,70,20,0,MT5_PY_API_UNIX_SECONDS,UNRESOLVED_REQUIRES_MANUAL_BINDING
1776358500,1776358800,VIX,VIX,M5,Bid,20.89,20.93,20.76,20.77,186,20,0,MT5_PY_API_UNIX_SECONDS,UNRESOLVED_REQUIRES_MANUAL_BINDING
1776358800,1776359100,VIX,VIX,M5,Bid,20.78,20.82,20.68,20.71,136,20,0,MT5_PY_API_UNIX_SECONDS,UNRESOLVED_REQUIRES_MANUAL_BINDING
1776359100,1776359400,VIX,VIX,M5,Bid,20.72,20.72,20.67,20.71,67,20,0,MT5_PY_API_UNIX_SECONDS,UNRESOLVED_REQUIRES_MANUAL_BINDING
1776359400,1776359700,VIX,VIX,M5,Bid,20.7,20.7,20.62,20.67,44,20,0,MT5_PY_API_UNIX_SECONDS,UNRESOLVED_REQUIRES_MANUAL_BINDING
1776359700,1776360000,VIX,VIX,M5,Bid,20.68,20.72,20.66,20.72,57,20,0,MT5_PY_API_UNIX_SECONDS,UNRESOLVED_REQUIRES_MANUAL_BINDING
1776360000,1776360300,VIX,VIX,M5,Bid,20.71,20.73,20.67,20.72,79,20,0,MT5_PY_API_UNIX_SECONDS,UNRESOLVED_REQUIRES_MANUAL_BINDING
1776360300,1776360600,VIX,VIX,M5,Bid,20.72,20.78,20.71,20.73,63,20,0,MT5_PY_API_UNIX_SECONDS,UNRESOLVED_REQUIRES_MANUAL_BINDING
1776360600,1776360900,VIX,VIX,M5,Bid,20.76,20.76,20.67,20.68,55,20,0,MT5_PY_API_UNIX_SECONDS,UNRESOLVED_REQUIRES_MANUAL_BINDING
1776360900,1776361200,VIX,VIX,M5,Bid,20.68,20.72,20.63,20.67,101,20,0,MT5_PY_API_UNIX_SECONDS,UNRESOLVED_REQUIRES_MANUAL_BINDING
1776361200,1776361500,VIX,VIX,M5,Bid,20.68,20.71,20.62,20.62,64,20,0,MT5_PY_API_UNIX_SECONDS,UNRESOLVED_REQUIRES_MANUAL_BINDING
1776361500,1776361800,VIX,VIX,M5,Bid,20.62,20.62,20.57,20.58,52,20,0,MT5_PY_API_UNIX_SECONDS,UNRESOLVED_REQUIRES_MANUAL_BINDING
1776361800,1776362100,VIX,VIX,M5,Bid,20.61,20.61,20.57,20.58,62,20,0,MT5_PY_API_UNIX_SECONDS,UNRESOLVED_REQUIRES_MANUAL_BINDING
1776362100,1776362400,VIX,VIX,M5,Bid,20.61,20.63,20.61,20.62,33,20,0,MT5_PY_API_UNIX_SECONDS,UNRESOLVED_REQUIRES_MANUAL_BINDING
1776362400,1776362700,VIX,VIX,M5,Bid,20.62,20.62,20.57,20.58,27,20,0,MT5_PY_API_UNIX_SECONDS,UNRESOLVED_REQUIRES_MANUAL_BINDING
1776362700,1776363000,VIX,VIX,M5,Bid,20.61,20.62,20.52,20.53,24,20,0,MT5_PY_API_UNIX_SECONDS,UNRESOLVED_REQUIRES_MANUAL_BINDING
1776363000,1776363300,VIX,VIX,M5,Bid,20.53,20.53,20.48,20.48,41,20,0,MT5_PY_API_UNIX_SECONDS,UNRESOLVED_REQUIRES_MANUAL_BINDING
1776363300,1776363600,VIX,VIX,M5,Bid,20.47,20.48,20.43,20.47,28,20,0,MT5_PY_API_UNIX_SECONDS,UNRESOLVED_REQUIRES_MANUAL_BINDING
1776363600,1776363900,VIX,VIX,M5,Bid,20.46,20.47,20.43,20.47,13,20,0,MT5_PY_API_UNIX_SECONDS,UNRESOLVED_REQUIRES_MANUAL_BINDING
1776363900,1776364200,VIX,VIX,M5,Bid,20.46,20.58,20.46,20.58,34,20,0,MT5_PY_API_UNIX_SECONDS,UNRESOLVED_REQUIRES_MANUAL_BINDING
1776364200,1776364500,VIX,VIX,M5,Bid,20.57,20.61,20.53,20.61,27,20,0,MT5_PY_API_UNIX_SECONDS,UNRESOLVED_REQUIRES_MANUAL_BINDING
1776364500,1776364800,VIX,VIX,M5,Bid,20.62,20.63,20.48,20.52,127,20,0,MT5_PY_API_UNIX_SECONDS,UNRESOLVED_REQUIRES_MANUAL_BINDING
1776364800,1776365100,VIX,VIX,M5,Bid,20.53,20.57,20.51,20.52,52,20,0,MT5_PY_API_UNIX_SECONDS,UNRESOLVED_REQUIRES_MANUAL_BINDING
1776365100,1776365400,VIX,VIX,M5,Bid,20.51,20.56,20.51,20.52,26,20,0,MT5_PY_API_UNIX_SECONDS,UNRESOLVED_REQUIRES_MANUAL_BINDING
1776365400,1776365700,VIX,VIX,M5,Bid,20.53,20.62,20.52,20.61,24,20,0,MT5_PY_API_UNIX_SECONDS,UNRESOLVED_REQUIRES_MANUAL_BINDING
1776365700,1776366000,VIX,VIX,M5,Bid,20.62,20.62,20.57,20.58,30,20,0,MT5_PY_API_UNIX_SECONDS,UNRESOLVED_REQUIRES_MANUAL_BINDING
1776366000,1776366300,VIX,VIX,M5,Bid,20.58,20.62,20.57,20.62,25,20,0,MT5_PY_API_UNIX_SECONDS,UNRESOLVED_REQUIRES_MANUAL_BINDING
1776366300,1776366600,VIX,VIX,M5,Bid,20.63,20.68,20.63,20.68,17,20,0,MT5_PY_API_UNIX_SECONDS,UNRESOLVED_REQUIRES_MANUAL_BINDING
1776366600,1776366900,VIX,VIX,M5,Bid,20.68,20.68,20.63,20.66,9,20,0,MT5_PY_API_UNIX_SECONDS,UNRESOLVED_REQUIRES_MANUAL_BINDING
1776366900,1776367200,VIX,VIX,M5,Bid,20.67,20.67,20.66,20.67,46,20,0,MT5_PY_API_UNIX_SECONDS,UNRESOLVED_REQUIRES_MANUAL_BINDING
1776367200,1776367500,VIX,VIX,M5,Bid,20.68,20.73,20.68,20.72,14,20,0,MT5_PY_API_UNIX_SECONDS,UNRESOLVED_REQUIRES_MANUAL_BINDING
1776367500,1776367800,VIX,VIX,M5,Bid,20.71,20.72,20.68,20.72,16,20,0,MT5_PY_API_UNIX_SECONDS,UNRESOLVED_REQUIRES_MANUAL_BINDING
1776367800,1776368100,VIX,VIX,M5,Bid,20.72,20.87,20.71,20.76,141,20,0,MT5_PY_API_UNIX_SECONDS,UNRESOLVED_REQUIRES_MANUAL_BINDING
1776368100,1776368400,VIX,VIX,M5,Bid,20.77,20.77,20.68,20.71,33,20,0,MT5_PY_API_UNIX_SECONDS,UNRESOLVED_REQUIRES_MANUAL_BINDING
1776368400,1776368700,VIX,VIX,M5,Bid,20.68,20.78,20.67,20.78,41,20,0,MT5_PY_API_UNIX_SECONDS,UNRESOLVED_REQUIRES_MANUAL_BINDING
1776368700,1776369000,VIX,VIX,M5,Bid,20.77,20.78,20.77,20.77,8,20,0,MT5_PY_API_UNIX_SECONDS,UNRESOLVED_REQUIRES_MANUAL_BINDING
1776369000,1776369300,VIX,VIX,M5,Bid,20.78,20.87,20.78,20.82,31,20,0,MT5_PY_API_UNIX_SECONDS,UNRESOLVED_REQUIRES_MANUAL_BINDING
1776369300,1776369600,VIX,VIX,M5,Bid,20.82,20.82,20.73,20.76,19,20,0,MT5_PY_API_UNIX_SECONDS,UNRESOLVED_REQUIRES_MANUAL_BINDING
1776369600,1776369900,VIX,VIX,M5,Bid,20.77,20.77,20.73,20.77,12,20,0,MT5_PY_API_UNIX_SECONDS,UNRESOLVED_REQUIRES_MANUAL_BINDING
1776369900,1776370200,VIX,VIX,M5,Bid,20.77,20.78,20.73,20.73,48,20,0,MT5_PY_API_UNIX_SECONDS,UNRESOLVED_REQUIRES_MANUAL_BINDING
1776370200,1776370500,VIX,VIX,M5,Bid,20.73,20.77,20.71,20.77,34,20,0,MT5_PY_API_UNIX_SECONDS,UNRESOLVED_REQUIRES_MANUAL_BINDING
1776370500,1776370800,VIX,VIX,M5,Bid,20.77,20.78,20.73,20.76,65,20,0,MT5_PY_API_UNIX_SECONDS,UNRESOLVED_REQUIRES_MANUAL_BINDING
1776370800,1776371100,VIX,VIX,M5,Bid,20.77,20.77,20.62,20.62,35,20,0,MT5_PY_API_UNIX_SECONDS,UNRESOLVED_REQUIRES_MANUAL_BINDING
1776371100,1776371400,VIX,VIX,M5,Bid,20.61,20.67,20.61,20.63,38,20,0,MT5_PY_API_UNIX_SECONDS,UNRESOLVED_REQUIRES_MANUAL_BINDING
1776371400,1776371700,VIX,VIX,M5,Bid,20.63,20.63,20.56,20.58,26,20,0,MT5_PY_API_UNIX_SECONDS,UNRESOLVED_REQUIRES_MANUAL_BINDING
1776371700,1776372000,VIX,VIX,M5,Bid,20.58,20.58,20.56,20.56,30,20,0,MT5_PY_API_UNIX_SECONDS,UNRESOLVED_REQUIRES_MANUAL_BINDING
1776372000,1776372300,VIX,VIX,M5,Bid,20.53,20.56,20.52,20.52,25,20,0,MT5_PY_API_UNIX_SECONDS,UNRESOLVED_REQUIRES_MANUAL_BINDING
1776372300,1776372600,VIX,VIX,M5,Bid,20.51,20.51,20.48,20.48,16,20,0,MT5_PY_API_UNIX_SECONDS,UNRESOLVED_REQUIRES_MANUAL_BINDING
1776372600,1776372900,VIX,VIX,M5,Bid,20.51,20.52,20.5,20.51,9,20,0,MT5_PY_API_UNIX_SECONDS,UNRESOLVED_REQUIRES_MANUAL_BINDING
1776372900,1776373200,VIX,VIX,M5,Bid,20.52,20.53,20.51,20.52,41,20,0,MT5_PY_API_UNIX_SECONDS,UNRESOLVED_REQUIRES_MANUAL_BINDING
1776373200,1776373500,VIX,VIX,M5,Bid,20.51,20.52,20.46,20.48,69,20,0,MT5_PY_API_UNIX_SECONDS,UNRESOLVED_REQUIRES_MANUAL_BINDING
1776373500,1776373800,VIX,VIX,M5,Bid,20.48,20.51,20.43,20.47,59,20,0,MT5_PY_API_UNIX_SECONDS,UNRESOLVED_REQUIRES_MANUAL_BINDING
1776373800,1776374100,VIX,VIX,M5,Bid,20.48,20.52,20.46,20.48,31,20,0,MT5_PY_API_UNIX_SECONDS,UNRESOLVED_REQUIRES_MANUAL_BINDING
1776374100,1776374400,VIX,VIX,M5,Bid,20.48,20.48,20.47,20.48,22,20,0,MT5_PY_API_UNIX_SECONDS,UNRESOLVED_REQUIRES_MANUAL_BINDING
1776374400,1776374700,VIX,VIX,M5,Bid,20.48,20.52,20.46,20.52,15,20,0,MT5_PY_API_UNIX_SECONDS,UNRESOLVED_REQUIRES_MANUAL_BINDING
1776374700,1776375000,VIX,VIX,M5,Bid,20.52,20.53,20.47,20.47,46,20,0,MT5_PY_API_UNIX_SECONDS,UNRESOLVED_REQUIRES_MANUAL_BINDING
1776375000,1776375300,VIX,VIX,M5,Bid,20.48,20.48,20.42,20.42,20,20,0,MT5_PY_API_UNIX_SECONDS,UNRESOLVED_REQUIRES_MANUAL_BINDING
1776375300,1776375600,VIX,VIX,M5,Bid,20.42,20.42,20.37,20.37,15,20,0,MT5_PY_API_UNIX_SECONDS,UNRESOLVED_REQUIRES_MANUAL_BINDING
1776376500,1776376800,VIX,VIX,M5,Bid,20.38,20.38,20.37,20.37,16,20,0,MT5_PY_API_UNIX_SECONDS,UNRESOLVED_REQUIRES_MANUAL_BINDING
1776376800,1776377100,VIX,VIX,M5,Bid,20.36,20.37,20.31,20.37,19,20,0,MT5_PY_API_UNIX_SECONDS,UNRESOLVED_REQUIRES_MANUAL_BINDING
1776377100,1776377400,VIX,VIX,M5,Bid,20.36,20.38,20.36,20.37,24,20,0,MT5_PY_API_UNIX_SECONDS,UNRESOLVED_REQUIRES_MANUAL_BINDING
1776377400,1776377700,VIX,VIX,M5,Bid,20.38,20.38,20.37,20.37,24,20,0,MT5_PY_API_UNIX_SECONDS,UNRESOLVED_REQUIRES_MANUAL_BINDING
1776377700,1776378000,VIX,VIX,M5,Bid,20.37,20.37,20.37,20.37,1,21,0,MT5_PY_API_UNIX_SECONDS,UNRESOLVED_REQUIRES_MANUAL_BINDING
1776378000,1776378300,VIX,VIX,M5,Bid,20.37,20.37,20.37,20.37,4,21,0,MT5_PY_API_UNIX_SECONDS,UNRESOLVED_REQUIRES_MANUAL_BINDING
1776378300,1776378600,VIX,VIX,M5,Bid,20.37,20.37,20.33,20.33,23,20,0,MT5_PY_API_UNIX_SECONDS,UNRESOLVED_REQUIRES_MANUAL_BINDING
1776378600,1776378900,VIX,VIX,M5,Bid,20.36,20.37,20.33,20.33,10,20,0,MT5_PY_API_UNIX_SECONDS,UNRESOLVED_REQUIRES_MANUAL_BINDING
1776378900,1776379200,VIX,VIX,M5,Bid,20.33,20.33,20.32,20.32,15,20,0,MT5_PY_API_UNIX_SECONDS,UNRESOLVED_REQUIRES_MANUAL_BINDING
1776379200,1776379500,VIX,VIX,M5,Bid,20.32,20.32,20.28,20.32,6,20,0,MT5_PY_API_UNIX_SECONDS,UNRESOLVED_REQUIRES_MANUAL_BINDING
1776379500,1776379800,VIX,VIX,M5,Bid,20.32,20.32,20.27,20.28,6,20,0,MT5_PY_API_UNIX_SECONDS,UNRESOLVED_REQUIRES_MANUAL_BINDING
1776379800,1776380100,VIX,VIX,M5,Bid,20.3,20.38,20.28,20.37,40,20,0,MT5_PY_API_UNIX_SECONDS,UNRESOLVED_REQUIRES_MANUAL_BINDING
1776380100,1776380400,VIX,VIX,M5,Bid,20.37,20.42,20.37,20.41,51,20,0,MT5_PY_API_UNIX_SECONDS,UNRESOLVED_REQUIRES_MANUAL_BINDING
1776380400,1776380700,VIX,VIX,M5,Bid,20.42,20.47,20.41,20.46,51,20,0,MT5_PY_API_UNIX_SECONDS,UNRESOLVED_REQUIRES_MANUAL_BINDING
1776380700,1776381000,VIX,VIX,M5,Bid,20.47,20.47,20.45,20.47,17,20,0,MT5_PY_API_UNIX_SECONDS,UNRESOLVED_REQUIRES_MANUAL_BINDING
1776381000,1776381300,VIX,VIX,M5,Bid,20.46,20.47,20.46,20.46,21,20,0,MT5_PY_API_UNIX_SECONDS,UNRESOLVED_REQUIRES_MANUAL_BINDING
1776382200,1776382500,VIX,VIX,M5,Bid,20.43,20.43,20.42,20.42,9,20,0,MT5_PY_API_UNIX_SECONDS,UNRESOLVED_REQUIRES_MANUAL_BINDING
1776382800,1776383100,VIX,VIX,M5,Bid,20.43,20.43,20.42,20.42,2,20,0,MT5_PY_API_UNIX_SECONDS,UNRESOLVED_REQUIRES_MANUAL_BINDING
1776383400,1776383700,VIX,VIX,M5,Bid,20.38,20.38,20.38,20.38,1,21,0,MT5_PY_API_UNIX_SECONDS,UNRESOLVED_REQUIRES_MANUAL_BINDING
1776383700,1776384000,VIX,VIX,M5,Bid,20.38,20.38,20.37,20.37,3,20,0,MT5_PY_API_UNIX_SECONDS,UNRESOLVED_REQUIRES_MANUAL_BINDING
1776387600,1776387900,VIX,VIX,M5,Bid,20.4,20.42,20.4,20.4,9,20,0,MT5_PY_API_UNIX_SECONDS,UNRESOLVED_REQUIRES_MANUAL_BINDING
1776388800,1776389100,VIX,VIX,M5,Bid,20.38,20.38,20.38,20.38,1,20,0,MT5_PY_API_UNIX_SECONDS,UNRESOLVED_REQUIRES_MANUAL_BINDING
1776389100,1776389400,VIX,VIX,M5,Bid,20.38,20.38,20.37,20.37,3,20,0,MT5_PY_API_UNIX_SECONDS,UNRESOLVED_REQUIRES_MANUAL_BINDING
1776389700,1776390000,VIX,VIX,M5,Bid,20.38,20.38,20.38,20.38,2,21,0,MT5_PY_API_UNIX_SECONDS,UNRESOLVED_REQUIRES_MANUAL_BINDING
1776390000,1776390300,VIX,VIX,M5,Bid,20.38,20.38,20.37,20.37,5,20,0,MT5_PY_API_UNIX_SECONDS,UNRESOLVED_REQUIRES_MANUAL_BINDING
1776390300,1776390600,VIX,VIX,M5,Bid,20.38,20.41,20.37,20.41,11,20,0,MT5_PY_API_UNIX_SECONDS,UNRESOLVED_REQUIRES_MANUAL_BINDING
1776390600,1776390900,VIX,VIX,M5,Bid,20.42,20.42,20.41,20.41,15,20,0,MT5_PY_API_UNIX_SECONDS,UNRESOLVED_REQUIRES_MANUAL_BINDING
1776390900,1776391200,VIX,VIX,M5,Bid,20.38,20.42,20.38,20.42,7,20,0,MT5_PY_API_UNIX_SECONDS,UNRESOLVED_REQUIRES_MANUAL_BINDING
1776391200,1776391500,VIX,VIX,M5,Bid,20.41,20.41,20.38,20.39,6,20,0,MT5_PY_API_UNIX_SECONDS,UNRESOLVED_REQUIRES_MANUAL_BINDING
1776391500,1776391800,VIX,VIX,M5,Bid,20.41,20.42,20.41,20.42,2,20,0,MT5_PY_API_UNIX_SECONDS,UNRESOLVED_REQUIRES_MANUAL_BINDING
1776391800,1776392100,VIX,VIX,M5,Bid,20.41,20.42,20.41,20.42,4,20,0,MT5_PY_API_UNIX_SECONDS,UNRESOLVED_REQUIRES_MANUAL_BINDING
1776392100,1776392400,VIX,VIX,M5,Bid,20.42,20.42,20.41,20.41,6,20,0,MT5_PY_API_UNIX_SECONDS,UNRESOLVED_REQUIRES_MANUAL_BINDING
1776392400,1776392700,VIX,VIX,M5,Bid,20.39,20.41,20.38,20.38,9,20,0,MT5_PY_API_UNIX_SECONDS,UNRESOLVED_REQUIRES_MANUAL_BINDING
1776392700,1776393000,VIX,VIX,M5,Bid,20.39,20.39,20.38,20.38,2,21,0,MT5_PY_API_UNIX_SECONDS,UNRESOLVED_REQUIRES_MANUAL_BINDING
1776393000,1776393300,VIX,VIX,M5,Bid,20.38,20.38,20.37,20.37,2,20,0,MT5_PY_API_UNIX_SECONDS,UNRESOLVED_REQUIRES_MANUAL_BINDING
1776393300,1776393600,VIX,VIX,M5,Bid,20.36,20.37,20.36,20.37,4,20,0,MT5_PY_API_UNIX_SECONDS,UNRESOLVED_REQUIRES_MANUAL_BINDING
1776393600,1776393900,VIX,VIX,M5,Bid,20.36,20.37,20.36,20.37,20,20,0,MT5_PY_API_UNIX_SECONDS,UNRESOLVED_REQUIRES_MANUAL_BINDING
1776393900,1776394200,VIX,VIX,M5,Bid,20.37,20.38,20.36,20.37,7,20,0,MT5_PY_API_UNIX_SECONDS,UNRESOLVED_REQUIRES_MANUAL_BINDING
1776394200,1776394500,VIX,VIX,M5,Bid,20.38,20.38,20.37,20.37,4,20,0,MT5_PY_API_UNIX_SECONDS,UNRESOLVED_REQUIRES_MANUAL_BINDING
1776394500,1776394800,VIX,VIX,M5,Bid,20.38,20.41,20.38,20.41,2,21,0,MT5_PY_API_UNIX_SECONDS,UNRESOLVED_REQUIRES_MANUAL_BINDING
1776394800,1776395100,VIX,VIX,M5,Bid,20.42,20.47,20.42,20.43,15,20,0,MT5_PY_API_UNIX_SECONDS,UNRESOLVED_REQUIRES_MANUAL_BINDING
1776395100,1776395400,VIX,VIX,M5,Bid,20.45,20.51,20.43,20.43,15,20,0,MT5_PY_API_UNIX_SECONDS,UNRESOLVED_REQUIRES_MANUAL_BINDING
1776395400,1776395700,VIX,VIX,M5,Bid,20.44,20.47,20.44,20.47,19,20,0,MT5_PY_API_UNIX_SECONDS,UNRESOLVED_REQUIRES_MANUAL_BINDING
1776395700,1776396000,VIX,VIX,M5,Bid,20.47,20.47,20.42,20.42,7,20,0,MT5_PY_API_UNIX_SECONDS,UNRESOLVED_REQUIRES_MANUAL_BINDING
1776396000,1776396300,VIX,VIX,M5,Bid,20.41,20.43,20.4,20.43,9,20,0,MT5_PY_API_UNIX_SECONDS,UNRESOLVED_REQUIRES_MANUAL_BINDING
1776396300,1776396600,VIX,VIX,M5,Bid,20.42,20.42,20.41,20.42,17,20,0,MT5_PY_API_UNIX_SECONDS,UNRESOLVED_REQUIRES_MANUAL_BINDING
1776396600,1776396900,VIX,VIX,M5,Bid,20.42,20.43,20.41,20.43,14,20,0,MT5_PY_API_UNIX_SECONDS,UNRESOLVED_REQUIRES_MANUAL_BINDING
1776396900,1776397200,VIX,VIX,M5,Bid,20.42,20.47,20.42,20.47,8,20,0,MT5_PY_API_UNIX_SECONDS,UNRESOLVED_REQUIRES_MANUAL_BINDING
1776397200,1776397500,VIX,VIX,M5,Bid,20.47,20.47,20.47,20.47,1,20,0,MT5_PY_API_UNIX_SECONDS,UNRESOLVED_REQUIRES_MANUAL_BINDING
1776397500,1776397800,VIX,VIX,M5,Bid,20.47,20.47,20.46,20.46,2,20,0,MT5_PY_API_UNIX_SECONDS,UNRESOLVED_REQUIRES_MANUAL_BINDING
1776397800,1776398100,VIX,VIX,M5,Bid,20.47,20.47,20.46,20.46,9,20,0,MT5_PY_API_UNIX_SECONDS,UNRESOLVED_REQUIRES_MANUAL_BINDING
1776398100,1776398400,VIX,VIX,M5,Bid,20.47,20.47,20.46,20.46,6,20,0,MT5_PY_API_UNIX_SECONDS,UNRESOLVED_REQUIRES_MANUAL_BINDING
1776398400,1776398700,VIX,VIX,M5,Bid,20.47,20.47,20.46,20.47,7,20,0,MT5_PY_API_UNIX_SECONDS,UNRESOLVED_REQUIRES_MANUAL_BINDING
1776398700,1776399000,VIX,VIX,M5,Bid,20.47,20.47,20.46,20.47,14,20,0,MT5_PY_API_UNIX_SECONDS,UNRESOLVED_REQUIRES_MANUAL_BINDING
1776399000,1776399300,VIX,VIX,M5,Bid,20.48,20.48,20.46,20.47,11,20,0,MT5_PY_API_UNIX_SECONDS,UNRESOLVED_REQUIRES_MANUAL_BINDING
1776399300,1776399600,VIX,VIX,M5,Bid,20.48,20.48,20.47,20.47,2,20,0,MT5_PY_API_UNIX_SECONDS,UNRESOLVED_REQUIRES_MANUAL_BINDING
1776399600,1776399900,VIX,VIX,M5,Bid,20.48,20.49,20.48,20.48,5,21,0,MT5_PY_API_UNIX_SECONDS,UNRESOLVED_REQUIRES_MANUAL_BINDING
1776399900,1776400200,VIX,VIX,M5,Bid,20.48,20.48,20.47,20.48,3,20,0,MT5_PY_API_UNIX_SECONDS,UNRESOLVED_REQUIRES_MANUAL_BINDING
1776400200,1776400500,VIX,VIX,M5,Bid,20.48,20.48,20.48,20.48,1,21,0,MT5_PY_API_UNIX_SECONDS,UNRESOLVED_REQUIRES_MANUAL_BINDING
1776400500,1776400800,VIX,VIX,M5,Bid,20.48,20.48,20.46,20.47,6,20,0,MT5_PY_API_UNIX_SECONDS,UNRESOLVED_REQUIRES_MANUAL_BINDING
1776401100,1776401400,VIX,VIX,M5,Bid,20.46,20.47,20.46,20.47,2,21,0,MT5_PY_API_UNIX_SECONDS,UNRESOLVED_REQUIRES_MANUAL_BINDING
1776402300,1776402600,VIX,VIX,M5,Bid,20.48,20.48,20.47,20.47,4,20,0,MT5_PY_API_UNIX_SECONDS,UNRESOLVED_REQUIRES_MANUAL_BINDING
1776402600,1776402900,VIX,VIX,M5,Bid,20.46,20.47,20.46,20.46,5,21,0,MT5_PY_API_UNIX_SECONDS,UNRESOLVED_REQUIRES_MANUAL_BINDING
1776402900,1776403200,VIX,VIX,M5,Bid,20.47,20.47,20.46,20.47,3,20,0,MT5_PY_API_UNIX_SECONDS,UNRESOLVED_REQUIRES_MANUAL_BINDING
1776403500,1776403800,VIX,VIX,M5,Bid,20.48,20.48,20.48,20.48,2,21,0,MT5_PY_API_UNIX_SECONDS,UNRESOLVED_REQUIRES_MANUAL_BINDING
1776403800,1776404100,VIX,VIX,M5,Bid,20.48,20.48,20.46,20.47,6,20,0,MT5_PY_API_UNIX_SECONDS,UNRESOLVED_REQUIRES_MANUAL_BINDING
1776404100,1776404400,VIX,VIX,M5,Bid,20.46,20.47,20.46,20.47,6,20,0,MT5_PY_API_UNIX_SECONDS,UNRESOLVED_REQUIRES_MANUAL_BINDING
1776405000,1776405300,VIX,VIX,M5,Bid,20.48,20.48,20.48,20.48,1,20,0,MT5_PY_API_UNIX_SECONDS,UNRESOLVED_REQUIRES_MANUAL_BINDING
1776405300,1776405600,VIX,VIX,M5,Bid,20.47,20.48,20.47,20.48,2,20,0,MT5_PY_API_UNIX_SECONDS,UNRESOLVED_REQUIRES_MANUAL_BINDING
1776405600,1776405900,VIX,VIX,M5,Bid,20.47,20.48,20.47,20.48,4,20,0,MT5_PY_API_UNIX_SECONDS,UNRESOLVED_REQUIRES_MANUAL_BINDING
1776406200,1776406500,VIX,VIX,M5,Bid,20.47,20.48,20.47,20.48,4,20,0,MT5_PY_API_UNIX_SECONDS,UNRESOLVED_REQUIRES_MANUAL_BINDING
1776406500,1776406800,VIX,VIX,M5,Bid,20.47,20.48,20.47,20.47,3,20,0,MT5_PY_API_UNIX_SECONDS,UNRESOLVED_REQUIRES_MANUAL_BINDING
1776407100,1776407400,VIX,VIX,M5,Bid,20.48,20.48,20.47,20.48,3,20,0,MT5_PY_API_UNIX_SECONDS,UNRESOLVED_REQUIRES_MANUAL_BINDING
1776407400,1776407700,VIX,VIX,M5,Bid,20.47,20.47,20.47,20.47,1,21,0,MT5_PY_API_UNIX_SECONDS,UNRESOLVED_REQUIRES_MANUAL_BINDING
1776407700,1776408000,VIX,VIX,M5,Bid,20.48,20.48,20.47,20.47,2,20,0,MT5_PY_API_UNIX_SECONDS,UNRESOLVED_REQUIRES_MANUAL_BINDING
1776408300,1776408600,VIX,VIX,M5,Bid,20.48,20.48,20.48,20.48,1,20,0,MT5_PY_API_UNIX_SECONDS,UNRESOLVED_REQUIRES_MANUAL_BINDING
1776408600,1776408900,VIX,VIX,M5,Bid,20.47,20.47,20.47,20.47,1,21,0,MT5_PY_API_UNIX_SECONDS,UNRESOLVED_REQUIRES_MANUAL_BINDING
1776409200,1776409500,VIX,VIX,M5,Bid,20.48,20.48,20.47,20.47,2,20,0,MT5_PY_API_UNIX_SECONDS,UNRESOLVED_REQUIRES_MANUAL_BINDING
1776409500,1776409800,VIX,VIX,M5,Bid,20.47,20.47,20.46,20.47,3,20,0,MT5_PY_API_UNIX_SECONDS,UNRESOLVED_REQUIRES_MANUAL_BINDING
1776409800,1776410100,VIX,VIX,M5,Bid,20.46,20.47,20.46,20.46,10,20,0,MT5_PY_API_UNIX_SECONDS,UNRESOLVED_REQUIRES_MANUAL_BINDING
1776410100,1776410400,VIX,VIX,M5,Bid,20.47,20.47,20.46,20.46,24,20,0,MT5_PY_API_UNIX_SECONDS,UNRESOLVED_REQUIRES_MANUAL_BINDING
1776410400,1776410700,VIX,VIX,M5,Bid,20.47,20.47,20.46,20.46,4,20,0,MT5_PY_API_UNIX_SECONDS,UNRESOLVED_REQUIRES_MANUAL_BINDING
1776410700,1776411000,VIX,VIX,M5,Bid,20.47,20.47,20.43,20.43,6,20,0,MT5_PY_API_UNIX_SECONDS,UNRESOLVED_REQUIRES_MANUAL_BINDING
1776411000,1776411300,VIX,VIX,M5,Bid,20.43,20.43,20.43,20.43,2,20,0,MT5_PY_API_UNIX_SECONDS,UNRESOLVED_REQUIRES_MANUAL_BINDING
1776411300,1776411600,VIX,VIX,M5,Bid,20.43,20.43,20.43,20.43,4,20,0,MT5_PY_API_UNIX_SECONDS,UNRESOLVED_REQUIRES_MANUAL_BINDING
1776411600,1776411900,VIX,VIX,M5,Bid,20.42,20.43,20.42,20.43,2,21,0,MT5_PY_API_UNIX_SECONDS,UNRESOLVED_REQUIRES_MANUAL_BINDING
1776412500,1776412800,VIX,VIX,M5,Bid,20.44,20.46,20.44,20.46,2,21,0,MT5_PY_API_UNIX_SECONDS,UNRESOLVED_REQUIRES_MANUAL_BINDING
1776412800,1776413100,VIX,VIX,M5,Bid,20.47,20.48,20.47,20.48,2,21,0,MT5_PY_API_UNIX_SECONDS,UNRESOLVED_REQUIRES_MANUAL_BINDING
1776413100,1776413400,VIX,VIX,M5,Bid,20.47,20.47,20.47,20.47,1,21,0,MT5_PY_API_UNIX_SECONDS,UNRESOLVED_REQUIRES_MANUAL_BINDING
1776414000,1776414300,VIX,VIX,M5,Bid,20.46,20.46,20.46,20.46,1,21,0,MT5_PY_API_UNIX_SECONDS,UNRESOLVED_REQUIRES_MANUAL_BINDING
1776414300,1776414600,VIX,VIX,M5,Bid,20.47,20.47,20.46,20.46,2,20,0,MT5_PY_API_UNIX_SECONDS,UNRESOLVED_REQUIRES_MANUAL_BINDING
1776414600,1776414900,VIX,VIX,M5,Bid,20.47,20.47,20.46,20.47,9,20,0,MT5_PY_API_UNIX_SECONDS,UNRESOLVED_REQUIRES_MANUAL_BINDING
1776414900,1776415200,VIX,VIX,M5,Bid,20.46,20.47,20.43,20.43,19,21,0,MT5_PY_API_UNIX_SECONDS,UNRESOLVED_REQUIRES_MANUAL_BINDING
1776415200,1776415500,VIX,VIX,M5,Bid,20.43,20.43,20.43,20.43,2,20,0,MT5_PY_API_UNIX_SECONDS,UNRESOLVED_REQUIRES_MANUAL_BINDING
1776415500,1776415800,VIX,VIX,M5,Bid,20.43,20.43,20.43,20.43,1,20,0,MT5_PY_API_UNIX_SECONDS,UNRESOLVED_REQUIRES_MANUAL_BINDING
1776415800,1776416100,VIX,VIX,M5,Bid,20.43,20.43,20.43,20.43,4,20,0,MT5_PY_API_UNIX_SECONDS,UNRESOLVED_REQUIRES_MANUAL_BINDING
1776416400,1776416700,VIX,VIX,M5,Bid,20.43,20.43,20.41,20.42,4,21,0,MT5_PY_API_UNIX_SECONDS,UNRESOLVED_REQUIRES_MANUAL_BINDING
1776416700,1776417000,VIX,VIX,M5,Bid,20.42,20.42,20.41,20.42,5,20,0,MT5_PY_API_UNIX_SECONDS,UNRESOLVED_REQUIRES_MANUAL_BINDING
1776417000,1776417300,VIX,VIX,M5,Bid,20.41,20.42,20.41,20.42,4,20,0,MT5_PY_API_UNIX_SECONDS,UNRESOLVED_REQUIRES_MANUAL_BINDING
1776417300,1776417600,VIX,VIX,M5,Bid,20.42,20.42,20.41,20.42,4,20,0,MT5_PY_API_UNIX_SECONDS,UNRESOLVED_REQUIRES_MANUAL_BINDING
1776418200,1776418500,VIX,VIX,M5,Bid,20.43,20.47,20.42,20.43,28,20,0,MT5_PY_API_UNIX_SECONDS,UNRESOLVED_REQUIRES_MANUAL_BINDING
1776418500,1776418800,VIX,VIX,M5,Bid,20.42,20.43,20.42,20.42,3,21,0,MT5_PY_API_UNIX_SECONDS,UNRESOLVED_REQUIRES_MANUAL_BINDING
1776418800,1776419100,VIX,VIX,M5,Bid,20.42,20.42,20.42,20.42,1,21,0,MT5_PY_API_UNIX_SECONDS,UNRESOLVED_REQUIRES_MANUAL_BINDING
1776419100,1776419400,VIX,VIX,M5,Bid,20.42,20.42,20.37,20.37,10,20,0,MT5_PY_API_UNIX_SECONDS,UNRESOLVED_REQUIRES_MANUAL_BINDING
1776419400,1776419700,VIX,VIX,M5,Bid,20.38,20.38,20.37,20.37,2,21,0,MT5_PY_API_UNIX_SECONDS,UNRESOLVED_REQUIRES_MANUAL_BINDING
1776420000,1776420300,VIX,VIX,M5,Bid,20.37,20.37,20.32,20.32,12,20,0,MT5_PY_API_UNIX_SECONDS,UNRESOLVED_REQUIRES_MANUAL_BINDING
1776420300,1776420600,VIX,VIX,M5,Bid,20.33,20.36,20.31,20.32,21,20,0,MT5_PY_API_UNIX_SECONDS,UNRESOLVED_REQUIRES_MANUAL_BINDING
1776420600,1776420900,VIX,VIX,M5,Bid,20.32,20.32,20.31,20.32,6,20,0,MT5_PY_API_UNIX_SECONDS,UNRESOLVED_REQUIRES_MANUAL_BINDING
1776420900,1776421200,VIX,VIX,M5,Bid,20.32,20.33,20.31,20.32,6,20,0,MT5_PY_API_UNIX_SECONDS,UNRESOLVED_REQUIRES_MANUAL_BINDING
1776421200,1776421500,VIX,VIX,M5,Bid,20.33,20.36,20.33,20.33,4,21,0,MT5_PY_API_UNIX_SECONDS,UNRESOLVED_REQUIRES_MANUAL_BINDING
1776421500,1776421800,VIX,VIX,M5,Bid,20.33,20.33,20.33,20.33,2,20,0,MT5_PY_API_UNIX_SECONDS,UNRESOLVED_REQUIRES_MANUAL_BINDING
1776421800,1776422100,VIX,VIX,M5,Bid,20.33,20.33,20.33,20.33,5,20,0,MT5_PY_API_UNIX_SECONDS,UNRESOLVED_REQUIRES_MANUAL_BINDING
1776422100,1776422400,VIX,VIX,M5,Bid,20.32,20.33,20.32,20.33,17,20,0,MT5_PY_API_UNIX_SECONDS,UNRESOLVED_REQUIRES_MANUAL_BINDING
1776422400,1776422700,VIX,VIX,M5,Bid,20.33,20.33,20.32,20.33,6,21,0,MT5_PY_API_UNIX_SECONDS,UNRESOLVED_REQUIRES_MANUAL_BINDING
1776422700,1776423000,VIX,VIX,M5,Bid,20.32,20.33,20.32,20.32,11,20,0,MT5_PY_API_UNIX_SECONDS,UNRESOLVED_REQUIRES_MANUAL_BINDING
1776423000,1776423300,VIX,VIX,M5,Bid,20.33,20.33,20.32,20.32,4,21,0,MT5_PY_API_UNIX_SECONDS,UNRESOLVED_REQUIRES_MANUAL_BINDING
1776423600,1776423900,VIX,VIX,M5,Bid,20.32,20.33,20.31,20.32,14,20,0,MT5_PY_API_UNIX_SECONDS,UNRESOLVED_REQUIRES_MANUAL_BINDING
1776423900,1776424200,VIX,VIX,M5,Bid,20.33,20.33,20.32,20.32,14,21,0,MT5_PY_API_UNIX_SECONDS,UNRESOLVED_REQUIRES_MANUAL_BINDING
1776424200,1776424500,VIX,VIX,M5,Bid,20.33,20.36,20.32,20.32,6,20,0,MT5_PY_API_UNIX_SECONDS,UNRESOLVED_REQUIRES_MANUAL_BINDING
1776424500,1776424800,VIX,VIX,M5,Bid,20.33,20.33,20.32,20.32,8,20,0,MT5_PY_API_UNIX_SECONDS,UNRESOLVED_REQUIRES_MANUAL_BINDING
1776425100,1776425400,VIX,VIX,M5,Bid,20.32,20.32,20.31,20.32,3,20,0,MT5_PY_API_UNIX_SECONDS,UNRESOLVED_REQUIRES_MANUAL_BINDING
1776425400,1776425700,VIX,VIX,M5,Bid,20.33,20.33,20.32,20.33,3,20,0,MT5_PY_API_UNIX_SECONDS,UNRESOLVED_REQUIRES_MANUAL_BINDING
1776425700,1776426000,VIX,VIX,M5,Bid,20.34,20.37,20.33,20.36,15,20,0,MT5_PY_API_UNIX_SECONDS,UNRESOLVED_REQUIRES_MANUAL_BINDING
1776426000,1776426300,VIX,VIX,M5,Bid,20.37,20.37,20.32,20.32,5,21,0,MT5_PY_API_UNIX_SECONDS,UNRESOLVED_REQUIRES_MANUAL_BINDING
1776427800,1776428100,VIX,VIX,M5,Bid,20.33,20.33,20.32,20.32,2,20,0,MT5_PY_API_UNIX_SECONDS,UNRESOLVED_REQUIRES_MANUAL_BINDING
1776429000,1776429300,VIX,VIX,M5,Bid,20.33,20.33,20.32,20.32,4,20,0,MT5_PY_API_UNIX_SECONDS,UNRESOLVED_REQUIRES_MANUAL_BINDING
1776429900,1776430200,VIX,VIX,M5,Bid,20.33,20.33,20.32,20.32,2,20,0,MT5_PY_API_UNIX_SECONDS,UNRESOLVED_REQUIRES_MANUAL_BINDING
1776430200,1776430500,VIX,VIX,M5,Bid,20.32,20.32,20.27,20.27,4,20,0,MT5_PY_API_UNIX_SECONDS,UNRESOLVED_REQUIRES_MANUAL_BINDING
1776430500,1776430800,VIX,VIX,M5,Bid,20.26,20.27,20.26,20.27,18,21,0,MT5_PY_API_UNIX_SECONDS,UNRESOLVED_REQUIRES_MANUAL_BINDING
1776430800,1776431100,VIX,VIX,M5,Bid,20.26,20.27,20.26,20.27,10,21,0,MT5_PY_API_UNIX_SECONDS,UNRESOLVED_REQUIRES_MANUAL_BINDING
1776431100,1776431400,VIX,VIX,M5,Bid,20.26,20.27,20.26,20.27,6,21,0,MT5_PY_API_UNIX_SECONDS,UNRESOLVED_REQUIRES_MANUAL_BINDING
1776431400,1776431700,VIX,VIX,M5,Bid,20.26,20.27,20.26,20.27,2,20,0,MT5_PY_API_UNIX_SECONDS,UNRESOLVED_REQUIRES_MANUAL_BINDING
1776431700,1776432000,VIX,VIX,M5,Bid,20.28,20.32,20.28,20.32,5,20,0,MT5_PY_API_UNIX_SECONDS,UNRESOLVED_REQUIRES_MANUAL_BINDING
1776432000,1776432300,VIX,VIX,M5,Bid,20.31,20.31,20.27,20.28,15,20,0,MT5_PY_API_UNIX_SECONDS,UNRESOLVED_REQUIRES_MANUAL_BINDING
1776432300,1776432600,VIX,VIX,M5,Bid,20.28,20.28,20.27,20.27,2,21,0,MT5_PY_API_UNIX_SECONDS,UNRESOLVED_REQUIRES_MANUAL_BINDING
1776432600,1776432900,VIX,VIX,M5,Bid,20.28,20.32,20.28,20.31,9,20,0,MT5_PY_API_UNIX_SECONDS,UNRESOLVED_REQUIRES_MANUAL_BINDING
1776432900,1776433200,VIX,VIX,M5,Bid,20.32,20.32,20.28,20.28,8,20,0,MT5_PY_API_UNIX_SECONDS,UNRESOLVED_REQUIRES_MANUAL_BINDING
1776433200,1776433500,VIX,VIX,M5,Bid,20.3,20.32,20.3,20.32,8,20,0,MT5_PY_API_UNIX_SECONDS,UNRESOLVED_REQUIRES_MANUAL_BINDING
1776433500,1776433800,VIX,VIX,M5,Bid,20.32,20.32,20.3,20.31,9,20,0,MT5_PY_API_UNIX_SECONDS,UNRESOLVED_REQUIRES_MANUAL_BINDING
1776433800,1776434100,VIX,VIX,M5,Bid,20.3,20.31,20.28,20.28,10,20,0,MT5_PY_API_UNIX_SECONDS,UNRESOLVED_REQUIRES_MANUAL_BINDING
1776434700,1776435000,VIX,VIX,M5,Bid,20.3,20.31,20.27,20.27,5,20,0,MT5_PY_API_UNIX_SECONDS,UNRESOLVED_REQUIRES_MANUAL_BINDING
1776435000,1776435300,VIX,VIX,M5,Bid,20.28,20.31,20.28,20.31,3,21,0,MT5_PY_API_UNIX_SECONDS,UNRESOLVED_REQUIRES_MANUAL_BINDING
1776435300,1776435600,VIX,VIX,M5,Bid,20.28,20.28,20.27,20.28,3,20,0,MT5_PY_API_UNIX_SECONDS,UNRESOLVED_REQUIRES_MANUAL_BINDING
1776435600,1776435900,VIX,VIX,M5,Bid,20.28,20.28,20.27,20.27,2,21,0,MT5_PY_API_UNIX_SECONDS,UNRESOLVED_REQUIRES_MANUAL_BINDING
1776435900,1776436200,VIX,VIX,M5,Bid,20.28,20.31,20.27,20.27,5,21,0,MT5_PY_API_UNIX_SECONDS,UNRESOLVED_REQUIRES_MANUAL_BINDING
1776436200,1776436500,VIX,VIX,M5,Bid,20.27,20.27,20.22,20.22,6,20,0,MT5_PY_API_UNIX_SECONDS,UNRESOLVED_REQUIRES_MANUAL_BINDING
1776437100,1776437400,VIX,VIX,M5,Bid,20.23,20.23,20.22,20.22,18,20,0,MT5_PY_API_UNIX_SECONDS,UNRESOLVED_REQUIRES_MANUAL_BINDING
1776437400,1776437700,VIX,VIX,M5,Bid,20.22,20.22,20.21,20.22,4,20,0,MT5_PY_API_UNIX_SECONDS,UNRESOLVED_REQUIRES_MANUAL_BINDING
1776437700,1776438000,VIX,VIX,M5,Bid,20.22,20.23,20.22,20.23,6,20,0,MT5_PY_API_UNIX_SECONDS,UNRESOLVED_REQUIRES_MANUAL_BINDING
1776438000,1776438300,VIX,VIX,M5,Bid,20.23,20.23,20.22,20.22,3,20,0,MT5_PY_API_UNIX_SECONDS,UNRESOLVED_REQUIRES_MANUAL_BINDING
1776438300,1776438600,VIX,VIX,M5,Bid,20.23,20.23,20.23,20.23,1,20,0,MT5_PY_API_UNIX_SECONDS,UNRESOLVED_REQUIRES_MANUAL_BINDING
1776438600,1776438900,VIX,VIX,M5,Bid,20.22,20.22,20.22,20.22,2,21,0,MT5_PY_API_UNIX_SECONDS,UNRESOLVED_REQUIRES_MANUAL_BINDING
1776438900,1776439200,VIX,VIX,M5,Bid,20.23,20.23,20.22,20.22,2,21,0,MT5_PY_API_UNIX_SECONDS,UNRESOLVED_REQUIRES_MANUAL_BINDING
1776439200,1776439500,VIX,VIX,M5,Bid,20.23,20.26,20.18,20.21,15,21,0,MT5_PY_API_UNIX_SECONDS,UNRESOLVED_REQUIRES_MANUAL_BINDING
1776439500,1776439800,VIX,VIX,M5,Bid,20.22,20.22,20.03,20.12,120,20,0,MT5_PY_API_UNIX_SECONDS,UNRESOLVED_REQUIRES_MANUAL_BINDING
1776439800,1776440100,VIX,VIX,M5,Bid,20.13,20.13,20.11,20.13,31,20,0,MT5_PY_API_UNIX_SECONDS,UNRESOLVED_REQUIRES_MANUAL_BINDING
1776440100,1776440400,VIX,VIX,M5,Bid,20.13,20.17,20.11,20.17,32,20,0,MT5_PY_API_UNIX_SECONDS,UNRESOLVED_REQUIRES_MANUAL_BINDING
1776440400,1776440700,VIX,VIX,M5,Bid,20.18,20.22,20.17,20.18,29,20,0,MT5_PY_API_UNIX_SECONDS,UNRESOLVED_REQUIRES_MANUAL_BINDING
1776440700,1776441000,VIX,VIX,M5,Bid,20.2,20.21,19.92,19.92,232,20,0,MT5_PY_API_UNIX_SECONDS,UNRESOLVED_REQUIRES_MANUAL_BINDING
1776441000,1776441300,VIX,VIX,M5,Bid,19.92,19.93,19.87,19.88,185,20,0,MT5_PY_API_UNIX_SECONDS,UNRESOLVED_REQUIRES_MANUAL_BINDING
1776441300,1776441600,VIX,VIX,M5,Bid,19.89,19.91,19.78,19.82,101,20,0,MT5_PY_API_UNIX_SECONDS,UNRESOLVED_REQUIRES_MANUAL_BINDING
1776441600,1776441900,VIX,VIX,M5,Bid,19.83,19.93,19.82,19.82,90,20,0,MT5_PY_API_UNIX_SECONDS,UNRESOLVED_REQUIRES_MANUAL_BINDING
1776441900,1776442200,VIX,VIX,M5,Bid,19.83,19.86,19.67,19.67,119,20,0,MT5_PY_API_UNIX_SECONDS,UNRESOLVED_REQUIRES_MANUAL_BINDING
1776442200,1776442500,VIX,VIX,M5,Bid,19.68,19.78,19.67,19.72,124,20,0,MT5_PY_API_UNIX_SECONDS,UNRESOLVED_REQUIRES_MANUAL_BINDING
1776442500,1776442800,VIX,VIX,M5,Bid,19.71,19.78,19.71,19.77,106,20,0,MT5_PY_API_UNIX_SECONDS,UNRESOLVED_REQUIRES_MANUAL_BINDING
1776442800,1776443100,VIX,VIX,M5,Bid,19.78,19.83,19.77,19.81,111,20,0,MT5_PY_API_UNIX_SECONDS,UNRESOLVED_REQUIRES_MANUAL_BINDING
1776443100,1776443400,VIX,VIX,M5,Bid,19.82,19.97,19.81,19.93,227,20,0,MT5_PY_API_UNIX_SECONDS,UNRESOLVED_REQUIRES_MANUAL_BINDING
1776443400,1776443700,VIX,VIX,M5,Bid,19.92,20.01,19.86,19.91,303,20,0,MT5_PY_API_UNIX_SECONDS,UNRESOLVED_REQUIRES_MANUAL_BINDING
1776443700,1776444000,VIX,VIX,M5,Bid,19.92,19.97,19.91,19.92,167,20,0,MT5_PY_API_UNIX_SECONDS,UNRESOLVED_REQUIRES_MANUAL_BINDING
1776444000,1776444300,VIX,VIX,M5,Bid,19.93,20.11,19.92,20.03,201,20,0,MT5_PY_API_UNIX_SECONDS,UNRESOLVED_REQUIRES_MANUAL_BINDING
1776444300,1776444600,VIX,VIX,M5,Bid,20.03,20.12,19.97,19.97,330,20,0,MT5_PY_API_UNIX_SECONDS,UNRESOLVED_REQUIRES_MANUAL_BINDING
1776444600,1776444900,VIX,VIX,M5,Bid,19.98,20.01,19.92,19.97,146,20,0,MT5_PY_API_UNIX_SECONDS,UNRESOLVED_REQUIRES_MANUAL_BINDING
1776444900,1776445200,VIX,VIX,M5,Bid,19.96,19.98,19.91,19.91,131,20,0,MT5_PY_API_UNIX_SECONDS,UNRESOLVED_REQUIRES_MANUAL_BINDING
1776445200,1776445500,VIX,VIX,M5,Bid,19.92,19.92,19.88,19.92,77,20,0,MT5_PY_API_UNIX_SECONDS,UNRESOLVED_REQUIRES_MANUAL_BINDING
1776445500,1776445800,VIX,VIX,M5,Bid,19.93,19.98,19.93,19.97,17,20,0,MT5_PY_API_UNIX_SECONDS,UNRESOLVED_REQUIRES_MANUAL_BINDING
1776445800,1776446100,VIX,VIX,M5,Bid,19.98,20.03,19.98,20.02,18,20,0,MT5_PY_API_UNIX_SECONDS,UNRESOLVED_REQUIRES_MANUAL_BINDING
1776446100,1776446400,VIX,VIX,M5,Bid,20.02,20.02,19.97,20.02,20,20,0,MT5_PY_API_UNIX_SECONDS,UNRESOLVED_REQUIRES_MANUAL_BINDING
1776446400,1776446700,VIX,VIX,M5,Bid,20.03,20.12,20.03,20.07,27,20,0,MT5_PY_API_UNIX_SECONDS,UNRESOLVED_REQUIRES_MANUAL_BINDING
1776446700,1776447000,VIX,VIX,M5,Bid,20.07,20.12,20.03,20.11,36,20,0,MT5_PY_API_UNIX_SECONDS,UNRESOLVED_REQUIRES_MANUAL_BINDING
1776447000,1776447300,VIX,VIX,M5,Bid,20.08,20.12,20.06,20.07,36,20,0,MT5_PY_API_UNIX_SECONDS,UNRESOLVED_REQUIRES_MANUAL_BINDING
1776447300,1776447600,VIX,VIX,M5,Bid,20.08,20.12,20.08,20.12,34,20,0,MT5_PY_API_UNIX_SECONDS,UNRESOLVED_REQUIRES_MANUAL_BINDING
1776447600,1776447900,VIX,VIX,M5,Bid,20.11,20.12,20.06,20.12,78,20,0,MT5_PY_API_UNIX_SECONDS,UNRESOLVED_REQUIRES_MANUAL_BINDING
1776447900,1776448200,VIX,VIX,M5,Bid,20.12,20.12,20.11,20.11,45,20,0,MT5_PY_API_UNIX_SECONDS,UNRESOLVED_REQUIRES_MANUAL_BINDING
1776448200,1776448500,VIX,VIX,M5,Bid,20.12,20.17,20.08,20.17,35,20,0,MT5_PY_API_UNIX_SECONDS,UNRESOLVED_REQUIRES_MANUAL_BINDING
1776448500,1776448800,VIX,VIX,M5,Bid,20.17,20.18,20.02,20.02,37,20,0,MT5_PY_API_UNIX_SECONDS,UNRESOLVED_REQUIRES_MANUAL_BINDING
1776448800,1776449100,VIX,VIX,M5,Bid,20.03,20.08,19.97,20.02,100,20,0,MT5_PY_API_UNIX_SECONDS,UNRESOLVED_REQUIRES_MANUAL_BINDING
1776449100,1776449400,VIX,VIX,M5,Bid,20.02,20.02,19.92,19.97,57,20,0,MT5_PY_API_UNIX_SECONDS,UNRESOLVED_REQUIRES_MANUAL_BINDING
1776449400,1776449700,VIX,VIX,M5,Bid,19.97,19.98,19.93,19.93,57,20,0,MT5_PY_API_UNIX_SECONDS,UNRESOLVED_REQUIRES_MANUAL_BINDING
1776449700,1776450000,VIX,VIX,M5,Bid,19.93,19.93,19.87,19.91,36,20,0,MT5_PY_API_UNIX_SECONDS,UNRESOLVED_REQUIRES_MANUAL_BINDING
1776450000,1776450300,VIX,VIX,M5,Bid,19.88,19.92,19.81,19.81,15,20,0,MT5_PY_API_UNIX_SECONDS,UNRESOLVED_REQUIRES_MANUAL_BINDING
1776450300,1776450600,VIX,VIX,M5,Bid,19.78,19.82,19.77,19.77,27,20,0,MT5_PY_API_UNIX_SECONDS,UNRESOLVED_REQUIRES_MANUAL_BINDING
1776450600,1776450900,VIX,VIX,M5,Bid,19.77,19.87,19.76,19.87,35,20,0,MT5_PY_API_UNIX_SECONDS,UNRESOLVED_REQUIRES_MANUAL_BINDING
1776450900,1776451200,VIX,VIX,M5,Bid,19.87,19.92,19.86,19.91,100,20,0,MT5_PY_API_UNIX_SECONDS,UNRESOLVED_REQUIRES_MANUAL_BINDING
1776451200,1776451500,VIX,VIX,M5,Bid,19.92,19.98,19.91,19.97,54,20,0,MT5_PY_API_UNIX_SECONDS,UNRESOLVED_REQUIRES_MANUAL_BINDING
1776451500,1776451800,VIX,VIX,M5,Bid,19.96,19.97,19.87,19.92,147,20,0,MT5_PY_API_UNIX_SECONDS,UNRESOLVED_REQUIRES_MANUAL_BINDING
1776451800,1776452100,VIX,VIX,M5,Bid,19.93,19.93,19.87,19.92,49,20,0,MT5_PY_API_UNIX_SECONDS,UNRESOLVED_REQUIRES_MANUAL_BINDING
1776452100,1776452400,VIX,VIX,M5,Bid,19.93,19.98,19.92,19.98,31,20,0,MT5_PY_API_UNIX_SECONDS,UNRESOLVED_REQUIRES_MANUAL_BINDING
1776452400,1776452700,VIX,VIX,M5,Bid,20.01,20.02,19.95,20.02,49,20,0,MT5_PY_API_UNIX_SECONDS,UNRESOLVED_REQUIRES_MANUAL_BINDING
1776452700,1776453000,VIX,VIX,M5,Bid,20.02,20.03,20.01,20.02,46,20,0,MT5_PY_API_UNIX_SECONDS,UNRESOLVED_REQUIRES_MANUAL_BINDING
1776453000,1776453300,VIX,VIX,M5,Bid,20.03,20.03,19.97,20.03,19,20,0,MT5_PY_API_UNIX_SECONDS,UNRESOLVED_REQUIRES_MANUAL_BINDING
1776453300,1776453600,VIX,VIX,M5,Bid,20.03,20.07,20.02,20.03,18,20,0,MT5_PY_API_UNIX_SECONDS,UNRESOLVED_REQUIRES_MANUAL_BINDING
1776453600,1776453900,VIX,VIX,M5,Bid,20.06,20.07,20.02,20.02,18,20,0,MT5_PY_API_UNIX_SECONDS,UNRESOLVED_REQUIRES_MANUAL_BINDING
1776453900,1776454200,VIX,VIX,M5,Bid,20.03,20.06,20.02,20.03,10,20,0,MT5_PY_API_UNIX_SECONDS,UNRESOLVED_REQUIRES_MANUAL_BINDING
1776454200,1776454500,VIX,VIX,M5,Bid,20.03,20.03,20.02,20.03,4,20,0,MT5_PY_API_UNIX_SECONDS,UNRESOLVED_REQUIRES_MANUAL_BINDING
1776454500,1776454800,VIX,VIX,M5,Bid,20.03,20.07,20.02,20.07,27,20,0,MT5_PY_API_UNIX_SECONDS,UNRESOLVED_REQUIRES_MANUAL_BINDING
1776454800,1776455100,VIX,VIX,M5,Bid,20.06,20.08,20.06,20.07,28,20,0,MT5_PY_API_UNIX_SECONDS,UNRESOLVED_REQUIRES_MANUAL_BINDING
1776455100,1776455400,VIX,VIX,M5,Bid,20.08,20.12,20.07,20.12,26,20,0,MT5_PY_API_UNIX_SECONDS,UNRESOLVED_REQUIRES_MANUAL_BINDING
1776455400,1776455700,VIX,VIX,M5,Bid,20.12,20.12,20.07,20.07,13,20,0,MT5_PY_API_UNIX_SECONDS,UNRESOLVED_REQUIRES_MANUAL_BINDING
1776455700,1776456000,VIX,VIX,M5,Bid,20.08,20.08,20.02,20.02,24,20,0,MT5_PY_API_UNIX_SECONDS,UNRESOLVED_REQUIRES_MANUAL_BINDING
1776456000,1776456300,VIX,VIX,M5,Bid,20.03,20.03,19.96,19.97,20,20,0,MT5_PY_API_UNIX_SECONDS,UNRESOLVED_REQUIRES_MANUAL_BINDING
1776456300,1776456600,VIX,VIX,M5,Bid,19.96,20.07,19.96,20.01,100,20,0,MT5_PY_API_UNIX_SECONDS,UNRESOLVED_REQUIRES_MANUAL_BINDING
1776456600,1776456900,VIX,VIX,M5,Bid,20.02,20.06,20.01,20.03,46,20,0,MT5_PY_API_UNIX_SECONDS,UNRESOLVED_REQUIRES_MANUAL_BINDING
1776456900,1776457200,VIX,VIX,M5,Bid,20.03,20.03,19.96,19.97,57,20,0,MT5_PY_API_UNIX_SECONDS,UNRESOLVED_REQUIRES_MANUAL_BINDING
1776457200,1776457500,VIX,VIX,M5,Bid,19.98,20.18,19.96,20.11,175,20,0,MT5_PY_API_UNIX_SECONDS,UNRESOLVED_REQUIRES_MANUAL_BINDING
1776457500,1776457800,VIX,VIX,M5,Bid,20.08,20.08,19.96,19.97,129,20,0,MT5_PY_API_UNIX_SECONDS,UNRESOLVED_REQUIRES_MANUAL_BINDING
1776457800,1776458100,VIX,VIX,M5,Bid,19.96,19.98,19.93,19.97,74,20,0,MT5_PY_API_UNIX_SECONDS,UNRESOLVED_REQUIRES_MANUAL_BINDING
1776458100,1776458400,VIX,VIX,M5,Bid,19.98,19.98,19.88,19.88,39,20,0,MT5_PY_API_UNIX_SECONDS,UNRESOLVED_REQUIRES_MANUAL_BINDING
1776458400,1776458700,VIX,VIX,M5,Bid,19.89,19.93,19.88,19.93,58,20,0,MT5_PY_API_UNIX_SECONDS,UNRESOLVED_REQUIRES_MANUAL_BINDING
1776458700,1776459000,VIX,VIX,M5,Bid,19.93,19.93,19.88,19.92,46,20,0,MT5_PY_API_UNIX_SECONDS,UNRESOLVED_REQUIRES_MANUAL_BINDING
1776459000,1776459300,VIX,VIX,M5,Bid,19.91,19.93,19.91,19.93,21,20,0,MT5_PY_API_UNIX_SECONDS,UNRESOLVED_REQUIRES_MANUAL_BINDING
1776459300,1776459600,VIX,VIX,M5,Bid,19.93,19.98,19.92,19.97,21,20,0,MT5_PY_API_UNIX_SECONDS,UNRESOLVED_REQUIRES_MANUAL_BINDING
1776459600,1776459900,VIX,VIX,M5,Bid,19.97,20.01,19.96,19.98,34,20,0,MT5_PY_API_UNIX_SECONDS,UNRESOLVED_REQUIRES_MANUAL_BINDING
1776459900,1776460200,VIX,VIX,M5,Bid,19.98,20.06,19.97,20.03,43,20,0,MT5_PY_API_UNIX_SECONDS,UNRESOLVED_REQUIRES_MANUAL_BINDING
1776460200,1776460500,VIX,VIX,M5,Bid,20.02,20.03,20.01,20.02,44,20,0,MT5_PY_API_UNIX_SECONDS,UNRESOLVED_REQUIRES_MANUAL_BINDING
1776460500,1776460800,VIX,VIX,M5,Bid,20.01,20.02,19.96,20.01,39,20,0,MT5_PY_API_UNIX_SECONDS,UNRESOLVED_REQUIRES_MANUAL_BINDING
1776460800,1776461100,VIX,VIX,M5,Bid,20.02,20.03,19.97,20.01,86,20,0,MT5_PY_API_UNIX_SECONDS,UNRESOLVED_REQUIRES_MANUAL_BINDING
1776461100,1776461400,VIX,VIX,M5,Bid,20.02,20.02,19.97,19.98,32,20,0,MT5_PY_API_UNIX_SECONDS,UNRESOLVED_REQUIRES_MANUAL_BINDING
1776461400,1776461700,VIX,VIX,M5,Bid,19.98,19.98,19.92,19.92,33,20,0,MT5_PY_API_UNIX_SECONDS,UNRESOLVED_REQUIRES_MANUAL_BINDING
1776461700,1776462000,VIX,VIX,M5,Bid,19.93,19.96,19.92,19.93,53,20,0,MT5_PY_API_UNIX_SECONDS,UNRESOLVED_REQUIRES_MANUAL_BINDING
1776462000,1776462300,VIX,VIX,M5,Bid,19.94,19.98,19.92,19.93,59,20,0,MT5_PY_API_UNIX_SECONDS,UNRESOLVED_REQUIRES_MANUAL_BINDING
1776462300,1776462600,VIX,VIX,M5,Bid,19.93,19.98,19.92,19.97,29,20,0,MT5_PY_API_UNIX_SECONDS,UNRESOLVED_REQUIRES_MANUAL_BINDING
1776462600,1776462900,VIX,VIX,M5,Bid,19.97,20.02,19.96,20.01,79,20,0,MT5_PY_API_UNIX_SECONDS,UNRESOLVED_REQUIRES_MANUAL_BINDING
1776462900,1776463200,VIX,VIX,M5,Bid,20.02,20.03,19.98,20.02,70,20,0,MT5_PY_API_UNIX_SECONDS,UNRESOLVED_REQUIRES_MANUAL_BINDING
1776463200,1776463500,VIX,VIX,M5,Bid,20.03,20.07,20.02,20.07,24,20,0,MT5_PY_API_UNIX_SECONDS,UNRESOLVED_REQUIRES_MANUAL_BINDING
1776463500,1776463800,VIX,VIX,M5,Bid,20.08,20.12,20.06,20.12,33,20,0,MT5_PY_API_UNIX_SECONDS,UNRESOLVED_REQUIRES_MANUAL_BINDING
1776463800,1776464100,VIX,VIX,M5,Bid,20.11,20.13,20.11,20.12,22,20,0,MT5_PY_API_UNIX_SECONDS,UNRESOLVED_REQUIRES_MANUAL_BINDING
1776464100,1776464400,VIX,VIX,M5,Bid,20.11,20.11,20.06,20.07,21,20,0,MT5_PY_API_UNIX_SECONDS,UNRESOLVED_REQUIRES_MANUAL_BINDING
1776464400,1776464700,VIX,VIX,M5,Bid,20.06,20.12,20.06,20.08,29,20,0,MT5_PY_API_UNIX_SECONDS,UNRESOLVED_REQUIRES_MANUAL_BINDING
1776464700,1776465000,VIX,VIX,M5,Bid,20.07,20.11,20.06,20.08,23,20,0,MT5_PY_API_UNIX_SECONDS,UNRESOLVED_REQUIRES_MANUAL_BINDING
1776465000,1776465300,VIX,VIX,M5,Bid,20.07,20.08,20.02,20.03,28,20,0,MT5_PY_API_UNIX_SECONDS,UNRESOLVED_REQUIRES_MANUAL_BINDING
1776465300,1776465600,VIX,VIX,M5,Bid,20.03,20.03,19.97,19.97,24,20,0,MT5_PY_API_UNIX_SECONDS,UNRESOLVED_REQUIRES_MANUAL_BINDING
1776465600,1776465900,VIX,VIX,M5,Bid,19.97,19.97,19.96,19.97,18,20,0,MT5_PY_API_UNIX_SECONDS,UNRESOLVED_REQUIRES_MANUAL_BINDING
1776465900,1776466200,VIX,VIX,M5,Bid,19.97,20.02,19.96,20.02,16,20,0,MT5_PY_API_UNIX_SECONDS,UNRESOLVED_REQUIRES_MANUAL_BINDING
1776466200,1776466500,VIX,VIX,M5,Bid,19.98,20.12,19.97,20.12,56,20,0,MT5_PY_API_UNIX_SECONDS,UNRESOLVED_REQUIRES_MANUAL_BINDING
1776466500,1776466800,VIX,VIX,M5,Bid,20.12,20.18,20.11,20.17,39,20,0,MT5_PY_API_UNIX_SECONDS,UNRESOLVED_REQUIRES_MANUAL_BINDING
1776466800,1776467100,VIX,VIX,M5,Bid,20.16,20.17,20.16,20.17,19,20,0,MT5_PY_API_UNIX_SECONDS,UNRESOLVED_REQUIRES_MANUAL_BINDING
1776467100,1776467400,VIX,VIX,M5,Bid,20.17,20.22,20.16,20.22,10,20,0,MT5_PY_API_UNIX_SECONDS,UNRESOLVED_REQUIRES_MANUAL_BINDING
1776467400,1776467700,VIX,VIX,M5,Bid,20.22,20.22,20.18,20.21,7,20,0,MT5_PY_API_UNIX_SECONDS,UNRESOLVED_REQUIRES_MANUAL_BINDING
1776468600,1776468900,VIX,VIX,M5,Bid,20.26,20.27,20.26,20.27,9,20,0,MT5_PY_API_UNIX_SECONDS,UNRESOLVED_REQUIRES_MANUAL_BINDING
1776468900,1776469200,VIX,VIX,M5,Bid,20.27,20.27,20.24,20.26,16,20,0,MT5_PY_API_UNIX_SECONDS,UNRESOLVED_REQUIRES_MANUAL_BINDING
1776469200,1776469500,VIX,VIX,M5,Bid,20.27,20.27,20.27,20.27,2,20,0,MT5_PY_API_UNIX_SECONDS,UNRESOLVED_REQUIRES_MANUAL_BINDING
1776469800,1776470100,VIX,VIX,M5,Bid,20.27,20.27,20.27,20.27,3,20,0,MT5_PY_API_UNIX_SECONDS,UNRESOLVED_REQUIRES_MANUAL_BINDING
1776470100,1776470400,VIX,VIX,M5,Bid,20.27,20.27,20.27,20.27,5,20,0,MT5_PY_API_UNIX_SECONDS,UNRESOLVED_REQUIRES_MANUAL_BINDING
1776646800,1776647100,VIX,VIX,M5,Bid,21.22,21.5,20.98,21.12,373,20,0,MT5_PY_API_UNIX_SECONDS,UNRESOLVED_REQUIRES_MANUAL_BINDING
1776647100,1776647400,VIX,VIX,M5,Bid,21.11,21.13,20.97,20.97,61,20,0,MT5_PY_API_UNIX_SECONDS,UNRESOLVED_REQUIRES_MANUAL_BINDING
1776647400,1776647700,VIX,VIX,M5,Bid,20.98,21.04,20.92,21.04,100,20,0,MT5_PY_API_UNIX_SECONDS,UNRESOLVED_REQUIRES_MANUAL_BINDING
1776647700,1776648000,VIX,VIX,M5,Bid,21.06,21.06,20.92,20.93,43,20,0,MT5_PY_API_UNIX_SECONDS,UNRESOLVED_REQUIRES_MANUAL_BINDING
1776648000,1776648300,VIX,VIX,M5,Bid,20.93,21.01,20.92,20.99,39,20,0,MT5_PY_API_UNIX_SECONDS,UNRESOLVED_REQUIRES_MANUAL_BINDING
1776648300,1776648600,VIX,VIX,M5,Bid,20.98,21.06,20.93,21.06,67,20,0,MT5_PY_API_UNIX_SECONDS,UNRESOLVED_REQUIRES_MANUAL_BINDING
1776648600,1776648900,VIX,VIX,M5,Bid,21.07,21.11,20.98,20.98,37,20,0,MT5_PY_API_UNIX_SECONDS,UNRESOLVED_REQUIRES_MANUAL_BINDING
1776648900,1776649200,VIX,VIX,M5,Bid,20.97,20.99,20.96,20.98,10,20,0,MT5_PY_API_UNIX_SECONDS,UNRESOLVED_REQUIRES_MANUAL_BINDING
1776649200,1776649500,VIX,VIX,M5,Bid,20.97,20.98,20.88,20.9,31,20,0,MT5_PY_API_UNIX_SECONDS,UNRESOLVED_REQUIRES_MANUAL_BINDING
1776649500,1776649800,VIX,VIX,M5,Bid,20.93,20.93,20.88,20.9,37,20,0,MT5_PY_API_UNIX_SECONDS,UNRESOLVED_REQUIRES_MANUAL_BINDING
1776649800,1776650100,VIX,VIX,M5,Bid,20.88,20.92,20.87,20.91,18,20,0,MT5_PY_API_UNIX_SECONDS,UNRESOLVED_REQUIRES_MANUAL_BINDING
1776650100,1776650400,VIX,VIX,M5,Bid,20.9,20.92,20.88,20.91,18,20,0,MT5_PY_API_UNIX_SECONDS,UNRESOLVED_REQUIRES_MANUAL_BINDING
1776650400,1776650700,VIX,VIX,M5,Bid,20.92,20.93,20.91,20.91,20,20,0,MT5_PY_API_UNIX_SECONDS,UNRESOLVED_REQUIRES_MANUAL_BINDING
1776650700,1776651000,VIX,VIX,M5,Bid,20.92,20.93,20.91,20.92,15,20,0,MT5_PY_API_UNIX_SECONDS,UNRESOLVED_REQUIRES_MANUAL_BINDING
1776651000,1776651300,VIX,VIX,M5,Bid,20.91,20.93,20.91,20.93,20,20,0,MT5_PY_API_UNIX_SECONDS,UNRESOLVED_REQUIRES_MANUAL_BINDING
1776651300,1776651600,VIX,VIX,M5,Bid,20.92,20.93,20.92,20.92,11,20,0,MT5_PY_API_UNIX_SECONDS,UNRESOLVED_REQUIRES_MANUAL_BINDING
1776651600,1776651900,VIX,VIX,M5,Bid,20.93,20.93,20.91,20.92,20,20,0,MT5_PY_API_UNIX_SECONDS,UNRESOLVED_REQUIRES_MANUAL_BINDING
1776651900,1776652200,VIX,VIX,M5,Bid,20.93,20.98,20.92,20.97,5,20,0,MT5_PY_API_UNIX_SECONDS,UNRESOLVED_REQUIRES_MANUAL_BINDING
1776652200,1776652500,VIX,VIX,M5,Bid,20.98,20.98,20.97,20.97,10,20,0,MT5_PY_API_UNIX_SECONDS,UNRESOLVED_REQUIRES_MANUAL_BINDING
1776652500,1776652800,VIX,VIX,M5,Bid,20.98,20.98,20.97,20.97,19,20,0,MT5_PY_API_UNIX_SECONDS,UNRESOLVED_REQUIRES_MANUAL_BINDING
1776652800,1776653100,VIX,VIX,M5,Bid,20.98,21.02,20.97,21.01,13,20,0,MT5_PY_API_UNIX_SECONDS,UNRESOLVED_REQUIRES_MANUAL_BINDING
1776653100,1776653400,VIX,VIX,M5,Bid,21.02,21.07,21.01,21.02,42,20,0,MT5_PY_API_UNIX_SECONDS,UNRESOLVED_REQUIRES_MANUAL_BINDING
1776653400,1776653700,VIX,VIX,M5,Bid,21.03,21.03,20.98,21.02,26,20,0,MT5_PY_API_UNIX_SECONDS,UNRESOLVED_REQUIRES_MANUAL_BINDING
1776653700,1776654000,VIX,VIX,M5,Bid,21.01,21.02,21.01,21.02,11,20,0,MT5_PY_API_UNIX_SECONDS,UNRESOLVED_REQUIRES_MANUAL_BINDING
1776654000,1776654300,VIX,VIX,M5,Bid,21.01,21.06,20.92,20.92,64,20,0,MT5_PY_API_UNIX_SECONDS,UNRESOLVED_REQUIRES_MANUAL_BINDING
1776654300,1776654600,VIX,VIX,M5,Bid,20.93,20.95,20.88,20.91,68,20,0,MT5_PY_API_UNIX_SECONDS,UNRESOLVED_REQUIRES_MANUAL_BINDING
1776654600,1776654900,VIX,VIX,M5,Bid,20.9,20.91,20.86,20.91,53,20,0,MT5_PY_API_UNIX_SECONDS,UNRESOLVED_REQUIRES_MANUAL_BINDING
1776654900,1776655200,VIX,VIX,M5,Bid,20.9,20.91,20.82,20.82,53,20,0,MT5_PY_API_UNIX_SECONDS,UNRESOLVED_REQUIRES_MANUAL_BINDING
1776655200,1776655500,VIX,VIX,M5,Bid,20.83,20.86,20.81,20.82,35,20,0,MT5_PY_API_UNIX_SECONDS,UNRESOLVED_REQUIRES_MANUAL_BINDING
1776655500,1776655800,VIX,VIX,M5,Bid,20.83,20.86,20.77,20.78,35,20,0,MT5_PY_API_UNIX_SECONDS,UNRESOLVED_REQUIRES_MANUAL_BINDING
1776655800,1776656100,VIX,VIX,M5,Bid,20.77,20.81,20.77,20.78,37,20,0,MT5_PY_API_UNIX_SECONDS,UNRESOLVED_REQUIRES_MANUAL_BINDING
1776656100,1776656400,VIX,VIX,M5,Bid,20.79,20.83,20.79,20.82,21,21,0,MT5_PY_API_UNIX_SECONDS,UNRESOLVED_REQUIRES_MANUAL_BINDING
1776656400,1776656700,VIX,VIX,M5,Bid,20.81,20.81,20.77,20.78,26,20,0,MT5_PY_API_UNIX_SECONDS,UNRESOLVED_REQUIRES_MANUAL_BINDING
1776656700,1776657000,VIX,VIX,M5,Bid,20.77,20.78,20.77,20.77,15,20,0,MT5_PY_API_UNIX_SECONDS,UNRESOLVED_REQUIRES_MANUAL_BINDING
1776657000,1776657300,VIX,VIX,M5,Bid,20.77,20.77,20.77,20.77,1,21,0,MT5_PY_API_UNIX_SECONDS,UNRESOLVED_REQUIRES_MANUAL_BINDING
1776657600,1776657900,VIX,VIX,M5,Bid,20.76,20.77,20.72,20.72,44,20,0,MT5_PY_API_UNIX_SECONDS,UNRESOLVED_REQUIRES_MANUAL_BINDING
1776657900,1776658200,VIX,VIX,M5,Bid,20.73,20.73,20.67,20.71,47,20,0,MT5_PY_API_UNIX_SECONDS,UNRESOLVED_REQUIRES_MANUAL_BINDING
1776658200,1776658500,VIX,VIX,M5,Bid,20.7,20.7,20.67,20.67,37,20,0,MT5_PY_API_UNIX_SECONDS,UNRESOLVED_REQUIRES_MANUAL_BINDING
1776658500,1776658800,VIX,VIX,M5,Bid,20.68,20.71,20.67,20.71,35,20,0,MT5_PY_API_UNIX_SECONDS,UNRESOLVED_REQUIRES_MANUAL_BINDING
1776658800,1776659100,VIX,VIX,M5,Bid,20.68,20.71,20.67,20.71,21,20,0,MT5_PY_API_UNIX_SECONDS,UNRESOLVED_REQUIRES_MANUAL_BINDING
1776659100,1776659400,VIX,VIX,M5,Bid,20.72,20.72,20.71,20.71,4,20,0,MT5_PY_API_UNIX_SECONDS,UNRESOLVED_REQUIRES_MANUAL_BINDING
1776659400,1776659700,VIX,VIX,M5,Bid,20.68,20.68,20.67,20.67,24,20,0,MT5_PY_API_UNIX_SECONDS,UNRESOLVED_REQUIRES_MANUAL_BINDING
1776659700,1776660000,VIX,VIX,M5,Bid,20.68,20.68,20.62,20.62,52,20,0,MT5_PY_API_UNIX_SECONDS,UNRESOLVED_REQUIRES_MANUAL_BINDING
1776660000,1776660300,VIX,VIX,M5,Bid,20.63,20.63,20.61,20.63,10,20,0,MT5_PY_API_UNIX_SECONDS,UNRESOLVED_REQUIRES_MANUAL_BINDING
1776660300,1776660600,VIX,VIX,M5,Bid,20.62,20.62,20.62,20.62,1,21,0,MT5_PY_API_UNIX_SECONDS,UNRESOLVED_REQUIRES_MANUAL_BINDING
1776660600,1776660900,VIX,VIX,M5,Bid,20.63,20.63,20.58,20.61,9,20,0,MT5_PY_API_UNIX_SECONDS,UNRESOLVED_REQUIRES_MANUAL_BINDING
1776660900,1776661200,VIX,VIX,M5,Bid,20.59,20.62,20.58,20.62,18,20,0,MT5_PY_API_UNIX_SECONDS,UNRESOLVED_REQUIRES_MANUAL_BINDING
1776661200,1776661500,VIX,VIX,M5,Bid,20.63,20.67,20.63,20.66,17,20,0,MT5_PY_API_UNIX_SECONDS,UNRESOLVED_REQUIRES_MANUAL_BINDING
1776661500,1776661800,VIX,VIX,M5,Bid,20.67,20.68,20.67,20.67,3,20,0,MT5_PY_API_UNIX_SECONDS,UNRESOLVED_REQUIRES_MANUAL_BINDING
1776661800,1776662100,VIX,VIX,M5,Bid,20.68,20.68,20.67,20.67,34,20,0,MT5_PY_API_UNIX_SECONDS,UNRESOLVED_REQUIRES_MANUAL_BINDING
1776662100,1776662400,VIX,VIX,M5,Bid,20.68,20.68,20.67,20.68,7,20,0,MT5_PY_API_UNIX_SECONDS,UNRESOLVED_REQUIRES_MANUAL_BINDING
1776662400,1776662700,VIX,VIX,M5,Bid,20.69,20.69,20.68,20.68,2,21,0,MT5_PY_API_UNIX_SECONDS,UNRESOLVED_REQUIRES_MANUAL_BINDING
1776663000,1776663300,VIX,VIX,M5,Bid,20.68,20.68,20.68,20.68,4,20,0,MT5_PY_API_UNIX_SECONDS,UNRESOLVED_REQUIRES_MANUAL_BINDING
1776663300,1776663600,VIX,VIX,M5,Bid,20.68,20.68,20.68,20.68,1,21,0,MT5_PY_API_UNIX_SECONDS,UNRESOLVED_REQUIRES_MANUAL_BINDING
1776663600,1776663900,VIX,VIX,M5,Bid,20.69,20.69,20.68,20.68,2,21,0,MT5_PY_API_UNIX_SECONDS,UNRESOLVED_REQUIRES_MANUAL_BINDING
1776663900,1776664200,VIX,VIX,M5,Bid,20.69,20.69,20.67,20.68,5,20,0,MT5_PY_API_UNIX_SECONDS,UNRESOLVED_REQUIRES_MANUAL_BINDING
1776664200,1776664500,VIX,VIX,M5,Bid,20.67,20.68,20.67,20.67,3,20,0,MT5_PY_API_UNIX_SECONDS,UNRESOLVED_REQUIRES_MANUAL_BINDING
1776664500,1776664800,VIX,VIX,M5,Bid,20.66,20.67,20.66,20.66,3,20,0,MT5_PY_API_UNIX_SECONDS,UNRESOLVED_REQUIRES_MANUAL_BINDING
1776664800,1776665100,VIX,VIX,M5,Bid,20.65,20.67,20.65,20.67,8,20,0,MT5_PY_API_UNIX_SECONDS,UNRESOLVED_REQUIRES_MANUAL_BINDING
1776665100,1776665400,VIX,VIX,M5,Bid,20.66,20.67,20.66,20.67,2,20,0,MT5_PY_API_UNIX_SECONDS,UNRESOLVED_REQUIRES_MANUAL_BINDING
1776665400,1776665700,VIX,VIX,M5,Bid,20.68,20.68,20.67,20.67,12,20,0,MT5_PY_API_UNIX_SECONDS,UNRESOLVED_REQUIRES_MANUAL_BINDING
1776665700,1776666000,VIX,VIX,M5,Bid,20.68,20.68,20.67,20.67,8,21,0,MT5_PY_API_UNIX_SECONDS,UNRESOLVED_REQUIRES_MANUAL_BINDING
1776666300,1776666600,VIX,VIX,M5,Bid,20.68,20.68,20.67,20.67,4,21,0,MT5_PY_API_UNIX_SECONDS,UNRESOLVED_REQUIRES_MANUAL_BINDING
1776666600,1776666900,VIX,VIX,M5,Bid,20.67,20.68,20.67,20.67,5,20,0,MT5_PY_API_UNIX_SECONDS,UNRESOLVED_REQUIRES_MANUAL_BINDING
1776666900,1776667200,VIX,VIX,M5,Bid,20.67,20.68,20.67,20.67,9,21,0,MT5_PY_API_UNIX_SECONDS,UNRESOLVED_REQUIRES_MANUAL_BINDING
1776667200,1776667500,VIX,VIX,M5,Bid,20.68,20.68,20.67,20.67,17,20,0,MT5_PY_API_UNIX_SECONDS,UNRESOLVED_REQUIRES_MANUAL_BINDING
1776667500,1776667800,VIX,VIX,M5,Bid,20.68,20.68,20.67,20.68,5,20,0,MT5_PY_API_UNIX_SECONDS,UNRESOLVED_REQUIRES_MANUAL_BINDING
1776667800,1776668100,VIX,VIX,M5,Bid,20.67,20.67,20.67,20.67,1,21,0,MT5_PY_API_UNIX_SECONDS,UNRESOLVED_REQUIRES_MANUAL_BINDING
1776668100,1776668400,VIX,VIX,M5,Bid,20.68,20.68,20.68,20.68,1,21,0,MT5_PY_API_UNIX_SECONDS,UNRESOLVED_REQUIRES_MANUAL_BINDING
1776668400,1776668700,VIX,VIX,M5,Bid,20.69,20.71,20.68,20.71,11,20,0,MT5_PY_API_UNIX_SECONDS,UNRESOLVED_REQUIRES_MANUAL_BINDING
1776668700,1776669000,VIX,VIX,M5,Bid,20.69,20.71,20.68,20.68,4,21,0,MT5_PY_API_UNIX_SECONDS,UNRESOLVED_REQUIRES_MANUAL_BINDING
1776669000,1776669300,VIX,VIX,M5,Bid,20.69,20.71,20.68,20.68,10,20,0,MT5_PY_API_UNIX_SECONDS,UNRESOLVED_REQUIRES_MANUAL_BINDING
1776669300,1776669600,VIX,VIX,M5,Bid,20.71,20.71,20.68,20.71,10,21,0,MT5_PY_API_UNIX_SECONDS,UNRESOLVED_REQUIRES_MANUAL_BINDING
1776669900,1776670200,VIX,VIX,M5,Bid,20.72,20.72,20.71,20.72,16,20,0,MT5_PY_API_UNIX_SECONDS,UNRESOLVED_REQUIRES_MANUAL_BINDING
1776670200,1776670500,VIX,VIX,M5,Bid,20.72,20.72,20.71,20.71,9,20,0,MT5_PY_API_UNIX_SECONDS,UNRESOLVED_REQUIRES_MANUAL_BINDING
1776670500,1776670800,VIX,VIX,M5,Bid,20.72,20.72,20.71,20.71,30,20,0,MT5_PY_API_UNIX_SECONDS,UNRESOLVED_REQUIRES_MANUAL_BINDING
1776670800,1776671100,VIX,VIX,M5,Bid,20.72,20.72,20.68,20.68,16,21,0,MT5_PY_API_UNIX_SECONDS,UNRESOLVED_REQUIRES_MANUAL_BINDING
1776671100,1776671400,VIX,VIX,M5,Bid,20.67,20.67,20.63,20.66,6,20,0,MT5_PY_API_UNIX_SECONDS,UNRESOLVED_REQUIRES_MANUAL_BINDING
1776671400,1776671700,VIX,VIX,M5,Bid,20.67,20.71,20.67,20.68,16,21,0,MT5_PY_API_UNIX_SECONDS,UNRESOLVED_REQUIRES_MANUAL_BINDING
1776672300,1776672600,VIX,VIX,M5,Bid,20.7,20.72,20.7,20.71,8,20,0,MT5_PY_API_UNIX_SECONDS,UNRESOLVED_REQUIRES_MANUAL_BINDING
1776672900,1776673200,VIX,VIX,M5,Bid,20.7,20.71,20.68,20.71,17,20,0,MT5_PY_API_UNIX_SECONDS,UNRESOLVED_REQUIRES_MANUAL_BINDING
1776673500,1776673800,VIX,VIX,M5,Bid,20.72,20.74,20.71,20.73,6,20,0,MT5_PY_API_UNIX_SECONDS,UNRESOLVED_REQUIRES_MANUAL_BINDING
1776673800,1776674100,VIX,VIX,M5,Bid,20.74,20.77,20.74,20.76,6,20,0,MT5_PY_API_UNIX_SECONDS,UNRESOLVED_REQUIRES_MANUAL_BINDING
1776674100,1776674400,VIX,VIX,M5,Bid,20.77,20.77,20.76,20.77,7,20,0,MT5_PY_API_UNIX_SECONDS,UNRESOLVED_REQUIRES_MANUAL_BINDING
1776674400,1776674700,VIX,VIX,M5,Bid,20.78,20.84,20.78,20.84,12,21,0,MT5_PY_API_UNIX_SECONDS,UNRESOLVED_REQUIRES_MANUAL_BINDING
1776674700,1776675000,VIX,VIX,M5,Bid,20.83,20.86,20.83,20.86,9,21,0,MT5_PY_API_UNIX_SECONDS,UNRESOLVED_REQUIRES_MANUAL_BINDING
1776675000,1776675300,VIX,VIX,M5,Bid,20.87,20.87,20.83,20.83,16,20,0,MT5_PY_API_UNIX_SECONDS,UNRESOLVED_REQUIRES_MANUAL_BINDING
1776675300,1776675600,VIX,VIX,M5,Bid,20.86,20.87,20.83,20.87,10,20,0,MT5_PY_API_UNIX_SECONDS,UNRESOLVED_REQUIRES_MANUAL_BINDING
1776675600,1776675900,VIX,VIX,M5,Bid,20.87,20.87,20.81,20.82,14,20,0,MT5_PY_API_UNIX_SECONDS,UNRESOLVED_REQUIRES_MANUAL_BINDING
1776675900,1776676200,VIX,VIX,M5,Bid,20.82,20.82,20.81,20.82,3,20,0,MT5_PY_API_UNIX_SECONDS,UNRESOLVED_REQUIRES_MANUAL_BINDING
1776676200,1776676500,VIX,VIX,M5,Bid,20.83,20.83,20.82,20.82,2,20,0,MT5_PY_API_UNIX_SECONDS,UNRESOLVED_REQUIRES_MANUAL_BINDING
1776676500,1776676800,VIX,VIX,M5,Bid,20.83,20.83,20.82,20.82,14,20,0,MT5_PY_API_UNIX_SECONDS,UNRESOLVED_REQUIRES_MANUAL_BINDING
1776676800,1776677100,VIX,VIX,M5,Bid,20.83,20.83,20.82,20.82,22,20,0,MT5_PY_API_UNIX_SECONDS,UNRESOLVED_REQUIRES_MANUAL_BINDING
1776677100,1776677400,VIX,VIX,M5,Bid,20.83,20.83,20.81,20.82,12,20,0,MT5_PY_API_UNIX_SECONDS,UNRESOLVED_REQUIRES_MANUAL_BINDING
1776677400,1776677700,VIX,VIX,M5,Bid,20.81,20.82,20.79,20.82,24,20,0,MT5_PY_API_UNIX_SECONDS,UNRESOLVED_REQUIRES_MANUAL_BINDING
1776677700,1776678000,VIX,VIX,M5,Bid,20.82,20.88,20.82,20.87,12,20,0,MT5_PY_API_UNIX_SECONDS,UNRESOLVED_REQUIRES_MANUAL_BINDING
1776678000,1776678300,VIX,VIX,M5,Bid,20.88,20.88,20.87,20.88,3,21,0,MT5_PY_API_UNIX_SECONDS,UNRESOLVED_REQUIRES_MANUAL_BINDING
1776678300,1776678600,VIX,VIX,M5,Bid,20.87,20.92,20.87,20.92,17,20,0,MT5_PY_API_UNIX_SECONDS,UNRESOLVED_REQUIRES_MANUAL_BINDING
1776678600,1776678900,VIX,VIX,M5,Bid,20.93,20.93,20.91,20.92,6,21,0,MT5_PY_API_UNIX_SECONDS,UNRESOLVED_REQUIRES_MANUAL_BINDING
1776678900,1776679200,VIX,VIX,M5,Bid,20.93,20.97,20.83,20.87,98,20,0,MT5_PY_API_UNIX_SECONDS,UNRESOLVED_REQUIRES_MANUAL_BINDING
1776679200,1776679500,VIX,VIX,M5,Bid,20.87,20.92,20.83,20.87,59,20,0,MT5_PY_API_UNIX_SECONDS,UNRESOLVED_REQUIRES_MANUAL_BINDING
1776679500,1776679800,VIX,VIX,M5,Bid,20.86,20.87,20.83,20.83,65,20,0,MT5_PY_API_UNIX_SECONDS,UNRESOLVED_REQUIRES_MANUAL_BINDING
1776679800,1776680100,VIX,VIX,M5,Bid,20.83,20.83,20.82,20.82,6,21,0,MT5_PY_API_UNIX_SECONDS,UNRESOLVED_REQUIRES_MANUAL_BINDING
1776680100,1776680400,VIX,VIX,M5,Bid,20.83,20.87,20.82,20.83,33,20,0,MT5_PY_API_UNIX_SECONDS,UNRESOLVED_REQUIRES_MANUAL_BINDING
1776680400,1776680700,VIX,VIX,M5,Bid,20.84,20.86,20.81,20.83,35,20,0,MT5_PY_API_UNIX_SECONDS,UNRESOLVED_REQUIRES_MANUAL_BINDING
1776680700,1776681000,VIX,VIX,M5,Bid,20.85,20.92,20.83,20.91,37,20,0,MT5_PY_API_UNIX_SECONDS,UNRESOLVED_REQUIRES_MANUAL_BINDING
1776681000,1776681300,VIX,VIX,M5,Bid,20.88,21.0,20.87,20.88,102,20,0,MT5_PY_API_UNIX_SECONDS,UNRESOLVED_REQUIRES_MANUAL_BINDING
1776681300,1776681600,VIX,VIX,M5,Bid,20.89,20.93,20.88,20.91,65,20,0,MT5_PY_API_UNIX_SECONDS,UNRESOLVED_REQUIRES_MANUAL_BINDING
1776681600,1776681900,VIX,VIX,M5,Bid,20.9,20.91,20.87,20.88,21,20,0,MT5_PY_API_UNIX_SECONDS,UNRESOLVED_REQUIRES_MANUAL_BINDING
1776681900,1776682200,VIX,VIX,M5,Bid,20.89,20.93,20.87,20.88,61,20,0,MT5_PY_API_UNIX_SECONDS,UNRESOLVED_REQUIRES_MANUAL_BINDING
1776682200,1776682500,VIX,VIX,M5,Bid,20.89,20.95,20.87,20.93,30,20,0,MT5_PY_API_UNIX_SECONDS,UNRESOLVED_REQUIRES_MANUAL_BINDING
1776682500,1776682800,VIX,VIX,M5,Bid,20.92,20.95,20.88,20.88,67,20,0,MT5_PY_API_UNIX_SECONDS,UNRESOLVED_REQUIRES_MANUAL_BINDING
1776682800,1776683100,VIX,VIX,M5,Bid,20.89,20.91,20.82,20.87,30,20,0,MT5_PY_API_UNIX_SECONDS,UNRESOLVED_REQUIRES_MANUAL_BINDING
1776683100,1776683400,VIX,VIX,M5,Bid,20.88,20.93,20.87,20.92,43,20,0,MT5_PY_API_UNIX_SECONDS,UNRESOLVED_REQUIRES_MANUAL_BINDING
1776683400,1776683700,VIX,VIX,M5,Bid,20.93,20.93,20.87,20.91,61,20,0,MT5_PY_API_UNIX_SECONDS,UNRESOLVED_REQUIRES_MANUAL_BINDING
1776683700,1776684000,VIX,VIX,M5,Bid,20.9,20.92,20.88,20.91,44,20,0,MT5_PY_API_UNIX_SECONDS,UNRESOLVED_REQUIRES_MANUAL_BINDING
1776684000,1776684300,VIX,VIX,M5,Bid,20.92,20.92,20.87,20.88,54,20,0,MT5_PY_API_UNIX_SECONDS,UNRESOLVED_REQUIRES_MANUAL_BINDING
1776684300,1776684600,VIX,VIX,M5,Bid,20.87,20.87,20.83,20.83,8,20,0,MT5_PY_API_UNIX_SECONDS,UNRESOLVED_REQUIRES_MANUAL_BINDING
1776684600,1776684900,VIX,VIX,M5,Bid,20.83,20.87,20.83,20.87,13,20,0,MT5_PY_API_UNIX_SECONDS,UNRESOLVED_REQUIRES_MANUAL_BINDING
1776684900,1776685200,VIX,VIX,M5,Bid,20.87,20.87,20.86,20.86,7,20,0,MT5_PY_API_UNIX_SECONDS,UNRESOLVED_REQUIRES_MANUAL_BINDING
1776685200,1776685500,VIX,VIX,M5,Bid,20.87,20.88,20.86,20.87,9,20,0,MT5_PY_API_UNIX_SECONDS,UNRESOLVED_REQUIRES_MANUAL_BINDING
1776685500,1776685800,VIX,VIX,M5,Bid,20.86,20.88,20.86,20.86,13,20,0,MT5_PY_API_UNIX_SECONDS,UNRESOLVED_REQUIRES_MANUAL_BINDING
1776685800,1776686100,VIX,VIX,M5,Bid,20.83,20.83,20.82,20.82,10,20,0,MT5_PY_API_UNIX_SECONDS,UNRESOLVED_REQUIRES_MANUAL_BINDING
1776686100,1776686400,VIX,VIX,M5,Bid,20.83,20.83,20.76,20.77,31,20,0,MT5_PY_API_UNIX_SECONDS,UNRESOLVED_REQUIRES_MANUAL_BINDING
1776686400,1776686700,VIX,VIX,M5,Bid,20.78,20.78,20.71,20.72,40,20,0,MT5_PY_API_UNIX_SECONDS,UNRESOLVED_REQUIRES_MANUAL_BINDING
1776686700,1776687000,VIX,VIX,M5,Bid,20.72,20.73,20.71,20.72,30,20,0,MT5_PY_API_UNIX_SECONDS,UNRESOLVED_REQUIRES_MANUAL_BINDING
1776687000,1776687300,VIX,VIX,M5,Bid,20.73,20.77,20.73,20.73,22,20,0,MT5_PY_API_UNIX_SECONDS,UNRESOLVED_REQUIRES_MANUAL_BINDING
1776687300,1776687600,VIX,VIX,M5,Bid,20.73,20.78,20.72,20.76,11,20,0,MT5_PY_API_UNIX_SECONDS,UNRESOLVED_REQUIRES_MANUAL_BINDING
1776687600,1776687900,VIX,VIX,M5,Bid,20.77,20.77,20.73,20.73,38,20,0,MT5_PY_API_UNIX_SECONDS,UNRESOLVED_REQUIRES_MANUAL_BINDING
1776687900,1776688200,VIX,VIX,M5,Bid,20.75,20.77,20.73,20.73,38,20,0,MT5_PY_API_UNIX_SECONDS,UNRESOLVED_REQUIRES_MANUAL_BINDING
1776688200,1776688500,VIX,VIX,M5,Bid,20.73,20.73,20.72,20.73,4,20,0,MT5_PY_API_UNIX_SECONDS,UNRESOLVED_REQUIRES_MANUAL_BINDING
1776688500,1776688800,VIX,VIX,M5,Bid,20.73,20.73,20.72,20.72,6,20,0,MT5_PY_API_UNIX_SECONDS,UNRESOLVED_REQUIRES_MANUAL_BINDING
1776688800,1776689100,VIX,VIX,M5,Bid,20.71,20.72,20.71,20.72,2,21,0,MT5_PY_API_UNIX_SECONDS,UNRESOLVED_REQUIRES_MANUAL_BINDING
1776689700,1776690000,VIX,VIX,M5,Bid,20.71,20.72,20.71,20.72,14,20,0,MT5_PY_API_UNIX_SECONDS,UNRESOLVED_REQUIRES_MANUAL_BINDING
1776690000,1776690300,VIX,VIX,M5,Bid,20.72,20.72,20.71,20.72,3,20,0,MT5_PY_API_UNIX_SECONDS,UNRESOLVED_REQUIRES_MANUAL_BINDING
1776690300,1776690600,VIX,VIX,M5,Bid,20.72,20.72,20.62,20.63,18,20,0,MT5_PY_API_UNIX_SECONDS,UNRESOLVED_REQUIRES_MANUAL_BINDING
1776690600,1776690900,VIX,VIX,M5,Bid,20.63,20.63,20.58,20.62,14,20,0,MT5_PY_API_UNIX_SECONDS,UNRESOLVED_REQUIRES_MANUAL_BINDING
1776690900,1776691200,VIX,VIX,M5,Bid,20.62,20.62,20.56,20.57,13,20,0,MT5_PY_API_UNIX_SECONDS,UNRESOLVED_REQUIRES_MANUAL_BINDING
1776691200,1776691500,VIX,VIX,M5,Bid,20.58,20.62,20.57,20.62,12,20,0,MT5_PY_API_UNIX_SECONDS,UNRESOLVED_REQUIRES_MANUAL_BINDING
1776691500,1776691800,VIX,VIX,M5,Bid,20.63,20.63,20.62,20.62,3,20,0,MT5_PY_API_UNIX_SECONDS,UNRESOLVED_REQUIRES_MANUAL_BINDING
1776691800,1776692100,VIX,VIX,M5,Bid,20.63,20.67,20.63,20.67,7,20,0,MT5_PY_API_UNIX_SECONDS,UNRESOLVED_REQUIRES_MANUAL_BINDING
1776692100,1776692400,VIX,VIX,M5,Bid,20.67,20.67,20.63,20.63,13,20,0,MT5_PY_API_UNIX_SECONDS,UNRESOLVED_REQUIRES_MANUAL_BINDING
1776692400,1776692700,VIX,VIX,M5,Bid,20.63,20.67,20.63,20.67,7,20,0,MT5_PY_API_UNIX_SECONDS,UNRESOLVED_REQUIRES_MANUAL_BINDING
1776692700,1776693000,VIX,VIX,M5,Bid,20.67,20.67,20.67,20.67,2,21,0,MT5_PY_API_UNIX_SECONDS,UNRESOLVED_REQUIRES_MANUAL_BINDING
1776693000,1776693300,VIX,VIX,M5,Bid,20.67,20.67,20.62,20.66,47,20,0,MT5_PY_API_UNIX_SECONDS,UNRESOLVED_REQUIRES_MANUAL_BINDING
1776693300,1776693600,VIX,VIX,M5,Bid,20.67,20.67,20.62,20.63,35,20,0,MT5_PY_API_UNIX_SECONDS,UNRESOLVED_REQUIRES_MANUAL_BINDING
1776693600,1776693900,VIX,VIX,M5,Bid,20.63,20.72,20.62,20.68,33,20,0,MT5_PY_API_UNIX_SECONDS,UNRESOLVED_REQUIRES_MANUAL_BINDING
1776693900,1776694200,VIX,VIX,M5,Bid,20.68,20.68,20.66,20.67,7,20,0,MT5_PY_API_UNIX_SECONDS,UNRESOLVED_REQUIRES_MANUAL_BINDING
1776694200,1776694500,VIX,VIX,M5,Bid,20.66,20.72,20.66,20.67,12,20,0,MT5_PY_API_UNIX_SECONDS,UNRESOLVED_REQUIRES_MANUAL_BINDING
1776694500,1776694800,VIX,VIX,M5,Bid,20.66,20.68,20.66,20.68,18,20,0,MT5_PY_API_UNIX_SECONDS,UNRESOLVED_REQUIRES_MANUAL_BINDING
1776694800,1776695100,VIX,VIX,M5,Bid,20.67,20.72,20.67,20.72,46,20,0,MT5_PY_API_UNIX_SECONDS,UNRESOLVED_REQUIRES_MANUAL_BINDING
1776695100,1776695400,VIX,VIX,M5,Bid,20.72,20.73,20.71,20.73,7,20,0,MT5_PY_API_UNIX_SECONDS,UNRESOLVED_REQUIRES_MANUAL_BINDING
1776695400,1776695700,VIX,VIX,M5,Bid,20.74,20.76,20.67,20.68,65,20,0,MT5_PY_API_UNIX_SECONDS,UNRESOLVED_REQUIRES_MANUAL_BINDING
1776695700,1776696000,VIX,VIX,M5,Bid,20.7,20.72,20.67,20.68,72,20,0,MT5_PY_API_UNIX_SECONDS,UNRESOLVED_REQUIRES_MANUAL_BINDING
1776696000,1776696300,VIX,VIX,M5,Bid,20.68,20.71,20.67,20.67,55,20,0,MT5_PY_API_UNIX_SECONDS,UNRESOLVED_REQUIRES_MANUAL_BINDING
1776696300,1776696600,VIX,VIX,M5,Bid,20.66,20.66,20.62,20.63,7,20,0,MT5_PY_API_UNIX_SECONDS,UNRESOLVED_REQUIRES_MANUAL_BINDING
1776696600,1776696900,VIX,VIX,M5,Bid,20.63,20.63,20.62,20.63,15,20,0,MT5_PY_API_UNIX_SECONDS,UNRESOLVED_REQUIRES_MANUAL_BINDING
1776696900,1776697200,VIX,VIX,M5,Bid,20.63,20.63,20.61,20.61,15,20,0,MT5_PY_API_UNIX_SECONDS,UNRESOLVED_REQUIRES_MANUAL_BINDING
1776697200,1776697500,VIX,VIX,M5,Bid,20.62,20.63,20.53,20.58,33,20,0,MT5_PY_API_UNIX_SECONDS,UNRESOLVED_REQUIRES_MANUAL_BINDING
1776697500,1776697800,VIX,VIX,M5,Bid,20.57,20.58,20.56,20.58,19,20,0,MT5_PY_API_UNIX_SECONDS,UNRESOLVED_REQUIRES_MANUAL_BINDING
1776697800,1776698100,VIX,VIX,M5,Bid,20.57,20.59,20.57,20.58,16,20,0,MT5_PY_API_UNIX_SECONDS,UNRESOLVED_REQUIRES_MANUAL_BINDING
1776698100,1776698400,VIX,VIX,M5,Bid,20.58,20.58,20.56,20.56,7,20,0,MT5_PY_API_UNIX_SECONDS,UNRESOLVED_REQUIRES_MANUAL_BINDING
1776698400,1776698700,VIX,VIX,M5,Bid,20.57,20.57,20.53,20.56,42,20,0,MT5_PY_API_UNIX_SECONDS,UNRESOLVED_REQUIRES_MANUAL_BINDING
1776698700,1776699000,VIX,VIX,M5,Bid,20.57,20.57,20.56,20.57,5,20,0,MT5_PY_API_UNIX_SECONDS,UNRESOLVED_REQUIRES_MANUAL_BINDING
1776699000,1776699300,VIX,VIX,M5,Bid,20.57,20.57,20.51,20.52,39,20,0,MT5_PY_API_UNIX_SECONDS,UNRESOLVED_REQUIRES_MANUAL_BINDING
1776699300,1776699600,VIX,VIX,M5,Bid,20.53,20.61,20.52,20.57,39,20,0,MT5_PY_API_UNIX_SECONDS,UNRESOLVED_REQUIRES_MANUAL_BINDING
1776699600,1776699900,VIX,VIX,M5,Bid,20.56,20.57,20.52,20.53,40,20,0,MT5_PY_API_UNIX_SECONDS,UNRESOLVED_REQUIRES_MANUAL_BINDING
1776699900,1776700200,VIX,VIX,M5,Bid,20.53,20.53,20.51,20.52,47,20,0,MT5_PY_API_UNIX_SECONDS,UNRESOLVED_REQUIRES_MANUAL_BINDING
1776700200,1776700500,VIX,VIX,M5,Bid,20.53,20.57,20.51,20.56,35,20,0,MT5_PY_API_UNIX_SECONDS,UNRESOLVED_REQUIRES_MANUAL_BINDING
1776700500,1776700800,VIX,VIX,M5,Bid,20.57,20.58,20.56,20.57,7,20,0,MT5_PY_API_UNIX_SECONDS,UNRESOLVED_REQUIRES_MANUAL_BINDING
1776700800,1776701100,VIX,VIX,M5,Bid,20.58,20.58,20.57,20.57,2,20,0,MT5_PY_API_UNIX_SECONDS,UNRESOLVED_REQUIRES_MANUAL_BINDING
1776701100,1776701400,VIX,VIX,M5,Bid,20.57,20.61,20.48,20.57,165,20,0,MT5_PY_API_UNIX_SECONDS,UNRESOLVED_REQUIRES_MANUAL_BINDING
1776701400,1776701700,VIX,VIX,M5,Bid,20.57,20.57,20.51,20.52,45,20,0,MT5_PY_API_UNIX_SECONDS,UNRESOLVED_REQUIRES_MANUAL_BINDING
1776701700,1776702000,VIX,VIX,M5,Bid,20.51,20.53,20.51,20.52,8,21,0,MT5_PY_API_UNIX_SECONDS,UNRESOLVED_REQUIRES_MANUAL_BINDING
1776702000,1776702300,VIX,VIX,M5,Bid,20.53,20.53,20.51,20.51,17,20,0,MT5_PY_API_UNIX_SECONDS,UNRESOLVED_REQUIRES_MANUAL_BINDING
1776702300,1776702600,VIX,VIX,M5,Bid,20.52,20.52,20.42,20.43,24,20,0,MT5_PY_API_UNIX_SECONDS,UNRESOLVED_REQUIRES_MANUAL_BINDING
1776702600,1776702900,VIX,VIX,M5,Bid,20.42,20.43,20.38,20.41,65,20,0,MT5_PY_API_UNIX_SECONDS,UNRESOLVED_REQUIRES_MANUAL_BINDING
1776702900,1776703200,VIX,VIX,M5,Bid,20.38,20.51,20.38,20.47,64,20,0,MT5_PY_API_UNIX_SECONDS,UNRESOLVED_REQUIRES_MANUAL_BINDING
1776703200,1776703500,VIX,VIX,M5,Bid,20.48,20.52,20.38,20.38,108,20,0,MT5_PY_API_UNIX_SECONDS,UNRESOLVED_REQUIRES_MANUAL_BINDING
1776703500,1776703800,VIX,VIX,M5,Bid,20.39,20.42,20.37,20.42,30,20,0,MT5_PY_API_UNIX_SECONDS,UNRESOLVED_REQUIRES_MANUAL_BINDING
1776703800,1776704100,VIX,VIX,M5,Bid,20.41,20.42,20.37,20.38,34,20,0,MT5_PY_API_UNIX_SECONDS,UNRESOLVED_REQUIRES_MANUAL_BINDING
1776704100,1776704400,VIX,VIX,M5,Bid,20.38,20.42,20.37,20.41,18,20,0,MT5_PY_API_UNIX_SECONDS,UNRESOLVED_REQUIRES_MANUAL_BINDING
1776704400,1776704700,VIX,VIX,M5,Bid,20.42,20.53,20.41,20.52,78,20,0,MT5_PY_API_UNIX_SECONDS,UNRESOLVED_REQUIRES_MANUAL_BINDING
1776704700,1776705000,VIX,VIX,M5,Bid,20.53,20.57,20.48,20.52,56,20,0,MT5_PY_API_UNIX_SECONDS,UNRESOLVED_REQUIRES_MANUAL_BINDING
1776705000,1776705300,VIX,VIX,M5,Bid,20.53,20.62,20.52,20.57,94,20,0,MT5_PY_API_UNIX_SECONDS,UNRESOLVED_REQUIRES_MANUAL_BINDING
1776705300,1776705600,VIX,VIX,M5,Bid,20.58,20.63,20.57,20.61,85,20,0,MT5_PY_API_UNIX_SECONDS,UNRESOLVED_REQUIRES_MANUAL_BINDING
1776705600,1776705900,VIX,VIX,M5,Bid,20.58,20.61,20.56,20.58,28,20,0,MT5_PY_API_UNIX_SECONDS,UNRESOLVED_REQUIRES_MANUAL_BINDING
1776705900,1776706200,VIX,VIX,M5,Bid,20.58,20.66,20.57,20.62,35,20,0,MT5_PY_API_UNIX_SECONDS,UNRESOLVED_REQUIRES_MANUAL_BINDING
1776706200,1776706500,VIX,VIX,M5,Bid,20.63,20.68,20.62,20.67,67,20,0,MT5_PY_API_UNIX_SECONDS,UNRESOLVED_REQUIRES_MANUAL_BINDING
1776706500,1776706800,VIX,VIX,M5,Bid,20.68,20.71,20.62,20.66,59,20,0,MT5_PY_API_UNIX_SECONDS,UNRESOLVED_REQUIRES_MANUAL_BINDING
1776706800,1776707100,VIX,VIX,M5,Bid,20.67,20.71,20.62,20.63,58,20,0,MT5_PY_API_UNIX_SECONDS,UNRESOLVED_REQUIRES_MANUAL_BINDING
1776707100,1776707400,VIX,VIX,M5,Bid,20.63,20.63,20.53,20.56,53,20,0,MT5_PY_API_UNIX_SECONDS,UNRESOLVED_REQUIRES_MANUAL_BINDING
1776707400,1776707700,VIX,VIX,M5,Bid,20.57,20.86,20.56,20.67,375,20,0,MT5_PY_API_UNIX_SECONDS,UNRESOLVED_REQUIRES_MANUAL_BINDING
1776707700,1776708000,VIX,VIX,M5,Bid,20.68,20.72,20.66,20.67,70,20,0,MT5_PY_API_UNIX_SECONDS,UNRESOLVED_REQUIRES_MANUAL_BINDING
1776708000,1776708300,VIX,VIX,M5,Bid,20.66,20.78,20.62,20.76,108,20,0,MT5_PY_API_UNIX_SECONDS,UNRESOLVED_REQUIRES_MANUAL_BINDING
1776708300,1776708600,VIX,VIX,M5,Bid,20.77,20.82,20.72,20.77,117,20,0,MT5_PY_API_UNIX_SECONDS,UNRESOLVED_REQUIRES_MANUAL_BINDING
1776708600,1776708900,VIX,VIX,M5,Bid,20.78,20.78,20.67,20.68,107,20,0,MT5_PY_API_UNIX_SECONDS,UNRESOLVED_REQUIRES_MANUAL_BINDING
1776708900,1776709200,VIX,VIX,M5,Bid,20.71,20.77,20.67,20.68,44,20,0,MT5_PY_API_UNIX_SECONDS,UNRESOLVED_REQUIRES_MANUAL_BINDING
1776709200,1776709500,VIX,VIX,M5,Bid,20.71,20.72,20.57,20.62,228,20,0,MT5_PY_API_UNIX_SECONDS,UNRESOLVED_REQUIRES_MANUAL_BINDING
1776709500,1776709800,VIX,VIX,M5,Bid,20.63,20.63,20.56,20.57,69,20,0,MT5_PY_API_UNIX_SECONDS,UNRESOLVED_REQUIRES_MANUAL_BINDING
1776709800,1776710100,VIX,VIX,M5,Bid,20.58,20.72,20.58,20.67,101,20,0,MT5_PY_API_UNIX_SECONDS,UNRESOLVED_REQUIRES_MANUAL_BINDING
1776710100,1776710400,VIX,VIX,M5,Bid,20.68,20.73,20.67,20.67,44,20,0,MT5_PY_API_UNIX_SECONDS,UNRESOLVED_REQUIRES_MANUAL_BINDING
1776710400,1776710700,VIX,VIX,M5,Bid,20.67,20.67,20.62,20.66,82,20,0,MT5_PY_API_UNIX_SECONDS,UNRESOLVED_REQUIRES_MANUAL_BINDING
1776710700,1776711000,VIX,VIX,M5,Bid,20.65,20.67,20.58,20.62,39,20,0,MT5_PY_API_UNIX_SECONDS,UNRESOLVED_REQUIRES_MANUAL_BINDING
1776711000,1776711300,VIX,VIX,M5,Bid,20.61,20.63,20.57,20.58,54,20,0,MT5_PY_API_UNIX_SECONDS,UNRESOLVED_REQUIRES_MANUAL_BINDING
1776711300,1776711600,VIX,VIX,M5,Bid,20.57,20.58,20.56,20.57,12,20,0,MT5_PY_API_UNIX_SECONDS,UNRESOLVED_REQUIRES_MANUAL_BINDING
1776711600,1776711900,VIX,VIX,M5,Bid,20.57,20.62,20.53,20.62,16,20,0,MT5_PY_API_UNIX_SECONDS,UNRESOLVED_REQUIRES_MANUAL_BINDING
1776711900,1776712200,VIX,VIX,M5,Bid,20.62,20.62,20.52,20.52,47,20,0,MT5_PY_API_UNIX_SECONDS,UNRESOLVED_REQUIRES_MANUAL_BINDING
1776712200,1776712500,VIX,VIX,M5,Bid,20.52,20.52,20.51,20.52,23,20,0,MT5_PY_API_UNIX_SECONDS,UNRESOLVED_REQUIRES_MANUAL_BINDING
1776712500,1776712800,VIX,VIX,M5,Bid,20.53,20.56,20.48,20.48,20,20,0,MT5_PY_API_UNIX_SECONDS,UNRESOLVED_REQUIRES_MANUAL_BINDING
1776712800,1776713100,VIX,VIX,M5,Bid,20.47,20.52,20.47,20.48,18,20,0,MT5_PY_API_UNIX_SECONDS,UNRESOLVED_REQUIRES_MANUAL_BINDING
1776713100,1776713400,VIX,VIX,M5,Bid,20.48,20.51,20.47,20.48,18,20,0,MT5_PY_API_UNIX_SECONDS,UNRESOLVED_REQUIRES_MANUAL_BINDING
1776713400,1776713700,VIX,VIX,M5,Bid,20.48,20.48,20.46,20.47,17,20,0,MT5_PY_API_UNIX_SECONDS,UNRESOLVED_REQUIRES_MANUAL_BINDING
1776713700,1776714000,VIX,VIX,M5,Bid,20.48,20.51,20.47,20.47,38,20,0,MT5_PY_API_UNIX_SECONDS,UNRESOLVED_REQUIRES_MANUAL_BINDING
1776714000,1776714300,VIX,VIX,M5,Bid,20.48,20.52,20.43,20.48,17,20,0,MT5_PY_API_UNIX_SECONDS,UNRESOLVED_REQUIRES_MANUAL_BINDING
1776714300,1776714600,VIX,VIX,M5,Bid,20.48,20.52,20.47,20.52,22,20,0,MT5_PY_API_UNIX_SECONDS,UNRESOLVED_REQUIRES_MANUAL_BINDING
1776714600,1776714900,VIX,VIX,M5,Bid,20.52,20.53,20.51,20.52,15,20,0,MT5_PY_API_UNIX_SECONDS,UNRESOLVED_REQUIRES_MANUAL_BINDING
1776715200,1776715500,VIX,VIX,M5,Bid,20.53,20.57,20.52,20.56,65,20,0,MT5_PY_API_UNIX_SECONDS,UNRESOLVED_REQUIRES_MANUAL_BINDING
1776715500,1776715800,VIX,VIX,M5,Bid,20.57,20.57,20.52,20.53,24,20,0,MT5_PY_API_UNIX_SECONDS,UNRESOLVED_REQUIRES_MANUAL_BINDING
1776715800,1776716100,VIX,VIX,M5,Bid,20.56,20.56,20.52,20.52,24,20,0,MT5_PY_API_UNIX_SECONDS,UNRESOLVED_REQUIRES_MANUAL_BINDING
1776716100,1776716400,VIX,VIX,M5,Bid,20.52,20.52,20.48,20.48,27,20,0,MT5_PY_API_UNIX_SECONDS,UNRESOLVED_REQUIRES_MANUAL_BINDING
1776716400,1776716700,VIX,VIX,M5,Bid,20.51,20.53,20.51,20.52,28,20,0,MT5_PY_API_UNIX_SECONDS,UNRESOLVED_REQUIRES_MANUAL_BINDING
1776716700,1776717000,VIX,VIX,M5,Bid,20.51,20.53,20.51,20.52,14,20,0,MT5_PY_API_UNIX_SECONDS,UNRESOLVED_REQUIRES_MANUAL_BINDING
1776717000,1776717300,VIX,VIX,M5,Bid,20.53,20.62,20.53,20.58,27,20,0,MT5_PY_API_UNIX_SECONDS,UNRESOLVED_REQUIRES_MANUAL_BINDING
1776717300,1776717600,VIX,VIX,M5,Bid,20.57,20.62,20.56,20.61,40,20,0,MT5_PY_API_UNIX_SECONDS,UNRESOLVED_REQUIRES_MANUAL_BINDING
1776717600,1776717900,VIX,VIX,M5,Bid,20.62,20.66,20.57,20.63,26,20,0,MT5_PY_API_UNIX_SECONDS,UNRESOLVED_REQUIRES_MANUAL_BINDING
1776717900,1776718200,VIX,VIX,M5,Bid,20.63,20.63,20.58,20.61,16,20,0,MT5_PY_API_UNIX_SECONDS,UNRESOLVED_REQUIRES_MANUAL_BINDING
1776718200,1776718500,VIX,VIX,M5,Bid,20.62,20.62,20.57,20.57,19,20,0,MT5_PY_API_UNIX_SECONDS,UNRESOLVED_REQUIRES_MANUAL_BINDING
1776718500,1776718800,VIX,VIX,M5,Bid,20.58,20.58,20.57,20.57,16,20,0,MT5_PY_API_UNIX_SECONDS,UNRESOLVED_REQUIRES_MANUAL_BINDING
1776718800,1776719100,VIX,VIX,M5,Bid,20.58,20.62,20.58,20.61,16,20,0,MT5_PY_API_UNIX_SECONDS,UNRESOLVED_REQUIRES_MANUAL_BINDING
1776719100,1776719400,VIX,VIX,M5,Bid,20.58,20.58,20.56,20.57,14,20,0,MT5_PY_API_UNIX_SECONDS,UNRESOLVED_REQUIRES_MANUAL_BINDING
1776719400,1776719700,VIX,VIX,M5,Bid,20.57,20.66,20.56,20.62,55,20,0,MT5_PY_API_UNIX_SECONDS,UNRESOLVED_REQUIRES_MANUAL_BINDING
1776719700,1776720000,VIX,VIX,M5,Bid,20.63,20.63,20.57,20.58,30,20,0,MT5_PY_API_UNIX_SECONDS,UNRESOLVED_REQUIRES_MANUAL_BINDING
1776720000,1776720300,VIX,VIX,M5,Bid,20.57,20.58,20.56,20.56,14,20,0,MT5_PY_API_UNIX_SECONDS,UNRESOLVED_REQUIRES_MANUAL_BINDING
1776720300,1776720600,VIX,VIX,M5,Bid,20.53,20.63,20.53,20.58,56,20,0,MT5_PY_API_UNIX_SECONDS,UNRESOLVED_REQUIRES_MANUAL_BINDING
1776720600,1776720900,VIX,VIX,M5,Bid,20.57,20.61,20.57,20.57,19,20,0,MT5_PY_API_UNIX_SECONDS,UNRESOLVED_REQUIRES_MANUAL_BINDING
1776720900,1776721200,VIX,VIX,M5,Bid,20.61,20.62,20.58,20.62,20,20,0,MT5_PY_API_UNIX_SECONDS,UNRESOLVED_REQUIRES_MANUAL_BINDING
1776721200,1776721500,VIX,VIX,M5,Bid,20.62,20.62,20.57,20.58,14,20,0,MT5_PY_API_UNIX_SECONDS,UNRESOLVED_REQUIRES_MANUAL_BINDING
1776721500,1776721800,VIX,VIX,M5,Bid,20.61,20.62,20.57,20.58,49,20,0,MT5_PY_API_UNIX_SECONDS,UNRESOLVED_REQUIRES_MANUAL_BINDING
1776721800,1776722100,VIX,VIX,M5,Bid,20.58,20.58,20.57,20.57,5,20,0,MT5_PY_API_UNIX_SECONDS,UNRESOLVED_REQUIRES_MANUAL_BINDING
1776722100,1776722400,VIX,VIX,M5,Bid,20.57,20.57,20.57,20.57,2,20,0,MT5_PY_API_UNIX_SECONDS,UNRESOLVED_REQUIRES_MANUAL_BINDING
1776722400,1776722700,VIX,VIX,M5,Bid,20.57,20.58,20.57,20.57,5,20,0,MT5_PY_API_UNIX_SECONDS,UNRESOLVED_REQUIRES_MANUAL_BINDING
1776722700,1776723000,VIX,VIX,M5,Bid,20.57,20.57,20.56,20.57,16,20,0,MT5_PY_API_UNIX_SECONDS,UNRESOLVED_REQUIRES_MANUAL_BINDING
1776723600,1776723900,VIX,VIX,M5,Bid,20.62,20.62,20.61,20.62,14,20,0,MT5_PY_API_UNIX_SECONDS,UNRESOLVED_REQUIRES_MANUAL_BINDING
1776723900,1776724200,VIX,VIX,M5,Bid,20.67,20.67,20.63,20.63,20,20,0,MT5_PY_API_UNIX_SECONDS,UNRESOLVED_REQUIRES_MANUAL_BINDING
1776724200,1776724500,VIX,VIX,M5,Bid,20.64,20.67,20.63,20.67,16,20,0,MT5_PY_API_UNIX_SECONDS,UNRESOLVED_REQUIRES_MANUAL_BINDING
1776724800,1776725100,VIX,VIX,M5,Bid,20.68,20.73,20.68,20.73,5,20,0,MT5_PY_API_UNIX_SECONDS,UNRESOLVED_REQUIRES_MANUAL_BINDING
1776725100,1776725400,VIX,VIX,M5,Bid,20.73,20.77,20.72,20.72,19,20,0,MT5_PY_API_UNIX_SECONDS,UNRESOLVED_REQUIRES_MANUAL_BINDING
1776725400,1776725700,VIX,VIX,M5,Bid,20.68,20.72,20.52,20.57,18,20,0,MT5_PY_API_UNIX_SECONDS,UNRESOLVED_REQUIRES_MANUAL_BINDING
1776725700,1776726000,VIX,VIX,M5,Bid,20.58,20.58,20.47,20.47,22,20,0,MT5_PY_API_UNIX_SECONDS,UNRESOLVED_REQUIRES_MANUAL_BINDING
1776726000,1776726300,VIX,VIX,M5,Bid,20.48,20.48,20.42,20.47,14,20,0,MT5_PY_API_UNIX_SECONDS,UNRESOLVED_REQUIRES_MANUAL_BINDING
1776726300,1776726600,VIX,VIX,M5,Bid,20.47,20.47,20.42,20.42,18,20,0,MT5_PY_API_UNIX_SECONDS,UNRESOLVED_REQUIRES_MANUAL_BINDING
1776727800,1776728100,VIX,VIX,M5,Bid,20.41,20.42,20.37,20.37,22,20,0,MT5_PY_API_UNIX_SECONDS,UNRESOLVED_REQUIRES_MANUAL_BINDING
1776728400,1776728700,VIX,VIX,M5,Bid,20.38,20.38,20.37,20.37,6,20,0,MT5_PY_API_UNIX_SECONDS,UNRESOLVED_REQUIRES_MANUAL_BINDING
1776728700,1776729000,VIX,VIX,M5,Bid,20.38,20.38,20.37,20.37,11,20,0,MT5_PY_API_UNIX_SECONDS,UNRESOLVED_REQUIRES_MANUAL_BINDING
1776733200,1776733500,VIX,VIX,M5,Bid,20.32,20.4,20.32,20.35,14,20,0,MT5_PY_API_UNIX_SECONDS,UNRESOLVED_REQUIRES_MANUAL_BINDING
1776733500,1776733800,VIX,VIX,M5,Bid,20.32,20.35,20.32,20.35,2,20,0,MT5_PY_API_UNIX_SECONDS,UNRESOLVED_REQUIRES_MANUAL_BINDING
1776733800,1776734100,VIX,VIX,M5,Bid,20.37,20.4,20.35,20.4,12,20,0,MT5_PY_API_UNIX_SECONDS,UNRESOLVED_REQUIRES_MANUAL_BINDING
1776734100,1776734400,VIX,VIX,M5,Bid,20.37,20.4,20.35,20.4,4,20,0,MT5_PY_API_UNIX_SECONDS,UNRESOLVED_REQUIRES_MANUAL_BINDING
1776734400,1776734700,VIX,VIX,M5,Bid,20.36,20.36,20.33,20.35,6,20,0,MT5_PY_API_UNIX_SECONDS,UNRESOLVED_REQUIRES_MANUAL_BINDING
1776734700,1776735000,VIX,VIX,M5,Bid,20.36,20.36,20.36,20.36,1,21,0,MT5_PY_API_UNIX_SECONDS,UNRESOLVED_REQUIRES_MANUAL_BINDING
1776735000,1776735300,VIX,VIX,M5,Bid,20.35,20.35,20.35,20.35,1,21,0,MT5_PY_API_UNIX_SECONDS,UNRESOLVED_REQUIRES_MANUAL_BINDING
1776735300,1776735600,VIX,VIX,M5,Bid,20.37,20.38,20.36,20.37,9,20,0,MT5_PY_API_UNIX_SECONDS,UNRESOLVED_REQUIRES_MANUAL_BINDING
1776736200,1776736500,VIX,VIX,M5,Bid,20.37,20.37,20.37,20.37,1,20,0,MT5_PY_API_UNIX_SECONDS,UNRESOLVED_REQUIRES_MANUAL_BINDING
1776736500,1776736800,VIX,VIX,M5,Bid,20.37,20.37,20.37,20.37,1,21,0,MT5_PY_API_UNIX_SECONDS,UNRESOLVED_REQUIRES_MANUAL_BINDING
1776737700,1776738000,VIX,VIX,M5,Bid,20.38,20.38,20.37,20.37,2,21,0,MT5_PY_API_UNIX_SECONDS,UNRESOLVED_REQUIRES_MANUAL_BINDING
1776738000,1776738300,VIX,VIX,M5,Bid,20.38,20.41,20.37,20.38,6,21,0,MT5_PY_API_UNIX_SECONDS,UNRESOLVED_REQUIRES_MANUAL_BINDING
1776738300,1776738600,VIX,VIX,M5,Bid,20.41,20.41,20.41,20.41,1,21,0,MT5_PY_API_UNIX_SECONDS,UNRESOLVED_REQUIRES_MANUAL_BINDING
1776738900,1776739200,VIX,VIX,M5,Bid,20.39,20.39,20.38,20.38,2,21,0,MT5_PY_API_UNIX_SECONDS,UNRESOLVED_REQUIRES_MANUAL_BINDING
1776739500,1776739800,VIX,VIX,M5,Bid,20.39,20.39,20.38,20.38,2,21,0,MT5_PY_API_UNIX_SECONDS,UNRESOLVED_REQUIRES_MANUAL_BINDING
1776739800,1776740100,VIX,VIX,M5,Bid,20.41,20.41,20.38,20.41,7,21,0,MT5_PY_API_UNIX_SECONDS,UNRESOLVED_REQUIRES_MANUAL_BINDING
1776740100,1776740400,VIX,VIX,M5,Bid,20.4,20.41,20.38,20.38,16,21,0,MT5_PY_API_UNIX_SECONDS,UNRESOLVED_REQUIRES_MANUAL_BINDING
1776740400,1776740700,VIX,VIX,M5,Bid,20.37,20.38,20.37,20.38,3,21,0,MT5_PY_API_UNIX_SECONDS,UNRESOLVED_REQUIRES_MANUAL_BINDING
1776740700,1776741000,VIX,VIX,M5,Bid,20.38,20.38,20.37,20.38,11,20,0,MT5_PY_API_UNIX_SECONDS,UNRESOLVED_REQUIRES_MANUAL_BINDING
1776741000,1776741300,VIX,VIX,M5,Bid,20.37,20.38,20.33,20.38,23,20,0,MT5_PY_API_UNIX_SECONDS,UNRESOLVED_REQUIRES_MANUAL_BINDING
1776741300,1776741600,VIX,VIX,M5,Bid,20.38,20.41,20.38,20.38,26,20,0,MT5_PY_API_UNIX_SECONDS,UNRESOLVED_REQUIRES_MANUAL_BINDING
1776741900,1776742200,VIX,VIX,M5,Bid,20.39,20.41,20.38,20.41,54,20,0,MT5_PY_API_UNIX_SECONDS,UNRESOLVED_REQUIRES_MANUAL_BINDING
1776742200,1776742500,VIX,VIX,M5,Bid,20.4,20.43,20.38,20.42,10,20,0,MT5_PY_API_UNIX_SECONDS,UNRESOLVED_REQUIRES_MANUAL_BINDING
1776742500,1776742800,VIX,VIX,M5,Bid,20.43,20.43,20.42,20.42,13,20,0,MT5_PY_API_UNIX_SECONDS,UNRESOLVED_REQUIRES_MANUAL_BINDING
1776742800,1776743100,VIX,VIX,M5,Bid,20.41,20.42,20.41,20.42,2,20,0,MT5_PY_API_UNIX_SECONDS,UNRESOLVED_REQUIRES_MANUAL_BINDING
1776743100,1776743400,VIX,VIX,M5,Bid,20.41,20.41,20.27,20.33,90,20,0,MT5_PY_API_UNIX_SECONDS,UNRESOLVED_REQUIRES_MANUAL_BINDING
1776743400,1776743700,VIX,VIX,M5,Bid,20.34,20.36,20.32,20.36,25,20,0,MT5_PY_API_UNIX_SECONDS,UNRESOLVED_REQUIRES_MANUAL_BINDING
1776743700,1776744000,VIX,VIX,M5,Bid,20.34,20.36,20.32,20.32,11,20,0,MT5_PY_API_UNIX_SECONDS,UNRESOLVED_REQUIRES_MANUAL_BINDING
1776744000,1776744300,VIX,VIX,M5,Bid,20.33,20.36,20.33,20.33,9,21,0,MT5_PY_API_UNIX_SECONDS,UNRESOLVED_REQUIRES_MANUAL_BINDING
1776744300,1776744600,VIX,VIX,M5,Bid,20.32,20.33,20.32,20.33,17,20,0,MT5_PY_API_UNIX_SECONDS,UNRESOLVED_REQUIRES_MANUAL_BINDING
1776744600,1776744900,VIX,VIX,M5,Bid,20.34,20.37,20.33,20.33,27,20,0,MT5_PY_API_UNIX_SECONDS,UNRESOLVED_REQUIRES_MANUAL_BINDING
1776744900,1776745200,VIX,VIX,M5,Bid,20.34,20.37,20.33,20.33,9,20,0,MT5_PY_API_UNIX_SECONDS,UNRESOLVED_REQUIRES_MANUAL_BINDING
1776745200,1776745500,VIX,VIX,M5,Bid,20.33,20.33,20.32,20.33,5,20,0,MT5_PY_API_UNIX_SECONDS,UNRESOLVED_REQUIRES_MANUAL_BINDING
1776745500,1776745800,VIX,VIX,M5,Bid,20.33,20.33,20.32,20.32,2,20,0,MT5_PY_API_UNIX_SECONDS,UNRESOLVED_REQUIRES_MANUAL_BINDING
1776745800,1776746100,VIX,VIX,M5,Bid,20.32,20.32,20.28,20.31,17,20,0,MT5_PY_API_UNIX_SECONDS,UNRESOLVED_REQUIRES_MANUAL_BINDING
1776746400,1776746700,VIX,VIX,M5,Bid,20.32,20.33,20.31,20.31,5,21,0,MT5_PY_API_UNIX_SECONDS,UNRESOLVED_REQUIRES_MANUAL_BINDING
1776746700,1776747000,VIX,VIX,M5,Bid,20.3,20.31,20.28,20.31,6,20,0,MT5_PY_API_UNIX_SECONDS,UNRESOLVED_REQUIRES_MANUAL_BINDING
1776747000,1776747300,VIX,VIX,M5,Bid,20.32,20.33,20.32,20.33,6,21,0,MT5_PY_API_UNIX_SECONDS,UNRESOLVED_REQUIRES_MANUAL_BINDING
1776747300,1776747600,VIX,VIX,M5,Bid,20.34,20.36,20.33,20.33,19,21,0,MT5_PY_API_UNIX_SECONDS,UNRESOLVED_REQUIRES_MANUAL_BINDING
1776747600,1776747900,VIX,VIX,M5,Bid,20.36,20.37,20.34,20.37,4,20,0,MT5_PY_API_UNIX_SECONDS,UNRESOLVED_REQUIRES_MANUAL_BINDING
1776747900,1776748200,VIX,VIX,M5,Bid,20.38,20.38,20.37,20.37,2,20,0,MT5_PY_API_UNIX_SECONDS,UNRESOLVED_REQUIRES_MANUAL_BINDING
1776748200,1776748500,VIX,VIX,M5,Bid,20.38,20.38,20.38,20.38,1,21,0,MT5_PY_API_UNIX_SECONDS,UNRESOLVED_REQUIRES_MANUAL_BINDING
1776749700,1776750000,VIX,VIX,M5,Bid,20.4,20.42,20.38,20.38,8,20,0,MT5_PY_API_UNIX_SECONDS,UNRESOLVED_REQUIRES_MANUAL_BINDING
1776750300,1776750600,VIX,VIX,M5,Bid,20.4,20.41,20.38,20.38,3,21,0,MT5_PY_API_UNIX_SECONDS,UNRESOLVED_REQUIRES_MANUAL_BINDING
1776750900,1776751200,VIX,VIX,M5,Bid,20.4,20.41,20.4,20.41,2,21,0,MT5_PY_API_UNIX_SECONDS,UNRESOLVED_REQUIRES_MANUAL_BINDING
1776751200,1776751500,VIX,VIX,M5,Bid,20.42,20.42,20.41,20.41,2,20,0,MT5_PY_API_UNIX_SECONDS,UNRESOLVED_REQUIRES_MANUAL_BINDING
1776751500,1776751800,VIX,VIX,M5,Bid,20.41,20.41,20.38,20.41,4,20,0,MT5_PY_API_UNIX_SECONDS,UNRESOLVED_REQUIRES_MANUAL_BINDING
1776752100,1776752400,VIX,VIX,M5,Bid,20.42,20.43,20.41,20.43,12,20,0,MT5_PY_API_UNIX_SECONDS,UNRESOLVED_REQUIRES_MANUAL_BINDING
1776752400,1776752700,VIX,VIX,M5,Bid,20.43,20.43,20.42,20.42,17,20,0,MT5_PY_API_UNIX_SECONDS,UNRESOLVED_REQUIRES_MANUAL_BINDING
1776752700,1776753000,VIX,VIX,M5,Bid,20.41,20.42,20.41,20.41,13,20,0,MT5_PY_API_UNIX_SECONDS,UNRESOLVED_REQUIRES_MANUAL_BINDING
1776753000,1776753300,VIX,VIX,M5,Bid,20.38,20.38,20.38,20.38,1,21,0,MT5_PY_API_UNIX_SECONDS,UNRESOLVED_REQUIRES_MANUAL_BINDING
1776753600,1776753900,VIX,VIX,M5,Bid,20.4,20.42,20.4,20.42,7,20,0,MT5_PY_API_UNIX_SECONDS,UNRESOLVED_REQUIRES_MANUAL_BINDING
1776753900,1776754200,VIX,VIX,M5,Bid,20.41,20.41,20.38,20.38,5,21,0,MT5_PY_API_UNIX_SECONDS,UNRESOLVED_REQUIRES_MANUAL_BINDING
1776756000,1776756300,VIX,VIX,M5,Bid,20.38,20.38,20.38,20.38,1,21,0,MT5_PY_API_UNIX_SECONDS,UNRESOLVED_REQUIRES_MANUAL_BINDING
1776756300,1776756600,VIX,VIX,M5,Bid,20.38,20.38,20.38,20.38,2,20,0,MT5_PY_API_UNIX_SECONDS,UNRESOLVED_REQUIRES_MANUAL_BINDING
1776756600,1776756900,VIX,VIX,M5,Bid,20.38,20.38,20.38,20.38,2,20,0,MT5_PY_API_UNIX_SECONDS,UNRESOLVED_REQUIRES_MANUAL_BINDING
1776756900,1776757200,VIX,VIX,M5,Bid,20.38,20.38,20.38,20.38,1,21,0,MT5_PY_API_UNIX_SECONDS,UNRESOLVED_REQUIRES_MANUAL_BINDING
1776758400,1776758700,VIX,VIX,M5,Bid,20.38,20.38,20.37,20.37,2,20,0,MT5_PY_API_UNIX_SECONDS,UNRESOLVED_REQUIRES_MANUAL_BINDING
1776759600,1776759900,VIX,VIX,M5,Bid,20.38,20.38,20.37,20.37,5,20,0,MT5_PY_API_UNIX_SECONDS,UNRESOLVED_REQUIRES_MANUAL_BINDING
1776759900,1776760200,VIX,VIX,M5,Bid,20.38,20.38,20.37,20.38,8,20,0,MT5_PY_API_UNIX_SECONDS,UNRESOLVED_REQUIRES_MANUAL_BINDING
1776760200,1776760500,VIX,VIX,M5,Bid,20.38,20.38,20.38,20.38,1,21,0,MT5_PY_API_UNIX_SECONDS,UNRESOLVED_REQUIRES_MANUAL_BINDING
1776760800,1776761100,VIX,VIX,M5,Bid,20.37,20.42,20.37,20.42,15,20,0,MT5_PY_API_UNIX_SECONDS,UNRESOLVED_REQUIRES_MANUAL_BINDING
1776761100,1776761400,VIX,VIX,M5,Bid,20.43,20.43,20.43,20.43,2,21,0,MT5_PY_API_UNIX_SECONDS,UNRESOLVED_REQUIRES_MANUAL_BINDING
1776761400,1776761700,VIX,VIX,M5,Bid,20.43,20.43,20.42,20.42,2,20,0,MT5_PY_API_UNIX_SECONDS,UNRESOLVED_REQUIRES_MANUAL_BINDING
1776761700,1776762000,VIX,VIX,M5,Bid,20.43,20.43,20.43,20.43,1,21,0,MT5_PY_API_UNIX_SECONDS,UNRESOLVED_REQUIRES_MANUAL_BINDING
1776762000,1776762300,VIX,VIX,M5,Bid,20.43,20.43,20.41,20.42,8,20,0,MT5_PY_API_UNIX_SECONDS,UNRESOLVED_REQUIRES_MANUAL_BINDING
1776762300,1776762600,VIX,VIX,M5,Bid,20.43,20.43,20.37,20.38,10,20,0,MT5_PY_API_UNIX_SECONDS,UNRESOLVED_REQUIRES_MANUAL_BINDING
1776762600,1776762900,VIX,VIX,M5,Bid,20.38,20.41,20.36,20.38,10,20,0,MT5_PY_API_UNIX_SECONDS,UNRESOLVED_REQUIRES_MANUAL_BINDING
1776762900,1776763200,VIX,VIX,M5,Bid,20.4,20.41,20.38,20.38,8,20,0,MT5_PY_API_UNIX_SECONDS,UNRESOLVED_REQUIRES_MANUAL_BINDING
1776763200,1776763500,VIX,VIX,M5,Bid,20.4,20.41,20.37,20.37,5,20,0,MT5_PY_API_UNIX_SECONDS,UNRESOLVED_REQUIRES_MANUAL_BINDING
1776763500,1776763800,VIX,VIX,M5,Bid,20.38,20.42,20.38,20.42,4,20,0,MT5_PY_API_UNIX_SECONDS,UNRESOLVED_REQUIRES_MANUAL_BINDING
1776763800,1776764100,VIX,VIX,M5,Bid,20.41,20.42,20.41,20.42,9,20,0,MT5_PY_API_UNIX_SECONDS,UNRESOLVED_REQUIRES_MANUAL_BINDING
1776764100,1776764400,VIX,VIX,M5,Bid,20.43,20.43,20.42,20.42,2,20,0,MT5_PY_API_UNIX_SECONDS,UNRESOLVED_REQUIRES_MANUAL_BINDING
1776764400,1776764700,VIX,VIX,M5,Bid,20.41,20.42,20.41,20.42,4,20,0,MT5_PY_API_UNIX_SECONDS,UNRESOLVED_REQUIRES_MANUAL_BINDING
1776764700,1776765000,VIX,VIX,M5,Bid,20.41,20.42,20.41,20.42,12,20,0,MT5_PY_API_UNIX_SECONDS,UNRESOLVED_REQUIRES_MANUAL_BINDING
1776765600,1776765900,VIX,VIX,M5,Bid,20.43,20.47,20.42,20.47,27,20,0,MT5_PY_API_UNIX_SECONDS,UNRESOLVED_REQUIRES_MANUAL_BINDING
1776765900,1776766200,VIX,VIX,M5,Bid,20.46,20.47,20.43,20.46,18,20,0,MT5_PY_API_UNIX_SECONDS,UNRESOLVED_REQUIRES_MANUAL_BINDING
1776766200,1776766500,VIX,VIX,M5,Bid,20.45,20.47,20.43,20.46,50,20,0,MT5_PY_API_UNIX_SECONDS,UNRESOLVED_REQUIRES_MANUAL_BINDING
1776766500,1776766800,VIX,VIX,M5,Bid,20.45,20.47,20.43,20.46,6,20,0,MT5_PY_API_UNIX_SECONDS,UNRESOLVED_REQUIRES_MANUAL_BINDING
1776766800,1776767100,VIX,VIX,M5,Bid,20.45,20.46,20.43,20.46,4,21,0,MT5_PY_API_UNIX_SECONDS,UNRESOLVED_REQUIRES_MANUAL_BINDING
1776767100,1776767400,VIX,VIX,M5,Bid,20.45,20.46,20.42,20.46,126,20,0,MT5_PY_API_UNIX_SECONDS,UNRESOLVED_REQUIRES_MANUAL_BINDING
1776767400,1776767700,VIX,VIX,M5,Bid,20.45,20.46,20.42,20.46,40,20,0,MT5_PY_API_UNIX_SECONDS,UNRESOLVED_REQUIRES_MANUAL_BINDING
1776767700,1776768000,VIX,VIX,M5,Bid,20.45,20.46,20.43,20.46,29,21,0,MT5_PY_API_UNIX_SECONDS,UNRESOLVED_REQUIRES_MANUAL_BINDING
1776768000,1776768300,VIX,VIX,M5,Bid,20.45,20.46,20.41,20.42,16,20,0,MT5_PY_API_UNIX_SECONDS,UNRESOLVED_REQUIRES_MANUAL_BINDING
1776768300,1776768600,VIX,VIX,M5,Bid,20.42,20.42,20.41,20.41,5,20,0,MT5_PY_API_UNIX_SECONDS,UNRESOLVED_REQUIRES_MANUAL_BINDING
1776768600,1776768900,VIX,VIX,M5,Bid,20.4,20.4,20.37,20.38,18,20,0,MT5_PY_API_UNIX_SECONDS,UNRESOLVED_REQUIRES_MANUAL_BINDING
1776768900,1776769200,VIX,VIX,M5,Bid,20.38,20.46,20.37,20.46,9,20,0,MT5_PY_API_UNIX_SECONDS,UNRESOLVED_REQUIRES_MANUAL_BINDING
1776769200,1776769500,VIX,VIX,M5,Bid,20.47,20.47,20.46,20.47,9,20,0,MT5_PY_API_UNIX_SECONDS,UNRESOLVED_REQUIRES_MANUAL_BINDING
1776769500,1776769800,VIX,VIX,M5,Bid,20.46,20.52,20.46,20.47,14,20,0,MT5_PY_API_UNIX_SECONDS,UNRESOLVED_REQUIRES_MANUAL_BINDING
1776769800,1776770100,VIX,VIX,M5,Bid,20.48,20.51,20.48,20.51,43,20,0,MT5_PY_API_UNIX_SECONDS,UNRESOLVED_REQUIRES_MANUAL_BINDING
1776770100,1776770400,VIX,VIX,M5,Bid,20.49,20.51,20.46,20.47,15,20,0,MT5_PY_API_UNIX_SECONDS,UNRESOLVED_REQUIRES_MANUAL_BINDING
1776770400,1776770700,VIX,VIX,M5,Bid,20.46,20.46,20.41,20.42,10,20,0,MT5_PY_API_UNIX_SECONDS,UNRESOLVED_REQUIRES_MANUAL_BINDING
1776770700,1776771000,VIX,VIX,M5,Bid,20.42,20.42,20.36,20.37,7,20,0,MT5_PY_API_UNIX_SECONDS,UNRESOLVED_REQUIRES_MANUAL_BINDING
1776771000,1776771300,VIX,VIX,M5,Bid,20.38,20.41,20.36,20.36,20,20,0,MT5_PY_API_UNIX_SECONDS,UNRESOLVED_REQUIRES_MANUAL_BINDING
1776771300,1776771600,VIX,VIX,M5,Bid,20.37,20.38,20.36,20.36,9,20,0,MT5_PY_API_UNIX_SECONDS,UNRESOLVED_REQUIRES_MANUAL_BINDING
1776771600,1776771900,VIX,VIX,M5,Bid,20.37,20.37,20.31,20.32,11,20,0,MT5_PY_API_UNIX_SECONDS,UNRESOLVED_REQUIRES_MANUAL_BINDING
1776771900,1776772200,VIX,VIX,M5,Bid,20.32,20.32,20.31,20.32,6,20,0,MT5_PY_API_UNIX_SECONDS,UNRESOLVED_REQUIRES_MANUAL_BINDING
1776772200,1776772500,VIX,VIX,M5,Bid,20.33,20.33,20.32,20.32,2,21,0,MT5_PY_API_UNIX_SECONDS,UNRESOLVED_REQUIRES_MANUAL_BINDING
1776772500,1776772800,VIX,VIX,M5,Bid,20.33,20.36,20.33,20.36,7,20,0,MT5_PY_API_UNIX_SECONDS,UNRESOLVED_REQUIRES_MANUAL_BINDING
1776772800,1776773100,VIX,VIX,M5,Bid,20.37,20.42,20.36,20.41,23,20,0,MT5_PY_API_UNIX_SECONDS,UNRESOLVED_REQUIRES_MANUAL_BINDING
1776773100,1776773400,VIX,VIX,M5,Bid,20.4,20.43,20.4,20.42,9,20,0,MT5_PY_API_UNIX_SECONDS,UNRESOLVED_REQUIRES_MANUAL_BINDING
1776773400,1776773700,VIX,VIX,M5,Bid,20.42,20.42,20.41,20.41,4,20,0,MT5_PY_API_UNIX_SECONDS,UNRESOLVED_REQUIRES_MANUAL_BINDING
1776773700,1776774000,VIX,VIX,M5,Bid,20.42,20.42,20.38,20.38,10,20,0,MT5_PY_API_UNIX_SECONDS,UNRESOLVED_REQUIRES_MANUAL_BINDING
1776774000,1776774300,VIX,VIX,M5,Bid,20.38,20.42,20.37,20.42,11,20,0,MT5_PY_API_UNIX_SECONDS,UNRESOLVED_REQUIRES_MANUAL_BINDING
1776774300,1776774600,VIX,VIX,M5,Bid,20.41,20.42,20.41,20.42,9,20,0,MT5_PY_API_UNIX_SECONDS,UNRESOLVED_REQUIRES_MANUAL_BINDING
1776774600,1776774900,VIX,VIX,M5,Bid,20.41,20.41,20.37,20.38,9,20,0,MT5_PY_API_UNIX_SECONDS,UNRESOLVED_REQUIRES_MANUAL_BINDING
1776774900,1776775200,VIX,VIX,M5,Bid,20.38,20.41,20.36,20.37,12,21,0,MT5_PY_API_UNIX_SECONDS,UNRESOLVED_REQUIRES_MANUAL_BINDING
1776775200,1776775500,VIX,VIX,M5,Bid,20.38,20.38,20.38,20.38,1,20,0,MT5_PY_API_UNIX_SECONDS,UNRESOLVED_REQUIRES_MANUAL_BINDING
1776775500,1776775800,VIX,VIX,M5,Bid,20.37,20.38,20.37,20.37,4,20,0,MT5_PY_API_UNIX_SECONDS,UNRESOLVED_REQUIRES_MANUAL_BINDING
1776775800,1776776100,VIX,VIX,M5,Bid,20.38,20.38,20.37,20.37,2,20,0,MT5_PY_API_UNIX_SECONDS,UNRESOLVED_REQUIRES_MANUAL_BINDING
1776776100,1776776400,VIX,VIX,M5,Bid,20.36,20.36,20.31,20.32,29,20,0,MT5_PY_API_UNIX_SECONDS,UNRESOLVED_REQUIRES_MANUAL_BINDING
1776776400,1776776700,VIX,VIX,M5,Bid,20.33,20.33,20.32,20.33,5,21,0,MT5_PY_API_UNIX_SECONDS,UNRESOLVED_REQUIRES_MANUAL_BINDING
1776776700,1776777000,VIX,VIX,M5,Bid,20.33,20.33,20.31,20.32,5,20,0,MT5_PY_API_UNIX_SECONDS,UNRESOLVED_REQUIRES_MANUAL_BINDING
1776777000,1776777300,VIX,VIX,M5,Bid,20.31,20.33,20.31,20.33,6,20,0,MT5_PY_API_UNIX_SECONDS,UNRESOLVED_REQUIRES_MANUAL_BINDING
1776777300,1776777600,VIX,VIX,M5,Bid,20.33,20.33,20.31,20.31,6,20,0,MT5_PY_API_UNIX_SECONDS,UNRESOLVED_REQUIRES_MANUAL_BINDING
1776777600,1776777900,VIX,VIX,M5,Bid,20.32,20.32,20.27,20.27,6,20,0,MT5_PY_API_UNIX_SECONDS,UNRESOLVED_REQUIRES_MANUAL_BINDING
1776777900,1776778200,VIX,VIX,M5,Bid,20.26,20.27,20.26,20.26,7,20,0,MT5_PY_API_UNIX_SECONDS,UNRESOLVED_REQUIRES_MANUAL_BINDING
1776778200,1776778500,VIX,VIX,M5,Bid,20.27,20.27,20.21,20.22,12,20,0,MT5_PY_API_UNIX_SECONDS,UNRESOLVED_REQUIRES_MANUAL_BINDING
1776778500,1776778800,VIX,VIX,M5,Bid,20.22,20.22,20.16,20.17,7,20,0,MT5_PY_API_UNIX_SECONDS,UNRESOLVED_REQUIRES_MANUAL_BINDING
1776779400,1776779700,VIX,VIX,M5,Bid,20.17,20.17,20.12,20.12,2,20,0,MT5_PY_API_UNIX_SECONDS,UNRESOLVED_REQUIRES_MANUAL_BINDING
1776780000,1776780300,VIX,VIX,M5,Bid,20.16,20.18,20.16,20.18,11,20,0,MT5_PY_API_UNIX_SECONDS,UNRESOLVED_REQUIRES_MANUAL_BINDING
1776780300,1776780600,VIX,VIX,M5,Bid,20.18,20.32,20.17,20.26,82,20,0,MT5_PY_API_UNIX_SECONDS,UNRESOLVED_REQUIRES_MANUAL_BINDING
1776780600,1776780900,VIX,VIX,M5,Bid,20.25,20.28,20.23,20.28,20,20,0,MT5_PY_API_UNIX_SECONDS,UNRESOLVED_REQUIRES_MANUAL_BINDING
1776780900,1776781200,VIX,VIX,M5,Bid,20.28,20.31,20.26,20.26,9,20,0,MT5_PY_API_UNIX_SECONDS,UNRESOLVED_REQUIRES_MANUAL_BINDING
1776781200,1776781500,VIX,VIX,M5,Bid,20.23,20.25,20.21,20.22,26,20,0,MT5_PY_API_UNIX_SECONDS,UNRESOLVED_REQUIRES_MANUAL_BINDING
1776781500,1776781800,VIX,VIX,M5,Bid,20.23,20.26,20.22,20.22,30,20,0,MT5_PY_API_UNIX_SECONDS,UNRESOLVED_REQUIRES_MANUAL_BINDING
1776781800,1776782100,VIX,VIX,M5,Bid,20.21,20.23,20.21,20.23,15,20,0,MT5_PY_API_UNIX_SECONDS,UNRESOLVED_REQUIRES_MANUAL_BINDING
1776782100,1776782400,VIX,VIX,M5,Bid,20.23,20.23,20.21,20.22,7,20,0,MT5_PY_API_UNIX_SECONDS,UNRESOLVED_REQUIRES_MANUAL_BINDING
1776782400,1776782700,VIX,VIX,M5,Bid,20.23,20.26,20.22,20.26,11,20,0,MT5_PY_API_UNIX_SECONDS,UNRESOLVED_REQUIRES_MANUAL_BINDING
1776782700,1776783000,VIX,VIX,M5,Bid,20.27,20.27,20.26,20.27,5,20,0,MT5_PY_API_UNIX_SECONDS,UNRESOLVED_REQUIRES_MANUAL_BINDING
1776783000,1776783300,VIX,VIX,M5,Bid,20.26,20.31,20.26,20.31,6,20,0,MT5_PY_API_UNIX_SECONDS,UNRESOLVED_REQUIRES_MANUAL_BINDING
1776783300,1776783600,VIX,VIX,M5,Bid,20.28,20.33,20.28,20.33,32,20,0,MT5_PY_API_UNIX_SECONDS,UNRESOLVED_REQUIRES_MANUAL_BINDING
1776783600,1776783900,VIX,VIX,M5,Bid,20.33,20.33,20.31,20.33,11,20,0,MT5_PY_API_UNIX_SECONDS,UNRESOLVED_REQUIRES_MANUAL_BINDING
1776783900,1776784200,VIX,VIX,M5,Bid,20.33,20.33,20.28,20.31,14,20,0,MT5_PY_API_UNIX_SECONDS,UNRESOLVED_REQUIRES_MANUAL_BINDING
1776784200,1776784500,VIX,VIX,M5,Bid,20.32,20.33,20.31,20.31,15,20,0,MT5_PY_API_UNIX_SECONDS,UNRESOLVED_REQUIRES_MANUAL_BINDING
1776784500,1776784800,VIX,VIX,M5,Bid,20.32,20.37,20.32,20.36,31,20,0,MT5_PY_API_UNIX_SECONDS,UNRESOLVED_REQUIRES_MANUAL_BINDING
1776784800,1776785100,VIX,VIX,M5,Bid,20.33,20.33,20.32,20.32,2,20,0,MT5_PY_API_UNIX_SECONDS,UNRESOLVED_REQUIRES_MANUAL_BINDING
1776785100,1776785400,VIX,VIX,M5,Bid,20.32,20.32,20.31,20.31,8,20,0,MT5_PY_API_UNIX_SECONDS,UNRESOLVED_REQUIRES_MANUAL_BINDING
1776785400,1776785700,VIX,VIX,M5,Bid,20.32,20.33,20.27,20.28,27,20,0,MT5_PY_API_UNIX_SECONDS,UNRESOLVED_REQUIRES_MANUAL_BINDING
1776785700,1776786000,VIX,VIX,M5,Bid,20.27,20.43,20.27,20.38,66,20,0,MT5_PY_API_UNIX_SECONDS,UNRESOLVED_REQUIRES_MANUAL_BINDING
1776786000,1776786300,VIX,VIX,M5,Bid,20.37,20.41,20.37,20.37,59,20,0,MT5_PY_API_UNIX_SECONDS,UNRESOLVED_REQUIRES_MANUAL_BINDING
1776786300,1776786600,VIX,VIX,M5,Bid,20.36,20.42,20.36,20.42,27,20,0,MT5_PY_API_UNIX_SECONDS,UNRESOLVED_REQUIRES_MANUAL_BINDING
1776786600,1776786900,VIX,VIX,M5,Bid,20.42,20.42,20.37,20.37,13,20,0,MT5_PY_API_UNIX_SECONDS,UNRESOLVED_REQUIRES_MANUAL_BINDING
1776786900,1776787200,VIX,VIX,M5,Bid,20.37,20.42,20.37,20.41,17,20,0,MT5_PY_API_UNIX_SECONDS,UNRESOLVED_REQUIRES_MANUAL_BINDING
1776787200,1776787500,VIX,VIX,M5,Bid,20.38,20.42,20.37,20.42,37,20,0,MT5_PY_API_UNIX_SECONDS,UNRESOLVED_REQUIRES_MANUAL_BINDING
1776787500,1776787800,VIX,VIX,M5,Bid,20.42,20.43,20.37,20.43,17,20,0,MT5_PY_API_UNIX_SECONDS,UNRESOLVED_REQUIRES_MANUAL_BINDING
1776787800,1776788100,VIX,VIX,M5,Bid,20.43,20.43,20.41,20.42,12,20,0,MT5_PY_API_UNIX_SECONDS,UNRESOLVED_REQUIRES_MANUAL_BINDING
1776788100,1776788400,VIX,VIX,M5,Bid,20.42,20.42,20.42,20.42,2,20,0,MT5_PY_API_UNIX_SECONDS,UNRESOLVED_REQUIRES_MANUAL_BINDING
1776788400,1776788700,VIX,VIX,M5,Bid,20.43,20.46,20.42,20.43,21,20,0,MT5_PY_API_UNIX_SECONDS,UNRESOLVED_REQUIRES_MANUAL_BINDING
1776788700,1776789000,VIX,VIX,M5,Bid,20.42,20.43,20.42,20.42,14,20,0,MT5_PY_API_UNIX_SECONDS,UNRESOLVED_REQUIRES_MANUAL_BINDING
1776789000,1776789300,VIX,VIX,M5,Bid,20.43,20.56,20.42,20.52,98,20,0,MT5_PY_API_UNIX_SECONDS,UNRESOLVED_REQUIRES_MANUAL_BINDING
1776789300,1776789600,VIX,VIX,M5,Bid,20.51,20.53,20.47,20.51,113,20,0,MT5_PY_API_UNIX_SECONDS,UNRESOLVED_REQUIRES_MANUAL_BINDING
1776789600,1776789900,VIX,VIX,M5,Bid,20.48,20.52,20.41,20.42,78,20,0,MT5_PY_API_UNIX_SECONDS,UNRESOLVED_REQUIRES_MANUAL_BINDING
1776789900,1776790200,VIX,VIX,M5,Bid,20.42,20.46,20.41,20.42,50,20,0,MT5_PY_API_UNIX_SECONDS,UNRESOLVED_REQUIRES_MANUAL_BINDING
1776790200,1776790500,VIX,VIX,M5,Bid,20.41,20.43,20.4,20.42,32,20,0,MT5_PY_API_UNIX_SECONDS,UNRESOLVED_REQUIRES_MANUAL_BINDING
1776790500,1776790800,VIX,VIX,M5,Bid,20.43,20.43,20.41,20.41,4,20,0,MT5_PY_API_UNIX_SECONDS,UNRESOLVED_REQUIRES_MANUAL_BINDING
1776790800,1776791100,VIX,VIX,M5,Bid,20.42,20.43,20.37,20.41,41,20,0,MT5_PY_API_UNIX_SECONDS,UNRESOLVED_REQUIRES_MANUAL_BINDING
1776791100,1776791400,VIX,VIX,M5,Bid,20.38,20.42,20.38,20.42,12,20,0,MT5_PY_API_UNIX_SECONDS,UNRESOLVED_REQUIRES_MANUAL_BINDING
1776791400,1776791700,VIX,VIX,M5,Bid,20.47,20.52,20.46,20.52,29,20,0,MT5_PY_API_UNIX_SECONDS,UNRESOLVED_REQUIRES_MANUAL_BINDING
1776791700,1776792000,VIX,VIX,M5,Bid,20.52,20.57,20.47,20.53,44,20,0,MT5_PY_API_UNIX_SECONDS,UNRESOLVED_REQUIRES_MANUAL_BINDING
1776792000,1776792300,VIX,VIX,M5,Bid,20.53,20.67,20.53,20.63,36,20,0,MT5_PY_API_UNIX_SECONDS,UNRESOLVED_REQUIRES_MANUAL_BINDING
1776792300,1776792600,VIX,VIX,M5,Bid,20.62,20.66,20.56,20.61,50,20,0,MT5_PY_API_UNIX_SECONDS,UNRESOLVED_REQUIRES_MANUAL_BINDING
1776792600,1776792900,VIX,VIX,M5,Bid,20.6,20.64,20.57,20.62,78,20,0,MT5_PY_API_UNIX_SECONDS,UNRESOLVED_REQUIRES_MANUAL_BINDING
1776792900,1776793200,VIX,VIX,M5,Bid,20.63,20.66,20.61,20.63,76,20,0,MT5_PY_API_UNIX_SECONDS,UNRESOLVED_REQUIRES_MANUAL_BINDING
1776793200,1776793500,VIX,VIX,M5,Bid,20.63,20.66,20.56,20.58,109,20,0,MT5_PY_API_UNIX_SECONDS,UNRESOLVED_REQUIRES_MANUAL_BINDING
1776793500,1776793800,VIX,VIX,M5,Bid,20.58,20.68,20.57,20.66,105,20,0,MT5_PY_API_UNIX_SECONDS,UNRESOLVED_REQUIRES_MANUAL_BINDING
1776793800,1776794100,VIX,VIX,M5,Bid,20.63,20.71,20.61,20.63,117,20,0,MT5_PY_API_UNIX_SECONDS,UNRESOLVED_REQUIRES_MANUAL_BINDING
1776794100,1776794400,VIX,VIX,M5,Bid,20.64,20.78,20.64,20.77,101,20,0,MT5_PY_API_UNIX_SECONDS,UNRESOLVED_REQUIRES_MANUAL_BINDING
1776794400,1776794700,VIX,VIX,M5,Bid,20.76,20.92,20.72,20.82,205,20,0,MT5_PY_API_UNIX_SECONDS,UNRESOLVED_REQUIRES_MANUAL_BINDING
1776794700,1776795000,VIX,VIX,M5,Bid,20.82,20.88,20.67,20.71,206,20,0,MT5_PY_API_UNIX_SECONDS,UNRESOLVED_REQUIRES_MANUAL_BINDING
1776795000,1776795300,VIX,VIX,M5,Bid,20.68,20.72,20.66,20.68,78,20,0,MT5_PY_API_UNIX_SECONDS,UNRESOLVED_REQUIRES_MANUAL_BINDING
1776795300,1776795600,VIX,VIX,M5,Bid,20.68,20.73,20.66,20.67,80,20,0,MT5_PY_API_UNIX_SECONDS,UNRESOLVED_REQUIRES_MANUAL_BINDING
1776795600,1776795900,VIX,VIX,M5,Bid,20.68,20.77,20.67,20.77,107,20,0,MT5_PY_API_UNIX_SECONDS,UNRESOLVED_REQUIRES_MANUAL_BINDING
1776795900,1776796200,VIX,VIX,M5,Bid,20.76,20.82,20.73,20.77,99,20,0,MT5_PY_API_UNIX_SECONDS,UNRESOLVED_REQUIRES_MANUAL_BINDING
1776796200,1776796500,VIX,VIX,M5,Bid,20.76,20.78,20.72,20.77,97,20,0,MT5_PY_API_UNIX_SECONDS,UNRESOLVED_REQUIRES_MANUAL_BINDING
1776796500,1776796800,VIX,VIX,M5,Bid,20.78,20.87,20.77,20.81,120,20,0,MT5_PY_API_UNIX_SECONDS,UNRESOLVED_REQUIRES_MANUAL_BINDING
1776796800,1776797100,VIX,VIX,M5,Bid,20.82,20.82,20.71,20.72,67,20,0,MT5_PY_API_UNIX_SECONDS,UNRESOLVED_REQUIRES_MANUAL_BINDING
1776797100,1776797400,VIX,VIX,M5,Bid,20.71,20.72,20.57,20.63,38,20,0,MT5_PY_API_UNIX_SECONDS,UNRESOLVED_REQUIRES_MANUAL_BINDING
1776797400,1776797700,VIX,VIX,M5,Bid,20.64,20.72,20.64,20.72,109,20,0,MT5_PY_API_UNIX_SECONDS,UNRESOLVED_REQUIRES_MANUAL_BINDING
1776797700,1776798000,VIX,VIX,M5,Bid,20.71,20.72,20.63,20.67,53,20,0,MT5_PY_API_UNIX_SECONDS,UNRESOLVED_REQUIRES_MANUAL_BINDING
1776798000,1776798300,VIX,VIX,M5,Bid,20.67,20.67,20.52,20.58,198,20,0,MT5_PY_API_UNIX_SECONDS,UNRESOLVED_REQUIRES_MANUAL_BINDING
1776798300,1776798600,VIX,VIX,M5,Bid,20.58,20.58,20.52,20.57,52,20,0,MT5_PY_API_UNIX_SECONDS,UNRESOLVED_REQUIRES_MANUAL_BINDING
1776798600,1776798900,VIX,VIX,M5,Bid,20.58,20.66,20.58,20.62,51,20,0,MT5_PY_API_UNIX_SECONDS,UNRESOLVED_REQUIRES_MANUAL_BINDING
1776798900,1776799200,VIX,VIX,M5,Bid,20.61,20.67,20.61,20.62,39,20,0,MT5_PY_API_UNIX_SECONDS,UNRESOLVED_REQUIRES_MANUAL_BINDING
1776799200,1776799500,VIX,VIX,M5,Bid,20.63,20.72,20.62,20.67,71,20,0,MT5_PY_API_UNIX_SECONDS,UNRESOLVED_REQUIRES_MANUAL_BINDING
1776799500,1776799800,VIX,VIX,M5,Bid,20.67,20.68,20.66,20.67,23,20,0,MT5_PY_API_UNIX_SECONDS,UNRESOLVED_REQUIRES_MANUAL_BINDING
1776799800,1776800100,VIX,VIX,M5,Bid,20.67,20.67,20.61,20.62,60,20,0,MT5_PY_API_UNIX_SECONDS,UNRESOLVED_REQUIRES_MANUAL_BINDING
1776800100,1776800400,VIX,VIX,M5,Bid,20.61,20.71,20.61,20.67,17,20,0,MT5_PY_API_UNIX_SECONDS,UNRESOLVED_REQUIRES_MANUAL_BINDING
1776800400,1776800700,VIX,VIX,M5,Bid,20.66,20.77,20.66,20.73,45,20,0,MT5_PY_API_UNIX_SECONDS,UNRESOLVED_REQUIRES_MANUAL_BINDING
1776800700,1776801000,VIX,VIX,M5,Bid,20.76,20.76,20.66,20.67,32,20,0,MT5_PY_API_UNIX_SECONDS,UNRESOLVED_REQUIRES_MANUAL_BINDING
1776801000,1776801300,VIX,VIX,M5,Bid,20.66,20.72,20.66,20.71,100,20,0,MT5_PY_API_UNIX_SECONDS,UNRESOLVED_REQUIRES_MANUAL_BINDING
1776801300,1776801600,VIX,VIX,M5,Bid,20.72,20.77,20.71,20.77,36,20,0,MT5_PY_API_UNIX_SECONDS,UNRESOLVED_REQUIRES_MANUAL_BINDING
1776801600,1776801900,VIX,VIX,M5,Bid,20.78,20.78,20.72,20.73,36,20,0,MT5_PY_API_UNIX_SECONDS,UNRESOLVED_REQUIRES_MANUAL_BINDING
1776801900,1776802200,VIX,VIX,M5,Bid,20.76,20.88,20.76,20.82,262,20,0,MT5_PY_API_UNIX_SECONDS,UNRESOLVED_REQUIRES_MANUAL_BINDING
1776802200,1776802500,VIX,VIX,M5,Bid,20.82,20.92,20.81,20.87,123,20,0,MT5_PY_API_UNIX_SECONDS,UNRESOLVED_REQUIRES_MANUAL_BINDING
1776802500,1776802800,VIX,VIX,M5,Bid,20.87,21.01,20.86,20.98,98,20,0,MT5_PY_API_UNIX_SECONDS,UNRESOLVED_REQUIRES_MANUAL_BINDING
1776802800,1776803100,VIX,VIX,M5,Bid,20.99,21.02,20.88,20.92,140,20,0,MT5_PY_API_UNIX_SECONDS,UNRESOLVED_REQUIRES_MANUAL_BINDING
1776803100,1776803400,VIX,VIX,M5,Bid,20.92,20.92,20.83,20.87,116,20,0,MT5_PY_API_UNIX_SECONDS,UNRESOLVED_REQUIRES_MANUAL_BINDING
1776803400,1776803700,VIX,VIX,M5,Bid,20.87,20.87,20.76,20.77,53,20,0,MT5_PY_API_UNIX_SECONDS,UNRESOLVED_REQUIRES_MANUAL_BINDING
1776803700,1776804000,VIX,VIX,M5,Bid,20.78,20.78,20.61,20.67,161,20,0,MT5_PY_API_UNIX_SECONDS,UNRESOLVED_REQUIRES_MANUAL_BINDING
1776804000,1776804300,VIX,VIX,M5,Bid,20.68,20.68,20.53,20.62,175,20,0,MT5_PY_API_UNIX_SECONDS,UNRESOLVED_REQUIRES_MANUAL_BINDING
1776804300,1776804600,VIX,VIX,M5,Bid,20.61,20.63,20.58,20.62,63,20,0,MT5_PY_API_UNIX_SECONDS,UNRESOLVED_REQUIRES_MANUAL_BINDING
1776804600,1776804900,VIX,VIX,M5,Bid,20.61,20.67,20.61,20.66,60,20,0,MT5_PY_API_UNIX_SECONDS,UNRESOLVED_REQUIRES_MANUAL_BINDING
1776804900,1776805200,VIX,VIX,M5,Bid,20.67,20.72,20.67,20.68,88,20,0,MT5_PY_API_UNIX_SECONDS,UNRESOLVED_REQUIRES_MANUAL_BINDING
1776805200,1776805500,VIX,VIX,M5,Bid,20.67,20.67,20.58,20.66,45,20,0,MT5_PY_API_UNIX_SECONDS,UNRESOLVED_REQUIRES_MANUAL_BINDING
1776805500,1776805800,VIX,VIX,M5,Bid,20.67,20.67,20.61,20.67,72,20,0,MT5_PY_API_UNIX_SECONDS,UNRESOLVED_REQUIRES_MANUAL_BINDING
1776805800,1776806100,VIX,VIX,M5,Bid,20.67,20.71,20.66,20.67,48,20,0,MT5_PY_API_UNIX_SECONDS,UNRESOLVED_REQUIRES_MANUAL_BINDING
1776806100,1776806400,VIX,VIX,M5,Bid,20.66,20.87,20.63,20.77,177,20,0,MT5_PY_API_UNIX_SECONDS,UNRESOLVED_REQUIRES_MANUAL_BINDING
1776806400,1776806700,VIX,VIX,M5,Bid,20.78,20.81,20.76,20.77,58,20,0,MT5_PY_API_UNIX_SECONDS,UNRESOLVED_REQUIRES_MANUAL_BINDING
1776806700,1776807000,VIX,VIX,M5,Bid,20.78,20.78,20.76,20.76,40,20,0,MT5_PY_API_UNIX_SECONDS,UNRESOLVED_REQUIRES_MANUAL_BINDING
1776807000,1776807300,VIX,VIX,M5,Bid,20.77,20.77,20.62,20.62,32,20,0,MT5_PY_API_UNIX_SECONDS,UNRESOLVED_REQUIRES_MANUAL_BINDING
1776807300,1776807600,VIX,VIX,M5,Bid,20.63,20.68,20.62,20.67,28,20,0,MT5_PY_API_UNIX_SECONDS,UNRESOLVED_REQUIRES_MANUAL_BINDING
1776807600,1776807900,VIX,VIX,M5,Bid,20.67,20.67,20.62,20.63,44,20,0,MT5_PY_API_UNIX_SECONDS,UNRESOLVED_REQUIRES_MANUAL_BINDING
1776807900,1776808200,VIX,VIX,M5,Bid,20.63,20.73,20.62,20.73,55,20,0,MT5_PY_API_UNIX_SECONDS,UNRESOLVED_REQUIRES_MANUAL_BINDING
1776808200,1776808500,VIX,VIX,M5,Bid,20.74,20.77,20.53,20.58,191,20,0,MT5_PY_API_UNIX_SECONDS,UNRESOLVED_REQUIRES_MANUAL_BINDING
1776808500,1776808800,VIX,VIX,M5,Bid,20.58,20.67,20.52,20.61,227,20,0,MT5_PY_API_UNIX_SECONDS,UNRESOLVED_REQUIRES_MANUAL_BINDING
1776808800,1776809100,VIX,VIX,M5,Bid,20.58,20.61,20.56,20.57,63,20,0,MT5_PY_API_UNIX_SECONDS,UNRESOLVED_REQUIRES_MANUAL_BINDING
1776809100,1776809400,VIX,VIX,M5,Bid,20.56,20.57,20.52,20.56,45,20,0,MT5_PY_API_UNIX_SECONDS,UNRESOLVED_REQUIRES_MANUAL_BINDING
1776809400,1776809700,VIX,VIX,M5,Bid,20.57,20.68,20.52,20.62,99,20,0,MT5_PY_API_UNIX_SECONDS,UNRESOLVED_REQUIRES_MANUAL_BINDING
1776809700,1776810000,VIX,VIX,M5,Bid,20.61,20.71,20.57,20.68,109,20,0,MT5_PY_API_UNIX_SECONDS,UNRESOLVED_REQUIRES_MANUAL_BINDING
1776810000,1776810300,VIX,VIX,M5,Bid,20.67,20.67,20.57,20.57,73,20,0,MT5_PY_API_UNIX_SECONDS,UNRESOLVED_REQUIRES_MANUAL_BINDING
1776810300,1776810600,VIX,VIX,M5,Bid,20.58,20.58,20.56,20.57,11,20,0,MT5_PY_API_UNIX_SECONDS,UNRESOLVED_REQUIRES_MANUAL_BINDING
1776810600,1776810900,VIX,VIX,M5,Bid,20.56,20.62,20.53,20.58,27,20,0,MT5_PY_API_UNIX_SECONDS,UNRESOLVED_REQUIRES_MANUAL_BINDING
1776810900,1776811200,VIX,VIX,M5,Bid,20.58,20.78,20.58,20.73,109,20,0,MT5_PY_API_UNIX_SECONDS,UNRESOLVED_REQUIRES_MANUAL_BINDING
1776811200,1776811500,VIX,VIX,M5,Bid,20.72,21.23,20.72,21.17,487,20,0,MT5_PY_API_UNIX_SECONDS,UNRESOLVED_REQUIRES_MANUAL_BINDING
1776811500,1776811800,VIX,VIX,M5,Bid,21.17,21.17,20.92,20.96,221,20,0,MT5_PY_API_UNIX_SECONDS,UNRESOLVED_REQUIRES_MANUAL_BINDING
1776811800,1776812100,VIX,VIX,M5,Bid,20.92,21.08,20.87,21.06,160,20,0,MT5_PY_API_UNIX_SECONDS,UNRESOLVED_REQUIRES_MANUAL_BINDING
1776812100,1776812400,VIX,VIX,M5,Bid,21.07,21.08,20.81,20.87,81,20,0,MT5_PY_API_UNIX_SECONDS,UNRESOLVED_REQUIRES_MANUAL_BINDING
1776812400,1776812700,VIX,VIX,M5,Bid,20.83,20.97,20.83,20.96,60,20,0,MT5_PY_API_UNIX_SECONDS,UNRESOLVED_REQUIRES_MANUAL_BINDING
1776812700,1776813000,VIX,VIX,M5,Bid,20.97,21.02,20.58,20.63,217,20,0,MT5_PY_API_UNIX_SECONDS,UNRESOLVED_REQUIRES_MANUAL_BINDING
1776813000,1776813300,VIX,VIX,M5,Bid,20.63,20.77,20.52,20.62,620,20,0,MT5_PY_API_UNIX_SECONDS,UNRESOLVED_REQUIRES_MANUAL_BINDING
1776814200,1776814500,VIX,VIX,M5,Bid,20.67,20.68,20.61,20.61,24,20,0,MT5_PY_API_UNIX_SECONDS,UNRESOLVED_REQUIRES_MANUAL_BINDING
1776814500,1776814800,VIX,VIX,M5,Bid,20.62,20.63,20.61,20.62,13,20,0,MT5_PY_API_UNIX_SECONDS,UNRESOLVED_REQUIRES_MANUAL_BINDING
1776814800,1776815100,VIX,VIX,M5,Bid,20.63,20.63,20.62,20.62,16,20,0,MT5_PY_API_UNIX_SECONDS,UNRESOLVED_REQUIRES_MANUAL_BINDING
1776815100,1776815400,VIX,VIX,M5,Bid,20.63,20.63,20.62,20.62,6,20,0,MT5_PY_API_UNIX_SECONDS,UNRESOLVED_REQUIRES_MANUAL_BINDING
1776815400,1776815700,VIX,VIX,M5,Bid,20.62,20.62,20.58,20.58,20,20,0,MT5_PY_API_UNIX_SECONDS,UNRESOLVED_REQUIRES_MANUAL_BINDING
1776815700,1776816000,VIX,VIX,M5,Bid,20.59,20.68,20.58,20.67,27,20,0,MT5_PY_API_UNIX_SECONDS,UNRESOLVED_REQUIRES_MANUAL_BINDING
1776819600,1776819900,VIX,VIX,M5,Bid,20.67,20.67,20.57,20.59,40,20,0,MT5_PY_API_UNIX_SECONDS,UNRESOLVED_REQUIRES_MANUAL_BINDING
1776819900,1776820200,VIX,VIX,M5,Bid,20.58,20.62,20.58,20.62,43,20,0,MT5_PY_API_UNIX_SECONDS,UNRESOLVED_REQUIRES_MANUAL_BINDING
1776820200,1776820500,VIX,VIX,M5,Bid,20.61,20.62,20.6,20.62,40,20,0,MT5_PY_API_UNIX_SECONDS,UNRESOLVED_REQUIRES_MANUAL_BINDING
1776820500,1776820800,VIX,VIX,M5,Bid,20.61,20.62,20.61,20.62,2,21,0,MT5_PY_API_UNIX_SECONDS,UNRESOLVED_REQUIRES_MANUAL_BINDING
1776821100,1776821400,VIX,VIX,M5,Bid,20.62,20.62,20.62,20.62,1,21,0,MT5_PY_API_UNIX_SECONDS,UNRESOLVED_REQUIRES_MANUAL_BINDING
1776821400,1776821700,VIX,VIX,M5,Bid,20.62,20.62,20.62,20.62,1,21,0,MT5_PY_API_UNIX_SECONDS,UNRESOLVED_REQUIRES_MANUAL_BINDING
1776821700,1776822000,VIX,VIX,M5,Bid,20.62,20.62,20.62,20.62,1,21,0,MT5_PY_API_UNIX_SECONDS,UNRESOLVED_REQUIRES_MANUAL_BINDING
1776822600,1776822900,VIX,VIX,M5,Bid,20.63,20.67,20.63,20.64,32,20,0,MT5_PY_API_UNIX_SECONDS,UNRESOLVED_REQUIRES_MANUAL_BINDING
1776822900,1776823200,VIX,VIX,M5,Bid,20.63,20.68,20.63,20.67,13,20,0,MT5_PY_API_UNIX_SECONDS,UNRESOLVED_REQUIRES_MANUAL_BINDING
1776823200,1776823500,VIX,VIX,M5,Bid,20.68,20.68,20.66,20.67,12,20,0,MT5_PY_API_UNIX_SECONDS,UNRESOLVED_REQUIRES_MANUAL_BINDING
1776823500,1776823800,VIX,VIX,M5,Bid,20.66,20.66,20.63,20.63,2,21,0,MT5_PY_API_UNIX_SECONDS,UNRESOLVED_REQUIRES_MANUAL_BINDING
1776824100,1776824400,VIX,VIX,M5,Bid,20.63,20.63,20.61,20.61,10,20,0,MT5_PY_API_UNIX_SECONDS,UNRESOLVED_REQUIRES_MANUAL_BINDING
1776824400,1776824700,VIX,VIX,M5,Bid,20.62,20.63,20.62,20.62,5,20,0,MT5_PY_API_UNIX_SECONDS,UNRESOLVED_REQUIRES_MANUAL_BINDING
1776824700,1776825000,VIX,VIX,M5,Bid,20.63,20.63,20.62,20.62,2,20,0,MT5_PY_API_UNIX_SECONDS,UNRESOLVED_REQUIRES_MANUAL_BINDING
1776825000,1776825300,VIX,VIX,M5,Bid,20.61,20.62,20.61,20.62,3,21,0,MT5_PY_API_UNIX_SECONDS,UNRESOLVED_REQUIRES_MANUAL_BINDING
1776825300,1776825600,VIX,VIX,M5,Bid,20.61,20.62,20.61,20.61,7,20,0,MT5_PY_API_UNIX_SECONDS,UNRESOLVED_REQUIRES_MANUAL_BINDING
1776825600,1776825900,VIX,VIX,M5,Bid,20.62,20.62,20.58,20.58,4,20,0,MT5_PY_API_UNIX_SECONDS,UNRESOLVED_REQUIRES_MANUAL_BINDING
1776825900,1776826200,VIX,VIX,M5,Bid,20.57,20.58,20.56,20.57,21,20,0,MT5_PY_API_UNIX_SECONDS,UNRESOLVED_REQUIRES_MANUAL_BINDING
1776826200,1776826500,VIX,VIX,M5,Bid,20.58,20.58,20.57,20.57,4,20,0,MT5_PY_API_UNIX_SECONDS,UNRESOLVED_REQUIRES_MANUAL_BINDING
1776826500,1776826800,VIX,VIX,M5,Bid,20.58,20.58,20.57,20.57,5,20,0,MT5_PY_API_UNIX_SECONDS,UNRESOLVED_REQUIRES_MANUAL_BINDING
1776826800,1776827100,VIX,VIX,M5,Bid,20.57,20.57,20.53,20.53,13,20,0,MT5_PY_API_UNIX_SECONDS,UNRESOLVED_REQUIRES_MANUAL_BINDING
1776827100,1776827400,VIX,VIX,M5,Bid,20.54,20.56,20.51,20.51,15,20,0,MT5_PY_API_UNIX_SECONDS,UNRESOLVED_REQUIRES_MANUAL_BINDING
1776827400,1776827700,VIX,VIX,M5,Bid,20.5,20.51,20.48,20.48,22,21,0,MT5_PY_API_UNIX_SECONDS,UNRESOLVED_REQUIRES_MANUAL_BINDING
1776827700,1776828000,VIX,VIX,M5,Bid,20.51,20.51,20.47,20.47,4,21,0,MT5_PY_API_UNIX_SECONDS,UNRESOLVED_REQUIRES_MANUAL_BINDING
1776828000,1776828300,VIX,VIX,M5,Bid,20.47,20.47,20.46,20.46,2,20,0,MT5_PY_API_UNIX_SECONDS,UNRESOLVED_REQUIRES_MANUAL_BINDING
1776828300,1776828600,VIX,VIX,M5,Bid,20.47,20.51,20.46,20.51,9,20,0,MT5_PY_API_UNIX_SECONDS,UNRESOLVED_REQUIRES_MANUAL_BINDING
1776828600,1776828900,VIX,VIX,M5,Bid,20.5,20.51,20.48,20.51,16,20,0,MT5_PY_API_UNIX_SECONDS,UNRESOLVED_REQUIRES_MANUAL_BINDING
1776828900,1776829200,VIX,VIX,M5,Bid,20.5,20.5,20.48,20.48,2,20,0,MT5_PY_API_UNIX_SECONDS,UNRESOLVED_REQUIRES_MANUAL_BINDING
1776829500,1776829800,VIX,VIX,M5,Bid,20.5,20.51,20.48,20.51,18,20,0,MT5_PY_API_UNIX_SECONDS,UNRESOLVED_REQUIRES_MANUAL_BINDING
1776829800,1776830100,VIX,VIX,M5,Bid,20.52,20.52,20.51,20.51,7,20,0,MT5_PY_API_UNIX_SECONDS,UNRESOLVED_REQUIRES_MANUAL_BINDING
1776830100,1776830400,VIX,VIX,M5,Bid,20.52,20.52,20.52,20.52,4,20,0,MT5_PY_API_UNIX_SECONDS,UNRESOLVED_REQUIRES_MANUAL_BINDING
1776831300,1776831600,VIX,VIX,M5,Bid,20.53,20.56,20.53,20.56,2,21,0,MT5_PY_API_UNIX_SECONDS,UNRESOLVED_REQUIRES_MANUAL_BINDING
1776831600,1776831900,VIX,VIX,M5,Bid,20.57,20.57,20.56,20.57,4,20,0,MT5_PY_API_UNIX_SECONDS,UNRESOLVED_REQUIRES_MANUAL_BINDING
1776831900,1776832200,VIX,VIX,M5,Bid,20.57,20.57,20.56,20.57,4,20,0,MT5_PY_API_UNIX_SECONDS,UNRESOLVED_REQUIRES_MANUAL_BINDING
1776832200,1776832500,VIX,VIX,M5,Bid,20.57,20.57,20.5,20.51,15,20,0,MT5_PY_API_UNIX_SECONDS,UNRESOLVED_REQUIRES_MANUAL_BINDING
1776832500,1776832800,VIX,VIX,M5,Bid,20.5,20.51,20.47,20.47,10,20,0,MT5_PY_API_UNIX_SECONDS,UNRESOLVED_REQUIRES_MANUAL_BINDING
1776832800,1776833100,VIX,VIX,M5,Bid,20.48,20.51,20.47,20.51,8,20,0,MT5_PY_API_UNIX_SECONDS,UNRESOLVED_REQUIRES_MANUAL_BINDING
1776834000,1776834300,VIX,VIX,M5,Bid,20.5,20.52,20.48,20.51,7,20,0,MT5_PY_API_UNIX_SECONDS,UNRESOLVED_REQUIRES_MANUAL_BINDING
1776834300,1776834600,VIX,VIX,M5,Bid,20.52,20.52,20.51,20.51,2,20,0,MT5_PY_API_UNIX_SECONDS,UNRESOLVED_REQUIRES_MANUAL_BINDING
1776834900,1776835200,VIX,VIX,M5,Bid,20.52,20.52,20.51,20.52,3,21,0,MT5_PY_API_UNIX_SECONDS,UNRESOLVED_REQUIRES_MANUAL_BINDING
1776835200,1776835500,VIX,VIX,M5,Bid,20.51,20.52,20.51,20.52,12,21,0,MT5_PY_API_UNIX_SECONDS,UNRESOLVED_REQUIRES_MANUAL_BINDING
1776835500,1776835800,VIX,VIX,M5,Bid,20.53,20.53,20.51,20.51,5,20,0,MT5_PY_API_UNIX_SECONDS,UNRESOLVED_REQUIRES_MANUAL_BINDING
1776835800,1776836100,VIX,VIX,M5,Bid,20.52,20.52,20.52,20.52,1,21,0,MT5_PY_API_UNIX_SECONDS,UNRESOLVED_REQUIRES_MANUAL_BINDING
1776836100,1776836400,VIX,VIX,M5,Bid,20.52,20.52,20.52,20.52,4,20,0,MT5_PY_API_UNIX_SECONDS,UNRESOLVED_REQUIRES_MANUAL_BINDING
1776836700,1776837000,VIX,VIX,M5,Bid,20.53,20.53,20.52,20.52,4,20,0,MT5_PY_API_UNIX_SECONDS,UNRESOLVED_REQUIRES_MANUAL_BINDING
1776837000,1776837300,VIX,VIX,M5,Bid,20.53,20.53,20.52,20.52,4,21,0,MT5_PY_API_UNIX_SECONDS,UNRESOLVED_REQUIRES_MANUAL_BINDING
1776837300,1776837600,VIX,VIX,M5,Bid,20.53,20.53,20.53,20.53,1,21,0,MT5_PY_API_UNIX_SECONDS,UNRESOLVED_REQUIRES_MANUAL_BINDING
1776837600,1776837900,VIX,VIX,M5,Bid,20.52,20.52,20.52,20.52,1,21,0,MT5_PY_API_UNIX_SECONDS,UNRESOLVED_REQUIRES_MANUAL_BINDING
1776837900,1776838200,VIX,VIX,M5,Bid,20.52,20.53,20.52,20.53,3,20,0,MT5_PY_API_UNIX_SECONDS,UNRESOLVED_REQUIRES_MANUAL_BINDING
1776838200,1776838500,VIX,VIX,M5,Bid,20.52,20.56,20.51,20.56,8,20,0,MT5_PY_API_UNIX_SECONDS,UNRESOLVED_REQUIRES_MANUAL_BINDING
1776838800,1776839100,VIX,VIX,M5,Bid,20.57,20.57,20.57,20.57,1,21,0,MT5_PY_API_UNIX_SECONDS,UNRESOLVED_REQUIRES_MANUAL_BINDING
1776839100,1776839400,VIX,VIX,M5,Bid,20.56,20.56,20.56,20.56,1,21,0,MT5_PY_API_UNIX_SECONDS,UNRESOLVED_REQUIRES_MANUAL_BINDING
1776839400,1776839700,VIX,VIX,M5,Bid,20.53,20.53,20.53,20.53,1,21,0,MT5_PY_API_UNIX_SECONDS,UNRESOLVED_REQUIRES_MANUAL_BINDING
1776839700,1776840000,VIX,VIX,M5,Bid,20.54,20.56,20.54,20.56,4,21,0,MT5_PY_API_UNIX_SECONDS,UNRESOLVED_REQUIRES_MANUAL_BINDING
1776840000,1776840300,VIX,VIX,M5,Bid,20.57,20.59,20.57,20.58,9,21,0,MT5_PY_API_UNIX_SECONDS,UNRESOLVED_REQUIRES_MANUAL_BINDING
1776840600,1776840900,VIX,VIX,M5,Bid,20.59,20.59,20.58,20.58,2,21,0,MT5_PY_API_UNIX_SECONDS,UNRESOLVED_REQUIRES_MANUAL_BINDING
1776840900,1776841200,VIX,VIX,M5,Bid,20.59,20.59,20.58,20.58,2,21,0,MT5_PY_API_UNIX_SECONDS,UNRESOLVED_REQUIRES_MANUAL_BINDING
1776841500,1776841800,VIX,VIX,M5,Bid,20.57,20.58,20.57,20.58,2,21,0,MT5_PY_API_UNIX_SECONDS,UNRESOLVED_REQUIRES_MANUAL_BINDING
1776841800,1776842100,VIX,VIX,M5,Bid,20.58,20.61,20.58,20.58,8,20,0,MT5_PY_API_UNIX_SECONDS,UNRESOLVED_REQUIRES_MANUAL_BINDING
1776842400,1776842700,VIX,VIX,M5,Bid,20.61,20.62,20.59,20.61,11,20,0,MT5_PY_API_UNIX_SECONDS,UNRESOLVED_REQUIRES_MANUAL_BINDING
1776842700,1776843000,VIX,VIX,M5,Bid,20.62,20.62,20.59,20.62,11,20,0,MT5_PY_API_UNIX_SECONDS,UNRESOLVED_REQUIRES_MANUAL_BINDING
1776843000,1776843300,VIX,VIX,M5,Bid,20.61,20.62,20.61,20.62,4,20,0,MT5_PY_API_UNIX_SECONDS,UNRESOLVED_REQUIRES_MANUAL_BINDING
1776843300,1776843600,VIX,VIX,M5,Bid,20.62,20.62,20.61,20.62,5,20,0,MT5_PY_API_UNIX_SECONDS,UNRESOLVED_REQUIRES_MANUAL_BINDING
1776843600,1776843900,VIX,VIX,M5,Bid,20.61,20.62,20.61,20.62,5,20,0,MT5_PY_API_UNIX_SECONDS,UNRESOLVED_REQUIRES_MANUAL_BINDING
1776843900,1776844200,VIX,VIX,M5,Bid,20.62,20.62,20.58,20.58,3,20,0,MT5_PY_API_UNIX_SECONDS,UNRESOLVED_REQUIRES_MANUAL_BINDING
1776844200,1776844500,VIX,VIX,M5,Bid,20.59,20.62,20.58,20.62,9,20,0,MT5_PY_API_UNIX_SECONDS,UNRESOLVED_REQUIRES_MANUAL_BINDING
1776844500,1776844800,VIX,VIX,M5,Bid,20.63,20.66,20.63,20.66,18,20,0,MT5_PY_API_UNIX_SECONDS,UNRESOLVED_REQUIRES_MANUAL_BINDING
1776844800,1776845100,VIX,VIX,M5,Bid,20.67,20.67,20.63,20.63,5,20,0,MT5_PY_API_UNIX_SECONDS,UNRESOLVED_REQUIRES_MANUAL_BINDING
1776845100,1776845400,VIX,VIX,M5,Bid,20.64,20.66,20.61,20.62,8,20,0,MT5_PY_API_UNIX_SECONDS,UNRESOLVED_REQUIRES_MANUAL_BINDING
1776845400,1776845700,VIX,VIX,M5,Bid,20.61,20.62,20.61,20.61,3,20,0,MT5_PY_API_UNIX_SECONDS,UNRESOLVED_REQUIRES_MANUAL_BINDING
1776845700,1776846000,VIX,VIX,M5,Bid,20.57,20.57,20.43,20.52,89,20,0,MT5_PY_API_UNIX_SECONDS,UNRESOLVED_REQUIRES_MANUAL_BINDING
1776846000,1776846300,VIX,VIX,M5,Bid,20.51,20.52,20.48,20.51,25,20,0,MT5_PY_API_UNIX_SECONDS,UNRESOLVED_REQUIRES_MANUAL_BINDING
1776846300,1776846600,VIX,VIX,M5,Bid,20.49,20.53,20.48,20.53,19,20,0,MT5_PY_API_UNIX_SECONDS,UNRESOLVED_REQUIRES_MANUAL_BINDING
1776846600,1776846900,VIX,VIX,M5,Bid,20.52,20.52,20.46,20.46,7,21,0,MT5_PY_API_UNIX_SECONDS,UNRESOLVED_REQUIRES_MANUAL_BINDING
1776846900,1776847200,VIX,VIX,M5,Bid,20.47,20.48,20.46,20.48,8,20,0,MT5_PY_API_UNIX_SECONDS,UNRESOLVED_REQUIRES_MANUAL_BINDING
1776847200,1776847500,VIX,VIX,M5,Bid,20.46,20.47,20.46,20.46,3,21,0,MT5_PY_API_UNIX_SECONDS,UNRESOLVED_REQUIRES_MANUAL_BINDING
1776847500,1776847800,VIX,VIX,M5,Bid,20.47,20.48,20.47,20.48,3,20,0,MT5_PY_API_UNIX_SECONDS,UNRESOLVED_REQUIRES_MANUAL_BINDING
1776847800,1776848100,VIX,VIX,M5,Bid,20.47,20.48,20.46,20.48,8,20,0,MT5_PY_API_UNIX_SECONDS,UNRESOLVED_REQUIRES_MANUAL_BINDING
1776848100,1776848400,VIX,VIX,M5,Bid,20.48,20.48,20.48,20.48,1,21,0,MT5_PY_API_UNIX_SECONDS,UNRESOLVED_REQUIRES_MANUAL_BINDING
1776848400,1776848700,VIX,VIX,M5,Bid,20.51,20.53,20.47,20.49,17,20,0,MT5_PY_API_UNIX_SECONDS,UNRESOLVED_REQUIRES_MANUAL_BINDING
1776848700,1776849000,VIX,VIX,M5,Bid,20.51,20.55,20.48,20.52,12,20,0,MT5_PY_API_UNIX_SECONDS,UNRESOLVED_REQUIRES_MANUAL_BINDING
1776849000,1776849300,VIX,VIX,M5,Bid,20.53,20.53,20.52,20.52,2,20,0,MT5_PY_API_UNIX_SECONDS,UNRESOLVED_REQUIRES_MANUAL_BINDING
1776849300,1776849600,VIX,VIX,M5,Bid,20.52,20.52,20.45,20.46,12,20,0,MT5_PY_API_UNIX_SECONDS,UNRESOLVED_REQUIRES_MANUAL_BINDING
1776849600,1776849900,VIX,VIX,M5,Bid,20.47,20.47,20.46,20.46,4,20,0,MT5_PY_API_UNIX_SECONDS,UNRESOLVED_REQUIRES_MANUAL_BINDING
1776849900,1776850200,VIX,VIX,M5,Bid,20.44,20.47,20.43,20.46,9,20,0,MT5_PY_API_UNIX_SECONDS,UNRESOLVED_REQUIRES_MANUAL_BINDING
1776850200,1776850500,VIX,VIX,M5,Bid,20.44,20.44,20.41,20.42,11,20,0,MT5_PY_API_UNIX_SECONDS,UNRESOLVED_REQUIRES_MANUAL_BINDING
1776850500,1776850800,VIX,VIX,M5,Bid,20.43,20.46,20.43,20.46,4,21,0,MT5_PY_API_UNIX_SECONDS,UNRESOLVED_REQUIRES_MANUAL_BINDING
1776850800,1776851100,VIX,VIX,M5,Bid,20.47,20.47,20.43,20.46,7,20,0,MT5_PY_API_UNIX_SECONDS,UNRESOLVED_REQUIRES_MANUAL_BINDING
1776851100,1776851400,VIX,VIX,M5,Bid,20.47,20.47,20.42,20.47,21,20,0,MT5_PY_API_UNIX_SECONDS,UNRESOLVED_REQUIRES_MANUAL_BINDING
1776851400,1776851700,VIX,VIX,M5,Bid,20.46,20.48,20.46,20.47,7,20,0,MT5_PY_API_UNIX_SECONDS,UNRESOLVED_REQUIRES_MANUAL_BINDING
1776851700,1776852000,VIX,VIX,M5,Bid,20.46,20.46,20.43,20.45,6,21,0,MT5_PY_API_UNIX_SECONDS,UNRESOLVED_REQUIRES_MANUAL_BINDING
1776852000,1776852300,VIX,VIX,M5,Bid,20.46,20.46,20.41,20.46,39,20,0,MT5_PY_API_UNIX_SECONDS,UNRESOLVED_REQUIRES_MANUAL_BINDING
1776852300,1776852600,VIX,VIX,M5,Bid,20.45,20.46,20.42,20.43,26,20,0,MT5_PY_API_UNIX_SECONDS,UNRESOLVED_REQUIRES_MANUAL_BINDING
1776852600,1776852900,VIX,VIX,M5,Bid,20.45,20.46,20.42,20.43,10,20,0,MT5_PY_API_UNIX_SECONDS,UNRESOLVED_REQUIRES_MANUAL_BINDING
1776852900,1776853200,VIX,VIX,M5,Bid,20.43,20.47,20.43,20.47,14,21,0,MT5_PY_API_UNIX_SECONDS,UNRESOLVED_REQUIRES_MANUAL_BINDING
1776853200,1776853500,VIX,VIX,M5,Bid,20.46,20.46,20.43,20.45,30,21,0,MT5_PY_API_UNIX_SECONDS,UNRESOLVED_REQUIRES_MANUAL_BINDING
1776853500,1776853800,VIX,VIX,M5,Bid,20.46,20.46,20.43,20.43,28,21,0,MT5_PY_API_UNIX_SECONDS,UNRESOLVED_REQUIRES_MANUAL_BINDING
1776853800,1776854100,VIX,VIX,M5,Bid,20.42,20.43,20.42,20.43,5,20,0,MT5_PY_API_UNIX_SECONDS,UNRESOLVED_REQUIRES_MANUAL_BINDING
1776854100,1776854400,VIX,VIX,M5,Bid,20.43,20.43,20.42,20.43,15,20,0,MT5_PY_API_UNIX_SECONDS,UNRESOLVED_REQUIRES_MANUAL_BINDING
1776854400,1776854700,VIX,VIX,M5,Bid,20.45,20.47,20.42,20.43,22,20,0,MT5_PY_API_UNIX_SECONDS,UNRESOLVED_REQUIRES_MANUAL_BINDING
1776854700,1776855000,VIX,VIX,M5,Bid,20.45,20.47,20.43,20.47,10,20,0,MT5_PY_API_UNIX_SECONDS,UNRESOLVED_REQUIRES_MANUAL_BINDING
1776855000,1776855300,VIX,VIX,M5,Bid,20.47,20.47,20.46,20.47,11,20,0,MT5_PY_API_UNIX_SECONDS,UNRESOLVED_REQUIRES_MANUAL_BINDING
1776855300,1776855600,VIX,VIX,M5,Bid,20.46,20.47,20.46,20.47,9,20,0,MT5_PY_API_UNIX_SECONDS,UNRESOLVED_REQUIRES_MANUAL_BINDING
1776855600,1776855900,VIX,VIX,M5,Bid,20.46,20.47,20.45,20.47,10,20,0,MT5_PY_API_UNIX_SECONDS,UNRESOLVED_REQUIRES_MANUAL_BINDING
1776855900,1776856200,VIX,VIX,M5,Bid,20.46,20.48,20.46,20.48,14,20,0,MT5_PY_API_UNIX_SECONDS,UNRESOLVED_REQUIRES_MANUAL_BINDING
1776856200,1776856500,VIX,VIX,M5,Bid,20.47,20.48,20.46,20.48,14,20,0,MT5_PY_API_UNIX_SECONDS,UNRESOLVED_REQUIRES_MANUAL_BINDING
1776856500,1776856800,VIX,VIX,M5,Bid,20.48,20.48,20.46,20.48,14,20,0,MT5_PY_API_UNIX_SECONDS,UNRESOLVED_REQUIRES_MANUAL_BINDING
1776856800,1776857100,VIX,VIX,M5,Bid,20.5,20.56,20.48,20.53,22,20,0,MT5_PY_API_UNIX_SECONDS,UNRESOLVED_REQUIRES_MANUAL_BINDING
1776857100,1776857400,VIX,VIX,M5,Bid,20.53,20.53,20.51,20.53,11,20,0,MT5_PY_API_UNIX_SECONDS,UNRESOLVED_REQUIRES_MANUAL_BINDING
1776857400,1776857700,VIX,VIX,M5,Bid,20.53,20.61,20.51,20.57,36,20,0,MT5_PY_API_UNIX_SECONDS,UNRESOLVED_REQUIRES_MANUAL_BINDING
1776857700,1776858000,VIX,VIX,M5,Bid,20.58,20.61,20.57,20.58,32,20,0,MT5_PY_API_UNIX_SECONDS,UNRESOLVED_REQUIRES_MANUAL_BINDING
1776858000,1776858300,VIX,VIX,M5,Bid,20.58,20.58,20.55,20.56,8,20,0,MT5_PY_API_UNIX_SECONDS,UNRESOLVED_REQUIRES_MANUAL_BINDING
1776858300,1776858600,VIX,VIX,M5,Bid,20.57,20.57,20.56,20.57,13,20,0,MT5_PY_API_UNIX_SECONDS,UNRESOLVED_REQUIRES_MANUAL_BINDING
1776858600,1776858900,VIX,VIX,M5,Bid,20.57,20.57,20.53,20.53,12,20,0,MT5_PY_API_UNIX_SECONDS,UNRESOLVED_REQUIRES_MANUAL_BINDING
1776858900,1776859200,VIX,VIX,M5,Bid,20.52,20.53,20.52,20.52,20,20,0,MT5_PY_API_UNIX_SECONDS,UNRESOLVED_REQUIRES_MANUAL_BINDING
1776859200,1776859500,VIX,VIX,M5,Bid,20.53,20.53,20.43,20.47,33,20,0,MT5_PY_API_UNIX_SECONDS,UNRESOLVED_REQUIRES_MANUAL_BINDING
1776859500,1776859800,VIX,VIX,M5,Bid,20.47,20.48,20.46,20.47,15,20,0,MT5_PY_API_UNIX_SECONDS,UNRESOLVED_REQUIRES_MANUAL_BINDING
1776859800,1776860100,VIX,VIX,M5,Bid,20.48,20.49,20.47,20.47,7,20,0,MT5_PY_API_UNIX_SECONDS,UNRESOLVED_REQUIRES_MANUAL_BINDING
1776860100,1776860400,VIX,VIX,M5,Bid,20.46,20.48,20.46,20.48,10,20,0,MT5_PY_API_UNIX_SECONDS,UNRESOLVED_REQUIRES_MANUAL_BINDING
1776860400,1776860700,VIX,VIX,M5,Bid,20.48,20.48,20.46,20.47,8,20,0,MT5_PY_API_UNIX_SECONDS,UNRESOLVED_REQUIRES_MANUAL_BINDING
1776860700,1776861000,VIX,VIX,M5,Bid,20.46,20.47,20.43,20.43,8,21,0,MT5_PY_API_UNIX_SECONDS,UNRESOLVED_REQUIRES_MANUAL_BINDING
1776861000,1776861300,VIX,VIX,M5,Bid,20.46,20.47,20.43,20.43,16,21,0,MT5_PY_API_UNIX_SECONDS,UNRESOLVED_REQUIRES_MANUAL_BINDING
1776861300,1776861600,VIX,VIX,M5,Bid,20.45,20.46,20.43,20.43,51,21,0,MT5_PY_API_UNIX_SECONDS,UNRESOLVED_REQUIRES_MANUAL_BINDING
1776861600,1776861900,VIX,VIX,M5,Bid,20.43,20.43,20.42,20.42,17,20,0,MT5_PY_API_UNIX_SECONDS,UNRESOLVED_REQUIRES_MANUAL_BINDING
1776861900,1776862200,VIX,VIX,M5,Bid,20.43,20.47,20.43,20.47,3,21,0,MT5_PY_API_UNIX_SECONDS,UNRESOLVED_REQUIRES_MANUAL_BINDING
1776862200,1776862500,VIX,VIX,M5,Bid,20.46,20.53,20.46,20.53,11,20,0,MT5_PY_API_UNIX_SECONDS,UNRESOLVED_REQUIRES_MANUAL_BINDING
1776862500,1776862800,VIX,VIX,M5,Bid,20.53,20.58,20.52,20.56,35,20,0,MT5_PY_API_UNIX_SECONDS,UNRESOLVED_REQUIRES_MANUAL_BINDING
1776862800,1776863100,VIX,VIX,M5,Bid,20.54,20.61,20.51,20.58,34,20,0,MT5_PY_API_UNIX_SECONDS,UNRESOLVED_REQUIRES_MANUAL_BINDING
1776863100,1776863400,VIX,VIX,M5,Bid,20.57,20.62,20.53,20.58,61,20,0,MT5_PY_API_UNIX_SECONDS,UNRESOLVED_REQUIRES_MANUAL_BINDING
1776863400,1776863700,VIX,VIX,M5,Bid,20.58,20.66,20.57,20.62,35,20,0,MT5_PY_API_UNIX_SECONDS,UNRESOLVED_REQUIRES_MANUAL_BINDING
1776863700,1776864000,VIX,VIX,M5,Bid,20.61,20.62,20.57,20.58,32,20,0,MT5_PY_API_UNIX_SECONDS,UNRESOLVED_REQUIRES_MANUAL_BINDING
1776864000,1776864300,VIX,VIX,M5,Bid,20.57,20.59,20.56,20.56,18,20,0,MT5_PY_API_UNIX_SECONDS,UNRESOLVED_REQUIRES_MANUAL_BINDING
1776864300,1776864600,VIX,VIX,M5,Bid,20.57,20.57,20.51,20.52,9,20,0,MT5_PY_API_UNIX_SECONDS,UNRESOLVED_REQUIRES_MANUAL_BINDING
1776864600,1776864900,VIX,VIX,M5,Bid,20.51,20.52,20.47,20.47,18,20,0,MT5_PY_API_UNIX_SECONDS,UNRESOLVED_REQUIRES_MANUAL_BINDING
1776864900,1776865200,VIX,VIX,M5,Bid,20.47,20.48,20.47,20.48,4,20,0,MT5_PY_API_UNIX_SECONDS,UNRESOLVED_REQUIRES_MANUAL_BINDING
1776865200,1776865500,VIX,VIX,M5,Bid,20.51,20.51,20.48,20.48,8,20,0,MT5_PY_API_UNIX_SECONDS,UNRESOLVED_REQUIRES_MANUAL_BINDING
1776865500,1776865800,VIX,VIX,M5,Bid,20.47,20.48,20.47,20.48,15,20,0,MT5_PY_API_UNIX_SECONDS,UNRESOLVED_REQUIRES_MANUAL_BINDING
1776865800,1776866100,VIX,VIX,M5,Bid,20.48,20.48,20.47,20.47,3,20,0,MT5_PY_API_UNIX_SECONDS,UNRESOLVED_REQUIRES_MANUAL_BINDING
1776866100,1776866400,VIX,VIX,M5,Bid,20.47,20.48,20.47,20.48,15,20,0,MT5_PY_API_UNIX_SECONDS,UNRESOLVED_REQUIRES_MANUAL_BINDING
1776866400,1776866700,VIX,VIX,M5,Bid,20.47,20.53,20.47,20.52,18,21,0,MT5_PY_API_UNIX_SECONDS,UNRESOLVED_REQUIRES_MANUAL_BINDING
1776866700,1776867000,VIX,VIX,M5,Bid,20.48,20.53,20.48,20.53,22,20,0,MT5_PY_API_UNIX_SECONDS,UNRESOLVED_REQUIRES_MANUAL_BINDING
1776867000,1776867300,VIX,VIX,M5,Bid,20.52,20.53,20.51,20.53,19,20,0,MT5_PY_API_UNIX_SECONDS,UNRESOLVED_REQUIRES_MANUAL_BINDING
1776867300,1776867600,VIX,VIX,M5,Bid,20.52,20.53,20.51,20.51,13,20,0,MT5_PY_API_UNIX_SECONDS,UNRESOLVED_REQUIRES_MANUAL_BINDING
1776867600,1776867900,VIX,VIX,M5,Bid,20.52,20.57,20.51,20.57,16,20,0,MT5_PY_API_UNIX_SECONDS,UNRESOLVED_REQUIRES_MANUAL_BINDING
1776867900,1776868200,VIX,VIX,M5,Bid,20.56,20.57,20.56,20.57,11,20,0,MT5_PY_API_UNIX_SECONDS,UNRESOLVED_REQUIRES_MANUAL_BINDING
1776868200,1776868500,VIX,VIX,M5,Bid,20.57,20.57,20.52,20.53,33,20,0,MT5_PY_API_UNIX_SECONDS,UNRESOLVED_REQUIRES_MANUAL_BINDING
1776868500,1776868800,VIX,VIX,M5,Bid,20.52,20.56,20.52,20.52,19,20,0,MT5_PY_API_UNIX_SECONDS,UNRESOLVED_REQUIRES_MANUAL_BINDING
1776868800,1776869100,VIX,VIX,M5,Bid,20.53,20.57,20.52,20.56,54,20,0,MT5_PY_API_UNIX_SECONDS,UNRESOLVED_REQUIRES_MANUAL_BINDING
1776869100,1776869400,VIX,VIX,M5,Bid,20.55,20.56,20.47,20.48,40,20,0,MT5_PY_API_UNIX_SECONDS,UNRESOLVED_REQUIRES_MANUAL_BINDING
1776869400,1776869700,VIX,VIX,M5,Bid,20.48,20.48,20.47,20.47,2,20,0,MT5_PY_API_UNIX_SECONDS,UNRESOLVED_REQUIRES_MANUAL_BINDING
1776870000,1776870300,VIX,VIX,M5,Bid,20.46,20.47,20.43,20.43,14,20,0,MT5_PY_API_UNIX_SECONDS,UNRESOLVED_REQUIRES_MANUAL_BINDING
1776870300,1776870600,VIX,VIX,M5,Bid,20.42,20.46,20.42,20.43,16,20,0,MT5_PY_API_UNIX_SECONDS,UNRESOLVED_REQUIRES_MANUAL_BINDING
1776870600,1776870900,VIX,VIX,M5,Bid,20.46,20.46,20.38,20.38,15,20,0,MT5_PY_API_UNIX_SECONDS,UNRESOLVED_REQUIRES_MANUAL_BINDING
1776870900,1776871200,VIX,VIX,M5,Bid,20.39,20.42,20.39,20.42,24,20,0,MT5_PY_API_UNIX_SECONDS,UNRESOLVED_REQUIRES_MANUAL_BINDING
1776871200,1776871500,VIX,VIX,M5,Bid,20.42,20.42,20.41,20.41,2,20,0,MT5_PY_API_UNIX_SECONDS,UNRESOLVED_REQUIRES_MANUAL_BINDING
1776871500,1776871800,VIX,VIX,M5,Bid,20.42,20.43,20.38,20.43,22,20,0,MT5_PY_API_UNIX_SECONDS,UNRESOLVED_REQUIRES_MANUAL_BINDING
1776871800,1776872100,VIX,VIX,M5,Bid,20.46,20.47,20.42,20.43,55,20,0,MT5_PY_API_UNIX_SECONDS,UNRESOLVED_REQUIRES_MANUAL_BINDING
1776872100,1776872400,VIX,VIX,M5,Bid,20.44,20.47,20.44,20.46,15,20,0,MT5_PY_API_UNIX_SECONDS,UNRESOLVED_REQUIRES_MANUAL_BINDING
1776872400,1776872700,VIX,VIX,M5,Bid,20.47,20.48,20.43,20.48,50,20,0,MT5_PY_API_UNIX_SECONDS,UNRESOLVED_REQUIRES_MANUAL_BINDING
1776872700,1776873000,VIX,VIX,M5,Bid,20.48,20.52,20.47,20.52,14,20,0,MT5_PY_API_UNIX_SECONDS,UNRESOLVED_REQUIRES_MANUAL_BINDING
1776873000,1776873300,VIX,VIX,M5,Bid,20.51,20.53,20.48,20.48,27,20,0,MT5_PY_API_UNIX_SECONDS,UNRESOLVED_REQUIRES_MANUAL_BINDING
1776873300,1776873600,VIX,VIX,M5,Bid,20.48,20.52,20.48,20.52,7,20,0,MT5_PY_API_UNIX_SECONDS,UNRESOLVED_REQUIRES_MANUAL_BINDING
1776873600,1776873900,VIX,VIX,M5,Bid,20.52,20.53,20.51,20.51,29,20,0,MT5_PY_API_UNIX_SECONDS,UNRESOLVED_REQUIRES_MANUAL_BINDING
1776873900,1776874200,VIX,VIX,M5,Bid,20.52,20.52,20.37,20.42,137,20,0,MT5_PY_API_UNIX_SECONDS,UNRESOLVED_REQUIRES_MANUAL_BINDING
1776874200,1776874500,VIX,VIX,M5,Bid,20.42,20.47,20.41,20.46,53,20,0,MT5_PY_API_UNIX_SECONDS,UNRESOLVED_REQUIRES_MANUAL_BINDING
1776874500,1776874800,VIX,VIX,M5,Bid,20.47,20.48,20.33,20.33,155,20,0,MT5_PY_API_UNIX_SECONDS,UNRESOLVED_REQUIRES_MANUAL_BINDING
1776874800,1776875100,VIX,VIX,M5,Bid,20.34,20.38,20.33,20.33,65,20,0,MT5_PY_API_UNIX_SECONDS,UNRESOLVED_REQUIRES_MANUAL_BINDING
1776875100,1776875400,VIX,VIX,M5,Bid,20.33,20.37,20.32,20.33,60,20,0,MT5_PY_API_UNIX_SECONDS,UNRESOLVED_REQUIRES_MANUAL_BINDING
1776875400,1776875700,VIX,VIX,M5,Bid,20.32,20.36,20.28,20.33,109,20,0,MT5_PY_API_UNIX_SECONDS,UNRESOLVED_REQUIRES_MANUAL_BINDING
1776875700,1776876000,VIX,VIX,M5,Bid,20.34,20.37,20.32,20.36,47,20,0,MT5_PY_API_UNIX_SECONDS,UNRESOLVED_REQUIRES_MANUAL_BINDING
1776876000,1776876300,VIX,VIX,M5,Bid,20.35,20.46,20.35,20.43,82,20,0,MT5_PY_API_UNIX_SECONDS,UNRESOLVED_REQUIRES_MANUAL_BINDING
1776876300,1776876600,VIX,VIX,M5,Bid,20.43,20.47,20.36,20.43,74,20,0,MT5_PY_API_UNIX_SECONDS,UNRESOLVED_REQUIRES_MANUAL_BINDING
1776876600,1776876900,VIX,VIX,M5,Bid,20.44,20.47,20.41,20.41,105,20,0,MT5_PY_API_UNIX_SECONDS,UNRESOLVED_REQUIRES_MANUAL_BINDING
1776876900,1776877200,VIX,VIX,M5,Bid,20.42,20.47,20.41,20.46,56,20,0,MT5_PY_API_UNIX_SECONDS,UNRESOLVED_REQUIRES_MANUAL_BINDING
1776877200,1776877500,VIX,VIX,M5,Bid,20.43,20.52,20.42,20.52,42,20,0,MT5_PY_API_UNIX_SECONDS,UNRESOLVED_REQUIRES_MANUAL_BINDING
1776877500,1776877800,VIX,VIX,M5,Bid,20.53,20.57,20.48,20.48,41,20,0,MT5_PY_API_UNIX_SECONDS,UNRESOLVED_REQUIRES_MANUAL_BINDING
1776877800,1776878100,VIX,VIX,M5,Bid,20.48,20.48,20.42,20.46,19,20,0,MT5_PY_API_UNIX_SECONDS,UNRESOLVED_REQUIRES_MANUAL_BINDING
1776878100,1776878400,VIX,VIX,M5,Bid,20.47,20.48,20.46,20.46,54,20,0,MT5_PY_API_UNIX_SECONDS,UNRESOLVED_REQUIRES_MANUAL_BINDING
1776878400,1776878700,VIX,VIX,M5,Bid,20.47,20.48,20.42,20.47,64,20,0,MT5_PY_API_UNIX_SECONDS,UNRESOLVED_REQUIRES_MANUAL_BINDING
1776878700,1776879000,VIX,VIX,M5,Bid,20.46,20.47,20.42,20.43,42,20,0,MT5_PY_API_UNIX_SECONDS,UNRESOLVED_REQUIRES_MANUAL_BINDING
1776879000,1776879300,VIX,VIX,M5,Bid,20.43,20.53,20.42,20.52,104,20,0,MT5_PY_API_UNIX_SECONDS,UNRESOLVED_REQUIRES_MANUAL_BINDING
1776879300,1776879600,VIX,VIX,M5,Bid,20.53,20.58,20.51,20.52,65,20,0,MT5_PY_API_UNIX_SECONDS,UNRESOLVED_REQUIRES_MANUAL_BINDING
1776879600,1776879900,VIX,VIX,M5,Bid,20.52,20.61,20.51,20.58,40,20,0,MT5_PY_API_UNIX_SECONDS,UNRESOLVED_REQUIRES_MANUAL_BINDING
1776879900,1776880200,VIX,VIX,M5,Bid,20.59,20.59,20.57,20.57,10,20,0,MT5_PY_API_UNIX_SECONDS,UNRESOLVED_REQUIRES_MANUAL_BINDING
1776880200,1776880500,VIX,VIX,M5,Bid,20.58,20.67,20.57,20.62,66,20,0,MT5_PY_API_UNIX_SECONDS,UNRESOLVED_REQUIRES_MANUAL_BINDING
1776880500,1776880800,VIX,VIX,M5,Bid,20.63,20.63,20.57,20.57,18,20,0,MT5_PY_API_UNIX_SECONDS,UNRESOLVED_REQUIRES_MANUAL_BINDING
1776880800,1776881100,VIX,VIX,M5,Bid,20.58,20.67,20.57,20.66,87,20,0,MT5_PY_API_UNIX_SECONDS,UNRESOLVED_REQUIRES_MANUAL_BINDING
1776881100,1776881400,VIX,VIX,M5,Bid,20.67,20.67,20.58,20.62,55,20,0,MT5_PY_API_UNIX_SECONDS,UNRESOLVED_REQUIRES_MANUAL_BINDING
1776881400,1776881700,VIX,VIX,M5,Bid,20.61,20.63,20.57,20.62,19,20,0,MT5_PY_API_UNIX_SECONDS,UNRESOLVED_REQUIRES_MANUAL_BINDING
1776881700,1776882000,VIX,VIX,M5,Bid,20.63,20.66,20.58,20.61,26,20,0,MT5_PY_API_UNIX_SECONDS,UNRESOLVED_REQUIRES_MANUAL_BINDING
1776882000,1776882300,VIX,VIX,M5,Bid,20.62,20.63,20.61,20.62,18,20,0,MT5_PY_API_UNIX_SECONDS,UNRESOLVED_REQUIRES_MANUAL_BINDING
1776882300,1776882600,VIX,VIX,M5,Bid,20.63,20.67,20.58,20.63,61,20,0,MT5_PY_API_UNIX_SECONDS,UNRESOLVED_REQUIRES_MANUAL_BINDING
1776882600,1776882900,VIX,VIX,M5,Bid,20.65,20.66,20.62,20.63,88,20,0,MT5_PY_API_UNIX_SECONDS,UNRESOLVED_REQUIRES_MANUAL_BINDING
1776882900,1776883200,VIX,VIX,M5,Bid,20.62,20.72,20.62,20.72,43,20,0,MT5_PY_API_UNIX_SECONDS,UNRESOLVED_REQUIRES_MANUAL_BINDING
1776883200,1776883500,VIX,VIX,M5,Bid,20.73,20.86,20.73,20.83,14,20,0,MT5_PY_API_UNIX_SECONDS,UNRESOLVED_REQUIRES_MANUAL_BINDING
1776883500,1776883800,VIX,VIX,M5,Bid,20.84,20.87,20.78,20.82,55,20,0,MT5_PY_API_UNIX_SECONDS,UNRESOLVED_REQUIRES_MANUAL_BINDING
1776883800,1776884100,VIX,VIX,M5,Bid,20.83,20.83,20.78,20.78,19,20,0,MT5_PY_API_UNIX_SECONDS,UNRESOLVED_REQUIRES_MANUAL_BINDING
1776884100,1776884400,VIX,VIX,M5,Bid,20.78,20.78,20.72,20.77,39,20,0,MT5_PY_API_UNIX_SECONDS,UNRESOLVED_REQUIRES_MANUAL_BINDING
1776884400,1776884700,VIX,VIX,M5,Bid,20.77,20.81,20.71,20.71,58,20,0,MT5_PY_API_UNIX_SECONDS,UNRESOLVED_REQUIRES_MANUAL_BINDING
1776884700,1776885000,VIX,VIX,M5,Bid,20.71,20.72,20.67,20.67,50,20,0,MT5_PY_API_UNIX_SECONDS,UNRESOLVED_REQUIRES_MANUAL_BINDING
1776885000,1776885300,VIX,VIX,M5,Bid,20.68,20.72,20.67,20.67,27,20,0,MT5_PY_API_UNIX_SECONDS,UNRESOLVED_REQUIRES_MANUAL_BINDING
1776885300,1776885600,VIX,VIX,M5,Bid,20.68,20.72,20.67,20.72,32,20,0,MT5_PY_API_UNIX_SECONDS,UNRESOLVED_REQUIRES_MANUAL_BINDING
1776885600,1776885900,VIX,VIX,M5,Bid,20.72,20.72,20.67,20.68,26,20,0,MT5_PY_API_UNIX_SECONDS,UNRESOLVED_REQUIRES_MANUAL_BINDING
1776885900,1776886200,VIX,VIX,M5,Bid,20.69,20.77,20.69,20.76,35,20,0,MT5_PY_API_UNIX_SECONDS,UNRESOLVED_REQUIRES_MANUAL_BINDING
1776886200,1776886500,VIX,VIX,M5,Bid,20.77,20.78,20.73,20.77,38,20,0,MT5_PY_API_UNIX_SECONDS,UNRESOLVED_REQUIRES_MANUAL_BINDING
1776886500,1776886800,VIX,VIX,M5,Bid,20.76,20.78,20.72,20.72,7,20,0,MT5_PY_API_UNIX_SECONDS,UNRESOLVED_REQUIRES_MANUAL_BINDING
1776886800,1776887100,VIX,VIX,M5,Bid,20.73,20.78,20.72,20.76,61,20,0,MT5_PY_API_UNIX_SECONDS,UNRESOLVED_REQUIRES_MANUAL_BINDING
1776887100,1776887400,VIX,VIX,M5,Bid,20.77,20.77,20.71,20.72,40,20,0,MT5_PY_API_UNIX_SECONDS,UNRESOLVED_REQUIRES_MANUAL_BINDING
1776887400,1776887700,VIX,VIX,M5,Bid,20.71,20.77,20.71,20.72,29,20,0,MT5_PY_API_UNIX_SECONDS,UNRESOLVED_REQUIRES_MANUAL_BINDING
1776887700,1776888000,VIX,VIX,M5,Bid,20.73,20.79,20.72,20.73,33,20,0,MT5_PY_API_UNIX_SECONDS,UNRESOLVED_REQUIRES_MANUAL_BINDING
1776888000,1776888300,VIX,VIX,M5,Bid,20.72,20.76,20.63,20.66,113,20,0,MT5_PY_API_UNIX_SECONDS,UNRESOLVED_REQUIRES_MANUAL_BINDING
1776888300,1776888600,VIX,VIX,M5,Bid,20.63,20.71,20.62,20.63,29,20,0,MT5_PY_API_UNIX_SECONDS,UNRESOLVED_REQUIRES_MANUAL_BINDING
1776888600,1776888900,VIX,VIX,M5,Bid,20.62,20.62,20.57,20.62,32,20,0,MT5_PY_API_UNIX_SECONDS,UNRESOLVED_REQUIRES_MANUAL_BINDING
1776888900,1776889200,VIX,VIX,M5,Bid,20.61,20.63,20.57,20.63,41,20,0,MT5_PY_API_UNIX_SECONDS,UNRESOLVED_REQUIRES_MANUAL_BINDING
1776889200,1776889500,VIX,VIX,M5,Bid,20.62,20.63,20.56,20.62,28,20,0,MT5_PY_API_UNIX_SECONDS,UNRESOLVED_REQUIRES_MANUAL_BINDING
1776889500,1776889800,VIX,VIX,M5,Bid,20.62,20.62,20.61,20.62,9,20,0,MT5_PY_API_UNIX_SECONDS,UNRESOLVED_REQUIRES_MANUAL_BINDING
1776889800,1776890100,VIX,VIX,M5,Bid,20.61,20.62,20.58,20.62,16,20,0,MT5_PY_API_UNIX_SECONDS,UNRESOLVED_REQUIRES_MANUAL_BINDING
1776890100,1776890400,VIX,VIX,M5,Bid,20.62,20.63,20.62,20.62,9,20,0,MT5_PY_API_UNIX_SECONDS,UNRESOLVED_REQUIRES_MANUAL_BINDING
1776890400,1776890700,VIX,VIX,M5,Bid,20.61,20.62,20.61,20.62,12,20,0,MT5_PY_API_UNIX_SECONDS,UNRESOLVED_REQUIRES_MANUAL_BINDING
1776890700,1776891000,VIX,VIX,M5,Bid,20.63,20.68,20.62,20.67,39,20,0,MT5_PY_API_UNIX_SECONDS,UNRESOLVED_REQUIRES_MANUAL_BINDING
1776891000,1776891300,VIX,VIX,M5,Bid,20.67,20.67,20.67,20.67,2,20,0,MT5_PY_API_UNIX_SECONDS,UNRESOLVED_REQUIRES_MANUAL_BINDING
1776891300,1776891600,VIX,VIX,M5,Bid,20.66,20.67,20.66,20.67,25,20,0,MT5_PY_API_UNIX_SECONDS,UNRESOLVED_REQUIRES_MANUAL_BINDING
1776891600,1776891900,VIX,VIX,M5,Bid,20.68,20.68,20.62,20.62,9,20,0,MT5_PY_API_UNIX_SECONDS,UNRESOLVED_REQUIRES_MANUAL_BINDING
1776891900,1776892200,VIX,VIX,M5,Bid,20.63,20.63,20.62,20.62,4,20,0,MT5_PY_API_UNIX_SECONDS,UNRESOLVED_REQUIRES_MANUAL_BINDING
1776892500,1776892800,VIX,VIX,M5,Bid,20.66,20.67,20.66,20.67,12,20,0,MT5_PY_API_UNIX_SECONDS,UNRESOLVED_REQUIRES_MANUAL_BINDING
1776892800,1776893100,VIX,VIX,M5,Bid,20.68,20.72,20.62,20.62,44,20,0,MT5_PY_API_UNIX_SECONDS,UNRESOLVED_REQUIRES_MANUAL_BINDING
1776893100,1776893400,VIX,VIX,M5,Bid,20.63,20.63,20.62,20.63,13,20,0,MT5_PY_API_UNIX_SECONDS,UNRESOLVED_REQUIRES_MANUAL_BINDING
1776893400,1776893700,VIX,VIX,M5,Bid,20.62,20.66,20.57,20.58,25,20,0,MT5_PY_API_UNIX_SECONDS,UNRESOLVED_REQUIRES_MANUAL_BINDING
1776893700,1776894000,VIX,VIX,M5,Bid,20.58,20.58,20.52,20.52,17,20,0,MT5_PY_API_UNIX_SECONDS,UNRESOLVED_REQUIRES_MANUAL_BINDING
1776894300,1776894600,VIX,VIX,M5,Bid,20.53,20.53,20.52,20.52,17,20,0,MT5_PY_API_UNIX_SECONDS,UNRESOLVED_REQUIRES_MANUAL_BINDING
1776894600,1776894900,VIX,VIX,M5,Bid,20.53,20.57,20.52,20.57,14,20,0,MT5_PY_API_UNIX_SECONDS,UNRESOLVED_REQUIRES_MANUAL_BINDING
1776894900,1776895200,VIX,VIX,M5,Bid,20.57,20.62,20.57,20.62,39,20,0,MT5_PY_API_UNIX_SECONDS,UNRESOLVED_REQUIRES_MANUAL_BINDING
1776895200,1776895500,VIX,VIX,M5,Bid,20.63,20.72,20.62,20.62,104,20,0,MT5_PY_API_UNIX_SECONDS,UNRESOLVED_REQUIRES_MANUAL_BINDING
1776895500,1776895800,VIX,VIX,M5,Bid,20.63,20.63,20.56,20.57,55,20,0,MT5_PY_API_UNIX_SECONDS,UNRESOLVED_REQUIRES_MANUAL_BINDING
1776895800,1776896100,VIX,VIX,M5,Bid,20.58,20.58,20.56,20.57,4,20,0,MT5_PY_API_UNIX_SECONDS,UNRESOLVED_REQUIRES_MANUAL_BINDING
1776896100,1776896400,VIX,VIX,M5,Bid,20.56,20.57,20.56,20.57,32,20,0,MT5_PY_API_UNIX_SECONDS,UNRESOLVED_REQUIRES_MANUAL_BINDING
1776896400,1776896700,VIX,VIX,M5,Bid,20.57,20.58,20.56,20.57,22,20,0,MT5_PY_API_UNIX_SECONDS,UNRESOLVED_REQUIRES_MANUAL_BINDING
1776896700,1776897000,VIX,VIX,M5,Bid,20.57,20.57,20.56,20.57,29,20,0,MT5_PY_API_UNIX_SECONDS,UNRESOLVED_REQUIRES_MANUAL_BINDING
1776897000,1776897300,VIX,VIX,M5,Bid,20.57,20.57,20.52,20.52,3,20,0,MT5_PY_API_UNIX_SECONDS,UNRESOLVED_REQUIRES_MANUAL_BINDING
1776897300,1776897600,VIX,VIX,M5,Bid,20.53,20.53,20.47,20.48,15,20,0,MT5_PY_API_UNIX_SECONDS,UNRESOLVED_REQUIRES_MANUAL_BINDING
1776897600,1776897900,VIX,VIX,M5,Bid,20.48,20.48,20.47,20.47,2,20,0,MT5_PY_API_UNIX_SECONDS,UNRESOLVED_REQUIRES_MANUAL_BINDING
1776897900,1776898200,VIX,VIX,M5,Bid,20.43,20.43,20.42,20.42,2,20,0,MT5_PY_API_UNIX_SECONDS,UNRESOLVED_REQUIRES_MANUAL_BINDING
1776898200,1776898500,VIX,VIX,M5,Bid,20.46,20.63,20.42,20.57,67,20,0,MT5_PY_API_UNIX_SECONDS,UNRESOLVED_REQUIRES_MANUAL_BINDING
1776898500,1776898800,VIX,VIX,M5,Bid,20.58,20.62,20.53,20.57,32,20,0,MT5_PY_API_UNIX_SECONDS,UNRESOLVED_REQUIRES_MANUAL_BINDING
1776898800,1776899100,VIX,VIX,M5,Bid,20.57,20.57,20.52,20.53,56,20,0,MT5_PY_API_UNIX_SECONDS,UNRESOLVED_REQUIRES_MANUAL_BINDING
1776899100,1776899400,VIX,VIX,M5,Bid,20.53,20.53,20.52,20.53,55,20,0,MT5_PY_API_UNIX_SECONDS,UNRESOLVED_REQUIRES_MANUAL_BINDING
1776899400,1776899700,VIX,VIX,M5,Bid,20.52,20.57,20.52,20.57,13,20,0,MT5_PY_API_UNIX_SECONDS,UNRESOLVED_REQUIRES_MANUAL_BINDING
1776900600,1776900900,VIX,VIX,M5,Bid,20.56,20.56,20.52,20.52,6,20,0,MT5_PY_API_UNIX_SECONDS,UNRESOLVED_REQUIRES_MANUAL_BINDING
1776900900,1776901200,VIX,VIX,M5,Bid,20.53,20.62,20.53,20.53,52,20,0,MT5_PY_API_UNIX_SECONDS,UNRESOLVED_REQUIRES_MANUAL_BINDING
1776901200,1776901500,VIX,VIX,M5,Bid,20.53,20.53,20.52,20.52,5,20,0,MT5_PY_API_UNIX_SECONDS,UNRESOLVED_REQUIRES_MANUAL_BINDING
1776901500,1776901800,VIX,VIX,M5,Bid,20.53,20.56,20.53,20.56,5,21,0,MT5_PY_API_UNIX_SECONDS,UNRESOLVED_REQUIRES_MANUAL_BINDING
1776901800,1776902100,VIX,VIX,M5,Bid,20.55,20.55,20.52,20.53,8,20,0,MT5_PY_API_UNIX_SECONDS,UNRESOLVED_REQUIRES_MANUAL_BINDING
1776902100,1776902400,VIX,VIX,M5,Bid,20.52,20.53,20.52,20.52,7,20,0,MT5_PY_API_UNIX_SECONDS,UNRESOLVED_REQUIRES_MANUAL_BINDING
1776906000,1776906300,VIX,VIX,M5,Bid,20.57,20.6,20.53,20.56,31,20,0,MT5_PY_API_UNIX_SECONDS,UNRESOLVED_REQUIRES_MANUAL_BINDING
1776906300,1776906600,VIX,VIX,M5,Bid,20.55,20.56,20.55,20.56,500,21,0,MT5_PY_API_UNIX_SECONDS,UNRESOLVED_REQUIRES_MANUAL_BINDING
1776906600,1776906900,VIX,VIX,M5,Bid,20.57,20.57,20.53,20.56,11,20,0,MT5_PY_API_UNIX_SECONDS,UNRESOLVED_REQUIRES_MANUAL_BINDING
1776906900,1776907200,VIX,VIX,M5,Bid,20.57,20.57,20.53,20.53,6,20,0,MT5_PY_API_UNIX_SECONDS,UNRESOLVED_REQUIRES_MANUAL_BINDING
1776907200,1776907500,VIX,VIX,M5,Bid,20.55,20.55,20.53,20.53,4,21,0,MT5_PY_API_UNIX_SECONDS,UNRESOLVED_REQUIRES_MANUAL_BINDING
1776907500,1776907800,VIX,VIX,M5,Bid,20.55,20.57,20.55,20.57,7,21,0,MT5_PY_API_UNIX_SECONDS,UNRESOLVED_REQUIRES_MANUAL_BINDING
1776909300,1776909600,VIX,VIX,M5,Bid,20.57,20.57,20.56,20.56,2,20,0,MT5_PY_API_UNIX_SECONDS,UNRESOLVED_REQUIRES_MANUAL_BINDING
1776909600,1776909900,VIX,VIX,M5,Bid,20.57,20.57,20.57,20.57,1,21,0,MT5_PY_API_UNIX_SECONDS,UNRESOLVED_REQUIRES_MANUAL_BINDING
1776910200,1776910500,VIX,VIX,M5,Bid,20.57,20.57,20.56,20.56,2,20,0,MT5_PY_API_UNIX_SECONDS,UNRESOLVED_REQUIRES_MANUAL_BINDING
1776910500,1776910800,VIX,VIX,M5,Bid,20.57,20.57,20.56,20.56,2,20,0,MT5_PY_API_UNIX_SECONDS,UNRESOLVED_REQUIRES_MANUAL_BINDING
1776910800,1776911100,VIX,VIX,M5,Bid,20.57,20.57,20.56,20.57,3,21,0,MT5_PY_API_UNIX_SECONDS,UNRESOLVED_REQUIRES_MANUAL_BINDING
1776912000,1776912300,VIX,VIX,M5,Bid,20.56,20.56,20.56,20.56,1,21,0,MT5_PY_API_UNIX_SECONDS,UNRESOLVED_REQUIRES_MANUAL_BINDING
1776912300,1776912600,VIX,VIX,M5,Bid,20.55,20.56,20.53,20.53,23,21,0,MT5_PY_API_UNIX_SECONDS,UNRESOLVED_REQUIRES_MANUAL_BINDING
1776912600,1776912900,VIX,VIX,M5,Bid,20.55,20.56,20.55,20.56,2,21,0,MT5_PY_API_UNIX_SECONDS,UNRESOLVED_REQUIRES_MANUAL_BINDING
1776912900,1776913200,VIX,VIX,M5,Bid,20.55,20.56,20.53,20.56,19,21,0,MT5_PY_API_UNIX_SECONDS,UNRESOLVED_REQUIRES_MANUAL_BINDING
1776913200,1776913500,VIX,VIX,M5,Bid,20.55,20.57,20.51,20.57,32,20,0,MT5_PY_API_UNIX_SECONDS,UNRESOLVED_REQUIRES_MANUAL_BINDING
1776913500,1776913800,VIX,VIX,M5,Bid,20.57,20.71,20.56,20.68,23,20,0,MT5_PY_API_UNIX_SECONDS,UNRESOLVED_REQUIRES_MANUAL_BINDING
1776913800,1776914100,VIX,VIX,M5,Bid,20.67,21.06,20.67,21.06,206,20,0,MT5_PY_API_UNIX_SECONDS,UNRESOLVED_REQUIRES_MANUAL_BINDING
1776914100,1776914400,VIX,VIX,M5,Bid,21.03,21.34,20.36,20.38,508,20,0,MT5_PY_API_UNIX_SECONDS,UNRESOLVED_REQUIRES_MANUAL_BINDING
1776914400,1776914700,VIX,VIX,M5,Bid,20.37,20.56,20.36,20.53,234,20,0,MT5_PY_API_UNIX_SECONDS,UNRESOLVED_REQUIRES_MANUAL_BINDING
1776914700,1776915000,VIX,VIX,M5,Bid,20.52,20.53,20.41,20.41,107,20,0,MT5_PY_API_UNIX_SECONDS,UNRESOLVED_REQUIRES_MANUAL_BINDING
1776915000,1776915300,VIX,VIX,M5,Bid,20.42,20.51,20.36,20.48,105,20,0,MT5_PY_API_UNIX_SECONDS,UNRESOLVED_REQUIRES_MANUAL_BINDING
1776915300,1776915600,VIX,VIX,M5,Bid,20.48,20.51,20.43,20.47,81,20,0,MT5_PY_API_UNIX_SECONDS,UNRESOLVED_REQUIRES_MANUAL_BINDING
1776915600,1776915900,VIX,VIX,M5,Bid,20.48,20.51,20.43,20.46,44,20,0,MT5_PY_API_UNIX_SECONDS,UNRESOLVED_REQUIRES_MANUAL_BINDING
1776915900,1776916200,VIX,VIX,M5,Bid,20.47,20.48,20.43,20.48,14,20,0,MT5_PY_API_UNIX_SECONDS,UNRESOLVED_REQUIRES_MANUAL_BINDING
1776916200,1776916500,VIX,VIX,M5,Bid,20.47,20.47,20.43,20.47,66,20,0,MT5_PY_API_UNIX_SECONDS,UNRESOLVED_REQUIRES_MANUAL_BINDING
1776916500,1776916800,VIX,VIX,M5,Bid,20.47,20.48,20.47,20.47,15,20,0,MT5_PY_API_UNIX_SECONDS,UNRESOLVED_REQUIRES_MANUAL_BINDING
1776916800,1776917100,VIX,VIX,M5,Bid,20.48,20.48,20.46,20.48,12,20,0,MT5_PY_API_UNIX_SECONDS,UNRESOLVED_REQUIRES_MANUAL_BINDING
1776917100,1776917400,VIX,VIX,M5,Bid,20.47,20.52,20.47,20.51,28,20,0,MT5_PY_API_UNIX_SECONDS,UNRESOLVED_REQUIRES_MANUAL_BINDING
1776917400,1776917700,VIX,VIX,M5,Bid,20.52,20.57,20.51,20.51,30,20,0,MT5_PY_API_UNIX_SECONDS,UNRESOLVED_REQUIRES_MANUAL_BINDING
1776917700,1776918000,VIX,VIX,M5,Bid,20.52,20.53,20.52,20.52,10,20,0,MT5_PY_API_UNIX_SECONDS,UNRESOLVED_REQUIRES_MANUAL_BINDING
1776918000,1776918300,VIX,VIX,M5,Bid,20.53,20.56,20.52,20.53,26,20,0,MT5_PY_API_UNIX_SECONDS,UNRESOLVED_REQUIRES_MANUAL_BINDING
1776918300,1776918600,VIX,VIX,M5,Bid,20.52,20.56,20.51,20.56,12,20,0,MT5_PY_API_UNIX_SECONDS,UNRESOLVED_REQUIRES_MANUAL_BINDING
1776918600,1776918900,VIX,VIX,M5,Bid,20.55,20.57,20.51,20.53,52,20,0,MT5_PY_API_UNIX_SECONDS,UNRESOLVED_REQUIRES_MANUAL_BINDING
1776918900,1776919200,VIX,VIX,M5,Bid,20.51,20.57,20.51,20.51,34,20,0,MT5_PY_API_UNIX_SECONDS,UNRESOLVED_REQUIRES_MANUAL_BINDING
1776919200,1776919500,VIX,VIX,M5,Bid,20.52,20.53,20.48,20.52,22,20,0,MT5_PY_API_UNIX_SECONDS,UNRESOLVED_REQUIRES_MANUAL_BINDING
1776919500,1776919800,VIX,VIX,M5,Bid,20.51,20.55,20.51,20.51,17,20,0,MT5_PY_API_UNIX_SECONDS,UNRESOLVED_REQUIRES_MANUAL_BINDING
1776919800,1776920100,VIX,VIX,M5,Bid,20.52,20.56,20.51,20.56,32,20,0,MT5_PY_API_UNIX_SECONDS,UNRESOLVED_REQUIRES_MANUAL_BINDING
1776920100,1776920400,VIX,VIX,M5,Bid,20.55,20.55,20.51,20.51,29,20,0,MT5_PY_API_UNIX_SECONDS,UNRESOLVED_REQUIRES_MANUAL_BINDING
1776920400,1776920700,VIX,VIX,M5,Bid,20.52,20.53,20.51,20.52,21,20,0,MT5_PY_API_UNIX_SECONDS,UNRESOLVED_REQUIRES_MANUAL_BINDING
1776920700,1776921000,VIX,VIX,M5,Bid,20.51,20.56,20.51,20.56,22,20,0,MT5_PY_API_UNIX_SECONDS,UNRESOLVED_REQUIRES_MANUAL_BINDING
1776921000,1776921300,VIX,VIX,M5,Bid,20.55,20.61,20.54,20.61,14,20,0,MT5_PY_API_UNIX_SECONDS,UNRESOLVED_REQUIRES_MANUAL_BINDING
1776921300,1776921600,VIX,VIX,M5,Bid,20.62,20.63,20.56,20.58,53,20,0,MT5_PY_API_UNIX_SECONDS,UNRESOLVED_REQUIRES_MANUAL_BINDING
1776921600,1776921900,VIX,VIX,M5,Bid,20.57,20.58,20.52,20.57,34,20,0,MT5_PY_API_UNIX_SECONDS,UNRESOLVED_REQUIRES_MANUAL_BINDING
1776921900,1776922200,VIX,VIX,M5,Bid,20.56,20.61,20.53,20.61,46,20,0,MT5_PY_API_UNIX_SECONDS,UNRESOLVED_REQUIRES_MANUAL_BINDING
1776922200,1776922500,VIX,VIX,M5,Bid,20.62,20.67,20.61,20.62,24,20,0,MT5_PY_API_UNIX_SECONDS,UNRESOLVED_REQUIRES_MANUAL_BINDING
1776922500,1776922800,VIX,VIX,M5,Bid,20.61,20.63,20.57,20.61,23,20,0,MT5_PY_API_UNIX_SECONDS,UNRESOLVED_REQUIRES_MANUAL_BINDING
1776922800,1776923100,VIX,VIX,M5,Bid,20.62,20.63,20.61,20.62,23,20,0,MT5_PY_API_UNIX_SECONDS,UNRESOLVED_REQUIRES_MANUAL_BINDING
1776923100,1776923400,VIX,VIX,M5,Bid,20.61,20.62,20.58,20.58,61,20,0,MT5_PY_API_UNIX_SECONDS,UNRESOLVED_REQUIRES_MANUAL_BINDING
1776923400,1776923700,VIX,VIX,M5,Bid,20.58,20.58,20.53,20.56,25,20,0,MT5_PY_API_UNIX_SECONDS,UNRESOLVED_REQUIRES_MANUAL_BINDING
1776923700,1776924000,VIX,VIX,M5,Bid,20.57,20.62,20.57,20.62,37,20,0,MT5_PY_API_UNIX_SECONDS,UNRESOLVED_REQUIRES_MANUAL_BINDING
1776924000,1776924300,VIX,VIX,M5,Bid,20.61,20.63,20.57,20.62,39,20,0,MT5_PY_API_UNIX_SECONDS,UNRESOLVED_REQUIRES_MANUAL_BINDING
1776924300,1776924600,VIX,VIX,M5,Bid,20.63,20.67,20.63,20.67,63,20,0,MT5_PY_API_UNIX_SECONDS,UNRESOLVED_REQUIRES_MANUAL_BINDING
1776924600,1776924900,VIX,VIX,M5,Bid,20.68,20.71,20.67,20.68,24,20,0,MT5_PY_API_UNIX_SECONDS,UNRESOLVED_REQUIRES_MANUAL_BINDING
1776924900,1776925200,VIX,VIX,M5,Bid,20.68,20.72,20.67,20.71,42,20,0,MT5_PY_API_UNIX_SECONDS,UNRESOLVED_REQUIRES_MANUAL_BINDING
1776925200,1776925500,VIX,VIX,M5,Bid,20.72,20.72,20.68,20.71,32,20,0,MT5_PY_API_UNIX_SECONDS,UNRESOLVED_REQUIRES_MANUAL_BINDING
1776925500,1776925800,VIX,VIX,M5,Bid,20.72,20.76,20.71,20.76,25,20,0,MT5_PY_API_UNIX_SECONDS,UNRESOLVED_REQUIRES_MANUAL_BINDING
1776925800,1776926100,VIX,VIX,M5,Bid,20.77,20.96,20.76,20.93,99,20,0,MT5_PY_API_UNIX_SECONDS,UNRESOLVED_REQUIRES_MANUAL_BINDING
1776926100,1776926400,VIX,VIX,M5,Bid,20.94,20.98,20.88,20.93,27,20,0,MT5_PY_API_UNIX_SECONDS,UNRESOLVED_REQUIRES_MANUAL_BINDING
1776926400,1776926700,VIX,VIX,M5,Bid,20.96,20.96,20.88,20.92,17,20,0,MT5_PY_API_UNIX_SECONDS,UNRESOLVED_REQUIRES_MANUAL_BINDING
1776926700,1776927000,VIX,VIX,M5,Bid,20.92,20.92,20.83,20.83,31,20,0,MT5_PY_API_UNIX_SECONDS,UNRESOLVED_REQUIRES_MANUAL_BINDING
1776927000,1776927300,VIX,VIX,M5,Bid,20.83,20.83,20.77,20.77,19,20,0,MT5_PY_API_UNIX_SECONDS,UNRESOLVED_REQUIRES_MANUAL_BINDING
1776927300,1776927600,VIX,VIX,M5,Bid,20.78,20.82,20.78,20.82,14,20,0,MT5_PY_API_UNIX_SECONDS,UNRESOLVED_REQUIRES_MANUAL_BINDING
1776927600,1776927900,VIX,VIX,M5,Bid,20.83,20.88,20.83,20.83,20,20,0,MT5_PY_API_UNIX_SECONDS,UNRESOLVED_REQUIRES_MANUAL_BINDING
1776927900,1776928200,VIX,VIX,M5,Bid,20.85,20.86,20.78,20.79,43,20,0,MT5_PY_API_UNIX_SECONDS,UNRESOLVED_REQUIRES_MANUAL_BINDING
1776928200,1776928500,VIX,VIX,M5,Bid,20.8,20.8,20.73,20.73,24,20,0,MT5_PY_API_UNIX_SECONDS,UNRESOLVED_REQUIRES_MANUAL_BINDING
1776928500,1776928800,VIX,VIX,M5,Bid,20.72,20.73,20.68,20.71,26,21,0,MT5_PY_API_UNIX_SECONDS,UNRESOLVED_REQUIRES_MANUAL_BINDING
1776928800,1776929100,VIX,VIX,M5,Bid,20.7,20.73,20.68,20.73,15,20,0,MT5_PY_API_UNIX_SECONDS,UNRESOLVED_REQUIRES_MANUAL_BINDING
1776929100,1776929400,VIX,VIX,M5,Bid,20.72,20.73,20.71,20.72,24,20,0,MT5_PY_API_UNIX_SECONDS,UNRESOLVED_REQUIRES_MANUAL_BINDING
1776929400,1776929700,VIX,VIX,M5,Bid,20.71,20.72,20.67,20.67,5,20,0,MT5_PY_API_UNIX_SECONDS,UNRESOLVED_REQUIRES_MANUAL_BINDING
1776929700,1776930000,VIX,VIX,M5,Bid,20.66,20.68,20.66,20.68,11,20,0,MT5_PY_API_UNIX_SECONDS,UNRESOLVED_REQUIRES_MANUAL_BINDING
1776930000,1776930300,VIX,VIX,M5,Bid,20.68,20.68,20.66,20.68,7,21,0,MT5_PY_API_UNIX_SECONDS,UNRESOLVED_REQUIRES_MANUAL_BINDING
1776930300,1776930600,VIX,VIX,M5,Bid,20.67,20.68,20.66,20.66,6,21,0,MT5_PY_API_UNIX_SECONDS,UNRESOLVED_REQUIRES_MANUAL_BINDING
1776930600,1776930900,VIX,VIX,M5,Bid,20.67,20.67,20.66,20.66,4,20,0,MT5_PY_API_UNIX_SECONDS,UNRESOLVED_REQUIRES_MANUAL_BINDING
1776930900,1776931200,VIX,VIX,M5,Bid,20.67,20.68,20.66,20.68,4,20,0,MT5_PY_API_UNIX_SECONDS,UNRESOLVED_REQUIRES_MANUAL_BINDING
1776931200,1776931500,VIX,VIX,M5,Bid,20.67,20.68,20.66,20.67,21,20,0,MT5_PY_API_UNIX_SECONDS,UNRESOLVED_REQUIRES_MANUAL_BINDING
1776931500,1776931800,VIX,VIX,M5,Bid,20.68,20.68,20.67,20.67,6,20,0,MT5_PY_API_UNIX_SECONDS,UNRESOLVED_REQUIRES_MANUAL_BINDING
1776931800,1776932100,VIX,VIX,M5,Bid,20.68,20.68,20.66,20.66,11,20,0,MT5_PY_API_UNIX_SECONDS,UNRESOLVED_REQUIRES_MANUAL_BINDING
1776932100,1776932400,VIX,VIX,M5,Bid,20.68,20.7,20.66,20.67,8,20,0,MT5_PY_API_UNIX_SECONDS,UNRESOLVED_REQUIRES_MANUAL_BINDING
1776932400,1776932700,VIX,VIX,M5,Bid,20.68,20.68,20.68,20.68,1,21,0,MT5_PY_API_UNIX_SECONDS,UNRESOLVED_REQUIRES_MANUAL_BINDING
1776932700,1776933000,VIX,VIX,M5,Bid,20.71,20.71,20.7,20.71,5,21,0,MT5_PY_API_UNIX_SECONDS,UNRESOLVED_REQUIRES_MANUAL_BINDING
1776933000,1776933300,VIX,VIX,M5,Bid,20.72,20.73,20.68,20.72,26,20,0,MT5_PY_API_UNIX_SECONDS,UNRESOLVED_REQUIRES_MANUAL_BINDING
1776933300,1776933600,VIX,VIX,M5,Bid,20.73,20.73,20.72,20.73,7,21,0,MT5_PY_API_UNIX_SECONDS,UNRESOLVED_REQUIRES_MANUAL_BINDING
1776933600,1776933900,VIX,VIX,M5,Bid,20.72,20.73,20.72,20.72,11,20,0,MT5_PY_API_UNIX_SECONDS,UNRESOLVED_REQUIRES_MANUAL_BINDING
1776933900,1776934200,VIX,VIX,M5,Bid,20.72,20.72,20.71,20.72,17,20,0,MT5_PY_API_UNIX_SECONDS,UNRESOLVED_REQUIRES_MANUAL_BINDING
1776934200,1776934500,VIX,VIX,M5,Bid,20.71,20.72,20.62,20.62,20,20,0,MT5_PY_API_UNIX_SECONDS,UNRESOLVED_REQUIRES_MANUAL_BINDING
1776934500,1776934800,VIX,VIX,M5,Bid,20.63,20.67,20.62,20.62,19,20,0,MT5_PY_API_UNIX_SECONDS,UNRESOLVED_REQUIRES_MANUAL_BINDING
1776934800,1776935100,VIX,VIX,M5,Bid,20.61,20.63,20.57,20.58,19,20,0,MT5_PY_API_UNIX_SECONDS,UNRESOLVED_REQUIRES_MANUAL_BINDING
1776935100,1776935400,VIX,VIX,M5,Bid,20.61,20.61,20.56,20.57,59,20,0,MT5_PY_API_UNIX_SECONDS,UNRESOLVED_REQUIRES_MANUAL_BINDING
1776935400,1776935700,VIX,VIX,M5,Bid,20.58,20.62,20.58,20.61,12,20,0,MT5_PY_API_UNIX_SECONDS,UNRESOLVED_REQUIRES_MANUAL_BINDING
1776935700,1776936000,VIX,VIX,M5,Bid,20.6,20.6,20.56,20.57,11,20,0,MT5_PY_API_UNIX_SECONDS,UNRESOLVED_REQUIRES_MANUAL_BINDING
1776936000,1776936300,VIX,VIX,M5,Bid,20.58,20.58,20.57,20.57,9,21,0,MT5_PY_API_UNIX_SECONDS,UNRESOLVED_REQUIRES_MANUAL_BINDING
1776936300,1776936600,VIX,VIX,M5,Bid,20.58,20.58,20.57,20.58,6,20,0,MT5_PY_API_UNIX_SECONDS,UNRESOLVED_REQUIRES_MANUAL_BINDING
1776936600,1776936900,VIX,VIX,M5,Bid,20.57,20.61,20.57,20.58,13,21,0,MT5_PY_API_UNIX_SECONDS,UNRESOLVED_REQUIRES_MANUAL_BINDING
1776936900,1776937200,VIX,VIX,M5,Bid,20.58,20.58,20.57,20.57,9,20,0,MT5_PY_API_UNIX_SECONDS,UNRESOLVED_REQUIRES_MANUAL_BINDING
1776937200,1776937500,VIX,VIX,M5,Bid,20.58,20.63,20.58,20.63,10,20,0,MT5_PY_API_UNIX_SECONDS,UNRESOLVED_REQUIRES_MANUAL_BINDING
1776937500,1776937800,VIX,VIX,M5,Bid,20.62,20.67,20.62,20.67,10,21,0,MT5_PY_API_UNIX_SECONDS,UNRESOLVED_REQUIRES_MANUAL_BINDING
1776937800,1776938100,VIX,VIX,M5,Bid,20.66,20.66,20.62,20.62,55,20,0,MT5_PY_API_UNIX_SECONDS,UNRESOLVED_REQUIRES_MANUAL_BINDING
1776938100,1776938400,VIX,VIX,M5,Bid,20.63,20.67,20.62,20.62,46,20,0,MT5_PY_API_UNIX_SECONDS,UNRESOLVED_REQUIRES_MANUAL_BINDING
1776938400,1776938700,VIX,VIX,M5,Bid,20.63,20.67,20.62,20.62,54,20,0,MT5_PY_API_UNIX_SECONDS,UNRESOLVED_REQUIRES_MANUAL_BINDING
1776938700,1776939000,VIX,VIX,M5,Bid,20.63,20.63,20.61,20.62,8,20,0,MT5_PY_API_UNIX_SECONDS,UNRESOLVED_REQUIRES_MANUAL_BINDING
1776939000,1776939300,VIX,VIX,M5,Bid,20.62,20.62,20.57,20.57,7,20,0,MT5_PY_API_UNIX_SECONDS,UNRESOLVED_REQUIRES_MANUAL_BINDING
1776939300,1776939600,VIX,VIX,M5,Bid,20.57,20.58,20.57,20.57,7,20,0,MT5_PY_API_UNIX_SECONDS,UNRESOLVED_REQUIRES_MANUAL_BINDING
1776939600,1776939900,VIX,VIX,M5,Bid,20.58,20.62,20.58,20.58,15,20,0,MT5_PY_API_UNIX_SECONDS,UNRESOLVED_REQUIRES_MANUAL_BINDING
1776939900,1776940200,VIX,VIX,M5,Bid,20.57,20.58,20.57,20.57,4,20,0,MT5_PY_API_UNIX_SECONDS,UNRESOLVED_REQUIRES_MANUAL_BINDING
1776940200,1776940500,VIX,VIX,M5,Bid,20.58,20.58,20.56,20.57,13,20,0,MT5_PY_API_UNIX_SECONDS,UNRESOLVED_REQUIRES_MANUAL_BINDING
1776940500,1776940800,VIX,VIX,M5,Bid,20.56,20.61,20.52,20.56,29,20,0,MT5_PY_API_UNIX_SECONDS,UNRESOLVED_REQUIRES_MANUAL_BINDING
1776940800,1776941100,VIX,VIX,M5,Bid,20.57,20.57,20.52,20.52,5,20,0,MT5_PY_API_UNIX_SECONDS,UNRESOLVED_REQUIRES_MANUAL_BINDING
1776941100,1776941400,VIX,VIX,M5,Bid,20.51,20.56,20.51,20.52,36,20,0,MT5_PY_API_UNIX_SECONDS,UNRESOLVED_REQUIRES_MANUAL_BINDING
1776941400,1776941700,VIX,VIX,M5,Bid,20.53,20.56,20.52,20.52,9,20,0,MT5_PY_API_UNIX_SECONDS,UNRESOLVED_REQUIRES_MANUAL_BINDING
1776941700,1776942000,VIX,VIX,M5,Bid,20.53,20.57,20.52,20.53,20,20,0,MT5_PY_API_UNIX_SECONDS,UNRESOLVED_REQUIRES_MANUAL_BINDING
1776942000,1776942300,VIX,VIX,M5,Bid,20.53,20.6,20.52,20.58,33,20,0,MT5_PY_API_UNIX_SECONDS,UNRESOLVED_REQUIRES_MANUAL_BINDING
1776942300,1776942600,VIX,VIX,M5,Bid,20.59,20.65,20.57,20.61,38,20,0,MT5_PY_API_UNIX_SECONDS,UNRESOLVED_REQUIRES_MANUAL_BINDING
1776942600,1776942900,VIX,VIX,M5,Bid,20.62,20.62,20.58,20.62,27,20,0,MT5_PY_API_UNIX_SECONDS,UNRESOLVED_REQUIRES_MANUAL_BINDING
1776942900,1776943200,VIX,VIX,M5,Bid,20.61,20.62,20.61,20.61,6,20,0,MT5_PY_API_UNIX_SECONDS,UNRESOLVED_REQUIRES_MANUAL_BINDING
1776943200,1776943500,VIX,VIX,M5,Bid,20.58,20.62,20.57,20.57,48,20,0,MT5_PY_API_UNIX_SECONDS,UNRESOLVED_REQUIRES_MANUAL_BINDING
1776943500,1776943800,VIX,VIX,M5,Bid,20.58,20.62,20.56,20.61,19,20,0,MT5_PY_API_UNIX_SECONDS,UNRESOLVED_REQUIRES_MANUAL_BINDING
1776943800,1776944100,VIX,VIX,M5,Bid,20.62,20.67,20.61,20.66,39,20,0,MT5_PY_API_UNIX_SECONDS,UNRESOLVED_REQUIRES_MANUAL_BINDING
1776944100,1776944400,VIX,VIX,M5,Bid,20.65,20.71,20.63,20.71,25,20,0,MT5_PY_API_UNIX_SECONDS,UNRESOLVED_REQUIRES_MANUAL_BINDING
1776944400,1776944700,VIX,VIX,M5,Bid,20.72,20.81,20.72,20.77,12,20,0,MT5_PY_API_UNIX_SECONDS,UNRESOLVED_REQUIRES_MANUAL_BINDING
1776944700,1776945000,VIX,VIX,M5,Bid,20.76,20.77,20.74,20.77,8,20,0,MT5_PY_API_UNIX_SECONDS,UNRESOLVED_REQUIRES_MANUAL_BINDING
1776945000,1776945300,VIX,VIX,M5,Bid,20.77,20.78,20.76,20.77,14,20,0,MT5_PY_API_UNIX_SECONDS,UNRESOLVED_REQUIRES_MANUAL_BINDING
1776945300,1776945600,VIX,VIX,M5,Bid,20.76,20.77,20.76,20.77,18,20,0,MT5_PY_API_UNIX_SECONDS,UNRESOLVED_REQUIRES_MANUAL_BINDING
1776945600,1776945900,VIX,VIX,M5,Bid,20.78,20.91,20.78,20.91,68,20,0,MT5_PY_API_UNIX_SECONDS,UNRESOLVED_REQUIRES_MANUAL_BINDING
1776945900,1776946200,VIX,VIX,M5,Bid,20.9,20.92,20.88,20.92,46,20,0,MT5_PY_API_UNIX_SECONDS,UNRESOLVED_REQUIRES_MANUAL_BINDING
1776946200,1776946500,VIX,VIX,M5,Bid,20.92,20.92,20.87,20.88,11,20,0,MT5_PY_API_UNIX_SECONDS,UNRESOLVED_REQUIRES_MANUAL_BINDING
1776946500,1776946800,VIX,VIX,M5,Bid,20.87,20.87,20.76,20.78,30,20,0,MT5_PY_API_UNIX_SECONDS,UNRESOLVED_REQUIRES_MANUAL_BINDING
1776946800,1776947100,VIX,VIX,M5,Bid,20.78,20.81,20.77,20.78,52,20,0,MT5_PY_API_UNIX_SECONDS,UNRESOLVED_REQUIRES_MANUAL_BINDING
1776947100,1776947400,VIX,VIX,M5,Bid,20.79,20.81,20.77,20.78,25,20,0,MT5_PY_API_UNIX_SECONDS,UNRESOLVED_REQUIRES_MANUAL_BINDING
1776947400,1776947700,VIX,VIX,M5,Bid,20.77,20.77,20.73,20.77,14,20,0,MT5_PY_API_UNIX_SECONDS,UNRESOLVED_REQUIRES_MANUAL_BINDING
1776947700,1776948000,VIX,VIX,M5,Bid,20.78,20.81,20.77,20.78,31,20,0,MT5_PY_API_UNIX_SECONDS,UNRESOLVED_REQUIRES_MANUAL_BINDING
1776948000,1776948300,VIX,VIX,M5,Bid,20.78,20.78,20.76,20.78,22,20,0,MT5_PY_API_UNIX_SECONDS,UNRESOLVED_REQUIRES_MANUAL_BINDING
1776948300,1776948600,VIX,VIX,M5,Bid,20.78,20.82,20.78,20.78,19,20,0,MT5_PY_API_UNIX_SECONDS,UNRESOLVED_REQUIRES_MANUAL_BINDING
1776948600,1776948900,VIX,VIX,M5,Bid,20.79,20.81,20.78,20.81,20,20,0,MT5_PY_API_UNIX_SECONDS,UNRESOLVED_REQUIRES_MANUAL_BINDING
1776948900,1776949200,VIX,VIX,M5,Bid,20.79,20.82,20.78,20.82,33,20,0,MT5_PY_API_UNIX_SECONDS,UNRESOLVED_REQUIRES_MANUAL_BINDING
1776949200,1776949500,VIX,VIX,M5,Bid,20.82,20.86,20.81,20.83,28,20,0,MT5_PY_API_UNIX_SECONDS,UNRESOLVED_REQUIRES_MANUAL_BINDING
1776949500,1776949800,VIX,VIX,M5,Bid,20.85,20.86,20.83,20.86,52,21,0,MT5_PY_API_UNIX_SECONDS,UNRESOLVED_REQUIRES_MANUAL_BINDING
1776949800,1776950100,VIX,VIX,M5,Bid,20.85,20.88,20.83,20.88,41,20,0,MT5_PY_API_UNIX_SECONDS,UNRESOLVED_REQUIRES_MANUAL_BINDING
1776950100,1776950400,VIX,VIX,M5,Bid,20.87,20.87,20.83,20.87,19,20,0,MT5_PY_API_UNIX_SECONDS,UNRESOLVED_REQUIRES_MANUAL_BINDING
1776950400,1776950700,VIX,VIX,M5,Bid,20.86,20.86,20.86,20.86,1,21,0,MT5_PY_API_UNIX_SECONDS,UNRESOLVED_REQUIRES_MANUAL_BINDING
1776950700,1776951000,VIX,VIX,M5,Bid,20.87,20.87,20.86,20.87,27,20,0,MT5_PY_API_UNIX_SECONDS,UNRESOLVED_REQUIRES_MANUAL_BINDING
1776951000,1776951300,VIX,VIX,M5,Bid,20.87,20.88,20.82,20.82,24,20,0,MT5_PY_API_UNIX_SECONDS,UNRESOLVED_REQUIRES_MANUAL_BINDING
1776951300,1776951600,VIX,VIX,M5,Bid,20.83,20.86,20.82,20.86,28,20,0,MT5_PY_API_UNIX_SECONDS,UNRESOLVED_REQUIRES_MANUAL_BINDING
1776951600,1776951900,VIX,VIX,M5,Bid,20.87,20.88,20.86,20.87,15,20,0,MT5_PY_API_UNIX_SECONDS,UNRESOLVED_REQUIRES_MANUAL_BINDING
1776951900,1776952200,VIX,VIX,M5,Bid,20.88,20.88,20.83,20.87,18,20,0,MT5_PY_API_UNIX_SECONDS,UNRESOLVED_REQUIRES_MANUAL_BINDING
1776952200,1776952500,VIX,VIX,M5,Bid,20.87,20.87,20.82,20.82,10,20,0,MT5_PY_API_UNIX_SECONDS,UNRESOLVED_REQUIRES_MANUAL_BINDING
1776952500,1776952800,VIX,VIX,M5,Bid,20.82,20.82,20.77,20.78,13,20,0,MT5_PY_API_UNIX_SECONDS,UNRESOLVED_REQUIRES_MANUAL_BINDING
1776952800,1776953100,VIX,VIX,M5,Bid,20.78,20.78,20.73,20.76,26,20,0,MT5_PY_API_UNIX_SECONDS,UNRESOLVED_REQUIRES_MANUAL_BINDING
1776953100,1776953400,VIX,VIX,M5,Bid,20.77,20.81,20.76,20.78,20,20,0,MT5_PY_API_UNIX_SECONDS,UNRESOLVED_REQUIRES_MANUAL_BINDING
1776953400,1776953700,VIX,VIX,M5,Bid,20.78,20.86,20.77,20.81,13,20,0,MT5_PY_API_UNIX_SECONDS,UNRESOLVED_REQUIRES_MANUAL_BINDING
1776953700,1776954000,VIX,VIX,M5,Bid,20.8,20.81,20.78,20.81,28,20,0,MT5_PY_API_UNIX_SECONDS,UNRESOLVED_REQUIRES_MANUAL_BINDING
1776954000,1776954300,VIX,VIX,M5,Bid,20.78,20.82,20.78,20.81,23,20,0,MT5_PY_API_UNIX_SECONDS,UNRESOLVED_REQUIRES_MANUAL_BINDING
1776954300,1776954600,VIX,VIX,M5,Bid,20.8,20.87,20.78,20.83,36,20,0,MT5_PY_API_UNIX_SECONDS,UNRESOLVED_REQUIRES_MANUAL_BINDING
1776954600,1776954900,VIX,VIX,M5,Bid,20.83,20.87,20.82,20.87,61,20,0,MT5_PY_API_UNIX_SECONDS,UNRESOLVED_REQUIRES_MANUAL_BINDING
1776954900,1776955200,VIX,VIX,M5,Bid,20.86,20.87,20.76,20.82,85,20,0,MT5_PY_API_UNIX_SECONDS,UNRESOLVED_REQUIRES_MANUAL_BINDING
1776955200,1776955500,VIX,VIX,M5,Bid,20.82,20.83,20.76,20.76,69,20,0,MT5_PY_API_UNIX_SECONDS,UNRESOLVED_REQUIRES_MANUAL_BINDING
1776955500,1776955800,VIX,VIX,M5,Bid,20.77,20.77,20.68,20.72,128,20,0,MT5_PY_API_UNIX_SECONDS,UNRESOLVED_REQUIRES_MANUAL_BINDING
1776955800,1776956100,VIX,VIX,M5,Bid,20.71,20.73,20.68,20.68,89,20,0,MT5_PY_API_UNIX_SECONDS,UNRESOLVED_REQUIRES_MANUAL_BINDING
1776956100,1776956400,VIX,VIX,M5,Bid,20.7,20.72,20.68,20.68,81,20,0,MT5_PY_API_UNIX_SECONDS,UNRESOLVED_REQUIRES_MANUAL_BINDING
1776956400,1776956700,VIX,VIX,M5,Bid,20.71,20.72,20.67,20.68,15,20,0,MT5_PY_API_UNIX_SECONDS,UNRESOLVED_REQUIRES_MANUAL_BINDING
1776956700,1776957000,VIX,VIX,M5,Bid,20.68,20.68,20.62,20.62,32,20,0,MT5_PY_API_UNIX_SECONDS,UNRESOLVED_REQUIRES_MANUAL_BINDING
1776957000,1776957300,VIX,VIX,M5,Bid,20.62,20.66,20.62,20.66,13,20,0,MT5_PY_API_UNIX_SECONDS,UNRESOLVED_REQUIRES_MANUAL_BINDING
1776957300,1776957600,VIX,VIX,M5,Bid,20.67,20.68,20.63,20.63,26,20,0,MT5_PY_API_UNIX_SECONDS,UNRESOLVED_REQUIRES_MANUAL_BINDING
1776957600,1776957900,VIX,VIX,M5,Bid,20.65,20.68,20.63,20.66,60,20,0,MT5_PY_API_UNIX_SECONDS,UNRESOLVED_REQUIRES_MANUAL_BINDING
1776957900,1776958200,VIX,VIX,M5,Bid,20.67,20.67,20.63,20.67,57,20,0,MT5_PY_API_UNIX_SECONDS,UNRESOLVED_REQUIRES_MANUAL_BINDING
1776958200,1776958500,VIX,VIX,M5,Bid,20.71,20.76,20.67,20.73,48,20,0,MT5_PY_API_UNIX_SECONDS,UNRESOLVED_REQUIRES_MANUAL_BINDING
1776958500,1776958800,VIX,VIX,M5,Bid,20.74,20.78,20.72,20.76,42,20,0,MT5_PY_API_UNIX_SECONDS,UNRESOLVED_REQUIRES_MANUAL_BINDING
1776958800,1776959100,VIX,VIX,M5,Bid,20.77,20.77,20.72,20.73,13,20,0,MT5_PY_API_UNIX_SECONDS,UNRESOLVED_REQUIRES_MANUAL_BINDING
1776959100,1776959400,VIX,VIX,M5,Bid,20.73,20.98,20.72,20.86,290,20,0,MT5_PY_API_UNIX_SECONDS,UNRESOLVED_REQUIRES_MANUAL_BINDING
1776959400,1776959700,VIX,VIX,M5,Bid,20.87,20.87,20.78,20.83,52,20,0,MT5_PY_API_UNIX_SECONDS,UNRESOLVED_REQUIRES_MANUAL_BINDING
1776959700,1776960000,VIX,VIX,M5,Bid,20.83,20.83,20.81,20.81,16,20,0,MT5_PY_API_UNIX_SECONDS,UNRESOLVED_REQUIRES_MANUAL_BINDING
1776960000,1776960300,VIX,VIX,M5,Bid,20.78,20.78,20.76,20.77,27,20,0,MT5_PY_API_UNIX_SECONDS,UNRESOLVED_REQUIRES_MANUAL_BINDING
1776960300,1776960600,VIX,VIX,M5,Bid,20.78,20.78,20.72,20.73,18,20,0,MT5_PY_API_UNIX_SECONDS,UNRESOLVED_REQUIRES_MANUAL_BINDING
1776960600,1776960900,VIX,VIX,M5,Bid,20.73,20.87,20.72,20.76,33,20,0,MT5_PY_API_UNIX_SECONDS,UNRESOLVED_REQUIRES_MANUAL_BINDING
1776960900,1776961200,VIX,VIX,M5,Bid,20.77,20.77,20.72,20.72,46,20,0,MT5_PY_API_UNIX_SECONDS,UNRESOLVED_REQUIRES_MANUAL_BINDING
1776961200,1776961500,VIX,VIX,M5,Bid,20.73,20.73,20.68,20.72,21,20,0,MT5_PY_API_UNIX_SECONDS,UNRESOLVED_REQUIRES_MANUAL_BINDING
1776961500,1776961800,VIX,VIX,M5,Bid,20.72,20.76,20.71,20.72,47,20,0,MT5_PY_API_UNIX_SECONDS,UNRESOLVED_REQUIRES_MANUAL_BINDING
1776961800,1776962100,VIX,VIX,M5,Bid,20.73,20.73,20.65,20.68,118,20,0,MT5_PY_API_UNIX_SECONDS,UNRESOLVED_REQUIRES_MANUAL_BINDING
1776962100,1776962400,VIX,VIX,M5,Bid,20.68,20.72,20.66,20.68,53,20,0,MT5_PY_API_UNIX_SECONDS,UNRESOLVED_REQUIRES_MANUAL_BINDING
1776962400,1776962700,VIX,VIX,M5,Bid,20.71,20.73,20.71,20.73,45,20,0,MT5_PY_API_UNIX_SECONDS,UNRESOLVED_REQUIRES_MANUAL_BINDING
1776962700,1776963000,VIX,VIX,M5,Bid,20.73,20.78,20.68,20.77,42,20,0,MT5_PY_API_UNIX_SECONDS,UNRESOLVED_REQUIRES_MANUAL_BINDING
1776963000,1776963300,VIX,VIX,M5,Bid,20.78,20.83,20.72,20.72,81,20,0,MT5_PY_API_UNIX_SECONDS,UNRESOLVED_REQUIRES_MANUAL_BINDING
1776963300,1776963600,VIX,VIX,M5,Bid,20.73,20.77,20.72,20.77,50,20,0,MT5_PY_API_UNIX_SECONDS,UNRESOLVED_REQUIRES_MANUAL_BINDING
1776963600,1776963900,VIX,VIX,M5,Bid,20.78,20.86,20.72,20.77,108,20,0,MT5_PY_API_UNIX_SECONDS,UNRESOLVED_REQUIRES_MANUAL_BINDING
1776963900,1776964200,VIX,VIX,M5,Bid,20.78,20.82,20.76,20.77,87,20,0,MT5_PY_API_UNIX_SECONDS,UNRESOLVED_REQUIRES_MANUAL_BINDING
1776964200,1776964500,VIX,VIX,M5,Bid,20.76,20.82,20.76,20.78,100,20,0,MT5_PY_API_UNIX_SECONDS,UNRESOLVED_REQUIRES_MANUAL_BINDING
1776964500,1776964800,VIX,VIX,M5,Bid,20.78,20.78,20.68,20.72,65,20,0,MT5_PY_API_UNIX_SECONDS,UNRESOLVED_REQUIRES_MANUAL_BINDING
1776964800,1776965100,VIX,VIX,M5,Bid,20.73,20.73,20.62,20.63,37,20,0,MT5_PY_API_UNIX_SECONDS,UNRESOLVED_REQUIRES_MANUAL_BINDING
1776965100,1776965400,VIX,VIX,M5,Bid,20.63,20.67,20.62,20.63,68,20,0,MT5_PY_API_UNIX_SECONDS,UNRESOLVED_REQUIRES_MANUAL_BINDING
1776965400,1776965700,VIX,VIX,M5,Bid,20.63,20.63,20.61,20.62,41,20,0,MT5_PY_API_UNIX_SECONDS,UNRESOLVED_REQUIRES_MANUAL_BINDING
1776965700,1776966000,VIX,VIX,M5,Bid,20.62,20.62,20.57,20.58,26,20,0,MT5_PY_API_UNIX_SECONDS,UNRESOLVED_REQUIRES_MANUAL_BINDING
1776966000,1776966300,VIX,VIX,M5,Bid,20.58,20.61,20.57,20.57,65,20,0,MT5_PY_API_UNIX_SECONDS,UNRESOLVED_REQUIRES_MANUAL_BINDING
1776966300,1776966600,VIX,VIX,M5,Bid,20.58,20.6,20.57,20.58,20,20,0,MT5_PY_API_UNIX_SECONDS,UNRESOLVED_REQUIRES_MANUAL_BINDING
1776966600,1776966900,VIX,VIX,M5,Bid,20.58,20.58,20.57,20.57,6,20,0,MT5_PY_API_UNIX_SECONDS,UNRESOLVED_REQUIRES_MANUAL_BINDING
1776966900,1776967200,VIX,VIX,M5,Bid,20.57,20.57,20.52,20.52,26,20,0,MT5_PY_API_UNIX_SECONDS,UNRESOLVED_REQUIRES_MANUAL_BINDING
1776967500,1776967800,VIX,VIX,M5,Bid,20.53,20.53,20.52,20.52,29,20,0,MT5_PY_API_UNIX_SECONDS,UNRESOLVED_REQUIRES_MANUAL_BINDING
1776967800,1776968100,VIX,VIX,M5,Bid,20.52,20.57,20.52,20.57,31,20,0,MT5_PY_API_UNIX_SECONDS,UNRESOLVED_REQUIRES_MANUAL_BINDING
1776968100,1776968400,VIX,VIX,M5,Bid,20.57,20.57,20.53,20.56,6,20,0,MT5_PY_API_UNIX_SECONDS,UNRESOLVED_REQUIRES_MANUAL_BINDING
1776968400,1776968700,VIX,VIX,M5,Bid,20.57,20.57,20.56,20.56,21,20,0,MT5_PY_API_UNIX_SECONDS,UNRESOLVED_REQUIRES_MANUAL_BINDING
1776968700,1776969000,VIX,VIX,M5,Bid,20.53,20.57,20.53,20.57,54,20,0,MT5_PY_API_UNIX_SECONDS,UNRESOLVED_REQUIRES_MANUAL_BINDING
1776969000,1776969300,VIX,VIX,M5,Bid,20.61,20.61,20.61,20.61,1,21,0,MT5_PY_API_UNIX_SECONDS,UNRESOLVED_REQUIRES_MANUAL_BINDING
1776969300,1776969600,VIX,VIX,M5,Bid,20.62,20.68,20.62,20.68,6,20,0,MT5_PY_API_UNIX_SECONDS,UNRESOLVED_REQUIRES_MANUAL_BINDING
1776969600,1776969900,VIX,VIX,M5,Bid,20.71,20.73,20.68,20.73,21,20,0,MT5_PY_API_UNIX_SECONDS,UNRESOLVED_REQUIRES_MANUAL_BINDING
1776969900,1776970200,VIX,VIX,M5,Bid,20.73,20.81,20.73,20.76,126,20,0,MT5_PY_API_UNIX_SECONDS,UNRESOLVED_REQUIRES_MANUAL_BINDING
1776970200,1776970500,VIX,VIX,M5,Bid,20.77,20.82,20.76,20.82,53,20,0,MT5_PY_API_UNIX_SECONDS,UNRESOLVED_REQUIRES_MANUAL_BINDING
1776970500,1776970800,VIX,VIX,M5,Bid,20.81,20.82,20.71,20.72,103,20,0,MT5_PY_API_UNIX_SECONDS,UNRESOLVED_REQUIRES_MANUAL_BINDING
1776970800,1776971100,VIX,VIX,M5,Bid,20.72,20.86,20.71,20.83,51,20,0,MT5_PY_API_UNIX_SECONDS,UNRESOLVED_REQUIRES_MANUAL_BINDING
1776971100,1776971400,VIX,VIX,M5,Bid,20.84,20.85,20.8,20.81,40,20,0,MT5_PY_API_UNIX_SECONDS,UNRESOLVED_REQUIRES_MANUAL_BINDING
1776971400,1776971700,VIX,VIX,M5,Bid,20.8,20.82,20.72,20.72,37,20,0,MT5_PY_API_UNIX_SECONDS,UNRESOLVED_REQUIRES_MANUAL_BINDING
1776971700,1776972000,VIX,VIX,M5,Bid,20.71,20.72,20.68,20.71,25,20,0,MT5_PY_API_UNIX_SECONDS,UNRESOLVED_REQUIRES_MANUAL_BINDING
1776972000,1776972300,VIX,VIX,M5,Bid,20.72,20.73,20.66,20.67,30,20,0,MT5_PY_API_UNIX_SECONDS,UNRESOLVED_REQUIRES_MANUAL_BINDING
1776972300,1776972600,VIX,VIX,M5,Bid,20.66,20.66,20.62,20.62,14,20,0,MT5_PY_API_UNIX_SECONDS,UNRESOLVED_REQUIRES_MANUAL_BINDING
1776972600,1776972900,VIX,VIX,M5,Bid,20.63,20.68,20.62,20.67,20,20,0,MT5_PY_API_UNIX_SECONDS,UNRESOLVED_REQUIRES_MANUAL_BINDING
1776972900,1776973200,VIX,VIX,M5,Bid,20.67,20.67,20.62,20.62,11,20,0,MT5_PY_API_UNIX_SECONDS,UNRESOLVED_REQUIRES_MANUAL_BINDING
1776973200,1776973500,VIX,VIX,M5,Bid,20.63,20.63,20.61,20.61,12,20,0,MT5_PY_API_UNIX_SECONDS,UNRESOLVED_REQUIRES_MANUAL_BINDING
1776973500,1776973800,VIX,VIX,M5,Bid,20.58,20.58,20.57,20.57,7,20,0,MT5_PY_API_UNIX_SECONDS,UNRESOLVED_REQUIRES_MANUAL_BINDING
1776973800,1776974100,VIX,VIX,M5,Bid,20.57,20.57,20.57,20.57,1,21,0,MT5_PY_API_UNIX_SECONDS,UNRESOLVED_REQUIRES_MANUAL_BINDING
1776974100,1776974400,VIX,VIX,M5,Bid,20.57,20.58,20.52,20.56,35,20,0,MT5_PY_API_UNIX_SECONDS,UNRESOLVED_REQUIRES_MANUAL_BINDING
1776974400,1776974700,VIX,VIX,M5,Bid,20.53,20.72,20.52,20.68,375,20,0,MT5_PY_API_UNIX_SECONDS,UNRESOLVED_REQUIRES_MANUAL_BINDING
1776974700,1776975000,VIX,VIX,M5,Bid,20.71,20.97,20.71,20.97,183,20,0,MT5_PY_API_UNIX_SECONDS,UNRESOLVED_REQUIRES_MANUAL_BINDING
1776975000,1776975300,VIX,VIX,M5,Bid,20.98,21.03,20.93,20.98,275,20,0,MT5_PY_API_UNIX_SECONDS,UNRESOLVED_REQUIRES_MANUAL_BINDING
1776975300,1776975600,VIX,VIX,M5,Bid,21.01,21.26,20.98,21.18,207,20,0,MT5_PY_API_UNIX_SECONDS,UNRESOLVED_REQUIRES_MANUAL_BINDING
1776975600,1776975900,VIX,VIX,M5,Bid,21.17,21.28,21.12,21.27,185,20,0,MT5_PY_API_UNIX_SECONDS,UNRESOLVED_REQUIRES_MANUAL_BINDING
1776975900,1776976200,VIX,VIX,M5,Bid,21.26,21.28,21.07,21.23,209,20,0,MT5_PY_API_UNIX_SECONDS,UNRESOLVED_REQUIRES_MANUAL_BINDING
1776976200,1776976500,VIX,VIX,M5,Bid,21.22,21.23,21.02,21.02,143,20,0,MT5_PY_API_UNIX_SECONDS,UNRESOLVED_REQUIRES_MANUAL_BINDING
1776976500,1776976800,VIX,VIX,M5,Bid,21.01,21.27,20.97,21.23,245,20,0,MT5_PY_API_UNIX_SECONDS,UNRESOLVED_REQUIRES_MANUAL_BINDING
1776976800,1776977100,VIX,VIX,M5,Bid,21.22,21.56,21.21,21.47,507,20,0,MT5_PY_API_UNIX_SECONDS,UNRESOLVED_REQUIRES_MANUAL_BINDING
1776977100,1776977400,VIX,VIX,M5,Bid,21.48,21.67,21.32,21.38,737,20,0,MT5_PY_API_UNIX_SECONDS,UNRESOLVED_REQUIRES_MANUAL_BINDING
1776977400,1776977700,VIX,VIX,M5,Bid,21.38,21.47,20.91,21.22,874,20,0,MT5_PY_API_UNIX_SECONDS,UNRESOLVED_REQUIRES_MANUAL_BINDING
1776977700,1776978000,VIX,VIX,M5,Bid,21.23,21.23,20.92,20.93,361,20,0,MT5_PY_API_UNIX_SECONDS,UNRESOLVED_REQUIRES_MANUAL_BINDING
1776978000,1776978300,VIX,VIX,M5,Bid,20.93,20.93,20.72,20.82,456,20,0,MT5_PY_API_UNIX_SECONDS,UNRESOLVED_REQUIRES_MANUAL_BINDING
1776978300,1776978600,VIX,VIX,M5,Bid,20.83,20.88,20.71,20.83,270,20,0,MT5_PY_API_UNIX_SECONDS,UNRESOLVED_REQUIRES_MANUAL_BINDING
1776978600,1776978900,VIX,VIX,M5,Bid,20.83,20.83,20.72,20.76,270,20,0,MT5_PY_API_UNIX_SECONDS,UNRESOLVED_REQUIRES_MANUAL_BINDING
1776978900,1776979200,VIX,VIX,M5,Bid,20.73,20.78,20.68,20.73,130,20,0,MT5_PY_API_UNIX_SECONDS,UNRESOLVED_REQUIRES_MANUAL_BINDING
1776979200,1776979500,VIX,VIX,M5,Bid,20.73,20.81,20.68,20.68,135,20,0,MT5_PY_API_UNIX_SECONDS,UNRESOLVED_REQUIRES_MANUAL_BINDING
1776979500,1776979800,VIX,VIX,M5,Bid,20.7,20.78,20.68,20.73,70,20,0,MT5_PY_API_UNIX_SECONDS,UNRESOLVED_REQUIRES_MANUAL_BINDING
1776979800,1776980100,VIX,VIX,M5,Bid,20.76,20.77,20.71,20.73,80,20,0,MT5_PY_API_UNIX_SECONDS,UNRESOLVED_REQUIRES_MANUAL_BINDING
1776980100,1776980400,VIX,VIX,M5,Bid,20.73,20.81,20.72,20.78,54,20,0,MT5_PY_API_UNIX_SECONDS,UNRESOLVED_REQUIRES_MANUAL_BINDING
1776980400,1776980700,VIX,VIX,M5,Bid,20.78,20.92,20.77,20.83,104,20,0,MT5_PY_API_UNIX_SECONDS,UNRESOLVED_REQUIRES_MANUAL_BINDING
1776980700,1776981000,VIX,VIX,M5,Bid,20.82,20.91,20.82,20.91,147,20,0,MT5_PY_API_UNIX_SECONDS,UNRESOLVED_REQUIRES_MANUAL_BINDING
1776981000,1776981300,VIX,VIX,M5,Bid,20.92,20.93,20.88,20.92,116,20,0,MT5_PY_API_UNIX_SECONDS,UNRESOLVED_REQUIRES_MANUAL_BINDING
1776981300,1776981600,VIX,VIX,M5,Bid,20.93,21.12,20.92,21.03,178,20,0,MT5_PY_API_UNIX_SECONDS,UNRESOLVED_REQUIRES_MANUAL_BINDING
1776981600,1776981900,VIX,VIX,M5,Bid,21.06,21.11,21.01,21.08,156,20,0,MT5_PY_API_UNIX_SECONDS,UNRESOLVED_REQUIRES_MANUAL_BINDING
1776981900,1776982200,VIX,VIX,M5,Bid,21.07,21.08,20.91,20.93,70,20,0,MT5_PY_API_UNIX_SECONDS,UNRESOLVED_REQUIRES_MANUAL_BINDING
1776982200,1776982500,VIX,VIX,M5,Bid,20.96,20.97,20.91,20.91,69,20,0,MT5_PY_API_UNIX_SECONDS,UNRESOLVED_REQUIRES_MANUAL_BINDING
1776982500,1776982800,VIX,VIX,M5,Bid,20.88,20.91,20.83,20.88,43,20,0,MT5_PY_API_UNIX_SECONDS,UNRESOLVED_REQUIRES_MANUAL_BINDING
1776982800,1776983100,VIX,VIX,M5,Bid,20.87,20.93,20.87,20.92,32,20,0,MT5_PY_API_UNIX_SECONDS,UNRESOLVED_REQUIRES_MANUAL_BINDING
1776983100,1776983400,VIX,VIX,M5,Bid,20.91,20.93,20.88,20.88,42,20,0,MT5_PY_API_UNIX_SECONDS,UNRESOLVED_REQUIRES_MANUAL_BINDING
1776983400,1776983700,VIX,VIX,M5,Bid,20.91,20.91,20.86,20.88,71,20,0,MT5_PY_API_UNIX_SECONDS,UNRESOLVED_REQUIRES_MANUAL_BINDING
1776983700,1776984000,VIX,VIX,M5,Bid,20.89,20.97,20.88,20.92,81,20,0,MT5_PY_API_UNIX_SECONDS,UNRESOLVED_REQUIRES_MANUAL_BINDING
1776984000,1776984300,VIX,VIX,M5,Bid,20.92,20.92,20.86,20.88,71,20,0,MT5_PY_API_UNIX_SECONDS,UNRESOLVED_REQUIRES_MANUAL_BINDING
1776984300,1776984600,VIX,VIX,M5,Bid,20.89,20.9,20.78,20.81,39,20,0,MT5_PY_API_UNIX_SECONDS,UNRESOLVED_REQUIRES_MANUAL_BINDING
1776984600,1776984900,VIX,VIX,M5,Bid,20.82,20.97,20.57,20.58,164,20,0,MT5_PY_API_UNIX_SECONDS,UNRESOLVED_REQUIRES_MANUAL_BINDING
1776984900,1776985200,VIX,VIX,M5,Bid,20.61,20.61,20.52,20.57,62,20,0,MT5_PY_API_UNIX_SECONDS,UNRESOLVED_REQUIRES_MANUAL_BINDING
1776985200,1776985500,VIX,VIX,M5,Bid,20.58,20.62,20.53,20.57,99,20,0,MT5_PY_API_UNIX_SECONDS,UNRESOLVED_REQUIRES_MANUAL_BINDING
1776985500,1776985800,VIX,VIX,M5,Bid,20.53,20.61,20.53,20.61,42,20,0,MT5_PY_API_UNIX_SECONDS,UNRESOLVED_REQUIRES_MANUAL_BINDING
1776985800,1776986100,VIX,VIX,M5,Bid,20.62,20.67,20.61,20.67,21,20,0,MT5_PY_API_UNIX_SECONDS,UNRESOLVED_REQUIRES_MANUAL_BINDING
1776987000,1776987300,VIX,VIX,M5,Bid,20.62,20.63,20.61,20.61,26,20,0,MT5_PY_API_UNIX_SECONDS,UNRESOLVED_REQUIRES_MANUAL_BINDING
1776987300,1776987600,VIX,VIX,M5,Bid,20.62,20.62,20.61,20.62,24,20,0,MT5_PY_API_UNIX_SECONDS,UNRESOLVED_REQUIRES_MANUAL_BINDING
1776987600,1776987900,VIX,VIX,M5,Bid,20.61,20.63,20.61,20.61,9,20,0,MT5_PY_API_UNIX_SECONDS,UNRESOLVED_REQUIRES_MANUAL_BINDING
1776987900,1776988200,VIX,VIX,M5,Bid,20.58,20.61,20.58,20.6,13,21,0,MT5_PY_API_UNIX_SECONDS,UNRESOLVED_REQUIRES_MANUAL_BINDING
1776988200,1776988500,VIX,VIX,M5,Bid,20.58,20.66,20.58,20.63,26,20,0,MT5_PY_API_UNIX_SECONDS,UNRESOLVED_REQUIRES_MANUAL_BINDING
1776988500,1776988800,VIX,VIX,M5,Bid,20.62,20.66,20.62,20.66,7,21,0,MT5_PY_API_UNIX_SECONDS,UNRESOLVED_REQUIRES_MANUAL_BINDING
1776992400,1776992700,VIX,VIX,M5,Bid,20.57,20.6,20.48,20.52,38,20,0,MT5_PY_API_UNIX_SECONDS,UNRESOLVED_REQUIRES_MANUAL_BINDING
1776993000,1776993300,VIX,VIX,M5,Bid,20.53,20.56,20.52,20.52,5,20,0,MT5_PY_API_UNIX_SECONDS,UNRESOLVED_REQUIRES_MANUAL_BINDING
1776993300,1776993600,VIX,VIX,M5,Bid,20.52,20.52,20.51,20.52,7,20,0,MT5_PY_API_UNIX_SECONDS,UNRESOLVED_REQUIRES_MANUAL_BINDING
1776993600,1776993900,VIX,VIX,M5,Bid,20.52,20.52,20.52,20.52,3,20,0,MT5_PY_API_UNIX_SECONDS,UNRESOLVED_REQUIRES_MANUAL_BINDING
1776993900,1776994200,VIX,VIX,M5,Bid,20.51,20.51,20.51,20.51,1,21,0,MT5_PY_API_UNIX_SECONDS,UNRESOLVED_REQUIRES_MANUAL_BINDING
1776994200,1776994500,VIX,VIX,M5,Bid,20.52,20.52,20.51,20.52,9,20,0,MT5_PY_API_UNIX_SECONDS,UNRESOLVED_REQUIRES_MANUAL_BINDING
1776994500,1776994800,VIX,VIX,M5,Bid,20.51,20.56,20.51,20.56,13,20,0,MT5_PY_API_UNIX_SECONDS,UNRESOLVED_REQUIRES_MANUAL_BINDING
1776994800,1776995100,VIX,VIX,M5,Bid,20.57,20.57,20.55,20.55,3,21,0,MT5_PY_API_UNIX_SECONDS,UNRESOLVED_REQUIRES_MANUAL_BINDING
1776995100,1776995400,VIX,VIX,M5,Bid,20.53,20.55,20.53,20.53,18,20,0,MT5_PY_API_UNIX_SECONDS,UNRESOLVED_REQUIRES_MANUAL_BINDING
1776995700,1776996000,VIX,VIX,M5,Bid,20.54,20.56,20.53,20.55,5,20,0,MT5_PY_API_UNIX_SECONDS,UNRESOLVED_REQUIRES_MANUAL_BINDING
1776996000,1776996300,VIX,VIX,M5,Bid,20.53,20.56,20.53,20.56,5,20,0,MT5_PY_API_UNIX_SECONDS,UNRESOLVED_REQUIRES_MANUAL_BINDING
1776996300,1776996600,VIX,VIX,M5,Bid,20.57,20.57,20.57,20.57,1,21,0,MT5_PY_API_UNIX_SECONDS,UNRESOLVED_REQUIRES_MANUAL_BINDING
1776996900,1776997200,VIX,VIX,M5,Bid,20.57,20.57,20.56,20.56,2,20,0,MT5_PY_API_UNIX_SECONDS,UNRESOLVED_REQUIRES_MANUAL_BINDING
1776997500,1776997800,VIX,VIX,M5,Bid,20.53,20.53,20.53,20.53,1,21,0,MT5_PY_API_UNIX_SECONDS,UNRESOLVED_REQUIRES_MANUAL_BINDING
1776997800,1776998100,VIX,VIX,M5,Bid,20.53,20.53,20.52,20.52,12,20,0,MT5_PY_API_UNIX_SECONDS,UNRESOLVED_REQUIRES_MANUAL_BINDING
1776998100,1776998400,VIX,VIX,M5,Bid,20.53,20.53,20.53,20.53,1,21,0,MT5_PY_API_UNIX_SECONDS,UNRESOLVED_REQUIRES_MANUAL_BINDING
1776998400,1776998700,VIX,VIX,M5,Bid,20.53,20.53,20.53,20.53,2,20,0,MT5_PY_API_UNIX_SECONDS,UNRESOLVED_REQUIRES_MANUAL_BINDING
1776998700,1776999000,VIX,VIX,M5,Bid,20.53,20.53,20.51,20.52,6,20,0,MT5_PY_API_UNIX_SECONDS,UNRESOLVED_REQUIRES_MANUAL_BINDING
1776999000,1776999300,VIX,VIX,M5,Bid,20.52,20.52,20.51,20.52,7,20,0,MT5_PY_API_UNIX_SECONDS,UNRESOLVED_REQUIRES_MANUAL_BINDING
1776999300,1776999600,VIX,VIX,M5,Bid,20.52,20.52,20.51,20.51,11,20,0,MT5_PY_API_UNIX_SECONDS,UNRESOLVED_REQUIRES_MANUAL_BINDING
1776999600,1776999900,VIX,VIX,M5,Bid,20.48,20.51,20.47,20.48,13,20,0,MT5_PY_API_UNIX_SECONDS,UNRESOLVED_REQUIRES_MANUAL_BINDING
1776999900,1777000200,VIX,VIX,M5,Bid,20.5,20.5,20.47,20.48,7,20,0,MT5_PY_API_UNIX_SECONDS,UNRESOLVED_REQUIRES_MANUAL_BINDING
1777000200,1777000500,VIX,VIX,M5,Bid,20.47,20.48,20.47,20.47,10,20,0,MT5_PY_API_UNIX_SECONDS,UNRESOLVED_REQUIRES_MANUAL_BINDING
1777000500,1777000800,VIX,VIX,M5,Bid,20.48,20.48,20.47,20.48,4,21,0,MT5_PY_API_UNIX_SECONDS,UNRESOLVED_REQUIRES_MANUAL_BINDING
1777001100,1777001400,VIX,VIX,M5,Bid,20.48,20.48,20.47,20.48,6,20,0,MT5_PY_API_UNIX_SECONDS,UNRESOLVED_REQUIRES_MANUAL_BINDING
1777001400,1777001700,VIX,VIX,M5,Bid,20.48,20.48,20.47,20.48,5,20,0,MT5_PY_API_UNIX_SECONDS,UNRESOLVED_REQUIRES_MANUAL_BINDING
1777001700,1777002000,VIX,VIX,M5,Bid,20.47,20.48,20.47,20.48,8,20,0,MT5_PY_API_UNIX_SECONDS,UNRESOLVED_REQUIRES_MANUAL_BINDING
1777002000,1777002300,VIX,VIX,M5,Bid,20.48,20.51,20.48,20.48,8,21,0,MT5_PY_API_UNIX_SECONDS,UNRESOLVED_REQUIRES_MANUAL_BINDING
1777002300,1777002600,VIX,VIX,M5,Bid,20.5,20.52,20.5,20.51,7,20,0,MT5_PY_API_UNIX_SECONDS,UNRESOLVED_REQUIRES_MANUAL_BINDING
1777002600,1777002900,VIX,VIX,M5,Bid,20.52,20.52,20.48,20.48,42,20,0,MT5_PY_API_UNIX_SECONDS,UNRESOLVED_REQUIRES_MANUAL_BINDING
1777003200,1777003500,VIX,VIX,M5,Bid,20.5,20.52,20.48,20.51,9,20,0,MT5_PY_API_UNIX_SECONDS,UNRESOLVED_REQUIRES_MANUAL_BINDING
1777003500,1777003800,VIX,VIX,M5,Bid,20.52,20.52,20.51,20.51,8,20,0,MT5_PY_API_UNIX_SECONDS,UNRESOLVED_REQUIRES_MANUAL_BINDING
1777003800,1777004100,VIX,VIX,M5,Bid,20.52,20.53,20.51,20.51,13,20,0,MT5_PY_API_UNIX_SECONDS,UNRESOLVED_REQUIRES_MANUAL_BINDING
1777004100,1777004400,VIX,VIX,M5,Bid,20.52,20.53,20.51,20.53,8,20,0,MT5_PY_API_UNIX_SECONDS,UNRESOLVED_REQUIRES_MANUAL_BINDING
1777004400,1777004700,VIX,VIX,M5,Bid,20.54,20.56,20.53,20.53,12,20,0,MT5_PY_API_UNIX_SECONDS,UNRESOLVED_REQUIRES_MANUAL_BINDING
1777004700,1777005000,VIX,VIX,M5,Bid,20.52,20.52,20.51,20.51,4,21,0,MT5_PY_API_UNIX_SECONDS,UNRESOLVED_REQUIRES_MANUAL_BINDING
1777005000,1777005300,VIX,VIX,M5,Bid,20.52,20.56,20.51,20.56,36,20,0,MT5_PY_API_UNIX_SECONDS,UNRESOLVED_REQUIRES_MANUAL_BINDING
1777005300,1777005600,VIX,VIX,M5,Bid,20.57,20.57,20.52,20.52,12,20,0,MT5_PY_API_UNIX_SECONDS,UNRESOLVED_REQUIRES_MANUAL_BINDING
1777005600,1777005900,VIX,VIX,M5,Bid,20.51,20.53,20.51,20.53,11,20,0,MT5_PY_API_UNIX_SECONDS,UNRESOLVED_REQUIRES_MANUAL_BINDING
1777005900,1777006200,VIX,VIX,M5,Bid,20.52,20.52,20.51,20.52,3,20,0,MT5_PY_API_UNIX_SECONDS,UNRESOLVED_REQUIRES_MANUAL_BINDING
1777006500,1777006800,VIX,VIX,M5,Bid,20.51,20.52,20.51,20.52,2,20,0,MT5_PY_API_UNIX_SECONDS,UNRESOLVED_REQUIRES_MANUAL_BINDING
1777006800,1777007100,VIX,VIX,M5,Bid,20.53,20.56,20.53,20.53,7,20,0,MT5_PY_API_UNIX_SECONDS,UNRESOLVED_REQUIRES_MANUAL_BINDING
1777007100,1777007400,VIX,VIX,M5,Bid,20.54,20.56,20.54,20.56,2,21,0,MT5_PY_API_UNIX_SECONDS,UNRESOLVED_REQUIRES_MANUAL_BINDING
1777007400,1777007700,VIX,VIX,M5,Bid,20.55,20.57,20.53,20.56,18,20,0,MT5_PY_API_UNIX_SECONDS,UNRESOLVED_REQUIRES_MANUAL_BINDING
1777007700,1777008000,VIX,VIX,M5,Bid,20.57,20.57,20.56,20.57,9,20,0,MT5_PY_API_UNIX_SECONDS,UNRESOLVED_REQUIRES_MANUAL_BINDING
1777008000,1777008300,VIX,VIX,M5,Bid,20.56,20.58,20.56,20.58,6,20,0,MT5_PY_API_UNIX_SECONDS,UNRESOLVED_REQUIRES_MANUAL_BINDING
1777008300,1777008600,VIX,VIX,M5,Bid,20.59,20.61,20.58,20.58,18,21,0,MT5_PY_API_UNIX_SECONDS,UNRESOLVED_REQUIRES_MANUAL_BINDING
1777008600,1777008900,VIX,VIX,M5,Bid,20.57,20.57,20.56,20.56,2,21,0,MT5_PY_API_UNIX_SECONDS,UNRESOLVED_REQUIRES_MANUAL_BINDING
1777008900,1777009200,VIX,VIX,M5,Bid,20.55,20.58,20.55,20.58,10,20,0,MT5_PY_API_UNIX_SECONDS,UNRESOLVED_REQUIRES_MANUAL_BINDING
1777009200,1777009500,VIX,VIX,M5,Bid,20.57,20.57,20.57,20.57,1,21,0,MT5_PY_API_UNIX_SECONDS,UNRESOLVED_REQUIRES_MANUAL_BINDING
1777009500,1777009800,VIX,VIX,M5,Bid,20.58,20.63,20.58,20.63,7,20,0,MT5_PY_API_UNIX_SECONDS,UNRESOLVED_REQUIRES_MANUAL_BINDING
1777009800,1777010100,VIX,VIX,M5,Bid,20.63,20.63,20.61,20.61,12,20,0,MT5_PY_API_UNIX_SECONDS,UNRESOLVED_REQUIRES_MANUAL_BINDING
1777010100,1777010400,VIX,VIX,M5,Bid,20.62,20.62,20.61,20.61,2,21,0,MT5_PY_API_UNIX_SECONDS,UNRESOLVED_REQUIRES_MANUAL_BINDING
1777010400,1777010700,VIX,VIX,M5,Bid,20.58,20.62,20.58,20.61,13,20,0,MT5_PY_API_UNIX_SECONDS,UNRESOLVED_REQUIRES_MANUAL_BINDING
1777010700,1777011000,VIX,VIX,M5,Bid,20.62,20.62,20.58,20.61,17,20,0,MT5_PY_API_UNIX_SECONDS,UNRESOLVED_REQUIRES_MANUAL_BINDING
1777011300,1777011600,VIX,VIX,M5,Bid,20.62,20.62,20.61,20.61,11,20,0,MT5_PY_API_UNIX_SECONDS,UNRESOLVED_REQUIRES_MANUAL_BINDING
1777011600,1777011900,VIX,VIX,M5,Bid,20.62,20.62,20.61,20.62,9,20,0,MT5_PY_API_UNIX_SECONDS,UNRESOLVED_REQUIRES_MANUAL_BINDING
1777011900,1777012200,VIX,VIX,M5,Bid,20.61,20.63,20.61,20.63,5,21,0,MT5_PY_API_UNIX_SECONDS,UNRESOLVED_REQUIRES_MANUAL_BINDING
1777012200,1777012500,VIX,VIX,M5,Bid,20.63,20.63,20.61,20.62,13,20,0,MT5_PY_API_UNIX_SECONDS,UNRESOLVED_REQUIRES_MANUAL_BINDING
1777012500,1777012800,VIX,VIX,M5,Bid,20.61,20.62,20.61,20.62,8,20,0,MT5_PY_API_UNIX_SECONDS,UNRESOLVED_REQUIRES_MANUAL_BINDING
1777012800,1777013100,VIX,VIX,M5,Bid,20.63,20.63,20.62,20.63,4,20,0,MT5_PY_API_UNIX_SECONDS,UNRESOLVED_REQUIRES_MANUAL_BINDING
1777013100,1777013400,VIX,VIX,M5,Bid,20.63,20.63,20.61,20.61,15,20,0,MT5_PY_API_UNIX_SECONDS,UNRESOLVED_REQUIRES_MANUAL_BINDING
1777013400,1777013700,VIX,VIX,M5,Bid,20.6,20.61,20.58,20.58,4,20,0,MT5_PY_API_UNIX_SECONDS,UNRESOLVED_REQUIRES_MANUAL_BINDING
1777013700,1777014000,VIX,VIX,M5,Bid,20.6,20.62,20.6,20.62,13,20,0,MT5_PY_API_UNIX_SECONDS,UNRESOLVED_REQUIRES_MANUAL_BINDING
1777014000,1777014300,VIX,VIX,M5,Bid,20.62,20.66,20.62,20.66,20,20,0,MT5_PY_API_UNIX_SECONDS,UNRESOLVED_REQUIRES_MANUAL_BINDING
1777014300,1777014600,VIX,VIX,M5,Bid,20.64,20.66,20.58,20.61,14,20,0,MT5_PY_API_UNIX_SECONDS,UNRESOLVED_REQUIRES_MANUAL_BINDING
1777014600,1777014900,VIX,VIX,M5,Bid,20.59,20.61,20.58,20.58,19,20,0,MT5_PY_API_UNIX_SECONDS,UNRESOLVED_REQUIRES_MANUAL_BINDING
1777014900,1777015200,VIX,VIX,M5,Bid,20.6,20.63,20.6,20.61,13,20,0,MT5_PY_API_UNIX_SECONDS,UNRESOLVED_REQUIRES_MANUAL_BINDING
1777015200,1777015500,VIX,VIX,M5,Bid,20.62,20.66,20.62,20.66,3,21,0,MT5_PY_API_UNIX_SECONDS,UNRESOLVED_REQUIRES_MANUAL_BINDING
1777015500,1777015800,VIX,VIX,M5,Bid,20.67,20.67,20.66,20.66,14,20,0,MT5_PY_API_UNIX_SECONDS,UNRESOLVED_REQUIRES_MANUAL_BINDING
1777015800,1777016100,VIX,VIX,M5,Bid,20.67,20.67,20.62,20.66,10,20,0,MT5_PY_API_UNIX_SECONDS,UNRESOLVED_REQUIRES_MANUAL_BINDING
1777016100,1777016400,VIX,VIX,M5,Bid,20.63,20.66,20.63,20.66,3,20,0,MT5_PY_API_UNIX_SECONDS,UNRESOLVED_REQUIRES_MANUAL_BINDING
1777016400,1777016700,VIX,VIX,M5,Bid,20.63,20.63,20.63,20.63,1,21,0,MT5_PY_API_UNIX_SECONDS,UNRESOLVED_REQUIRES_MANUAL_BINDING
1777016700,1777017000,VIX,VIX,M5,Bid,20.63,20.63,20.58,20.58,23,20,0,MT5_PY_API_UNIX_SECONDS,UNRESOLVED_REQUIRES_MANUAL_BINDING
1777017000,1777017300,VIX,VIX,M5,Bid,20.59,20.62,20.58,20.62,13,20,0,MT5_PY_API_UNIX_SECONDS,UNRESOLVED_REQUIRES_MANUAL_BINDING
1777017300,1777017600,VIX,VIX,M5,Bid,20.61,20.62,20.61,20.61,10,20,0,MT5_PY_API_UNIX_SECONDS,UNRESOLVED_REQUIRES_MANUAL_BINDING
1777017600,1777017900,VIX,VIX,M5,Bid,20.62,20.62,20.61,20.62,7,20,0,MT5_PY_API_UNIX_SECONDS,UNRESOLVED_REQUIRES_MANUAL_BINDING
1777017900,1777018200,VIX,VIX,M5,Bid,20.61,20.62,20.61,20.62,12,20,0,MT5_PY_API_UNIX_SECONDS,UNRESOLVED_REQUIRES_MANUAL_BINDING
1777018200,1777018500,VIX,VIX,M5,Bid,20.61,20.63,20.61,20.62,10,20,0,MT5_PY_API_UNIX_SECONDS,UNRESOLVED_REQUIRES_MANUAL_BINDING
1777018500,1777018800,VIX,VIX,M5,Bid,20.61,20.63,20.58,20.61,16,20,0,MT5_PY_API_UNIX_SECONDS,UNRESOLVED_REQUIRES_MANUAL_BINDING
1777018800,1777019100,VIX,VIX,M5,Bid,20.62,20.62,20.58,20.61,13,20,0,MT5_PY_API_UNIX_SECONDS,UNRESOLVED_REQUIRES_MANUAL_BINDING
1777019100,1777019400,VIX,VIX,M5,Bid,20.6,20.61,20.58,20.58,33,20,0,MT5_PY_API_UNIX_SECONDS,UNRESOLVED_REQUIRES_MANUAL_BINDING
1777019400,1777019700,VIX,VIX,M5,Bid,20.58,20.58,20.56,20.56,10,20,0,MT5_PY_API_UNIX_SECONDS,UNRESOLVED_REQUIRES_MANUAL_BINDING
1777019700,1777020000,VIX,VIX,M5,Bid,20.57,20.57,20.56,20.56,4,20,0,MT5_PY_API_UNIX_SECONDS,UNRESOLVED_REQUIRES_MANUAL_BINDING
1777020000,1777020300,VIX,VIX,M5,Bid,20.57,20.57,20.56,20.56,4,21,0,MT5_PY_API_UNIX_SECONDS,UNRESOLVED_REQUIRES_MANUAL_BINDING
1777020300,1777020600,VIX,VIX,M5,Bid,20.57,20.57,20.56,20.56,4,21,0,MT5_PY_API_UNIX_SECONDS,UNRESOLVED_REQUIRES_MANUAL_BINDING
1777020600,1777020900,VIX,VIX,M5,Bid,20.55,20.56,20.53,20.53,11,20,0,MT5_PY_API_UNIX_SECONDS,UNRESOLVED_REQUIRES_MANUAL_BINDING
1777020900,1777021200,VIX,VIX,M5,Bid,20.55,20.56,20.53,20.53,6,20,0,MT5_PY_API_UNIX_SECONDS,UNRESOLVED_REQUIRES_MANUAL_BINDING
1777021200,1777021500,VIX,VIX,M5,Bid,20.52,20.53,20.52,20.53,6,20,0,MT5_PY_API_UNIX_SECONDS,UNRESOLVED_REQUIRES_MANUAL_BINDING
1777021500,1777021800,VIX,VIX,M5,Bid,20.52,20.57,20.52,20.53,12,20,0,MT5_PY_API_UNIX_SECONDS,UNRESOLVED_REQUIRES_MANUAL_BINDING
1777021800,1777022100,VIX,VIX,M5,Bid,20.53,20.53,20.52,20.52,10,20,0,MT5_PY_API_UNIX_SECONDS,UNRESOLVED_REQUIRES_MANUAL_BINDING
1777022100,1777022400,VIX,VIX,M5,Bid,20.53,20.53,20.52,20.52,7,20,0,MT5_PY_API_UNIX_SECONDS,UNRESOLVED_REQUIRES_MANUAL_BINDING
1777022400,1777022700,VIX,VIX,M5,Bid,20.53,20.53,20.52,20.53,7,20,0,MT5_PY_API_UNIX_SECONDS,UNRESOLVED_REQUIRES_MANUAL_BINDING
1777022700,1777023000,VIX,VIX,M5,Bid,20.56,20.57,20.56,20.57,4,20,0,MT5_PY_API_UNIX_SECONDS,UNRESOLVED_REQUIRES_MANUAL_BINDING
1777023300,1777023600,VIX,VIX,M5,Bid,20.56,20.57,20.56,20.57,5,20,0,MT5_PY_API_UNIX_SECONDS,UNRESOLVED_REQUIRES_MANUAL_BINDING
1777023600,1777023900,VIX,VIX,M5,Bid,20.57,20.57,20.56,20.57,3,20,0,MT5_PY_API_UNIX_SECONDS,UNRESOLVED_REQUIRES_MANUAL_BINDING
1777023900,1777024200,VIX,VIX,M5,Bid,20.58,20.58,20.57,20.57,3,20,0,MT5_PY_API_UNIX_SECONDS,UNRESOLVED_REQUIRES_MANUAL_BINDING
1777024200,1777024500,VIX,VIX,M5,Bid,20.57,20.57,20.57,20.57,2,20,0,MT5_PY_API_UNIX_SECONDS,UNRESOLVED_REQUIRES_MANUAL_BINDING
1777024500,1777024800,VIX,VIX,M5,Bid,20.56,20.57,20.56,20.56,11,20,0,MT5_PY_API_UNIX_SECONDS,UNRESOLVED_REQUIRES_MANUAL_BINDING
1777024800,1777025100,VIX,VIX,M5,Bid,20.57,20.57,20.52,20.52,29,20,0,MT5_PY_API_UNIX_SECONDS,UNRESOLVED_REQUIRES_MANUAL_BINDING
1777025400,1777025700,VIX,VIX,M5,Bid,20.53,20.56,20.52,20.56,9,20,0,MT5_PY_API_UNIX_SECONDS,UNRESOLVED_REQUIRES_MANUAL_BINDING
1777025700,1777026000,VIX,VIX,M5,Bid,20.57,20.57,20.56,20.56,5,20,0,MT5_PY_API_UNIX_SECONDS,UNRESOLVED_REQUIRES_MANUAL_BINDING
1777026000,1777026300,VIX,VIX,M5,Bid,20.57,20.57,20.57,20.57,2,20,0,MT5_PY_API_UNIX_SECONDS,UNRESOLVED_REQUIRES_MANUAL_BINDING
1777026300,1777026600,VIX,VIX,M5,Bid,20.56,20.57,20.53,20.53,13,20,0,MT5_PY_API_UNIX_SECONDS,UNRESOLVED_REQUIRES_MANUAL_BINDING
1777026600,1777026900,VIX,VIX,M5,Bid,20.55,20.57,20.53,20.57,32,20,0,MT5_PY_API_UNIX_SECONDS,UNRESOLVED_REQUIRES_MANUAL_BINDING
1777026900,1777027200,VIX,VIX,M5,Bid,20.58,20.61,20.58,20.61,17,21,0,MT5_PY_API_UNIX_SECONDS,UNRESOLVED_REQUIRES_MANUAL_BINDING
1777027200,1777027500,VIX,VIX,M5,Bid,20.62,20.63,20.61,20.62,7,20,0,MT5_PY_API_UNIX_SECONDS,UNRESOLVED_REQUIRES_MANUAL_BINDING
1777027500,1777027800,VIX,VIX,M5,Bid,20.61,20.61,20.57,20.57,13,20,0,MT5_PY_API_UNIX_SECONDS,UNRESOLVED_REQUIRES_MANUAL_BINDING
1777027800,1777028100,VIX,VIX,M5,Bid,20.58,20.59,20.57,20.58,18,20,0,MT5_PY_API_UNIX_SECONDS,UNRESOLVED_REQUIRES_MANUAL_BINDING
1777028100,1777028400,VIX,VIX,M5,Bid,20.59,20.61,20.56,20.56,13,20,0,MT5_PY_API_UNIX_SECONDS,UNRESOLVED_REQUIRES_MANUAL_BINDING
1777028400,1777028700,VIX,VIX,M5,Bid,20.57,20.62,20.52,20.61,22,20,0,MT5_PY_API_UNIX_SECONDS,UNRESOLVED_REQUIRES_MANUAL_BINDING
1777028700,1777029000,VIX,VIX,M5,Bid,20.6,20.66,20.58,20.66,14,20,0,MT5_PY_API_UNIX_SECONDS,UNRESOLVED_REQUIRES_MANUAL_BINDING
1777029000,1777029300,VIX,VIX,M5,Bid,20.63,20.67,20.63,20.66,8,20,0,MT5_PY_API_UNIX_SECONDS,UNRESOLVED_REQUIRES_MANUAL_BINDING
1777029300,1777029600,VIX,VIX,M5,Bid,20.63,20.66,20.53,20.53,64,20,0,MT5_PY_API_UNIX_SECONDS,UNRESOLVED_REQUIRES_MANUAL_BINDING
1777029600,1777029900,VIX,VIX,M5,Bid,20.54,20.57,20.48,20.53,27,20,0,MT5_PY_API_UNIX_SECONDS,UNRESOLVED_REQUIRES_MANUAL_BINDING
1777029900,1777030200,VIX,VIX,M5,Bid,20.54,20.63,20.53,20.62,35,20,0,MT5_PY_API_UNIX_SECONDS,UNRESOLVED_REQUIRES_MANUAL_BINDING
1777030200,1777030500,VIX,VIX,M5,Bid,20.63,20.68,20.62,20.67,47,20,0,MT5_PY_API_UNIX_SECONDS,UNRESOLVED_REQUIRES_MANUAL_BINDING
1777030500,1777030800,VIX,VIX,M5,Bid,20.66,20.67,20.66,20.66,5,20,0,MT5_PY_API_UNIX_SECONDS,UNRESOLVED_REQUIRES_MANUAL_BINDING
1777030800,1777031100,VIX,VIX,M5,Bid,20.67,20.71,20.67,20.71,6,20,0,MT5_PY_API_UNIX_SECONDS,UNRESOLVED_REQUIRES_MANUAL_BINDING
1777031100,1777031400,VIX,VIX,M5,Bid,20.7,20.71,20.67,20.68,31,20,0,MT5_PY_API_UNIX_SECONDS,UNRESOLVED_REQUIRES_MANUAL_BINDING
1777031400,1777031700,VIX,VIX,M5,Bid,20.69,20.73,20.69,20.72,13,20,0,MT5_PY_API_UNIX_SECONDS,UNRESOLVED_REQUIRES_MANUAL_BINDING
1777031700,1777032000,VIX,VIX,M5,Bid,20.72,20.72,20.71,20.72,5,20,0,MT5_PY_API_UNIX_SECONDS,UNRESOLVED_REQUIRES_MANUAL_BINDING
1777032000,1777032300,VIX,VIX,M5,Bid,20.72,20.76,20.68,20.72,29,20,0,MT5_PY_API_UNIX_SECONDS,UNRESOLVED_REQUIRES_MANUAL_BINDING
1777032300,1777032600,VIX,VIX,M5,Bid,20.73,20.73,20.71,20.72,17,20,0,MT5_PY_API_UNIX_SECONDS,UNRESOLVED_REQUIRES_MANUAL_BINDING
1777032600,1777032900,VIX,VIX,M5,Bid,20.72,20.72,20.68,20.7,71,20,0,MT5_PY_API_UNIX_SECONDS,UNRESOLVED_REQUIRES_MANUAL_BINDING
1777032900,1777033200,VIX,VIX,M5,Bid,20.68,20.72,20.68,20.68,34,20,0,MT5_PY_API_UNIX_SECONDS,UNRESOLVED_REQUIRES_MANUAL_BINDING
1777033200,1777033500,VIX,VIX,M5,Bid,20.7,20.82,20.68,20.73,56,20,0,MT5_PY_API_UNIX_SECONDS,UNRESOLVED_REQUIRES_MANUAL_BINDING
1777033500,1777033800,VIX,VIX,M5,Bid,20.73,20.76,20.71,20.73,31,20,0,MT5_PY_API_UNIX_SECONDS,UNRESOLVED_REQUIRES_MANUAL_BINDING
1777033800,1777034100,VIX,VIX,M5,Bid,20.73,20.76,20.71,20.72,28,20,0,MT5_PY_API_UNIX_SECONDS,UNRESOLVED_REQUIRES_MANUAL_BINDING
1777034100,1777034400,VIX,VIX,M5,Bid,20.71,20.72,20.7,20.71,17,20,0,MT5_PY_API_UNIX_SECONDS,UNRESOLVED_REQUIRES_MANUAL_BINDING
1777034400,1777034700,VIX,VIX,M5,Bid,20.68,20.71,20.68,20.68,10,21,0,MT5_PY_API_UNIX_SECONDS,UNRESOLVED_REQUIRES_MANUAL_BINDING
1777034700,1777035000,VIX,VIX,M5,Bid,20.68,20.7,20.67,20.68,5,20,0,MT5_PY_API_UNIX_SECONDS,UNRESOLVED_REQUIRES_MANUAL_BINDING
1777035000,1777035300,VIX,VIX,M5,Bid,20.7,20.73,20.68,20.73,17,20,0,MT5_PY_API_UNIX_SECONDS,UNRESOLVED_REQUIRES_MANUAL_BINDING
1777035300,1777035600,VIX,VIX,M5,Bid,20.73,20.73,20.72,20.73,9,20,0,MT5_PY_API_UNIX_SECONDS,UNRESOLVED_REQUIRES_MANUAL_BINDING
1777035600,1777035900,VIX,VIX,M5,Bid,20.73,20.73,20.7,20.71,17,20,0,MT5_PY_API_UNIX_SECONDS,UNRESOLVED_REQUIRES_MANUAL_BINDING
1777035900,1777036200,VIX,VIX,M5,Bid,20.72,20.73,20.71,20.73,8,20,0,MT5_PY_API_UNIX_SECONDS,UNRESOLVED_REQUIRES_MANUAL_BINDING
1777036200,1777036500,VIX,VIX,M5,Bid,20.73,20.73,20.71,20.71,8,20,0,MT5_PY_API_UNIX_SECONDS,UNRESOLVED_REQUIRES_MANUAL_BINDING
1777036500,1777036800,VIX,VIX,M5,Bid,20.68,20.68,20.67,20.68,4,20,0,MT5_PY_API_UNIX_SECONDS,UNRESOLVED_REQUIRES_MANUAL_BINDING
1777036800,1777037100,VIX,VIX,M5,Bid,20.67,20.67,20.61,20.62,21,20,0,MT5_PY_API_UNIX_SECONDS,UNRESOLVED_REQUIRES_MANUAL_BINDING
1777037100,1777037400,VIX,VIX,M5,Bid,20.61,20.62,20.56,20.57,12,20,0,MT5_PY_API_UNIX_SECONDS,UNRESOLVED_REQUIRES_MANUAL_BINDING
1777037400,1777037700,VIX,VIX,M5,Bid,20.58,20.61,20.57,20.61,20,20,0,MT5_PY_API_UNIX_SECONDS,UNRESOLVED_REQUIRES_MANUAL_BINDING
1777037700,1777038000,VIX,VIX,M5,Bid,20.6,20.61,20.57,20.58,21,20,0,MT5_PY_API_UNIX_SECONDS,UNRESOLVED_REQUIRES_MANUAL_BINDING
1777038000,1777038300,VIX,VIX,M5,Bid,20.58,20.58,20.53,20.53,11,20,0,MT5_PY_API_UNIX_SECONDS,UNRESOLVED_REQUIRES_MANUAL_BINDING
1777038300,1777038600,VIX,VIX,M5,Bid,20.56,20.56,20.52,20.56,19,20,0,MT5_PY_API_UNIX_SECONDS,UNRESOLVED_REQUIRES_MANUAL_BINDING
1777038600,1777038900,VIX,VIX,M5,Bid,20.55,20.56,20.53,20.56,11,20,0,MT5_PY_API_UNIX_SECONDS,UNRESOLVED_REQUIRES_MANUAL_BINDING
1777038900,1777039200,VIX,VIX,M5,Bid,20.57,20.57,20.56,20.57,3,20,0,MT5_PY_API_UNIX_SECONDS,UNRESOLVED_REQUIRES_MANUAL_BINDING
1777039200,1777039500,VIX,VIX,M5,Bid,20.57,20.57,20.42,20.43,21,20,0,MT5_PY_API_UNIX_SECONDS,UNRESOLVED_REQUIRES_MANUAL_BINDING
1777039500,1777039800,VIX,VIX,M5,Bid,20.46,20.48,20.32,20.43,152,20,0,MT5_PY_API_UNIX_SECONDS,UNRESOLVED_REQUIRES_MANUAL_BINDING
1777039800,1777040100,VIX,VIX,M5,Bid,20.45,20.45,20.36,20.41,102,20,0,MT5_PY_API_UNIX_SECONDS,UNRESOLVED_REQUIRES_MANUAL_BINDING
1777040100,1777040400,VIX,VIX,M5,Bid,20.42,20.43,20.33,20.38,121,20,0,MT5_PY_API_UNIX_SECONDS,UNRESOLVED_REQUIRES_MANUAL_BINDING
1777040400,1777040700,VIX,VIX,M5,Bid,20.4,20.42,20.28,20.33,190,20,0,MT5_PY_API_UNIX_SECONDS,UNRESOLVED_REQUIRES_MANUAL_BINDING
1777040700,1777041000,VIX,VIX,M5,Bid,20.33,20.33,20.28,20.31,43,20,0,MT5_PY_API_UNIX_SECONDS,UNRESOLVED_REQUIRES_MANUAL_BINDING
1777041000,1777041300,VIX,VIX,M5,Bid,20.3,20.37,20.28,20.37,53,20,0,MT5_PY_API_UNIX_SECONDS,UNRESOLVED_REQUIRES_MANUAL_BINDING
1777041300,1777041600,VIX,VIX,M5,Bid,20.36,20.42,20.36,20.42,61,20,0,MT5_PY_API_UNIX_SECONDS,UNRESOLVED_REQUIRES_MANUAL_BINDING
1777041600,1777041900,VIX,VIX,M5,Bid,20.42,20.47,20.41,20.46,24,20,0,MT5_PY_API_UNIX_SECONDS,UNRESOLVED_REQUIRES_MANUAL_BINDING
1777041900,1777042200,VIX,VIX,M5,Bid,20.47,20.52,20.46,20.48,35,20,0,MT5_PY_API_UNIX_SECONDS,UNRESOLVED_REQUIRES_MANUAL_BINDING
1777042200,1777042500,VIX,VIX,M5,Bid,20.48,20.51,20.46,20.47,21,20,0,MT5_PY_API_UNIX_SECONDS,UNRESOLVED_REQUIRES_MANUAL_BINDING
1777042500,1777042800,VIX,VIX,M5,Bid,20.48,20.51,20.47,20.47,25,20,0,MT5_PY_API_UNIX_SECONDS,UNRESOLVED_REQUIRES_MANUAL_BINDING
1777042800,1777043100,VIX,VIX,M5,Bid,20.47,20.47,20.41,20.43,80,20,0,MT5_PY_API_UNIX_SECONDS,UNRESOLVED_REQUIRES_MANUAL_BINDING
1777043100,1777043400,VIX,VIX,M5,Bid,20.42,20.46,20.42,20.43,37,20,0,MT5_PY_API_UNIX_SECONDS,UNRESOLVED_REQUIRES_MANUAL_BINDING
1777043400,1777043700,VIX,VIX,M5,Bid,20.43,20.43,20.41,20.43,14,20,0,MT5_PY_API_UNIX_SECONDS,UNRESOLVED_REQUIRES_MANUAL_BINDING
1777043700,1777044000,VIX,VIX,M5,Bid,20.44,20.51,20.42,20.47,43,20,0,MT5_PY_API_UNIX_SECONDS,UNRESOLVED_REQUIRES_MANUAL_BINDING
1777044000,1777044300,VIX,VIX,M5,Bid,20.47,20.51,20.43,20.43,33,20,0,MT5_PY_API_UNIX_SECONDS,UNRESOLVED_REQUIRES_MANUAL_BINDING
1777044300,1777044600,VIX,VIX,M5,Bid,20.44,20.46,20.43,20.43,84,20,0,MT5_PY_API_UNIX_SECONDS,UNRESOLVED_REQUIRES_MANUAL_BINDING
1777044600,1777044900,VIX,VIX,M5,Bid,20.43,20.48,20.43,20.48,55,20,0,MT5_PY_API_UNIX_SECONDS,UNRESOLVED_REQUIRES_MANUAL_BINDING
1777044900,1777045200,VIX,VIX,M5,Bid,20.47,20.53,20.46,20.52,45,20,0,MT5_PY_API_UNIX_SECONDS,UNRESOLVED_REQUIRES_MANUAL_BINDING
1777045200,1777045500,VIX,VIX,M5,Bid,20.52,20.53,20.48,20.53,13,20,0,MT5_PY_API_UNIX_SECONDS,UNRESOLVED_REQUIRES_MANUAL_BINDING
1777045500,1777045800,VIX,VIX,M5,Bid,20.52,20.66,20.51,20.62,38,20,0,MT5_PY_API_UNIX_SECONDS,UNRESOLVED_REQUIRES_MANUAL_BINDING
1777045800,1777046100,VIX,VIX,M5,Bid,20.63,20.67,20.58,20.63,75,20,0,MT5_PY_API_UNIX_SECONDS,UNRESOLVED_REQUIRES_MANUAL_BINDING
1777046100,1777046400,VIX,VIX,M5,Bid,20.62,20.62,20.58,20.58,14,21,0,MT5_PY_API_UNIX_SECONDS,UNRESOLVED_REQUIRES_MANUAL_BINDING
1777046400,1777046700,VIX,VIX,M5,Bid,20.57,20.58,20.56,20.56,15,20,0,MT5_PY_API_UNIX_SECONDS,UNRESOLVED_REQUIRES_MANUAL_BINDING
1777046700,1777047000,VIX,VIX,M5,Bid,20.53,20.53,20.52,20.52,11,20,0,MT5_PY_API_UNIX_SECONDS,UNRESOLVED_REQUIRES_MANUAL_BINDING
1777047000,1777047300,VIX,VIX,M5,Bid,20.51,20.52,20.46,20.51,49,20,0,MT5_PY_API_UNIX_SECONDS,UNRESOLVED_REQUIRES_MANUAL_BINDING
1777047300,1777047600,VIX,VIX,M5,Bid,20.5,20.51,20.46,20.48,55,20,0,MT5_PY_API_UNIX_SECONDS,UNRESOLVED_REQUIRES_MANUAL_BINDING
1777047600,1777047900,VIX,VIX,M5,Bid,20.47,20.52,20.47,20.48,23,20,0,MT5_PY_API_UNIX_SECONDS,UNRESOLVED_REQUIRES_MANUAL_BINDING
1777047900,1777048200,VIX,VIX,M5,Bid,20.51,20.52,20.48,20.51,36,20,0,MT5_PY_API_UNIX_SECONDS,UNRESOLVED_REQUIRES_MANUAL_BINDING
1777048200,1777048500,VIX,VIX,M5,Bid,20.48,20.62,20.46,20.58,179,20,0,MT5_PY_API_UNIX_SECONDS,UNRESOLVED_REQUIRES_MANUAL_BINDING
1777048500,1777048800,VIX,VIX,M5,Bid,20.58,20.62,20.51,20.51,169,20,0,MT5_PY_API_UNIX_SECONDS,UNRESOLVED_REQUIRES_MANUAL_BINDING
1777048800,1777049100,VIX,VIX,M5,Bid,20.52,20.58,20.48,20.57,104,20,0,MT5_PY_API_UNIX_SECONDS,UNRESOLVED_REQUIRES_MANUAL_BINDING
1777049100,1777049400,VIX,VIX,M5,Bid,20.57,20.57,20.51,20.53,161,20,0,MT5_PY_API_UNIX_SECONDS,UNRESOLVED_REQUIRES_MANUAL_BINDING
1777049400,1777049700,VIX,VIX,M5,Bid,20.53,20.63,20.51,20.62,103,20,0,MT5_PY_API_UNIX_SECONDS,UNRESOLVED_REQUIRES_MANUAL_BINDING
1777049700,1777050000,VIX,VIX,M5,Bid,20.63,20.72,20.61,20.63,156,20,0,MT5_PY_API_UNIX_SECONDS,UNRESOLVED_REQUIRES_MANUAL_BINDING
1777050000,1777050300,VIX,VIX,M5,Bid,20.66,20.72,20.58,20.61,179,20,0,MT5_PY_API_UNIX_SECONDS,UNRESOLVED_REQUIRES_MANUAL_BINDING
1777050300,1777050600,VIX,VIX,M5,Bid,20.62,20.67,20.56,20.58,167,20,0,MT5_PY_API_UNIX_SECONDS,UNRESOLVED_REQUIRES_MANUAL_BINDING
1777050600,1777050900,VIX,VIX,M5,Bid,20.58,20.61,20.51,20.57,94,20,0,MT5_PY_API_UNIX_SECONDS,UNRESOLVED_REQUIRES_MANUAL_BINDING
1777050900,1777051200,VIX,VIX,M5,Bid,20.58,20.58,20.47,20.48,81,20,0,MT5_PY_API_UNIX_SECONDS,UNRESOLVED_REQUIRES_MANUAL_BINDING
1777051200,1777051500,VIX,VIX,M5,Bid,20.48,20.51,20.46,20.47,77,20,0,MT5_PY_API_UNIX_SECONDS,UNRESOLVED_REQUIRES_MANUAL_BINDING
1777051500,1777051800,VIX,VIX,M5,Bid,20.48,20.56,20.47,20.51,100,20,0,MT5_PY_API_UNIX_SECONDS,UNRESOLVED_REQUIRES_MANUAL_BINDING
1777051800,1777052100,VIX,VIX,M5,Bid,20.5,20.52,20.46,20.47,66,20,0,MT5_PY_API_UNIX_SECONDS,UNRESOLVED_REQUIRES_MANUAL_BINDING
1777052100,1777052400,VIX,VIX,M5,Bid,20.48,20.51,20.42,20.47,70,20,0,MT5_PY_API_UNIX_SECONDS,UNRESOLVED_REQUIRES_MANUAL_BINDING
1777052400,1777052700,VIX,VIX,M5,Bid,20.46,20.48,20.43,20.47,39,20,0,MT5_PY_API_UNIX_SECONDS,UNRESOLVED_REQUIRES_MANUAL_BINDING
1777052700,1777053000,VIX,VIX,M5,Bid,20.46,20.47,20.41,20.42,51,20,0,MT5_PY_API_UNIX_SECONDS,UNRESOLVED_REQUIRES_MANUAL_BINDING
1777053000,1777053300,VIX,VIX,M5,Bid,20.43,20.43,20.41,20.42,14,20,0,MT5_PY_API_UNIX_SECONDS,UNRESOLVED_REQUIRES_MANUAL_BINDING
1777053300,1777053600,VIX,VIX,M5,Bid,20.42,20.42,20.41,20.42,19,20,0,MT5_PY_API_UNIX_SECONDS,UNRESOLVED_REQUIRES_MANUAL_BINDING
1777053600,1777053900,VIX,VIX,M5,Bid,20.42,20.42,20.38,20.42,14,20,0,MT5_PY_API_UNIX_SECONDS,UNRESOLVED_REQUIRES_MANUAL_BINDING
1777053900,1777054200,VIX,VIX,M5,Bid,20.42,20.43,20.42,20.42,6,20,0,MT5_PY_API_UNIX_SECONDS,UNRESOLVED_REQUIRES_MANUAL_BINDING
1777054200,1777054500,VIX,VIX,M5,Bid,20.43,20.47,20.42,20.46,18,20,0,MT5_PY_API_UNIX_SECONDS,UNRESOLVED_REQUIRES_MANUAL_BINDING
1777054500,1777054800,VIX,VIX,M5,Bid,20.47,20.47,20.47,20.47,1,21,0,MT5_PY_API_UNIX_SECONDS,UNRESOLVED_REQUIRES_MANUAL_BINDING
1777054800,1777055100,VIX,VIX,M5,Bid,20.46,20.48,20.46,20.48,4,20,0,MT5_PY_API_UNIX_SECONDS,UNRESOLVED_REQUIRES_MANUAL_BINDING
1777055100,1777055400,VIX,VIX,M5,Bid,20.48,20.57,20.47,20.56,30,20,0,MT5_PY_API_UNIX_SECONDS,UNRESOLVED_REQUIRES_MANUAL_BINDING
1777055400,1777055700,VIX,VIX,M5,Bid,20.57,20.57,20.56,20.57,3,20,0,MT5_PY_API_UNIX_SECONDS,UNRESOLVED_REQUIRES_MANUAL_BINDING
1777055700,1777056000,VIX,VIX,M5,Bid,20.58,20.62,20.52,20.52,25,20,0,MT5_PY_API_UNIX_SECONDS,UNRESOLVED_REQUIRES_MANUAL_BINDING
1777056000,1777056300,VIX,VIX,M5,Bid,20.53,20.53,20.27,20.31,85,20,0,MT5_PY_API_UNIX_SECONDS,UNRESOLVED_REQUIRES_MANUAL_BINDING
1777056300,1777056600,VIX,VIX,M5,Bid,20.28,20.51,20.27,20.47,284,20,0,MT5_PY_API_UNIX_SECONDS,UNRESOLVED_REQUIRES_MANUAL_BINDING
1777056600,1777056900,VIX,VIX,M5,Bid,20.46,20.48,20.41,20.46,95,20,0,MT5_PY_API_UNIX_SECONDS,UNRESOLVED_REQUIRES_MANUAL_BINDING
1777056900,1777057200,VIX,VIX,M5,Bid,20.47,20.48,20.46,20.47,36,20,0,MT5_PY_API_UNIX_SECONDS,UNRESOLVED_REQUIRES_MANUAL_BINDING
1777057200,1777057500,VIX,VIX,M5,Bid,20.46,20.51,20.43,20.43,31,20,0,MT5_PY_API_UNIX_SECONDS,UNRESOLVED_REQUIRES_MANUAL_BINDING
1777057500,1777057800,VIX,VIX,M5,Bid,20.43,20.52,20.42,20.48,63,20,0,MT5_PY_API_UNIX_SECONDS,UNRESOLVED_REQUIRES_MANUAL_BINDING
1777057800,1777058100,VIX,VIX,M5,Bid,20.47,20.51,20.42,20.51,39,20,0,MT5_PY_API_UNIX_SECONDS,UNRESOLVED_REQUIRES_MANUAL_BINDING
1777058100,1777058400,VIX,VIX,M5,Bid,20.52,20.53,20.51,20.53,34,20,0,MT5_PY_API_UNIX_SECONDS,UNRESOLVED_REQUIRES_MANUAL_BINDING
1777058400,1777058700,VIX,VIX,M5,Bid,20.53,20.56,20.52,20.53,30,20,0,MT5_PY_API_UNIX_SECONDS,UNRESOLVED_REQUIRES_MANUAL_BINDING
1777058700,1777059000,VIX,VIX,M5,Bid,20.53,20.58,20.52,20.57,17,20,0,MT5_PY_API_UNIX_SECONDS,UNRESOLVED_REQUIRES_MANUAL_BINDING
1777059000,1777059300,VIX,VIX,M5,Bid,20.56,20.56,20.51,20.51,21,20,0,MT5_PY_API_UNIX_SECONDS,UNRESOLVED_REQUIRES_MANUAL_BINDING
1777059300,1777059600,VIX,VIX,M5,Bid,20.48,20.52,20.48,20.52,7,20,0,MT5_PY_API_UNIX_SECONDS,UNRESOLVED_REQUIRES_MANUAL_BINDING
1777059600,1777059900,VIX,VIX,M5,Bid,20.53,20.56,20.52,20.52,7,20,0,MT5_PY_API_UNIX_SECONDS,UNRESOLVED_REQUIRES_MANUAL_BINDING
1777059900,1777060200,VIX,VIX,M5,Bid,20.51,20.56,20.51,20.56,39,20,0,MT5_PY_API_UNIX_SECONDS,UNRESOLVED_REQUIRES_MANUAL_BINDING
1777060200,1777060500,VIX,VIX,M5,Bid,20.55,20.56,20.52,20.53,47,20,0,MT5_PY_API_UNIX_SECONDS,UNRESOLVED_REQUIRES_MANUAL_BINDING
1777060500,1777060800,VIX,VIX,M5,Bid,20.52,20.53,20.47,20.48,21,20,0,MT5_PY_API_UNIX_SECONDS,UNRESOLVED_REQUIRES_MANUAL_BINDING
1777060800,1777061100,VIX,VIX,M5,Bid,20.47,20.51,20.46,20.47,37,20,0,MT5_PY_API_UNIX_SECONDS,UNRESOLVED_REQUIRES_MANUAL_BINDING
1777061100,1777061400,VIX,VIX,M5,Bid,20.47,20.48,20.46,20.47,18,20,0,MT5_PY_API_UNIX_SECONDS,UNRESOLVED_REQUIRES_MANUAL_BINDING
1777061400,1777061700,VIX,VIX,M5,Bid,20.48,20.53,20.46,20.52,21,20,0,MT5_PY_API_UNIX_SECONDS,UNRESOLVED_REQUIRES_MANUAL_BINDING
1777061700,1777062000,VIX,VIX,M5,Bid,20.52,20.56,20.52,20.53,23,20,0,MT5_PY_API_UNIX_SECONDS,UNRESOLVED_REQUIRES_MANUAL_BINDING
1777062000,1777062300,VIX,VIX,M5,Bid,20.56,20.57,20.53,20.53,20,20,0,MT5_PY_API_UNIX_SECONDS,UNRESOLVED_REQUIRES_MANUAL_BINDING
1777062300,1777062600,VIX,VIX,M5,Bid,20.53,20.56,20.51,20.53,21,20,0,MT5_PY_API_UNIX_SECONDS,UNRESOLVED_REQUIRES_MANUAL_BINDING
1777062600,1777062900,VIX,VIX,M5,Bid,20.56,20.57,20.52,20.53,74,20,0,MT5_PY_API_UNIX_SECONDS,UNRESOLVED_REQUIRES_MANUAL_BINDING
1777062900,1777063200,VIX,VIX,M5,Bid,20.52,20.53,20.47,20.51,38,20,0,MT5_PY_API_UNIX_SECONDS,UNRESOLVED_REQUIRES_MANUAL_BINDING
1777063200,1777063500,VIX,VIX,M5,Bid,20.5,20.52,20.48,20.51,12,20,0,MT5_PY_API_UNIX_SECONDS,UNRESOLVED_REQUIRES_MANUAL_BINDING
1777063500,1777063800,VIX,VIX,M5,Bid,20.52,20.52,20.47,20.47,4,20,0,MT5_PY_API_UNIX_SECONDS,UNRESOLVED_REQUIRES_MANUAL_BINDING
1777063800,1777064100,VIX,VIX,M5,Bid,20.47,20.47,20.37,20.43,26,20,0,MT5_PY_API_UNIX_SECONDS,UNRESOLVED_REQUIRES_MANUAL_BINDING
1777064100,1777064400,VIX,VIX,M5,Bid,20.43,20.43,20.42,20.43,5,20,0,MT5_PY_API_UNIX_SECONDS,UNRESOLVED_REQUIRES_MANUAL_BINDING
1777064400,1777064700,VIX,VIX,M5,Bid,20.43,20.47,20.42,20.43,13,20,0,MT5_PY_API_UNIX_SECONDS,UNRESOLVED_REQUIRES_MANUAL_BINDING
1777064700,1777065000,VIX,VIX,M5,Bid,20.44,20.48,20.42,20.43,26,20,0,MT5_PY_API_UNIX_SECONDS,UNRESOLVED_REQUIRES_MANUAL_BINDING
1777065000,1777065300,VIX,VIX,M5,Bid,20.46,20.52,20.46,20.52,10,20,0,MT5_PY_API_UNIX_SECONDS,UNRESOLVED_REQUIRES_MANUAL_BINDING
1777065300,1777065600,VIX,VIX,M5,Bid,20.48,20.53,20.48,20.52,36,20,0,MT5_PY_API_UNIX_SECONDS,UNRESOLVED_REQUIRES_MANUAL_BINDING
1777065600,1777065900,VIX,VIX,M5,Bid,20.53,20.57,20.52,20.57,25,20,0,MT5_PY_API_UNIX_SECONDS,UNRESOLVED_REQUIRES_MANUAL_BINDING
1777065900,1777066200,VIX,VIX,M5,Bid,20.57,20.57,20.56,20.57,25,20,0,MT5_PY_API_UNIX_SECONDS,UNRESOLVED_REQUIRES_MANUAL_BINDING
1777066200,1777066500,VIX,VIX,M5,Bid,20.57,20.57,20.56,20.57,26,20,0,MT5_PY_API_UNIX_SECONDS,UNRESOLVED_REQUIRES_MANUAL_BINDING
1777066500,1777066800,VIX,VIX,M5,Bid,20.53,20.57,20.53,20.57,8,20,0,MT5_PY_API_UNIX_SECONDS,UNRESOLVED_REQUIRES_MANUAL_BINDING
1777066800,1777067100,VIX,VIX,M5,Bid,20.56,20.58,20.56,20.56,10,20,0,MT5_PY_API_UNIX_SECONDS,UNRESOLVED_REQUIRES_MANUAL_BINDING
1777067100,1777067400,VIX,VIX,M5,Bid,20.53,20.57,20.51,20.52,29,20,0,MT5_PY_API_UNIX_SECONDS,UNRESOLVED_REQUIRES_MANUAL_BINDING
1777067400,1777067700,VIX,VIX,M5,Bid,20.53,20.53,20.43,20.46,14,20,0,MT5_PY_API_UNIX_SECONDS,UNRESOLVED_REQUIRES_MANUAL_BINDING
1777067700,1777068000,VIX,VIX,M5,Bid,20.45,20.46,20.42,20.42,86,20,0,MT5_PY_API_UNIX_SECONDS,UNRESOLVED_REQUIRES_MANUAL_BINDING
1777068000,1777068300,VIX,VIX,M5,Bid,20.43,20.47,20.42,20.47,9,20,0,MT5_PY_API_UNIX_SECONDS,UNRESOLVED_REQUIRES_MANUAL_BINDING
1777068300,1777068600,VIX,VIX,M5,Bid,20.46,20.47,20.42,20.42,12,20,0,MT5_PY_API_UNIX_SECONDS,UNRESOLVED_REQUIRES_MANUAL_BINDING
1777068600,1777068900,VIX,VIX,M5,Bid,20.42,20.42,20.38,20.41,6,20,0,MT5_PY_API_UNIX_SECONDS,UNRESOLVED_REQUIRES_MANUAL_BINDING
1777068900,1777069200,VIX,VIX,M5,Bid,20.4,20.42,20.38,20.42,4,20,0,MT5_PY_API_UNIX_SECONDS,UNRESOLVED_REQUIRES_MANUAL_BINDING
1777069200,1777069500,VIX,VIX,M5,Bid,20.43,20.47,20.43,20.47,5,21,0,MT5_PY_API_UNIX_SECONDS,UNRESOLVED_REQUIRES_MANUAL_BINDING
1777069500,1777069800,VIX,VIX,M5,Bid,20.48,20.56,20.47,20.51,15,20,0,MT5_PY_API_UNIX_SECONDS,UNRESOLVED_REQUIRES_MANUAL_BINDING
1777069800,1777070100,VIX,VIX,M5,Bid,20.52,20.53,20.5,20.53,19,20,0,MT5_PY_API_UNIX_SECONDS,UNRESOLVED_REQUIRES_MANUAL_BINDING
1777070100,1777070400,VIX,VIX,M5,Bid,20.56,20.58,20.56,20.57,17,20,0,MT5_PY_API_UNIX_SECONDS,UNRESOLVED_REQUIRES_MANUAL_BINDING
1777070400,1777070700,VIX,VIX,M5,Bid,20.58,20.58,20.57,20.57,2,20,0,MT5_PY_API_UNIX_SECONDS,UNRESOLVED_REQUIRES_MANUAL_BINDING
1777070700,1777071000,VIX,VIX,M5,Bid,20.58,20.61,20.57,20.57,10,20,0,MT5_PY_API_UNIX_SECONDS,UNRESOLVED_REQUIRES_MANUAL_BINDING
1777071000,1777071300,VIX,VIX,M5,Bid,20.56,20.76,20.53,20.72,32,20,0,MT5_PY_API_UNIX_SECONDS,UNRESOLVED_REQUIRES_MANUAL_BINDING
1777071300,1777071600,VIX,VIX,M5,Bid,20.71,20.78,20.71,20.73,50,20,0,MT5_PY_API_UNIX_SECONDS,UNRESOLVED_REQUIRES_MANUAL_BINDING
1777071600,1777071900,VIX,VIX,M5,Bid,20.73,20.76,20.73,20.73,16,21,0,MT5_PY_API_UNIX_SECONDS,UNRESOLVED_REQUIRES_MANUAL_BINDING
1777071900,1777072200,VIX,VIX,M5,Bid,20.76,20.77,20.73,20.76,6,20,0,MT5_PY_API_UNIX_SECONDS,UNRESOLVED_REQUIRES_MANUAL_BINDING
1777072200,1777072500,VIX,VIX,M5,Bid,20.73,20.74,20.73,20.73,3,21,0,MT5_PY_API_UNIX_SECONDS,UNRESOLVED_REQUIRES_MANUAL_BINDING
1777073400,1777073700,VIX,VIX,M5,Bid,20.73,20.73,20.72,20.72,5,20,0,MT5_PY_API_UNIX_SECONDS,UNRESOLVED_REQUIRES_MANUAL_BINDING
1777073700,1777074000,VIX,VIX,M5,Bid,20.71,20.72,20.68,20.68,6,20,0,MT5_PY_API_UNIX_SECONDS,UNRESOLVED_REQUIRES_MANUAL_BINDING
1777074000,1777074300,VIX,VIX,M5,Bid,20.7,20.7,20.67,20.67,4,20,0,MT5_PY_API_UNIX_SECONDS,UNRESOLVED_REQUIRES_MANUAL_BINDING
1777074600,1777074900,VIX,VIX,M5,Bid,20.67,20.67,20.67,20.67,1,21,0,MT5_PY_API_UNIX_SECONDS,UNRESOLVED_REQUIRES_MANUAL_BINDING
1777251600,1777251900,VIX,VIX,M5,Bid,20.75,20.8,20.46,20.46,104,20,0,MT5_PY_API_UNIX_SECONDS,UNRESOLVED_REQUIRES_MANUAL_BINDING
1777251900,1777252200,VIX,VIX,M5,Bid,20.42,20.46,20.42,20.46,15,20,0,MT5_PY_API_UNIX_SECONDS,UNRESOLVED_REQUIRES_MANUAL_BINDING
1777252800,1777253100,VIX,VIX,M5,Bid,20.47,20.52,20.47,20.52,2,20,0,MT5_PY_API_UNIX_SECONDS,UNRESOLVED_REQUIRES_MANUAL_BINDING
1777253400,1777253700,VIX,VIX,M5,Bid,20.56,20.56,20.56,20.56,1,21,0,MT5_PY_API_UNIX_SECONDS,UNRESOLVED_REQUIRES_MANUAL_BINDING
1777254000,1777254300,VIX,VIX,M5,Bid,20.53,20.55,20.52,20.52,8,20,0,MT5_PY_API_UNIX_SECONDS,UNRESOLVED_REQUIRES_MANUAL_BINDING
1777254300,1777254600,VIX,VIX,M5,Bid,20.53,20.53,20.52,20.53,3,21,0,MT5_PY_API_UNIX_SECONDS,UNRESOLVED_REQUIRES_MANUAL_BINDING
1777254600,1777254900,VIX,VIX,M5,Bid,20.52,20.52,20.52,20.52,1,21,0,MT5_PY_API_UNIX_SECONDS,UNRESOLVED_REQUIRES_MANUAL_BINDING
1777254900,1777255200,VIX,VIX,M5,Bid,20.53,20.53,20.52,20.52,2,21,0,MT5_PY_API_UNIX_SECONDS,UNRESOLVED_REQUIRES_MANUAL_BINDING
1777255200,1777255500,VIX,VIX,M5,Bid,20.53,20.53,20.53,20.53,1,21,0,MT5_PY_API_UNIX_SECONDS,UNRESOLVED_REQUIRES_MANUAL_BINDING
1777255500,1777255800,VIX,VIX,M5,Bid,20.54,20.56,20.54,20.55,17,20,0,MT5_PY_API_UNIX_SECONDS,UNRESOLVED_REQUIRES_MANUAL_BINDING
1777255800,1777256100,VIX,VIX,M5,Bid,20.56,20.56,20.55,20.55,2,21,0,MT5_PY_API_UNIX_SECONDS,UNRESOLVED_REQUIRES_MANUAL_BINDING
1777256100,1777256400,VIX,VIX,M5,Bid,20.53,20.53,20.53,20.53,2,21,0,MT5_PY_API_UNIX_SECONDS,UNRESOLVED_REQUIRES_MANUAL_BINDING
1777256400,1777256700,VIX,VIX,M5,Bid,20.56,20.56,20.53,20.55,4,21,0,MT5_PY_API_UNIX_SECONDS,UNRESOLVED_REQUIRES_MANUAL_BINDING
1777256700,1777257000,VIX,VIX,M5,Bid,20.56,20.56,20.55,20.55,2,21,0,MT5_PY_API_UNIX_SECONDS,UNRESOLVED_REQUIRES_MANUAL_BINDING
1777257000,1777257300,VIX,VIX,M5,Bid,20.56,20.57,20.56,20.57,4,20,0,MT5_PY_API_UNIX_SECONDS,UNRESOLVED_REQUIRES_MANUAL_BINDING
1777258200,1777258500,VIX,VIX,M5,Bid,20.58,20.61,20.58,20.58,5,20,0,MT5_PY_API_UNIX_SECONDS,UNRESOLVED_REQUIRES_MANUAL_BINDING
1777258500,1777258800,VIX,VIX,M5,Bid,20.6,20.62,20.58,20.58,6,20,0,MT5_PY_API_UNIX_SECONDS,UNRESOLVED_REQUIRES_MANUAL_BINDING
1777258800,1777259100,VIX,VIX,M5,Bid,20.6,20.63,20.58,20.61,50,20,0,MT5_PY_API_UNIX_SECONDS,UNRESOLVED_REQUIRES_MANUAL_BINDING
1777259100,1777259400,VIX,VIX,M5,Bid,20.6,20.63,20.58,20.61,11,20,0,MT5_PY_API_UNIX_SECONDS,UNRESOLVED_REQUIRES_MANUAL_BINDING
1777259400,1777259700,VIX,VIX,M5,Bid,20.6,20.61,20.58,20.58,25,21,0,MT5_PY_API_UNIX_SECONDS,UNRESOLVED_REQUIRES_MANUAL_BINDING
1777259700,1777260000,VIX,VIX,M5,Bid,20.6,20.61,20.57,20.57,18,21,0,MT5_PY_API_UNIX_SECONDS,UNRESOLVED_REQUIRES_MANUAL_BINDING
1777260000,1777260300,VIX,VIX,M5,Bid,20.58,20.58,20.58,20.58,1,21,0,MT5_PY_API_UNIX_SECONDS,UNRESOLVED_REQUIRES_MANUAL_BINDING
1777260300,1777260600,VIX,VIX,M5,Bid,20.58,20.58,20.56,20.57,10,20,0,MT5_PY_API_UNIX_SECONDS,UNRESOLVED_REQUIRES_MANUAL_BINDING
1777260600,1777260900,VIX,VIX,M5,Bid,20.56,20.61,20.56,20.61,8,21,0,MT5_PY_API_UNIX_SECONDS,UNRESOLVED_REQUIRES_MANUAL_BINDING
1777260900,1777261200,VIX,VIX,M5,Bid,20.6,20.63,20.58,20.61,11,20,0,MT5_PY_API_UNIX_SECONDS,UNRESOLVED_REQUIRES_MANUAL_BINDING
1777261200,1777261500,VIX,VIX,M5,Bid,20.58,20.58,20.58,20.58,1,21,0,MT5_PY_API_UNIX_SECONDS,UNRESOLVED_REQUIRES_MANUAL_BINDING
1777261800,1777262100,VIX,VIX,M5,Bid,20.58,20.58,20.57,20.57,3,20,0,MT5_PY_API_UNIX_SECONDS,UNRESOLVED_REQUIRES_MANUAL_BINDING
1777262100,1777262400,VIX,VIX,M5,Bid,20.56,20.58,20.51,20.53,38,20,0,MT5_PY_API_UNIX_SECONDS,UNRESOLVED_REQUIRES_MANUAL_BINDING
1777262400,1777262700,VIX,VIX,M5,Bid,20.53,20.53,20.46,20.47,46,20,0,MT5_PY_API_UNIX_SECONDS,UNRESOLVED_REQUIRES_MANUAL_BINDING
1777262700,1777263000,VIX,VIX,M5,Bid,20.48,20.54,20.47,20.53,21,20,0,MT5_PY_API_UNIX_SECONDS,UNRESOLVED_REQUIRES_MANUAL_BINDING
1777263000,1777263300,VIX,VIX,M5,Bid,20.53,20.56,20.53,20.53,6,21,0,MT5_PY_API_UNIX_SECONDS,UNRESOLVED_REQUIRES_MANUAL_BINDING
1777263300,1777263600,VIX,VIX,M5,Bid,20.55,20.57,20.52,20.53,12,20,0,MT5_PY_API_UNIX_SECONDS,UNRESOLVED_REQUIRES_MANUAL_BINDING
1777263600,1777263900,VIX,VIX,M5,Bid,20.53,20.53,20.48,20.48,11,20,0,MT5_PY_API_UNIX_SECONDS,UNRESOLVED_REQUIRES_MANUAL_BINDING
1777263900,1777264200,VIX,VIX,M5,Bid,20.5,20.53,20.48,20.48,14,20,0,MT5_PY_API_UNIX_SECONDS,UNRESOLVED_REQUIRES_MANUAL_BINDING
1777264200,1777264500,VIX,VIX,M5,Bid,20.48,20.48,20.47,20.48,3,20,0,MT5_PY_API_UNIX_SECONDS,UNRESOLVED_REQUIRES_MANUAL_BINDING
1777264500,1777264800,VIX,VIX,M5,Bid,20.47,20.48,20.47,20.48,6,20,0,MT5_PY_API_UNIX_SECONDS,UNRESOLVED_REQUIRES_MANUAL_BINDING
1777264800,1777265100,VIX,VIX,M5,Bid,20.47,20.48,20.47,20.48,17,20,0,MT5_PY_API_UNIX_SECONDS,UNRESOLVED_REQUIRES_MANUAL_BINDING
1777265100,1777265400,VIX,VIX,M5,Bid,20.47,20.48,20.45,20.46,12,20,0,MT5_PY_API_UNIX_SECONDS,UNRESOLVED_REQUIRES_MANUAL_BINDING
1777265400,1777265700,VIX,VIX,M5,Bid,20.47,20.47,20.43,20.46,13,20,0,MT5_PY_API_UNIX_SECONDS,UNRESOLVED_REQUIRES_MANUAL_BINDING
1777265700,1777266000,VIX,VIX,M5,Bid,20.47,20.48,20.46,20.46,5,20,0,MT5_PY_API_UNIX_SECONDS,UNRESOLVED_REQUIRES_MANUAL_BINDING
1777266000,1777266300,VIX,VIX,M5,Bid,20.47,20.48,20.46,20.48,8,20,0,MT5_PY_API_UNIX_SECONDS,UNRESOLVED_REQUIRES_MANUAL_BINDING
1777266600,1777266900,VIX,VIX,M5,Bid,20.48,20.48,20.46,20.47,24,20,0,MT5_PY_API_UNIX_SECONDS,UNRESOLVED_REQUIRES_MANUAL_BINDING
1777266900,1777267200,VIX,VIX,M5,Bid,20.46,20.48,20.46,20.48,5,20,0,MT5_PY_API_UNIX_SECONDS,UNRESOLVED_REQUIRES_MANUAL_BINDING
1777267200,1777267500,VIX,VIX,M5,Bid,20.48,20.48,20.47,20.48,4,20,0,MT5_PY_API_UNIX_SECONDS,UNRESOLVED_REQUIRES_MANUAL_BINDING
1777268100,1777268400,VIX,VIX,M5,Bid,20.48,20.48,20.48,20.48,2,20,0,MT5_PY_API_UNIX_SECONDS,UNRESOLVED_REQUIRES_MANUAL_BINDING
1777269600,1777269900,VIX,VIX,M5,Bid,20.46,20.47,20.43,20.43,24,21,0,MT5_PY_API_UNIX_SECONDS,UNRESOLVED_REQUIRES_MANUAL_BINDING
1777269900,1777270200,VIX,VIX,M5,Bid,20.45,20.47,20.45,20.46,4,21,0,MT5_PY_API_UNIX_SECONDS,UNRESOLVED_REQUIRES_MANUAL_BINDING
1777270200,1777270500,VIX,VIX,M5,Bid,20.45,20.46,20.43,20.46,8,21,0,MT5_PY_API_UNIX_SECONDS,UNRESOLVED_REQUIRES_MANUAL_BINDING
1777270500,1777270800,VIX,VIX,M5,Bid,20.45,20.46,20.43,20.43,3,21,0,MT5_PY_API_UNIX_SECONDS,UNRESOLVED_REQUIRES_MANUAL_BINDING
1777271400,1777271700,VIX,VIX,M5,Bid,20.42,20.43,20.42,20.42,5,20,0,MT5_PY_API_UNIX_SECONDS,UNRESOLVED_REQUIRES_MANUAL_BINDING
1777271700,1777272000,VIX,VIX,M5,Bid,20.43,20.43,20.42,20.43,5,20,0,MT5_PY_API_UNIX_SECONDS,UNRESOLVED_REQUIRES_MANUAL_BINDING
1777272000,1777272300,VIX,VIX,M5,Bid,20.42,20.43,20.42,20.43,2,21,0,MT5_PY_API_UNIX_SECONDS,UNRESOLVED_REQUIRES_MANUAL_BINDING
1777272300,1777272600,VIX,VIX,M5,Bid,20.43,20.43,20.42,20.43,3,20,0,MT5_PY_API_UNIX_SECONDS,UNRESOLVED_REQUIRES_MANUAL_BINDING
1777272600,1777272900,VIX,VIX,M5,Bid,20.42,20.43,20.42,20.43,5,20,0,MT5_PY_API_UNIX_SECONDS,UNRESOLVED_REQUIRES_MANUAL_BINDING
1777272900,1777273200,VIX,VIX,M5,Bid,20.43,20.43,20.42,20.43,3,20,0,MT5_PY_API_UNIX_SECONDS,UNRESOLVED_REQUIRES_MANUAL_BINDING
1777273200,1777273500,VIX,VIX,M5,Bid,20.46,20.47,20.46,20.47,4,21,0,MT5_PY_API_UNIX_SECONDS,UNRESOLVED_REQUIRES_MANUAL_BINDING
1777273500,1777273800,VIX,VIX,M5,Bid,20.46,20.46,20.43,20.43,3,21,0,MT5_PY_API_UNIX_SECONDS,UNRESOLVED_REQUIRES_MANUAL_BINDING
1777273800,1777274100,VIX,VIX,M5,Bid,20.45,20.46,20.43,20.43,5,21,0,MT5_PY_API_UNIX_SECONDS,UNRESOLVED_REQUIRES_MANUAL_BINDING
1777274400,1777274700,VIX,VIX,M5,Bid,20.42,20.43,20.42,20.43,2,21,0,MT5_PY_API_UNIX_SECONDS,UNRESOLVED_REQUIRES_MANUAL_BINDING
1777274700,1777275000,VIX,VIX,M5,Bid,20.42,20.43,20.42,20.43,12,20,0,MT5_PY_API_UNIX_SECONDS,UNRESOLVED_REQUIRES_MANUAL_BINDING
1777275000,1777275300,VIX,VIX,M5,Bid,20.43,20.43,20.42,20.43,6,20,0,MT5_PY_API_UNIX_SECONDS,UNRESOLVED_REQUIRES_MANUAL_BINDING
1777275300,1777275600,VIX,VIX,M5,Bid,20.43,20.43,20.42,20.43,5,20,0,MT5_PY_API_UNIX_SECONDS,UNRESOLVED_REQUIRES_MANUAL_BINDING
1777275900,1777276200,VIX,VIX,M5,Bid,20.43,20.45,20.42,20.43,5,20,0,MT5_PY_API_UNIX_SECONDS,UNRESOLVED_REQUIRES_MANUAL_BINDING
1777276200,1777276500,VIX,VIX,M5,Bid,20.45,20.46,20.43,20.46,28,20,0,MT5_PY_API_UNIX_SECONDS,UNRESOLVED_REQUIRES_MANUAL_BINDING
1777276500,1777276800,VIX,VIX,M5,Bid,20.45,20.48,20.45,20.48,8,20,0,MT5_PY_API_UNIX_SECONDS,UNRESOLVED_REQUIRES_MANUAL_BINDING
1777277100,1777277400,VIX,VIX,M5,Bid,20.5,20.51,20.48,20.48,42,20,0,MT5_PY_API_UNIX_SECONDS,UNRESOLVED_REQUIRES_MANUAL_BINDING
1777277400,1777277700,VIX,VIX,M5,Bid,20.48,20.51,20.47,20.51,8,20,0,MT5_PY_API_UNIX_SECONDS,UNRESOLVED_REQUIRES_MANUAL_BINDING
1777277700,1777278000,VIX,VIX,M5,Bid,20.52,20.52,20.47,20.48,18,20,0,MT5_PY_API_UNIX_SECONDS,UNRESOLVED_REQUIRES_MANUAL_BINDING
1777278000,1777278300,VIX,VIX,M5,Bid,20.48,20.48,20.47,20.47,2,20,0,MT5_PY_API_UNIX_SECONDS,UNRESOLVED_REQUIRES_MANUAL_BINDING
1777278300,1777278600,VIX,VIX,M5,Bid,20.48,20.52,20.48,20.51,56,20,0,MT5_PY_API_UNIX_SECONDS,UNRESOLVED_REQUIRES_MANUAL_BINDING
1777278600,1777278900,VIX,VIX,M5,Bid,20.5,20.51,20.43,20.46,56,20,0,MT5_PY_API_UNIX_SECONDS,UNRESOLVED_REQUIRES_MANUAL_BINDING
1777278900,1777279200,VIX,VIX,M5,Bid,20.47,20.48,20.46,20.46,9,20,0,MT5_PY_API_UNIX_SECONDS,UNRESOLVED_REQUIRES_MANUAL_BINDING
1777279200,1777279500,VIX,VIX,M5,Bid,20.47,20.47,20.46,20.46,5,20,0,MT5_PY_API_UNIX_SECONDS,UNRESOLVED_REQUIRES_MANUAL_BINDING
1777279500,1777279800,VIX,VIX,M5,Bid,20.47,20.48,20.46,20.48,14,20,0,MT5_PY_API_UNIX_SECONDS,UNRESOLVED_REQUIRES_MANUAL_BINDING
1777279800,1777280100,VIX,VIX,M5,Bid,20.49,20.49,20.47,20.47,3,21,0,MT5_PY_API_UNIX_SECONDS,UNRESOLVED_REQUIRES_MANUAL_BINDING
1777280100,1777280400,VIX,VIX,M5,Bid,20.46,20.47,20.46,20.47,2,21,0,MT5_PY_API_UNIX_SECONDS,UNRESOLVED_REQUIRES_MANUAL_BINDING
1777280400,1777280700,VIX,VIX,M5,Bid,20.48,20.52,20.46,20.52,21,20,0,MT5_PY_API_UNIX_SECONDS,UNRESOLVED_REQUIRES_MANUAL_BINDING
1777280700,1777281000,VIX,VIX,M5,Bid,20.53,20.53,20.46,20.47,18,20,0,MT5_PY_API_UNIX_SECONDS,UNRESOLVED_REQUIRES_MANUAL_BINDING
1777281000,1777281300,VIX,VIX,M5,Bid,20.46,20.47,20.45,20.47,14,20,0,MT5_PY_API_UNIX_SECONDS,UNRESOLVED_REQUIRES_MANUAL_BINDING
1777281300,1777281600,VIX,VIX,M5,Bid,20.48,20.48,20.47,20.47,20,20,0,MT5_PY_API_UNIX_SECONDS,UNRESOLVED_REQUIRES_MANUAL_BINDING
1777281600,1777281900,VIX,VIX,M5,Bid,20.48,20.48,20.46,20.47,14,20,0,MT5_PY_API_UNIX_SECONDS,UNRESOLVED_REQUIRES_MANUAL_BINDING
1777281900,1777282200,VIX,VIX,M5,Bid,20.48,20.48,20.47,20.47,2,20,0,MT5_PY_API_UNIX_SECONDS,UNRESOLVED_REQUIRES_MANUAL_BINDING
1777282200,1777282500,VIX,VIX,M5,Bid,20.48,20.52,20.48,20.52,23,20,0,MT5_PY_API_UNIX_SECONDS,UNRESOLVED_REQUIRES_MANUAL_BINDING
1777282500,1777282800,VIX,VIX,M5,Bid,20.51,20.52,20.51,20.51,15,20,0,MT5_PY_API_UNIX_SECONDS,UNRESOLVED_REQUIRES_MANUAL_BINDING
1777282800,1777283100,VIX,VIX,M5,Bid,20.52,20.52,20.5,20.51,8,21,0,MT5_PY_API_UNIX_SECONDS,UNRESOLVED_REQUIRES_MANUAL_BINDING
1777283100,1777283400,VIX,VIX,M5,Bid,20.5,20.51,20.46,20.47,15,20,0,MT5_PY_API_UNIX_SECONDS,UNRESOLVED_REQUIRES_MANUAL_BINDING
1777283700,1777284000,VIX,VIX,M5,Bid,20.48,20.48,20.47,20.48,3,20,0,MT5_PY_API_UNIX_SECONDS,UNRESOLVED_REQUIRES_MANUAL_BINDING
1777284000,1777284300,VIX,VIX,M5,Bid,20.5,20.52,20.47,20.47,16,20,0,MT5_PY_API_UNIX_SECONDS,UNRESOLVED_REQUIRES_MANUAL_BINDING
1777284300,1777284600,VIX,VIX,M5,Bid,20.48,20.48,20.46,20.47,15,20,0,MT5_PY_API_UNIX_SECONDS,UNRESOLVED_REQUIRES_MANUAL_BINDING
1777284600,1777284900,VIX,VIX,M5,Bid,20.48,20.51,20.47,20.47,25,20,0,MT5_PY_API_UNIX_SECONDS,UNRESOLVED_REQUIRES_MANUAL_BINDING
1777284900,1777285200,VIX,VIX,M5,Bid,20.48,20.48,20.47,20.47,8,20,0,MT5_PY_API_UNIX_SECONDS,UNRESOLVED_REQUIRES_MANUAL_BINDING
1777285200,1777285500,VIX,VIX,M5,Bid,20.46,20.47,20.46,20.47,2,21,0,MT5_PY_API_UNIX_SECONDS,UNRESOLVED_REQUIRES_MANUAL_BINDING
1777285500,1777285800,VIX,VIX,M5,Bid,20.48,20.51,20.47,20.48,25,20,0,MT5_PY_API_UNIX_SECONDS,UNRESOLVED_REQUIRES_MANUAL_BINDING
1777285800,1777286100,VIX,VIX,M5,Bid,20.46,20.48,20.46,20.48,12,20,0,MT5_PY_API_UNIX_SECONDS,UNRESOLVED_REQUIRES_MANUAL_BINDING
1777286100,1777286400,VIX,VIX,M5,Bid,20.48,20.52,20.47,20.47,27,20,0,MT5_PY_API_UNIX_SECONDS,UNRESOLVED_REQUIRES_MANUAL_BINDING
1777286400,1777286700,VIX,VIX,M5,Bid,20.48,20.48,20.47,20.48,13,20,0,MT5_PY_API_UNIX_SECONDS,UNRESOLVED_REQUIRES_MANUAL_BINDING
1777286700,1777287000,VIX,VIX,M5,Bid,20.47,20.48,20.47,20.48,4,20,0,MT5_PY_API_UNIX_SECONDS,UNRESOLVED_REQUIRES_MANUAL_BINDING
1777287000,1777287300,VIX,VIX,M5,Bid,20.48,20.48,20.47,20.48,20,20,0,MT5_PY_API_UNIX_SECONDS,UNRESOLVED_REQUIRES_MANUAL_BINDING
1777287300,1777287600,VIX,VIX,M5,Bid,20.48,20.48,20.47,20.48,9,20,0,MT5_PY_API_UNIX_SECONDS,UNRESOLVED_REQUIRES_MANUAL_BINDING
1777287600,1777287900,VIX,VIX,M5,Bid,20.48,20.53,20.47,20.52,20,20,0,MT5_PY_API_UNIX_SECONDS,UNRESOLVED_REQUIRES_MANUAL_BINDING
1777287900,1777288200,VIX,VIX,M5,Bid,20.53,20.57,20.52,20.56,19,20,0,MT5_PY_API_UNIX_SECONDS,UNRESOLVED_REQUIRES_MANUAL_BINDING
1777288200,1777288500,VIX,VIX,M5,Bid,20.57,20.57,20.48,20.51,46,20,0,MT5_PY_API_UNIX_SECONDS,UNRESOLVED_REQUIRES_MANUAL_BINDING
1777288500,1777288800,VIX,VIX,M5,Bid,20.5,20.51,20.47,20.48,22,20,0,MT5_PY_API_UNIX_SECONDS,UNRESOLVED_REQUIRES_MANUAL_BINDING
1777288800,1777289100,VIX,VIX,M5,Bid,20.48,20.49,20.47,20.47,6,20,0,MT5_PY_API_UNIX_SECONDS,UNRESOLVED_REQUIRES_MANUAL_BINDING
1777289100,1777289400,VIX,VIX,M5,Bid,20.47,20.47,20.46,20.47,7,20,0,MT5_PY_API_UNIX_SECONDS,UNRESOLVED_REQUIRES_MANUAL_BINDING
1777289400,1777289700,VIX,VIX,M5,Bid,20.46,20.47,20.46,20.47,13,20,0,MT5_PY_API_UNIX_SECONDS,UNRESOLVED_REQUIRES_MANUAL_BINDING
1777289700,1777290000,VIX,VIX,M5,Bid,20.46,20.47,20.46,20.47,4,20,0,MT5_PY_API_UNIX_SECONDS,UNRESOLVED_REQUIRES_MANUAL_BINDING
1777290300,1777290600,VIX,VIX,M5,Bid,20.47,20.47,20.42,20.43,15,20,0,MT5_PY_API_UNIX_SECONDS,UNRESOLVED_REQUIRES_MANUAL_BINDING
1777290600,1777290900,VIX,VIX,M5,Bid,20.42,20.43,20.42,20.43,2,20,0,MT5_PY_API_UNIX_SECONDS,UNRESOLVED_REQUIRES_MANUAL_BINDING
1777290900,1777291200,VIX,VIX,M5,Bid,20.43,20.43,20.43,20.43,1,21,0,MT5_PY_API_UNIX_SECONDS,UNRESOLVED_REQUIRES_MANUAL_BINDING
1777291200,1777291500,VIX,VIX,M5,Bid,20.43,20.46,20.43,20.43,10,21,0,MT5_PY_API_UNIX_SECONDS,UNRESOLVED_REQUIRES_MANUAL_BINDING
1777291500,1777291800,VIX,VIX,M5,Bid,20.44,20.46,20.43,20.46,28,21,0,MT5_PY_API_UNIX_SECONDS,UNRESOLVED_REQUIRES_MANUAL_BINDING
1777291800,1777292100,VIX,VIX,M5,Bid,20.45,20.45,20.43,20.43,2,21,0,MT5_PY_API_UNIX_SECONDS,UNRESOLVED_REQUIRES_MANUAL_BINDING
1777292400,1777292700,VIX,VIX,M5,Bid,20.44,20.46,20.43,20.43,14,21,0,MT5_PY_API_UNIX_SECONDS,UNRESOLVED_REQUIRES_MANUAL_BINDING
1777292700,1777293000,VIX,VIX,M5,Bid,20.44,20.46,20.42,20.42,32,20,0,MT5_PY_API_UNIX_SECONDS,UNRESOLVED_REQUIRES_MANUAL_BINDING
1777293000,1777293300,VIX,VIX,M5,Bid,20.43,20.43,20.42,20.42,20,20,0,MT5_PY_API_UNIX_SECONDS,UNRESOLVED_REQUIRES_MANUAL_BINDING
1777293300,1777293600,VIX,VIX,M5,Bid,20.43,20.43,20.42,20.42,18,20,0,MT5_PY_API_UNIX_SECONDS,UNRESOLVED_REQUIRES_MANUAL_BINDING
1777293600,1777293900,VIX,VIX,M5,Bid,20.43,20.43,20.42,20.42,6,20,0,MT5_PY_API_UNIX_SECONDS,UNRESOLVED_REQUIRES_MANUAL_BINDING
1777293900,1777294200,VIX,VIX,M5,Bid,20.43,20.43,20.42,20.42,2,20,0,MT5_PY_API_UNIX_SECONDS,UNRESOLVED_REQUIRES_MANUAL_BINDING
1777294500,1777294800,VIX,VIX,M5,Bid,20.43,20.43,20.42,20.42,4,20,0,MT5_PY_API_UNIX_SECONDS,UNRESOLVED_REQUIRES_MANUAL_BINDING
1777295100,1777295400,VIX,VIX,M5,Bid,20.43,20.43,20.42,20.42,4,20,0,MT5_PY_API_UNIX_SECONDS,UNRESOLVED_REQUIRES_MANUAL_BINDING
1777295400,1777295700,VIX,VIX,M5,Bid,20.43,20.43,20.42,20.42,2,20,0,MT5_PY_API_UNIX_SECONDS,UNRESOLVED_REQUIRES_MANUAL_BINDING
1777295700,1777296000,VIX,VIX,M5,Bid,20.42,20.42,20.42,20.42,3,21,0,MT5_PY_API_UNIX_SECONDS,UNRESOLVED_REQUIRES_MANUAL_BINDING
1777296000,1777296300,VIX,VIX,M5,Bid,20.42,20.42,20.42,20.42,5,21,0,MT5_PY_API_UNIX_SECONDS,UNRESOLVED_REQUIRES_MANUAL_BINDING
1777296300,1777296600,VIX,VIX,M5,Bid,20.42,20.42,20.42,20.42,1,21,0,MT5_PY_API_UNIX_SECONDS,UNRESOLVED_REQUIRES_MANUAL_BINDING
1777296600,1777296900,VIX,VIX,M5,Bid,20.42,20.42,20.42,20.42,3,20,0,MT5_PY_API_UNIX_SECONDS,UNRESOLVED_REQUIRES_MANUAL_BINDING
1777296900,1777297200,VIX,VIX,M5,Bid,20.42,20.42,20.42,20.42,4,20,0,MT5_PY_API_UNIX_SECONDS,UNRESOLVED_REQUIRES_MANUAL_BINDING
1777297200,1777297500,VIX,VIX,M5,Bid,20.42,20.42,20.37,20.37,13,20,0,MT5_PY_API_UNIX_SECONDS,UNRESOLVED_REQUIRES_MANUAL_BINDING
1777297500,1777297800,VIX,VIX,M5,Bid,20.38,20.38,20.37,20.38,7,20,0,MT5_PY_API_UNIX_SECONDS,UNRESOLVED_REQUIRES_MANUAL_BINDING
1777297800,1777298100,VIX,VIX,M5,Bid,20.38,20.38,20.37,20.37,11,20,0,MT5_PY_API_UNIX_SECONDS,UNRESOLVED_REQUIRES_MANUAL_BINDING
1777300200,1777300500,VIX,VIX,M5,Bid,20.38,20.38,20.37,20.37,30,20,0,MT5_PY_API_UNIX_SECONDS,UNRESOLVED_REQUIRES_MANUAL_BINDING
1777300800,1777301100,VIX,VIX,M5,Bid,20.38,20.38,20.37,20.37,6,20,0,MT5_PY_API_UNIX_SECONDS,UNRESOLVED_REQUIRES_MANUAL_BINDING
1777301400,1777301700,VIX,VIX,M5,Bid,20.38,20.38,20.37,20.37,17,20,0,MT5_PY_API_UNIX_SECONDS,UNRESOLVED_REQUIRES_MANUAL_BINDING
1777301700,1777302000,VIX,VIX,M5,Bid,20.38,20.38,20.37,20.37,8,20,0,MT5_PY_API_UNIX_SECONDS,UNRESOLVED_REQUIRES_MANUAL_BINDING
1777302000,1777302300,VIX,VIX,M5,Bid,20.38,20.38,20.37,20.38,7,20,0,MT5_PY_API_UNIX_SECONDS,UNRESOLVED_REQUIRES_MANUAL_BINDING
1777302300,1777302600,VIX,VIX,M5,Bid,20.38,20.38,20.37,20.37,9,20,0,MT5_PY_API_UNIX_SECONDS,UNRESOLVED_REQUIRES_MANUAL_BINDING
1777302600,1777302900,VIX,VIX,M5,Bid,20.38,20.38,20.37,20.37,6,20,0,MT5_PY_API_UNIX_SECONDS,UNRESOLVED_REQUIRES_MANUAL_BINDING
1777302900,1777303200,VIX,VIX,M5,Bid,20.38,20.38,20.37,20.37,16,21,0,MT5_PY_API_UNIX_SECONDS,UNRESOLVED_REQUIRES_MANUAL_BINDING
1777303200,1777303500,VIX,VIX,M5,Bid,20.38,20.38,20.37,20.38,29,20,0,MT5_PY_API_UNIX_SECONDS,UNRESOLVED_REQUIRES_MANUAL_BINDING
1777303500,1777303800,VIX,VIX,M5,Bid,20.37,20.53,20.37,20.52,52,20,0,MT5_PY_API_UNIX_SECONDS,UNRESOLVED_REQUIRES_MANUAL_BINDING
1777303800,1777304100,VIX,VIX,M5,Bid,20.51,20.52,20.51,20.52,28,20,0,MT5_PY_API_UNIX_SECONDS,UNRESOLVED_REQUIRES_MANUAL_BINDING
1777304100,1777304400,VIX,VIX,M5,Bid,20.52,20.53,20.51,20.52,48,20,0,MT5_PY_API_UNIX_SECONDS,UNRESOLVED_REQUIRES_MANUAL_BINDING
1777304400,1777304700,VIX,VIX,M5,Bid,20.51,20.57,20.51,20.56,47,20,0,MT5_PY_API_UNIX_SECONDS,UNRESOLVED_REQUIRES_MANUAL_BINDING
1777304700,1777305000,VIX,VIX,M5,Bid,20.57,20.57,20.52,20.53,41,20,0,MT5_PY_API_UNIX_SECONDS,UNRESOLVED_REQUIRES_MANUAL_BINDING
1777305000,1777305300,VIX,VIX,M5,Bid,20.53,20.57,20.52,20.57,37,20,0,MT5_PY_API_UNIX_SECONDS,UNRESOLVED_REQUIRES_MANUAL_BINDING
1777305300,1777305600,VIX,VIX,M5,Bid,20.57,20.62,20.56,20.58,61,20,0,MT5_PY_API_UNIX_SECONDS,UNRESOLVED_REQUIRES_MANUAL_BINDING
1777305600,1777305900,VIX,VIX,M5,Bid,20.58,20.71,20.58,20.67,65,20,0,MT5_PY_API_UNIX_SECONDS,UNRESOLVED_REQUIRES_MANUAL_BINDING
1777305900,1777306200,VIX,VIX,M5,Bid,20.68,20.68,20.63,20.66,41,20,0,MT5_PY_API_UNIX_SECONDS,UNRESOLVED_REQUIRES_MANUAL_BINDING
1777306200,1777306500,VIX,VIX,M5,Bid,20.67,20.67,20.63,20.66,69,20,0,MT5_PY_API_UNIX_SECONDS,UNRESOLVED_REQUIRES_MANUAL_BINDING
1777306500,1777306800,VIX,VIX,M5,Bid,20.67,20.67,20.62,20.63,15,20,0,MT5_PY_API_UNIX_SECONDS,UNRESOLVED_REQUIRES_MANUAL_BINDING
1777306800,1777307100,VIX,VIX,M5,Bid,20.62,20.65,20.62,20.63,28,20,0,MT5_PY_API_UNIX_SECONDS,UNRESOLVED_REQUIRES_MANUAL_BINDING
1777307100,1777307400,VIX,VIX,M5,Bid,20.66,20.66,20.61,20.61,63,20,0,MT5_PY_API_UNIX_SECONDS,UNRESOLVED_REQUIRES_MANUAL_BINDING
1777307400,1777307700,VIX,VIX,M5,Bid,20.62,20.62,20.53,20.58,95,20,0,MT5_PY_API_UNIX_SECONDS,UNRESOLVED_REQUIRES_MANUAL_BINDING
1777307700,1777308000,VIX,VIX,M5,Bid,20.57,20.58,20.51,20.51,95,20,0,MT5_PY_API_UNIX_SECONDS,UNRESOLVED_REQUIRES_MANUAL_BINDING
1777308000,1777308300,VIX,VIX,M5,Bid,20.52,20.57,20.51,20.56,107,20,0,MT5_PY_API_UNIX_SECONDS,UNRESOLVED_REQUIRES_MANUAL_BINDING
1777308300,1777308600,VIX,VIX,M5,Bid,20.57,20.62,20.56,20.58,231,20,0,MT5_PY_API_UNIX_SECONDS,UNRESOLVED_REQUIRES_MANUAL_BINDING
1777308600,1777308900,VIX,VIX,M5,Bid,20.59,20.63,20.48,20.51,116,20,0,MT5_PY_API_UNIX_SECONDS,UNRESOLVED_REQUIRES_MANUAL_BINDING
1777308900,1777309200,VIX,VIX,M5,Bid,20.5,20.5,20.43,20.47,69,20,0,MT5_PY_API_UNIX_SECONDS,UNRESOLVED_REQUIRES_MANUAL_BINDING
1777309200,1777309500,VIX,VIX,M5,Bid,20.47,20.48,20.42,20.46,121,20,0,MT5_PY_API_UNIX_SECONDS,UNRESOLVED_REQUIRES_MANUAL_BINDING
1777309500,1777309800,VIX,VIX,M5,Bid,20.47,20.48,20.42,20.46,125,20,0,MT5_PY_API_UNIX_SECONDS,UNRESOLVED_REQUIRES_MANUAL_BINDING
1777309800,1777310100,VIX,VIX,M5,Bid,20.47,20.48,20.42,20.43,129,20,0,MT5_PY_API_UNIX_SECONDS,UNRESOLVED_REQUIRES_MANUAL_BINDING
1777310100,1777310400,VIX,VIX,M5,Bid,20.43,20.46,20.42,20.42,44,20,0,MT5_PY_API_UNIX_SECONDS,UNRESOLVED_REQUIRES_MANUAL_BINDING
1777310400,1777310700,VIX,VIX,M5,Bid,20.42,20.42,20.41,20.42,6,20,0,MT5_PY_API_UNIX_SECONDS,UNRESOLVED_REQUIRES_MANUAL_BINDING
1777310700,1777311000,VIX,VIX,M5,Bid,20.41,20.47,20.41,20.46,27,20,0,MT5_PY_API_UNIX_SECONDS,UNRESOLVED_REQUIRES_MANUAL_BINDING
1777311000,1777311300,VIX,VIX,M5,Bid,20.47,20.48,20.42,20.42,87,20,0,MT5_PY_API_UNIX_SECONDS,UNRESOLVED_REQUIRES_MANUAL_BINDING
1777311300,1777311600,VIX,VIX,M5,Bid,20.43,20.43,20.36,20.41,128,20,0,MT5_PY_API_UNIX_SECONDS,UNRESOLVED_REQUIRES_MANUAL_BINDING
1777311600,1777311900,VIX,VIX,M5,Bid,20.38,20.42,20.38,20.38,30,20,0,MT5_PY_API_UNIX_SECONDS,UNRESOLVED_REQUIRES_MANUAL_BINDING
1777311900,1777312200,VIX,VIX,M5,Bid,20.41,20.42,20.38,20.38,39,20,0,MT5_PY_API_UNIX_SECONDS,UNRESOLVED_REQUIRES_MANUAL_BINDING
1777312200,1777312500,VIX,VIX,M5,Bid,20.38,20.42,20.37,20.41,45,20,0,MT5_PY_API_UNIX_SECONDS,UNRESOLVED_REQUIRES_MANUAL_BINDING
1777312500,1777312800,VIX,VIX,M5,Bid,20.42,20.43,20.41,20.43,31,20,0,MT5_PY_API_UNIX_SECONDS,UNRESOLVED_REQUIRES_MANUAL_BINDING
1777312800,1777313100,VIX,VIX,M5,Bid,20.43,20.48,20.41,20.48,15,20,0,MT5_PY_API_UNIX_SECONDS,UNRESOLVED_REQUIRES_MANUAL_BINDING
1777313100,1777313400,VIX,VIX,M5,Bid,20.47,20.48,20.46,20.47,41,20,0,MT5_PY_API_UNIX_SECONDS,UNRESOLVED_REQUIRES_MANUAL_BINDING
1777313400,1777313700,VIX,VIX,M5,Bid,20.47,20.48,20.46,20.48,29,20,0,MT5_PY_API_UNIX_SECONDS,UNRESOLVED_REQUIRES_MANUAL_BINDING
1777313700,1777314000,VIX,VIX,M5,Bid,20.48,20.48,20.43,20.47,74,20,0,MT5_PY_API_UNIX_SECONDS,UNRESOLVED_REQUIRES_MANUAL_BINDING
1777314000,1777314300,VIX,VIX,M5,Bid,20.47,20.52,20.46,20.52,100,20,0,MT5_PY_API_UNIX_SECONDS,UNRESOLVED_REQUIRES_MANUAL_BINDING
1777314300,1777314600,VIX,VIX,M5,Bid,20.51,20.52,20.42,20.42,50,20,0,MT5_PY_API_UNIX_SECONDS,UNRESOLVED_REQUIRES_MANUAL_BINDING
1777314600,1777314900,VIX,VIX,M5,Bid,20.41,20.42,20.37,20.4,102,20,0,MT5_PY_API_UNIX_SECONDS,UNRESOLVED_REQUIRES_MANUAL_BINDING
1777314900,1777315200,VIX,VIX,M5,Bid,20.38,20.41,20.37,20.37,21,20,0,MT5_PY_API_UNIX_SECONDS,UNRESOLVED_REQUIRES_MANUAL_BINDING
1777315200,1777315500,VIX,VIX,M5,Bid,20.37,20.37,20.32,20.33,21,20,0,MT5_PY_API_UNIX_SECONDS,UNRESOLVED_REQUIRES_MANUAL_BINDING
1777315500,1777315800,VIX,VIX,M5,Bid,20.32,20.36,20.32,20.33,15,20,0,MT5_PY_API_UNIX_SECONDS,UNRESOLVED_REQUIRES_MANUAL_BINDING
1777315800,1777316100,VIX,VIX,M5,Bid,20.34,20.36,20.32,20.33,12,20,0,MT5_PY_API_UNIX_SECONDS,UNRESOLVED_REQUIRES_MANUAL_BINDING
1777316100,1777316400,VIX,VIX,M5,Bid,20.33,20.33,20.28,20.28,18,20,0,MT5_PY_API_UNIX_SECONDS,UNRESOLVED_REQUIRES_MANUAL_BINDING
1777316400,1777316700,VIX,VIX,M5,Bid,20.27,20.32,20.27,20.28,17,20,0,MT5_PY_API_UNIX_SECONDS,UNRESOLVED_REQUIRES_MANUAL_BINDING
1777316700,1777317000,VIX,VIX,M5,Bid,20.27,20.28,20.27,20.28,17,20,0,MT5_PY_API_UNIX_SECONDS,UNRESOLVED_REQUIRES_MANUAL_BINDING
1777317000,1777317300,VIX,VIX,M5,Bid,20.27,20.28,20.27,20.27,27,20,0,MT5_PY_API_UNIX_SECONDS,UNRESOLVED_REQUIRES_MANUAL_BINDING
1777317300,1777317600,VIX,VIX,M5,Bid,20.28,20.28,20.27,20.27,2,20,0,MT5_PY_API_UNIX_SECONDS,UNRESOLVED_REQUIRES_MANUAL_BINDING
1777317600,1777317900,VIX,VIX,M5,Bid,20.28,20.28,20.27,20.27,2,20,0,MT5_PY_API_UNIX_SECONDS,UNRESOLVED_REQUIRES_MANUAL_BINDING
1777317900,1777318200,VIX,VIX,M5,Bid,20.27,20.27,20.27,20.27,2,20,0,MT5_PY_API_UNIX_SECONDS,UNRESOLVED_REQUIRES_MANUAL_BINDING
1777318200,1777318500,VIX,VIX,M5,Bid,20.27,20.27,20.18,20.18,37,20,0,MT5_PY_API_UNIX_SECONDS,UNRESOLVED_REQUIRES_MANUAL_BINDING
1777318500,1777318800,VIX,VIX,M5,Bid,20.17,20.22,20.17,20.21,27,20,0,MT5_PY_API_UNIX_SECONDS,UNRESOLVED_REQUIRES_MANUAL_BINDING
1777318800,1777319100,VIX,VIX,M5,Bid,20.22,20.22,20.21,20.22,4,20,0,MT5_PY_API_UNIX_SECONDS,UNRESOLVED_REQUIRES_MANUAL_BINDING
1777319100,1777319400,VIX,VIX,M5,Bid,20.21,20.22,20.21,20.21,19,20,0,MT5_PY_API_UNIX_SECONDS,UNRESOLVED_REQUIRES_MANUAL_BINDING
1777319400,1777319700,VIX,VIX,M5,Bid,20.22,20.22,20.21,20.22,39,20,0,MT5_PY_API_UNIX_SECONDS,UNRESOLVED_REQUIRES_MANUAL_BINDING
1777319700,1777320000,VIX,VIX,M5,Bid,20.21,20.22,20.21,20.22,12,20,0,MT5_PY_API_UNIX_SECONDS,UNRESOLVED_REQUIRES_MANUAL_BINDING
1777320000,1777320300,VIX,VIX,M5,Bid,20.21,20.22,20.21,20.21,20,20,0,MT5_PY_API_UNIX_SECONDS,UNRESOLVED_REQUIRES_MANUAL_BINDING
1777320300,1777320600,VIX,VIX,M5,Bid,20.22,20.22,20.21,20.22,7,20,0,MT5_PY_API_UNIX_SECONDS,UNRESOLVED_REQUIRES_MANUAL_BINDING
1777320600,1777320900,VIX,VIX,M5,Bid,20.21,20.22,20.21,20.22,5,21,0,MT5_PY_API_UNIX_SECONDS,UNRESOLVED_REQUIRES_MANUAL_BINDING
1777320900,1777321200,VIX,VIX,M5,Bid,20.23,20.27,20.22,20.26,37,20,0,MT5_PY_API_UNIX_SECONDS,UNRESOLVED_REQUIRES_MANUAL_BINDING
1777321200,1777321500,VIX,VIX,M5,Bid,20.27,20.27,20.18,20.22,43,20,0,MT5_PY_API_UNIX_SECONDS,UNRESOLVED_REQUIRES_MANUAL_BINDING
1777321500,1777321800,VIX,VIX,M5,Bid,20.22,20.23,20.21,20.22,17,20,0,MT5_PY_API_UNIX_SECONDS,UNRESOLVED_REQUIRES_MANUAL_BINDING
1777321800,1777322100,VIX,VIX,M5,Bid,20.22,20.22,20.21,20.22,11,20,0,MT5_PY_API_UNIX_SECONDS,UNRESOLVED_REQUIRES_MANUAL_BINDING
1777322100,1777322400,VIX,VIX,M5,Bid,20.22,20.23,20.21,20.22,5,20,0,MT5_PY_API_UNIX_SECONDS,UNRESOLVED_REQUIRES_MANUAL_BINDING
1777322400,1777322700,VIX,VIX,M5,Bid,20.22,20.22,20.21,20.22,16,20,0,MT5_PY_API_UNIX_SECONDS,UNRESOLVED_REQUIRES_MANUAL_BINDING
1777322700,1777323000,VIX,VIX,M5,Bid,20.22,20.22,20.21,20.22,13,20,0,MT5_PY_API_UNIX_SECONDS,UNRESOLVED_REQUIRES_MANUAL_BINDING
1777323000,1777323300,VIX,VIX,M5,Bid,20.22,20.22,20.22,20.22,5,20,0,MT5_PY_API_UNIX_SECONDS,UNRESOLVED_REQUIRES_MANUAL_BINDING
1777323300,1777323600,VIX,VIX,M5,Bid,20.21,20.22,20.18,20.18,12,20,0,MT5_PY_API_UNIX_SECONDS,UNRESOLVED_REQUIRES_MANUAL_BINDING
1777323600,1777323900,VIX,VIX,M5,Bid,20.18,20.18,20.17,20.18,41,20,0,MT5_PY_API_UNIX_SECONDS,UNRESOLVED_REQUIRES_MANUAL_BINDING
1777323900,1777324200,VIX,VIX,M5,Bid,20.17,20.21,20.17,20.21,17,20,0,MT5_PY_API_UNIX_SECONDS,UNRESOLVED_REQUIRES_MANUAL_BINDING
1777324200,1777324500,VIX,VIX,M5,Bid,20.22,20.22,20.21,20.21,7,20,0,MT5_PY_API_UNIX_SECONDS,UNRESOLVED_REQUIRES_MANUAL_BINDING
1777324500,1777324800,VIX,VIX,M5,Bid,20.22,20.22,20.21,20.22,7,20,0,MT5_PY_API_UNIX_SECONDS,UNRESOLVED_REQUIRES_MANUAL_BINDING
1777324800,1777325100,VIX,VIX,M5,Bid,20.22,20.22,20.21,20.21,21,20,0,MT5_PY_API_UNIX_SECONDS,UNRESOLVED_REQUIRES_MANUAL_BINDING
1777325100,1777325400,VIX,VIX,M5,Bid,20.22,20.22,20.18,20.21,14,20,0,MT5_PY_API_UNIX_SECONDS,UNRESOLVED_REQUIRES_MANUAL_BINDING
1777325400,1777325700,VIX,VIX,M5,Bid,20.2,20.21,20.18,20.18,4,21,0,MT5_PY_API_UNIX_SECONDS,UNRESOLVED_REQUIRES_MANUAL_BINDING
1777325700,1777326000,VIX,VIX,M5,Bid,20.18,20.18,20.17,20.18,17,20,0,MT5_PY_API_UNIX_SECONDS,UNRESOLVED_REQUIRES_MANUAL_BINDING
1777326000,1777326300,VIX,VIX,M5,Bid,20.17,20.18,20.17,20.18,33,20,0,MT5_PY_API_UNIX_SECONDS,UNRESOLVED_REQUIRES_MANUAL_BINDING
1777326300,1777326600,VIX,VIX,M5,Bid,20.18,20.18,20.17,20.17,8,20,0,MT5_PY_API_UNIX_SECONDS,UNRESOLVED_REQUIRES_MANUAL_BINDING
1777327800,1777328100,VIX,VIX,M5,Bid,20.13,20.13,20.12,20.12,2,20,0,MT5_PY_API_UNIX_SECONDS,UNRESOLVED_REQUIRES_MANUAL_BINDING
1777328100,1777328400,VIX,VIX,M5,Bid,20.11,20.11,20.07,20.07,2,21,0,MT5_PY_API_UNIX_SECONDS,UNRESOLVED_REQUIRES_MANUAL_BINDING
1777328700,1777329000,VIX,VIX,M5,Bid,20.07,20.07,20.02,20.02,21,20,0,MT5_PY_API_UNIX_SECONDS,UNRESOLVED_REQUIRES_MANUAL_BINDING
1777329300,1777329600,VIX,VIX,M5,Bid,20.02,20.02,19.97,19.97,2,20,0,MT5_PY_API_UNIX_SECONDS,UNRESOLVED_REQUIRES_MANUAL_BINDING
1777330200,1777330500,VIX,VIX,M5,Bid,19.93,19.96,19.92,19.93,9,20,0,MT5_PY_API_UNIX_SECONDS,UNRESOLVED_REQUIRES_MANUAL_BINDING
1777330500,1777330800,VIX,VIX,M5,Bid,19.93,19.97,19.92,19.96,43,20,0,MT5_PY_API_UNIX_SECONDS,UNRESOLVED_REQUIRES_MANUAL_BINDING
1777330800,1777331100,VIX,VIX,M5,Bid,19.97,19.98,19.93,19.93,9,20,0,MT5_PY_API_UNIX_SECONDS,UNRESOLVED_REQUIRES_MANUAL_BINDING
1777331100,1777331400,VIX,VIX,M5,Bid,19.93,19.93,19.91,19.91,9,20,0,MT5_PY_API_UNIX_SECONDS,UNRESOLVED_REQUIRES_MANUAL_BINDING
1777331400,1777331700,VIX,VIX,M5,Bid,19.92,19.92,19.91,19.92,4,20,0,MT5_PY_API_UNIX_SECONDS,UNRESOLVED_REQUIRES_MANUAL_BINDING
1777332600,1777332900,VIX,VIX,M5,Bid,19.91,19.92,19.91,19.92,12,20,0,MT5_PY_API_UNIX_SECONDS,UNRESOLVED_REQUIRES_MANUAL_BINDING
1777332900,1777333200,VIX,VIX,M5,Bid,19.92,19.92,19.91,19.91,10,20,0,MT5_PY_API_UNIX_SECONDS,UNRESOLVED_REQUIRES_MANUAL_BINDING
1777333200,1777333500,VIX,VIX,M5,Bid,19.92,19.92,19.91,19.91,46,20,0,MT5_PY_API_UNIX_SECONDS,UNRESOLVED_REQUIRES_MANUAL_BINDING
1777333800,1777334100,VIX,VIX,M5,Bid,19.92,19.92,19.91,19.91,2,20,0,MT5_PY_API_UNIX_SECONDS,UNRESOLVED_REQUIRES_MANUAL_BINDING
1777334100,1777334400,VIX,VIX,M5,Bid,19.92,19.92,19.91,19.91,14,20,0,MT5_PY_API_UNIX_SECONDS,UNRESOLVED_REQUIRES_MANUAL_BINDING
1777338000,1777338300,VIX,VIX,M5,Bid,19.94,19.97,19.92,19.97,25,20,0,MT5_PY_API_UNIX_SECONDS,UNRESOLVED_REQUIRES_MANUAL_BINDING
1777338300,1777338600,VIX,VIX,M5,Bid,19.96,19.97,19.88,19.92,35,20,0,MT5_PY_API_UNIX_SECONDS,UNRESOLVED_REQUIRES_MANUAL_BINDING
1777338600,1777338900,VIX,VIX,M5,Bid,19.88,19.91,19.88,19.88,6,21,0,MT5_PY_API_UNIX_SECONDS,UNRESOLVED_REQUIRES_MANUAL_BINDING
1777338900,1777339200,VIX,VIX,M5,Bid,19.87,19.88,19.83,19.86,5,20,0,MT5_PY_API_UNIX_SECONDS,UNRESOLVED_REQUIRES_MANUAL_BINDING
1777339200,1777339500,VIX,VIX,M5,Bid,19.85,19.86,19.83,19.83,7,20,0,MT5_PY_API_UNIX_SECONDS,UNRESOLVED_REQUIRES_MANUAL_BINDING
1777339500,1777339800,VIX,VIX,M5,Bid,19.83,19.83,19.83,19.83,1,20,0,MT5_PY_API_UNIX_SECONDS,UNRESOLVED_REQUIRES_MANUAL_BINDING
1777339800,1777340100,VIX,VIX,M5,Bid,19.82,19.82,19.82,19.82,1,21,0,MT5_PY_API_UNIX_SECONDS,UNRESOLVED_REQUIRES_MANUAL_BINDING
1777340100,1777340400,VIX,VIX,M5,Bid,19.83,19.86,19.83,19.83,5,20,0,MT5_PY_API_UNIX_SECONDS,UNRESOLVED_REQUIRES_MANUAL_BINDING
1777340400,1777340700,VIX,VIX,M5,Bid,19.83,19.83,19.82,19.82,5,20,0,MT5_PY_API_UNIX_SECONDS,UNRESOLVED_REQUIRES_MANUAL_BINDING
1777340700,1777341000,VIX,VIX,M5,Bid,19.83,19.83,19.83,19.83,2,20,0,MT5_PY_API_UNIX_SECONDS,UNRESOLVED_REQUIRES_MANUAL_BINDING
1777341000,1777341300,VIX,VIX,M5,Bid,19.85,19.86,19.85,19.86,2,21,0,MT5_PY_API_UNIX_SECONDS,UNRESOLVED_REQUIRES_MANUAL_BINDING
1777341600,1777341900,VIX,VIX,M5,Bid,19.87,19.87,19.86,19.86,6,20,0,MT5_PY_API_UNIX_SECONDS,UNRESOLVED_REQUIRES_MANUAL_BINDING
1777341900,1777342200,VIX,VIX,M5,Bid,19.87,19.87,19.87,19.87,1,20,0,MT5_PY_API_UNIX_SECONDS,UNRESOLVED_REQUIRES_MANUAL_BINDING
1777342200,1777342500,VIX,VIX,M5,Bid,19.86,19.87,19.86,19.87,2,20,0,MT5_PY_API_UNIX_SECONDS,UNRESOLVED_REQUIRES_MANUAL_BINDING
1777342500,1777342800,VIX,VIX,M5,Bid,19.86,19.87,19.86,19.87,2,20,0,MT5_PY_API_UNIX_SECONDS,UNRESOLVED_REQUIRES_MANUAL_BINDING
1777342800,1777343100,VIX,VIX,M5,Bid,19.86,19.87,19.86,19.87,2,20,0,MT5_PY_API_UNIX_SECONDS,UNRESOLVED_REQUIRES_MANUAL_BINDING
1777343100,1777343400,VIX,VIX,M5,Bid,19.87,19.87,19.87,19.87,1,21,0,MT5_PY_API_UNIX_SECONDS,UNRESOLVED_REQUIRES_MANUAL_BINDING
1777344600,1777344900,VIX,VIX,M5,Bid,19.88,19.88,19.88,19.88,2,21,0,MT5_PY_API_UNIX_SECONDS,UNRESOLVED_REQUIRES_MANUAL_BINDING
1777344900,1777345200,VIX,VIX,M5,Bid,19.91,19.91,19.87,19.87,26,20,0,MT5_PY_API_UNIX_SECONDS,UNRESOLVED_REQUIRES_MANUAL_BINDING
1777345200,1777345500,VIX,VIX,M5,Bid,19.88,19.88,19.87,19.88,7,21,0,MT5_PY_API_UNIX_SECONDS,UNRESOLVED_REQUIRES_MANUAL_BINDING
1777345500,1777345800,VIX,VIX,M5,Bid,19.87,19.88,19.82,19.83,30,20,0,MT5_PY_API_UNIX_SECONDS,UNRESOLVED_REQUIRES_MANUAL_BINDING
1777345800,1777346100,VIX,VIX,M5,Bid,19.82,19.86,19.82,19.83,65,20,0,MT5_PY_API_UNIX_SECONDS,UNRESOLVED_REQUIRES_MANUAL_BINDING
1777346100,1777346400,VIX,VIX,M5,Bid,19.84,19.86,19.83,19.86,107,20,0,MT5_PY_API_UNIX_SECONDS,UNRESOLVED_REQUIRES_MANUAL_BINDING
1777346400,1777346700,VIX,VIX,M5,Bid,19.85,19.86,19.83,19.83,21,20,0,MT5_PY_API_UNIX_SECONDS,UNRESOLVED_REQUIRES_MANUAL_BINDING
1777346700,1777347000,VIX,VIX,M5,Bid,19.84,19.92,19.83,19.88,78,20,0,MT5_PY_API_UNIX_SECONDS,UNRESOLVED_REQUIRES_MANUAL_BINDING
1777347000,1777347300,VIX,VIX,M5,Bid,19.9,19.92,19.86,19.91,23,20,0,MT5_PY_API_UNIX_SECONDS,UNRESOLVED_REQUIRES_MANUAL_BINDING
1777347300,1777347600,VIX,VIX,M5,Bid,19.92,19.92,19.91,19.91,20,20,0,MT5_PY_API_UNIX_SECONDS,UNRESOLVED_REQUIRES_MANUAL_BINDING
1777347600,1777347900,VIX,VIX,M5,Bid,19.9,19.91,19.87,19.91,23,21,0,MT5_PY_API_UNIX_SECONDS,UNRESOLVED_REQUIRES_MANUAL_BINDING
1777347900,1777348200,VIX,VIX,M5,Bid,19.9,19.91,19.88,19.91,36,20,0,MT5_PY_API_UNIX_SECONDS,UNRESOLVED_REQUIRES_MANUAL_BINDING
1777348500,1777348800,VIX,VIX,M5,Bid,19.92,19.92,19.91,19.92,5,20,0,MT5_PY_API_UNIX_SECONDS,UNRESOLVED_REQUIRES_MANUAL_BINDING
1777348800,1777349100,VIX,VIX,M5,Bid,19.91,20.02,19.91,19.96,20,20,0,MT5_PY_API_UNIX_SECONDS,UNRESOLVED_REQUIRES_MANUAL_BINDING
1777349100,1777349400,VIX,VIX,M5,Bid,19.93,19.96,19.91,19.91,41,20,0,MT5_PY_API_UNIX_SECONDS,UNRESOLVED_REQUIRES_MANUAL_BINDING
1777349400,1777349700,VIX,VIX,M5,Bid,19.9,19.91,19.86,19.86,26,21,0,MT5_PY_API_UNIX_SECONDS,UNRESOLVED_REQUIRES_MANUAL_BINDING
1777349700,1777350000,VIX,VIX,M5,Bid,19.87,19.87,19.86,19.87,33,20,0,MT5_PY_API_UNIX_SECONDS,UNRESOLVED_REQUIRES_MANUAL_BINDING
1777350000,1777350300,VIX,VIX,M5,Bid,19.88,19.88,19.86,19.87,4,21,0,MT5_PY_API_UNIX_SECONDS,UNRESOLVED_REQUIRES_MANUAL_BINDING
1777350300,1777350600,VIX,VIX,M5,Bid,19.87,19.87,19.86,19.86,12,20,0,MT5_PY_API_UNIX_SECONDS,UNRESOLVED_REQUIRES_MANUAL_BINDING
1777350600,1777350900,VIX,VIX,M5,Bid,19.87,19.88,19.86,19.87,9,20,0,MT5_PY_API_UNIX_SECONDS,UNRESOLVED_REQUIRES_MANUAL_BINDING
1777350900,1777351200,VIX,VIX,M5,Bid,19.87,19.87,19.82,19.83,6,20,0,MT5_PY_API_UNIX_SECONDS,UNRESOLVED_REQUIRES_MANUAL_BINDING
1777351200,1777351500,VIX,VIX,M5,Bid,19.86,19.86,19.83,19.83,5,21,0,MT5_PY_API_UNIX_SECONDS,UNRESOLVED_REQUIRES_MANUAL_BINDING
1777351500,1777351800,VIX,VIX,M5,Bid,19.85,19.86,19.83,19.86,4,20,0,MT5_PY_API_UNIX_SECONDS,UNRESOLVED_REQUIRES_MANUAL_BINDING
1777351800,1777352100,VIX,VIX,M5,Bid,19.87,19.92,19.86,19.87,38,20,0,MT5_PY_API_UNIX_SECONDS,UNRESOLVED_REQUIRES_MANUAL_BINDING
1777352100,1777352400,VIX,VIX,M5,Bid,19.88,19.93,19.87,19.92,12,20,0,MT5_PY_API_UNIX_SECONDS,UNRESOLVED_REQUIRES_MANUAL_BINDING
1777352400,1777352700,VIX,VIX,M5,Bid,19.93,19.93,19.92,19.92,2,20,0,MT5_PY_API_UNIX_SECONDS,UNRESOLVED_REQUIRES_MANUAL_BINDING
1777352700,1777353000,VIX,VIX,M5,Bid,19.92,19.92,19.91,19.92,10,20,0,MT5_PY_API_UNIX_SECONDS,UNRESOLVED_REQUIRES_MANUAL_BINDING
1777353000,1777353300,VIX,VIX,M5,Bid,19.92,19.92,19.91,19.92,7,20,0,MT5_PY_API_UNIX_SECONDS,UNRESOLVED_REQUIRES_MANUAL_BINDING
1777353300,1777353600,VIX,VIX,M5,Bid,19.92,19.92,19.86,19.87,6,20,0,MT5_PY_API_UNIX_SECONDS,UNRESOLVED_REQUIRES_MANUAL_BINDING
1777353600,1777353900,VIX,VIX,M5,Bid,19.87,19.87,19.86,19.86,6,20,0,MT5_PY_API_UNIX_SECONDS,UNRESOLVED_REQUIRES_MANUAL_BINDING
1777353900,1777354200,VIX,VIX,M5,Bid,19.87,19.88,19.87,19.88,6,20,0,MT5_PY_API_UNIX_SECONDS,UNRESOLVED_REQUIRES_MANUAL_BINDING
1777354200,1777354500,VIX,VIX,M5,Bid,19.9,19.91,19.88,19.88,72,20,0,MT5_PY_API_UNIX_SECONDS,UNRESOLVED_REQUIRES_MANUAL_BINDING
1777354500,1777354800,VIX,VIX,M5,Bid,19.88,19.92,19.87,19.92,8,21,0,MT5_PY_API_UNIX_SECONDS,UNRESOLVED_REQUIRES_MANUAL_BINDING
1777354800,1777355100,VIX,VIX,M5,Bid,19.92,19.92,19.92,19.92,2,20,0,MT5_PY_API_UNIX_SECONDS,UNRESOLVED_REQUIRES_MANUAL_BINDING
1777355100,1777355400,VIX,VIX,M5,Bid,19.93,19.93,19.92,19.92,2,21,0,MT5_PY_API_UNIX_SECONDS,UNRESOLVED_REQUIRES_MANUAL_BINDING
1777355400,1777355700,VIX,VIX,M5,Bid,19.92,19.92,19.92,19.92,4,20,0,MT5_PY_API_UNIX_SECONDS,UNRESOLVED_REQUIRES_MANUAL_BINDING
1777356300,1777356600,VIX,VIX,M5,Bid,19.92,19.92,19.91,19.92,5,20,0,MT5_PY_API_UNIX_SECONDS,UNRESOLVED_REQUIRES_MANUAL_BINDING
1777356600,1777356900,VIX,VIX,M5,Bid,19.92,19.92,19.91,19.91,3,20,0,MT5_PY_API_UNIX_SECONDS,UNRESOLVED_REQUIRES_MANUAL_BINDING
1777356900,1777357200,VIX,VIX,M5,Bid,19.92,19.92,19.86,19.86,12,20,0,MT5_PY_API_UNIX_SECONDS,UNRESOLVED_REQUIRES_MANUAL_BINDING
1777357200,1777357500,VIX,VIX,M5,Bid,19.87,19.87,19.86,19.87,7,21,0,MT5_PY_API_UNIX_SECONDS,UNRESOLVED_REQUIRES_MANUAL_BINDING
1777357800,1777358100,VIX,VIX,M5,Bid,19.86,19.87,19.86,19.87,2,21,0,MT5_PY_API_UNIX_SECONDS,UNRESOLVED_REQUIRES_MANUAL_BINDING
1777358400,1777358700,VIX,VIX,M5,Bid,19.88,19.88,19.87,19.87,2,20,0,MT5_PY_API_UNIX_SECONDS,UNRESOLVED_REQUIRES_MANUAL_BINDING
1777358700,1777359000,VIX,VIX,M5,Bid,19.88,19.91,19.87,19.88,8,20,0,MT5_PY_API_UNIX_SECONDS,UNRESOLVED_REQUIRES_MANUAL_BINDING
1777359000,1777359300,VIX,VIX,M5,Bid,19.9,19.9,19.87,19.87,9,20,0,MT5_PY_API_UNIX_SECONDS,UNRESOLVED_REQUIRES_MANUAL_BINDING
1777359600,1777359900,VIX,VIX,M5,Bid,19.87,19.88,19.87,19.87,3,21,0,MT5_PY_API_UNIX_SECONDS,UNRESOLVED_REQUIRES_MANUAL_BINDING
1777359900,1777360200,VIX,VIX,M5,Bid,19.88,19.88,19.87,19.87,5,20,0,MT5_PY_API_UNIX_SECONDS,UNRESOLVED_REQUIRES_MANUAL_BINDING
1777361100,1777361400,VIX,VIX,M5,Bid,19.86,19.86,19.86,19.86,1,21,0,MT5_PY_API_UNIX_SECONDS,UNRESOLVED_REQUIRES_MANUAL_BINDING
1777361400,1777361700,VIX,VIX,M5,Bid,19.87,19.87,19.86,19.86,6,20,0,MT5_PY_API_UNIX_SECONDS,UNRESOLVED_REQUIRES_MANUAL_BINDING
1777361700,1777362000,VIX,VIX,M5,Bid,19.87,19.87,19.87,19.87,1,21,0,MT5_PY_API_UNIX_SECONDS,UNRESOLVED_REQUIRES_MANUAL_BINDING
1777362600,1777362900,VIX,VIX,M5,Bid,19.88,19.88,19.87,19.87,2,20,0,MT5_PY_API_UNIX_SECONDS,UNRESOLVED_REQUIRES_MANUAL_BINDING
1777362900,1777363200,VIX,VIX,M5,Bid,19.88,19.88,19.87,19.87,2,21,0,MT5_PY_API_UNIX_SECONDS,UNRESOLVED_REQUIRES_MANUAL_BINDING
1777363200,1777363500,VIX,VIX,M5,Bid,19.88,19.91,19.87,19.87,7,21,0,MT5_PY_API_UNIX_SECONDS,UNRESOLVED_REQUIRES_MANUAL_BINDING
1777363500,1777363800,VIX,VIX,M5,Bid,19.88,19.91,19.88,19.88,7,21,0,MT5_PY_API_UNIX_SECONDS,UNRESOLVED_REQUIRES_MANUAL_BINDING
1777363800,1777364100,VIX,VIX,M5,Bid,19.88,19.91,19.87,19.88,15,20,0,MT5_PY_API_UNIX_SECONDS,UNRESOLVED_REQUIRES_MANUAL_BINDING
1777364100,1777364400,VIX,VIX,M5,Bid,19.9,19.91,19.88,19.88,68,20,0,MT5_PY_API_UNIX_SECONDS,UNRESOLVED_REQUIRES_MANUAL_BINDING
1777364400,1777364700,VIX,VIX,M5,Bid,19.87,19.88,19.87,19.87,7,20,0,MT5_PY_API_UNIX_SECONDS,UNRESOLVED_REQUIRES_MANUAL_BINDING
1777364700,1777365000,VIX,VIX,M5,Bid,19.88,19.88,19.88,19.88,1,21,0,MT5_PY_API_UNIX_SECONDS,UNRESOLVED_REQUIRES_MANUAL_BINDING
1777365000,1777365300,VIX,VIX,M5,Bid,19.87,19.91,19.87,19.91,4,21,0,MT5_PY_API_UNIX_SECONDS,UNRESOLVED_REQUIRES_MANUAL_BINDING
1777365300,1777365600,VIX,VIX,M5,Bid,19.92,19.97,19.92,19.92,15,20,0,MT5_PY_API_UNIX_SECONDS,UNRESOLVED_REQUIRES_MANUAL_BINDING
1777365600,1777365900,VIX,VIX,M5,Bid,19.93,19.93,19.92,19.92,2,20,0,MT5_PY_API_UNIX_SECONDS,UNRESOLVED_REQUIRES_MANUAL_BINDING
1777365900,1777366200,VIX,VIX,M5,Bid,19.93,19.93,19.93,19.93,1,21,0,MT5_PY_API_UNIX_SECONDS,UNRESOLVED_REQUIRES_MANUAL_BINDING
1777366200,1777366500,VIX,VIX,M5,Bid,19.94,19.96,19.92,19.92,8,21,0,MT5_PY_API_UNIX_SECONDS,UNRESOLVED_REQUIRES_MANUAL_BINDING
1777366500,1777366800,VIX,VIX,M5,Bid,19.93,19.96,19.93,19.93,9,21,0,MT5_PY_API_UNIX_SECONDS,UNRESOLVED_REQUIRES_MANUAL_BINDING
1777366800,1777367100,VIX,VIX,M5,Bid,19.92,19.98,19.92,19.96,11,20,0,MT5_PY_API_UNIX_SECONDS,UNRESOLVED_REQUIRES_MANUAL_BINDING
1777367100,1777367400,VIX,VIX,M5,Bid,19.97,19.97,19.96,19.96,30,20,0,MT5_PY_API_UNIX_SECONDS,UNRESOLVED_REQUIRES_MANUAL_BINDING
1777367400,1777367700,VIX,VIX,M5,Bid,19.97,19.97,19.93,19.93,15,20,0,MT5_PY_API_UNIX_SECONDS,UNRESOLVED_REQUIRES_MANUAL_BINDING
1777367700,1777368000,VIX,VIX,M5,Bid,19.96,19.96,19.92,19.93,5,20,0,MT5_PY_API_UNIX_SECONDS,UNRESOLVED_REQUIRES_MANUAL_BINDING
1777368000,1777368300,VIX,VIX,M5,Bid,19.93,19.96,19.93,19.96,2,21,0,MT5_PY_API_UNIX_SECONDS,UNRESOLVED_REQUIRES_MANUAL_BINDING
1777368300,1777368600,VIX,VIX,M5,Bid,19.95,19.96,19.92,19.92,13,20,0,MT5_PY_API_UNIX_SECONDS,UNRESOLVED_REQUIRES_MANUAL_BINDING
1777368600,1777368900,VIX,VIX,M5,Bid,19.93,19.93,19.93,19.93,1,21,0,MT5_PY_API_UNIX_SECONDS,UNRESOLVED_REQUIRES_MANUAL_BINDING
1777368900,1777369200,VIX,VIX,M5,Bid,19.97,19.98,19.96,19.96,14,20,0,MT5_PY_API_UNIX_SECONDS,UNRESOLVED_REQUIRES_MANUAL_BINDING
1777369200,1777369500,VIX,VIX,M5,Bid,19.97,20.01,19.96,20.01,21,20,0,MT5_PY_API_UNIX_SECONDS,UNRESOLVED_REQUIRES_MANUAL_BINDING
1777369500,1777369800,VIX,VIX,M5,Bid,20.02,20.07,19.98,20.07,31,20,0,MT5_PY_API_UNIX_SECONDS,UNRESOLVED_REQUIRES_MANUAL_BINDING
1777369800,1777370100,VIX,VIX,M5,Bid,20.06,20.08,20.06,20.07,15,20,0,MT5_PY_API_UNIX_SECONDS,UNRESOLVED_REQUIRES_MANUAL_BINDING
1777370100,1777370400,VIX,VIX,M5,Bid,20.08,20.08,20.03,20.03,14,20,0,MT5_PY_API_UNIX_SECONDS,UNRESOLVED_REQUIRES_MANUAL_BINDING
1777370400,1777370700,VIX,VIX,M5,Bid,20.07,20.08,20.03,20.07,54,20,0,MT5_PY_API_UNIX_SECONDS,UNRESOLVED_REQUIRES_MANUAL_BINDING
1777370700,1777371000,VIX,VIX,M5,Bid,20.07,20.1,20.06,20.08,9,20,0,MT5_PY_API_UNIX_SECONDS,UNRESOLVED_REQUIRES_MANUAL_BINDING
1777371000,1777371300,VIX,VIX,M5,Bid,20.1,20.11,20.03,20.03,24,20,0,MT5_PY_API_UNIX_SECONDS,UNRESOLVED_REQUIRES_MANUAL_BINDING
1777371300,1777371600,VIX,VIX,M5,Bid,20.02,20.07,20.02,20.06,36,20,0,MT5_PY_API_UNIX_SECONDS,UNRESOLVED_REQUIRES_MANUAL_BINDING
1777371600,1777371900,VIX,VIX,M5,Bid,20.05,20.07,20.03,20.03,57,20,0,MT5_PY_API_UNIX_SECONDS,UNRESOLVED_REQUIRES_MANUAL_BINDING
1777371900,1777372200,VIX,VIX,M5,Bid,20.03,20.08,20.02,20.03,32,20,0,MT5_PY_API_UNIX_SECONDS,UNRESOLVED_REQUIRES_MANUAL_BINDING
1777372200,1777372500,VIX,VIX,M5,Bid,20.05,20.06,20.01,20.03,33,20,0,MT5_PY_API_UNIX_SECONDS,UNRESOLVED_REQUIRES_MANUAL_BINDING
1777372500,1777372800,VIX,VIX,M5,Bid,20.05,20.06,20.01,20.02,19,20,0,MT5_PY_API_UNIX_SECONDS,UNRESOLVED_REQUIRES_MANUAL_BINDING
1777372800,1777373100,VIX,VIX,M5,Bid,20.02,20.02,19.97,19.98,14,20,0,MT5_PY_API_UNIX_SECONDS,UNRESOLVED_REQUIRES_MANUAL_BINDING
1777373100,1777373400,VIX,VIX,M5,Bid,19.98,20.01,19.97,19.98,12,20,0,MT5_PY_API_UNIX_SECONDS,UNRESOLVED_REQUIRES_MANUAL_BINDING
1777373400,1777373700,VIX,VIX,M5,Bid,19.99,20.01,19.96,19.98,20,20,0,MT5_PY_API_UNIX_SECONDS,UNRESOLVED_REQUIRES_MANUAL_BINDING
1777373700,1777374000,VIX,VIX,M5,Bid,19.97,19.98,19.97,19.98,16,20,0,MT5_PY_API_UNIX_SECONDS,UNRESOLVED_REQUIRES_MANUAL_BINDING
1777374000,1777374300,VIX,VIX,M5,Bid,19.97,20.03,19.97,20.02,47,20,0,MT5_PY_API_UNIX_SECONDS,UNRESOLVED_REQUIRES_MANUAL_BINDING
1777374300,1777374600,VIX,VIX,M5,Bid,20.02,20.03,19.98,19.98,10,20,0,MT5_PY_API_UNIX_SECONDS,UNRESOLVED_REQUIRES_MANUAL_BINDING
1777374600,1777374900,VIX,VIX,M5,Bid,20.01,20.02,19.97,19.97,30,20,0,MT5_PY_API_UNIX_SECONDS,UNRESOLVED_REQUIRES_MANUAL_BINDING
1777374900,1777375200,VIX,VIX,M5,Bid,19.97,19.97,19.92,19.93,29,20,0,MT5_PY_API_UNIX_SECONDS,UNRESOLVED_REQUIRES_MANUAL_BINDING
1777375200,1777375500,VIX,VIX,M5,Bid,19.92,19.93,19.92,19.92,13,20,0,MT5_PY_API_UNIX_SECONDS,UNRESOLVED_REQUIRES_MANUAL_BINDING
1777375500,1777375800,VIX,VIX,M5,Bid,19.92,19.93,19.87,19.87,14,20,0,MT5_PY_API_UNIX_SECONDS,UNRESOLVED_REQUIRES_MANUAL_BINDING
1777375800,1777376100,VIX,VIX,M5,Bid,19.88,19.88,19.86,19.87,18,20,0,MT5_PY_API_UNIX_SECONDS,UNRESOLVED_REQUIRES_MANUAL_BINDING
1777376100,1777376400,VIX,VIX,M5,Bid,19.88,19.88,19.87,19.87,18,20,0,MT5_PY_API_UNIX_SECONDS,UNRESOLVED_REQUIRES_MANUAL_BINDING
1777376400,1777376700,VIX,VIX,M5,Bid,19.88,19.88,19.87,19.88,15,20,0,MT5_PY_API_UNIX_SECONDS,UNRESOLVED_REQUIRES_MANUAL_BINDING
1777376700,1777377000,VIX,VIX,M5,Bid,19.91,19.91,19.86,19.87,8,20,0,MT5_PY_API_UNIX_SECONDS,UNRESOLVED_REQUIRES_MANUAL_BINDING
1777377000,1777377300,VIX,VIX,M5,Bid,19.87,19.87,19.87,19.87,1,21,0,MT5_PY_API_UNIX_SECONDS,UNRESOLVED_REQUIRES_MANUAL_BINDING
1777377300,1777377600,VIX,VIX,M5,Bid,19.88,19.88,19.86,19.86,10,20,0,MT5_PY_API_UNIX_SECONDS,UNRESOLVED_REQUIRES_MANUAL_BINDING
1777377600,1777377900,VIX,VIX,M5,Bid,19.87,19.88,19.86,19.87,24,20,0,MT5_PY_API_UNIX_SECONDS,UNRESOLVED_REQUIRES_MANUAL_BINDING
1777377900,1777378200,VIX,VIX,M5,Bid,19.87,19.87,19.83,19.83,4,20,0,MT5_PY_API_UNIX_SECONDS,UNRESOLVED_REQUIRES_MANUAL_BINDING
1777378200,1777378500,VIX,VIX,M5,Bid,19.82,19.87,19.82,19.87,22,20,0,MT5_PY_API_UNIX_SECONDS,UNRESOLVED_REQUIRES_MANUAL_BINDING
1777378500,1777378800,VIX,VIX,M5,Bid,19.86,19.87,19.82,19.83,20,20,0,MT5_PY_API_UNIX_SECONDS,UNRESOLVED_REQUIRES_MANUAL_BINDING
1777378800,1777379100,VIX,VIX,M5,Bid,19.84,19.86,19.83,19.86,37,20,0,MT5_PY_API_UNIX_SECONDS,UNRESOLVED_REQUIRES_MANUAL_BINDING
1777379100,1777379400,VIX,VIX,M5,Bid,19.85,19.87,19.83,19.86,19,20,0,MT5_PY_API_UNIX_SECONDS,UNRESOLVED_REQUIRES_MANUAL_BINDING
1777379400,1777379700,VIX,VIX,M5,Bid,19.87,19.91,19.86,19.88,11,20,0,MT5_PY_API_UNIX_SECONDS,UNRESOLVED_REQUIRES_MANUAL_BINDING
1777379700,1777380000,VIX,VIX,M5,Bid,19.88,19.97,19.87,19.96,26,20,0,MT5_PY_API_UNIX_SECONDS,UNRESOLVED_REQUIRES_MANUAL_BINDING
1777380000,1777380300,VIX,VIX,M5,Bid,19.97,19.97,19.92,19.92,16,20,0,MT5_PY_API_UNIX_SECONDS,UNRESOLVED_REQUIRES_MANUAL_BINDING
1777380300,1777380600,VIX,VIX,M5,Bid,19.93,19.97,19.92,19.96,28,20,0,MT5_PY_API_UNIX_SECONDS,UNRESOLVED_REQUIRES_MANUAL_BINDING
1777380600,1777380900,VIX,VIX,M5,Bid,19.97,19.97,19.92,19.92,15,20,0,MT5_PY_API_UNIX_SECONDS,UNRESOLVED_REQUIRES_MANUAL_BINDING
1777380900,1777381200,VIX,VIX,M5,Bid,19.93,19.93,19.92,19.92,2,20,0,MT5_PY_API_UNIX_SECONDS,UNRESOLVED_REQUIRES_MANUAL_BINDING
1777381200,1777381500,VIX,VIX,M5,Bid,19.93,19.93,19.92,19.92,10,20,0,MT5_PY_API_UNIX_SECONDS,UNRESOLVED_REQUIRES_MANUAL_BINDING
1777381500,1777381800,VIX,VIX,M5,Bid,19.93,19.97,19.92,19.97,20,20,0,MT5_PY_API_UNIX_SECONDS,UNRESOLVED_REQUIRES_MANUAL_BINDING
1777381800,1777382100,VIX,VIX,M5,Bid,19.96,19.98,19.96,19.97,12,20,0,MT5_PY_API_UNIX_SECONDS,UNRESOLVED_REQUIRES_MANUAL_BINDING
1777382100,1777382400,VIX,VIX,M5,Bid,19.98,20.01,19.97,19.97,23,20,0,MT5_PY_API_UNIX_SECONDS,UNRESOLVED_REQUIRES_MANUAL_BINDING
1777382400,1777382700,VIX,VIX,M5,Bid,19.98,19.98,19.97,19.98,9,20,0,MT5_PY_API_UNIX_SECONDS,UNRESOLVED_REQUIRES_MANUAL_BINDING
1777382700,1777383000,VIX,VIX,M5,Bid,19.98,20.02,19.97,20.02,4,20,0,MT5_PY_API_UNIX_SECONDS,UNRESOLVED_REQUIRES_MANUAL_BINDING
1777383000,1777383300,VIX,VIX,M5,Bid,20.0,20.01,19.97,20.01,53,20,0,MT5_PY_API_UNIX_SECONDS,UNRESOLVED_REQUIRES_MANUAL_BINDING
1777383300,1777383600,VIX,VIX,M5,Bid,20.0,20.02,19.98,20.01,18,21,0,MT5_PY_API_UNIX_SECONDS,UNRESOLVED_REQUIRES_MANUAL_BINDING
1777383600,1777383900,VIX,VIX,M5,Bid,20.0,20.02,19.98,20.02,13,21,0,MT5_PY_API_UNIX_SECONDS,UNRESOLVED_REQUIRES_MANUAL_BINDING
1777383900,1777384200,VIX,VIX,M5,Bid,20.01,20.01,19.98,19.98,24,21,0,MT5_PY_API_UNIX_SECONDS,UNRESOLVED_REQUIRES_MANUAL_BINDING
1777384200,1777384500,VIX,VIX,M5,Bid,20.0,20.01,19.96,19.97,21,21,0,MT5_PY_API_UNIX_SECONDS,UNRESOLVED_REQUIRES_MANUAL_BINDING
1777384500,1777384800,VIX,VIX,M5,Bid,19.98,19.98,19.97,19.97,8,20,0,MT5_PY_API_UNIX_SECONDS,UNRESOLVED_REQUIRES_MANUAL_BINDING
1777384800,1777385100,VIX,VIX,M5,Bid,19.96,19.98,19.93,19.98,13,20,0,MT5_PY_API_UNIX_SECONDS,UNRESOLVED_REQUIRES_MANUAL_BINDING
1777385100,1777385400,VIX,VIX,M5,Bid,20.0,20.13,20.0,20.11,33,20,0,MT5_PY_API_UNIX_SECONDS,UNRESOLVED_REQUIRES_MANUAL_BINDING
1777385400,1777385700,VIX,VIX,M5,Bid,20.12,20.13,20.11,20.13,45,20,0,MT5_PY_API_UNIX_SECONDS,UNRESOLVED_REQUIRES_MANUAL_BINDING
1777385700,1777386000,VIX,VIX,M5,Bid,20.12,20.23,20.12,20.22,113,20,0,MT5_PY_API_UNIX_SECONDS,UNRESOLVED_REQUIRES_MANUAL_BINDING
1777386000,1777386300,VIX,VIX,M5,Bid,20.23,20.28,20.22,20.26,56,20,0,MT5_PY_API_UNIX_SECONDS,UNRESOLVED_REQUIRES_MANUAL_BINDING
1777386300,1777386600,VIX,VIX,M5,Bid,20.25,20.32,20.23,20.31,62,20,0,MT5_PY_API_UNIX_SECONDS,UNRESOLVED_REQUIRES_MANUAL_BINDING
1777386600,1777386900,VIX,VIX,M5,Bid,20.32,20.38,20.3,20.31,66,20,0,MT5_PY_API_UNIX_SECONDS,UNRESOLVED_REQUIRES_MANUAL_BINDING
1777386900,1777387200,VIX,VIX,M5,Bid,20.3,20.37,20.28,20.33,38,20,0,MT5_PY_API_UNIX_SECONDS,UNRESOLVED_REQUIRES_MANUAL_BINDING
1777387200,1777387500,VIX,VIX,M5,Bid,20.35,20.38,20.31,20.31,67,20,0,MT5_PY_API_UNIX_SECONDS,UNRESOLVED_REQUIRES_MANUAL_BINDING
1777387500,1777387800,VIX,VIX,M5,Bid,20.3,20.43,20.28,20.42,69,20,0,MT5_PY_API_UNIX_SECONDS,UNRESOLVED_REQUIRES_MANUAL_BINDING
1777387800,1777388100,VIX,VIX,M5,Bid,20.41,20.46,20.37,20.43,102,20,0,MT5_PY_API_UNIX_SECONDS,UNRESOLVED_REQUIRES_MANUAL_BINDING
1777388100,1777388400,VIX,VIX,M5,Bid,20.42,20.46,20.38,20.43,29,20,0,MT5_PY_API_UNIX_SECONDS,UNRESOLVED_REQUIRES_MANUAL_BINDING
1777388400,1777388700,VIX,VIX,M5,Bid,20.43,20.47,20.41,20.41,84,20,0,MT5_PY_API_UNIX_SECONDS,UNRESOLVED_REQUIRES_MANUAL_BINDING
1777388700,1777389000,VIX,VIX,M5,Bid,20.42,20.43,20.36,20.43,53,20,0,MT5_PY_API_UNIX_SECONDS,UNRESOLVED_REQUIRES_MANUAL_BINDING
1777389000,1777389300,VIX,VIX,M5,Bid,20.45,20.52,20.38,20.43,111,20,0,MT5_PY_API_UNIX_SECONDS,UNRESOLVED_REQUIRES_MANUAL_BINDING
1777389300,1777389600,VIX,VIX,M5,Bid,20.42,20.48,20.41,20.48,35,20,0,MT5_PY_API_UNIX_SECONDS,UNRESOLVED_REQUIRES_MANUAL_BINDING
1777389600,1777389900,VIX,VIX,M5,Bid,20.47,20.56,20.28,20.53,317,20,0,MT5_PY_API_UNIX_SECONDS,UNRESOLVED_REQUIRES_MANUAL_BINDING
1777389900,1777390200,VIX,VIX,M5,Bid,20.52,20.53,20.51,20.52,30,20,0,MT5_PY_API_UNIX_SECONDS,UNRESOLVED_REQUIRES_MANUAL_BINDING
1777390200,1777390500,VIX,VIX,M5,Bid,20.52,20.57,20.47,20.48,77,20,0,MT5_PY_API_UNIX_SECONDS,UNRESOLVED_REQUIRES_MANUAL_BINDING
1777390500,1777390800,VIX,VIX,M5,Bid,20.48,20.48,20.43,20.43,71,20,0,MT5_PY_API_UNIX_SECONDS,UNRESOLVED_REQUIRES_MANUAL_BINDING
1777390800,1777391100,VIX,VIX,M5,Bid,20.43,20.47,20.41,20.43,79,20,0,MT5_PY_API_UNIX_SECONDS,UNRESOLVED_REQUIRES_MANUAL_BINDING
1777391100,1777391400,VIX,VIX,M5,Bid,20.42,20.43,20.38,20.38,48,20,0,MT5_PY_API_UNIX_SECONDS,UNRESOLVED_REQUIRES_MANUAL_BINDING
1777391400,1777391700,VIX,VIX,M5,Bid,20.38,20.38,20.28,20.32,44,20,0,MT5_PY_API_UNIX_SECONDS,UNRESOLVED_REQUIRES_MANUAL_BINDING
1777391700,1777392000,VIX,VIX,M5,Bid,20.32,20.33,20.27,20.28,32,20,0,MT5_PY_API_UNIX_SECONDS,UNRESOLVED_REQUIRES_MANUAL_BINDING
1777392000,1777392300,VIX,VIX,M5,Bid,20.29,20.33,20.28,20.33,42,20,0,MT5_PY_API_UNIX_SECONDS,UNRESOLVED_REQUIRES_MANUAL_BINDING
1777392300,1777392600,VIX,VIX,M5,Bid,20.36,20.41,20.36,20.38,25,20,0,MT5_PY_API_UNIX_SECONDS,UNRESOLVED_REQUIRES_MANUAL_BINDING
1777392600,1777392900,VIX,VIX,M5,Bid,20.38,20.42,20.37,20.42,36,20,0,MT5_PY_API_UNIX_SECONDS,UNRESOLVED_REQUIRES_MANUAL_BINDING
1777392900,1777393200,VIX,VIX,M5,Bid,20.43,20.43,20.37,20.42,67,20,0,MT5_PY_API_UNIX_SECONDS,UNRESOLVED_REQUIRES_MANUAL_BINDING
1777393200,1777393500,VIX,VIX,M5,Bid,20.42,20.42,20.36,20.37,37,20,0,MT5_PY_API_UNIX_SECONDS,UNRESOLVED_REQUIRES_MANUAL_BINDING
1777393500,1777393800,VIX,VIX,M5,Bid,20.37,20.38,20.27,20.36,115,20,0,MT5_PY_API_UNIX_SECONDS,UNRESOLVED_REQUIRES_MANUAL_BINDING
1777393800,1777394100,VIX,VIX,M5,Bid,20.37,20.42,20.31,20.32,317,20,0,MT5_PY_API_UNIX_SECONDS,UNRESOLVED_REQUIRES_MANUAL_BINDING
1777394100,1777394400,VIX,VIX,M5,Bid,20.33,20.37,20.28,20.33,106,20,0,MT5_PY_API_UNIX_SECONDS,UNRESOLVED_REQUIRES_MANUAL_BINDING
1777394400,1777394700,VIX,VIX,M5,Bid,20.33,20.38,20.27,20.32,141,20,0,MT5_PY_API_UNIX_SECONDS,UNRESOLVED_REQUIRES_MANUAL_BINDING
1777394700,1777395000,VIX,VIX,M5,Bid,20.31,20.33,20.27,20.28,95,20,0,MT5_PY_API_UNIX_SECONDS,UNRESOLVED_REQUIRES_MANUAL_BINDING
1777395000,1777395300,VIX,VIX,M5,Bid,20.31,20.38,20.27,20.37,131,20,0,MT5_PY_API_UNIX_SECONDS,UNRESOLVED_REQUIRES_MANUAL_BINDING
1777395300,1777395600,VIX,VIX,M5,Bid,20.38,20.43,20.3,20.32,105,20,0,MT5_PY_API_UNIX_SECONDS,UNRESOLVED_REQUIRES_MANUAL_BINDING
1777395600,1777395900,VIX,VIX,M5,Bid,20.33,20.37,20.28,20.32,161,20,0,MT5_PY_API_UNIX_SECONDS,UNRESOLVED_REQUIRES_MANUAL_BINDING
1777395900,1777396200,VIX,VIX,M5,Bid,20.32,20.32,20.18,20.22,44,20,0,MT5_PY_API_UNIX_SECONDS,UNRESOLVED_REQUIRES_MANUAL_BINDING
1777396200,1777396500,VIX,VIX,M5,Bid,20.23,20.26,20.22,20.23,76,20,0,MT5_PY_API_UNIX_SECONDS,UNRESOLVED_REQUIRES_MANUAL_BINDING
1777396500,1777396800,VIX,VIX,M5,Bid,20.22,20.27,20.17,20.18,62,20,0,MT5_PY_API_UNIX_SECONDS,UNRESOLVED_REQUIRES_MANUAL_BINDING
1777396800,1777397100,VIX,VIX,M5,Bid,20.17,20.18,20.12,20.13,108,20,0,MT5_PY_API_UNIX_SECONDS,UNRESOLVED_REQUIRES_MANUAL_BINDING
1777397100,1777397400,VIX,VIX,M5,Bid,20.13,20.13,20.07,20.11,98,20,0,MT5_PY_API_UNIX_SECONDS,UNRESOLVED_REQUIRES_MANUAL_BINDING
1777397400,1777397700,VIX,VIX,M5,Bid,20.12,20.13,20.07,20.13,113,20,0,MT5_PY_API_UNIX_SECONDS,UNRESOLVED_REQUIRES_MANUAL_BINDING
1777397700,1777398000,VIX,VIX,M5,Bid,20.16,20.28,20.13,20.27,173,20,0,MT5_PY_API_UNIX_SECONDS,UNRESOLVED_REQUIRES_MANUAL_BINDING
1777398000,1777398300,VIX,VIX,M5,Bid,20.28,20.28,20.16,20.17,174,20,0,MT5_PY_API_UNIX_SECONDS,UNRESOLVED_REQUIRES_MANUAL_BINDING
1777398300,1777398600,VIX,VIX,M5,Bid,20.17,20.23,20.12,20.18,178,20,0,MT5_PY_API_UNIX_SECONDS,UNRESOLVED_REQUIRES_MANUAL_BINDING
1777398600,1777398900,VIX,VIX,M5,Bid,20.19,20.31,20.18,20.23,251,20,0,MT5_PY_API_UNIX_SECONDS,UNRESOLVED_REQUIRES_MANUAL_BINDING
1777398900,1777399200,VIX,VIX,M5,Bid,20.24,20.27,20.08,20.08,250,20,0,MT5_PY_API_UNIX_SECONDS,UNRESOLVED_REQUIRES_MANUAL_BINDING
1777399200,1777399500,VIX,VIX,M5,Bid,20.07,20.08,20.02,20.07,110,20,0,MT5_PY_API_UNIX_SECONDS,UNRESOLVED_REQUIRES_MANUAL_BINDING
1777399500,1777399800,VIX,VIX,M5,Bid,20.06,20.16,20.03,20.13,115,20,0,MT5_PY_API_UNIX_SECONDS,UNRESOLVED_REQUIRES_MANUAL_BINDING
1777399800,1777400100,VIX,VIX,M5,Bid,20.13,20.13,20.07,20.08,104,20,0,MT5_PY_API_UNIX_SECONDS,UNRESOLVED_REQUIRES_MANUAL_BINDING
1777400100,1777400400,VIX,VIX,M5,Bid,20.09,20.12,20.07,20.07,32,20,0,MT5_PY_API_UNIX_SECONDS,UNRESOLVED_REQUIRES_MANUAL_BINDING
1777400400,1777400700,VIX,VIX,M5,Bid,20.08,20.12,20.08,20.11,105,20,0,MT5_PY_API_UNIX_SECONDS,UNRESOLVED_REQUIRES_MANUAL_BINDING
1777400700,1777401000,VIX,VIX,M5,Bid,20.12,20.17,20.09,20.13,85,20,0,MT5_PY_API_UNIX_SECONDS,UNRESOLVED_REQUIRES_MANUAL_BINDING
1777401000,1777401300,VIX,VIX,M5,Bid,20.13,20.22,20.13,20.18,118,20,0,MT5_PY_API_UNIX_SECONDS,UNRESOLVED_REQUIRES_MANUAL_BINDING
1777401300,1777401600,VIX,VIX,M5,Bid,20.21,20.22,20.11,20.13,74,20,0,MT5_PY_API_UNIX_SECONDS,UNRESOLVED_REQUIRES_MANUAL_BINDING
1777401600,1777401900,VIX,VIX,M5,Bid,20.15,20.18,20.12,20.17,118,20,0,MT5_PY_API_UNIX_SECONDS,UNRESOLVED_REQUIRES_MANUAL_BINDING
1777401900,1777402200,VIX,VIX,M5,Bid,20.18,20.26,20.15,20.26,66,20,0,MT5_PY_API_UNIX_SECONDS,UNRESOLVED_REQUIRES_MANUAL_BINDING
1777402200,1777402500,VIX,VIX,M5,Bid,20.25,20.26,20.21,20.22,90,20,0,MT5_PY_API_UNIX_SECONDS,UNRESOLVED_REQUIRES_MANUAL_BINDING
1777402500,1777402800,VIX,VIX,M5,Bid,20.23,20.26,20.21,20.22,38,20,0,MT5_PY_API_UNIX_SECONDS,UNRESOLVED_REQUIRES_MANUAL_BINDING
1777402800,1777403100,VIX,VIX,M5,Bid,20.22,20.23,20.17,20.18,64,20,0,MT5_PY_API_UNIX_SECONDS,UNRESOLVED_REQUIRES_MANUAL_BINDING
1777403100,1777403400,VIX,VIX,M5,Bid,20.17,20.21,20.16,20.18,93,20,0,MT5_PY_API_UNIX_SECONDS,UNRESOLVED_REQUIRES_MANUAL_BINDING
1777403400,1777403700,VIX,VIX,M5,Bid,20.18,20.21,20.13,20.13,101,20,0,MT5_PY_API_UNIX_SECONDS,UNRESOLVED_REQUIRES_MANUAL_BINDING
1777403700,1777404000,VIX,VIX,M5,Bid,20.15,20.21,20.13,20.13,138,20,0,MT5_PY_API_UNIX_SECONDS,UNRESOLVED_REQUIRES_MANUAL_BINDING
1777404000,1777404300,VIX,VIX,M5,Bid,20.13,20.16,20.12,20.13,12,20,0,MT5_PY_API_UNIX_SECONDS,UNRESOLVED_REQUIRES_MANUAL_BINDING
1777404300,1777404600,VIX,VIX,M5,Bid,20.12,20.18,20.12,20.16,46,20,0,MT5_PY_API_UNIX_SECONDS,UNRESOLVED_REQUIRES_MANUAL_BINDING
1777404600,1777404900,VIX,VIX,M5,Bid,20.17,20.18,20.13,20.18,66,20,0,MT5_PY_API_UNIX_SECONDS,UNRESOLVED_REQUIRES_MANUAL_BINDING
1777404900,1777405200,VIX,VIX,M5,Bid,20.21,20.23,20.18,20.22,53,20,0,MT5_PY_API_UNIX_SECONDS,UNRESOLVED_REQUIRES_MANUAL_BINDING
1777405200,1777405500,VIX,VIX,M5,Bid,20.22,20.23,20.21,20.22,48,20,0,MT5_PY_API_UNIX_SECONDS,UNRESOLVED_REQUIRES_MANUAL_BINDING
1777405500,1777405800,VIX,VIX,M5,Bid,20.23,20.23,20.16,20.16,43,20,0,MT5_PY_API_UNIX_SECONDS,UNRESOLVED_REQUIRES_MANUAL_BINDING
1777405800,1777406100,VIX,VIX,M5,Bid,20.15,20.18,20.07,20.08,89,20,0,MT5_PY_API_UNIX_SECONDS,UNRESOLVED_REQUIRES_MANUAL_BINDING
1777406100,1777406400,VIX,VIX,M5,Bid,20.07,20.12,20.07,20.11,38,20,0,MT5_PY_API_UNIX_SECONDS,UNRESOLVED_REQUIRES_MANUAL_BINDING
1777406400,1777406700,VIX,VIX,M5,Bid,20.12,20.13,20.07,20.13,76,20,0,MT5_PY_API_UNIX_SECONDS,UNRESOLVED_REQUIRES_MANUAL_BINDING
1777406700,1777407000,VIX,VIX,M5,Bid,20.12,20.16,20.08,20.08,65,20,0,MT5_PY_API_UNIX_SECONDS,UNRESOLVED_REQUIRES_MANUAL_BINDING
1777407000,1777407300,VIX,VIX,M5,Bid,20.1,20.12,20.07,20.12,64,20,0,MT5_PY_API_UNIX_SECONDS,UNRESOLVED_REQUIRES_MANUAL_BINDING
1777407300,1777407600,VIX,VIX,M5,Bid,20.11,20.17,20.11,20.16,94,20,0,MT5_PY_API_UNIX_SECONDS,UNRESOLVED_REQUIRES_MANUAL_BINDING
1777407600,1777407900,VIX,VIX,M5,Bid,20.13,20.16,20.12,20.12,54,20,0,MT5_PY_API_UNIX_SECONDS,UNRESOLVED_REQUIRES_MANUAL_BINDING
1777407900,1777408200,VIX,VIX,M5,Bid,20.12,20.12,20.08,20.12,23,20,0,MT5_PY_API_UNIX_SECONDS,UNRESOLVED_REQUIRES_MANUAL_BINDING
1777408200,1777408500,VIX,VIX,M5,Bid,20.12,20.12,20.07,20.07,21,20,0,MT5_PY_API_UNIX_SECONDS,UNRESOLVED_REQUIRES_MANUAL_BINDING
1777408500,1777408800,VIX,VIX,M5,Bid,20.06,20.07,20.02,20.03,39,20,0,MT5_PY_API_UNIX_SECONDS,UNRESOLVED_REQUIRES_MANUAL_BINDING
1777408800,1777409100,VIX,VIX,M5,Bid,20.03,20.07,20.02,20.03,41,20,0,MT5_PY_API_UNIX_SECONDS,UNRESOLVED_REQUIRES_MANUAL_BINDING
1777409100,1777409400,VIX,VIX,M5,Bid,20.03,20.03,20.02,20.02,4,20,0,MT5_PY_API_UNIX_SECONDS,UNRESOLVED_REQUIRES_MANUAL_BINDING
1777409400,1777409700,VIX,VIX,M5,Bid,20.03,20.03,19.98,20.02,11,20,0,MT5_PY_API_UNIX_SECONDS,UNRESOLVED_REQUIRES_MANUAL_BINDING
1777409700,1777410000,VIX,VIX,M5,Bid,20.01,20.02,19.97,19.98,11,20,0,MT5_PY_API_UNIX_SECONDS,UNRESOLVED_REQUIRES_MANUAL_BINDING
1777410000,1777410300,VIX,VIX,M5,Bid,19.98,20.02,19.97,20.01,22,20,0,MT5_PY_API_UNIX_SECONDS,UNRESOLVED_REQUIRES_MANUAL_BINDING
1777410300,1777410600,VIX,VIX,M5,Bid,20.02,20.02,19.98,19.98,42,20,0,MT5_PY_API_UNIX_SECONDS,UNRESOLVED_REQUIRES_MANUAL_BINDING
1777410600,1777410900,VIX,VIX,M5,Bid,20.01,20.02,20.01,20.02,36,20,0,MT5_PY_API_UNIX_SECONDS,UNRESOLVED_REQUIRES_MANUAL_BINDING
1777410900,1777411200,VIX,VIX,M5,Bid,20.01,20.02,19.97,19.97,21,20,0,MT5_PY_API_UNIX_SECONDS,UNRESOLVED_REQUIRES_MANUAL_BINDING
1777411200,1777411500,VIX,VIX,M5,Bid,19.98,20.01,19.93,19.98,59,20,0,MT5_PY_API_UNIX_SECONDS,UNRESOLVED_REQUIRES_MANUAL_BINDING
1777411500,1777411800,VIX,VIX,M5,Bid,19.98,19.98,19.97,19.98,19,20,0,MT5_PY_API_UNIX_SECONDS,UNRESOLVED_REQUIRES_MANUAL_BINDING
1777411800,1777412100,VIX,VIX,M5,Bid,19.97,20.01,19.97,19.97,18,20,0,MT5_PY_API_UNIX_SECONDS,UNRESOLVED_REQUIRES_MANUAL_BINDING
1777412100,1777412400,VIX,VIX,M5,Bid,19.98,19.98,19.97,19.97,8,20,0,MT5_PY_API_UNIX_SECONDS,UNRESOLVED_REQUIRES_MANUAL_BINDING
1777412400,1777412700,VIX,VIX,M5,Bid,19.97,19.97,19.96,19.96,12,20,0,MT5_PY_API_UNIX_SECONDS,UNRESOLVED_REQUIRES_MANUAL_BINDING
1777412700,1777413000,VIX,VIX,M5,Bid,19.97,19.97,19.96,19.96,24,20,0,MT5_PY_API_UNIX_SECONDS,UNRESOLVED_REQUIRES_MANUAL_BINDING
1777413000,1777413300,VIX,VIX,M5,Bid,19.97,19.97,19.92,19.92,16,20,0,MT5_PY_API_UNIX_SECONDS,UNRESOLVED_REQUIRES_MANUAL_BINDING
1777413300,1777413600,VIX,VIX,M5,Bid,19.93,19.93,19.92,19.92,12,20,0,MT5_PY_API_UNIX_SECONDS,UNRESOLVED_REQUIRES_MANUAL_BINDING
1777413600,1777413900,VIX,VIX,M5,Bid,19.93,19.93,19.92,19.92,2,20,0,MT5_PY_API_UNIX_SECONDS,UNRESOLVED_REQUIRES_MANUAL_BINDING
1777413900,1777414200,VIX,VIX,M5,Bid,19.91,19.91,19.87,19.88,20,20,0,MT5_PY_API_UNIX_SECONDS,UNRESOLVED_REQUIRES_MANUAL_BINDING
1777414200,1777414500,VIX,VIX,M5,Bid,19.91,19.92,19.87,19.92,25,20,0,MT5_PY_API_UNIX_SECONDS,UNRESOLVED_REQUIRES_MANUAL_BINDING
1777414500,1777414800,VIX,VIX,M5,Bid,19.92,19.92,19.91,19.92,9,20,0,MT5_PY_API_UNIX_SECONDS,UNRESOLVED_REQUIRES_MANUAL_BINDING
1777414800,1777415100,VIX,VIX,M5,Bid,19.92,19.92,19.87,19.91,15,20,0,MT5_PY_API_UNIX_SECONDS,UNRESOLVED_REQUIRES_MANUAL_BINDING
1777415100,1777415400,VIX,VIX,M5,Bid,19.92,19.92,19.91,19.92,6,20,0,MT5_PY_API_UNIX_SECONDS,UNRESOLVED_REQUIRES_MANUAL_BINDING
1777415400,1777415700,VIX,VIX,M5,Bid,19.92,19.92,19.88,19.92,30,20,0,MT5_PY_API_UNIX_SECONDS,UNRESOLVED_REQUIRES_MANUAL_BINDING
1777415700,1777416000,VIX,VIX,M5,Bid,19.92,19.92,19.87,19.87,14,20,0,MT5_PY_API_UNIX_SECONDS,UNRESOLVED_REQUIRES_MANUAL_BINDING
1777416000,1777416300,VIX,VIX,M5,Bid,19.83,19.86,19.83,19.83,5,21,0,MT5_PY_API_UNIX_SECONDS,UNRESOLVED_REQUIRES_MANUAL_BINDING
1777416300,1777416600,VIX,VIX,M5,Bid,19.83,19.83,19.76,19.77,10,20,0,MT5_PY_API_UNIX_SECONDS,UNRESOLVED_REQUIRES_MANUAL_BINDING
1777416600,1777416900,VIX,VIX,M5,Bid,19.77,19.77,19.67,19.68,21,20,0,MT5_PY_API_UNIX_SECONDS,UNRESOLVED_REQUIRES_MANUAL_BINDING
1777416900,1777417200,VIX,VIX,M5,Bid,19.68,19.68,19.62,19.63,14,20,0,MT5_PY_API_UNIX_SECONDS,UNRESOLVED_REQUIRES_MANUAL_BINDING
1777417200,1777417500,VIX,VIX,M5,Bid,19.63,19.67,19.62,19.63,8,20,0,MT5_PY_API_UNIX_SECONDS,UNRESOLVED_REQUIRES_MANUAL_BINDING
1777417500,1777417800,VIX,VIX,M5,Bid,19.62,19.63,19.61,19.62,9,20,0,MT5_PY_API_UNIX_SECONDS,UNRESOLVED_REQUIRES_MANUAL_BINDING
1777417800,1777418100,VIX,VIX,M5,Bid,19.62,19.62,19.57,19.62,9,20,0,MT5_PY_API_UNIX_SECONDS,UNRESOLVED_REQUIRES_MANUAL_BINDING
1777419000,1777419300,VIX,VIX,M5,Bid,19.62,19.62,19.62,19.62,1,21,0,MT5_PY_API_UNIX_SECONDS,UNRESOLVED_REQUIRES_MANUAL_BINDING
1777419900,1777420200,VIX,VIX,M5,Bid,19.62,19.62,19.62,19.62,1,21,0,MT5_PY_API_UNIX_SECONDS,UNRESOLVED_REQUIRES_MANUAL_BINDING
1777420200,1777420500,VIX,VIX,M5,Bid,19.62,19.62,19.62,19.62,2,20,0,MT5_PY_API_UNIX_SECONDS,UNRESOLVED_REQUIRES_MANUAL_BINDING
1777420500,1777420800,VIX,VIX,M5,Bid,19.62,19.62,19.61,19.61,7,20,0,MT5_PY_API_UNIX_SECONDS,UNRESOLVED_REQUIRES_MANUAL_BINDING
1777424400,1777424700,VIX,VIX,M5,Bid,19.67,19.67,19.57,19.59,29,20,0,MT5_PY_API_UNIX_SECONDS,UNRESOLVED_REQUIRES_MANUAL_BINDING
1777424700,1777425000,VIX,VIX,M5,Bid,19.6,19.61,19.59,19.61,18,21,0,MT5_PY_API_UNIX_SECONDS,UNRESOLVED_REQUIRES_MANUAL_BINDING
1777425000,1777425300,VIX,VIX,M5,Bid,19.62,19.62,19.61,19.62,7,20,0,MT5_PY_API_UNIX_SECONDS,UNRESOLVED_REQUIRES_MANUAL_BINDING
1777425300,1777425600,VIX,VIX,M5,Bid,19.61,19.62,19.61,19.62,14,20,0,MT5_PY_API_UNIX_SECONDS,UNRESOLVED_REQUIRES_MANUAL_BINDING
1777425600,1777425900,VIX,VIX,M5,Bid,19.63,19.63,19.63,19.63,1,21,0,MT5_PY_API_UNIX_SECONDS,UNRESOLVED_REQUIRES_MANUAL_BINDING
1777426200,1777426500,VIX,VIX,M5,Bid,19.62,19.63,19.62,19.63,6,21,0,MT5_PY_API_UNIX_SECONDS,UNRESOLVED_REQUIRES_MANUAL_BINDING
1777426500,1777426800,VIX,VIX,M5,Bid,19.62,19.63,19.62,19.63,10,21,0,MT5_PY_API_UNIX_SECONDS,UNRESOLVED_REQUIRES_MANUAL_BINDING
1777426800,1777427100,VIX,VIX,M5,Bid,19.62,19.62,19.62,19.62,1,21,0,MT5_PY_API_UNIX_SECONDS,UNRESOLVED_REQUIRES_MANUAL_BINDING
1777428300,1777428600,VIX,VIX,M5,Bid,19.63,19.63,19.63,19.63,1,21,0,MT5_PY_API_UNIX_SECONDS,UNRESOLVED_REQUIRES_MANUAL_BINDING
1777428600,1777428900,VIX,VIX,M5,Bid,19.62,19.62,19.62,19.62,1,21,0,MT5_PY_API_UNIX_SECONDS,UNRESOLVED_REQUIRES_MANUAL_BINDING
1777429500,1777429800,VIX,VIX,M5,Bid,19.61,19.61,19.61,19.61,1,21,0,MT5_PY_API_UNIX_SECONDS,UNRESOLVED_REQUIRES_MANUAL_BINDING
1777429800,1777430100,VIX,VIX,M5,Bid,19.6,19.61,19.58,19.58,4,20,0,MT5_PY_API_UNIX_SECONDS,UNRESOLVED_REQUIRES_MANUAL_BINDING
1777430100,1777430400,VIX,VIX,M5,Bid,19.57,19.58,19.57,19.58,2,21,0,MT5_PY_API_UNIX_SECONDS,UNRESOLVED_REQUIRES_MANUAL_BINDING
1777430400,1777430700,VIX,VIX,M5,Bid,19.57,19.58,19.57,19.58,2,21,0,MT5_PY_API_UNIX_SECONDS,UNRESOLVED_REQUIRES_MANUAL_BINDING
1777430700,1777431000,VIX,VIX,M5,Bid,19.59,19.61,19.57,19.58,4,20,0,MT5_PY_API_UNIX_SECONDS,UNRESOLVED_REQUIRES_MANUAL_BINDING
1777431000,1777431300,VIX,VIX,M5,Bid,19.57,19.58,19.57,19.57,3,20,0,MT5_PY_API_UNIX_SECONDS,UNRESOLVED_REQUIRES_MANUAL_BINDING
1777431600,1777431900,VIX,VIX,M5,Bid,19.57,19.57,19.5,19.51,15,20,0,MT5_PY_API_UNIX_SECONDS,UNRESOLVED_REQUIRES_MANUAL_BINDING
1777431900,1777432200,VIX,VIX,M5,Bid,19.5,19.5,19.46,19.47,7,20,0,MT5_PY_API_UNIX_SECONDS,UNRESOLVED_REQUIRES_MANUAL_BINDING
1777432200,1777432500,VIX,VIX,M5,Bid,19.46,19.47,19.43,19.43,13,20,0,MT5_PY_API_UNIX_SECONDS,UNRESOLVED_REQUIRES_MANUAL_BINDING
1777432500,1777432800,VIX,VIX,M5,Bid,19.43,19.47,19.43,19.46,13,20,0,MT5_PY_API_UNIX_SECONDS,UNRESOLVED_REQUIRES_MANUAL_BINDING
1777432800,1777433100,VIX,VIX,M5,Bid,19.45,19.46,19.43,19.43,12,21,0,MT5_PY_API_UNIX_SECONDS,UNRESOLVED_REQUIRES_MANUAL_BINDING
1777433100,1777433400,VIX,VIX,M5,Bid,19.45,19.46,19.43,19.46,9,21,0,MT5_PY_API_UNIX_SECONDS,UNRESOLVED_REQUIRES_MANUAL_BINDING
1777433400,1777433700,VIX,VIX,M5,Bid,19.45,19.47,19.43,19.46,14,20,0,MT5_PY_API_UNIX_SECONDS,UNRESOLVED_REQUIRES_MANUAL_BINDING
1777433700,1777434000,VIX,VIX,M5,Bid,19.47,19.47,19.46,19.47,25,20,0,MT5_PY_API_UNIX_SECONDS,UNRESOLVED_REQUIRES_MANUAL_BINDING
1777434000,1777434300,VIX,VIX,M5,Bid,19.46,19.47,19.46,19.46,29,21,0,MT5_PY_API_UNIX_SECONDS,UNRESOLVED_REQUIRES_MANUAL_BINDING
1777434300,1777434600,VIX,VIX,M5,Bid,19.47,19.47,19.46,19.46,7,20,0,MT5_PY_API_UNIX_SECONDS,UNRESOLVED_REQUIRES_MANUAL_BINDING
1777434600,1777434900,VIX,VIX,M5,Bid,19.47,19.47,19.46,19.47,11,20,0,MT5_PY_API_UNIX_SECONDS,UNRESOLVED_REQUIRES_MANUAL_BINDING
1777434900,1777435200,VIX,VIX,M5,Bid,19.46,19.47,19.46,19.47,6,21,0,MT5_PY_API_UNIX_SECONDS,UNRESOLVED_REQUIRES_MANUAL_BINDING
1777435200,1777435500,VIX,VIX,M5,Bid,19.52,19.53,19.48,19.53,8,20,0,MT5_PY_API_UNIX_SECONDS,UNRESOLVED_REQUIRES_MANUAL_BINDING
1777435500,1777435800,VIX,VIX,M5,Bid,19.54,19.65,19.54,19.62,28,20,0,MT5_PY_API_UNIX_SECONDS,UNRESOLVED_REQUIRES_MANUAL_BINDING
1777435800,1777436100,VIX,VIX,M5,Bid,19.61,19.61,19.56,19.56,25,20,0,MT5_PY_API_UNIX_SECONDS,UNRESOLVED_REQUIRES_MANUAL_BINDING
1777436100,1777436400,VIX,VIX,M5,Bid,19.53,19.58,19.53,19.56,21,20,0,MT5_PY_API_UNIX_SECONDS,UNRESOLVED_REQUIRES_MANUAL_BINDING
1777436400,1777436700,VIX,VIX,M5,Bid,19.55,19.58,19.53,19.57,42,20,0,MT5_PY_API_UNIX_SECONDS,UNRESOLVED_REQUIRES_MANUAL_BINDING
1777436700,1777437000,VIX,VIX,M5,Bid,19.57,19.58,19.56,19.58,26,20,0,MT5_PY_API_UNIX_SECONDS,UNRESOLVED_REQUIRES_MANUAL_BINDING
1777437000,1777437300,VIX,VIX,M5,Bid,19.57,19.58,19.56,19.58,30,20,0,MT5_PY_API_UNIX_SECONDS,UNRESOLVED_REQUIRES_MANUAL_BINDING
1777437300,1777437600,VIX,VIX,M5,Bid,19.57,19.58,19.53,19.58,92,20,0,MT5_PY_API_UNIX_SECONDS,UNRESOLVED_REQUIRES_MANUAL_BINDING
1777437600,1777437900,VIX,VIX,M5,Bid,19.57,19.58,19.54,19.56,8,21,0,MT5_PY_API_UNIX_SECONDS,UNRESOLVED_REQUIRES_MANUAL_BINDING
1777437900,1777438200,VIX,VIX,M5,Bid,19.54,19.58,19.54,19.58,9,20,0,MT5_PY_API_UNIX_SECONDS,UNRESOLVED_REQUIRES_MANUAL_BINDING
1777438200,1777438500,VIX,VIX,M5,Bid,19.59,19.62,19.58,19.62,32,20,0,MT5_PY_API_UNIX_SECONDS,UNRESOLVED_REQUIRES_MANUAL_BINDING
1777438800,1777439100,VIX,VIX,M5,Bid,19.61,19.61,19.52,19.53,10,20,0,MT5_PY_API_UNIX_SECONDS,UNRESOLVED_REQUIRES_MANUAL_BINDING
1777439100,1777439400,VIX,VIX,M5,Bid,19.54,19.56,19.52,19.52,32,20,0,MT5_PY_API_UNIX_SECONDS,UNRESOLVED_REQUIRES_MANUAL_BINDING
1777439400,1777439700,VIX,VIX,M5,Bid,19.53,19.53,19.52,19.53,19,21,0,MT5_PY_API_UNIX_SECONDS,UNRESOLVED_REQUIRES_MANUAL_BINDING
1777439700,1777440000,VIX,VIX,M5,Bid,19.52,19.53,19.51,19.51,15,20,0,MT5_PY_API_UNIX_SECONDS,UNRESOLVED_REQUIRES_MANUAL_BINDING
1777440000,1777440300,VIX,VIX,M5,Bid,19.52,19.53,19.52,19.53,10,20,0,MT5_PY_API_UNIX_SECONDS,UNRESOLVED_REQUIRES_MANUAL_BINDING
1777440300,1777440600,VIX,VIX,M5,Bid,19.52,19.53,19.52,19.53,8,21,0,MT5_PY_API_UNIX_SECONDS,UNRESOLVED_REQUIRES_MANUAL_BINDING
1777440600,1777440900,VIX,VIX,M5,Bid,19.54,19.54,19.52,19.53,27,20,0,MT5_PY_API_UNIX_SECONDS,UNRESOLVED_REQUIRES_MANUAL_BINDING
1777440900,1777441200,VIX,VIX,M5,Bid,19.53,19.53,19.53,19.53,4,20,0,MT5_PY_API_UNIX_SECONDS,UNRESOLVED_REQUIRES_MANUAL_BINDING
1777441200,1777441500,VIX,VIX,M5,Bid,19.53,19.53,19.52,19.52,5,20,0,MT5_PY_API_UNIX_SECONDS,UNRESOLVED_REQUIRES_MANUAL_BINDING
1777442100,1777442400,VIX,VIX,M5,Bid,19.53,19.53,19.52,19.52,86,20,0,MT5_PY_API_UNIX_SECONDS,UNRESOLVED_REQUIRES_MANUAL_BINDING
1777442400,1777442700,VIX,VIX,M5,Bid,19.53,19.53,19.52,19.52,22,20,0,MT5_PY_API_UNIX_SECONDS,UNRESOLVED_REQUIRES_MANUAL_BINDING
1777443000,1777443300,VIX,VIX,M5,Bid,19.51,19.52,19.51,19.52,28,20,0,MT5_PY_API_UNIX_SECONDS,UNRESOLVED_REQUIRES_MANUAL_BINDING
1777443300,1777443600,VIX,VIX,M5,Bid,19.53,19.53,19.52,19.53,3,21,0,MT5_PY_API_UNIX_SECONDS,UNRESOLVED_REQUIRES_MANUAL_BINDING
1777443600,1777443900,VIX,VIX,M5,Bid,19.53,19.53,19.52,19.52,6,20,0,MT5_PY_API_UNIX_SECONDS,UNRESOLVED_REQUIRES_MANUAL_BINDING
1777444500,1777444800,VIX,VIX,M5,Bid,19.52,19.52,19.52,19.52,1,20,0,MT5_PY_API_UNIX_SECONDS,UNRESOLVED_REQUIRES_MANUAL_BINDING
1777444800,1777445100,VIX,VIX,M5,Bid,19.52,19.52,19.52,19.52,2,20,0,MT5_PY_API_UNIX_SECONDS,UNRESOLVED_REQUIRES_MANUAL_BINDING
1777446000,1777446300,VIX,VIX,M5,Bid,19.52,19.52,19.52,19.52,2,20,0,MT5_PY_API_UNIX_SECONDS,UNRESOLVED_REQUIRES_MANUAL_BINDING
1777446600,1777446900,VIX,VIX,M5,Bid,19.52,19.52,19.51,19.52,6,20,0,MT5_PY_API_UNIX_SECONDS,UNRESOLVED_REQUIRES_MANUAL_BINDING
1777446900,1777447200,VIX,VIX,M5,Bid,19.52,19.52,19.51,19.52,7,20,0,MT5_PY_API_UNIX_SECONDS,UNRESOLVED_REQUIRES_MANUAL_BINDING
1777447200,1777447500,VIX,VIX,M5,Bid,19.52,19.52,19.52,19.52,1,21,0,MT5_PY_API_UNIX_SECONDS,UNRESOLVED_REQUIRES_MANUAL_BINDING
1777447500,1777447800,VIX,VIX,M5,Bid,19.52,19.52,19.51,19.51,3,20,0,MT5_PY_API_UNIX_SECONDS,UNRESOLVED_REQUIRES_MANUAL_BINDING
1777447800,1777448100,VIX,VIX,M5,Bid,19.48,19.48,19.47,19.47,2,21,0,MT5_PY_API_UNIX_SECONDS,UNRESOLVED_REQUIRES_MANUAL_BINDING
1777448700,1777449000,VIX,VIX,M5,Bid,19.48,19.48,19.47,19.47,2,21,0,MT5_PY_API_UNIX_SECONDS,UNRESOLVED_REQUIRES_MANUAL_BINDING
1777449000,1777449300,VIX,VIX,M5,Bid,19.48,19.48,19.47,19.47,2,20,0,MT5_PY_API_UNIX_SECONDS,UNRESOLVED_REQUIRES_MANUAL_BINDING
1777449300,1777449600,VIX,VIX,M5,Bid,19.48,19.48,19.47,19.47,12,20,0,MT5_PY_API_UNIX_SECONDS,UNRESOLVED_REQUIRES_MANUAL_BINDING
1777449600,1777449900,VIX,VIX,M5,Bid,19.48,19.49,19.47,19.47,6,20,0,MT5_PY_API_UNIX_SECONDS,UNRESOLVED_REQUIRES_MANUAL_BINDING
1777449900,1777450200,VIX,VIX,M5,Bid,19.48,19.48,19.47,19.48,9,21,0,MT5_PY_API_UNIX_SECONDS,UNRESOLVED_REQUIRES_MANUAL_BINDING
1777450200,1777450500,VIX,VIX,M5,Bid,19.49,19.52,19.48,19.52,7,20,0,MT5_PY_API_UNIX_SECONDS,UNRESOLVED_REQUIRES_MANUAL_BINDING
1777450500,1777450800,VIX,VIX,M5,Bid,19.51,19.52,19.51,19.52,6,21,0,MT5_PY_API_UNIX_SECONDS,UNRESOLVED_REQUIRES_MANUAL_BINDING
1777451100,1777451400,VIX,VIX,M5,Bid,19.52,19.52,19.51,19.52,6,20,0,MT5_PY_API_UNIX_SECONDS,UNRESOLVED_REQUIRES_MANUAL_BINDING
1777451400,1777451700,VIX,VIX,M5,Bid,19.52,19.52,19.51,19.52,29,20,0,MT5_PY_API_UNIX_SECONDS,UNRESOLVED_REQUIRES_MANUAL_BINDING
1777452000,1777452300,VIX,VIX,M5,Bid,19.51,19.51,19.47,19.47,3,21,0,MT5_PY_API_UNIX_SECONDS,UNRESOLVED_REQUIRES_MANUAL_BINDING
1777452300,1777452600,VIX,VIX,M5,Bid,19.48,19.48,19.47,19.47,2,20,0,MT5_PY_API_UNIX_SECONDS,UNRESOLVED_REQUIRES_MANUAL_BINDING
1777452900,1777453200,VIX,VIX,M5,Bid,19.48,19.51,19.47,19.51,22,20,0,MT5_PY_API_UNIX_SECONDS,UNRESOLVED_REQUIRES_MANUAL_BINDING
1777453200,1777453500,VIX,VIX,M5,Bid,19.5,19.5,19.46,19.47,11,20,0,MT5_PY_API_UNIX_SECONDS,UNRESOLVED_REQUIRES_MANUAL_BINDING
1777453500,1777453800,VIX,VIX,M5,Bid,19.48,19.48,19.47,19.48,6,20,0,MT5_PY_API_UNIX_SECONDS,UNRESOLVED_REQUIRES_MANUAL_BINDING
1777453800,1777454100,VIX,VIX,M5,Bid,19.51,19.52,19.51,19.52,2,21,0,MT5_PY_API_UNIX_SECONDS,UNRESOLVED_REQUIRES_MANUAL_BINDING
1777454100,1777454400,VIX,VIX,M5,Bid,19.53,19.53,19.52,19.52,3,20,0,MT5_PY_API_UNIX_SECONDS,UNRESOLVED_REQUIRES_MANUAL_BINDING
1777454400,1777454700,VIX,VIX,M5,Bid,19.51,19.52,19.51,19.52,2,21,0,MT5_PY_API_UNIX_SECONDS,UNRESOLVED_REQUIRES_MANUAL_BINDING
1777455600,1777455900,VIX,VIX,M5,Bid,19.51,19.51,19.48,19.48,17,21,0,MT5_PY_API_UNIX_SECONDS,UNRESOLVED_REQUIRES_MANUAL_BINDING
1777455900,1777456200,VIX,VIX,M5,Bid,19.49,19.51,19.48,19.51,41,21,0,MT5_PY_API_UNIX_SECONDS,UNRESOLVED_REQUIRES_MANUAL_BINDING
1777456200,1777456500,VIX,VIX,M5,Bid,19.52,19.56,19.51,19.56,24,20,0,MT5_PY_API_UNIX_SECONDS,UNRESOLVED_REQUIRES_MANUAL_BINDING
1777456500,1777456800,VIX,VIX,M5,Bid,19.55,19.57,19.53,19.56,23,20,0,MT5_PY_API_UNIX_SECONDS,UNRESOLVED_REQUIRES_MANUAL_BINDING
1777456800,1777457100,VIX,VIX,M5,Bid,19.57,19.57,19.52,19.52,16,20,0,MT5_PY_API_UNIX_SECONDS,UNRESOLVED_REQUIRES_MANUAL_BINDING
1777457100,1777457400,VIX,VIX,M5,Bid,19.52,19.56,19.52,19.56,16,20,0,MT5_PY_API_UNIX_SECONDS,UNRESOLVED_REQUIRES_MANUAL_BINDING
1777457400,1777457700,VIX,VIX,M5,Bid,19.57,19.57,19.57,19.57,3,21,0,MT5_PY_API_UNIX_SECONDS,UNRESOLVED_REQUIRES_MANUAL_BINDING
1777457700,1777458000,VIX,VIX,M5,Bid,19.57,19.58,19.57,19.57,3,20,0,MT5_PY_API_UNIX_SECONDS,UNRESOLVED_REQUIRES_MANUAL_BINDING
1777458000,1777458300,VIX,VIX,M5,Bid,19.58,19.58,19.57,19.57,3,20,0,MT5_PY_API_UNIX_SECONDS,UNRESOLVED_REQUIRES_MANUAL_BINDING
1777458300,1777458600,VIX,VIX,M5,Bid,19.57,19.57,19.57,19.57,2,21,0,MT5_PY_API_UNIX_SECONDS,UNRESOLVED_REQUIRES_MANUAL_BINDING
1777458600,1777458900,VIX,VIX,M5,Bid,19.57,19.57,19.57,19.57,2,21,0,MT5_PY_API_UNIX_SECONDS,UNRESOLVED_REQUIRES_MANUAL_BINDING
1777458900,1777459200,VIX,VIX,M5,Bid,19.57,19.58,19.57,19.57,5,20,0,MT5_PY_API_UNIX_SECONDS,UNRESOLVED_REQUIRES_MANUAL_BINDING
1777459200,1777459500,VIX,VIX,M5,Bid,19.58,19.65,19.57,19.63,22,20,0,MT5_PY_API_UNIX_SECONDS,UNRESOLVED_REQUIRES_MANUAL_BINDING
1777459500,1777459800,VIX,VIX,M5,Bid,19.64,19.68,19.61,19.62,48,20,0,MT5_PY_API_UNIX_SECONDS,UNRESOLVED_REQUIRES_MANUAL_BINDING
1777459800,1777460100,VIX,VIX,M5,Bid,19.62,19.63,19.62,19.63,14,20,0,MT5_PY_API_UNIX_SECONDS,UNRESOLVED_REQUIRES_MANUAL_BINDING
1777460100,1777460400,VIX,VIX,M5,Bid,19.62,19.64,19.62,19.62,10,20,0,MT5_PY_API_UNIX_SECONDS,UNRESOLVED_REQUIRES_MANUAL_BINDING
1777460400,1777460700,VIX,VIX,M5,Bid,19.61,19.62,19.56,19.61,92,20,0,MT5_PY_API_UNIX_SECONDS,UNRESOLVED_REQUIRES_MANUAL_BINDING
1777460700,1777461000,VIX,VIX,M5,Bid,19.6,19.67,19.58,19.67,101,20,0,MT5_PY_API_UNIX_SECONDS,UNRESOLVED_REQUIRES_MANUAL_BINDING
1777461000,1777461300,VIX,VIX,M5,Bid,19.68,19.73,19.68,19.72,52,20,0,MT5_PY_API_UNIX_SECONDS,UNRESOLVED_REQUIRES_MANUAL_BINDING
1777461300,1777461600,VIX,VIX,M5,Bid,19.71,19.76,19.68,19.68,63,20,0,MT5_PY_API_UNIX_SECONDS,UNRESOLVED_REQUIRES_MANUAL_BINDING
1777461600,1777461900,VIX,VIX,M5,Bid,19.69,19.71,19.67,19.67,62,20,0,MT5_PY_API_UNIX_SECONDS,UNRESOLVED_REQUIRES_MANUAL_BINDING
1777461900,1777462200,VIX,VIX,M5,Bid,19.68,19.68,19.67,19.68,15,20,0,MT5_PY_API_UNIX_SECONDS,UNRESOLVED_REQUIRES_MANUAL_BINDING
1777462200,1777462500,VIX,VIX,M5,Bid,19.69,19.77,19.68,19.76,30,20,0,MT5_PY_API_UNIX_SECONDS,UNRESOLVED_REQUIRES_MANUAL_BINDING
1777462500,1777462800,VIX,VIX,M5,Bid,19.75,19.77,19.73,19.76,72,20,0,MT5_PY_API_UNIX_SECONDS,UNRESOLVED_REQUIRES_MANUAL_BINDING
1777462800,1777463100,VIX,VIX,M5,Bid,19.75,19.77,19.68,19.68,81,20,0,MT5_PY_API_UNIX_SECONDS,UNRESOLVED_REQUIRES_MANUAL_BINDING
1777463100,1777463400,VIX,VIX,M5,Bid,19.68,19.72,19.67,19.72,23,20,0,MT5_PY_API_UNIX_SECONDS,UNRESOLVED_REQUIRES_MANUAL_BINDING
1777463400,1777463700,VIX,VIX,M5,Bid,19.71,19.72,19.71,19.71,13,20,0,MT5_PY_API_UNIX_SECONDS,UNRESOLVED_REQUIRES_MANUAL_BINDING
1777463700,1777464000,VIX,VIX,M5,Bid,19.68,19.73,19.68,19.71,13,20,0,MT5_PY_API_UNIX_SECONDS,UNRESOLVED_REQUIRES_MANUAL_BINDING
1777464000,1777464300,VIX,VIX,M5,Bid,19.72,19.73,19.71,19.72,19,20,0,MT5_PY_API_UNIX_SECONDS,UNRESOLVED_REQUIRES_MANUAL_BINDING
1777464300,1777464600,VIX,VIX,M5,Bid,19.73,19.73,19.71,19.71,15,20,0,MT5_PY_API_UNIX_SECONDS,UNRESOLVED_REQUIRES_MANUAL_BINDING
1777464600,1777464900,VIX,VIX,M5,Bid,19.72,19.72,19.67,19.68,17,20,0,MT5_PY_API_UNIX_SECONDS,UNRESOLVED_REQUIRES_MANUAL_BINDING
1777464900,1777465200,VIX,VIX,M5,Bid,19.67,19.71,19.67,19.67,8,21,0,MT5_PY_API_UNIX_SECONDS,UNRESOLVED_REQUIRES_MANUAL_BINDING
1777465200,1777465500,VIX,VIX,M5,Bid,19.68,19.71,19.67,19.67,20,20,0,MT5_PY_API_UNIX_SECONDS,UNRESOLVED_REQUIRES_MANUAL_BINDING
1777465500,1777465800,VIX,VIX,M5,Bid,19.68,19.68,19.67,19.67,9,20,0,MT5_PY_API_UNIX_SECONDS,UNRESOLVED_REQUIRES_MANUAL_BINDING
1777465800,1777466100,VIX,VIX,M5,Bid,19.68,19.68,19.67,19.67,10,20,0,MT5_PY_API_UNIX_SECONDS,UNRESOLVED_REQUIRES_MANUAL_BINDING
1777466100,1777466400,VIX,VIX,M5,Bid,19.66,19.72,19.63,19.68,25,20,0,MT5_PY_API_UNIX_SECONDS,UNRESOLVED_REQUIRES_MANUAL_BINDING
1777466400,1777466700,VIX,VIX,M5,Bid,19.7,19.72,19.68,19.71,100,20,0,MT5_PY_API_UNIX_SECONDS,UNRESOLVED_REQUIRES_MANUAL_BINDING
1777466700,1777467000,VIX,VIX,M5,Bid,19.72,19.72,19.71,19.71,17,20,0,MT5_PY_API_UNIX_SECONDS,UNRESOLVED_REQUIRES_MANUAL_BINDING
1777467000,1777467300,VIX,VIX,M5,Bid,19.72,19.72,19.71,19.72,21,20,0,MT5_PY_API_UNIX_SECONDS,UNRESOLVED_REQUIRES_MANUAL_BINDING
1777467300,1777467600,VIX,VIX,M5,Bid,19.72,19.77,19.72,19.77,15,20,0,MT5_PY_API_UNIX_SECONDS,UNRESOLVED_REQUIRES_MANUAL_BINDING
1777467600,1777467900,VIX,VIX,M5,Bid,19.77,19.77,19.72,19.73,23,20,0,MT5_PY_API_UNIX_SECONDS,UNRESOLVED_REQUIRES_MANUAL_BINDING
1777467900,1777468200,VIX,VIX,M5,Bid,19.73,19.77,19.72,19.73,40,20,0,MT5_PY_API_UNIX_SECONDS,UNRESOLVED_REQUIRES_MANUAL_BINDING
1777468200,1777468500,VIX,VIX,M5,Bid,19.74,19.76,19.71,19.72,24,20,0,MT5_PY_API_UNIX_SECONDS,UNRESOLVED_REQUIRES_MANUAL_BINDING
1777468500,1777468800,VIX,VIX,M5,Bid,19.71,19.71,19.66,19.67,23,20,0,MT5_PY_API_UNIX_SECONDS,UNRESOLVED_REQUIRES_MANUAL_BINDING
1777468800,1777469100,VIX,VIX,M5,Bid,19.68,19.68,19.67,19.67,6,20,0,MT5_PY_API_UNIX_SECONDS,UNRESOLVED_REQUIRES_MANUAL_BINDING
1777469100,1777469400,VIX,VIX,M5,Bid,19.68,19.68,19.67,19.67,8,20,0,MT5_PY_API_UNIX_SECONDS,UNRESOLVED_REQUIRES_MANUAL_BINDING
1777469400,1777469700,VIX,VIX,M5,Bid,19.67,19.68,19.67,19.68,7,20,0,MT5_PY_API_UNIX_SECONDS,UNRESOLVED_REQUIRES_MANUAL_BINDING
1777469700,1777470000,VIX,VIX,M5,Bid,19.67,19.68,19.67,19.67,7,20,0,MT5_PY_API_UNIX_SECONDS,UNRESOLVED_REQUIRES_MANUAL_BINDING
1777470000,1777470300,VIX,VIX,M5,Bid,19.68,19.68,19.67,19.67,17,20,0,MT5_PY_API_UNIX_SECONDS,UNRESOLVED_REQUIRES_MANUAL_BINDING
1777470300,1777470600,VIX,VIX,M5,Bid,19.68,19.68,19.67,19.67,10,20,0,MT5_PY_API_UNIX_SECONDS,UNRESOLVED_REQUIRES_MANUAL_BINDING
1777470600,1777470900,VIX,VIX,M5,Bid,19.66,19.67,19.66,19.67,5,20,0,MT5_PY_API_UNIX_SECONDS,UNRESOLVED_REQUIRES_MANUAL_BINDING
1777470900,1777471200,VIX,VIX,M5,Bid,19.68,19.68,19.67,19.67,2,21,0,MT5_PY_API_UNIX_SECONDS,UNRESOLVED_REQUIRES_MANUAL_BINDING
1777471200,1777471500,VIX,VIX,M5,Bid,19.67,19.67,19.63,19.66,25,20,0,MT5_PY_API_UNIX_SECONDS,UNRESOLVED_REQUIRES_MANUAL_BINDING
1777471500,1777471800,VIX,VIX,M5,Bid,19.67,19.71,19.67,19.68,11,20,0,MT5_PY_API_UNIX_SECONDS,UNRESOLVED_REQUIRES_MANUAL_BINDING
1777471800,1777472100,VIX,VIX,M5,Bid,19.68,19.68,19.66,19.67,26,20,0,MT5_PY_API_UNIX_SECONDS,UNRESOLVED_REQUIRES_MANUAL_BINDING
1777472100,1777472400,VIX,VIX,M5,Bid,19.67,19.67,19.66,19.67,10,20,0,MT5_PY_API_UNIX_SECONDS,UNRESOLVED_REQUIRES_MANUAL_BINDING
1777472400,1777472700,VIX,VIX,M5,Bid,19.66,19.68,19.66,19.67,16,20,0,MT5_PY_API_UNIX_SECONDS,UNRESOLVED_REQUIRES_MANUAL_BINDING
1777472700,1777473000,VIX,VIX,M5,Bid,19.67,19.67,19.66,19.67,7,20,0,MT5_PY_API_UNIX_SECONDS,UNRESOLVED_REQUIRES_MANUAL_BINDING
1777473000,1777473300,VIX,VIX,M5,Bid,19.66,19.67,19.66,19.67,2,21,0,MT5_PY_API_UNIX_SECONDS,UNRESOLVED_REQUIRES_MANUAL_BINDING
1777473300,1777473600,VIX,VIX,M5,Bid,19.66,19.66,19.57,19.63,28,20,0,MT5_PY_API_UNIX_SECONDS,UNRESOLVED_REQUIRES_MANUAL_BINDING
1777473600,1777473900,VIX,VIX,M5,Bid,19.65,19.67,19.62,19.63,59,20,0,MT5_PY_API_UNIX_SECONDS,UNRESOLVED_REQUIRES_MANUAL_BINDING
1777473900,1777474200,VIX,VIX,M5,Bid,19.65,19.67,19.63,19.63,51,20,0,MT5_PY_API_UNIX_SECONDS,UNRESOLVED_REQUIRES_MANUAL_BINDING
1777474200,1777474500,VIX,VIX,M5,Bid,19.63,19.63,19.61,19.62,24,20,0,MT5_PY_API_UNIX_SECONDS,UNRESOLVED_REQUIRES_MANUAL_BINDING
1777474500,1777474800,VIX,VIX,M5,Bid,19.61,19.62,19.61,19.62,8,20,0,MT5_PY_API_UNIX_SECONDS,UNRESOLVED_REQUIRES_MANUAL_BINDING
1777474800,1777475100,VIX,VIX,M5,Bid,19.63,19.63,19.61,19.62,20,20,0,MT5_PY_API_UNIX_SECONDS,UNRESOLVED_REQUIRES_MANUAL_BINDING
1777475100,1777475400,VIX,VIX,M5,Bid,19.63,19.63,19.58,19.62,19,20,0,MT5_PY_API_UNIX_SECONDS,UNRESOLVED_REQUIRES_MANUAL_BINDING
1777475400,1777475700,VIX,VIX,M5,Bid,19.61,19.66,19.61,19.63,24,20,0,MT5_PY_API_UNIX_SECONDS,UNRESOLVED_REQUIRES_MANUAL_BINDING
1777475700,1777476000,VIX,VIX,M5,Bid,19.63,19.63,19.62,19.62,5,20,0,MT5_PY_API_UNIX_SECONDS,UNRESOLVED_REQUIRES_MANUAL_BINDING
1777476000,1777476300,VIX,VIX,M5,Bid,19.63,19.73,19.63,19.63,54,20,0,MT5_PY_API_UNIX_SECONDS,UNRESOLVED_REQUIRES_MANUAL_BINDING
1777476300,1777476600,VIX,VIX,M5,Bid,19.65,19.66,19.62,19.63,10,20,0,MT5_PY_API_UNIX_SECONDS,UNRESOLVED_REQUIRES_MANUAL_BINDING
1777476600,1777476900,VIX,VIX,M5,Bid,19.64,19.77,19.64,19.73,74,20,0,MT5_PY_API_UNIX_SECONDS,UNRESOLVED_REQUIRES_MANUAL_BINDING
1777476900,1777477200,VIX,VIX,M5,Bid,19.72,19.73,19.66,19.67,34,20,0,MT5_PY_API_UNIX_SECONDS,UNRESOLVED_REQUIRES_MANUAL_BINDING
1777477200,1777477500,VIX,VIX,M5,Bid,19.67,19.67,19.58,19.61,29,20,0,MT5_PY_API_UNIX_SECONDS,UNRESOLVED_REQUIRES_MANUAL_BINDING
1777477500,1777477800,VIX,VIX,M5,Bid,19.62,19.67,19.58,19.67,33,20,0,MT5_PY_API_UNIX_SECONDS,UNRESOLVED_REQUIRES_MANUAL_BINDING
1777477800,1777478100,VIX,VIX,M5,Bid,19.67,19.67,19.62,19.63,29,20,0,MT5_PY_API_UNIX_SECONDS,UNRESOLVED_REQUIRES_MANUAL_BINDING
1777478100,1777478400,VIX,VIX,M5,Bid,19.64,19.66,19.62,19.62,18,20,0,MT5_PY_API_UNIX_SECONDS,UNRESOLVED_REQUIRES_MANUAL_BINDING
1777478400,1777478700,VIX,VIX,M5,Bid,19.61,19.62,19.57,19.58,38,20,0,MT5_PY_API_UNIX_SECONDS,UNRESOLVED_REQUIRES_MANUAL_BINDING
1777478700,1777479000,VIX,VIX,M5,Bid,19.57,19.61,19.57,19.58,22,20,0,MT5_PY_API_UNIX_SECONDS,UNRESOLVED_REQUIRES_MANUAL_BINDING
1777479000,1777479300,VIX,VIX,M5,Bid,19.57,19.58,19.57,19.58,10,20,0,MT5_PY_API_UNIX_SECONDS,UNRESOLVED_REQUIRES_MANUAL_BINDING
1777479300,1777479600,VIX,VIX,M5,Bid,19.58,19.67,19.57,19.66,27,20,0,MT5_PY_API_UNIX_SECONDS,UNRESOLVED_REQUIRES_MANUAL_BINDING
1777479600,1777479900,VIX,VIX,M5,Bid,19.64,19.68,19.63,19.67,76,20,0,MT5_PY_API_UNIX_SECONDS,UNRESOLVED_REQUIRES_MANUAL_BINDING
1777479900,1777480200,VIX,VIX,M5,Bid,19.66,19.72,19.66,19.67,93,20,0,MT5_PY_API_UNIX_SECONDS,UNRESOLVED_REQUIRES_MANUAL_BINDING
1777480200,1777480500,VIX,VIX,M5,Bid,19.68,19.77,19.66,19.77,199,20,0,MT5_PY_API_UNIX_SECONDS,UNRESOLVED_REQUIRES_MANUAL_BINDING
1777480500,1777480800,VIX,VIX,M5,Bid,19.81,19.82,19.72,19.72,224,20,0,MT5_PY_API_UNIX_SECONDS,UNRESOLVED_REQUIRES_MANUAL_BINDING
1777480800,1777481100,VIX,VIX,M5,Bid,19.73,19.82,19.72,19.82,91,20,0,MT5_PY_API_UNIX_SECONDS,UNRESOLVED_REQUIRES_MANUAL_BINDING
1777481100,1777481400,VIX,VIX,M5,Bid,19.87,19.87,19.81,19.82,52,20,0,MT5_PY_API_UNIX_SECONDS,UNRESOLVED_REQUIRES_MANUAL_BINDING
1777481400,1777481700,VIX,VIX,M5,Bid,19.83,19.83,19.63,19.66,113,20,0,MT5_PY_API_UNIX_SECONDS,UNRESOLVED_REQUIRES_MANUAL_BINDING
1777481700,1777482000,VIX,VIX,M5,Bid,19.63,19.72,19.61,19.68,142,20,0,MT5_PY_API_UNIX_SECONDS,UNRESOLVED_REQUIRES_MANUAL_BINDING
1777482000,1777482300,VIX,VIX,M5,Bid,19.68,19.72,19.62,19.62,88,20,0,MT5_PY_API_UNIX_SECONDS,UNRESOLVED_REQUIRES_MANUAL_BINDING
1777482300,1777482600,VIX,VIX,M5,Bid,19.63,19.66,19.57,19.62,122,20,0,MT5_PY_API_UNIX_SECONDS,UNRESOLVED_REQUIRES_MANUAL_BINDING
1777482600,1777482900,VIX,VIX,M5,Bid,19.63,19.63,19.57,19.63,122,20,0,MT5_PY_API_UNIX_SECONDS,UNRESOLVED_REQUIRES_MANUAL_BINDING
1777482900,1777483200,VIX,VIX,M5,Bid,19.63,19.72,19.63,19.67,70,20,0,MT5_PY_API_UNIX_SECONDS,UNRESOLVED_REQUIRES_MANUAL_BINDING
1777483200,1777483500,VIX,VIX,M5,Bid,19.68,19.68,19.62,19.67,43,20,0,MT5_PY_API_UNIX_SECONDS,UNRESOLVED_REQUIRES_MANUAL_BINDING
1777483500,1777483800,VIX,VIX,M5,Bid,19.66,19.67,19.58,19.63,73,20,0,MT5_PY_API_UNIX_SECONDS,UNRESOLVED_REQUIRES_MANUAL_BINDING
1777483800,1777484100,VIX,VIX,M5,Bid,19.63,19.68,19.62,19.67,70,20,0,MT5_PY_API_UNIX_SECONDS,UNRESOLVED_REQUIRES_MANUAL_BINDING
1777484100,1777484400,VIX,VIX,M5,Bid,19.68,19.68,19.61,19.66,65,20,0,MT5_PY_API_UNIX_SECONDS,UNRESOLVED_REQUIRES_MANUAL_BINDING
1777484400,1777484700,VIX,VIX,M5,Bid,19.67,19.72,19.66,19.71,55,20,0,MT5_PY_API_UNIX_SECONDS,UNRESOLVED_REQUIRES_MANUAL_BINDING
1777484700,1777485000,VIX,VIX,M5,Bid,19.72,19.78,19.71,19.77,45,20,0,MT5_PY_API_UNIX_SECONDS,UNRESOLVED_REQUIRES_MANUAL_BINDING
1777485000,1777485300,VIX,VIX,M5,Bid,19.78,19.78,19.77,19.77,17,20,0,MT5_PY_API_UNIX_SECONDS,UNRESOLVED_REQUIRES_MANUAL_BINDING
1777485300,1777485600,VIX,VIX,M5,Bid,19.78,19.82,19.77,19.82,29,20,0,MT5_PY_API_UNIX_SECONDS,UNRESOLVED_REQUIRES_MANUAL_BINDING
1777485600,1777485900,VIX,VIX,M5,Bid,19.81,19.91,19.81,19.87,23,20,0,MT5_PY_API_UNIX_SECONDS,UNRESOLVED_REQUIRES_MANUAL_BINDING
1777485900,1777486200,VIX,VIX,M5,Bid,19.87,19.92,19.86,19.92,33,20,0,MT5_PY_API_UNIX_SECONDS,UNRESOLVED_REQUIRES_MANUAL_BINDING
1777486200,1777486500,VIX,VIX,M5,Bid,19.93,19.98,19.92,19.97,54,20,0,MT5_PY_API_UNIX_SECONDS,UNRESOLVED_REQUIRES_MANUAL_BINDING
1777486500,1777486800,VIX,VIX,M5,Bid,19.98,19.98,19.87,19.92,53,20,0,MT5_PY_API_UNIX_SECONDS,UNRESOLVED_REQUIRES_MANUAL_BINDING
1777486800,1777487100,VIX,VIX,M5,Bid,19.93,19.93,19.92,19.92,9,20,0,MT5_PY_API_UNIX_SECONDS,UNRESOLVED_REQUIRES_MANUAL_BINDING
1777487100,1777487400,VIX,VIX,M5,Bid,19.87,19.96,19.87,19.91,54,20,0,MT5_PY_API_UNIX_SECONDS,UNRESOLVED_REQUIRES_MANUAL_BINDING
1777487400,1777487700,VIX,VIX,M5,Bid,19.9,19.96,19.88,19.91,114,20,0,MT5_PY_API_UNIX_SECONDS,UNRESOLVED_REQUIRES_MANUAL_BINDING
1777487700,1777488000,VIX,VIX,M5,Bid,19.9,19.96,19.87,19.93,125,20,0,MT5_PY_API_UNIX_SECONDS,UNRESOLVED_REQUIRES_MANUAL_BINDING
1777488000,1777488300,VIX,VIX,M5,Bid,19.93,19.97,19.92,19.96,50,20,0,MT5_PY_API_UNIX_SECONDS,UNRESOLVED_REQUIRES_MANUAL_BINDING
1777488300,1777488600,VIX,VIX,M5,Bid,19.97,19.97,19.91,19.93,51,20,0,MT5_PY_API_UNIX_SECONDS,UNRESOLVED_REQUIRES_MANUAL_BINDING
1777488600,1777488900,VIX,VIX,M5,Bid,19.93,20.18,19.91,20.16,248,20,0,MT5_PY_API_UNIX_SECONDS,UNRESOLVED_REQUIRES_MANUAL_BINDING
1777488900,1777489200,VIX,VIX,M5,Bid,20.17,20.18,20.03,20.06,248,20,0,MT5_PY_API_UNIX_SECONDS,UNRESOLVED_REQUIRES_MANUAL_BINDING
1777489200,1777489500,VIX,VIX,M5,Bid,20.07,20.07,19.98,20.01,74,20,0,MT5_PY_API_UNIX_SECONDS,UNRESOLVED_REQUIRES_MANUAL_BINDING
1777489500,1777489800,VIX,VIX,M5,Bid,20.02,20.07,19.98,20.06,53,20,0,MT5_PY_API_UNIX_SECONDS,UNRESOLVED_REQUIRES_MANUAL_BINDING
1777489800,1777490100,VIX,VIX,M5,Bid,20.07,20.08,20.01,20.08,58,20,0,MT5_PY_API_UNIX_SECONDS,UNRESOLVED_REQUIRES_MANUAL_BINDING
1777490100,1777490400,VIX,VIX,M5,Bid,20.07,20.11,20.03,20.08,64,20,0,MT5_PY_API_UNIX_SECONDS,UNRESOLVED_REQUIRES_MANUAL_BINDING
1777490400,1777490700,VIX,VIX,M5,Bid,20.09,20.11,20.03,20.07,57,20,0,MT5_PY_API_UNIX_SECONDS,UNRESOLVED_REQUIRES_MANUAL_BINDING
1777490700,1777491000,VIX,VIX,M5,Bid,20.06,20.13,20.06,20.12,116,20,0,MT5_PY_API_UNIX_SECONDS,UNRESOLVED_REQUIRES_MANUAL_BINDING
1777491000,1777491300,VIX,VIX,M5,Bid,20.13,20.27,20.12,20.23,111,20,0,MT5_PY_API_UNIX_SECONDS,UNRESOLVED_REQUIRES_MANUAL_BINDING
1777491300,1777491600,VIX,VIX,M5,Bid,20.23,20.23,20.17,20.17,57,20,0,MT5_PY_API_UNIX_SECONDS,UNRESOLVED_REQUIRES_MANUAL_BINDING
1777491600,1777491900,VIX,VIX,M5,Bid,20.17,20.17,20.08,20.11,72,20,0,MT5_PY_API_UNIX_SECONDS,UNRESOLVED_REQUIRES_MANUAL_BINDING
1777491900,1777492200,VIX,VIX,M5,Bid,20.12,20.16,20.09,20.12,77,20,0,MT5_PY_API_UNIX_SECONDS,UNRESOLVED_REQUIRES_MANUAL_BINDING
1777492200,1777492500,VIX,VIX,M5,Bid,20.13,20.13,20.07,20.13,101,20,0,MT5_PY_API_UNIX_SECONDS,UNRESOLVED_REQUIRES_MANUAL_BINDING
1777492500,1777492800,VIX,VIX,M5,Bid,20.12,20.18,20.11,20.13,122,20,0,MT5_PY_API_UNIX_SECONDS,UNRESOLVED_REQUIRES_MANUAL_BINDING
1777492800,1777493100,VIX,VIX,M5,Bid,20.13,20.23,20.12,20.21,82,20,0,MT5_PY_API_UNIX_SECONDS,UNRESOLVED_REQUIRES_MANUAL_BINDING
1777493100,1777493400,VIX,VIX,M5,Bid,20.18,20.22,20.17,20.17,39,20,0,MT5_PY_API_UNIX_SECONDS,UNRESOLVED_REQUIRES_MANUAL_BINDING
1777493400,1777493700,VIX,VIX,M5,Bid,20.16,20.22,20.16,20.21,37,20,0,MT5_PY_API_UNIX_SECONDS,UNRESOLVED_REQUIRES_MANUAL_BINDING
1777493700,1777494000,VIX,VIX,M5,Bid,20.22,20.23,20.17,20.17,35,20,0,MT5_PY_API_UNIX_SECONDS,UNRESOLVED_REQUIRES_MANUAL_BINDING
1777494000,1777494300,VIX,VIX,M5,Bid,20.17,20.23,20.07,20.23,128,20,0,MT5_PY_API_UNIX_SECONDS,UNRESOLVED_REQUIRES_MANUAL_BINDING
1777494300,1777494600,VIX,VIX,M5,Bid,20.22,20.27,20.17,20.17,96,20,0,MT5_PY_API_UNIX_SECONDS,UNRESOLVED_REQUIRES_MANUAL_BINDING
1777494600,1777494900,VIX,VIX,M5,Bid,20.17,20.17,20.07,20.11,55,20,0,MT5_PY_API_UNIX_SECONDS,UNRESOLVED_REQUIRES_MANUAL_BINDING
1777494900,1777495200,VIX,VIX,M5,Bid,20.08,20.11,20.07,20.07,14,20,0,MT5_PY_API_UNIX_SECONDS,UNRESOLVED_REQUIRES_MANUAL_BINDING
1777495200,1777495500,VIX,VIX,M5,Bid,20.07,20.11,20.03,20.03,59,20,0,MT5_PY_API_UNIX_SECONDS,UNRESOLVED_REQUIRES_MANUAL_BINDING
1777495500,1777495800,VIX,VIX,M5,Bid,20.02,20.07,19.96,20.06,22,20,0,MT5_PY_API_UNIX_SECONDS,UNRESOLVED_REQUIRES_MANUAL_BINDING
1777495800,1777496100,VIX,VIX,M5,Bid,20.05,20.11,20.02,20.08,45,20,0,MT5_PY_API_UNIX_SECONDS,UNRESOLVED_REQUIRES_MANUAL_BINDING
1777496100,1777496400,VIX,VIX,M5,Bid,20.07,20.08,20.03,20.03,28,20,0,MT5_PY_API_UNIX_SECONDS,UNRESOLVED_REQUIRES_MANUAL_BINDING
1777496400,1777496700,VIX,VIX,M5,Bid,20.05,20.27,20.03,20.27,239,20,0,MT5_PY_API_UNIX_SECONDS,UNRESOLVED_REQUIRES_MANUAL_BINDING
1777496700,1777497000,VIX,VIX,M5,Bid,20.27,20.28,20.13,20.26,85,20,0,MT5_PY_API_UNIX_SECONDS,UNRESOLVED_REQUIRES_MANUAL_BINDING
1777497000,1777497300,VIX,VIX,M5,Bid,20.27,20.27,20.12,20.12,95,20,0,MT5_PY_API_UNIX_SECONDS,UNRESOLVED_REQUIRES_MANUAL_BINDING
1777497300,1777497600,VIX,VIX,M5,Bid,20.11,20.12,20.03,20.07,40,20,0,MT5_PY_API_UNIX_SECONDS,UNRESOLVED_REQUIRES_MANUAL_BINDING
1777497600,1777497900,VIX,VIX,M5,Bid,20.08,20.12,20.03,20.11,57,20,0,MT5_PY_API_UNIX_SECONDS,UNRESOLVED_REQUIRES_MANUAL_BINDING
1777497900,1777498200,VIX,VIX,M5,Bid,20.12,20.17,20.12,20.16,13,20,0,MT5_PY_API_UNIX_SECONDS,UNRESOLVED_REQUIRES_MANUAL_BINDING
1777498200,1777498500,VIX,VIX,M5,Bid,20.17,20.23,20.16,20.22,121,20,0,MT5_PY_API_UNIX_SECONDS,UNRESOLVED_REQUIRES_MANUAL_BINDING
1777498500,1777498800,VIX,VIX,M5,Bid,20.21,20.21,20.02,20.17,288,20,0,MT5_PY_API_UNIX_SECONDS,UNRESOLVED_REQUIRES_MANUAL_BINDING
1777498800,1777499100,VIX,VIX,M5,Bid,20.18,20.33,20.18,20.33,102,20,0,MT5_PY_API_UNIX_SECONDS,UNRESOLVED_REQUIRES_MANUAL_BINDING
1777499100,1777499400,VIX,VIX,M5,Bid,20.33,20.41,20.21,20.22,117,20,0,MT5_PY_API_UNIX_SECONDS,UNRESOLVED_REQUIRES_MANUAL_BINDING
1777499400,1777499700,VIX,VIX,M5,Bid,20.21,20.21,20.16,20.17,54,20,0,MT5_PY_API_UNIX_SECONDS,UNRESOLVED_REQUIRES_MANUAL_BINDING
1777499700,1777500000,VIX,VIX,M5,Bid,20.16,20.17,20.03,20.06,98,20,0,MT5_PY_API_UNIX_SECONDS,UNRESOLVED_REQUIRES_MANUAL_BINDING
1777500000,1777500300,VIX,VIX,M5,Bid,20.02,20.12,20.02,20.06,105,20,0,MT5_PY_API_UNIX_SECONDS,UNRESOLVED_REQUIRES_MANUAL_BINDING
1777500300,1777500600,VIX,VIX,M5,Bid,20.07,20.13,20.07,20.08,209,20,0,MT5_PY_API_UNIX_SECONDS,UNRESOLVED_REQUIRES_MANUAL_BINDING
1777500600,1777500900,VIX,VIX,M5,Bid,20.07,20.11,20.02,20.03,100,20,0,MT5_PY_API_UNIX_SECONDS,UNRESOLVED_REQUIRES_MANUAL_BINDING
1777500900,1777501200,VIX,VIX,M5,Bid,20.02,20.03,19.98,20.01,58,20,0,MT5_PY_API_UNIX_SECONDS,UNRESOLVED_REQUIRES_MANUAL_BINDING
1777501200,1777501500,VIX,VIX,M5,Bid,20.02,20.13,20.01,20.08,55,20,0,MT5_PY_API_UNIX_SECONDS,UNRESOLVED_REQUIRES_MANUAL_BINDING
1777501500,1777501800,VIX,VIX,M5,Bid,20.08,20.17,20.07,20.17,32,20,0,MT5_PY_API_UNIX_SECONDS,UNRESOLVED_REQUIRES_MANUAL_BINDING
1777501800,1777502100,VIX,VIX,M5,Bid,20.18,20.27,20.18,20.23,105,20,0,MT5_PY_API_UNIX_SECONDS,UNRESOLVED_REQUIRES_MANUAL_BINDING
1777502100,1777502400,VIX,VIX,M5,Bid,20.23,20.23,20.22,20.23,17,20,0,MT5_PY_API_UNIX_SECONDS,UNRESOLVED_REQUIRES_MANUAL_BINDING
1777502400,1777502700,VIX,VIX,M5,Bid,20.23,20.31,20.22,20.27,39,20,0,MT5_PY_API_UNIX_SECONDS,UNRESOLVED_REQUIRES_MANUAL_BINDING
1777502700,1777503000,VIX,VIX,M5,Bid,20.27,20.27,20.18,20.18,139,20,0,MT5_PY_API_UNIX_SECONDS,UNRESOLVED_REQUIRES_MANUAL_BINDING
1777503000,1777503300,VIX,VIX,M5,Bid,20.21,20.23,20.13,20.13,73,20,0,MT5_PY_API_UNIX_SECONDS,UNRESOLVED_REQUIRES_MANUAL_BINDING
1777503300,1777503600,VIX,VIX,M5,Bid,20.14,20.17,20.11,20.12,45,20,0,MT5_PY_API_UNIX_SECONDS,UNRESOLVED_REQUIRES_MANUAL_BINDING
1777503600,1777503900,VIX,VIX,M5,Bid,20.13,20.22,19.87,19.97,555,20,0,MT5_PY_API_UNIX_SECONDS,UNRESOLVED_REQUIRES_MANUAL_BINDING
1777503900,1777504200,VIX,VIX,M5,Bid,19.98,20.08,19.96,20.07,149,20,0,MT5_PY_API_UNIX_SECONDS,UNRESOLVED_REQUIRES_MANUAL_BINDING
1777504200,1777504500,VIX,VIX,M5,Bid,20.07,20.33,20.07,20.32,150,20,0,MT5_PY_API_UNIX_SECONDS,UNRESOLVED_REQUIRES_MANUAL_BINDING
1777505400,1777505700,VIX,VIX,M5,Bid,20.08,20.12,20.07,20.08,14,20,0,MT5_PY_API_UNIX_SECONDS,UNRESOLVED_REQUIRES_MANUAL_BINDING
1777505700,1777506000,VIX,VIX,M5,Bid,20.08,20.08,20.03,20.06,47,20,0,MT5_PY_API_UNIX_SECONDS,UNRESOLVED_REQUIRES_MANUAL_BINDING
1777506000,1777506300,VIX,VIX,M5,Bid,20.03,20.08,20.02,20.07,53,20,0,MT5_PY_API_UNIX_SECONDS,UNRESOLVED_REQUIRES_MANUAL_BINDING
1777506300,1777506600,VIX,VIX,M5,Bid,20.07,20.11,20.06,20.11,16,20,0,MT5_PY_API_UNIX_SECONDS,UNRESOLVED_REQUIRES_MANUAL_BINDING
1777506600,1777506900,VIX,VIX,M5,Bid,20.12,20.21,20.11,20.2,67,20,0,MT5_PY_API_UNIX_SECONDS,UNRESOLVED_REQUIRES_MANUAL_BINDING
1777506900,1777507200,VIX,VIX,M5,Bid,20.19,20.28,20.16,20.26,69,20,0,MT5_PY_API_UNIX_SECONDS,UNRESOLVED_REQUIRES_MANUAL_BINDING
1777510800,1777511100,VIX,VIX,M5,Bid,20.26,20.34,20.01,20.02,142,20,0,MT5_PY_API_UNIX_SECONDS,UNRESOLVED_REQUIRES_MANUAL_BINDING
1777511100,1777511400,VIX,VIX,M5,Bid,20.01,20.03,19.91,19.91,80,20,0,MT5_PY_API_UNIX_SECONDS,UNRESOLVED_REQUIRES_MANUAL_BINDING
1777511400,1777511700,VIX,VIX,M5,Bid,19.92,19.92,19.86,19.87,60,20,0,MT5_PY_API_UNIX_SECONDS,UNRESOLVED_REQUIRES_MANUAL_BINDING
1777511700,1777512000,VIX,VIX,M5,Bid,19.87,19.87,19.78,19.78,92,20,0,MT5_PY_API_UNIX_SECONDS,UNRESOLVED_REQUIRES_MANUAL_BINDING
1777512000,1777512300,VIX,VIX,M5,Bid,19.79,19.86,19.78,19.84,52,20,0,MT5_PY_API_UNIX_SECONDS,UNRESOLVED_REQUIRES_MANUAL_BINDING
1777512300,1777512600,VIX,VIX,M5,Bid,19.86,19.88,19.86,19.86,25,20,0,MT5_PY_API_UNIX_SECONDS,UNRESOLVED_REQUIRES_MANUAL_BINDING
1777512600,1777512900,VIX,VIX,M5,Bid,19.85,19.85,19.82,19.83,34,20,0,MT5_PY_API_UNIX_SECONDS,UNRESOLVED_REQUIRES_MANUAL_BINDING
1777512900,1777513200,VIX,VIX,M5,Bid,19.83,19.88,19.82,19.87,28,20,0,MT5_PY_API_UNIX_SECONDS,UNRESOLVED_REQUIRES_MANUAL_BINDING
1777513200,1777513500,VIX,VIX,M5,Bid,19.88,19.88,19.87,19.87,8,20,0,MT5_PY_API_UNIX_SECONDS,UNRESOLVED_REQUIRES_MANUAL_BINDING
1777513500,1777513800,VIX,VIX,M5,Bid,19.86,19.86,19.83,19.84,16,20,0,MT5_PY_API_UNIX_SECONDS,UNRESOLVED_REQUIRES_MANUAL_BINDING
1777513800,1777514100,VIX,VIX,M5,Bid,19.83,19.84,19.83,19.84,4,21,0,MT5_PY_API_UNIX_SECONDS,UNRESOLVED_REQUIRES_MANUAL_BINDING
1777514100,1777514400,VIX,VIX,M5,Bid,19.85,19.87,19.83,19.87,6,20,0,MT5_PY_API_UNIX_SECONDS,UNRESOLVED_REQUIRES_MANUAL_BINDING
1777514400,1777514700,VIX,VIX,M5,Bid,19.87,19.87,19.86,19.87,28,20,0,MT5_PY_API_UNIX_SECONDS,UNRESOLVED_REQUIRES_MANUAL_BINDING
1777514700,1777515000,VIX,VIX,M5,Bid,19.87,19.91,19.87,19.88,5,21,0,MT5_PY_API_UNIX_SECONDS,UNRESOLVED_REQUIRES_MANUAL_BINDING
1777515000,1777515300,VIX,VIX,M5,Bid,19.88,19.88,19.88,19.88,2,21,0,MT5_PY_API_UNIX_SECONDS,UNRESOLVED_REQUIRES_MANUAL_BINDING
1777515300,1777515600,VIX,VIX,M5,Bid,19.89,19.91,19.88,19.89,10,20,0,MT5_PY_API_UNIX_SECONDS,UNRESOLVED_REQUIRES_MANUAL_BINDING
1777515600,1777515900,VIX,VIX,M5,Bid,19.91,19.93,19.91,19.92,5,21,0,MT5_PY_API_UNIX_SECONDS,UNRESOLVED_REQUIRES_MANUAL_BINDING
1777516200,1777516500,VIX,VIX,M5,Bid,19.92,19.93,19.92,19.92,3,21,0,MT5_PY_API_UNIX_SECONDS,UNRESOLVED_REQUIRES_MANUAL_BINDING
1777516500,1777516800,VIX,VIX,M5,Bid,19.91,19.92,19.88,19.91,21,20,0,MT5_PY_API_UNIX_SECONDS,UNRESOLVED_REQUIRES_MANUAL_BINDING
1777516800,1777517100,VIX,VIX,M5,Bid,19.88,19.88,19.86,19.86,14,20,0,MT5_PY_API_UNIX_SECONDS,UNRESOLVED_REQUIRES_MANUAL_BINDING
1777517100,1777517400,VIX,VIX,M5,Bid,19.87,19.88,19.86,19.88,20,20,0,MT5_PY_API_UNIX_SECONDS,UNRESOLVED_REQUIRES_MANUAL_BINDING
1777517400,1777517700,VIX,VIX,M5,Bid,19.88,19.88,19.86,19.88,14,20,0,MT5_PY_API_UNIX_SECONDS,UNRESOLVED_REQUIRES_MANUAL_BINDING
1777517700,1777518000,VIX,VIX,M5,Bid,19.88,19.91,19.88,19.91,27,20,0,MT5_PY_API_UNIX_SECONDS,UNRESOLVED_REQUIRES_MANUAL_BINDING
1777518000,1777518300,VIX,VIX,M5,Bid,19.9,19.91,19.86,19.91,35,20,0,MT5_PY_API_UNIX_SECONDS,UNRESOLVED_REQUIRES_MANUAL_BINDING
1777518300,1777518600,VIX,VIX,M5,Bid,19.9,19.91,19.86,19.86,50,20,0,MT5_PY_API_UNIX_SECONDS,UNRESOLVED_REQUIRES_MANUAL_BINDING
1777518600,1777518900,VIX,VIX,M5,Bid,19.87,19.93,19.87,19.92,21,20,0,MT5_PY_API_UNIX_SECONDS,UNRESOLVED_REQUIRES_MANUAL_BINDING
1777518900,1777519200,VIX,VIX,M5,Bid,19.93,19.96,19.92,19.92,40,20,0,MT5_PY_API_UNIX_SECONDS,UNRESOLVED_REQUIRES_MANUAL_BINDING
1777519200,1777519500,VIX,VIX,M5,Bid,19.93,19.96,19.92,19.92,30,20,0,MT5_PY_API_UNIX_SECONDS,UNRESOLVED_REQUIRES_MANUAL_BINDING
1777519500,1777519800,VIX,VIX,M5,Bid,19.91,19.96,19.91,19.93,23,20,0,MT5_PY_API_UNIX_SECONDS,UNRESOLVED_REQUIRES_MANUAL_BINDING
1777519800,1777520100,VIX,VIX,M5,Bid,19.93,19.93,19.91,19.93,34,20,0,MT5_PY_API_UNIX_SECONDS,UNRESOLVED_REQUIRES_MANUAL_BINDING
1777520100,1777520400,VIX,VIX,M5,Bid,19.93,19.93,19.88,19.91,26,20,0,MT5_PY_API_UNIX_SECONDS,UNRESOLVED_REQUIRES_MANUAL_BINDING
1777520400,1777520700,VIX,VIX,M5,Bid,19.92,19.93,19.92,19.93,9,21,0,MT5_PY_API_UNIX_SECONDS,UNRESOLVED_REQUIRES_MANUAL_BINDING
1777520700,1777521000,VIX,VIX,M5,Bid,19.93,19.93,19.92,19.92,4,20,0,MT5_PY_API_UNIX_SECONDS,UNRESOLVED_REQUIRES_MANUAL_BINDING
1777521000,1777521300,VIX,VIX,M5,Bid,19.92,19.93,19.91,19.92,11,20,0,MT5_PY_API_UNIX_SECONDS,UNRESOLVED_REQUIRES_MANUAL_BINDING
1777521300,1777521600,VIX,VIX,M5,Bid,19.93,19.93,19.92,19.93,13,20,0,MT5_PY_API_UNIX_SECONDS,UNRESOLVED_REQUIRES_MANUAL_BINDING
1777521600,1777521900,VIX,VIX,M5,Bid,19.93,19.93,19.91,19.93,7,20,0,MT5_PY_API_UNIX_SECONDS,UNRESOLVED_REQUIRES_MANUAL_BINDING
1777521900,1777522200,VIX,VIX,M5,Bid,19.93,19.93,19.92,19.92,8,20,0,MT5_PY_API_UNIX_SECONDS,UNRESOLVED_REQUIRES_MANUAL_BINDING
1777522200,1777522500,VIX,VIX,M5,Bid,19.93,19.93,19.92,19.93,17,21,0,MT5_PY_API_UNIX_SECONDS,UNRESOLVED_REQUIRES_MANUAL_BINDING
1777522500,1777522800,VIX,VIX,M5,Bid,19.92,19.93,19.92,19.92,14,20,0,MT5_PY_API_UNIX_SECONDS,UNRESOLVED_REQUIRES_MANUAL_BINDING
1777522800,1777523100,VIX,VIX,M5,Bid,19.93,19.93,19.92,19.93,8,21,0,MT5_PY_API_UNIX_SECONDS,UNRESOLVED_REQUIRES_MANUAL_BINDING
1777523100,1777523400,VIX,VIX,M5,Bid,19.92,19.93,19.92,19.92,6,20,0,MT5_PY_API_UNIX_SECONDS,UNRESOLVED_REQUIRES_MANUAL_BINDING
1777523400,1777523700,VIX,VIX,M5,Bid,19.91,19.92,19.88,19.9,9,20,0,MT5_PY_API_UNIX_SECONDS,UNRESOLVED_REQUIRES_MANUAL_BINDING
1777523700,1777524000,VIX,VIX,M5,Bid,19.91,19.93,19.91,19.92,16,20,0,MT5_PY_API_UNIX_SECONDS,UNRESOLVED_REQUIRES_MANUAL_BINDING
1777524000,1777524300,VIX,VIX,M5,Bid,19.91,19.92,19.91,19.92,8,20,0,MT5_PY_API_UNIX_SECONDS,UNRESOLVED_REQUIRES_MANUAL_BINDING
1777524300,1777524600,VIX,VIX,M5,Bid,19.92,19.93,19.92,19.93,8,20,0,MT5_PY_API_UNIX_SECONDS,UNRESOLVED_REQUIRES_MANUAL_BINDING
1777524600,1777524900,VIX,VIX,M5,Bid,19.93,19.93,19.91,19.92,13,20,0,MT5_PY_API_UNIX_SECONDS,UNRESOLVED_REQUIRES_MANUAL_BINDING
1777524900,1777525200,VIX,VIX,M5,Bid,19.91,19.92,19.91,19.92,2,21,0,MT5_PY_API_UNIX_SECONDS,UNRESOLVED_REQUIRES_MANUAL_BINDING
1777525200,1777525500,VIX,VIX,M5,Bid,19.93,19.93,19.92,19.93,9,20,0,MT5_PY_API_UNIX_SECONDS,UNRESOLVED_REQUIRES_MANUAL_BINDING
1777525500,1777525800,VIX,VIX,M5,Bid,19.93,19.93,19.92,19.92,5,20,0,MT5_PY_API_UNIX_SECONDS,UNRESOLVED_REQUIRES_MANUAL_BINDING
1777525800,1777526100,VIX,VIX,M5,Bid,19.93,19.93,19.91,19.92,6,21,0,MT5_PY_API_UNIX_SECONDS,UNRESOLVED_REQUIRES_MANUAL_BINDING
1777526100,1777526400,VIX,VIX,M5,Bid,19.93,19.93,19.93,19.93,1,21,0,MT5_PY_API_UNIX_SECONDS,UNRESOLVED_REQUIRES_MANUAL_BINDING
1777526400,1777526700,VIX,VIX,M5,Bid,19.94,19.97,19.93,19.96,40,20,0,MT5_PY_API_UNIX_SECONDS,UNRESOLVED_REQUIRES_MANUAL_BINDING
1777526700,1777527000,VIX,VIX,M5,Bid,19.97,20.01,19.96,20.01,26,20,0,MT5_PY_API_UNIX_SECONDS,UNRESOLVED_REQUIRES_MANUAL_BINDING
1777527000,1777527300,VIX,VIX,M5,Bid,20.02,20.27,20.02,20.06,204,20,0,MT5_PY_API_UNIX_SECONDS,UNRESOLVED_REQUIRES_MANUAL_BINDING
1777527300,1777527600,VIX,VIX,M5,Bid,20.03,20.06,20.0,20.03,100,20,0,MT5_PY_API_UNIX_SECONDS,UNRESOLVED_REQUIRES_MANUAL_BINDING
1777527600,1777527900,VIX,VIX,M5,Bid,20.01,20.06,20.01,20.06,42,20,0,MT5_PY_API_UNIX_SECONDS,UNRESOLVED_REQUIRES_MANUAL_BINDING
1777527900,1777528200,VIX,VIX,M5,Bid,20.07,20.13,20.07,20.13,53,20,0,MT5_PY_API_UNIX_SECONDS,UNRESOLVED_REQUIRES_MANUAL_BINDING
1777528200,1777528500,VIX,VIX,M5,Bid,20.14,20.14,20.06,20.08,42,20,0,MT5_PY_API_UNIX_SECONDS,UNRESOLVED_REQUIRES_MANUAL_BINDING
1777528500,1777528800,VIX,VIX,M5,Bid,20.06,20.11,20.02,20.03,58,20,0,MT5_PY_API_UNIX_SECONDS,UNRESOLVED_REQUIRES_MANUAL_BINDING
1777528800,1777529100,VIX,VIX,M5,Bid,20.03,20.03,20.01,20.01,25,20,0,MT5_PY_API_UNIX_SECONDS,UNRESOLVED_REQUIRES_MANUAL_BINDING
1777529100,1777529400,VIX,VIX,M5,Bid,20.02,20.07,20.01,20.05,37,20,0,MT5_PY_API_UNIX_SECONDS,UNRESOLVED_REQUIRES_MANUAL_BINDING
1777529400,1777529700,VIX,VIX,M5,Bid,20.06,20.11,20.02,20.07,40,20,0,MT5_PY_API_UNIX_SECONDS,UNRESOLVED_REQUIRES_MANUAL_BINDING
1777529700,1777530000,VIX,VIX,M5,Bid,20.07,20.11,20.07,20.07,73,20,0,MT5_PY_API_UNIX_SECONDS,UNRESOLVED_REQUIRES_MANUAL_BINDING
1777530000,1777530300,VIX,VIX,M5,Bid,20.08,20.12,20.07,20.07,15,20,0,MT5_PY_API_UNIX_SECONDS,UNRESOLVED_REQUIRES_MANUAL_BINDING
1777530300,1777530600,VIX,VIX,M5,Bid,20.08,20.11,20.08,20.11,33,20,0,MT5_PY_API_UNIX_SECONDS,UNRESOLVED_REQUIRES_MANUAL_BINDING
1777530600,1777530900,VIX,VIX,M5,Bid,20.12,20.12,20.08,20.08,69,20,0,MT5_PY_API_UNIX_SECONDS,UNRESOLVED_REQUIRES_MANUAL_BINDING
1777530900,1777531200,VIX,VIX,M5,Bid,20.07,20.11,20.07,20.08,22,20,0,MT5_PY_API_UNIX_SECONDS,UNRESOLVED_REQUIRES_MANUAL_BINDING
1777531200,1777531500,VIX,VIX,M5,Bid,20.09,20.11,20.07,20.11,16,20,0,MT5_PY_API_UNIX_SECONDS,UNRESOLVED_REQUIRES_MANUAL_BINDING
1777531500,1777531800,VIX,VIX,M5,Bid,20.12,20.13,20.11,20.12,24,20,0,MT5_PY_API_UNIX_SECONDS,UNRESOLVED_REQUIRES_MANUAL_BINDING
1777531800,1777532100,VIX,VIX,M5,Bid,20.12,20.13,20.11,20.12,14,20,0,MT5_PY_API_UNIX_SECONDS,UNRESOLVED_REQUIRES_MANUAL_BINDING
1777532100,1777532400,VIX,VIX,M5,Bid,20.13,20.16,20.13,20.14,92,21,0,MT5_PY_API_UNIX_SECONDS,UNRESOLVED_REQUIRES_MANUAL_BINDING
1777532400,1777532700,VIX,VIX,M5,Bid,20.13,20.21,20.13,20.18,74,20,0,MT5_PY_API_UNIX_SECONDS,UNRESOLVED_REQUIRES_MANUAL_BINDING
1777532700,1777533000,VIX,VIX,M5,Bid,20.2,20.26,20.18,20.21,66,20,0,MT5_PY_API_UNIX_SECONDS,UNRESOLVED_REQUIRES_MANUAL_BINDING
1777533000,1777533300,VIX,VIX,M5,Bid,20.22,20.28,20.21,20.27,49,20,0,MT5_PY_API_UNIX_SECONDS,UNRESOLVED_REQUIRES_MANUAL_BINDING
1777533300,1777533600,VIX,VIX,M5,Bid,20.26,20.32,20.26,20.32,32,20,0,MT5_PY_API_UNIX_SECONDS,UNRESOLVED_REQUIRES_MANUAL_BINDING
1777533600,1777533900,VIX,VIX,M5,Bid,20.31,20.36,20.3,20.3,71,20,0,MT5_PY_API_UNIX_SECONDS,UNRESOLVED_REQUIRES_MANUAL_BINDING
1777533900,1777534200,VIX,VIX,M5,Bid,20.28,20.33,20.26,20.33,35,20,0,MT5_PY_API_UNIX_SECONDS,UNRESOLVED_REQUIRES_MANUAL_BINDING
1777534200,1777534500,VIX,VIX,M5,Bid,20.36,20.41,20.36,20.38,68,20,0,MT5_PY_API_UNIX_SECONDS,UNRESOLVED_REQUIRES_MANUAL_BINDING
1777534500,1777534800,VIX,VIX,M5,Bid,20.4,20.41,20.36,20.41,33,20,0,MT5_PY_API_UNIX_SECONDS,UNRESOLVED_REQUIRES_MANUAL_BINDING
1777534800,1777535100,VIX,VIX,M5,Bid,20.42,20.42,20.33,20.33,54,20,0,MT5_PY_API_UNIX_SECONDS,UNRESOLVED_REQUIRES_MANUAL_BINDING
1777535100,1777535400,VIX,VIX,M5,Bid,20.33,20.38,20.32,20.36,14,20,0,MT5_PY_API_UNIX_SECONDS,UNRESOLVED_REQUIRES_MANUAL_BINDING
1777535400,1777535700,VIX,VIX,M5,Bid,20.37,20.41,20.36,20.38,22,20,0,MT5_PY_API_UNIX_SECONDS,UNRESOLVED_REQUIRES_MANUAL_BINDING
1777535700,1777536000,VIX,VIX,M5,Bid,20.39,20.43,20.38,20.43,31,20,0,MT5_PY_API_UNIX_SECONDS,UNRESOLVED_REQUIRES_MANUAL_BINDING
1777536000,1777536300,VIX,VIX,M5,Bid,20.43,20.43,20.33,20.33,75,20,0,MT5_PY_API_UNIX_SECONDS,UNRESOLVED_REQUIRES_MANUAL_BINDING
1777536300,1777536600,VIX,VIX,M5,Bid,20.35,20.4,20.33,20.33,26,20,0,MT5_PY_API_UNIX_SECONDS,UNRESOLVED_REQUIRES_MANUAL_BINDING
1777536600,1777536900,VIX,VIX,M5,Bid,20.32,20.33,20.28,20.28,8,21,0,MT5_PY_API_UNIX_SECONDS,UNRESOLVED_REQUIRES_MANUAL_BINDING
1777536900,1777537200,VIX,VIX,M5,Bid,20.3,20.31,20.28,20.31,9,20,0,MT5_PY_API_UNIX_SECONDS,UNRESOLVED_REQUIRES_MANUAL_BINDING
1777537200,1777537500,VIX,VIX,M5,Bid,20.32,20.33,20.31,20.31,28,20,0,MT5_PY_API_UNIX_SECONDS,UNRESOLVED_REQUIRES_MANUAL_BINDING
1777537500,1777537800,VIX,VIX,M5,Bid,20.28,20.37,20.28,20.33,9,20,0,MT5_PY_API_UNIX_SECONDS,UNRESOLVED_REQUIRES_MANUAL_BINDING
1777537800,1777538100,VIX,VIX,M5,Bid,20.32,20.33,20.28,20.28,16,20,0,MT5_PY_API_UNIX_SECONDS,UNRESOLVED_REQUIRES_MANUAL_BINDING
1777538100,1777538400,VIX,VIX,M5,Bid,20.28,20.28,20.27,20.28,23,20,0,MT5_PY_API_UNIX_SECONDS,UNRESOLVED_REQUIRES_MANUAL_BINDING
1777538400,1777538700,VIX,VIX,M5,Bid,20.28,20.33,20.27,20.33,19,20,0,MT5_PY_API_UNIX_SECONDS,UNRESOLVED_REQUIRES_MANUAL_BINDING
1777538700,1777539000,VIX,VIX,M5,Bid,20.33,20.38,20.33,20.38,10,21,0,MT5_PY_API_UNIX_SECONDS,UNRESOLVED_REQUIRES_MANUAL_BINDING
1777539000,1777539300,VIX,VIX,M5,Bid,20.4,20.42,20.38,20.42,16,20,0,MT5_PY_API_UNIX_SECONDS,UNRESOLVED_REQUIRES_MANUAL_BINDING
1777539300,1777539600,VIX,VIX,M5,Bid,20.43,20.47,20.42,20.47,37,20,0,MT5_PY_API_UNIX_SECONDS,UNRESOLVED_REQUIRES_MANUAL_BINDING
1777539600,1777539900,VIX,VIX,M5,Bid,20.48,20.51,20.42,20.48,85,20,0,MT5_PY_API_UNIX_SECONDS,UNRESOLVED_REQUIRES_MANUAL_BINDING
1777539900,1777540200,VIX,VIX,M5,Bid,20.47,20.52,20.43,20.51,52,20,0,MT5_PY_API_UNIX_SECONDS,UNRESOLVED_REQUIRES_MANUAL_BINDING
1777540200,1777540500,VIX,VIX,M5,Bid,20.52,20.57,20.51,20.51,28,20,0,MT5_PY_API_UNIX_SECONDS,UNRESOLVED_REQUIRES_MANUAL_BINDING
1777540500,1777540800,VIX,VIX,M5,Bid,20.51,20.53,20.47,20.48,66,20,0,MT5_PY_API_UNIX_SECONDS,UNRESOLVED_REQUIRES_MANUAL_BINDING
1777540800,1777541100,VIX,VIX,M5,Bid,20.48,20.52,20.46,20.48,43,20,0,MT5_PY_API_UNIX_SECONDS,UNRESOLVED_REQUIRES_MANUAL_BINDING
1777541100,1777541400,VIX,VIX,M5,Bid,20.47,20.48,20.42,20.43,36,20,0,MT5_PY_API_UNIX_SECONDS,UNRESOLVED_REQUIRES_MANUAL_BINDING
1777541400,1777541700,VIX,VIX,M5,Bid,20.42,20.42,20.26,20.28,55,20,0,MT5_PY_API_UNIX_SECONDS,UNRESOLVED_REQUIRES_MANUAL_BINDING
1777541700,1777542000,VIX,VIX,M5,Bid,20.27,20.27,20.22,20.26,100,20,0,MT5_PY_API_UNIX_SECONDS,UNRESOLVED_REQUIRES_MANUAL_BINDING
1777542000,1777542300,VIX,VIX,M5,Bid,20.23,20.33,20.23,20.31,55,20,0,MT5_PY_API_UNIX_SECONDS,UNRESOLVED_REQUIRES_MANUAL_BINDING
1777542300,1777542600,VIX,VIX,M5,Bid,20.32,20.38,20.31,20.37,24,20,0,MT5_PY_API_UNIX_SECONDS,UNRESOLVED_REQUIRES_MANUAL_BINDING
1777542600,1777542900,VIX,VIX,M5,Bid,20.37,20.37,20.27,20.28,32,20,0,MT5_PY_API_UNIX_SECONDS,UNRESOLVED_REQUIRES_MANUAL_BINDING
1777542900,1777543200,VIX,VIX,M5,Bid,20.28,20.31,20.27,20.28,32,20,0,MT5_PY_API_UNIX_SECONDS,UNRESOLVED_REQUIRES_MANUAL_BINDING
1777543200,1777543500,VIX,VIX,M5,Bid,20.27,20.33,20.23,20.26,77,20,0,MT5_PY_API_UNIX_SECONDS,UNRESOLVED_REQUIRES_MANUAL_BINDING
1777543500,1777543800,VIX,VIX,M5,Bid,20.25,20.28,20.23,20.23,55,20,0,MT5_PY_API_UNIX_SECONDS,UNRESOLVED_REQUIRES_MANUAL_BINDING
1777543800,1777544100,VIX,VIX,M5,Bid,20.22,20.29,20.22,20.27,32,20,0,MT5_PY_API_UNIX_SECONDS,UNRESOLVED_REQUIRES_MANUAL_BINDING
1777544100,1777544400,VIX,VIX,M5,Bid,20.28,20.31,20.26,20.31,58,20,0,MT5_PY_API_UNIX_SECONDS,UNRESOLVED_REQUIRES_MANUAL_BINDING
1777544400,1777544700,VIX,VIX,M5,Bid,20.3,20.31,20.23,20.26,34,20,0,MT5_PY_API_UNIX_SECONDS,UNRESOLVED_REQUIRES_MANUAL_BINDING
1777544700,1777545000,VIX,VIX,M5,Bid,20.27,20.27,20.22,20.22,31,20,0,MT5_PY_API_UNIX_SECONDS,UNRESOLVED_REQUIRES_MANUAL_BINDING
1777545000,1777545300,VIX,VIX,M5,Bid,20.23,20.26,20.17,20.21,29,20,0,MT5_PY_API_UNIX_SECONDS,UNRESOLVED_REQUIRES_MANUAL_BINDING
1777545300,1777545600,VIX,VIX,M5,Bid,20.22,20.25,20.21,20.21,23,20,0,MT5_PY_API_UNIX_SECONDS,UNRESOLVED_REQUIRES_MANUAL_BINDING
1777545600,1777545900,VIX,VIX,M5,Bid,20.18,20.22,20.18,20.21,28,20,0,MT5_PY_API_UNIX_SECONDS,UNRESOLVED_REQUIRES_MANUAL_BINDING
1777545900,1777546200,VIX,VIX,M5,Bid,20.22,20.22,20.18,20.21,43,20,0,MT5_PY_API_UNIX_SECONDS,UNRESOLVED_REQUIRES_MANUAL_BINDING
1777546200,1777546500,VIX,VIX,M5,Bid,20.22,20.23,20.18,20.21,25,20,0,MT5_PY_API_UNIX_SECONDS,UNRESOLVED_REQUIRES_MANUAL_BINDING
1777546500,1777546800,VIX,VIX,M5,Bid,20.22,20.23,20.16,20.18,53,20,0,MT5_PY_API_UNIX_SECONDS,UNRESOLVED_REQUIRES_MANUAL_BINDING
1777546800,1777547100,VIX,VIX,M5,Bid,20.16,20.18,20.12,20.12,46,20,0,MT5_PY_API_UNIX_SECONDS,UNRESOLVED_REQUIRES_MANUAL_BINDING
1777547100,1777547400,VIX,VIX,M5,Bid,20.11,20.18,20.08,20.18,60,20,0,MT5_PY_API_UNIX_SECONDS,UNRESOLVED_REQUIRES_MANUAL_BINDING
1777547400,1777547700,VIX,VIX,M5,Bid,20.18,20.18,20.16,20.18,37,20,0,MT5_PY_API_UNIX_SECONDS,UNRESOLVED_REQUIRES_MANUAL_BINDING
1777547700,1777548000,VIX,VIX,M5,Bid,20.18,20.21,20.16,20.18,56,20,0,MT5_PY_API_UNIX_SECONDS,UNRESOLVED_REQUIRES_MANUAL_BINDING
1777548000,1777548300,VIX,VIX,M5,Bid,20.19,20.23,20.18,20.21,21,20,0,MT5_PY_API_UNIX_SECONDS,UNRESOLVED_REQUIRES_MANUAL_BINDING
1777548300,1777548600,VIX,VIX,M5,Bid,20.18,20.18,20.13,20.13,17,20,0,MT5_PY_API_UNIX_SECONDS,UNRESOLVED_REQUIRES_MANUAL_BINDING
1777548600,1777548900,VIX,VIX,M5,Bid,20.12,20.13,20.06,20.08,51,20,0,MT5_PY_API_UNIX_SECONDS,UNRESOLVED_REQUIRES_MANUAL_BINDING
1777548900,1777549200,VIX,VIX,M5,Bid,20.08,20.13,20.08,20.08,37,20,0,MT5_PY_API_UNIX_SECONDS,UNRESOLVED_REQUIRES_MANUAL_BINDING
1777549200,1777549500,VIX,VIX,M5,Bid,20.09,20.13,20.08,20.11,40,20,0,MT5_PY_API_UNIX_SECONDS,UNRESOLVED_REQUIRES_MANUAL_BINDING
1777549500,1777549800,VIX,VIX,M5,Bid,20.12,20.13,20.11,20.12,32,20,0,MT5_PY_API_UNIX_SECONDS,UNRESOLVED_REQUIRES_MANUAL_BINDING
1777549800,1777550100,VIX,VIX,M5,Bid,20.13,20.17,20.12,20.16,27,20,0,MT5_PY_API_UNIX_SECONDS,UNRESOLVED_REQUIRES_MANUAL_BINDING
1777550100,1777550400,VIX,VIX,M5,Bid,20.17,20.18,20.16,20.18,32,20,0,MT5_PY_API_UNIX_SECONDS,UNRESOLVED_REQUIRES_MANUAL_BINDING
1777550400,1777550700,VIX,VIX,M5,Bid,20.17,20.18,20.13,20.16,26,20,0,MT5_PY_API_UNIX_SECONDS,UNRESOLVED_REQUIRES_MANUAL_BINDING
1777550700,1777551000,VIX,VIX,M5,Bid,20.13,20.21,20.13,20.13,59,20,0,MT5_PY_API_UNIX_SECONDS,UNRESOLVED_REQUIRES_MANUAL_BINDING
1777551000,1777551300,VIX,VIX,M5,Bid,20.15,20.21,20.13,20.18,121,20,0,MT5_PY_API_UNIX_SECONDS,UNRESOLVED_REQUIRES_MANUAL_BINDING
1777551300,1777551600,VIX,VIX,M5,Bid,20.17,20.21,20.13,20.21,30,20,0,MT5_PY_API_UNIX_SECONDS,UNRESOLVED_REQUIRES_MANUAL_BINDING
1777551600,1777551900,VIX,VIX,M5,Bid,20.22,20.27,20.18,20.21,123,20,0,MT5_PY_API_UNIX_SECONDS,UNRESOLVED_REQUIRES_MANUAL_BINDING
1777551900,1777552200,VIX,VIX,M5,Bid,20.2,20.22,20.06,20.07,61,20,0,MT5_PY_API_UNIX_SECONDS,UNRESOLVED_REQUIRES_MANUAL_BINDING
1777552200,1777552500,VIX,VIX,M5,Bid,20.03,20.06,19.91,20.02,168,20,0,MT5_PY_API_UNIX_SECONDS,UNRESOLVED_REQUIRES_MANUAL_BINDING
1777552500,1777552800,VIX,VIX,M5,Bid,20.03,20.11,20.01,20.07,40,20,0,MT5_PY_API_UNIX_SECONDS,UNRESOLVED_REQUIRES_MANUAL_BINDING
1777552800,1777553100,VIX,VIX,M5,Bid,20.08,20.18,20.07,20.17,46,20,0,MT5_PY_API_UNIX_SECONDS,UNRESOLVED_REQUIRES_MANUAL_BINDING
1777553100,1777553400,VIX,VIX,M5,Bid,20.16,20.17,20.11,20.12,31,20,0,MT5_PY_API_UNIX_SECONDS,UNRESOLVED_REQUIRES_MANUAL_BINDING
1777553400,1777553700,VIX,VIX,M5,Bid,20.13,20.17,20.12,20.13,130,20,0,MT5_PY_API_UNIX_SECONDS,UNRESOLVED_REQUIRES_MANUAL_BINDING
1777553700,1777554000,VIX,VIX,M5,Bid,20.14,20.22,20.14,20.18,36,20,0,MT5_PY_API_UNIX_SECONDS,UNRESOLVED_REQUIRES_MANUAL_BINDING
1777554000,1777554300,VIX,VIX,M5,Bid,20.18,20.18,20.09,20.13,78,20,0,MT5_PY_API_UNIX_SECONDS,UNRESOLVED_REQUIRES_MANUAL_BINDING
1777554300,1777554600,VIX,VIX,M5,Bid,20.13,20.13,20.08,20.08,52,20,0,MT5_PY_API_UNIX_SECONDS,UNRESOLVED_REQUIRES_MANUAL_BINDING
1777554600,1777554900,VIX,VIX,M5,Bid,20.07,20.13,20.06,20.12,46,20,0,MT5_PY_API_UNIX_SECONDS,UNRESOLVED_REQUIRES_MANUAL_BINDING
1777554900,1777555200,VIX,VIX,M5,Bid,20.13,20.13,20.06,20.08,28,20,0,MT5_PY_API_UNIX_SECONDS,UNRESOLVED_REQUIRES_MANUAL_BINDING
1777555200,1777555500,VIX,VIX,M5,Bid,20.08,20.08,20.03,20.03,10,20,0,MT5_PY_API_UNIX_SECONDS,UNRESOLVED_REQUIRES_MANUAL_BINDING
1777555500,1777555800,VIX,VIX,M5,Bid,20.06,20.08,20.01,20.03,63,20,0,MT5_PY_API_UNIX_SECONDS,UNRESOLVED_REQUIRES_MANUAL_BINDING
1777555800,1777556100,VIX,VIX,M5,Bid,20.05,20.13,19.98,20.13,38,20,0,MT5_PY_API_UNIX_SECONDS,UNRESOLVED_REQUIRES_MANUAL_BINDING
1777556100,1777556400,VIX,VIX,M5,Bid,20.12,20.28,20.11,20.23,54,20,0,MT5_PY_API_UNIX_SECONDS,UNRESOLVED_REQUIRES_MANUAL_BINDING
1777556400,1777556700,VIX,VIX,M5,Bid,20.23,20.23,20.18,20.18,72,20,0,MT5_PY_API_UNIX_SECONDS,UNRESOLVED_REQUIRES_MANUAL_BINDING
1777556700,1777557000,VIX,VIX,M5,Bid,20.17,20.18,20.12,20.18,108,20,0,MT5_PY_API_UNIX_SECONDS,UNRESOLVED_REQUIRES_MANUAL_BINDING
1777557000,1777557300,VIX,VIX,M5,Bid,20.21,20.23,20.18,20.22,87,20,0,MT5_PY_API_UNIX_SECONDS,UNRESOLVED_REQUIRES_MANUAL_BINDING
1777557300,1777557600,VIX,VIX,M5,Bid,20.21,20.21,20.16,20.2,30,20,0,MT5_PY_API_UNIX_SECONDS,UNRESOLVED_REQUIRES_MANUAL_BINDING
1777557600,1777557900,VIX,VIX,M5,Bid,20.18,20.21,20.11,20.11,75,20,0,MT5_PY_API_UNIX_SECONDS,UNRESOLVED_REQUIRES_MANUAL_BINDING
1777557900,1777558200,VIX,VIX,M5,Bid,20.12,20.13,19.92,20.01,89,20,0,MT5_PY_API_UNIX_SECONDS,UNRESOLVED_REQUIRES_MANUAL_BINDING
1777558200,1777558500,VIX,VIX,M5,Bid,19.99,20.06,19.98,20.06,40,20,0,MT5_PY_API_UNIX_SECONDS,UNRESOLVED_REQUIRES_MANUAL_BINDING
1777558500,1777558800,VIX,VIX,M5,Bid,20.07,20.07,20.01,20.02,34,20,0,MT5_PY_API_UNIX_SECONDS,UNRESOLVED_REQUIRES_MANUAL_BINDING
1777558800,1777559100,VIX,VIX,M5,Bid,20.01,20.03,20.01,20.02,22,20,0,MT5_PY_API_UNIX_SECONDS,UNRESOLVED_REQUIRES_MANUAL_BINDING
1777559100,1777559400,VIX,VIX,M5,Bid,20.01,20.02,19.93,19.93,62,20,0,MT5_PY_API_UNIX_SECONDS,UNRESOLVED_REQUIRES_MANUAL_BINDING
1777559400,1777559700,VIX,VIX,M5,Bid,19.95,19.98,19.92,19.96,67,20,0,MT5_PY_API_UNIX_SECONDS,UNRESOLVED_REQUIRES_MANUAL_BINDING
1777559700,1777560000,VIX,VIX,M5,Bid,19.97,19.98,19.92,19.98,15,20,0,MT5_PY_API_UNIX_SECONDS,UNRESOLVED_REQUIRES_MANUAL_BINDING
1777560000,1777560300,VIX,VIX,M5,Bid,20.01,20.02,19.98,20.01,28,20,0,MT5_PY_API_UNIX_SECONDS,UNRESOLVED_REQUIRES_MANUAL_BINDING
1777560300,1777560600,VIX,VIX,M5,Bid,20.02,20.02,19.97,19.97,51,20,0,MT5_PY_API_UNIX_SECONDS,UNRESOLVED_REQUIRES_MANUAL_BINDING
1777560600,1777560900,VIX,VIX,M5,Bid,19.98,20.02,19.97,20.01,27,20,0,MT5_PY_API_UNIX_SECONDS,UNRESOLVED_REQUIRES_MANUAL_BINDING
1777560900,1777561200,VIX,VIX,M5,Bid,20.0,20.0,19.96,19.98,6,20,0,MT5_PY_API_UNIX_SECONDS,UNRESOLVED_REQUIRES_MANUAL_BINDING
1777561200,1777561500,VIX,VIX,M5,Bid,19.97,19.98,19.97,19.97,14,20,0,MT5_PY_API_UNIX_SECONDS,UNRESOLVED_REQUIRES_MANUAL_BINDING
1777561500,1777561800,VIX,VIX,M5,Bid,19.98,19.98,19.96,19.97,26,20,0,MT5_PY_API_UNIX_SECONDS,UNRESOLVED_REQUIRES_MANUAL_BINDING
1777561800,1777562100,VIX,VIX,M5,Bid,19.96,19.96,19.92,19.93,22,20,0,MT5_PY_API_UNIX_SECONDS,UNRESOLVED_REQUIRES_MANUAL_BINDING
1777562100,1777562400,VIX,VIX,M5,Bid,19.93,19.93,19.86,19.87,45,20,0,MT5_PY_API_UNIX_SECONDS,UNRESOLVED_REQUIRES_MANUAL_BINDING
1777562400,1777562700,VIX,VIX,M5,Bid,19.87,19.88,19.82,19.87,26,20,0,MT5_PY_API_UNIX_SECONDS,UNRESOLVED_REQUIRES_MANUAL_BINDING
1777562700,1777563000,VIX,VIX,M5,Bid,19.87,19.88,19.86,19.86,21,20,0,MT5_PY_API_UNIX_SECONDS,UNRESOLVED_REQUIRES_MANUAL_BINDING
1777563000,1777563300,VIX,VIX,M5,Bid,19.87,19.92,19.82,19.92,62,20,0,MT5_PY_API_UNIX_SECONDS,UNRESOLVED_REQUIRES_MANUAL_BINDING
1777563300,1777563600,VIX,VIX,M5,Bid,19.93,19.93,19.87,19.88,29,20,0,MT5_PY_API_UNIX_SECONDS,UNRESOLVED_REQUIRES_MANUAL_BINDING
1777563600,1777563900,VIX,VIX,M5,Bid,19.89,19.93,19.87,19.87,51,20,0,MT5_PY_API_UNIX_SECONDS,UNRESOLVED_REQUIRES_MANUAL_BINDING
1777563900,1777564200,VIX,VIX,M5,Bid,19.83,19.83,19.81,19.82,21,20,0,MT5_PY_API_UNIX_SECONDS,UNRESOLVED_REQUIRES_MANUAL_BINDING
1777564200,1777564500,VIX,VIX,M5,Bid,19.82,19.82,19.77,19.77,22,20,0,MT5_PY_API_UNIX_SECONDS,UNRESOLVED_REQUIRES_MANUAL_BINDING
1777564500,1777564800,VIX,VIX,M5,Bid,19.77,19.77,19.72,19.77,17,20,0,MT5_PY_API_UNIX_SECONDS,UNRESOLVED_REQUIRES_MANUAL_BINDING
1777564800,1777565100,VIX,VIX,M5,Bid,19.76,19.77,19.72,19.72,24,20,0,MT5_PY_API_UNIX_SECONDS,UNRESOLVED_REQUIRES_MANUAL_BINDING
1777565100,1777565400,VIX,VIX,M5,Bid,19.73,19.77,19.72,19.76,28,20,0,MT5_PY_API_UNIX_SECONDS,UNRESOLVED_REQUIRES_MANUAL_BINDING
1777565400,1777565700,VIX,VIX,M5,Bid,19.77,19.82,19.77,19.78,103,20,0,MT5_PY_API_UNIX_SECONDS,UNRESOLVED_REQUIRES_MANUAL_BINDING
1777565700,1777566000,VIX,VIX,M5,Bid,19.81,19.81,19.8,19.81,3,21,0,MT5_PY_API_UNIX_SECONDS,UNRESOLVED_REQUIRES_MANUAL_BINDING
1777566000,1777566300,VIX,VIX,M5,Bid,19.82,19.83,19.81,19.82,25,20,0,MT5_PY_API_UNIX_SECONDS,UNRESOLVED_REQUIRES_MANUAL_BINDING
1777566300,1777566600,VIX,VIX,M5,Bid,19.82,19.83,19.81,19.81,46,20,0,MT5_PY_API_UNIX_SECONDS,UNRESOLVED_REQUIRES_MANUAL_BINDING
1777566600,1777566900,VIX,VIX,M5,Bid,19.82,20.01,19.82,19.98,196,20,0,MT5_PY_API_UNIX_SECONDS,UNRESOLVED_REQUIRES_MANUAL_BINDING
1777566900,1777567200,VIX,VIX,M5,Bid,20.01,20.12,19.96,20.11,235,20,0,MT5_PY_API_UNIX_SECONDS,UNRESOLVED_REQUIRES_MANUAL_BINDING
1777567200,1777567500,VIX,VIX,M5,Bid,20.12,20.22,19.91,19.91,222,20,0,MT5_PY_API_UNIX_SECONDS,UNRESOLVED_REQUIRES_MANUAL_BINDING
1777567500,1777567800,VIX,VIX,M5,Bid,19.92,19.98,19.86,19.91,127,20,0,MT5_PY_API_UNIX_SECONDS,UNRESOLVED_REQUIRES_MANUAL_BINDING
1777567800,1777568100,VIX,VIX,M5,Bid,19.92,20.01,19.87,20.01,210,20,0,MT5_PY_API_UNIX_SECONDS,UNRESOLVED_REQUIRES_MANUAL_BINDING
1777568100,1777568400,VIX,VIX,M5,Bid,20.02,20.06,19.93,19.97,188,20,0,MT5_PY_API_UNIX_SECONDS,UNRESOLVED_REQUIRES_MANUAL_BINDING
1777568400,1777568700,VIX,VIX,M5,Bid,19.97,19.97,19.82,19.83,211,20,0,MT5_PY_API_UNIX_SECONDS,UNRESOLVED_REQUIRES_MANUAL_BINDING
1777568700,1777569000,VIX,VIX,M5,Bid,19.84,19.92,19.81,19.86,229,20,0,MT5_PY_API_UNIX_SECONDS,UNRESOLVED_REQUIRES_MANUAL_BINDING
1777569000,1777569300,VIX,VIX,M5,Bid,19.87,19.88,19.76,19.81,110,20,0,MT5_PY_API_UNIX_SECONDS,UNRESOLVED_REQUIRES_MANUAL_BINDING
1777569300,1777569600,VIX,VIX,M5,Bid,19.82,19.92,19.76,19.77,180,20,0,MT5_PY_API_UNIX_SECONDS,UNRESOLVED_REQUIRES_MANUAL_BINDING
1777569600,1777569900,VIX,VIX,M5,Bid,19.77,19.77,19.71,19.71,134,20,0,MT5_PY_API_UNIX_SECONDS,UNRESOLVED_REQUIRES_MANUAL_BINDING
1777569900,1777570200,VIX,VIX,M5,Bid,19.72,19.73,19.67,19.68,145,20,0,MT5_PY_API_UNIX_SECONDS,UNRESOLVED_REQUIRES_MANUAL_BINDING
1777570200,1777570500,VIX,VIX,M5,Bid,19.71,19.72,19.62,19.67,127,20,0,MT5_PY_API_UNIX_SECONDS,UNRESOLVED_REQUIRES_MANUAL_BINDING
1777570500,1777570800,VIX,VIX,M5,Bid,19.68,19.76,19.67,19.73,143,20,0,MT5_PY_API_UNIX_SECONDS,UNRESOLVED_REQUIRES_MANUAL_BINDING
1777570800,1777571100,VIX,VIX,M5,Bid,19.72,19.72,19.66,19.67,151,20,0,MT5_PY_API_UNIX_SECONDS,UNRESOLVED_REQUIRES_MANUAL_BINDING
1777571100,1777571400,VIX,VIX,M5,Bid,19.67,19.68,19.62,19.67,59,20,0,MT5_PY_API_UNIX_SECONDS,UNRESOLVED_REQUIRES_MANUAL_BINDING
1777571400,1777571700,VIX,VIX,M5,Bid,19.68,19.68,19.62,19.62,43,20,0,MT5_PY_API_UNIX_SECONDS,UNRESOLVED_REQUIRES_MANUAL_BINDING
1777571700,1777572000,VIX,VIX,M5,Bid,19.62,19.62,19.56,19.57,41,20,0,MT5_PY_API_UNIX_SECONDS,UNRESOLVED_REQUIRES_MANUAL_BINDING
1777572000,1777572300,VIX,VIX,M5,Bid,19.62,19.63,19.61,19.63,32,20,0,MT5_PY_API_UNIX_SECONDS,UNRESOLVED_REQUIRES_MANUAL_BINDING
1777572300,1777572600,VIX,VIX,M5,Bid,19.63,19.67,19.58,19.58,62,20,0,MT5_PY_API_UNIX_SECONDS,UNRESOLVED_REQUIRES_MANUAL_BINDING
1777572600,1777572900,VIX,VIX,M5,Bid,19.58,19.63,19.58,19.61,18,20,0,MT5_PY_API_UNIX_SECONDS,UNRESOLVED_REQUIRES_MANUAL_BINDING
1777572900,1777573200,VIX,VIX,M5,Bid,19.62,19.67,19.61,19.63,65,20,0,MT5_PY_API_UNIX_SECONDS,UNRESOLVED_REQUIRES_MANUAL_BINDING
1777573200,1777573500,VIX,VIX,M5,Bid,19.66,19.67,19.63,19.63,73,20,0,MT5_PY_API_UNIX_SECONDS,UNRESOLVED_REQUIRES_MANUAL_BINDING
1777573500,1777573800,VIX,VIX,M5,Bid,19.66,19.66,19.61,19.62,72,20,0,MT5_PY_API_UNIX_SECONDS,UNRESOLVED_REQUIRES_MANUAL_BINDING
1777573800,1777574100,VIX,VIX,M5,Bid,19.63,19.66,19.62,19.63,24,20,0,MT5_PY_API_UNIX_SECONDS,UNRESOLVED_REQUIRES_MANUAL_BINDING
1777574100,1777574400,VIX,VIX,M5,Bid,19.66,19.67,19.62,19.67,68,20,0,MT5_PY_API_UNIX_SECONDS,UNRESOLVED_REQUIRES_MANUAL_BINDING
1777574400,1777574700,VIX,VIX,M5,Bid,19.66,19.68,19.66,19.68,33,20,0,MT5_PY_API_UNIX_SECONDS,UNRESOLVED_REQUIRES_MANUAL_BINDING
1777574700,1777575000,VIX,VIX,M5,Bid,19.71,19.72,19.67,19.67,93,20,0,MT5_PY_API_UNIX_SECONDS,UNRESOLVED_REQUIRES_MANUAL_BINDING
1777575000,1777575300,VIX,VIX,M5,Bid,19.66,19.67,19.63,19.67,26,20,0,MT5_PY_API_UNIX_SECONDS,UNRESOLVED_REQUIRES_MANUAL_BINDING
1777575300,1777575600,VIX,VIX,M5,Bid,19.67,19.68,19.66,19.68,37,20,0,MT5_PY_API_UNIX_SECONDS,UNRESOLVED_REQUIRES_MANUAL_BINDING
1777575600,1777575900,VIX,VIX,M5,Bid,19.67,19.72,19.66,19.67,38,20,0,MT5_PY_API_UNIX_SECONDS,UNRESOLVED_REQUIRES_MANUAL_BINDING
1777575900,1777576200,VIX,VIX,M5,Bid,19.66,19.67,19.66,19.67,45,20,0,MT5_PY_API_UNIX_SECONDS,UNRESOLVED_REQUIRES_MANUAL_BINDING
1777576200,1777576500,VIX,VIX,M5,Bid,19.67,19.67,19.66,19.67,22,20,0,MT5_PY_API_UNIX_SECONDS,UNRESOLVED_REQUIRES_MANUAL_BINDING
1777576500,1777576800,VIX,VIX,M5,Bid,19.67,19.67,19.62,19.63,18,20,0,MT5_PY_API_UNIX_SECONDS,UNRESOLVED_REQUIRES_MANUAL_BINDING
1777576800,1777577100,VIX,VIX,M5,Bid,19.63,19.67,19.63,19.63,12,20,0,MT5_PY_API_UNIX_SECONDS,UNRESOLVED_REQUIRES_MANUAL_BINDING
1777577100,1777577400,VIX,VIX,M5,Bid,19.62,19.63,19.62,19.62,35,20,0,MT5_PY_API_UNIX_SECONDS,UNRESOLVED_REQUIRES_MANUAL_BINDING
1777577400,1777577700,VIX,VIX,M5,Bid,19.63,19.63,19.62,19.63,18,20,0,MT5_PY_API_UNIX_SECONDS,UNRESOLVED_REQUIRES_MANUAL_BINDING
1777577700,1777578000,VIX,VIX,M5,Bid,19.63,19.63,19.62,19.62,33,20,0,MT5_PY_API_UNIX_SECONDS,UNRESOLVED_REQUIRES_MANUAL_BINDING
1777578000,1777578300,VIX,VIX,M5,Bid,19.63,19.63,19.62,19.62,8,20,0,MT5_PY_API_UNIX_SECONDS,UNRESOLVED_REQUIRES_MANUAL_BINDING
1777578300,1777578600,VIX,VIX,M5,Bid,19.63,19.66,19.58,19.58,15,20,0,MT5_PY_API_UNIX_SECONDS,UNRESOLVED_REQUIRES_MANUAL_BINDING
1777578600,1777578900,VIX,VIX,M5,Bid,19.6,19.63,19.58,19.61,44,20,0,MT5_PY_API_UNIX_SECONDS,UNRESOLVED_REQUIRES_MANUAL_BINDING
1777578900,1777579200,VIX,VIX,M5,Bid,19.62,19.63,19.61,19.61,35,20,0,MT5_PY_API_UNIX_SECONDS,UNRESOLVED_REQUIRES_MANUAL_BINDING
1777579200,1777579500,VIX,VIX,M5,Bid,19.58,19.58,19.57,19.57,21,20,0,MT5_PY_API_UNIX_SECONDS,UNRESOLVED_REQUIRES_MANUAL_BINDING
1777579500,1777579800,VIX,VIX,M5,Bid,19.57,19.57,19.52,19.53,23,20,0,MT5_PY_API_UNIX_SECONDS,UNRESOLVED_REQUIRES_MANUAL_BINDING
1777579800,1777580100,VIX,VIX,M5,Bid,19.53,19.53,19.51,19.51,25,20,0,MT5_PY_API_UNIX_SECONDS,UNRESOLVED_REQUIRES_MANUAL_BINDING
1777580100,1777580400,VIX,VIX,M5,Bid,19.52,19.53,19.51,19.52,13,20,0,MT5_PY_API_UNIX_SECONDS,UNRESOLVED_REQUIRES_MANUAL_BINDING
1777580400,1777580700,VIX,VIX,M5,Bid,19.53,19.56,19.52,19.52,20,20,0,MT5_PY_API_UNIX_SECONDS,UNRESOLVED_REQUIRES_MANUAL_BINDING
1777580700,1777581000,VIX,VIX,M5,Bid,19.53,19.53,19.52,19.52,7,20,0,MT5_PY_API_UNIX_SECONDS,UNRESOLVED_REQUIRES_MANUAL_BINDING
1777581000,1777581300,VIX,VIX,M5,Bid,19.51,19.52,19.47,19.51,51,20,0,MT5_PY_API_UNIX_SECONDS,UNRESOLVED_REQUIRES_MANUAL_BINDING
1777581300,1777581600,VIX,VIX,M5,Bid,19.48,19.51,19.48,19.51,9,21,0,MT5_PY_API_UNIX_SECONDS,UNRESOLVED_REQUIRES_MANUAL_BINDING
1777581600,1777581900,VIX,VIX,M5,Bid,19.52,19.52,19.51,19.51,16,20,0,MT5_PY_API_UNIX_SECONDS,UNRESOLVED_REQUIRES_MANUAL_BINDING
1777581900,1777582200,VIX,VIX,M5,Bid,19.48,19.5,19.47,19.48,8,20,0,MT5_PY_API_UNIX_SECONDS,UNRESOLVED_REQUIRES_MANUAL_BINDING
1777582200,1777582500,VIX,VIX,M5,Bid,19.48,19.51,19.47,19.48,14,20,0,MT5_PY_API_UNIX_SECONDS,UNRESOLVED_REQUIRES_MANUAL_BINDING
1777582500,1777582800,VIX,VIX,M5,Bid,19.48,19.48,19.48,19.48,1,21,0,MT5_PY_API_UNIX_SECONDS,UNRESOLVED_REQUIRES_MANUAL_BINDING
1777582800,1777583100,VIX,VIX,M5,Bid,19.47,19.48,19.47,19.48,4,20,0,MT5_PY_API_UNIX_SECONDS,UNRESOLVED_REQUIRES_MANUAL_BINDING
1777583100,1777583400,VIX,VIX,M5,Bid,19.5,19.51,19.48,19.48,9,20,0,MT5_PY_API_UNIX_SECONDS,UNRESOLVED_REQUIRES_MANUAL_BINDING
1777583400,1777583700,VIX,VIX,M5,Bid,19.48,19.48,19.47,19.48,4,20,0,MT5_PY_API_UNIX_SECONDS,UNRESOLVED_REQUIRES_MANUAL_BINDING
1777583700,1777584000,VIX,VIX,M5,Bid,19.47,19.5,19.47,19.48,17,20,0,MT5_PY_API_UNIX_SECONDS,UNRESOLVED_REQUIRES_MANUAL_BINDING
1777584000,1777584300,VIX,VIX,M5,Bid,19.48,19.52,19.47,19.51,28,20,0,MT5_PY_API_UNIX_SECONDS,UNRESOLVED_REQUIRES_MANUAL_BINDING
1777584300,1777584600,VIX,VIX,M5,Bid,19.52,19.52,19.48,19.48,40,20,0,MT5_PY_API_UNIX_SECONDS,UNRESOLVED_REQUIRES_MANUAL_BINDING
1777584600,1777584900,VIX,VIX,M5,Bid,19.47,19.48,19.46,19.47,51,20,0,MT5_PY_API_UNIX_SECONDS,UNRESOLVED_REQUIRES_MANUAL_BINDING
1777585200,1777585500,VIX,VIX,M5,Bid,19.48,19.48,19.47,19.47,5,20,0,MT5_PY_API_UNIX_SECONDS,UNRESOLVED_REQUIRES_MANUAL_BINDING
1777586100,1777586400,VIX,VIX,M5,Bid,19.48,19.48,19.47,19.47,2,20,0,MT5_PY_API_UNIX_SECONDS,UNRESOLVED_REQUIRES_MANUAL_BINDING
1777586400,1777586700,VIX,VIX,M5,Bid,19.48,19.48,19.47,19.47,4,20,0,MT5_PY_API_UNIX_SECONDS,UNRESOLVED_REQUIRES_MANUAL_BINDING
1777586700,1777587000,VIX,VIX,M5,Bid,19.48,19.48,19.46,19.47,13,20,0,MT5_PY_API_UNIX_SECONDS,UNRESOLVED_REQUIRES_MANUAL_BINDING
1777587000,1777587300,VIX,VIX,M5,Bid,19.46,19.46,19.42,19.42,11,20,0,MT5_PY_API_UNIX_SECONDS,UNRESOLVED_REQUIRES_MANUAL_BINDING
1777587600,1777587900,VIX,VIX,M5,Bid,19.43,19.47,19.43,19.47,2,20,0,MT5_PY_API_UNIX_SECONDS,UNRESOLVED_REQUIRES_MANUAL_BINDING
1777587900,1777588200,VIX,VIX,M5,Bid,19.52,19.52,19.52,19.52,1,21,0,MT5_PY_API_UNIX_SECONDS,UNRESOLVED_REQUIRES_MANUAL_BINDING
1777588200,1777588500,VIX,VIX,M5,Bid,19.53,19.53,19.47,19.47,4,20,0,MT5_PY_API_UNIX_SECONDS,UNRESOLVED_REQUIRES_MANUAL_BINDING
1777588500,1777588800,VIX,VIX,M5,Bid,19.48,19.48,19.42,19.42,7,20,0,MT5_PY_API_UNIX_SECONDS,UNRESOLVED_REQUIRES_MANUAL_BINDING
1777588800,1777589100,VIX,VIX,M5,Bid,19.43,19.43,19.42,19.42,2,20,0,MT5_PY_API_UNIX_SECONDS,UNRESOLVED_REQUIRES_MANUAL_BINDING
1777589100,1777589400,VIX,VIX,M5,Bid,19.42,19.42,19.38,19.38,8,20,0,MT5_PY_API_UNIX_SECONDS,UNRESOLVED_REQUIRES_MANUAL_BINDING
1777589400,1777589700,VIX,VIX,M5,Bid,19.41,19.41,19.38,19.38,4,21,0,MT5_PY_API_UNIX_SECONDS,UNRESOLVED_REQUIRES_MANUAL_BINDING
1777589700,1777590000,VIX,VIX,M5,Bid,19.38,19.41,19.32,19.41,28,20,0,MT5_PY_API_UNIX_SECONDS,UNRESOLVED_REQUIRES_MANUAL_BINDING
1777590000,1777590300,VIX,VIX,M5,Bid,19.38,19.42,19.37,19.37,33,20,0,MT5_PY_API_UNIX_SECONDS,UNRESOLVED_REQUIRES_MANUAL_BINDING
1777590300,1777590600,VIX,VIX,M5,Bid,19.37,19.37,19.33,19.37,11,20,0,MT5_PY_API_UNIX_SECONDS,UNRESOLVED_REQUIRES_MANUAL_BINDING
1777590600,1777590900,VIX,VIX,M5,Bid,19.37,19.37,19.33,19.33,12,20,0,MT5_PY_API_UNIX_SECONDS,UNRESOLVED_REQUIRES_MANUAL_BINDING
1777591800,1777592100,VIX,VIX,M5,Bid,19.37,19.37,19.28,19.32,60,20,0,MT5_PY_API_UNIX_SECONDS,UNRESOLVED_REQUIRES_MANUAL_BINDING
1777592100,1777592400,VIX,VIX,M5,Bid,19.33,19.34,19.32,19.32,11,20,0,MT5_PY_API_UNIX_SECONDS,UNRESOLVED_REQUIRES_MANUAL_BINDING
1777592400,1777592700,VIX,VIX,M5,Bid,19.33,19.33,19.32,19.32,30,20,0,MT5_PY_API_UNIX_SECONDS,UNRESOLVED_REQUIRES_MANUAL_BINDING
1777592700,1777593000,VIX,VIX,M5,Bid,19.33,19.33,19.32,19.32,36,20,0,MT5_PY_API_UNIX_SECONDS,UNRESOLVED_REQUIRES_MANUAL_BINDING
1777593000,1777593300,VIX,VIX,M5,Bid,19.33,19.33,19.32,19.32,6,20,0,MT5_PY_API_UNIX_SECONDS,UNRESOLVED_REQUIRES_MANUAL_BINDING
1777593300,1777593600,VIX,VIX,M5,Bid,19.31,19.36,19.31,19.32,34,20,0,MT5_PY_API_UNIX_SECONDS,UNRESOLVED_REQUIRES_MANUAL_BINDING
1777597200,1777597500,VIX,VIX,M5,Bid,19.27,19.28,19.22,19.28,44,20,0,MT5_PY_API_UNIX_SECONDS,UNRESOLVED_REQUIRES_MANUAL_BINDING
1777597500,1777597800,VIX,VIX,M5,Bid,19.27,19.27,19.23,19.26,30,20,0,MT5_PY_API_UNIX_SECONDS,UNRESOLVED_REQUIRES_MANUAL_BINDING
1777597800,1777598100,VIX,VIX,M5,Bid,19.24,19.26,19.22,19.26,8,21,0,MT5_PY_API_UNIX_SECONDS,UNRESOLVED_REQUIRES_MANUAL_BINDING
1777598100,1777598400,VIX,VIX,M5,Bid,19.24,19.28,19.24,19.28,12,20,0,MT5_PY_API_UNIX_SECONDS,UNRESOLVED_REQUIRES_MANUAL_BINDING
1777598400,1777598700,VIX,VIX,M5,Bid,19.27,19.31,19.27,19.31,6,20,0,MT5_PY_API_UNIX_SECONDS,UNRESOLVED_REQUIRES_MANUAL_BINDING
1777598700,1777599000,VIX,VIX,M5,Bid,19.29,19.31,19.29,19.31,10,21,0,MT5_PY_API_UNIX_SECONDS,UNRESOLVED_REQUIRES_MANUAL_BINDING
1777599000,1777599300,VIX,VIX,M5,Bid,19.32,19.32,19.31,19.31,51,20,0,MT5_PY_API_UNIX_SECONDS,UNRESOLVED_REQUIRES_MANUAL_BINDING
1777599300,1777599600,VIX,VIX,M5,Bid,19.32,19.32,19.31,19.32,5,20,0,MT5_PY_API_UNIX_SECONDS,UNRESOLVED_REQUIRES_MANUAL_BINDING
1777599900,1777600200,VIX,VIX,M5,Bid,19.33,19.33,19.32,19.33,9,20,0,MT5_PY_API_UNIX_SECONDS,UNRESOLVED_REQUIRES_MANUAL_BINDING
1777600200,1777600500,VIX,VIX,M5,Bid,19.32,19.38,19.32,19.37,46,20,0,MT5_PY_API_UNIX_SECONDS,UNRESOLVED_REQUIRES_MANUAL_BINDING
1777600500,1777600800,VIX,VIX,M5,Bid,19.37,19.38,19.36,19.36,22,20,0,MT5_PY_API_UNIX_SECONDS,UNRESOLVED_REQUIRES_MANUAL_BINDING
1777600800,1777601100,VIX,VIX,M5,Bid,19.35,19.37,19.33,19.33,12,20,0,MT5_PY_API_UNIX_SECONDS,UNRESOLVED_REQUIRES_MANUAL_BINDING
1777601100,1777601400,VIX,VIX,M5,Bid,19.32,19.36,19.32,19.36,59,20,0,MT5_PY_API_UNIX_SECONDS,UNRESOLVED_REQUIRES_MANUAL_BINDING
1777601400,1777601700,VIX,VIX,M5,Bid,19.35,19.37,19.33,19.36,21,20,0,MT5_PY_API_UNIX_SECONDS,UNRESOLVED_REQUIRES_MANUAL_BINDING
1777601700,1777602000,VIX,VIX,M5,Bid,19.37,19.37,19.32,19.33,30,20,0,MT5_PY_API_UNIX_SECONDS,UNRESOLVED_REQUIRES_MANUAL_BINDING
1777602000,1777602300,VIX,VIX,M5,Bid,19.33,19.33,19.32,19.33,26,20,0,MT5_PY_API_UNIX_SECONDS,UNRESOLVED_REQUIRES_MANUAL_BINDING
1777602300,1777602600,VIX,VIX,M5,Bid,19.32,19.36,19.32,19.33,22,20,0,MT5_PY_API_UNIX_SECONDS,UNRESOLVED_REQUIRES_MANUAL_BINDING
1777602600,1777602900,VIX,VIX,M5,Bid,19.32,19.36,19.32,19.32,34,20,0,MT5_PY_API_UNIX_SECONDS,UNRESOLVED_REQUIRES_MANUAL_BINDING
1777602900,1777603200,VIX,VIX,M5,Bid,19.33,19.33,19.32,19.32,4,20,0,MT5_PY_API_UNIX_SECONDS,UNRESOLVED_REQUIRES_MANUAL_BINDING
1777603200,1777603500,VIX,VIX,M5,Bid,19.33,19.34,19.32,19.33,11,20,0,MT5_PY_API_UNIX_SECONDS,UNRESOLVED_REQUIRES_MANUAL_BINDING
1777603500,1777603800,VIX,VIX,M5,Bid,19.34,19.37,19.33,19.36,18,20,0,MT5_PY_API_UNIX_SECONDS,UNRESOLVED_REQUIRES_MANUAL_BINDING
1777603800,1777604100,VIX,VIX,M5,Bid,19.37,19.37,19.36,19.37,8,20,0,MT5_PY_API_UNIX_SECONDS,UNRESOLVED_REQUIRES_MANUAL_BINDING
1777604100,1777604400,VIX,VIX,M5,Bid,19.4,19.41,19.37,19.37,24,20,0,MT5_PY_API_UNIX_SECONDS,UNRESOLVED_REQUIRES_MANUAL_BINDING
1777604400,1777604700,VIX,VIX,M5,Bid,19.36,19.36,19.32,19.32,62,20,0,MT5_PY_API_UNIX_SECONDS,UNRESOLVED_REQUIRES_MANUAL_BINDING
1777604700,1777605000,VIX,VIX,M5,Bid,19.33,19.37,19.32,19.33,53,20,0,MT5_PY_API_UNIX_SECONDS,UNRESOLVED_REQUIRES_MANUAL_BINDING
1777605000,1777605300,VIX,VIX,M5,Bid,19.34,19.38,19.33,19.37,11,21,0,MT5_PY_API_UNIX_SECONDS,UNRESOLVED_REQUIRES_MANUAL_BINDING
1777605300,1777605600,VIX,VIX,M5,Bid,19.36,19.36,19.33,19.33,18,20,0,MT5_PY_API_UNIX_SECONDS,UNRESOLVED_REQUIRES_MANUAL_BINDING
1777605600,1777605900,VIX,VIX,M5,Bid,19.32,19.33,19.32,19.33,50,20,0,MT5_PY_API_UNIX_SECONDS,UNRESOLVED_REQUIRES_MANUAL_BINDING
1777605900,1777606200,VIX,VIX,M5,Bid,19.32,19.33,19.32,19.32,51,20,0,MT5_PY_API_UNIX_SECONDS,UNRESOLVED_REQUIRES_MANUAL_BINDING
1777606800,1777607100,VIX,VIX,M5,Bid,19.33,19.33,19.32,19.32,2,21,0,MT5_PY_API_UNIX_SECONDS,UNRESOLVED_REQUIRES_MANUAL_BINDING
1777607100,1777607400,VIX,VIX,M5,Bid,19.32,19.32,19.27,19.28,7,20,0,MT5_PY_API_UNIX_SECONDS,UNRESOLVED_REQUIRES_MANUAL_BINDING
1777607400,1777607700,VIX,VIX,M5,Bid,19.31,19.31,19.29,19.31,22,20,0,MT5_PY_API_UNIX_SECONDS,UNRESOLVED_REQUIRES_MANUAL_BINDING
1777607700,1777608000,VIX,VIX,M5,Bid,19.3,19.31,19.28,19.29,10,20,0,MT5_PY_API_UNIX_SECONDS,UNRESOLVED_REQUIRES_MANUAL_BINDING
1777608000,1777608300,VIX,VIX,M5,Bid,19.31,19.31,19.28,19.31,4,21,0,MT5_PY_API_UNIX_SECONDS,UNRESOLVED_REQUIRES_MANUAL_BINDING
1777608300,1777608600,VIX,VIX,M5,Bid,19.3,19.3,19.27,19.27,8,20,0,MT5_PY_API_UNIX_SECONDS,UNRESOLVED_REQUIRES_MANUAL_BINDING
1777608900,1777609200,VIX,VIX,M5,Bid,19.27,19.28,19.27,19.27,3,21,0,MT5_PY_API_UNIX_SECONDS,UNRESOLVED_REQUIRES_MANUAL_BINDING
1777609200,1777609500,VIX,VIX,M5,Bid,19.27,19.27,19.27,19.27,1,21,0,MT5_PY_API_UNIX_SECONDS,UNRESOLVED_REQUIRES_MANUAL_BINDING
1777609500,1777609800,VIX,VIX,M5,Bid,19.28,19.28,19.27,19.27,2,20,0,MT5_PY_API_UNIX_SECONDS,UNRESOLVED_REQUIRES_MANUAL_BINDING
1777609800,1777610100,VIX,VIX,M5,Bid,19.26,19.26,19.23,19.26,11,21,0,MT5_PY_API_UNIX_SECONDS,UNRESOLVED_REQUIRES_MANUAL_BINDING
1777610100,1777610400,VIX,VIX,M5,Bid,19.25,19.27,19.25,19.27,3,21,0,MT5_PY_API_UNIX_SECONDS,UNRESOLVED_REQUIRES_MANUAL_BINDING
1777610400,1777610700,VIX,VIX,M5,Bid,19.28,19.28,19.27,19.28,23,21,0,MT5_PY_API_UNIX_SECONDS,UNRESOLVED_REQUIRES_MANUAL_BINDING
1777610700,1777611000,VIX,VIX,M5,Bid,19.27,19.28,19.27,19.27,5,21,0,MT5_PY_API_UNIX_SECONDS,UNRESOLVED_REQUIRES_MANUAL_BINDING
1777614000,1777614300,VIX,VIX,M5,Bid,19.28,19.31,19.28,19.31,6,20,0,MT5_PY_API_UNIX_SECONDS,UNRESOLVED_REQUIRES_MANUAL_BINDING
1777614600,1777614900,VIX,VIX,M5,Bid,19.3,19.3,19.28,19.28,2,20,0,MT5_PY_API_UNIX_SECONDS,UNRESOLVED_REQUIRES_MANUAL_BINDING
1777614900,1777615200,VIX,VIX,M5,Bid,19.31,19.31,19.28,19.31,9,20,0,MT5_PY_API_UNIX_SECONDS,UNRESOLVED_REQUIRES_MANUAL_BINDING
1777615800,1777616100,VIX,VIX,M5,Bid,19.32,19.32,19.32,19.32,1,21,0,MT5_PY_API_UNIX_SECONDS,UNRESOLVED_REQUIRES_MANUAL_BINDING
1777616400,1777616700,VIX,VIX,M5,Bid,19.32,19.32,19.31,19.31,2,20,0,MT5_PY_API_UNIX_SECONDS,UNRESOLVED_REQUIRES_MANUAL_BINDING
1777616700,1777617000,VIX,VIX,M5,Bid,19.32,19.32,19.31,19.32,5,21,0,MT5_PY_API_UNIX_SECONDS,UNRESOLVED_REQUIRES_MANUAL_BINDING
1777617000,1777617300,VIX,VIX,M5,Bid,19.32,19.32,19.31,19.32,5,20,0,MT5_PY_API_UNIX_SECONDS,UNRESOLVED_REQUIRES_MANUAL_BINDING
1777617600,1777617900,VIX,VIX,M5,Bid,19.33,19.33,19.33,19.33,1,21,0,MT5_PY_API_UNIX_SECONDS,UNRESOLVED_REQUIRES_MANUAL_BINDING
1777617900,1777618200,VIX,VIX,M5,Bid,19.34,19.36,19.33,19.33,4,21,0,MT5_PY_API_UNIX_SECONDS,UNRESOLVED_REQUIRES_MANUAL_BINDING
1777618200,1777618500,VIX,VIX,M5,Bid,19.33,19.33,19.32,19.32,2,20,0,MT5_PY_API_UNIX_SECONDS,UNRESOLVED_REQUIRES_MANUAL_BINDING
1777618500,1777618800,VIX,VIX,M5,Bid,19.32,19.32,19.32,19.32,1,21,0,MT5_PY_API_UNIX_SECONDS,UNRESOLVED_REQUIRES_MANUAL_BINDING
1777618800,1777619100,VIX,VIX,M5,Bid,19.37,19.37,19.32,19.32,5,20,0,MT5_PY_API_UNIX_SECONDS,UNRESOLVED_REQUIRES_MANUAL_BINDING
1777619100,1777619400,VIX,VIX,M5,Bid,19.33,19.33,19.32,19.32,2,20,0,MT5_PY_API_UNIX_SECONDS,UNRESOLVED_REQUIRES_MANUAL_BINDING
1777620600,1777620900,VIX,VIX,M5,Bid,19.33,19.33,19.32,19.33,5,20,0,MT5_PY_API_UNIX_SECONDS,UNRESOLVED_REQUIRES_MANUAL_BINDING
1777620900,1777621200,VIX,VIX,M5,Bid,19.32,19.33,19.32,19.32,3,20,0,MT5_PY_API_UNIX_SECONDS,UNRESOLVED_REQUIRES_MANUAL_BINDING
1777621200,1777621500,VIX,VIX,M5,Bid,19.33,19.33,19.32,19.32,3,20,0,MT5_PY_API_UNIX_SECONDS,UNRESOLVED_REQUIRES_MANUAL_BINDING
1777622400,1777622700,VIX,VIX,M5,Bid,19.33,19.33,19.32,19.32,4,20,0,MT5_PY_API_UNIX_SECONDS,UNRESOLVED_REQUIRES_MANUAL_BINDING
1777623300,1777623600,VIX,VIX,M5,Bid,19.33,19.33,19.33,19.33,2,20,0,MT5_PY_API_UNIX_SECONDS,UNRESOLVED_REQUIRES_MANUAL_BINDING
1777623600,1777623900,VIX,VIX,M5,Bid,19.32,19.32,19.32,19.32,1,21,0,MT5_PY_API_UNIX_SECONDS,UNRESOLVED_REQUIRES_MANUAL_BINDING
1777624200,1777624500,VIX,VIX,M5,Bid,19.33,19.33,19.32,19.32,4,20,0,MT5_PY_API_UNIX_SECONDS,UNRESOLVED_REQUIRES_MANUAL_BINDING
1777624500,1777624800,VIX,VIX,M5,Bid,19.33,19.33,19.32,19.33,3,20,0,MT5_PY_API_UNIX_SECONDS,UNRESOLVED_REQUIRES_MANUAL_BINDING
1777624800,1777625100,VIX,VIX,M5,Bid,19.32,19.33,19.32,19.32,3,20,0,MT5_PY_API_UNIX_SECONDS,UNRESOLVED_REQUIRES_MANUAL_BINDING
1777625100,1777625400,VIX,VIX,M5,Bid,19.33,19.33,19.32,19.32,6,20,0,MT5_PY_API_UNIX_SECONDS,UNRESOLVED_REQUIRES_MANUAL_BINDING
1777625700,1777626000,VIX,VIX,M5,Bid,19.33,19.33,19.32,19.32,6,20,0,MT5_PY_API_UNIX_SECONDS,UNRESOLVED_REQUIRES_MANUAL_BINDING
1777626000,1777626300,VIX,VIX,M5,Bid,19.32,19.32,19.32,19.32,1,21,0,MT5_PY_API_UNIX_SECONDS,UNRESOLVED_REQUIRES_MANUAL_BINDING
1777626600,1777626900,VIX,VIX,M5,Bid,19.31,19.31,19.27,19.28,3,21,0,MT5_PY_API_UNIX_SECONDS,UNRESOLVED_REQUIRES_MANUAL_BINDING
1777627200,1777627500,VIX,VIX,M5,Bid,19.28,19.28,19.28,19.28,1,21,0,MT5_PY_API_UNIX_SECONDS,UNRESOLVED_REQUIRES_MANUAL_BINDING
1777627500,1777627800,VIX,VIX,M5,Bid,19.29,19.29,19.28,19.28,2,21,0,MT5_PY_API_UNIX_SECONDS,UNRESOLVED_REQUIRES_MANUAL_BINDING
1777627800,1777628100,VIX,VIX,M5,Bid,19.27,19.28,19.27,19.27,5,20,0,MT5_PY_API_UNIX_SECONDS,UNRESOLVED_REQUIRES_MANUAL_BINDING
1777628100,1777628400,VIX,VIX,M5,Bid,19.28,19.32,19.28,19.32,8,21,0,MT5_PY_API_UNIX_SECONDS,UNRESOLVED_REQUIRES_MANUAL_BINDING
1777628400,1777628700,VIX,VIX,M5,Bid,19.33,19.33,19.32,19.32,2,21,0,MT5_PY_API_UNIX_SECONDS,UNRESOLVED_REQUIRES_MANUAL_BINDING
1777628700,1777629000,VIX,VIX,M5,Bid,19.33,19.33,19.31,19.32,4,20,0,MT5_PY_API_UNIX_SECONDS,UNRESOLVED_REQUIRES_MANUAL_BINDING
1777629300,1777629600,VIX,VIX,M5,Bid,19.33,19.33,19.32,19.32,24,20,0,MT5_PY_API_UNIX_SECONDS,UNRESOLVED_REQUIRES_MANUAL_BINDING
1777629600,1777629900,VIX,VIX,M5,Bid,19.33,19.33,19.32,19.32,12,20,0,MT5_PY_API_UNIX_SECONDS,UNRESOLVED_REQUIRES_MANUAL_BINDING
1777629900,1777630200,VIX,VIX,M5,Bid,19.32,19.33,19.31,19.32,22,20,0,MT5_PY_API_UNIX_SECONDS,UNRESOLVED_REQUIRES_MANUAL_BINDING
1777630200,1777630500,VIX,VIX,M5,Bid,19.31,19.32,19.31,19.31,6,20,0,MT5_PY_API_UNIX_SECONDS,UNRESOLVED_REQUIRES_MANUAL_BINDING
1777630500,1777630800,VIX,VIX,M5,Bid,19.32,19.32,19.31,19.32,8,20,0,MT5_PY_API_UNIX_SECONDS,UNRESOLVED_REQUIRES_MANUAL_BINDING
1777630800,1777631100,VIX,VIX,M5,Bid,19.32,19.32,19.27,19.28,10,20,0,MT5_PY_API_UNIX_SECONDS,UNRESOLVED_REQUIRES_MANUAL_BINDING
1777631100,1777631400,VIX,VIX,M5,Bid,19.28,19.28,19.27,19.28,3,20,0,MT5_PY_API_UNIX_SECONDS,UNRESOLVED_REQUIRES_MANUAL_BINDING
1777631400,1777631700,VIX,VIX,M5,Bid,19.29,19.37,19.28,19.37,7,20,0,MT5_PY_API_UNIX_SECONDS,UNRESOLVED_REQUIRES_MANUAL_BINDING
1777631700,1777632000,VIX,VIX,M5,Bid,19.37,19.42,19.36,19.42,6,20,0,MT5_PY_API_UNIX_SECONDS,UNRESOLVED_REQUIRES_MANUAL_BINDING
1777632000,1777632300,VIX,VIX,M5,Bid,19.43,19.43,19.38,19.38,7,20,0,MT5_PY_API_UNIX_SECONDS,UNRESOLVED_REQUIRES_MANUAL_BINDING
1777632300,1777632600,VIX,VIX,M5,Bid,19.38,19.38,19.33,19.36,9,20,0,MT5_PY_API_UNIX_SECONDS,UNRESOLVED_REQUIRES_MANUAL_BINDING
1777632600,1777632900,VIX,VIX,M5,Bid,19.37,19.38,19.36,19.37,18,20,0,MT5_PY_API_UNIX_SECONDS,UNRESOLVED_REQUIRES_MANUAL_BINDING
1777632900,1777633200,VIX,VIX,M5,Bid,19.38,19.41,19.36,19.37,11,20,0,MT5_PY_API_UNIX_SECONDS,UNRESOLVED_REQUIRES_MANUAL_BINDING
1777633200,1777633500,VIX,VIX,M5,Bid,19.37,19.37,19.33,19.36,34,20,0,MT5_PY_API_UNIX_SECONDS,UNRESOLVED_REQUIRES_MANUAL_BINDING
1777633500,1777633800,VIX,VIX,M5,Bid,19.35,19.36,19.33,19.33,13,20,0,MT5_PY_API_UNIX_SECONDS,UNRESOLVED_REQUIRES_MANUAL_BINDING
1777633800,1777634100,VIX,VIX,M5,Bid,19.33,19.33,19.32,19.32,3,20,0,MT5_PY_API_UNIX_SECONDS,UNRESOLVED_REQUIRES_MANUAL_BINDING
1777634100,1777634400,VIX,VIX,M5,Bid,19.31,19.33,19.31,19.33,7,21,0,MT5_PY_API_UNIX_SECONDS,UNRESOLVED_REQUIRES_MANUAL_BINDING
1777634400,1777634700,VIX,VIX,M5,Bid,19.32,19.33,19.32,19.32,3,21,0,MT5_PY_API_UNIX_SECONDS,UNRESOLVED_REQUIRES_MANUAL_BINDING
1777634700,1777635000,VIX,VIX,M5,Bid,19.33,19.33,19.32,19.33,5,20,0,MT5_PY_API_UNIX_SECONDS,UNRESOLVED_REQUIRES_MANUAL_BINDING
1777635000,1777635300,VIX,VIX,M5,Bid,19.33,19.33,19.32,19.32,6,20,0,MT5_PY_API_UNIX_SECONDS,UNRESOLVED_REQUIRES_MANUAL_BINDING
1777635300,1777635600,VIX,VIX,M5,Bid,19.33,19.33,19.33,19.33,4,20,0,MT5_PY_API_UNIX_SECONDS,UNRESOLVED_REQUIRES_MANUAL_BINDING
1777635600,1777635900,VIX,VIX,M5,Bid,19.33,19.36,19.32,19.33,14,20,0,MT5_PY_API_UNIX_SECONDS,UNRESOLVED_REQUIRES_MANUAL_BINDING
1777635900,1777636200,VIX,VIX,M5,Bid,19.34,19.36,19.33,19.33,11,21,0,MT5_PY_API_UNIX_SECONDS,UNRESOLVED_REQUIRES_MANUAL_BINDING
1777636200,1777636500,VIX,VIX,M5,Bid,19.36,19.36,19.33,19.33,29,21,0,MT5_PY_API_UNIX_SECONDS,UNRESOLVED_REQUIRES_MANUAL_BINDING
1777636800,1777637100,VIX,VIX,M5,Bid,19.34,19.41,19.34,19.41,17,20,0,MT5_PY_API_UNIX_SECONDS,UNRESOLVED_REQUIRES_MANUAL_BINDING
1777637100,1777637400,VIX,VIX,M5,Bid,19.42,19.42,19.38,19.38,24,20,0,MT5_PY_API_UNIX_SECONDS,UNRESOLVED_REQUIRES_MANUAL_BINDING
1777637400,1777637700,VIX,VIX,M5,Bid,19.37,19.37,19.37,19.37,1,21,0,MT5_PY_API_UNIX_SECONDS,UNRESOLVED_REQUIRES_MANUAL_BINDING
1777638000,1777638300,VIX,VIX,M5,Bid,19.36,19.37,19.36,19.36,4,20,0,MT5_PY_API_UNIX_SECONDS,UNRESOLVED_REQUIRES_MANUAL_BINDING
1777638300,1777638600,VIX,VIX,M5,Bid,19.37,19.37,19.37,19.37,2,20,0,MT5_PY_API_UNIX_SECONDS,UNRESOLVED_REQUIRES_MANUAL_BINDING
1777638600,1777638900,VIX,VIX,M5,Bid,19.38,19.38,19.37,19.37,2,20,0,MT5_PY_API_UNIX_SECONDS,UNRESOLVED_REQUIRES_MANUAL_BINDING
1777638900,1777639200,VIX,VIX,M5,Bid,19.37,19.37,19.37,19.37,1,20,0,MT5_PY_API_UNIX_SECONDS,UNRESOLVED_REQUIRES_MANUAL_BINDING
1777639200,1777639500,VIX,VIX,M5,Bid,19.37,19.41,19.37,19.38,7,21,0,MT5_PY_API_UNIX_SECONDS,UNRESOLVED_REQUIRES_MANUAL_BINDING
1777639800,1777640100,VIX,VIX,M5,Bid,19.37,19.38,19.37,19.38,4,20,0,MT5_PY_API_UNIX_SECONDS,UNRESOLVED_REQUIRES_MANUAL_BINDING
1777640100,1777640400,VIX,VIX,M5,Bid,19.37,19.38,19.37,19.37,3,21,0,MT5_PY_API_UNIX_SECONDS,UNRESOLVED_REQUIRES_MANUAL_BINDING
1777640400,1777640700,VIX,VIX,M5,Bid,19.38,19.38,19.37,19.38,6,20,0,MT5_PY_API_UNIX_SECONDS,UNRESOLVED_REQUIRES_MANUAL_BINDING
1777640700,1777641000,VIX,VIX,M5,Bid,19.37,19.38,19.37,19.37,4,20,0,MT5_PY_API_UNIX_SECONDS,UNRESOLVED_REQUIRES_MANUAL_BINDING
1777641000,1777641300,VIX,VIX,M5,Bid,19.38,19.38,19.37,19.37,15,20,0,MT5_PY_API_UNIX_SECONDS,UNRESOLVED_REQUIRES_MANUAL_BINDING
1777642200,1777642500,VIX,VIX,M5,Bid,19.38,19.38,19.38,19.38,2,21,0,MT5_PY_API_UNIX_SECONDS,UNRESOLVED_REQUIRES_MANUAL_BINDING
1777642500,1777642800,VIX,VIX,M5,Bid,19.39,19.42,19.39,19.42,10,20,0,MT5_PY_API_UNIX_SECONDS,UNRESOLVED_REQUIRES_MANUAL_BINDING
1777642800,1777643100,VIX,VIX,M5,Bid,19.41,19.42,19.41,19.42,4,21,0,MT5_PY_API_UNIX_SECONDS,UNRESOLVED_REQUIRES_MANUAL_BINDING
1777643100,1777643400,VIX,VIX,M5,Bid,19.41,19.42,19.38,19.38,6,21,0,MT5_PY_API_UNIX_SECONDS,UNRESOLVED_REQUIRES_MANUAL_BINDING
1777643400,1777643700,VIX,VIX,M5,Bid,19.38,19.38,19.37,19.38,8,20,0,MT5_PY_API_UNIX_SECONDS,UNRESOLVED_REQUIRES_MANUAL_BINDING
1777643700,1777644000,VIX,VIX,M5,Bid,19.38,19.38,19.37,19.37,4,20,0,MT5_PY_API_UNIX_SECONDS,UNRESOLVED_REQUIRES_MANUAL_BINDING
1777644000,1777644300,VIX,VIX,M5,Bid,19.37,19.38,19.37,19.37,6,20,0,MT5_PY_API_UNIX_SECONDS,UNRESOLVED_REQUIRES_MANUAL_BINDING
1777644300,1777644600,VIX,VIX,M5,Bid,19.38,19.41,19.37,19.38,42,20,0,MT5_PY_API_UNIX_SECONDS,UNRESOLVED_REQUIRES_MANUAL_BINDING
1777644600,1777644900,VIX,VIX,M5,Bid,19.4,19.41,19.38,19.38,27,20,0,MT5_PY_API_UNIX_SECONDS,UNRESOLVED_REQUIRES_MANUAL_BINDING
1777644900,1777645200,VIX,VIX,M5,Bid,19.38,19.38,19.37,19.37,5,20,0,MT5_PY_API_UNIX_SECONDS,UNRESOLVED_REQUIRES_MANUAL_BINDING
1777645200,1777645500,VIX,VIX,M5,Bid,19.37,19.37,19.37,19.37,1,21,0,MT5_PY_API_UNIX_SECONDS,UNRESOLVED_REQUIRES_MANUAL_BINDING
1777645500,1777645800,VIX,VIX,M5,Bid,19.37,19.37,19.33,19.33,5,21,0,MT5_PY_API_UNIX_SECONDS,UNRESOLVED_REQUIRES_MANUAL_BINDING
1777645800,1777646100,VIX,VIX,M5,Bid,19.34,19.36,19.33,19.33,26,20,0,MT5_PY_API_UNIX_SECONDS,UNRESOLVED_REQUIRES_MANUAL_BINDING
1777646100,1777646400,VIX,VIX,M5,Bid,19.35,19.36,19.33,19.33,5,21,0,MT5_PY_API_UNIX_SECONDS,UNRESOLVED_REQUIRES_MANUAL_BINDING
1777646400,1777646700,VIX,VIX,M5,Bid,19.34,19.36,19.33,19.35,12,20,0,MT5_PY_API_UNIX_SECONDS,UNRESOLVED_REQUIRES_MANUAL_BINDING
1777646700,1777647000,VIX,VIX,M5,Bid,19.36,19.36,19.33,19.33,42,20,0,MT5_PY_API_UNIX_SECONDS,UNRESOLVED_REQUIRES_MANUAL_BINDING
1777647000,1777647300,VIX,VIX,M5,Bid,19.33,19.33,19.32,19.33,3,20,0,MT5_PY_API_UNIX_SECONDS,UNRESOLVED_REQUIRES_MANUAL_BINDING
1777647300,1777647600,VIX,VIX,M5,Bid,19.32,19.32,19.31,19.31,3,20,0,MT5_PY_API_UNIX_SECONDS,UNRESOLVED_REQUIRES_MANUAL_BINDING
1777647600,1777647900,VIX,VIX,M5,Bid,19.32,19.32,19.31,19.32,13,20,0,MT5_PY_API_UNIX_SECONDS,UNRESOLVED_REQUIRES_MANUAL_BINDING
1777647900,1777648200,VIX,VIX,M5,Bid,19.32,19.32,19.28,19.32,5,20,0,MT5_PY_API_UNIX_SECONDS,UNRESOLVED_REQUIRES_MANUAL_BINDING
1777648200,1777648500,VIX,VIX,M5,Bid,19.31,19.31,19.17,19.23,64,20,0,MT5_PY_API_UNIX_SECONDS,UNRESOLVED_REQUIRES_MANUAL_BINDING
1777648500,1777648800,VIX,VIX,M5,Bid,19.22,19.23,19.21,19.21,39,20,0,MT5_PY_API_UNIX_SECONDS,UNRESOLVED_REQUIRES_MANUAL_BINDING
1777648800,1777649100,VIX,VIX,M5,Bid,19.22,19.23,19.21,19.22,58,20,0,MT5_PY_API_UNIX_SECONDS,UNRESOLVED_REQUIRES_MANUAL_BINDING
1777649100,1777649400,VIX,VIX,M5,Bid,19.21,19.23,19.21,19.23,5,20,0,MT5_PY_API_UNIX_SECONDS,UNRESOLVED_REQUIRES_MANUAL_BINDING
1777649400,1777649700,VIX,VIX,M5,Bid,19.25,19.27,19.23,19.26,54,20,0,MT5_PY_API_UNIX_SECONDS,UNRESOLVED_REQUIRES_MANUAL_BINDING
1777649700,1777650000,VIX,VIX,M5,Bid,19.27,19.28,19.26,19.27,33,20,0,MT5_PY_API_UNIX_SECONDS,UNRESOLVED_REQUIRES_MANUAL_BINDING
1777650000,1777650300,VIX,VIX,M5,Bid,19.28,19.37,19.28,19.37,34,20,0,MT5_PY_API_UNIX_SECONDS,UNRESOLVED_REQUIRES_MANUAL_BINDING
1777650300,1777650600,VIX,VIX,M5,Bid,19.37,19.38,19.33,19.37,11,20,0,MT5_PY_API_UNIX_SECONDS,UNRESOLVED_REQUIRES_MANUAL_BINDING
1777650600,1777650900,VIX,VIX,M5,Bid,19.36,19.36,19.33,19.33,33,20,0,MT5_PY_API_UNIX_SECONDS,UNRESOLVED_REQUIRES_MANUAL_BINDING
1777650900,1777651200,VIX,VIX,M5,Bid,19.33,19.33,19.27,19.28,13,20,0,MT5_PY_API_UNIX_SECONDS,UNRESOLVED_REQUIRES_MANUAL_BINDING
1777651200,1777651500,VIX,VIX,M5,Bid,19.27,19.27,19.21,19.22,4,20,0,MT5_PY_API_UNIX_SECONDS,UNRESOLVED_REQUIRES_MANUAL_BINDING
1777651500,1777651800,VIX,VIX,M5,Bid,19.22,19.22,19.21,19.22,18,20,0,MT5_PY_API_UNIX_SECONDS,UNRESOLVED_REQUIRES_MANUAL_BINDING
1777651800,1777652100,VIX,VIX,M5,Bid,19.23,19.23,19.22,19.22,6,20,0,MT5_PY_API_UNIX_SECONDS,UNRESOLVED_REQUIRES_MANUAL_BINDING
1777652100,1777652400,VIX,VIX,M5,Bid,19.23,19.23,19.22,19.22,2,21,0,MT5_PY_API_UNIX_SECONDS,UNRESOLVED_REQUIRES_MANUAL_BINDING
1777652700,1777653000,VIX,VIX,M5,Bid,19.23,19.23,19.22,19.22,5,20,0,MT5_PY_API_UNIX_SECONDS,UNRESOLVED_REQUIRES_MANUAL_BINDING
1777653000,1777653300,VIX,VIX,M5,Bid,19.23,19.28,19.22,19.27,113,20,0,MT5_PY_API_UNIX_SECONDS,UNRESOLVED_REQUIRES_MANUAL_BINDING
1777653300,1777653600,VIX,VIX,M5,Bid,19.27,19.27,19.22,19.22,95,20,0,MT5_PY_API_UNIX_SECONDS,UNRESOLVED_REQUIRES_MANUAL_BINDING
1777653600,1777653900,VIX,VIX,M5,Bid,19.23,19.23,19.16,19.18,70,20,0,MT5_PY_API_UNIX_SECONDS,UNRESOLVED_REQUIRES_MANUAL_BINDING
1777653900,1777654200,VIX,VIX,M5,Bid,19.18,19.22,19.17,19.21,95,20,0,MT5_PY_API_UNIX_SECONDS,UNRESOLVED_REQUIRES_MANUAL_BINDING
1777654200,1777654500,VIX,VIX,M5,Bid,19.22,19.27,19.16,19.27,95,20,0,MT5_PY_API_UNIX_SECONDS,UNRESOLVED_REQUIRES_MANUAL_BINDING
1777654500,1777654800,VIX,VIX,M5,Bid,19.27,19.27,19.13,19.16,89,20,0,MT5_PY_API_UNIX_SECONDS,UNRESOLVED_REQUIRES_MANUAL_BINDING
1777654800,1777655100,VIX,VIX,M5,Bid,19.17,19.22,19.12,19.22,20,20,0,MT5_PY_API_UNIX_SECONDS,UNRESOLVED_REQUIRES_MANUAL_BINDING
1777655100,1777655400,VIX,VIX,M5,Bid,19.21,19.24,19.16,19.16,20,20,0,MT5_PY_API_UNIX_SECONDS,UNRESOLVED_REQUIRES_MANUAL_BINDING
1777655400,1777655700,VIX,VIX,M5,Bid,19.17,19.17,19.11,19.16,30,20,0,MT5_PY_API_UNIX_SECONDS,UNRESOLVED_REQUIRES_MANUAL_BINDING
1777655700,1777656000,VIX,VIX,M5,Bid,19.17,19.18,19.16,19.16,82,20,0,MT5_PY_API_UNIX_SECONDS,UNRESOLVED_REQUIRES_MANUAL_BINDING
1777656000,1777656300,VIX,VIX,M5,Bid,19.17,19.22,19.16,19.22,47,20,0,MT5_PY_API_UNIX_SECONDS,UNRESOLVED_REQUIRES_MANUAL_BINDING
1777656300,1777656600,VIX,VIX,M5,Bid,19.22,19.27,19.21,19.27,22,20,0,MT5_PY_API_UNIX_SECONDS,UNRESOLVED_REQUIRES_MANUAL_BINDING
1777656600,1777656900,VIX,VIX,M5,Bid,19.27,19.27,19.21,19.22,52,20,0,MT5_PY_API_UNIX_SECONDS,UNRESOLVED_REQUIRES_MANUAL_BINDING
1777656900,1777657200,VIX,VIX,M5,Bid,19.23,19.27,19.22,19.26,81,20,0,MT5_PY_API_UNIX_SECONDS,UNRESOLVED_REQUIRES_MANUAL_BINDING
1777657200,1777657500,VIX,VIX,M5,Bid,19.25,19.27,19.21,19.22,53,20,0,MT5_PY_API_UNIX_SECONDS,UNRESOLVED_REQUIRES_MANUAL_BINDING
1777657500,1777657800,VIX,VIX,M5,Bid,19.22,19.22,19.17,19.22,33,20,0,MT5_PY_API_UNIX_SECONDS,UNRESOLVED_REQUIRES_MANUAL_BINDING
1777657800,1777658100,VIX,VIX,M5,Bid,19.23,19.27,19.21,19.23,34,20,0,MT5_PY_API_UNIX_SECONDS,UNRESOLVED_REQUIRES_MANUAL_BINDING
1777658100,1777658400,VIX,VIX,M5,Bid,19.22,19.23,19.21,19.23,20,20,0,MT5_PY_API_UNIX_SECONDS,UNRESOLVED_REQUIRES_MANUAL_BINDING
1777658400,1777658700,VIX,VIX,M5,Bid,19.27,19.38,19.26,19.38,75,20,0,MT5_PY_API_UNIX_SECONDS,UNRESOLVED_REQUIRES_MANUAL_BINDING
1777658700,1777659000,VIX,VIX,M5,Bid,19.38,19.41,19.33,19.33,119,20,0,MT5_PY_API_UNIX_SECONDS,UNRESOLVED_REQUIRES_MANUAL_BINDING
1777659000,1777659300,VIX,VIX,M5,Bid,19.36,19.37,19.31,19.31,54,20,0,MT5_PY_API_UNIX_SECONDS,UNRESOLVED_REQUIRES_MANUAL_BINDING
1777659300,1777659600,VIX,VIX,M5,Bid,19.32,19.32,19.31,19.32,33,20,0,MT5_PY_API_UNIX_SECONDS,UNRESOLVED_REQUIRES_MANUAL_BINDING
1777659600,1777659900,VIX,VIX,M5,Bid,19.32,19.32,19.23,19.27,66,20,0,MT5_PY_API_UNIX_SECONDS,UNRESOLVED_REQUIRES_MANUAL_BINDING
1777659900,1777660200,VIX,VIX,M5,Bid,19.27,19.32,19.27,19.28,25,20,0,MT5_PY_API_UNIX_SECONDS,UNRESOLVED_REQUIRES_MANUAL_BINDING
1777660200,1777660500,VIX,VIX,M5,Bid,19.32,19.41,19.32,19.38,45,20,0,MT5_PY_API_UNIX_SECONDS,UNRESOLVED_REQUIRES_MANUAL_BINDING
1777660500,1777660800,VIX,VIX,M5,Bid,19.37,19.38,19.32,19.33,9,20,0,MT5_PY_API_UNIX_SECONDS,UNRESOLVED_REQUIRES_MANUAL_BINDING
1777660800,1777661100,VIX,VIX,M5,Bid,19.32,19.38,19.32,19.37,17,20,0,MT5_PY_API_UNIX_SECONDS,UNRESOLVED_REQUIRES_MANUAL_BINDING
1777661100,1777661400,VIX,VIX,M5,Bid,19.37,19.37,19.31,19.32,23,20,0,MT5_PY_API_UNIX_SECONDS,UNRESOLVED_REQUIRES_MANUAL_BINDING
1777661400,1777661700,VIX,VIX,M5,Bid,19.31,19.47,19.31,19.37,125,20,0,MT5_PY_API_UNIX_SECONDS,UNRESOLVED_REQUIRES_MANUAL_BINDING
1777661700,1777662000,VIX,VIX,M5,Bid,19.36,19.41,19.36,19.37,10,20,0,MT5_PY_API_UNIX_SECONDS,UNRESOLVED_REQUIRES_MANUAL_BINDING
1777662000,1777662300,VIX,VIX,M5,Bid,19.36,19.38,19.33,19.37,25,20,0,MT5_PY_API_UNIX_SECONDS,UNRESOLVED_REQUIRES_MANUAL_BINDING
1777662300,1777662600,VIX,VIX,M5,Bid,19.38,19.47,19.37,19.46,29,20,0,MT5_PY_API_UNIX_SECONDS,UNRESOLVED_REQUIRES_MANUAL_BINDING
1777662600,1777662900,VIX,VIX,M5,Bid,19.45,19.46,19.41,19.43,29,20,0,MT5_PY_API_UNIX_SECONDS,UNRESOLVED_REQUIRES_MANUAL_BINDING
1777662900,1777663200,VIX,VIX,M5,Bid,19.42,19.43,19.42,19.42,5,20,0,MT5_PY_API_UNIX_SECONDS,UNRESOLVED_REQUIRES_MANUAL_BINDING
1777663200,1777663500,VIX,VIX,M5,Bid,19.43,19.53,19.41,19.46,66,20,0,MT5_PY_API_UNIX_SECONDS,UNRESOLVED_REQUIRES_MANUAL_BINDING
1777663500,1777663800,VIX,VIX,M5,Bid,19.47,19.56,19.47,19.51,102,20,0,MT5_PY_API_UNIX_SECONDS,UNRESOLVED_REQUIRES_MANUAL_BINDING
1777663800,1777664100,VIX,VIX,M5,Bid,19.52,19.53,19.48,19.48,121,20,0,MT5_PY_API_UNIX_SECONDS,UNRESOLVED_REQUIRES_MANUAL_BINDING
1777664100,1777664400,VIX,VIX,M5,Bid,19.48,19.48,19.42,19.42,20,20,0,MT5_PY_API_UNIX_SECONDS,UNRESOLVED_REQUIRES_MANUAL_BINDING
1777664400,1777664700,VIX,VIX,M5,Bid,19.41,19.43,19.38,19.38,50,20,0,MT5_PY_API_UNIX_SECONDS,UNRESOLVED_REQUIRES_MANUAL_BINDING
1777664700,1777665000,VIX,VIX,M5,Bid,19.39,19.41,19.36,19.37,71,20,0,MT5_PY_API_UNIX_SECONDS,UNRESOLVED_REQUIRES_MANUAL_BINDING
1777665000,1777665300,VIX,VIX,M5,Bid,19.38,19.38,19.32,19.32,17,20,0,MT5_PY_API_UNIX_SECONDS,UNRESOLVED_REQUIRES_MANUAL_BINDING
1777665300,1777665600,VIX,VIX,M5,Bid,19.31,19.32,19.28,19.31,14,20,0,MT5_PY_API_UNIX_SECONDS,UNRESOLVED_REQUIRES_MANUAL_BINDING
1777665600,1777665900,VIX,VIX,M5,Bid,19.3,19.31,19.26,19.27,48,20,0,MT5_PY_API_UNIX_SECONDS,UNRESOLVED_REQUIRES_MANUAL_BINDING
1777665900,1777666200,VIX,VIX,M5,Bid,19.27,19.28,19.26,19.28,18,20,0,MT5_PY_API_UNIX_SECONDS,UNRESOLVED_REQUIRES_MANUAL_BINDING
1777666200,1777666500,VIX,VIX,M5,Bid,19.28,19.28,19.27,19.28,16,20,0,MT5_PY_API_UNIX_SECONDS,UNRESOLVED_REQUIRES_MANUAL_BINDING
1777666500,1777666800,VIX,VIX,M5,Bid,19.28,19.33,19.27,19.31,24,20,0,MT5_PY_API_UNIX_SECONDS,UNRESOLVED_REQUIRES_MANUAL_BINDING
1777666800,1777667100,VIX,VIX,M5,Bid,19.32,19.32,19.31,19.32,11,20,0,MT5_PY_API_UNIX_SECONDS,UNRESOLVED_REQUIRES_MANUAL_BINDING
1777667100,1777667400,VIX,VIX,M5,Bid,19.31,19.33,19.31,19.32,15,20,0,MT5_PY_API_UNIX_SECONDS,UNRESOLVED_REQUIRES_MANUAL_BINDING
1777667400,1777667700,VIX,VIX,M5,Bid,19.33,19.38,19.32,19.38,16,20,0,MT5_PY_API_UNIX_SECONDS,UNRESOLVED_REQUIRES_MANUAL_BINDING
1777667700,1777668000,VIX,VIX,M5,Bid,19.37,19.43,19.37,19.42,26,20,0,MT5_PY_API_UNIX_SECONDS,UNRESOLVED_REQUIRES_MANUAL_BINDING
1777668000,1777668300,VIX,VIX,M5,Bid,19.42,19.42,19.4,19.42,7,20,0,MT5_PY_API_UNIX_SECONDS,UNRESOLVED_REQUIRES_MANUAL_BINDING
1777668300,1777668600,VIX,VIX,M5,Bid,19.42,19.42,19.42,19.42,1,21,0,MT5_PY_API_UNIX_SECONDS,UNRESOLVED_REQUIRES_MANUAL_BINDING
1777668600,1777668900,VIX,VIX,M5,Bid,19.47,19.48,19.46,19.48,6,20,0,MT5_PY_API_UNIX_SECONDS,UNRESOLVED_REQUIRES_MANUAL_BINDING
1777668900,1777669200,VIX,VIX,M5,Bid,19.51,19.51,19.47,19.47,24,20,0,MT5_PY_API_UNIX_SECONDS,UNRESOLVED_REQUIRES_MANUAL_BINDING
1777669200,1777669500,VIX,VIX,M5,Bid,19.46,19.47,19.46,19.47,17,20,0,MT5_PY_API_UNIX_SECONDS,UNRESOLVED_REQUIRES_MANUAL_BINDING
1777669500,1777669800,VIX,VIX,M5,Bid,19.51,19.52,19.48,19.51,35,20,0,MT5_PY_API_UNIX_SECONDS,UNRESOLVED_REQUIRES_MANUAL_BINDING
1777669800,1777670100,VIX,VIX,M5,Bid,19.5,19.56,19.48,19.53,69,20,0,MT5_PY_API_UNIX_SECONDS,UNRESOLVED_REQUIRES_MANUAL_BINDING
1777670100,1777670400,VIX,VIX,M5,Bid,19.53,19.53,19.52,19.52,35,20,0,MT5_PY_API_UNIX_SECONDS,UNRESOLVED_REQUIRES_MANUAL_BINDING
1777670400,1777670700,VIX,VIX,M5,Bid,19.53,19.53,19.52,19.52,44,20,0,MT5_PY_API_UNIX_SECONDS,UNRESOLVED_REQUIRES_MANUAL_BINDING
1777670700,1777671000,VIX,VIX,M5,Bid,19.53,19.53,19.52,19.53,12,20,0,MT5_PY_API_UNIX_SECONDS,UNRESOLVED_REQUIRES_MANUAL_BINDING
1777671000,1777671300,VIX,VIX,M5,Bid,19.53,19.56,19.52,19.56,21,20,0,MT5_PY_API_UNIX_SECONDS,UNRESOLVED_REQUIRES_MANUAL_BINDING
1777671300,1777671600,VIX,VIX,M5,Bid,19.57,19.57,19.53,19.56,10,20,0,MT5_PY_API_UNIX_SECONDS,UNRESOLVED_REQUIRES_MANUAL_BINDING
1777671600,1777671900,VIX,VIX,M5,Bid,19.57,19.57,19.52,19.53,24,20,0,MT5_PY_API_UNIX_SECONDS,UNRESOLVED_REQUIRES_MANUAL_BINDING
1777671900,1777672200,VIX,VIX,M5,Bid,19.53,19.57,19.47,19.48,30,20,0,MT5_PY_API_UNIX_SECONDS,UNRESOLVED_REQUIRES_MANUAL_BINDING
1777672200,1777672500,VIX,VIX,M5,Bid,19.48,19.48,19.47,19.48,5,20,0,MT5_PY_API_UNIX_SECONDS,UNRESOLVED_REQUIRES_MANUAL_BINDING
1777672500,1777672800,VIX,VIX,M5,Bid,19.48,19.51,19.47,19.48,9,20,0,MT5_PY_API_UNIX_SECONDS,UNRESOLVED_REQUIRES_MANUAL_BINDING
1777672800,1777673100,VIX,VIX,M5,Bid,19.5,19.5,19.43,19.46,12,20,0,MT5_PY_API_UNIX_SECONDS,UNRESOLVED_REQUIRES_MANUAL_BINDING
1777673100,1777673400,VIX,VIX,M5,Bid,19.43,19.47,19.43,19.46,29,20,0,MT5_PY_API_UNIX_SECONDS,UNRESOLVED_REQUIRES_MANUAL_BINDING
1777673400,1777673700,VIX,VIX,M5,Bid,19.47,19.47,19.43,19.46,10,20,0,MT5_PY_API_UNIX_SECONDS,UNRESOLVED_REQUIRES_MANUAL_BINDING
1777673700,1777674000,VIX,VIX,M5,Bid,19.43,19.43,19.42,19.42,9,20,0,MT5_PY_API_UNIX_SECONDS,UNRESOLVED_REQUIRES_MANUAL_BINDING
1777674000,1777674300,VIX,VIX,M5,Bid,19.41,19.42,19.41,19.42,4,20,0,MT5_PY_API_UNIX_SECONDS,UNRESOLVED_REQUIRES_MANUAL_BINDING
1777674300,1777674600,VIX,VIX,M5,Bid,19.43,19.43,19.43,19.43,1,20,0,MT5_PY_API_UNIX_SECONDS,UNRESOLVED_REQUIRES_MANUAL_BINDING
1777674600,1777674900,VIX,VIX,M5,Bid,19.42,19.47,19.42,19.47,11,20,0,MT5_PY_API_UNIX_SECONDS,UNRESOLVED_REQUIRES_MANUAL_BINDING
1777675200,1777675500,VIX,VIX,M5,Bid,19.46,19.47,19.46,19.47,2,20,0,MT5_PY_API_UNIX_SECONDS,UNRESOLVED_REQUIRES_MANUAL_BINDING
1777675500,1777675800,VIX,VIX,M5,Bid,19.46,19.51,19.46,19.48,8,20,0,MT5_PY_API_UNIX_SECONDS,UNRESOLVED_REQUIRES_MANUAL_BINDING
1777675800,1777676100,VIX,VIX,M5,Bid,19.48,19.57,19.47,19.53,33,20,0,MT5_PY_API_UNIX_SECONDS,UNRESOLVED_REQUIRES_MANUAL_BINDING
1777676100,1777676400,VIX,VIX,M5,Bid,19.57,19.62,19.53,19.62,17,20,0,MT5_PY_API_UNIX_SECONDS,UNRESOLVED_REQUIRES_MANUAL_BINDING
1777676400,1777676700,VIX,VIX,M5,Bid,19.63,19.67,19.63,19.67,3,20,0,MT5_PY_API_UNIX_SECONDS,UNRESOLVED_REQUIRES_MANUAL_BINDING
1777676700,1777677000,VIX,VIX,M5,Bid,19.68,19.68,19.67,19.67,2,21,0,MT5_PY_API_UNIX_SECONDS,UNRESOLVED_REQUIRES_MANUAL_BINDING
1777678200,1777678500,VIX,VIX,M5,Bid,19.67,19.71,19.67,19.68,20,20,0,MT5_PY_API_UNIX_SECONDS,UNRESOLVED_REQUIRES_MANUAL_BINDING
1777678500,1777678800,VIX,VIX,M5,Bid,19.69,19.71,19.67,19.67,27,20,0,MT5_PY_API_UNIX_SECONDS,UNRESOLVED_REQUIRES_MANUAL_BINDING
1777678800,1777679100,VIX,VIX,M5,Bid,19.68,19.71,19.67,19.67,5,20,0,MT5_PY_API_UNIX_SECONDS,UNRESOLVED_REQUIRES_MANUAL_BINDING
1777679100,1777679400,VIX,VIX,M5,Bid,19.67,19.67,19.67,19.67,1,21,0,MT5_PY_API_UNIX_SECONDS,UNRESOLVED_REQUIRES_MANUAL_BINDING
1777679400,1777679700,VIX,VIX,M5,Bid,19.66,19.67,19.66,19.67,4,20,0,MT5_PY_API_UNIX_SECONDS,UNRESOLVED_REQUIRES_MANUAL_BINDING
1777679700,1777680000,VIX,VIX,M5,Bid,19.72,19.72,19.67,19.67,31,20,0,MT5_PY_API_UNIX_SECONDS,UNRESOLVED_REQUIRES_MANUAL_BINDING
1777856400,1777856700,VIX,VIX,M5,Bid,19.35,19.45,19.14,19.3,128,20,0,MT5_PY_API_UNIX_SECONDS,UNRESOLVED_REQUIRES_MANUAL_BINDING
1777856700,1777857000,VIX,VIX,M5,Bid,19.31,19.36,19.3,19.36,28,20,0,MT5_PY_API_UNIX_SECONDS,UNRESOLVED_REQUIRES_MANUAL_BINDING
1777857000,1777857300,VIX,VIX,M5,Bid,19.37,19.41,19.36,19.41,15,20,0,MT5_PY_API_UNIX_SECONDS,UNRESOLVED_REQUIRES_MANUAL_BINDING
1777857300,1777857600,VIX,VIX,M5,Bid,19.4,19.43,19.38,19.39,25,20,0,MT5_PY_API_UNIX_SECONDS,UNRESOLVED_REQUIRES_MANUAL_BINDING
1777857600,1777857900,VIX,VIX,M5,Bid,19.38,19.46,19.38,19.43,27,20,0,MT5_PY_API_UNIX_SECONDS,UNRESOLVED_REQUIRES_MANUAL_BINDING
1777857900,1777858200,VIX,VIX,M5,Bid,19.43,19.43,19.36,19.36,18,20,0,MT5_PY_API_UNIX_SECONDS,UNRESOLVED_REQUIRES_MANUAL_BINDING
1777858200,1777858500,VIX,VIX,M5,Bid,19.37,19.37,19.33,19.35,12,20,0,MT5_PY_API_UNIX_SECONDS,UNRESOLVED_REQUIRES_MANUAL_BINDING
1777858500,1777858800,VIX,VIX,M5,Bid,19.36,19.38,19.36,19.36,12,20,0,MT5_PY_API_UNIX_SECONDS,UNRESOLVED_REQUIRES_MANUAL_BINDING
1777858800,1777859100,VIX,VIX,M5,Bid,19.36,19.37,19.36,19.37,2,21,0,MT5_PY_API_UNIX_SECONDS,UNRESOLVED_REQUIRES_MANUAL_BINDING
1777859100,1777859400,VIX,VIX,M5,Bid,19.37,19.41,19.36,19.41,11,20,0,MT5_PY_API_UNIX_SECONDS,UNRESOLVED_REQUIRES_MANUAL_BINDING
1777859400,1777859700,VIX,VIX,M5,Bid,19.42,19.42,19.38,19.41,12,20,0,MT5_PY_API_UNIX_SECONDS,UNRESOLVED_REQUIRES_MANUAL_BINDING
1777859700,1777860000,VIX,VIX,M5,Bid,19.4,19.4,19.38,19.39,3,21,0,MT5_PY_API_UNIX_SECONDS,UNRESOLVED_REQUIRES_MANUAL_BINDING
1777860000,1777860300,VIX,VIX,M5,Bid,19.41,19.41,19.37,19.38,19,20,0,MT5_PY_API_UNIX_SECONDS,UNRESOLVED_REQUIRES_MANUAL_BINDING
1777860300,1777860600,VIX,VIX,M5,Bid,19.37,19.38,19.37,19.38,5,20,0,MT5_PY_API_UNIX_SECONDS,UNRESOLVED_REQUIRES_MANUAL_BINDING
1777860600,1777860900,VIX,VIX,M5,Bid,19.41,19.43,19.41,19.42,12,20,0,MT5_PY_API_UNIX_SECONDS,UNRESOLVED_REQUIRES_MANUAL_BINDING
1777860900,1777861200,VIX,VIX,M5,Bid,19.42,19.43,19.41,19.42,14,20,0,MT5_PY_API_UNIX_SECONDS,UNRESOLVED_REQUIRES_MANUAL_BINDING
1777861200,1777861500,VIX,VIX,M5,Bid,19.41,19.43,19.41,19.42,6,21,0,MT5_PY_API_UNIX_SECONDS,UNRESOLVED_REQUIRES_MANUAL_BINDING
1777861500,1777861800,VIX,VIX,M5,Bid,19.41,19.43,19.41,19.42,4,21,0,MT5_PY_API_UNIX_SECONDS,UNRESOLVED_REQUIRES_MANUAL_BINDING
1777861800,1777862100,VIX,VIX,M5,Bid,19.41,19.43,19.41,19.43,3,21,0,MT5_PY_API_UNIX_SECONDS,UNRESOLVED_REQUIRES_MANUAL_BINDING
1777862100,1777862400,VIX,VIX,M5,Bid,19.43,19.43,19.41,19.43,7,20,0,MT5_PY_API_UNIX_SECONDS,UNRESOLVED_REQUIRES_MANUAL_BINDING
1777862400,1777862700,VIX,VIX,M5,Bid,19.42,19.43,19.41,19.43,10,20,0,MT5_PY_API_UNIX_SECONDS,UNRESOLVED_REQUIRES_MANUAL_BINDING
1777862700,1777863000,VIX,VIX,M5,Bid,19.44,19.46,19.43,19.43,6,21,0,MT5_PY_API_UNIX_SECONDS,UNRESOLVED_REQUIRES_MANUAL_BINDING
1777863600,1777863900,VIX,VIX,M5,Bid,19.44,19.48,19.43,19.43,42,20,0,MT5_PY_API_UNIX_SECONDS,UNRESOLVED_REQUIRES_MANUAL_BINDING
1777863900,1777864200,VIX,VIX,M5,Bid,19.43,19.43,19.37,19.38,22,20,0,MT5_PY_API_UNIX_SECONDS,UNRESOLVED_REQUIRES_MANUAL_BINDING
1777864200,1777864500,VIX,VIX,M5,Bid,19.38,19.43,19.38,19.38,33,20,0,MT5_PY_API_UNIX_SECONDS,UNRESOLVED_REQUIRES_MANUAL_BINDING
1777864500,1777864800,VIX,VIX,M5,Bid,19.37,19.43,19.37,19.43,16,20,0,MT5_PY_API_UNIX_SECONDS,UNRESOLVED_REQUIRES_MANUAL_BINDING
1777864800,1777865100,VIX,VIX,M5,Bid,19.44,19.48,19.43,19.43,35,20,0,MT5_PY_API_UNIX_SECONDS,UNRESOLVED_REQUIRES_MANUAL_BINDING
1777865100,1777865400,VIX,VIX,M5,Bid,19.44,19.46,19.41,19.43,10,20,0,MT5_PY_API_UNIX_SECONDS,UNRESOLVED_REQUIRES_MANUAL_BINDING
1777865400,1777865700,VIX,VIX,M5,Bid,19.42,19.43,19.37,19.38,15,20,0,MT5_PY_API_UNIX_SECONDS,UNRESOLVED_REQUIRES_MANUAL_BINDING
1777865700,1777866000,VIX,VIX,M5,Bid,19.39,19.41,19.38,19.38,28,20,0,MT5_PY_API_UNIX_SECONDS,UNRESOLVED_REQUIRES_MANUAL_BINDING
1777866000,1777866300,VIX,VIX,M5,Bid,19.38,19.38,19.36,19.36,43,20,0,MT5_PY_API_UNIX_SECONDS,UNRESOLVED_REQUIRES_MANUAL_BINDING
1777866300,1777866600,VIX,VIX,M5,Bid,19.37,19.38,19.36,19.36,14,20,0,MT5_PY_API_UNIX_SECONDS,UNRESOLVED_REQUIRES_MANUAL_BINDING
1777866600,1777866900,VIX,VIX,M5,Bid,19.33,19.36,19.33,19.33,17,20,0,MT5_PY_API_UNIX_SECONDS,UNRESOLVED_REQUIRES_MANUAL_BINDING
1777866900,1777867200,VIX,VIX,M5,Bid,19.35,19.36,19.32,19.36,14,20,0,MT5_PY_API_UNIX_SECONDS,UNRESOLVED_REQUIRES_MANUAL_BINDING
1777867200,1777867500,VIX,VIX,M5,Bid,19.37,19.38,19.36,19.38,4,21,0,MT5_PY_API_UNIX_SECONDS,UNRESOLVED_REQUIRES_MANUAL_BINDING
1777867500,1777867800,VIX,VIX,M5,Bid,19.4,19.42,19.38,19.38,12,20,0,MT5_PY_API_UNIX_SECONDS,UNRESOLVED_REQUIRES_MANUAL_BINDING
1777867800,1777868100,VIX,VIX,M5,Bid,19.4,19.41,19.33,19.36,23,20,0,MT5_PY_API_UNIX_SECONDS,UNRESOLVED_REQUIRES_MANUAL_BINDING
1777868100,1777868400,VIX,VIX,M5,Bid,19.35,19.37,19.32,19.36,13,20,0,MT5_PY_API_UNIX_SECONDS,UNRESOLVED_REQUIRES_MANUAL_BINDING
1777868400,1777868700,VIX,VIX,M5,Bid,19.33,19.36,19.33,19.33,6,21,0,MT5_PY_API_UNIX_SECONDS,UNRESOLVED_REQUIRES_MANUAL_BINDING
1777868700,1777869000,VIX,VIX,M5,Bid,19.35,19.38,19.33,19.37,10,20,0,MT5_PY_API_UNIX_SECONDS,UNRESOLVED_REQUIRES_MANUAL_BINDING
1777869000,1777869300,VIX,VIX,M5,Bid,19.38,19.38,19.31,19.32,12,20,0,MT5_PY_API_UNIX_SECONDS,UNRESOLVED_REQUIRES_MANUAL_BINDING
1777869300,1777869600,VIX,VIX,M5,Bid,19.33,19.33,19.32,19.32,16,20,0,MT5_PY_API_UNIX_SECONDS,UNRESOLVED_REQUIRES_MANUAL_BINDING
1777869600,1777869900,VIX,VIX,M5,Bid,19.33,19.33,19.32,19.32,10,20,0,MT5_PY_API_UNIX_SECONDS,UNRESOLVED_REQUIRES_MANUAL_BINDING
1777869900,1777870200,VIX,VIX,M5,Bid,19.33,19.33,19.32,19.32,2,21,0,MT5_PY_API_UNIX_SECONDS,UNRESOLVED_REQUIRES_MANUAL_BINDING
1777870200,1777870500,VIX,VIX,M5,Bid,19.32,19.32,19.31,19.32,4,20,0,MT5_PY_API_UNIX_SECONDS,UNRESOLVED_REQUIRES_MANUAL_BINDING
1777870500,1777870800,VIX,VIX,M5,Bid,19.31,19.32,19.31,19.32,6,20,0,MT5_PY_API_UNIX_SECONDS,UNRESOLVED_REQUIRES_MANUAL_BINDING
1777870800,1777871100,VIX,VIX,M5,Bid,19.31,19.33,19.31,19.32,14,21,0,MT5_PY_API_UNIX_SECONDS,UNRESOLVED_REQUIRES_MANUAL_BINDING
1777871100,1777871400,VIX,VIX,M5,Bid,19.33,19.33,19.32,19.33,15,21,0,MT5_PY_API_UNIX_SECONDS,UNRESOLVED_REQUIRES_MANUAL_BINDING
1777871400,1777871700,VIX,VIX,M5,Bid,19.32,19.35,19.31,19.32,12,20,0,MT5_PY_API_UNIX_SECONDS,UNRESOLVED_REQUIRES_MANUAL_BINDING
1777871700,1777872000,VIX,VIX,M5,Bid,19.33,19.38,19.33,19.37,22,20,0,MT5_PY_API_UNIX_SECONDS,UNRESOLVED_REQUIRES_MANUAL_BINDING
1777872000,1777872300,VIX,VIX,M5,Bid,19.36,19.38,19.36,19.37,11,20,0,MT5_PY_API_UNIX_SECONDS,UNRESOLVED_REQUIRES_MANUAL_BINDING
1777872300,1777872600,VIX,VIX,M5,Bid,19.38,19.38,19.36,19.38,14,20,0,MT5_PY_API_UNIX_SECONDS,UNRESOLVED_REQUIRES_MANUAL_BINDING
1777872600,1777872900,VIX,VIX,M5,Bid,19.37,19.37,19.32,19.32,11,20,0,MT5_PY_API_UNIX_SECONDS,UNRESOLVED_REQUIRES_MANUAL_BINDING
1777872900,1777873200,VIX,VIX,M5,Bid,19.32,19.32,19.31,19.31,7,20,0,MT5_PY_API_UNIX_SECONDS,UNRESOLVED_REQUIRES_MANUAL_BINDING
1777873200,1777873500,VIX,VIX,M5,Bid,19.32,19.32,19.31,19.31,17,20,0,MT5_PY_API_UNIX_SECONDS,UNRESOLVED_REQUIRES_MANUAL_BINDING
1777873500,1777873800,VIX,VIX,M5,Bid,19.28,19.28,19.27,19.28,6,20,0,MT5_PY_API_UNIX_SECONDS,UNRESOLVED_REQUIRES_MANUAL_BINDING
1777873800,1777874100,VIX,VIX,M5,Bid,19.28,19.28,19.26,19.26,5,20,0,MT5_PY_API_UNIX_SECONDS,UNRESOLVED_REQUIRES_MANUAL_BINDING
1777874100,1777874400,VIX,VIX,M5,Bid,19.27,19.28,19.27,19.28,9,20,0,MT5_PY_API_UNIX_SECONDS,UNRESOLVED_REQUIRES_MANUAL_BINDING
1777874400,1777874700,VIX,VIX,M5,Bid,19.27,19.28,19.27,19.27,5,20,0,MT5_PY_API_UNIX_SECONDS,UNRESOLVED_REQUIRES_MANUAL_BINDING
1777874700,1777875000,VIX,VIX,M5,Bid,19.28,19.28,19.26,19.27,8,20,0,MT5_PY_API_UNIX_SECONDS,UNRESOLVED_REQUIRES_MANUAL_BINDING
1777875000,1777875300,VIX,VIX,M5,Bid,19.26,19.27,19.26,19.26,13,20,0,MT5_PY_API_UNIX_SECONDS,UNRESOLVED_REQUIRES_MANUAL_BINDING
1777875300,1777875600,VIX,VIX,M5,Bid,19.27,19.28,19.27,19.27,5,21,0,MT5_PY_API_UNIX_SECONDS,UNRESOLVED_REQUIRES_MANUAL_BINDING
1777876200,1777876500,VIX,VIX,M5,Bid,19.28,19.28,19.27,19.27,7,20,0,MT5_PY_API_UNIX_SECONDS,UNRESOLVED_REQUIRES_MANUAL_BINDING
1777876500,1777876800,VIX,VIX,M5,Bid,19.28,19.28,19.27,19.27,4,21,0,MT5_PY_API_UNIX_SECONDS,UNRESOLVED_REQUIRES_MANUAL_BINDING
1777876800,1777877100,VIX,VIX,M5,Bid,19.27,19.27,19.26,19.26,2,20,0,MT5_PY_API_UNIX_SECONDS,UNRESOLVED_REQUIRES_MANUAL_BINDING
1777877100,1777877400,VIX,VIX,M5,Bid,19.27,19.27,19.23,19.26,18,20,0,MT5_PY_API_UNIX_SECONDS,UNRESOLVED_REQUIRES_MANUAL_BINDING
1777877400,1777877700,VIX,VIX,M5,Bid,19.27,19.27,19.26,19.27,3,20,0,MT5_PY_API_UNIX_SECONDS,UNRESOLVED_REQUIRES_MANUAL_BINDING
1777877700,1777878000,VIX,VIX,M5,Bid,19.28,19.32,19.27,19.28,5,20,0,MT5_PY_API_UNIX_SECONDS,UNRESOLVED_REQUIRES_MANUAL_BINDING
1777878000,1777878300,VIX,VIX,M5,Bid,19.28,19.28,19.27,19.27,2,20,0,MT5_PY_API_UNIX_SECONDS,UNRESOLVED_REQUIRES_MANUAL_BINDING
1777878600,1777878900,VIX,VIX,M5,Bid,19.28,19.28,19.27,19.28,3,21,0,MT5_PY_API_UNIX_SECONDS,UNRESOLVED_REQUIRES_MANUAL_BINDING
1777878900,1777879200,VIX,VIX,M5,Bid,19.28,19.28,19.27,19.27,2,20,0,MT5_PY_API_UNIX_SECONDS,UNRESOLVED_REQUIRES_MANUAL_BINDING
1777879200,1777879500,VIX,VIX,M5,Bid,19.28,19.28,19.27,19.27,2,21,0,MT5_PY_API_UNIX_SECONDS,UNRESOLVED_REQUIRES_MANUAL_BINDING
1777879800,1777880100,VIX,VIX,M5,Bid,19.28,19.28,19.27,19.27,3,20,0,MT5_PY_API_UNIX_SECONDS,UNRESOLVED_REQUIRES_MANUAL_BINDING
1777880400,1777880700,VIX,VIX,M5,Bid,19.28,19.28,19.27,19.27,2,21,0,MT5_PY_API_UNIX_SECONDS,UNRESOLVED_REQUIRES_MANUAL_BINDING
1777880700,1777881000,VIX,VIX,M5,Bid,19.28,19.28,19.28,19.28,1,21,0,MT5_PY_API_UNIX_SECONDS,UNRESOLVED_REQUIRES_MANUAL_BINDING
1777881000,1777881300,VIX,VIX,M5,Bid,19.27,19.27,19.27,19.27,1,21,0,MT5_PY_API_UNIX_SECONDS,UNRESOLVED_REQUIRES_MANUAL_BINDING
1777881600,1777881900,VIX,VIX,M5,Bid,19.28,19.28,19.28,19.28,2,20,0,MT5_PY_API_UNIX_SECONDS,UNRESOLVED_REQUIRES_MANUAL_BINDING
1777881900,1777882200,VIX,VIX,M5,Bid,19.27,19.27,19.27,19.27,1,21,0,MT5_PY_API_UNIX_SECONDS,UNRESOLVED_REQUIRES_MANUAL_BINDING
1777882500,1777882800,VIX,VIX,M5,Bid,19.26,19.26,19.23,19.23,2,21,0,MT5_PY_API_UNIX_SECONDS,UNRESOLVED_REQUIRES_MANUAL_BINDING
1777882800,1777883100,VIX,VIX,M5,Bid,19.25,19.25,19.25,19.25,1,21,0,MT5_PY_API_UNIX_SECONDS,UNRESOLVED_REQUIRES_MANUAL_BINDING
1777883100,1777883400,VIX,VIX,M5,Bid,19.26,19.28,19.26,19.26,6,20,0,MT5_PY_API_UNIX_SECONDS,UNRESOLVED_REQUIRES_MANUAL_BINDING
1777884000,1777884300,VIX,VIX,M5,Bid,19.23,19.23,19.23,19.23,1,21,0,MT5_PY_API_UNIX_SECONDS,UNRESOLVED_REQUIRES_MANUAL_BINDING
1777885200,1777885500,VIX,VIX,M5,Bid,19.22,19.26,19.22,19.22,8,21,0,MT5_PY_API_UNIX_SECONDS,UNRESOLVED_REQUIRES_MANUAL_BINDING
1777885500,1777885800,VIX,VIX,M5,Bid,19.23,19.26,19.22,19.23,9,20,0,MT5_PY_API_UNIX_SECONDS,UNRESOLVED_REQUIRES_MANUAL_BINDING
1777885800,1777886100,VIX,VIX,M5,Bid,19.23,19.23,19.22,19.23,3,20,0,MT5_PY_API_UNIX_SECONDS,UNRESOLVED_REQUIRES_MANUAL_BINDING
1777886100,1777886400,VIX,VIX,M5,Bid,19.22,19.23,19.22,19.22,7,20,0,MT5_PY_API_UNIX_SECONDS,UNRESOLVED_REQUIRES_MANUAL_BINDING
1777886400,1777886700,VIX,VIX,M5,Bid,19.23,19.23,19.22,19.23,5,21,0,MT5_PY_API_UNIX_SECONDS,UNRESOLVED_REQUIRES_MANUAL_BINDING
1777886700,1777887000,VIX,VIX,M5,Bid,19.25,19.27,19.23,19.23,11,20,0,MT5_PY_API_UNIX_SECONDS,UNRESOLVED_REQUIRES_MANUAL_BINDING
1777887000,1777887300,VIX,VIX,M5,Bid,19.23,19.26,19.22,19.23,16,20,0,MT5_PY_API_UNIX_SECONDS,UNRESOLVED_REQUIRES_MANUAL_BINDING
1777887300,1777887600,VIX,VIX,M5,Bid,19.26,19.28,19.23,19.28,13,20,0,MT5_PY_API_UNIX_SECONDS,UNRESOLVED_REQUIRES_MANUAL_BINDING
1777887600,1777887900,VIX,VIX,M5,Bid,19.28,19.32,19.28,19.31,13,20,0,MT5_PY_API_UNIX_SECONDS,UNRESOLVED_REQUIRES_MANUAL_BINDING
1777887900,1777888200,VIX,VIX,M5,Bid,19.32,19.32,19.27,19.28,11,20,0,MT5_PY_API_UNIX_SECONDS,UNRESOLVED_REQUIRES_MANUAL_BINDING
1777888200,1777888500,VIX,VIX,M5,Bid,19.27,19.28,19.26,19.27,14,20,0,MT5_PY_API_UNIX_SECONDS,UNRESOLVED_REQUIRES_MANUAL_BINDING
1777888500,1777888800,VIX,VIX,M5,Bid,19.26,19.26,19.23,19.26,16,21,0,MT5_PY_API_UNIX_SECONDS,UNRESOLVED_REQUIRES_MANUAL_BINDING
1777888800,1777889100,VIX,VIX,M5,Bid,19.27,19.32,19.27,19.28,30,20,0,MT5_PY_API_UNIX_SECONDS,UNRESOLVED_REQUIRES_MANUAL_BINDING
1777889100,1777889400,VIX,VIX,M5,Bid,19.28,19.28,19.23,19.23,19,20,0,MT5_PY_API_UNIX_SECONDS,UNRESOLVED_REQUIRES_MANUAL_BINDING
1777889400,1777889700,VIX,VIX,M5,Bid,19.25,19.26,19.22,19.23,16,21,0,MT5_PY_API_UNIX_SECONDS,UNRESOLVED_REQUIRES_MANUAL_BINDING
1777889700,1777890000,VIX,VIX,M5,Bid,19.23,19.23,19.22,19.22,6,20,0,MT5_PY_API_UNIX_SECONDS,UNRESOLVED_REQUIRES_MANUAL_BINDING
1777890000,1777890300,VIX,VIX,M5,Bid,19.23,19.23,19.22,19.23,13,20,0,MT5_PY_API_UNIX_SECONDS,UNRESOLVED_REQUIRES_MANUAL_BINDING
1777890300,1777890600,VIX,VIX,M5,Bid,19.22,19.28,19.22,19.26,16,20,0,MT5_PY_API_UNIX_SECONDS,UNRESOLVED_REQUIRES_MANUAL_BINDING
1777890600,1777890900,VIX,VIX,M5,Bid,19.27,19.28,19.27,19.28,7,20,0,MT5_PY_API_UNIX_SECONDS,UNRESOLVED_REQUIRES_MANUAL_BINDING
1777890900,1777891200,VIX,VIX,M5,Bid,19.28,19.28,19.27,19.27,8,20,0,MT5_PY_API_UNIX_SECONDS,UNRESOLVED_REQUIRES_MANUAL_BINDING
1777891200,1777891500,VIX,VIX,M5,Bid,19.27,19.28,19.26,19.26,6,20,0,MT5_PY_API_UNIX_SECONDS,UNRESOLVED_REQUIRES_MANUAL_BINDING
1777891500,1777891800,VIX,VIX,M5,Bid,19.23,19.26,19.22,19.26,22,20,0,MT5_PY_API_UNIX_SECONDS,UNRESOLVED_REQUIRES_MANUAL_BINDING
1777891800,1777892100,VIX,VIX,M5,Bid,19.23,19.28,19.23,19.27,15,20,0,MT5_PY_API_UNIX_SECONDS,UNRESOLVED_REQUIRES_MANUAL_BINDING
1777892100,1777892400,VIX,VIX,M5,Bid,19.28,19.32,19.27,19.32,8,20,0,MT5_PY_API_UNIX_SECONDS,UNRESOLVED_REQUIRES_MANUAL_BINDING
1777892400,1777892700,VIX,VIX,M5,Bid,19.33,19.41,19.32,19.41,33,20,0,MT5_PY_API_UNIX_SECONDS,UNRESOLVED_REQUIRES_MANUAL_BINDING
1777892700,1777893000,VIX,VIX,M5,Bid,19.42,19.43,19.38,19.38,37,20,0,MT5_PY_API_UNIX_SECONDS,UNRESOLVED_REQUIRES_MANUAL_BINDING
1777893000,1777893300,VIX,VIX,M5,Bid,19.37,19.42,19.37,19.38,36,20,0,MT5_PY_API_UNIX_SECONDS,UNRESOLVED_REQUIRES_MANUAL_BINDING
1777893300,1777893600,VIX,VIX,M5,Bid,19.4,19.43,19.38,19.43,14,20,0,MT5_PY_API_UNIX_SECONDS,UNRESOLVED_REQUIRES_MANUAL_BINDING
1777893600,1777893900,VIX,VIX,M5,Bid,19.43,19.43,19.38,19.38,22,20,0,MT5_PY_API_UNIX_SECONDS,UNRESOLVED_REQUIRES_MANUAL_BINDING
1777893900,1777894200,VIX,VIX,M5,Bid,19.37,19.38,19.32,19.33,10,20,0,MT5_PY_API_UNIX_SECONDS,UNRESOLVED_REQUIRES_MANUAL_BINDING
1777894200,1777894500,VIX,VIX,M5,Bid,19.33,19.36,19.32,19.32,35,20,0,MT5_PY_API_UNIX_SECONDS,UNRESOLVED_REQUIRES_MANUAL_BINDING
1777894500,1777894800,VIX,VIX,M5,Bid,19.31,19.33,19.31,19.32,5,20,0,MT5_PY_API_UNIX_SECONDS,UNRESOLVED_REQUIRES_MANUAL_BINDING
1777894800,1777895100,VIX,VIX,M5,Bid,19.33,19.33,19.32,19.33,9,20,0,MT5_PY_API_UNIX_SECONDS,UNRESOLVED_REQUIRES_MANUAL_BINDING
1777895100,1777895400,VIX,VIX,M5,Bid,19.34,19.37,19.33,19.36,59,20,0,MT5_PY_API_UNIX_SECONDS,UNRESOLVED_REQUIRES_MANUAL_BINDING
1777895400,1777895700,VIX,VIX,M5,Bid,19.37,19.38,19.36,19.37,7,20,0,MT5_PY_API_UNIX_SECONDS,UNRESOLVED_REQUIRES_MANUAL_BINDING
1777895700,1777896000,VIX,VIX,M5,Bid,19.36,19.39,19.36,19.38,23,20,0,MT5_PY_API_UNIX_SECONDS,UNRESOLVED_REQUIRES_MANUAL_BINDING
1777896000,1777896300,VIX,VIX,M5,Bid,19.39,19.41,19.36,19.36,12,20,0,MT5_PY_API_UNIX_SECONDS,UNRESOLVED_REQUIRES_MANUAL_BINDING
1777896300,1777896600,VIX,VIX,M5,Bid,19.37,19.37,19.33,19.36,5,20,0,MT5_PY_API_UNIX_SECONDS,UNRESOLVED_REQUIRES_MANUAL_BINDING
1777896600,1777896900,VIX,VIX,M5,Bid,19.35,19.36,19.32,19.33,10,20,0,MT5_PY_API_UNIX_SECONDS,UNRESOLVED_REQUIRES_MANUAL_BINDING
1777896900,1777897200,VIX,VIX,M5,Bid,19.36,19.36,19.33,19.36,9,21,0,MT5_PY_API_UNIX_SECONDS,UNRESOLVED_REQUIRES_MANUAL_BINDING
1777897200,1777897500,VIX,VIX,M5,Bid,19.33,19.36,19.33,19.36,75,21,0,MT5_PY_API_UNIX_SECONDS,UNRESOLVED_REQUIRES_MANUAL_BINDING
1777897500,1777897800,VIX,VIX,M5,Bid,19.37,19.37,19.36,19.36,8,20,0,MT5_PY_API_UNIX_SECONDS,UNRESOLVED_REQUIRES_MANUAL_BINDING
1777897800,1777898100,VIX,VIX,M5,Bid,19.35,19.36,19.33,19.33,6,21,0,MT5_PY_API_UNIX_SECONDS,UNRESOLVED_REQUIRES_MANUAL_BINDING
1777898100,1777898400,VIX,VIX,M5,Bid,19.33,19.33,19.31,19.31,5,20,0,MT5_PY_API_UNIX_SECONDS,UNRESOLVED_REQUIRES_MANUAL_BINDING
1777898400,1777898700,VIX,VIX,M5,Bid,19.32,19.32,19.32,19.32,1,21,0,MT5_PY_API_UNIX_SECONDS,UNRESOLVED_REQUIRES_MANUAL_BINDING
1777898700,1777899000,VIX,VIX,M5,Bid,19.33,19.33,19.32,19.32,4,20,0,MT5_PY_API_UNIX_SECONDS,UNRESOLVED_REQUIRES_MANUAL_BINDING
1777899000,1777899300,VIX,VIX,M5,Bid,19.28,19.29,19.27,19.27,8,20,0,MT5_PY_API_UNIX_SECONDS,UNRESOLVED_REQUIRES_MANUAL_BINDING
1777899300,1777899600,VIX,VIX,M5,Bid,19.27,19.31,19.27,19.28,49,20,0,MT5_PY_API_UNIX_SECONDS,UNRESOLVED_REQUIRES_MANUAL_BINDING
1777899600,1777899900,VIX,VIX,M5,Bid,19.29,19.97,19.27,19.76,244,20,0,MT5_PY_API_UNIX_SECONDS,UNRESOLVED_REQUIRES_MANUAL_BINDING
1777899900,1777900200,VIX,VIX,M5,Bid,19.78,20.47,19.77,20.43,406,20,0,MT5_PY_API_UNIX_SECONDS,UNRESOLVED_REQUIRES_MANUAL_BINDING
1777900200,1777900500,VIX,VIX,M5,Bid,20.42,20.52,20.32,20.36,313,20,0,MT5_PY_API_UNIX_SECONDS,UNRESOLVED_REQUIRES_MANUAL_BINDING
1777900500,1777900800,VIX,VIX,M5,Bid,20.35,20.46,20.12,20.34,348,20,0,MT5_PY_API_UNIX_SECONDS,UNRESOLVED_REQUIRES_MANUAL_BINDING
1777900800,1777901100,VIX,VIX,M5,Bid,20.33,20.38,20.16,20.18,166,20,0,MT5_PY_API_UNIX_SECONDS,UNRESOLVED_REQUIRES_MANUAL_BINDING
1777901100,1777901400,VIX,VIX,M5,Bid,20.18,20.18,20.03,20.08,127,20,0,MT5_PY_API_UNIX_SECONDS,UNRESOLVED_REQUIRES_MANUAL_BINDING
1777901400,1777901700,VIX,VIX,M5,Bid,20.1,20.13,19.52,19.73,333,20,0,MT5_PY_API_UNIX_SECONDS,UNRESOLVED_REQUIRES_MANUAL_BINDING
1777901700,1777902000,VIX,VIX,M5,Bid,19.72,19.82,19.71,19.76,160,20,0,MT5_PY_API_UNIX_SECONDS,UNRESOLVED_REQUIRES_MANUAL_BINDING
1777902000,1777902300,VIX,VIX,M5,Bid,19.77,19.77,19.71,19.73,78,20,0,MT5_PY_API_UNIX_SECONDS,UNRESOLVED_REQUIRES_MANUAL_BINDING
1777902300,1777902600,VIX,VIX,M5,Bid,19.76,19.77,19.67,19.67,40,20,0,MT5_PY_API_UNIX_SECONDS,UNRESOLVED_REQUIRES_MANUAL_BINDING
1777902600,1777902900,VIX,VIX,M5,Bid,19.68,19.76,19.66,19.72,48,20,0,MT5_PY_API_UNIX_SECONDS,UNRESOLVED_REQUIRES_MANUAL_BINDING
1777902900,1777903200,VIX,VIX,M5,Bid,19.73,19.78,19.72,19.77,18,20,0,MT5_PY_API_UNIX_SECONDS,UNRESOLVED_REQUIRES_MANUAL_BINDING
1777903200,1777903500,VIX,VIX,M5,Bid,19.76,19.77,19.62,19.76,161,20,0,MT5_PY_API_UNIX_SECONDS,UNRESOLVED_REQUIRES_MANUAL_BINDING
1777903500,1777903800,VIX,VIX,M5,Bid,19.74,19.76,19.71,19.71,77,20,0,MT5_PY_API_UNIX_SECONDS,UNRESOLVED_REQUIRES_MANUAL_BINDING
1777903800,1777904100,VIX,VIX,M5,Bid,19.7,19.73,19.67,19.68,77,20,0,MT5_PY_API_UNIX_SECONDS,UNRESOLVED_REQUIRES_MANUAL_BINDING
1777904100,1777904400,VIX,VIX,M5,Bid,19.67,19.68,19.63,19.68,26,20,0,MT5_PY_API_UNIX_SECONDS,UNRESOLVED_REQUIRES_MANUAL_BINDING
1777904400,1777904700,VIX,VIX,M5,Bid,19.69,19.71,19.68,19.68,7,21,0,MT5_PY_API_UNIX_SECONDS,UNRESOLVED_REQUIRES_MANUAL_BINDING
1777904700,1777905000,VIX,VIX,M5,Bid,19.69,19.72,19.67,19.67,42,20,0,MT5_PY_API_UNIX_SECONDS,UNRESOLVED_REQUIRES_MANUAL_BINDING
1777905000,1777905300,VIX,VIX,M5,Bid,19.68,19.73,19.68,19.73,34,20,0,MT5_PY_API_UNIX_SECONDS,UNRESOLVED_REQUIRES_MANUAL_BINDING
1777905300,1777905600,VIX,VIX,M5,Bid,19.73,19.88,19.67,19.83,88,20,0,MT5_PY_API_UNIX_SECONDS,UNRESOLVED_REQUIRES_MANUAL_BINDING
1777905600,1777905900,VIX,VIX,M5,Bid,19.83,19.83,19.72,19.78,95,20,0,MT5_PY_API_UNIX_SECONDS,UNRESOLVED_REQUIRES_MANUAL_BINDING
1777905900,1777906200,VIX,VIX,M5,Bid,19.78,19.82,19.76,19.78,36,20,0,MT5_PY_API_UNIX_SECONDS,UNRESOLVED_REQUIRES_MANUAL_BINDING
1777906200,1777906500,VIX,VIX,M5,Bid,19.78,19.78,19.72,19.72,35,20,0,MT5_PY_API_UNIX_SECONDS,UNRESOLVED_REQUIRES_MANUAL_BINDING
1777906500,1777906800,VIX,VIX,M5,Bid,19.71,19.72,19.68,19.72,29,20,0,MT5_PY_API_UNIX_SECONDS,UNRESOLVED_REQUIRES_MANUAL_BINDING
1777906800,1777907100,VIX,VIX,M5,Bid,19.71,19.71,19.66,19.66,31,20,0,MT5_PY_API_UNIX_SECONDS,UNRESOLVED_REQUIRES_MANUAL_BINDING
1777907100,1777907400,VIX,VIX,M5,Bid,19.67,19.68,19.66,19.66,18,20,0,MT5_PY_API_UNIX_SECONDS,UNRESOLVED_REQUIRES_MANUAL_BINDING
1777907400,1777907700,VIX,VIX,M5,Bid,19.65,19.65,19.61,19.62,19,20,0,MT5_PY_API_UNIX_SECONDS,UNRESOLVED_REQUIRES_MANUAL_BINDING
1777907700,1777908000,VIX,VIX,M5,Bid,19.63,19.67,19.52,19.53,108,20,0,MT5_PY_API_UNIX_SECONDS,UNRESOLVED_REQUIRES_MANUAL_BINDING
1777908000,1777908300,VIX,VIX,M5,Bid,19.55,19.58,19.51,19.53,41,20,0,MT5_PY_API_UNIX_SECONDS,UNRESOLVED_REQUIRES_MANUAL_BINDING
1777908300,1777908600,VIX,VIX,M5,Bid,19.53,19.57,19.52,19.56,36,20,0,MT5_PY_API_UNIX_SECONDS,UNRESOLVED_REQUIRES_MANUAL_BINDING
1777908600,1777908900,VIX,VIX,M5,Bid,19.57,19.58,19.56,19.57,34,20,0,MT5_PY_API_UNIX_SECONDS,UNRESOLVED_REQUIRES_MANUAL_BINDING
1777908900,1777909200,VIX,VIX,M5,Bid,19.56,19.58,19.47,19.47,19,20,0,MT5_PY_API_UNIX_SECONDS,UNRESOLVED_REQUIRES_MANUAL_BINDING
1777909200,1777909500,VIX,VIX,M5,Bid,19.46,19.51,19.46,19.46,29,20,0,MT5_PY_API_UNIX_SECONDS,UNRESOLVED_REQUIRES_MANUAL_BINDING
1777909500,1777909800,VIX,VIX,M5,Bid,19.47,19.51,19.46,19.48,22,20,0,MT5_PY_API_UNIX_SECONDS,UNRESOLVED_REQUIRES_MANUAL_BINDING
1777909800,1777910100,VIX,VIX,M5,Bid,19.48,19.48,19.46,19.48,19,20,0,MT5_PY_API_UNIX_SECONDS,UNRESOLVED_REQUIRES_MANUAL_BINDING
1777910100,1777910400,VIX,VIX,M5,Bid,19.48,19.57,19.46,19.52,57,20,0,MT5_PY_API_UNIX_SECONDS,UNRESOLVED_REQUIRES_MANUAL_BINDING
1777910400,1777910700,VIX,VIX,M5,Bid,19.52,19.76,19.52,19.6,239,20,0,MT5_PY_API_UNIX_SECONDS,UNRESOLVED_REQUIRES_MANUAL_BINDING
1777910700,1777911000,VIX,VIX,M5,Bid,19.58,19.63,19.53,19.58,104,20,0,MT5_PY_API_UNIX_SECONDS,UNRESOLVED_REQUIRES_MANUAL_BINDING
1777911000,1777911300,VIX,VIX,M5,Bid,19.56,19.63,19.48,19.62,98,20,0,MT5_PY_API_UNIX_SECONDS,UNRESOLVED_REQUIRES_MANUAL_BINDING
1777911300,1777911600,VIX,VIX,M5,Bid,19.63,19.63,19.58,19.61,26,20,0,MT5_PY_API_UNIX_SECONDS,UNRESOLVED_REQUIRES_MANUAL_BINDING
1777911600,1777911900,VIX,VIX,M5,Bid,19.62,19.63,19.58,19.58,28,20,0,MT5_PY_API_UNIX_SECONDS,UNRESOLVED_REQUIRES_MANUAL_BINDING
1777911900,1777912200,VIX,VIX,M5,Bid,19.61,19.61,19.57,19.58,28,20,0,MT5_PY_API_UNIX_SECONDS,UNRESOLVED_REQUIRES_MANUAL_BINDING
1777912200,1777912500,VIX,VIX,M5,Bid,19.57,19.63,19.52,19.52,136,20,0,MT5_PY_API_UNIX_SECONDS,UNRESOLVED_REQUIRES_MANUAL_BINDING
1777912500,1777912800,VIX,VIX,M5,Bid,19.53,19.53,19.46,19.47,83,20,0,MT5_PY_API_UNIX_SECONDS,UNRESOLVED_REQUIRES_MANUAL_BINDING
1777912800,1777913100,VIX,VIX,M5,Bid,19.47,19.48,19.36,19.37,33,20,0,MT5_PY_API_UNIX_SECONDS,UNRESOLVED_REQUIRES_MANUAL_BINDING
1777913100,1777913400,VIX,VIX,M5,Bid,19.38,19.38,19.26,19.27,37,20,0,MT5_PY_API_UNIX_SECONDS,UNRESOLVED_REQUIRES_MANUAL_BINDING
1777913400,1777913700,VIX,VIX,M5,Bid,19.31,19.31,19.22,19.22,60,20,0,MT5_PY_API_UNIX_SECONDS,UNRESOLVED_REQUIRES_MANUAL_BINDING
1777913700,1777914000,VIX,VIX,M5,Bid,19.23,19.27,19.17,19.17,38,20,0,MT5_PY_API_UNIX_SECONDS,UNRESOLVED_REQUIRES_MANUAL_BINDING
1777914000,1777914300,VIX,VIX,M5,Bid,19.18,19.18,19.12,19.12,58,20,0,MT5_PY_API_UNIX_SECONDS,UNRESOLVED_REQUIRES_MANUAL_BINDING
1777914300,1777914600,VIX,VIX,M5,Bid,19.13,19.27,19.12,19.21,108,20,0,MT5_PY_API_UNIX_SECONDS,UNRESOLVED_REQUIRES_MANUAL_BINDING
1777914600,1777914900,VIX,VIX,M5,Bid,19.22,19.22,19.08,19.13,90,20,0,MT5_PY_API_UNIX_SECONDS,UNRESOLVED_REQUIRES_MANUAL_BINDING
1777914900,1777915200,VIX,VIX,M5,Bid,19.13,19.13,19.07,19.07,27,20,0,MT5_PY_API_UNIX_SECONDS,UNRESOLVED_REQUIRES_MANUAL_BINDING
1777915200,1777915500,VIX,VIX,M5,Bid,19.02,19.07,19.02,19.07,15,20,0,MT5_PY_API_UNIX_SECONDS,UNRESOLVED_REQUIRES_MANUAL_BINDING
1777915500,1777915800,VIX,VIX,M5,Bid,19.07,19.12,19.06,19.12,51,20,0,MT5_PY_API_UNIX_SECONDS,UNRESOLVED_REQUIRES_MANUAL_BINDING
1777915800,1777916100,VIX,VIX,M5,Bid,19.12,19.13,19.07,19.12,42,20,0,MT5_PY_API_UNIX_SECONDS,UNRESOLVED_REQUIRES_MANUAL_BINDING
1777916100,1777916400,VIX,VIX,M5,Bid,19.13,19.21,19.12,19.21,44,20,0,MT5_PY_API_UNIX_SECONDS,UNRESOLVED_REQUIRES_MANUAL_BINDING
1777916400,1777916700,VIX,VIX,M5,Bid,19.22,19.23,19.18,19.22,60,20,0,MT5_PY_API_UNIX_SECONDS,UNRESOLVED_REQUIRES_MANUAL_BINDING
1777916700,1777917000,VIX,VIX,M5,Bid,19.23,19.28,19.22,19.28,43,20,0,MT5_PY_API_UNIX_SECONDS,UNRESOLVED_REQUIRES_MANUAL_BINDING
1777917000,1777917300,VIX,VIX,M5,Bid,19.31,19.33,19.31,19.32,10,20,0,MT5_PY_API_UNIX_SECONDS,UNRESOLVED_REQUIRES_MANUAL_BINDING
1777917300,1777917600,VIX,VIX,M5,Bid,19.32,19.48,19.32,19.48,170,20,0,MT5_PY_API_UNIX_SECONDS,UNRESOLVED_REQUIRES_MANUAL_BINDING
1777917600,1777917900,VIX,VIX,M5,Bid,19.47,19.56,19.38,19.48,179,20,0,MT5_PY_API_UNIX_SECONDS,UNRESOLVED_REQUIRES_MANUAL_BINDING
1777917900,1777918200,VIX,VIX,M5,Bid,19.51,19.58,19.46,19.53,132,20,0,MT5_PY_API_UNIX_SECONDS,UNRESOLVED_REQUIRES_MANUAL_BINDING
1777918200,1777918500,VIX,VIX,M5,Bid,19.53,19.61,19.52,19.56,115,20,0,MT5_PY_API_UNIX_SECONDS,UNRESOLVED_REQUIRES_MANUAL_BINDING
1777918500,1777918800,VIX,VIX,M5,Bid,19.57,19.91,19.52,19.86,244,20,0,MT5_PY_API_UNIX_SECONDS,UNRESOLVED_REQUIRES_MANUAL_BINDING
1777918800,1777919100,VIX,VIX,M5,Bid,19.87,20.08,19.81,20.03,375,20,0,MT5_PY_API_UNIX_SECONDS,UNRESOLVED_REQUIRES_MANUAL_BINDING
1777919100,1777919400,VIX,VIX,M5,Bid,20.03,20.06,19.82,19.83,339,20,0,MT5_PY_API_UNIX_SECONDS,UNRESOLVED_REQUIRES_MANUAL_BINDING
1777919400,1777919700,VIX,VIX,M5,Bid,19.82,19.98,19.82,19.88,192,20,0,MT5_PY_API_UNIX_SECONDS,UNRESOLVED_REQUIRES_MANUAL_BINDING
1777919700,1777920000,VIX,VIX,M5,Bid,19.91,20.01,19.83,19.93,204,20,0,MT5_PY_API_UNIX_SECONDS,UNRESOLVED_REQUIRES_MANUAL_BINDING
1777920000,1777920300,VIX,VIX,M5,Bid,19.96,20.02,19.82,19.83,179,20,0,MT5_PY_API_UNIX_SECONDS,UNRESOLVED_REQUIRES_MANUAL_BINDING
1777920300,1777920600,VIX,VIX,M5,Bid,19.86,19.96,19.83,19.93,186,20,0,MT5_PY_API_UNIX_SECONDS,UNRESOLVED_REQUIRES_MANUAL_BINDING
1777920600,1777920900,VIX,VIX,M5,Bid,19.94,20.02,19.77,19.78,276,20,0,MT5_PY_API_UNIX_SECONDS,UNRESOLVED_REQUIRES_MANUAL_BINDING
1777920900,1777921200,VIX,VIX,M5,Bid,19.78,19.91,19.76,19.88,150,20,0,MT5_PY_API_UNIX_SECONDS,UNRESOLVED_REQUIRES_MANUAL_BINDING
1777921200,1777921500,VIX,VIX,M5,Bid,19.89,20.01,19.86,19.93,165,20,0,MT5_PY_API_UNIX_SECONDS,UNRESOLVED_REQUIRES_MANUAL_BINDING
1777921500,1777921800,VIX,VIX,M5,Bid,19.94,20.32,19.93,20.22,382,20,0,MT5_PY_API_UNIX_SECONDS,UNRESOLVED_REQUIRES_MANUAL_BINDING
1777921800,1777922100,VIX,VIX,M5,Bid,20.21,20.27,20.12,20.17,165,20,0,MT5_PY_API_UNIX_SECONDS,UNRESOLVED_REQUIRES_MANUAL_BINDING
1777922100,1777922400,VIX,VIX,M5,Bid,20.18,20.28,19.96,20.02,268,20,0,MT5_PY_API_UNIX_SECONDS,UNRESOLVED_REQUIRES_MANUAL_BINDING
1777922400,1777922700,VIX,VIX,M5,Bid,20.02,20.04,19.93,20.02,166,20,0,MT5_PY_API_UNIX_SECONDS,UNRESOLVED_REQUIRES_MANUAL_BINDING
1777922700,1777923000,VIX,VIX,M5,Bid,20.02,20.12,19.97,20.08,146,20,0,MT5_PY_API_UNIX_SECONDS,UNRESOLVED_REQUIRES_MANUAL_BINDING
1777923000,1777923300,VIX,VIX,M5,Bid,20.09,20.12,19.97,20.0,196,20,0,MT5_PY_API_UNIX_SECONDS,UNRESOLVED_REQUIRES_MANUAL_BINDING
1777923300,1777923600,VIX,VIX,M5,Bid,20.01,20.16,19.98,20.13,143,20,0,MT5_PY_API_UNIX_SECONDS,UNRESOLVED_REQUIRES_MANUAL_BINDING
1777923600,1777923900,VIX,VIX,M5,Bid,20.12,20.16,20.02,20.07,89,20,0,MT5_PY_API_UNIX_SECONDS,UNRESOLVED_REQUIRES_MANUAL_BINDING
1777923900,1777924200,VIX,VIX,M5,Bid,20.07,20.08,20.03,20.03,85,20,0,MT5_PY_API_UNIX_SECONDS,UNRESOLVED_REQUIRES_MANUAL_BINDING
1777924200,1777924500,VIX,VIX,M5,Bid,20.06,20.12,20.01,20.07,134,20,0,MT5_PY_API_UNIX_SECONDS,UNRESOLVED_REQUIRES_MANUAL_BINDING
1777924500,1777924800,VIX,VIX,M5,Bid,20.08,20.08,20.02,20.03,168,20,0,MT5_PY_API_UNIX_SECONDS,UNRESOLVED_REQUIRES_MANUAL_BINDING
1777924800,1777925100,VIX,VIX,M5,Bid,20.02,20.03,19.88,19.91,154,20,0,MT5_PY_API_UNIX_SECONDS,UNRESOLVED_REQUIRES_MANUAL_BINDING
1777925100,1777925400,VIX,VIX,M5,Bid,19.88,19.92,19.87,19.88,83,20,0,MT5_PY_API_UNIX_SECONDS,UNRESOLVED_REQUIRES_MANUAL_BINDING
1777925400,1777925700,VIX,VIX,M5,Bid,19.87,19.92,19.86,19.87,64,20,0,MT5_PY_API_UNIX_SECONDS,UNRESOLVED_REQUIRES_MANUAL_BINDING
1777925700,1777926000,VIX,VIX,M5,Bid,19.87,19.87,19.67,19.73,157,20,0,MT5_PY_API_UNIX_SECONDS,UNRESOLVED_REQUIRES_MANUAL_BINDING
1777926000,1777926300,VIX,VIX,M5,Bid,19.73,19.76,19.68,19.72,58,20,0,MT5_PY_API_UNIX_SECONDS,UNRESOLVED_REQUIRES_MANUAL_BINDING
1777926300,1777926600,VIX,VIX,M5,Bid,19.72,19.74,19.7,19.72,28,20,0,MT5_PY_API_UNIX_SECONDS,UNRESOLVED_REQUIRES_MANUAL_BINDING
1777926600,1777926900,VIX,VIX,M5,Bid,19.71,19.77,19.68,19.77,51,20,0,MT5_PY_API_UNIX_SECONDS,UNRESOLVED_REQUIRES_MANUAL_BINDING
1777926900,1777927200,VIX,VIX,M5,Bid,19.78,19.83,19.77,19.77,84,20,0,MT5_PY_API_UNIX_SECONDS,UNRESOLVED_REQUIRES_MANUAL_BINDING
1777927200,1777927500,VIX,VIX,M5,Bid,19.78,19.82,19.73,19.76,31,20,0,MT5_PY_API_UNIX_SECONDS,UNRESOLVED_REQUIRES_MANUAL_BINDING
1777927500,1777927800,VIX,VIX,M5,Bid,19.77,19.78,19.76,19.77,25,20,0,MT5_PY_API_UNIX_SECONDS,UNRESOLVED_REQUIRES_MANUAL_BINDING
1777927800,1777928100,VIX,VIX,M5,Bid,19.77,19.78,19.72,19.78,37,20,0,MT5_PY_API_UNIX_SECONDS,UNRESOLVED_REQUIRES_MANUAL_BINDING
1777928100,1777928400,VIX,VIX,M5,Bid,19.77,19.81,19.76,19.81,35,20,0,MT5_PY_API_UNIX_SECONDS,UNRESOLVED_REQUIRES_MANUAL_BINDING
1777928400,1777928700,VIX,VIX,M5,Bid,19.78,19.8,19.71,19.71,27,20,0,MT5_PY_API_UNIX_SECONDS,UNRESOLVED_REQUIRES_MANUAL_BINDING
1777928700,1777929000,VIX,VIX,M5,Bid,19.72,19.78,19.68,19.77,37,20,0,MT5_PY_API_UNIX_SECONDS,UNRESOLVED_REQUIRES_MANUAL_BINDING
1777929000,1777929300,VIX,VIX,M5,Bid,19.77,19.83,19.76,19.83,24,20,0,MT5_PY_API_UNIX_SECONDS,UNRESOLVED_REQUIRES_MANUAL_BINDING
1777929300,1777929600,VIX,VIX,M5,Bid,19.86,19.87,19.83,19.87,12,20,0,MT5_PY_API_UNIX_SECONDS,UNRESOLVED_REQUIRES_MANUAL_BINDING
1777929600,1777929900,VIX,VIX,M5,Bid,19.88,19.97,19.87,19.97,59,20,0,MT5_PY_API_UNIX_SECONDS,UNRESOLVED_REQUIRES_MANUAL_BINDING
1777929900,1777930200,VIX,VIX,M5,Bid,19.98,20.03,19.92,19.92,55,20,0,MT5_PY_API_UNIX_SECONDS,UNRESOLVED_REQUIRES_MANUAL_BINDING
1777930200,1777930500,VIX,VIX,M5,Bid,19.91,19.95,19.91,19.92,37,20,0,MT5_PY_API_UNIX_SECONDS,UNRESOLVED_REQUIRES_MANUAL_BINDING
1777930500,1777930800,VIX,VIX,M5,Bid,19.93,19.98,19.92,19.97,20,20,0,MT5_PY_API_UNIX_SECONDS,UNRESOLVED_REQUIRES_MANUAL_BINDING
1777930800,1777931100,VIX,VIX,M5,Bid,19.98,20.01,19.96,19.98,40,20,0,MT5_PY_API_UNIX_SECONDS,UNRESOLVED_REQUIRES_MANUAL_BINDING
1777931100,1777931400,VIX,VIX,M5,Bid,19.97,20.02,19.93,19.93,44,20,0,MT5_PY_API_UNIX_SECONDS,UNRESOLVED_REQUIRES_MANUAL_BINDING
1777931400,1777931700,VIX,VIX,M5,Bid,19.92,20.01,19.92,19.98,44,20,0,MT5_PY_API_UNIX_SECONDS,UNRESOLVED_REQUIRES_MANUAL_BINDING
1777931700,1777932000,VIX,VIX,M5,Bid,19.98,19.98,19.92,19.93,26,20,0,MT5_PY_API_UNIX_SECONDS,UNRESOLVED_REQUIRES_MANUAL_BINDING
1777932000,1777932300,VIX,VIX,M5,Bid,19.92,19.92,19.88,19.92,23,20,0,MT5_PY_API_UNIX_SECONDS,UNRESOLVED_REQUIRES_MANUAL_BINDING
1777932300,1777932600,VIX,VIX,M5,Bid,19.91,19.91,19.81,19.83,120,20,0,MT5_PY_API_UNIX_SECONDS,UNRESOLVED_REQUIRES_MANUAL_BINDING
1777932600,1777932900,VIX,VIX,M5,Bid,19.86,19.87,19.82,19.82,46,20,0,MT5_PY_API_UNIX_SECONDS,UNRESOLVED_REQUIRES_MANUAL_BINDING
1777932900,1777933200,VIX,VIX,M5,Bid,19.82,19.87,19.81,19.87,41,20,0,MT5_PY_API_UNIX_SECONDS,UNRESOLVED_REQUIRES_MANUAL_BINDING
1777933200,1777933500,VIX,VIX,M5,Bid,19.87,19.88,19.86,19.86,22,20,0,MT5_PY_API_UNIX_SECONDS,UNRESOLVED_REQUIRES_MANUAL_BINDING
1777933500,1777933800,VIX,VIX,M5,Bid,19.83,19.92,19.82,19.88,50,20,0,MT5_PY_API_UNIX_SECONDS,UNRESOLVED_REQUIRES_MANUAL_BINDING
1777933800,1777934100,VIX,VIX,M5,Bid,19.88,19.88,19.83,19.86,33,20,0,MT5_PY_API_UNIX_SECONDS,UNRESOLVED_REQUIRES_MANUAL_BINDING
1777934100,1777934400,VIX,VIX,M5,Bid,19.87,19.88,19.86,19.88,8,20,0,MT5_PY_API_UNIX_SECONDS,UNRESOLVED_REQUIRES_MANUAL_BINDING
1777934400,1777934700,VIX,VIX,M5,Bid,19.88,19.96,19.88,19.96,29,20,0,MT5_PY_API_UNIX_SECONDS,UNRESOLVED_REQUIRES_MANUAL_BINDING
1777934700,1777935000,VIX,VIX,M5,Bid,19.97,19.98,19.87,19.87,31,20,0,MT5_PY_API_UNIX_SECONDS,UNRESOLVED_REQUIRES_MANUAL_BINDING
1777935000,1777935300,VIX,VIX,M5,Bid,19.88,19.91,19.86,19.87,45,20,0,MT5_PY_API_UNIX_SECONDS,UNRESOLVED_REQUIRES_MANUAL_BINDING
1777935300,1777935600,VIX,VIX,M5,Bid,19.88,19.88,19.83,19.83,9,20,0,MT5_PY_API_UNIX_SECONDS,UNRESOLVED_REQUIRES_MANUAL_BINDING
1777935600,1777935900,VIX,VIX,M5,Bid,19.82,19.87,19.82,19.87,6,20,0,MT5_PY_API_UNIX_SECONDS,UNRESOLVED_REQUIRES_MANUAL_BINDING
1777935900,1777936200,VIX,VIX,M5,Bid,19.88,19.91,19.88,19.91,7,21,0,MT5_PY_API_UNIX_SECONDS,UNRESOLVED_REQUIRES_MANUAL_BINDING
1777936200,1777936500,VIX,VIX,M5,Bid,19.92,19.92,19.91,19.92,12,20,0,MT5_PY_API_UNIX_SECONDS,UNRESOLVED_REQUIRES_MANUAL_BINDING
1777937400,1777937700,VIX,VIX,M5,Bid,19.88,19.9,19.87,19.9,4,21,0,MT5_PY_API_UNIX_SECONDS,UNRESOLVED_REQUIRES_MANUAL_BINDING
1777937700,1777938000,VIX,VIX,M5,Bid,19.91,19.91,19.88,19.91,15,20,0,MT5_PY_API_UNIX_SECONDS,UNRESOLVED_REQUIRES_MANUAL_BINDING
1777938000,1777938300,VIX,VIX,M5,Bid,19.92,19.92,19.91,19.92,5,20,0,MT5_PY_API_UNIX_SECONDS,UNRESOLVED_REQUIRES_MANUAL_BINDING
1777938300,1777938600,VIX,VIX,M5,Bid,19.91,19.91,19.88,19.88,2,21,0,MT5_PY_API_UNIX_SECONDS,UNRESOLVED_REQUIRES_MANUAL_BINDING
1777938900,1777939200,VIX,VIX,M5,Bid,19.88,19.88,19.87,19.87,8,20,0,MT5_PY_API_UNIX_SECONDS,UNRESOLVED_REQUIRES_MANUAL_BINDING
1777942800,1777943100,VIX,VIX,M5,Bid,19.87,19.87,19.72,19.82,24,20,0,MT5_PY_API_UNIX_SECONDS,UNRESOLVED_REQUIRES_MANUAL_BINDING
1777943100,1777943400,VIX,VIX,M5,Bid,19.81,19.81,19.77,19.81,14,20,0,MT5_PY_API_UNIX_SECONDS,UNRESOLVED_REQUIRES_MANUAL_BINDING
1777943400,1777943700,VIX,VIX,M5,Bid,19.82,19.82,19.78,19.8,29,20,0,MT5_PY_API_UNIX_SECONDS,UNRESOLVED_REQUIRES_MANUAL_BINDING
1777943700,1777944000,VIX,VIX,M5,Bid,19.79,19.82,19.78,19.82,15,20,0,MT5_PY_API_UNIX_SECONDS,UNRESOLVED_REQUIRES_MANUAL_BINDING
1777944000,1777944300,VIX,VIX,M5,Bid,19.81,19.82,19.81,19.81,3,21,0,MT5_PY_API_UNIX_SECONDS,UNRESOLVED_REQUIRES_MANUAL_BINDING
1777944300,1777944600,VIX,VIX,M5,Bid,19.78,19.81,19.77,19.78,18,21,0,MT5_PY_API_UNIX_SECONDS,UNRESOLVED_REQUIRES_MANUAL_BINDING
1777944600,1777944900,VIX,VIX,M5,Bid,19.77,19.77,19.77,19.77,1,21,0,MT5_PY_API_UNIX_SECONDS,UNRESOLVED_REQUIRES_MANUAL_BINDING
1777945500,1777945800,VIX,VIX,M5,Bid,19.78,19.78,19.77,19.77,2,21,0,MT5_PY_API_UNIX_SECONDS,UNRESOLVED_REQUIRES_MANUAL_BINDING
1777945800,1777946100,VIX,VIX,M5,Bid,19.78,19.87,19.78,19.87,8,20,0,MT5_PY_API_UNIX_SECONDS,UNRESOLVED_REQUIRES_MANUAL_BINDING
1777946100,1777946400,VIX,VIX,M5,Bid,19.87,19.87,19.86,19.86,2,21,0,MT5_PY_API_UNIX_SECONDS,UNRESOLVED_REQUIRES_MANUAL_BINDING
1777946400,1777946700,VIX,VIX,M5,Bid,19.87,19.87,19.83,19.83,12,20,0,MT5_PY_API_UNIX_SECONDS,UNRESOLVED_REQUIRES_MANUAL_BINDING
1777946700,1777947000,VIX,VIX,M5,Bid,19.82,19.83,19.82,19.82,6,20,0,MT5_PY_API_UNIX_SECONDS,UNRESOLVED_REQUIRES_MANUAL_BINDING
1777947000,1777947300,VIX,VIX,M5,Bid,19.83,19.83,19.81,19.82,12,20,0,MT5_PY_API_UNIX_SECONDS,UNRESOLVED_REQUIRES_MANUAL_BINDING
1777947300,1777947600,VIX,VIX,M5,Bid,19.82,19.82,19.82,19.82,1,21,0,MT5_PY_API_UNIX_SECONDS,UNRESOLVED_REQUIRES_MANUAL_BINDING
1777948200,1777948500,VIX,VIX,M5,Bid,19.82,19.82,19.81,19.82,4,20,0,MT5_PY_API_UNIX_SECONDS,UNRESOLVED_REQUIRES_MANUAL_BINDING
1777948500,1777948800,VIX,VIX,M5,Bid,19.81,19.82,19.81,19.81,11,21,0,MT5_PY_API_UNIX_SECONDS,UNRESOLVED_REQUIRES_MANUAL_BINDING
1777948800,1777949100,VIX,VIX,M5,Bid,19.82,19.82,19.81,19.82,5,20,0,MT5_PY_API_UNIX_SECONDS,UNRESOLVED_REQUIRES_MANUAL_BINDING
1777949100,1777949400,VIX,VIX,M5,Bid,19.81,19.83,19.81,19.83,21,20,0,MT5_PY_API_UNIX_SECONDS,UNRESOLVED_REQUIRES_MANUAL_BINDING
1777949400,1777949700,VIX,VIX,M5,Bid,19.84,19.87,19.83,19.84,6,20,0,MT5_PY_API_UNIX_SECONDS,UNRESOLVED_REQUIRES_MANUAL_BINDING
1777949700,1777950000,VIX,VIX,M5,Bid,19.86,19.86,19.82,19.83,47,20,0,MT5_PY_API_UNIX_SECONDS,UNRESOLVED_REQUIRES_MANUAL_BINDING
1777950000,1777950300,VIX,VIX,M5,Bid,19.84,19.84,19.76,19.77,49,20,0,MT5_PY_API_UNIX_SECONDS,UNRESOLVED_REQUIRES_MANUAL_BINDING
1777950300,1777950600,VIX,VIX,M5,Bid,19.78,19.78,19.77,19.78,17,20,0,MT5_PY_API_UNIX_SECONDS,UNRESOLVED_REQUIRES_MANUAL_BINDING
1777950600,1777950900,VIX,VIX,M5,Bid,19.77,19.78,19.77,19.78,7,20,0,MT5_PY_API_UNIX_SECONDS,UNRESOLVED_REQUIRES_MANUAL_BINDING
1777950900,1777951200,VIX,VIX,M5,Bid,19.81,19.87,19.81,19.87,62,20,0,MT5_PY_API_UNIX_SECONDS,UNRESOLVED_REQUIRES_MANUAL_BINDING
1777951200,1777951500,VIX,VIX,M5,Bid,19.87,19.92,19.87,19.88,36,20,0,MT5_PY_API_UNIX_SECONDS,UNRESOLVED_REQUIRES_MANUAL_BINDING
1777951500,1777951800,VIX,VIX,M5,Bid,19.89,19.92,19.88,19.88,16,20,0,MT5_PY_API_UNIX_SECONDS,UNRESOLVED_REQUIRES_MANUAL_BINDING
1777951800,1777952100,VIX,VIX,M5,Bid,19.88,19.88,19.87,19.87,4,20,0,MT5_PY_API_UNIX_SECONDS,UNRESOLVED_REQUIRES_MANUAL_BINDING
1777952100,1777952400,VIX,VIX,M5,Bid,19.83,19.83,19.81,19.83,8,20,0,MT5_PY_API_UNIX_SECONDS,UNRESOLVED_REQUIRES_MANUAL_BINDING
1777952400,1777952700,VIX,VIX,M5,Bid,19.84,19.87,19.83,19.86,43,20,0,MT5_PY_API_UNIX_SECONDS,UNRESOLVED_REQUIRES_MANUAL_BINDING
1777952700,1777953000,VIX,VIX,M5,Bid,19.87,19.87,19.81,19.81,34,20,0,MT5_PY_API_UNIX_SECONDS,UNRESOLVED_REQUIRES_MANUAL_BINDING
1777953000,1777953300,VIX,VIX,M5,Bid,19.78,19.78,19.78,19.78,1,21,0,MT5_PY_API_UNIX_SECONDS,UNRESOLVED_REQUIRES_MANUAL_BINDING
1777953300,1777953600,VIX,VIX,M5,Bid,19.81,19.81,19.8,19.81,4,20,0,MT5_PY_API_UNIX_SECONDS,UNRESOLVED_REQUIRES_MANUAL_BINDING
1777953600,1777953900,VIX,VIX,M5,Bid,19.82,19.83,19.78,19.78,32,20,0,MT5_PY_API_UNIX_SECONDS,UNRESOLVED_REQUIRES_MANUAL_BINDING
1777953900,1777954200,VIX,VIX,M5,Bid,19.79,19.79,19.77,19.78,5,20,0,MT5_PY_API_UNIX_SECONDS,UNRESOLVED_REQUIRES_MANUAL_BINDING
1777954200,1777954500,VIX,VIX,M5,Bid,19.79,19.79,19.77,19.77,3,21,0,MT5_PY_API_UNIX_SECONDS,UNRESOLVED_REQUIRES_MANUAL_BINDING
1777955100,1777955400,VIX,VIX,M5,Bid,19.78,19.78,19.77,19.77,9,20,0,MT5_PY_API_UNIX_SECONDS,UNRESOLVED_REQUIRES_MANUAL_BINDING
1777955400,1777955700,VIX,VIX,M5,Bid,19.78,19.8,19.78,19.78,45,20,0,MT5_PY_API_UNIX_SECONDS,UNRESOLVED_REQUIRES_MANUAL_BINDING
1777955700,1777956000,VIX,VIX,M5,Bid,19.77,19.77,19.67,19.71,23,20,0,MT5_PY_API_UNIX_SECONDS,UNRESOLVED_REQUIRES_MANUAL_BINDING
1777956000,1777956300,VIX,VIX,M5,Bid,19.72,19.73,19.69,19.71,21,20,0,MT5_PY_API_UNIX_SECONDS,UNRESOLVED_REQUIRES_MANUAL_BINDING
1777956300,1777956600,VIX,VIX,M5,Bid,19.7,19.71,19.68,19.71,52,20,0,MT5_PY_API_UNIX_SECONDS,UNRESOLVED_REQUIRES_MANUAL_BINDING
1777956600,1777956900,VIX,VIX,M5,Bid,19.7,19.71,19.68,19.71,39,20,0,MT5_PY_API_UNIX_SECONDS,UNRESOLVED_REQUIRES_MANUAL_BINDING
1777956900,1777957200,VIX,VIX,M5,Bid,19.72,19.72,19.71,19.72,3,21,0,MT5_PY_API_UNIX_SECONDS,UNRESOLVED_REQUIRES_MANUAL_BINDING
1777957200,1777957500,VIX,VIX,M5,Bid,19.71,19.72,19.68,19.71,18,20,0,MT5_PY_API_UNIX_SECONDS,UNRESOLVED_REQUIRES_MANUAL_BINDING
1777957500,1777957800,VIX,VIX,M5,Bid,19.72,19.72,19.72,19.72,1,21,0,MT5_PY_API_UNIX_SECONDS,UNRESOLVED_REQUIRES_MANUAL_BINDING
1777957800,1777958100,VIX,VIX,M5,Bid,19.73,19.73,19.72,19.72,2,21,0,MT5_PY_API_UNIX_SECONDS,UNRESOLVED_REQUIRES_MANUAL_BINDING
1777958700,1777959000,VIX,VIX,M5,Bid,19.71,19.71,19.71,19.71,1,21,0,MT5_PY_API_UNIX_SECONDS,UNRESOLVED_REQUIRES_MANUAL_BINDING
1777959000,1777959300,VIX,VIX,M5,Bid,19.7,19.7,19.67,19.67,7,20,0,MT5_PY_API_UNIX_SECONDS,UNRESOLVED_REQUIRES_MANUAL_BINDING
1777959300,1777959600,VIX,VIX,M5,Bid,19.68,19.71,19.68,19.68,4,21,0,MT5_PY_API_UNIX_SECONDS,UNRESOLVED_REQUIRES_MANUAL_BINDING
1777959900,1777960200,VIX,VIX,M5,Bid,19.71,19.77,19.68,19.76,30,20,0,MT5_PY_API_UNIX_SECONDS,UNRESOLVED_REQUIRES_MANUAL_BINDING
1777960200,1777960500,VIX,VIX,M5,Bid,19.75,19.76,19.71,19.73,19,20,0,MT5_PY_API_UNIX_SECONDS,UNRESOLVED_REQUIRES_MANUAL_BINDING
1777960500,1777960800,VIX,VIX,M5,Bid,19.74,19.77,19.74,19.76,24,20,0,MT5_PY_API_UNIX_SECONDS,UNRESOLVED_REQUIRES_MANUAL_BINDING
1777960800,1777961100,VIX,VIX,M5,Bid,19.75,19.77,19.75,19.76,4,20,0,MT5_PY_API_UNIX_SECONDS,UNRESOLVED_REQUIRES_MANUAL_BINDING
1777961400,1777961700,VIX,VIX,M5,Bid,19.75,19.75,19.72,19.72,7,20,0,MT5_PY_API_UNIX_SECONDS,UNRESOLVED_REQUIRES_MANUAL_BINDING
1777961700,1777962000,VIX,VIX,M5,Bid,19.73,19.73,19.72,19.72,8,20,0,MT5_PY_API_UNIX_SECONDS,UNRESOLVED_REQUIRES_MANUAL_BINDING
1777962000,1777962300,VIX,VIX,M5,Bid,19.73,19.73,19.73,19.73,1,21,0,MT5_PY_API_UNIX_SECONDS,UNRESOLVED_REQUIRES_MANUAL_BINDING
1777962300,1777962600,VIX,VIX,M5,Bid,19.73,19.73,19.71,19.72,4,20,0,MT5_PY_API_UNIX_SECONDS,UNRESOLVED_REQUIRES_MANUAL_BINDING
1777962600,1777962900,VIX,VIX,M5,Bid,19.73,19.73,19.72,19.73,7,20,0,MT5_PY_API_UNIX_SECONDS,UNRESOLVED_REQUIRES_MANUAL_BINDING
1777963200,1777963500,VIX,VIX,M5,Bid,19.72,19.73,19.72,19.73,4,20,0,MT5_PY_API_UNIX_SECONDS,UNRESOLVED_REQUIRES_MANUAL_BINDING
1777963500,1777963800,VIX,VIX,M5,Bid,19.73,19.73,19.71,19.71,4,20,0,MT5_PY_API_UNIX_SECONDS,UNRESOLVED_REQUIRES_MANUAL_BINDING
1777963800,1777964100,VIX,VIX,M5,Bid,19.72,19.72,19.71,19.72,5,20,0,MT5_PY_API_UNIX_SECONDS,UNRESOLVED_REQUIRES_MANUAL_BINDING
1777964100,1777964400,VIX,VIX,M5,Bid,19.73,19.73,19.72,19.72,6,21,0,MT5_PY_API_UNIX_SECONDS,UNRESOLVED_REQUIRES_MANUAL_BINDING
1777964400,1777964700,VIX,VIX,M5,Bid,19.71,19.72,19.71,19.72,4,20,0,MT5_PY_API_UNIX_SECONDS,UNRESOLVED_REQUIRES_MANUAL_BINDING
1777964700,1777965000,VIX,VIX,M5,Bid,19.72,19.73,19.72,19.73,3,20,0,MT5_PY_API_UNIX_SECONDS,UNRESOLVED_REQUIRES_MANUAL_BINDING
1777965000,1777965300,VIX,VIX,M5,Bid,19.73,19.73,19.72,19.73,7,20,0,MT5_PY_API_UNIX_SECONDS,UNRESOLVED_REQUIRES_MANUAL_BINDING
1777965300,1777965600,VIX,VIX,M5,Bid,19.73,19.76,19.73,19.73,4,21,0,MT5_PY_API_UNIX_SECONDS,UNRESOLVED_REQUIRES_MANUAL_BINDING
1777965600,1777965900,VIX,VIX,M5,Bid,19.74,19.74,19.72,19.72,3,21,0,MT5_PY_API_UNIX_SECONDS,UNRESOLVED_REQUIRES_MANUAL_BINDING
1777965900,1777966200,VIX,VIX,M5,Bid,19.73,19.73,19.72,19.72,4,21,0,MT5_PY_API_UNIX_SECONDS,UNRESOLVED_REQUIRES_MANUAL_BINDING
1777966200,1777966500,VIX,VIX,M5,Bid,19.73,19.73,19.71,19.72,14,20,0,MT5_PY_API_UNIX_SECONDS,UNRESOLVED_REQUIRES_MANUAL_BINDING
1777966500,1777966800,VIX,VIX,M5,Bid,19.73,19.73,19.72,19.72,2,21,0,MT5_PY_API_UNIX_SECONDS,UNRESOLVED_REQUIRES_MANUAL_BINDING
1777966800,1777967100,VIX,VIX,M5,Bid,19.71,19.72,19.71,19.72,2,21,0,MT5_PY_API_UNIX_SECONDS,UNRESOLVED_REQUIRES_MANUAL_BINDING
1777967100,1777967400,VIX,VIX,M5,Bid,19.71,19.72,19.71,19.71,7,20,0,MT5_PY_API_UNIX_SECONDS,UNRESOLVED_REQUIRES_MANUAL_BINDING
1777967400,1777967700,VIX,VIX,M5,Bid,19.72,19.72,19.71,19.72,5,20,0,MT5_PY_API_UNIX_SECONDS,UNRESOLVED_REQUIRES_MANUAL_BINDING
1777967700,1777968000,VIX,VIX,M5,Bid,19.72,19.72,19.71,19.72,3,20,0,MT5_PY_API_UNIX_SECONDS,UNRESOLVED_REQUIRES_MANUAL_BINDING
1777968000,1777968300,VIX,VIX,M5,Bid,19.73,19.76,19.72,19.73,12,20,0,MT5_PY_API_UNIX_SECONDS,UNRESOLVED_REQUIRES_MANUAL_BINDING
1777968300,1777968600,VIX,VIX,M5,Bid,19.73,19.73,19.71,19.72,6,20,0,MT5_PY_API_UNIX_SECONDS,UNRESOLVED_REQUIRES_MANUAL_BINDING
1777968600,1777968900,VIX,VIX,M5,Bid,19.73,19.73,19.72,19.72,2,20,0,MT5_PY_API_UNIX_SECONDS,UNRESOLVED_REQUIRES_MANUAL_BINDING
1777968900,1777969200,VIX,VIX,M5,Bid,19.71,19.72,19.71,19.71,13,20,0,MT5_PY_API_UNIX_SECONDS,UNRESOLVED_REQUIRES_MANUAL_BINDING
1777969200,1777969500,VIX,VIX,M5,Bid,19.72,19.72,19.71,19.71,12,20,0,MT5_PY_API_UNIX_SECONDS,UNRESOLVED_REQUIRES_MANUAL_BINDING
1777969500,1777969800,VIX,VIX,M5,Bid,19.72,19.72,19.71,19.72,12,20,0,MT5_PY_API_UNIX_SECONDS,UNRESOLVED_REQUIRES_MANUAL_BINDING
1777969800,1777970100,VIX,VIX,M5,Bid,19.71,19.72,19.67,19.67,23,20,0,MT5_PY_API_UNIX_SECONDS,UNRESOLVED_REQUIRES_MANUAL_BINDING
1777970100,1777970400,VIX,VIX,M5,Bid,19.67,19.67,19.63,19.67,9,20,0,MT5_PY_API_UNIX_SECONDS,UNRESOLVED_REQUIRES_MANUAL_BINDING
1777970400,1777970700,VIX,VIX,M5,Bid,19.66,19.66,19.66,19.66,1,21,0,MT5_PY_API_UNIX_SECONDS,UNRESOLVED_REQUIRES_MANUAL_BINDING
1777970700,1777971000,VIX,VIX,M5,Bid,19.63,19.66,19.63,19.66,7,21,0,MT5_PY_API_UNIX_SECONDS,UNRESOLVED_REQUIRES_MANUAL_BINDING
1777971000,1777971300,VIX,VIX,M5,Bid,19.63,19.66,19.63,19.63,42,20,0,MT5_PY_API_UNIX_SECONDS,UNRESOLVED_REQUIRES_MANUAL_BINDING
1777971300,1777971600,VIX,VIX,M5,Bid,19.63,19.63,19.62,19.63,11,20,0,MT5_PY_API_UNIX_SECONDS,UNRESOLVED_REQUIRES_MANUAL_BINDING
1777971600,1777971900,VIX,VIX,M5,Bid,19.63,19.63,19.57,19.62,43,20,0,MT5_PY_API_UNIX_SECONDS,UNRESOLVED_REQUIRES_MANUAL_BINDING
1777971900,1777972200,VIX,VIX,M5,Bid,19.63,19.63,19.62,19.63,9,20,0,MT5_PY_API_UNIX_SECONDS,UNRESOLVED_REQUIRES_MANUAL_BINDING
1777972200,1777972500,VIX,VIX,M5,Bid,19.63,19.63,19.62,19.62,8,20,0,MT5_PY_API_UNIX_SECONDS,UNRESOLVED_REQUIRES_MANUAL_BINDING
1777972500,1777972800,VIX,VIX,M5,Bid,19.63,19.67,19.63,19.66,43,20,0,MT5_PY_API_UNIX_SECONDS,UNRESOLVED_REQUIRES_MANUAL_BINDING
1777972800,1777973100,VIX,VIX,M5,Bid,19.67,19.72,19.66,19.72,10,20,0,MT5_PY_API_UNIX_SECONDS,UNRESOLVED_REQUIRES_MANUAL_BINDING
1777973100,1777973400,VIX,VIX,M5,Bid,19.68,19.68,19.67,19.68,5,21,0,MT5_PY_API_UNIX_SECONDS,UNRESOLVED_REQUIRES_MANUAL_BINDING
1777973400,1777973700,VIX,VIX,M5,Bid,19.68,19.68,19.57,19.57,34,20,0,MT5_PY_API_UNIX_SECONDS,UNRESOLVED_REQUIRES_MANUAL_BINDING
1777973700,1777974000,VIX,VIX,M5,Bid,19.56,19.57,19.51,19.51,23,20,0,MT5_PY_API_UNIX_SECONDS,UNRESOLVED_REQUIRES_MANUAL_BINDING
1777974000,1777974300,VIX,VIX,M5,Bid,19.52,19.53,19.51,19.51,7,20,0,MT5_PY_API_UNIX_SECONDS,UNRESOLVED_REQUIRES_MANUAL_BINDING
1777974300,1777974600,VIX,VIX,M5,Bid,19.52,19.53,19.51,19.51,15,20,0,MT5_PY_API_UNIX_SECONDS,UNRESOLVED_REQUIRES_MANUAL_BINDING
1777974600,1777974900,VIX,VIX,M5,Bid,19.52,19.52,19.43,19.43,16,20,0,MT5_PY_API_UNIX_SECONDS,UNRESOLVED_REQUIRES_MANUAL_BINDING
1777974900,1777975200,VIX,VIX,M5,Bid,19.42,19.47,19.42,19.43,56,20,0,MT5_PY_API_UNIX_SECONDS,UNRESOLVED_REQUIRES_MANUAL_BINDING
1777975200,1777975500,VIX,VIX,M5,Bid,19.44,19.46,19.42,19.46,114,20,0,MT5_PY_API_UNIX_SECONDS,UNRESOLVED_REQUIRES_MANUAL_BINDING
1777975500,1777975800,VIX,VIX,M5,Bid,19.45,19.48,19.43,19.48,35,20,0,MT5_PY_API_UNIX_SECONDS,UNRESOLVED_REQUIRES_MANUAL_BINDING
1777975800,1777976100,VIX,VIX,M5,Bid,19.47,19.51,19.47,19.51,21,20,0,MT5_PY_API_UNIX_SECONDS,UNRESOLVED_REQUIRES_MANUAL_BINDING
1777976100,1777976400,VIX,VIX,M5,Bid,19.52,19.52,19.47,19.47,17,20,0,MT5_PY_API_UNIX_SECONDS,UNRESOLVED_REQUIRES_MANUAL_BINDING
1777976400,1777976700,VIX,VIX,M5,Bid,19.47,19.48,19.46,19.48,13,20,0,MT5_PY_API_UNIX_SECONDS,UNRESOLVED_REQUIRES_MANUAL_BINDING
1777976700,1777977000,VIX,VIX,M5,Bid,19.49,19.52,19.48,19.52,63,20,0,MT5_PY_API_UNIX_SECONDS,UNRESOLVED_REQUIRES_MANUAL_BINDING
1777977000,1777977300,VIX,VIX,M5,Bid,19.51,19.51,19.48,19.48,60,20,0,MT5_PY_API_UNIX_SECONDS,UNRESOLVED_REQUIRES_MANUAL_BINDING
1777977300,1777977600,VIX,VIX,M5,Bid,19.49,19.51,19.37,19.41,87,20,0,MT5_PY_API_UNIX_SECONDS,UNRESOLVED_REQUIRES_MANUAL_BINDING
1777977600,1777977900,VIX,VIX,M5,Bid,19.4,19.43,19.37,19.43,27,20,0,MT5_PY_API_UNIX_SECONDS,UNRESOLVED_REQUIRES_MANUAL_BINDING
1777977900,1777978200,VIX,VIX,M5,Bid,19.42,19.47,19.42,19.47,51,20,0,MT5_PY_API_UNIX_SECONDS,UNRESOLVED_REQUIRES_MANUAL_BINDING
1777978200,1777978500,VIX,VIX,M5,Bid,19.48,19.48,19.46,19.47,14,20,0,MT5_PY_API_UNIX_SECONDS,UNRESOLVED_REQUIRES_MANUAL_BINDING
1777978500,1777978800,VIX,VIX,M5,Bid,19.48,19.52,19.47,19.48,27,20,0,MT5_PY_API_UNIX_SECONDS,UNRESOLVED_REQUIRES_MANUAL_BINDING
1777978800,1777979100,VIX,VIX,M5,Bid,19.48,19.48,19.46,19.47,13,20,0,MT5_PY_API_UNIX_SECONDS,UNRESOLVED_REQUIRES_MANUAL_BINDING
1777979100,1777979400,VIX,VIX,M5,Bid,19.48,19.51,19.47,19.48,11,20,0,MT5_PY_API_UNIX_SECONDS,UNRESOLVED_REQUIRES_MANUAL_BINDING
1777979400,1777979700,VIX,VIX,M5,Bid,19.51,19.51,19.47,19.47,38,20,0,MT5_PY_API_UNIX_SECONDS,UNRESOLVED_REQUIRES_MANUAL_BINDING
1777979700,1777980000,VIX,VIX,M5,Bid,19.48,19.48,19.46,19.48,13,20,0,MT5_PY_API_UNIX_SECONDS,UNRESOLVED_REQUIRES_MANUAL_BINDING
1777980000,1777980300,VIX,VIX,M5,Bid,19.47,19.47,19.43,19.43,63,20,0,MT5_PY_API_UNIX_SECONDS,UNRESOLVED_REQUIRES_MANUAL_BINDING
1777980300,1777980600,VIX,VIX,M5,Bid,19.42,19.43,19.41,19.43,16,20,0,MT5_PY_API_UNIX_SECONDS,UNRESOLVED_REQUIRES_MANUAL_BINDING
1777980600,1777980900,VIX,VIX,M5,Bid,19.44,19.46,19.41,19.42,27,20,0,MT5_PY_API_UNIX_SECONDS,UNRESOLVED_REQUIRES_MANUAL_BINDING
1777980900,1777981200,VIX,VIX,M5,Bid,19.43,19.43,19.41,19.43,5,20,0,MT5_PY_API_UNIX_SECONDS,UNRESOLVED_REQUIRES_MANUAL_BINDING
1777981200,1777981500,VIX,VIX,M5,Bid,19.42,19.46,19.42,19.43,57,20,0,MT5_PY_API_UNIX_SECONDS,UNRESOLVED_REQUIRES_MANUAL_BINDING
1777981500,1777981800,VIX,VIX,M5,Bid,19.46,19.47,19.42,19.43,25,20,0,MT5_PY_API_UNIX_SECONDS,UNRESOLVED_REQUIRES_MANUAL_BINDING
1777981800,1777982100,VIX,VIX,M5,Bid,19.44,19.47,19.43,19.47,27,20,0,MT5_PY_API_UNIX_SECONDS,UNRESOLVED_REQUIRES_MANUAL_BINDING
1777982100,1777982400,VIX,VIX,M5,Bid,19.48,19.48,19.46,19.46,6,20,0,MT5_PY_API_UNIX_SECONDS,UNRESOLVED_REQUIRES_MANUAL_BINDING
1777982400,1777982700,VIX,VIX,M5,Bid,19.47,19.48,19.46,19.48,15,20,0,MT5_PY_API_UNIX_SECONDS,UNRESOLVED_REQUIRES_MANUAL_BINDING
1777982700,1777983000,VIX,VIX,M5,Bid,19.51,19.53,19.48,19.48,26,20,0,MT5_PY_API_UNIX_SECONDS,UNRESOLVED_REQUIRES_MANUAL_BINDING
1777983000,1777983300,VIX,VIX,M5,Bid,19.49,19.51,19.47,19.48,10,20,0,MT5_PY_API_UNIX_SECONDS,UNRESOLVED_REQUIRES_MANUAL_BINDING
1777983300,1777983600,VIX,VIX,M5,Bid,19.48,19.51,19.47,19.5,17,20,0,MT5_PY_API_UNIX_SECONDS,UNRESOLVED_REQUIRES_MANUAL_BINDING
1777983600,1777983900,VIX,VIX,M5,Bid,19.48,19.51,19.47,19.47,62,20,0,MT5_PY_API_UNIX_SECONDS,UNRESOLVED_REQUIRES_MANUAL_BINDING
1777983900,1777984200,VIX,VIX,M5,Bid,19.48,19.48,19.47,19.48,5,20,0,MT5_PY_API_UNIX_SECONDS,UNRESOLVED_REQUIRES_MANUAL_BINDING
1777984200,1777984500,VIX,VIX,M5,Bid,19.47,19.47,19.43,19.47,14,21,0,MT5_PY_API_UNIX_SECONDS,UNRESOLVED_REQUIRES_MANUAL_BINDING
1777984500,1777984800,VIX,VIX,M5,Bid,19.48,19.48,19.47,19.47,8,20,0,MT5_PY_API_UNIX_SECONDS,UNRESOLVED_REQUIRES_MANUAL_BINDING
1777984800,1777985100,VIX,VIX,M5,Bid,19.43,19.43,19.43,19.43,1,21,0,MT5_PY_API_UNIX_SECONDS,UNRESOLVED_REQUIRES_MANUAL_BINDING
1777985100,1777985400,VIX,VIX,M5,Bid,19.43,19.46,19.41,19.46,7,20,0,MT5_PY_API_UNIX_SECONDS,UNRESOLVED_REQUIRES_MANUAL_BINDING
1777985400,1777985700,VIX,VIX,M5,Bid,19.47,19.47,19.43,19.46,12,20,0,MT5_PY_API_UNIX_SECONDS,UNRESOLVED_REQUIRES_MANUAL_BINDING
1777985700,1777986000,VIX,VIX,M5,Bid,19.45,19.46,19.42,19.42,55,20,0,MT5_PY_API_UNIX_SECONDS,UNRESOLVED_REQUIRES_MANUAL_BINDING
1777986000,1777986300,VIX,VIX,M5,Bid,19.41,19.43,19.41,19.41,7,20,0,MT5_PY_API_UNIX_SECONDS,UNRESOLVED_REQUIRES_MANUAL_BINDING
1777986300,1777986600,VIX,VIX,M5,Bid,19.42,19.43,19.41,19.43,14,20,0,MT5_PY_API_UNIX_SECONDS,UNRESOLVED_REQUIRES_MANUAL_BINDING
1777986600,1777986900,VIX,VIX,M5,Bid,19.45,19.45,19.41,19.42,9,20,0,MT5_PY_API_UNIX_SECONDS,UNRESOLVED_REQUIRES_MANUAL_BINDING
1777986900,1777987200,VIX,VIX,M5,Bid,19.43,19.43,19.41,19.42,5,20,0,MT5_PY_API_UNIX_SECONDS,UNRESOLVED_REQUIRES_MANUAL_BINDING
1777987200,1777987500,VIX,VIX,M5,Bid,19.42,19.42,19.41,19.42,5,20,0,MT5_PY_API_UNIX_SECONDS,UNRESOLVED_REQUIRES_MANUAL_BINDING
1777987500,1777987800,VIX,VIX,M5,Bid,19.42,19.42,19.41,19.42,7,20,0,MT5_PY_API_UNIX_SECONDS,UNRESOLVED_REQUIRES_MANUAL_BINDING
1777987800,1777988100,VIX,VIX,M5,Bid,19.41,19.42,19.31,19.36,15,20,0,MT5_PY_API_UNIX_SECONDS,UNRESOLVED_REQUIRES_MANUAL_BINDING
1777988100,1777988400,VIX,VIX,M5,Bid,19.37,19.41,19.36,19.41,12,20,0,MT5_PY_API_UNIX_SECONDS,UNRESOLVED_REQUIRES_MANUAL_BINDING
1777988400,1777988700,VIX,VIX,M5,Bid,19.42,19.43,19.42,19.42,16,20,0,MT5_PY_API_UNIX_SECONDS,UNRESOLVED_REQUIRES_MANUAL_BINDING
1777988700,1777989000,VIX,VIX,M5,Bid,19.43,19.43,19.42,19.42,10,20,0,MT5_PY_API_UNIX_SECONDS,UNRESOLVED_REQUIRES_MANUAL_BINDING
1777989000,1777989300,VIX,VIX,M5,Bid,19.43,19.43,19.42,19.42,6,20,0,MT5_PY_API_UNIX_SECONDS,UNRESOLVED_REQUIRES_MANUAL_BINDING
1777989300,1777989600,VIX,VIX,M5,Bid,19.43,19.43,19.42,19.42,10,20,0,MT5_PY_API_UNIX_SECONDS,UNRESOLVED_REQUIRES_MANUAL_BINDING
1777989600,1777989900,VIX,VIX,M5,Bid,19.43,19.52,19.41,19.48,75,20,0,MT5_PY_API_UNIX_SECONDS,UNRESOLVED_REQUIRES_MANUAL_BINDING
1777989900,1777990200,VIX,VIX,M5,Bid,19.49,19.5,19.47,19.47,7,20,0,MT5_PY_API_UNIX_SECONDS,UNRESOLVED_REQUIRES_MANUAL_BINDING
1777990200,1777990500,VIX,VIX,M5,Bid,19.47,19.48,19.46,19.47,10,20,0,MT5_PY_API_UNIX_SECONDS,UNRESOLVED_REQUIRES_MANUAL_BINDING
1777990500,1777990800,VIX,VIX,M5,Bid,19.47,19.51,19.47,19.51,20,20,0,MT5_PY_API_UNIX_SECONDS,UNRESOLVED_REQUIRES_MANUAL_BINDING
1777990800,1777991100,VIX,VIX,M5,Bid,19.5,19.51,19.47,19.47,29,20,0,MT5_PY_API_UNIX_SECONDS,UNRESOLVED_REQUIRES_MANUAL_BINDING
1777991100,1777991400,VIX,VIX,M5,Bid,19.48,19.48,19.42,19.43,21,20,0,MT5_PY_API_UNIX_SECONDS,UNRESOLVED_REQUIRES_MANUAL_BINDING
1777991400,1777991700,VIX,VIX,M5,Bid,19.42,19.43,19.41,19.42,17,20,0,MT5_PY_API_UNIX_SECONDS,UNRESOLVED_REQUIRES_MANUAL_BINDING
1777991700,1777992000,VIX,VIX,M5,Bid,19.43,19.43,19.42,19.42,4,20,0,MT5_PY_API_UNIX_SECONDS,UNRESOLVED_REQUIRES_MANUAL_BINDING
1777992000,1777992300,VIX,VIX,M5,Bid,19.42,19.42,19.41,19.42,5,20,0,MT5_PY_API_UNIX_SECONDS,UNRESOLVED_REQUIRES_MANUAL_BINDING
1777992600,1777992900,VIX,VIX,M5,Bid,19.43,19.43,19.42,19.43,7,20,0,MT5_PY_API_UNIX_SECONDS,UNRESOLVED_REQUIRES_MANUAL_BINDING
1777992900,1777993200,VIX,VIX,M5,Bid,19.42,19.46,19.42,19.43,10,20,0,MT5_PY_API_UNIX_SECONDS,UNRESOLVED_REQUIRES_MANUAL_BINDING
1777993200,1777993500,VIX,VIX,M5,Bid,19.43,19.47,19.43,19.46,19,20,0,MT5_PY_API_UNIX_SECONDS,UNRESOLVED_REQUIRES_MANUAL_BINDING
1777993500,1777993800,VIX,VIX,M5,Bid,19.47,19.47,19.42,19.42,25,20,0,MT5_PY_API_UNIX_SECONDS,UNRESOLVED_REQUIRES_MANUAL_BINDING
1777993800,1777994100,VIX,VIX,M5,Bid,19.41,19.42,19.37,19.37,26,20,0,MT5_PY_API_UNIX_SECONDS,UNRESOLVED_REQUIRES_MANUAL_BINDING
1777994100,1777994400,VIX,VIX,M5,Bid,19.38,19.41,19.36,19.41,46,20,0,MT5_PY_API_UNIX_SECONDS,UNRESOLVED_REQUIRES_MANUAL_BINDING
1777994400,1777994700,VIX,VIX,M5,Bid,19.42,19.42,19.36,19.37,32,20,0,MT5_PY_API_UNIX_SECONDS,UNRESOLVED_REQUIRES_MANUAL_BINDING
1777994700,1777995000,VIX,VIX,M5,Bid,19.37,19.37,19.35,19.37,18,20,0,MT5_PY_API_UNIX_SECONDS,UNRESOLVED_REQUIRES_MANUAL_BINDING
1777995000,1777995300,VIX,VIX,M5,Bid,19.38,19.38,19.36,19.37,13,20,0,MT5_PY_API_UNIX_SECONDS,UNRESOLVED_REQUIRES_MANUAL_BINDING
1777995300,1777995600,VIX,VIX,M5,Bid,19.36,19.38,19.36,19.37,6,20,0,MT5_PY_API_UNIX_SECONDS,UNRESOLVED_REQUIRES_MANUAL_BINDING
1777995600,1777995900,VIX,VIX,M5,Bid,19.38,19.38,19.36,19.37,15,20,0,MT5_PY_API_UNIX_SECONDS,UNRESOLVED_REQUIRES_MANUAL_BINDING
1777995900,1777996200,VIX,VIX,M5,Bid,19.38,19.41,19.37,19.38,7,21,0,MT5_PY_API_UNIX_SECONDS,UNRESOLVED_REQUIRES_MANUAL_BINDING
1777996200,1777996500,VIX,VIX,M5,Bid,19.37,19.38,19.37,19.37,23,20,0,MT5_PY_API_UNIX_SECONDS,UNRESOLVED_REQUIRES_MANUAL_BINDING
1777996500,1777996800,VIX,VIX,M5,Bid,19.38,19.38,19.37,19.38,11,20,0,MT5_PY_API_UNIX_SECONDS,UNRESOLVED_REQUIRES_MANUAL_BINDING
1777996800,1777997100,VIX,VIX,M5,Bid,19.38,19.38,19.37,19.37,9,20,0,MT5_PY_API_UNIX_SECONDS,UNRESOLVED_REQUIRES_MANUAL_BINDING
1777997100,1777997400,VIX,VIX,M5,Bid,19.37,19.37,19.33,19.36,8,20,0,MT5_PY_API_UNIX_SECONDS,UNRESOLVED_REQUIRES_MANUAL_BINDING
1777997400,1777997700,VIX,VIX,M5,Bid,19.37,19.38,19.36,19.37,18,20,0,MT5_PY_API_UNIX_SECONDS,UNRESOLVED_REQUIRES_MANUAL_BINDING
1777997700,1777998000,VIX,VIX,M5,Bid,19.38,19.41,19.37,19.41,20,20,0,MT5_PY_API_UNIX_SECONDS,UNRESOLVED_REQUIRES_MANUAL_BINDING
1777998000,1777998300,VIX,VIX,M5,Bid,19.38,19.43,19.38,19.43,7,20,0,MT5_PY_API_UNIX_SECONDS,UNRESOLVED_REQUIRES_MANUAL_BINDING
1777998300,1777998600,VIX,VIX,M5,Bid,19.42,19.42,19.38,19.41,30,20,0,MT5_PY_API_UNIX_SECONDS,UNRESOLVED_REQUIRES_MANUAL_BINDING
1777998600,1777998900,VIX,VIX,M5,Bid,19.42,19.42,19.31,19.32,139,20,0,MT5_PY_API_UNIX_SECONDS,UNRESOLVED_REQUIRES_MANUAL_BINDING
1777998900,1777999200,VIX,VIX,M5,Bid,19.32,19.37,19.31,19.33,71,20,0,MT5_PY_API_UNIX_SECONDS,UNRESOLVED_REQUIRES_MANUAL_BINDING
1777999200,1777999500,VIX,VIX,M5,Bid,19.36,19.41,19.32,19.37,95,20,0,MT5_PY_API_UNIX_SECONDS,UNRESOLVED_REQUIRES_MANUAL_BINDING
1777999500,1777999800,VIX,VIX,M5,Bid,19.37,19.38,19.32,19.38,41,20,0,MT5_PY_API_UNIX_SECONDS,UNRESOLVED_REQUIRES_MANUAL_BINDING
1777999800,1778000100,VIX,VIX,M5,Bid,19.37,19.37,19.32,19.37,44,20,0,MT5_PY_API_UNIX_SECONDS,UNRESOLVED_REQUIRES_MANUAL_BINDING
1778000100,1778000400,VIX,VIX,M5,Bid,19.37,19.38,19.32,19.33,55,20,0,MT5_PY_API_UNIX_SECONDS,UNRESOLVED_REQUIRES_MANUAL_BINDING
1778000400,1778000700,VIX,VIX,M5,Bid,19.33,19.37,19.32,19.32,22,20,0,MT5_PY_API_UNIX_SECONDS,UNRESOLVED_REQUIRES_MANUAL_BINDING
1778000700,1778001000,VIX,VIX,M5,Bid,19.32,19.32,19.28,19.32,24,20,0,MT5_PY_API_UNIX_SECONDS,UNRESOLVED_REQUIRES_MANUAL_BINDING
1778001000,1778001300,VIX,VIX,M5,Bid,19.33,19.48,19.33,19.43,85,20,0,MT5_PY_API_UNIX_SECONDS,UNRESOLVED_REQUIRES_MANUAL_BINDING
1778001300,1778001600,VIX,VIX,M5,Bid,19.42,19.52,19.41,19.43,138,20,0,MT5_PY_API_UNIX_SECONDS,UNRESOLVED_REQUIRES_MANUAL_BINDING
1778001600,1778001900,VIX,VIX,M5,Bid,19.46,19.48,19.38,19.38,118,20,0,MT5_PY_API_UNIX_SECONDS,UNRESOLVED_REQUIRES_MANUAL_BINDING
1778001900,1778002200,VIX,VIX,M5,Bid,19.41,19.41,19.36,19.37,42,20,0,MT5_PY_API_UNIX_SECONDS,UNRESOLVED_REQUIRES_MANUAL_BINDING
1778002200,1778002500,VIX,VIX,M5,Bid,19.36,19.41,19.36,19.37,30,20,0,MT5_PY_API_UNIX_SECONDS,UNRESOLVED_REQUIRES_MANUAL_BINDING
1778002500,1778002800,VIX,VIX,M5,Bid,19.38,19.42,19.37,19.37,44,20,0,MT5_PY_API_UNIX_SECONDS,UNRESOLVED_REQUIRES_MANUAL_BINDING
1778002800,1778003100,VIX,VIX,M5,Bid,19.37,19.37,19.32,19.33,22,20,0,MT5_PY_API_UNIX_SECONDS,UNRESOLVED_REQUIRES_MANUAL_BINDING
1778003100,1778003400,VIX,VIX,M5,Bid,19.36,19.41,19.33,19.37,43,20,0,MT5_PY_API_UNIX_SECONDS,UNRESOLVED_REQUIRES_MANUAL_BINDING
1778003400,1778003700,VIX,VIX,M5,Bid,19.38,19.42,19.37,19.37,56,20,0,MT5_PY_API_UNIX_SECONDS,UNRESOLVED_REQUIRES_MANUAL_BINDING
1778003700,1778004000,VIX,VIX,M5,Bid,19.36,19.38,19.36,19.36,43,20,0,MT5_PY_API_UNIX_SECONDS,UNRESOLVED_REQUIRES_MANUAL_BINDING
1778004000,1778004300,VIX,VIX,M5,Bid,19.37,19.41,19.37,19.37,28,20,0,MT5_PY_API_UNIX_SECONDS,UNRESOLVED_REQUIRES_MANUAL_BINDING
1778004300,1778004600,VIX,VIX,M5,Bid,19.37,19.47,19.37,19.47,15,20,0,MT5_PY_API_UNIX_SECONDS,UNRESOLVED_REQUIRES_MANUAL_BINDING
1778004600,1778004900,VIX,VIX,M5,Bid,19.48,19.53,19.47,19.53,28,20,0,MT5_PY_API_UNIX_SECONDS,UNRESOLVED_REQUIRES_MANUAL_BINDING
1778004900,1778005200,VIX,VIX,M5,Bid,19.48,19.53,19.48,19.53,10,21,0,MT5_PY_API_UNIX_SECONDS,UNRESOLVED_REQUIRES_MANUAL_BINDING
1778005200,1778005500,VIX,VIX,M5,Bid,19.48,19.52,19.47,19.48,24,20,0,MT5_PY_API_UNIX_SECONDS,UNRESOLVED_REQUIRES_MANUAL_BINDING
1778005500,1778005800,VIX,VIX,M5,Bid,19.52,19.52,19.48,19.52,24,21,0,MT5_PY_API_UNIX_SECONDS,UNRESOLVED_REQUIRES_MANUAL_BINDING
1778005800,1778006100,VIX,VIX,M5,Bid,19.56,19.57,19.56,19.57,28,20,0,MT5_PY_API_UNIX_SECONDS,UNRESOLVED_REQUIRES_MANUAL_BINDING
1778006100,1778006400,VIX,VIX,M5,Bid,19.57,19.57,19.52,19.52,30,20,0,MT5_PY_API_UNIX_SECONDS,UNRESOLVED_REQUIRES_MANUAL_BINDING
1778006400,1778006700,VIX,VIX,M5,Bid,19.53,19.57,19.52,19.53,19,20,0,MT5_PY_API_UNIX_SECONDS,UNRESOLVED_REQUIRES_MANUAL_BINDING
1778006700,1778007000,VIX,VIX,M5,Bid,19.52,19.53,19.51,19.52,23,20,0,MT5_PY_API_UNIX_SECONDS,UNRESOLVED_REQUIRES_MANUAL_BINDING
1778007000,1778007300,VIX,VIX,M5,Bid,19.52,19.53,19.52,19.52,10,20,0,MT5_PY_API_UNIX_SECONDS,UNRESOLVED_REQUIRES_MANUAL_BINDING
1778007300,1778007600,VIX,VIX,M5,Bid,19.53,19.53,19.52,19.53,7,20,0,MT5_PY_API_UNIX_SECONDS,UNRESOLVED_REQUIRES_MANUAL_BINDING
1778007600,1778007900,VIX,VIX,M5,Bid,19.53,19.58,19.52,19.57,28,20,0,MT5_PY_API_UNIX_SECONDS,UNRESOLVED_REQUIRES_MANUAL_BINDING
1778007900,1778008200,VIX,VIX,M5,Bid,19.57,19.57,19.52,19.52,4,20,0,MT5_PY_API_UNIX_SECONDS,UNRESOLVED_REQUIRES_MANUAL_BINDING
1778008500,1778008800,VIX,VIX,M5,Bid,19.52,19.52,19.48,19.48,7,20,0,MT5_PY_API_UNIX_SECONDS,UNRESOLVED_REQUIRES_MANUAL_BINDING
1778008800,1778009100,VIX,VIX,M5,Bid,19.48,19.48,19.47,19.47,6,20,0,MT5_PY_API_UNIX_SECONDS,UNRESOLVED_REQUIRES_MANUAL_BINDING
1778009100,1778009400,VIX,VIX,M5,Bid,19.48,19.52,19.47,19.47,14,20,0,MT5_PY_API_UNIX_SECONDS,UNRESOLVED_REQUIRES_MANUAL_BINDING
1778009400,1778009700,VIX,VIX,M5,Bid,19.43,19.43,19.37,19.37,23,20,0,MT5_PY_API_UNIX_SECONDS,UNRESOLVED_REQUIRES_MANUAL_BINDING
1778009700,1778010000,VIX,VIX,M5,Bid,19.38,19.42,19.38,19.42,9,20,0,MT5_PY_API_UNIX_SECONDS,UNRESOLVED_REQUIRES_MANUAL_BINDING
1778010000,1778010300,VIX,VIX,M5,Bid,19.42,19.43,19.41,19.42,7,20,0,MT5_PY_API_UNIX_SECONDS,UNRESOLVED_REQUIRES_MANUAL_BINDING
1778010300,1778010600,VIX,VIX,M5,Bid,19.43,19.43,19.41,19.42,66,20,0,MT5_PY_API_UNIX_SECONDS,UNRESOLVED_REQUIRES_MANUAL_BINDING
1778010600,1778010900,VIX,VIX,M5,Bid,19.43,19.43,19.42,19.43,11,20,0,MT5_PY_API_UNIX_SECONDS,UNRESOLVED_REQUIRES_MANUAL_BINDING
1778010900,1778011200,VIX,VIX,M5,Bid,19.43,19.47,19.42,19.46,15,20,0,MT5_PY_API_UNIX_SECONDS,UNRESOLVED_REQUIRES_MANUAL_BINDING
1778011200,1778011500,VIX,VIX,M5,Bid,19.47,19.47,19.42,19.42,6,20,0,MT5_PY_API_UNIX_SECONDS,UNRESOLVED_REQUIRES_MANUAL_BINDING
1778011500,1778011800,VIX,VIX,M5,Bid,19.43,19.43,19.42,19.42,14,20,0,MT5_PY_API_UNIX_SECONDS,UNRESOLVED_REQUIRES_MANUAL_BINDING
1778011800,1778012100,VIX,VIX,M5,Bid,19.43,19.43,19.42,19.42,2,20,0,MT5_PY_API_UNIX_SECONDS,UNRESOLVED_REQUIRES_MANUAL_BINDING
1778012100,1778012400,VIX,VIX,M5,Bid,19.42,19.42,19.42,19.42,1,21,0,MT5_PY_API_UNIX_SECONDS,UNRESOLVED_REQUIRES_MANUAL_BINDING
1778012400,1778012700,VIX,VIX,M5,Bid,19.43,19.43,19.42,19.42,6,20,0,MT5_PY_API_UNIX_SECONDS,UNRESOLVED_REQUIRES_MANUAL_BINDING
1778012700,1778013000,VIX,VIX,M5,Bid,19.42,19.42,19.42,19.42,2,21,0,MT5_PY_API_UNIX_SECONDS,UNRESOLVED_REQUIRES_MANUAL_BINDING
1778013000,1778013300,VIX,VIX,M5,Bid,19.42,19.42,19.37,19.37,15,20,0,MT5_PY_API_UNIX_SECONDS,UNRESOLVED_REQUIRES_MANUAL_BINDING
1778013300,1778013600,VIX,VIX,M5,Bid,19.38,19.38,19.37,19.37,2,20,0,MT5_PY_API_UNIX_SECONDS,UNRESOLVED_REQUIRES_MANUAL_BINDING
1778013900,1778014200,VIX,VIX,M5,Bid,19.38,19.38,19.37,19.38,5,20,0,MT5_PY_API_UNIX_SECONDS,UNRESOLVED_REQUIRES_MANUAL_BINDING
1778014200,1778014500,VIX,VIX,M5,Bid,19.38,19.38,19.37,19.37,11,20,0,MT5_PY_API_UNIX_SECONDS,UNRESOLVED_REQUIRES_MANUAL_BINDING
1778014500,1778014800,VIX,VIX,M5,Bid,19.38,19.38,19.37,19.38,4,20,0,MT5_PY_API_UNIX_SECONDS,UNRESOLVED_REQUIRES_MANUAL_BINDING
1778014800,1778015100,VIX,VIX,M5,Bid,19.38,19.38,19.35,19.36,5,20,0,MT5_PY_API_UNIX_SECONDS,UNRESOLVED_REQUIRES_MANUAL_BINDING
1778015100,1778015400,VIX,VIX,M5,Bid,19.35,19.36,19.33,19.33,7,20,0,MT5_PY_API_UNIX_SECONDS,UNRESOLVED_REQUIRES_MANUAL_BINDING
1778015400,1778015700,VIX,VIX,M5,Bid,19.33,19.33,19.32,19.32,3,20,0,MT5_PY_API_UNIX_SECONDS,UNRESOLVED_REQUIRES_MANUAL_BINDING
1778015700,1778016000,VIX,VIX,M5,Bid,19.33,19.37,19.33,19.37,15,20,0,MT5_PY_API_UNIX_SECONDS,UNRESOLVED_REQUIRES_MANUAL_BINDING
1778016000,1778016300,VIX,VIX,M5,Bid,19.37,19.37,19.37,19.37,2,21,0,MT5_PY_API_UNIX_SECONDS,UNRESOLVED_REQUIRES_MANUAL_BINDING
1778016300,1778016600,VIX,VIX,M5,Bid,19.37,19.38,19.37,19.38,10,20,0,MT5_PY_API_UNIX_SECONDS,UNRESOLVED_REQUIRES_MANUAL_BINDING
1778016600,1778016900,VIX,VIX,M5,Bid,19.38,19.41,19.37,19.41,17,20,0,MT5_PY_API_UNIX_SECONDS,UNRESOLVED_REQUIRES_MANUAL_BINDING
1778016900,1778017200,VIX,VIX,M5,Bid,19.38,19.42,19.38,19.42,3,20,0,MT5_PY_API_UNIX_SECONDS,UNRESOLVED_REQUIRES_MANUAL_BINDING
1778017200,1778017500,VIX,VIX,M5,Bid,19.41,19.41,19.38,19.38,5,21,0,MT5_PY_API_UNIX_SECONDS,UNRESOLVED_REQUIRES_MANUAL_BINDING
1778017500,1778017800,VIX,VIX,M5,Bid,19.38,19.38,19.37,19.38,5,20,0,MT5_PY_API_UNIX_SECONDS,UNRESOLVED_REQUIRES_MANUAL_BINDING
1778017800,1778018100,VIX,VIX,M5,Bid,19.38,19.41,19.37,19.38,5,20,0,MT5_PY_API_UNIX_SECONDS,UNRESOLVED_REQUIRES_MANUAL_BINDING
1778018100,1778018400,VIX,VIX,M5,Bid,19.41,19.41,19.41,19.41,1,21,0,MT5_PY_API_UNIX_SECONDS,UNRESOLVED_REQUIRES_MANUAL_BINDING
1778018400,1778018700,VIX,VIX,M5,Bid,19.42,19.42,19.41,19.41,4,20,0,MT5_PY_API_UNIX_SECONDS,UNRESOLVED_REQUIRES_MANUAL_BINDING
1778018700,1778019000,VIX,VIX,M5,Bid,19.42,19.43,19.41,19.43,13,20,0,MT5_PY_API_UNIX_SECONDS,UNRESOLVED_REQUIRES_MANUAL_BINDING
1778019000,1778019300,VIX,VIX,M5,Bid,19.43,19.43,19.42,19.42,2,20,0,MT5_PY_API_UNIX_SECONDS,UNRESOLVED_REQUIRES_MANUAL_BINDING
1778019300,1778019600,VIX,VIX,M5,Bid,19.43,19.47,19.43,19.46,22,20,0,MT5_PY_API_UNIX_SECONDS,UNRESOLVED_REQUIRES_MANUAL_BINDING
1778019900,1778020200,VIX,VIX,M5,Bid,19.47,19.47,19.46,19.47,10,20,0,MT5_PY_API_UNIX_SECONDS,UNRESOLVED_REQUIRES_MANUAL_BINDING
1778020200,1778020500,VIX,VIX,M5,Bid,19.51,19.52,19.48,19.52,4,21,0,MT5_PY_API_UNIX_SECONDS,UNRESOLVED_REQUIRES_MANUAL_BINDING
1778020500,1778020800,VIX,VIX,M5,Bid,19.51,19.52,19.48,19.51,5,21,0,MT5_PY_API_UNIX_SECONDS,UNRESOLVED_REQUIRES_MANUAL_BINDING
1778020800,1778021100,VIX,VIX,M5,Bid,19.52,19.52,19.51,19.52,14,20,0,MT5_PY_API_UNIX_SECONDS,UNRESOLVED_REQUIRES_MANUAL_BINDING
1778021100,1778021400,VIX,VIX,M5,Bid,19.56,19.57,19.53,19.57,29,20,0,MT5_PY_API_UNIX_SECONDS,UNRESOLVED_REQUIRES_MANUAL_BINDING
1778021400,1778021700,VIX,VIX,M5,Bid,19.58,19.72,19.58,19.72,55,20,0,MT5_PY_API_UNIX_SECONDS,UNRESOLVED_REQUIRES_MANUAL_BINDING
1778021700,1778022000,VIX,VIX,M5,Bid,19.72,19.77,19.67,19.67,22,20,0,MT5_PY_API_UNIX_SECONDS,UNRESOLVED_REQUIRES_MANUAL_BINDING
1778022000,1778022300,VIX,VIX,M5,Bid,19.68,19.68,19.67,19.67,6,20,0,MT5_PY_API_UNIX_SECONDS,UNRESOLVED_REQUIRES_MANUAL_BINDING
1778022300,1778022600,VIX,VIX,M5,Bid,19.68,19.68,19.67,19.67,9,20,0,MT5_PY_API_UNIX_SECONDS,UNRESOLVED_REQUIRES_MANUAL_BINDING
1778022600,1778022900,VIX,VIX,M5,Bid,19.63,19.63,19.63,19.63,4,20,0,MT5_PY_API_UNIX_SECONDS,UNRESOLVED_REQUIRES_MANUAL_BINDING
1778023800,1778024100,VIX,VIX,M5,Bid,19.52,19.53,19.48,19.48,11,20,0,MT5_PY_API_UNIX_SECONDS,UNRESOLVED_REQUIRES_MANUAL_BINDING
1778024100,1778024400,VIX,VIX,M5,Bid,19.48,19.48,19.47,19.48,6,20,0,MT5_PY_API_UNIX_SECONDS,UNRESOLVED_REQUIRES_MANUAL_BINDING
1778024400,1778024700,VIX,VIX,M5,Bid,19.5,19.52,19.48,19.51,13,20,0,MT5_PY_API_UNIX_SECONDS,UNRESOLVED_REQUIRES_MANUAL_BINDING
1778024700,1778025000,VIX,VIX,M5,Bid,19.52,19.52,19.51,19.52,4,20,0,MT5_PY_API_UNIX_SECONDS,UNRESOLVED_REQUIRES_MANUAL_BINDING
1778025000,1778025300,VIX,VIX,M5,Bid,19.51,19.51,19.47,19.47,6,21,0,MT5_PY_API_UNIX_SECONDS,UNRESOLVED_REQUIRES_MANUAL_BINDING
1778025300,1778025600,VIX,VIX,M5,Bid,19.47,19.47,19.46,19.46,4,20,0,MT5_PY_API_UNIX_SECONDS,UNRESOLVED_REQUIRES_MANUAL_BINDING
1778029200,1778029500,VIX,VIX,M5,Bid,19.47,19.5,19.45,19.45,5,20,0,MT5_PY_API_UNIX_SECONDS,UNRESOLVED_REQUIRES_MANUAL_BINDING
1778029500,1778029800,VIX,VIX,M5,Bid,19.47,19.5,19.45,19.5,3,20,0,MT5_PY_API_UNIX_SECONDS,UNRESOLVED_REQUIRES_MANUAL_BINDING
1778030100,1778030400,VIX,VIX,M5,Bid,19.52,19.55,19.5,19.5,4,20,0,MT5_PY_API_UNIX_SECONDS,UNRESOLVED_REQUIRES_MANUAL_BINDING
1778030400,1778030700,VIX,VIX,M5,Bid,19.52,19.55,19.5,19.5,6,20,0,MT5_PY_API_UNIX_SECONDS,UNRESOLVED_REQUIRES_MANUAL_BINDING
1778032200,1778032500,VIX,VIX,M5,Bid,19.47,19.47,19.22,19.3,127,20,0,MT5_PY_API_UNIX_SECONDS,UNRESOLVED_REQUIRES_MANUAL_BINDING
1778032500,1778032800,VIX,VIX,M5,Bid,19.35,19.35,19.25,19.3,47,20,0,MT5_PY_API_UNIX_SECONDS,UNRESOLVED_REQUIRES_MANUAL_BINDING
1778032800,1778033100,VIX,VIX,M5,Bid,19.27,19.3,19.25,19.3,12,20,0,MT5_PY_API_UNIX_SECONDS,UNRESOLVED_REQUIRES_MANUAL_BINDING
1778033100,1778033400,VIX,VIX,M5,Bid,19.27,19.3,19.25,19.25,13,20,0,MT5_PY_API_UNIX_SECONDS,UNRESOLVED_REQUIRES_MANUAL_BINDING
1778033700,1778034000,VIX,VIX,M5,Bid,19.22,19.22,19.21,19.21,2,21,0,MT5_PY_API_UNIX_SECONDS,UNRESOLVED_REQUIRES_MANUAL_BINDING
1778034000,1778034300,VIX,VIX,M5,Bid,19.22,19.23,19.21,19.23,4,20,0,MT5_PY_API_UNIX_SECONDS,UNRESOLVED_REQUIRES_MANUAL_BINDING
1778034300,1778034600,VIX,VIX,M5,Bid,19.23,19.23,19.22,19.23,4,20,0,MT5_PY_API_UNIX_SECONDS,UNRESOLVED_REQUIRES_MANUAL_BINDING
1778034600,1778034900,VIX,VIX,M5,Bid,19.23,19.23,19.22,19.22,6,20,0,MT5_PY_API_UNIX_SECONDS,UNRESOLVED_REQUIRES_MANUAL_BINDING
1778034900,1778035200,VIX,VIX,M5,Bid,19.23,19.23,19.22,19.22,2,20,0,MT5_PY_API_UNIX_SECONDS,UNRESOLVED_REQUIRES_MANUAL_BINDING
1778035200,1778035500,VIX,VIX,M5,Bid,19.23,19.23,19.22,19.23,5,20,0,MT5_PY_API_UNIX_SECONDS,UNRESOLVED_REQUIRES_MANUAL_BINDING
1778035500,1778035800,VIX,VIX,M5,Bid,19.23,19.23,19.22,19.23,3,20,0,MT5_PY_API_UNIX_SECONDS,UNRESOLVED_REQUIRES_MANUAL_BINDING
1778035800,1778036100,VIX,VIX,M5,Bid,19.23,19.23,19.22,19.22,5,20,0,MT5_PY_API_UNIX_SECONDS,UNRESOLVED_REQUIRES_MANUAL_BINDING
1778036100,1778036400,VIX,VIX,M5,Bid,19.23,19.23,19.22,19.23,3,21,0,MT5_PY_API_UNIX_SECONDS,UNRESOLVED_REQUIRES_MANUAL_BINDING
1778036400,1778036700,VIX,VIX,M5,Bid,19.22,19.23,19.21,19.22,10,20,0,MT5_PY_API_UNIX_SECONDS,UNRESOLVED_REQUIRES_MANUAL_BINDING
1778036700,1778037000,VIX,VIX,M5,Bid,19.23,19.26,19.21,19.21,18,20,0,MT5_PY_API_UNIX_SECONDS,UNRESOLVED_REQUIRES_MANUAL_BINDING
1778037000,1778037300,VIX,VIX,M5,Bid,19.22,19.23,19.22,19.22,21,20,0,MT5_PY_API_UNIX_SECONDS,UNRESOLVED_REQUIRES_MANUAL_BINDING
1778037300,1778037600,VIX,VIX,M5,Bid,19.23,19.23,19.22,19.22,7,20,0,MT5_PY_API_UNIX_SECONDS,UNRESOLVED_REQUIRES_MANUAL_BINDING
1778037600,1778037900,VIX,VIX,M5,Bid,19.23,19.23,19.22,19.22,8,20,0,MT5_PY_API_UNIX_SECONDS,UNRESOLVED_REQUIRES_MANUAL_BINDING
1778037900,1778038200,VIX,VIX,M5,Bid,19.23,19.26,19.22,19.26,43,20,0,MT5_PY_API_UNIX_SECONDS,UNRESOLVED_REQUIRES_MANUAL_BINDING
1778038200,1778038500,VIX,VIX,M5,Bid,19.25,19.25,19.22,19.22,6,20,0,MT5_PY_API_UNIX_SECONDS,UNRESOLVED_REQUIRES_MANUAL_BINDING
1778038500,1778038800,VIX,VIX,M5,Bid,19.23,19.23,19.22,19.22,4,21,0,MT5_PY_API_UNIX_SECONDS,UNRESOLVED_REQUIRES_MANUAL_BINDING
1778038800,1778039100,VIX,VIX,M5,Bid,19.23,19.26,19.23,19.26,2,21,0,MT5_PY_API_UNIX_SECONDS,UNRESOLVED_REQUIRES_MANUAL_BINDING
1778039100,1778039400,VIX,VIX,M5,Bid,19.23,19.26,19.23,19.25,24,21,0,MT5_PY_API_UNIX_SECONDS,UNRESOLVED_REQUIRES_MANUAL_BINDING
1778039400,1778039700,VIX,VIX,M5,Bid,19.23,19.26,19.22,19.22,9,21,0,MT5_PY_API_UNIX_SECONDS,UNRESOLVED_REQUIRES_MANUAL_BINDING
1778039700,1778040000,VIX,VIX,M5,Bid,19.23,19.23,19.22,19.23,5,20,0,MT5_PY_API_UNIX_SECONDS,UNRESOLVED_REQUIRES_MANUAL_BINDING
1778040000,1778040300,VIX,VIX,M5,Bid,19.23,19.26,19.22,19.22,11,20,0,MT5_PY_API_UNIX_SECONDS,UNRESOLVED_REQUIRES_MANUAL_BINDING
1778040300,1778040600,VIX,VIX,M5,Bid,19.23,19.23,19.22,19.22,3,20,0,MT5_PY_API_UNIX_SECONDS,UNRESOLVED_REQUIRES_MANUAL_BINDING
1778040600,1778040900,VIX,VIX,M5,Bid,19.23,19.23,19.22,19.22,2,21,0,MT5_PY_API_UNIX_SECONDS,UNRESOLVED_REQUIRES_MANUAL_BINDING
1778040900,1778041200,VIX,VIX,M5,Bid,19.23,19.23,19.17,19.17,8,20,0,MT5_PY_API_UNIX_SECONDS,UNRESOLVED_REQUIRES_MANUAL_BINDING
1778041200,1778041500,VIX,VIX,M5,Bid,19.18,19.2,19.17,19.17,9,20,0,MT5_PY_API_UNIX_SECONDS,UNRESOLVED_REQUIRES_MANUAL_BINDING
1778041500,1778041800,VIX,VIX,M5,Bid,19.18,19.22,19.17,19.22,27,20,0,MT5_PY_API_UNIX_SECONDS,UNRESOLVED_REQUIRES_MANUAL_BINDING
1778041800,1778042100,VIX,VIX,M5,Bid,19.23,19.23,19.21,19.22,8,20,0,MT5_PY_API_UNIX_SECONDS,UNRESOLVED_REQUIRES_MANUAL_BINDING
1778042100,1778042400,VIX,VIX,M5,Bid,19.21,19.22,19.21,19.22,5,20,0,MT5_PY_API_UNIX_SECONDS,UNRESOLVED_REQUIRES_MANUAL_BINDING
1778042400,1778042700,VIX,VIX,M5,Bid,19.21,19.22,19.21,19.22,4,20,0,MT5_PY_API_UNIX_SECONDS,UNRESOLVED_REQUIRES_MANUAL_BINDING
1778042700,1778043000,VIX,VIX,M5,Bid,19.21,19.22,19.21,19.22,6,21,0,MT5_PY_API_UNIX_SECONDS,UNRESOLVED_REQUIRES_MANUAL_BINDING
1778043000,1778043300,VIX,VIX,M5,Bid,19.23,19.23,19.22,19.22,2,20,0,MT5_PY_API_UNIX_SECONDS,UNRESOLVED_REQUIRES_MANUAL_BINDING
1778043300,1778043600,VIX,VIX,M5,Bid,19.23,19.26,19.23,19.26,7,21,0,MT5_PY_API_UNIX_SECONDS,UNRESOLVED_REQUIRES_MANUAL_BINDING
1778043600,1778043900,VIX,VIX,M5,Bid,19.27,19.27,19.26,19.26,4,20,0,MT5_PY_API_UNIX_SECONDS,UNRESOLVED_REQUIRES_MANUAL_BINDING
1778043900,1778044200,VIX,VIX,M5,Bid,19.27,19.27,19.26,19.26,6,20,0,MT5_PY_API_UNIX_SECONDS,UNRESOLVED_REQUIRES_MANUAL_BINDING
1778044200,1778044500,VIX,VIX,M5,Bid,19.27,19.27,19.26,19.26,8,20,0,MT5_PY_API_UNIX_SECONDS,UNRESOLVED_REQUIRES_MANUAL_BINDING
1778044500,1778044800,VIX,VIX,M5,Bid,19.23,19.23,19.22,19.22,4,21,0,MT5_PY_API_UNIX_SECONDS,UNRESOLVED_REQUIRES_MANUAL_BINDING
1778044800,1778045100,VIX,VIX,M5,Bid,19.23,19.26,19.22,19.23,4,20,0,MT5_PY_API_UNIX_SECONDS,UNRESOLVED_REQUIRES_MANUAL_BINDING
1778045100,1778045400,VIX,VIX,M5,Bid,19.23,19.28,19.23,19.27,7,21,0,MT5_PY_API_UNIX_SECONDS,UNRESOLVED_REQUIRES_MANUAL_BINDING
1778045400,1778045700,VIX,VIX,M5,Bid,19.27,19.27,19.26,19.26,4,20,0,MT5_PY_API_UNIX_SECONDS,UNRESOLVED_REQUIRES_MANUAL_BINDING
1778045700,1778046000,VIX,VIX,M5,Bid,19.27,19.27,19.26,19.27,9,20,0,MT5_PY_API_UNIX_SECONDS,UNRESOLVED_REQUIRES_MANUAL_BINDING
1778046000,1778046300,VIX,VIX,M5,Bid,19.26,19.27,19.26,19.26,8,20,0,MT5_PY_API_UNIX_SECONDS,UNRESOLVED_REQUIRES_MANUAL_BINDING
1778047200,1778047500,VIX,VIX,M5,Bid,19.27,19.27,19.26,19.26,8,20,0,MT5_PY_API_UNIX_SECONDS,UNRESOLVED_REQUIRES_MANUAL_BINDING
1778047500,1778047800,VIX,VIX,M5,Bid,19.27,19.27,19.26,19.27,9,20,0,MT5_PY_API_UNIX_SECONDS,UNRESOLVED_REQUIRES_MANUAL_BINDING
1778047800,1778048100,VIX,VIX,M5,Bid,19.26,19.26,19.23,19.26,5,21,0,MT5_PY_API_UNIX_SECONDS,UNRESOLVED_REQUIRES_MANUAL_BINDING
1778048700,1778049000,VIX,VIX,M5,Bid,19.23,19.23,19.22,19.23,5,20,0,MT5_PY_API_UNIX_SECONDS,UNRESOLVED_REQUIRES_MANUAL_BINDING
1778049000,1778049300,VIX,VIX,M5,Bid,19.23,19.23,19.22,19.23,4,20,0,MT5_PY_API_UNIX_SECONDS,UNRESOLVED_REQUIRES_MANUAL_BINDING
1778049300,1778049600,VIX,VIX,M5,Bid,19.22,19.23,19.22,19.22,3,21,0,MT5_PY_API_UNIX_SECONDS,UNRESOLVED_REQUIRES_MANUAL_BINDING
1778049600,1778049900,VIX,VIX,M5,Bid,19.23,19.26,19.22,19.22,4,21,0,MT5_PY_API_UNIX_SECONDS,UNRESOLVED_REQUIRES_MANUAL_BINDING
1778049900,1778050200,VIX,VIX,M5,Bid,19.23,19.26,19.23,19.26,11,21,0,MT5_PY_API_UNIX_SECONDS,UNRESOLVED_REQUIRES_MANUAL_BINDING
1778050200,1778050500,VIX,VIX,M5,Bid,19.27,19.27,19.25,19.26,8,21,0,MT5_PY_API_UNIX_SECONDS,UNRESOLVED_REQUIRES_MANUAL_BINDING
1778050500,1778050800,VIX,VIX,M5,Bid,19.25,19.26,19.25,19.26,2,21,0,MT5_PY_API_UNIX_SECONDS,UNRESOLVED_REQUIRES_MANUAL_BINDING
1778051100,1778051400,VIX,VIX,M5,Bid,19.25,19.26,19.23,19.23,27,20,0,MT5_PY_API_UNIX_SECONDS,UNRESOLVED_REQUIRES_MANUAL_BINDING
1778051400,1778051700,VIX,VIX,M5,Bid,19.24,19.26,19.23,19.23,25,20,0,MT5_PY_API_UNIX_SECONDS,UNRESOLVED_REQUIRES_MANUAL_BINDING
1778051700,1778052000,VIX,VIX,M5,Bid,19.23,19.23,19.22,19.23,6,20,0,MT5_PY_API_UNIX_SECONDS,UNRESOLVED_REQUIRES_MANUAL_BINDING
1778052000,1778052300,VIX,VIX,M5,Bid,19.23,19.23,19.23,19.23,2,21,0,MT5_PY_API_UNIX_SECONDS,UNRESOLVED_REQUIRES_MANUAL_BINDING
1778052300,1778052600,VIX,VIX,M5,Bid,19.23,19.23,19.22,19.22,8,20,0,MT5_PY_API_UNIX_SECONDS,UNRESOLVED_REQUIRES_MANUAL_BINDING
1778052600,1778052900,VIX,VIX,M5,Bid,19.23,19.23,19.22,19.23,3,20,0,MT5_PY_API_UNIX_SECONDS,UNRESOLVED_REQUIRES_MANUAL_BINDING
1778052900,1778053200,VIX,VIX,M5,Bid,19.22,19.26,19.22,19.23,11,20,0,MT5_PY_API_UNIX_SECONDS,UNRESOLVED_REQUIRES_MANUAL_BINDING
1778053200,1778053500,VIX,VIX,M5,Bid,19.24,19.25,19.23,19.23,3,21,0,MT5_PY_API_UNIX_SECONDS,UNRESOLVED_REQUIRES_MANUAL_BINDING
1778053500,1778053800,VIX,VIX,M5,Bid,19.23,19.23,19.22,19.22,3,20,0,MT5_PY_API_UNIX_SECONDS,UNRESOLVED_REQUIRES_MANUAL_BINDING
1778053800,1778054100,VIX,VIX,M5,Bid,19.23,19.23,19.22,19.22,2,20,0,MT5_PY_API_UNIX_SECONDS,UNRESOLVED_REQUIRES_MANUAL_BINDING
1778054100,1778054400,VIX,VIX,M5,Bid,19.23,19.23,19.22,19.23,4,20,0,MT5_PY_API_UNIX_SECONDS,UNRESOLVED_REQUIRES_MANUAL_BINDING
1778054400,1778054700,VIX,VIX,M5,Bid,19.22,19.22,19.22,19.22,1,21,0,MT5_PY_API_UNIX_SECONDS,UNRESOLVED_REQUIRES_MANUAL_BINDING
1778055300,1778055600,VIX,VIX,M5,Bid,19.23,19.27,19.23,19.26,7,20,0,MT5_PY_API_UNIX_SECONDS,UNRESOLVED_REQUIRES_MANUAL_BINDING
1778055600,1778055900,VIX,VIX,M5,Bid,19.27,19.27,19.26,19.26,3,20,0,MT5_PY_API_UNIX_SECONDS,UNRESOLVED_REQUIRES_MANUAL_BINDING
1778055900,1778056200,VIX,VIX,M5,Bid,19.25,19.25,19.22,19.23,4,21,0,MT5_PY_API_UNIX_SECONDS,UNRESOLVED_REQUIRES_MANUAL_BINDING
1778056200,1778056500,VIX,VIX,M5,Bid,19.22,19.26,19.22,19.23,17,20,0,MT5_PY_API_UNIX_SECONDS,UNRESOLVED_REQUIRES_MANUAL_BINDING
1778056500,1778056800,VIX,VIX,M5,Bid,19.24,19.26,19.23,19.23,23,21,0,MT5_PY_API_UNIX_SECONDS,UNRESOLVED_REQUIRES_MANUAL_BINDING
1778056800,1778057100,VIX,VIX,M5,Bid,19.23,19.23,19.22,19.22,3,20,0,MT5_PY_API_UNIX_SECONDS,UNRESOLVED_REQUIRES_MANUAL_BINDING
1778057700,1778058000,VIX,VIX,M5,Bid,19.22,19.22,19.22,19.22,1,20,0,MT5_PY_API_UNIX_SECONDS,UNRESOLVED_REQUIRES_MANUAL_BINDING
1778058000,1778058300,VIX,VIX,M5,Bid,19.21,19.21,19.17,19.18,14,20,0,MT5_PY_API_UNIX_SECONDS,UNRESOLVED_REQUIRES_MANUAL_BINDING
1778058300,1778058600,VIX,VIX,M5,Bid,19.17,19.22,19.17,19.22,9,20,0,MT5_PY_API_UNIX_SECONDS,UNRESOLVED_REQUIRES_MANUAL_BINDING
1778058600,1778058900,VIX,VIX,M5,Bid,19.21,19.22,19.21,19.22,3,20,0,MT5_PY_API_UNIX_SECONDS,UNRESOLVED_REQUIRES_MANUAL_BINDING
1778058900,1778059200,VIX,VIX,M5,Bid,19.22,19.22,19.21,19.22,10,20,0,MT5_PY_API_UNIX_SECONDS,UNRESOLVED_REQUIRES_MANUAL_BINDING
1778059200,1778059500,VIX,VIX,M5,Bid,19.17,19.17,19.16,19.16,2,20,0,MT5_PY_API_UNIX_SECONDS,UNRESOLVED_REQUIRES_MANUAL_BINDING
1778059500,1778059800,VIX,VIX,M5,Bid,19.17,19.17,19.16,19.16,6,20,0,MT5_PY_API_UNIX_SECONDS,UNRESOLVED_REQUIRES_MANUAL_BINDING
1778059800,1778060100,VIX,VIX,M5,Bid,19.17,19.17,19.16,19.17,11,20,0,MT5_PY_API_UNIX_SECONDS,UNRESOLVED_REQUIRES_MANUAL_BINDING
1778060100,1778060400,VIX,VIX,M5,Bid,19.17,19.17,19.12,19.12,10,20,0,MT5_PY_API_UNIX_SECONDS,UNRESOLVED_REQUIRES_MANUAL_BINDING
1778060400,1778060700,VIX,VIX,M5,Bid,19.13,19.17,19.12,19.12,25,20,0,MT5_PY_API_UNIX_SECONDS,UNRESOLVED_REQUIRES_MANUAL_BINDING
1778060700,1778061000,VIX,VIX,M5,Bid,19.13,19.13,19.12,19.13,12,20,0,MT5_PY_API_UNIX_SECONDS,UNRESOLVED_REQUIRES_MANUAL_BINDING
1778061000,1778061300,VIX,VIX,M5,Bid,19.12,19.13,19.12,19.13,20,20,0,MT5_PY_API_UNIX_SECONDS,UNRESOLVED_REQUIRES_MANUAL_BINDING
1778061300,1778061600,VIX,VIX,M5,Bid,19.12,19.13,19.12,19.12,8,20,0,MT5_PY_API_UNIX_SECONDS,UNRESOLVED_REQUIRES_MANUAL_BINDING
1778061600,1778061900,VIX,VIX,M5,Bid,19.12,19.12,19.11,19.12,3,20,0,MT5_PY_API_UNIX_SECONDS,UNRESOLVED_REQUIRES_MANUAL_BINDING
1778061900,1778062200,VIX,VIX,M5,Bid,19.12,19.12,19.11,19.12,14,20,0,MT5_PY_API_UNIX_SECONDS,UNRESOLVED_REQUIRES_MANUAL_BINDING
1778062200,1778062500,VIX,VIX,M5,Bid,19.13,19.13,19.12,19.13,21,20,0,MT5_PY_API_UNIX_SECONDS,UNRESOLVED_REQUIRES_MANUAL_BINDING
1778062500,1778062800,VIX,VIX,M5,Bid,19.13,19.13,19.12,19.13,20,20,0,MT5_PY_API_UNIX_SECONDS,UNRESOLVED_REQUIRES_MANUAL_BINDING
1778062800,1778063100,VIX,VIX,M5,Bid,19.16,19.17,19.12,19.13,6,20,0,MT5_PY_API_UNIX_SECONDS,UNRESOLVED_REQUIRES_MANUAL_BINDING
1778063100,1778063400,VIX,VIX,M5,Bid,19.14,19.14,19.12,19.12,20,20,0,MT5_PY_API_UNIX_SECONDS,UNRESOLVED_REQUIRES_MANUAL_BINDING
1778063400,1778063700,VIX,VIX,M5,Bid,19.13,19.13,19.12,19.12,30,20,0,MT5_PY_API_UNIX_SECONDS,UNRESOLVED_REQUIRES_MANUAL_BINDING
1778063700,1778064000,VIX,VIX,M5,Bid,19.13,19.17,19.13,19.13,32,20,0,MT5_PY_API_UNIX_SECONDS,UNRESOLVED_REQUIRES_MANUAL_BINDING
1778064000,1778064300,VIX,VIX,M5,Bid,19.14,19.14,19.12,19.12,18,20,0,MT5_PY_API_UNIX_SECONDS,UNRESOLVED_REQUIRES_MANUAL_BINDING
1778064300,1778064600,VIX,VIX,M5,Bid,19.12,19.12,19.08,19.08,22,20,0,MT5_PY_API_UNIX_SECONDS,UNRESOLVED_REQUIRES_MANUAL_BINDING
1778064600,1778064900,VIX,VIX,M5,Bid,19.1,19.12,19.1,19.11,28,20,0,MT5_PY_API_UNIX_SECONDS,UNRESOLVED_REQUIRES_MANUAL_BINDING
1778064900,1778065200,VIX,VIX,M5,Bid,19.12,19.12,19.11,19.11,4,20,0,MT5_PY_API_UNIX_SECONDS,UNRESOLVED_REQUIRES_MANUAL_BINDING
1778065200,1778065500,VIX,VIX,M5,Bid,19.12,19.13,19.11,19.12,21,20,0,MT5_PY_API_UNIX_SECONDS,UNRESOLVED_REQUIRES_MANUAL_BINDING
1778065500,1778065800,VIX,VIX,M5,Bid,19.11,19.12,19.11,19.12,10,20,0,MT5_PY_API_UNIX_SECONDS,UNRESOLVED_REQUIRES_MANUAL_BINDING
1778065800,1778066100,VIX,VIX,M5,Bid,19.11,19.12,19.07,19.07,53,20,0,MT5_PY_API_UNIX_SECONDS,UNRESOLVED_REQUIRES_MANUAL_BINDING
1778066100,1778066400,VIX,VIX,M5,Bid,19.08,19.11,19.07,19.07,9,20,0,MT5_PY_API_UNIX_SECONDS,UNRESOLVED_REQUIRES_MANUAL_BINDING
1778066400,1778066700,VIX,VIX,M5,Bid,19.08,19.11,19.07,19.08,17,20,0,MT5_PY_API_UNIX_SECONDS,UNRESOLVED_REQUIRES_MANUAL_BINDING
1778066700,1778067000,VIX,VIX,M5,Bid,19.08,19.08,19.07,19.07,23,20,0,MT5_PY_API_UNIX_SECONDS,UNRESOLVED_REQUIRES_MANUAL_BINDING
1778067000,1778067300,VIX,VIX,M5,Bid,19.08,19.11,19.07,19.07,22,20,0,MT5_PY_API_UNIX_SECONDS,UNRESOLVED_REQUIRES_MANUAL_BINDING
1778067300,1778067600,VIX,VIX,M5,Bid,19.08,19.08,19.03,19.03,4,21,0,MT5_PY_API_UNIX_SECONDS,UNRESOLVED_REQUIRES_MANUAL_BINDING
1778067600,1778067900,VIX,VIX,M5,Bid,19.06,19.06,19.06,19.06,1,21,0,MT5_PY_API_UNIX_SECONDS,UNRESOLVED_REQUIRES_MANUAL_BINDING
1778067900,1778068200,VIX,VIX,M5,Bid,19.07,19.07,19.06,19.06,6,20,0,MT5_PY_API_UNIX_SECONDS,UNRESOLVED_REQUIRES_MANUAL_BINDING
1778068200,1778068500,VIX,VIX,M5,Bid,19.07,19.07,18.82,18.86,232,20,0,MT5_PY_API_UNIX_SECONDS,UNRESOLVED_REQUIRES_MANUAL_BINDING
1778068500,1778068800,VIX,VIX,M5,Bid,18.84,18.87,18.8,18.87,77,20,0,MT5_PY_API_UNIX_SECONDS,UNRESOLVED_REQUIRES_MANUAL_BINDING
1778068800,1778069100,VIX,VIX,M5,Bid,18.87,18.88,18.82,18.86,72,20,0,MT5_PY_API_UNIX_SECONDS,UNRESOLVED_REQUIRES_MANUAL_BINDING
1778069100,1778069400,VIX,VIX,M5,Bid,18.83,18.86,18.82,18.86,20,20,0,MT5_PY_API_UNIX_SECONDS,UNRESOLVED_REQUIRES_MANUAL_BINDING
1778069400,1778069700,VIX,VIX,M5,Bid,18.85,18.86,18.82,18.86,19,20,0,MT5_PY_API_UNIX_SECONDS,UNRESOLVED_REQUIRES_MANUAL_BINDING
1778069700,1778070000,VIX,VIX,M5,Bid,18.85,18.86,18.82,18.83,28,20,0,MT5_PY_API_UNIX_SECONDS,UNRESOLVED_REQUIRES_MANUAL_BINDING
1778070000,1778070300,VIX,VIX,M5,Bid,18.83,18.88,18.82,18.87,51,20,0,MT5_PY_API_UNIX_SECONDS,UNRESOLVED_REQUIRES_MANUAL_BINDING
1778070300,1778070600,VIX,VIX,M5,Bid,18.87,18.87,18.82,18.82,17,20,0,MT5_PY_API_UNIX_SECONDS,UNRESOLVED_REQUIRES_MANUAL_BINDING
1778070600,1778070900,VIX,VIX,M5,Bid,18.83,18.83,18.77,18.77,24,20,0,MT5_PY_API_UNIX_SECONDS,UNRESOLVED_REQUIRES_MANUAL_BINDING
1778070900,1778071200,VIX,VIX,M5,Bid,18.77,18.77,18.73,18.76,40,20,0,MT5_PY_API_UNIX_SECONDS,UNRESOLVED_REQUIRES_MANUAL_BINDING
1778071200,1778071500,VIX,VIX,M5,Bid,18.77,18.77,18.72,18.75,13,20,0,MT5_PY_API_UNIX_SECONDS,UNRESOLVED_REQUIRES_MANUAL_BINDING
1778071500,1778071800,VIX,VIX,M5,Bid,18.73,18.77,18.72,18.72,22,20,0,MT5_PY_API_UNIX_SECONDS,UNRESOLVED_REQUIRES_MANUAL_BINDING
1778071800,1778072100,VIX,VIX,M5,Bid,18.73,18.73,18.71,18.71,28,20,0,MT5_PY_API_UNIX_SECONDS,UNRESOLVED_REQUIRES_MANUAL_BINDING
1778072100,1778072400,VIX,VIX,M5,Bid,18.72,18.73,18.71,18.71,25,20,0,MT5_PY_API_UNIX_SECONDS,UNRESOLVED_REQUIRES_MANUAL_BINDING
1778072400,1778072700,VIX,VIX,M5,Bid,18.7,18.7,18.67,18.68,18,20,0,MT5_PY_API_UNIX_SECONDS,UNRESOLVED_REQUIRES_MANUAL_BINDING
1778072700,1778073000,VIX,VIX,M5,Bid,18.71,18.73,18.71,18.72,25,20,0,MT5_PY_API_UNIX_SECONDS,UNRESOLVED_REQUIRES_MANUAL_BINDING
1778073000,1778073300,VIX,VIX,M5,Bid,18.73,18.73,18.72,18.72,12,20,0,MT5_PY_API_UNIX_SECONDS,UNRESOLVED_REQUIRES_MANUAL_BINDING
1778073300,1778073600,VIX,VIX,M5,Bid,18.72,18.72,18.66,18.66,32,20,0,MT5_PY_API_UNIX_SECONDS,UNRESOLVED_REQUIRES_MANUAL_BINDING
1778073600,1778073900,VIX,VIX,M5,Bid,18.67,18.68,18.66,18.68,6,20,0,MT5_PY_API_UNIX_SECONDS,UNRESOLVED_REQUIRES_MANUAL_BINDING
1778073900,1778074200,VIX,VIX,M5,Bid,18.71,18.73,18.71,18.72,25,20,0,MT5_PY_API_UNIX_SECONDS,UNRESOLVED_REQUIRES_MANUAL_BINDING
1778074200,1778074500,VIX,VIX,M5,Bid,18.72,18.72,18.68,18.71,10,20,0,MT5_PY_API_UNIX_SECONDS,UNRESOLVED_REQUIRES_MANUAL_BINDING
1778074500,1778074800,VIX,VIX,M5,Bid,18.72,18.77,18.72,18.77,29,20,0,MT5_PY_API_UNIX_SECONDS,UNRESOLVED_REQUIRES_MANUAL_BINDING
1778074800,1778075100,VIX,VIX,M5,Bid,18.78,18.81,18.77,18.77,28,20,0,MT5_PY_API_UNIX_SECONDS,UNRESOLVED_REQUIRES_MANUAL_BINDING
1778075100,1778075400,VIX,VIX,M5,Bid,18.78,18.87,18.76,18.83,38,20,0,MT5_PY_API_UNIX_SECONDS,UNRESOLVED_REQUIRES_MANUAL_BINDING
1778075400,1778075700,VIX,VIX,M5,Bid,18.82,18.83,18.76,18.78,75,20,0,MT5_PY_API_UNIX_SECONDS,UNRESOLVED_REQUIRES_MANUAL_BINDING
1778075700,1778076000,VIX,VIX,M5,Bid,18.78,18.81,18.77,18.77,106,20,0,MT5_PY_API_UNIX_SECONDS,UNRESOLVED_REQUIRES_MANUAL_BINDING
1778076000,1778076300,VIX,VIX,M5,Bid,18.78,18.81,18.76,18.76,47,20,0,MT5_PY_API_UNIX_SECONDS,UNRESOLVED_REQUIRES_MANUAL_BINDING
1778076300,1778076600,VIX,VIX,M5,Bid,18.75,18.75,18.68,18.68,21,20,0,MT5_PY_API_UNIX_SECONDS,UNRESOLVED_REQUIRES_MANUAL_BINDING
1778076600,1778076900,VIX,VIX,M5,Bid,18.67,18.68,18.63,18.63,37,20,0,MT5_PY_API_UNIX_SECONDS,UNRESOLVED_REQUIRES_MANUAL_BINDING
1778076900,1778077200,VIX,VIX,M5,Bid,18.63,18.63,18.61,18.62,27,20,0,MT5_PY_API_UNIX_SECONDS,UNRESOLVED_REQUIRES_MANUAL_BINDING
1778077200,1778077500,VIX,VIX,M5,Bid,18.63,18.63,18.62,18.62,12,20,0,MT5_PY_API_UNIX_SECONDS,UNRESOLVED_REQUIRES_MANUAL_BINDING
1778077500,1778077800,VIX,VIX,M5,Bid,18.61,18.62,18.58,18.62,5,21,0,MT5_PY_API_UNIX_SECONDS,UNRESOLVED_REQUIRES_MANUAL_BINDING
1778077800,1778078100,VIX,VIX,M5,Bid,18.63,18.63,18.62,18.62,43,20,0,MT5_PY_API_UNIX_SECONDS,UNRESOLVED_REQUIRES_MANUAL_BINDING
1778078100,1778078400,VIX,VIX,M5,Bid,18.62,18.63,18.61,18.62,7,20,0,MT5_PY_API_UNIX_SECONDS,UNRESOLVED_REQUIRES_MANUAL_BINDING
1778078400,1778078700,VIX,VIX,M5,Bid,18.63,18.68,18.62,18.67,70,20,0,MT5_PY_API_UNIX_SECONDS,UNRESOLVED_REQUIRES_MANUAL_BINDING
1778078700,1778079000,VIX,VIX,M5,Bid,18.68,18.73,18.67,18.72,84,20,0,MT5_PY_API_UNIX_SECONDS,UNRESOLVED_REQUIRES_MANUAL_BINDING
1778079000,1778079300,VIX,VIX,M5,Bid,18.72,18.73,18.7,18.72,39,20,0,MT5_PY_API_UNIX_SECONDS,UNRESOLVED_REQUIRES_MANUAL_BINDING
1778079300,1778079600,VIX,VIX,M5,Bid,18.73,18.76,18.72,18.76,81,20,0,MT5_PY_API_UNIX_SECONDS,UNRESOLVED_REQUIRES_MANUAL_BINDING
1778079600,1778079900,VIX,VIX,M5,Bid,18.75,18.83,18.73,18.81,85,20,0,MT5_PY_API_UNIX_SECONDS,UNRESOLVED_REQUIRES_MANUAL_BINDING
1778079900,1778080200,VIX,VIX,M5,Bid,18.82,18.87,18.82,18.86,107,20,0,MT5_PY_API_UNIX_SECONDS,UNRESOLVED_REQUIRES_MANUAL_BINDING
1778080200,1778080500,VIX,VIX,M5,Bid,18.83,19.01,18.82,18.96,120,20,0,MT5_PY_API_UNIX_SECONDS,UNRESOLVED_REQUIRES_MANUAL_BINDING
1778080500,1778080800,VIX,VIX,M5,Bid,18.97,19.02,18.91,18.98,192,20,0,MT5_PY_API_UNIX_SECONDS,UNRESOLVED_REQUIRES_MANUAL_BINDING
1778080800,1778081100,VIX,VIX,M5,Bid,18.98,18.98,18.93,18.93,40,20,0,MT5_PY_API_UNIX_SECONDS,UNRESOLVED_REQUIRES_MANUAL_BINDING
1778081100,1778081400,VIX,VIX,M5,Bid,18.96,18.96,18.93,18.96,7,20,0,MT5_PY_API_UNIX_SECONDS,UNRESOLVED_REQUIRES_MANUAL_BINDING
1778081400,1778081700,VIX,VIX,M5,Bid,18.97,18.98,18.92,18.93,48,20,0,MT5_PY_API_UNIX_SECONDS,UNRESOLVED_REQUIRES_MANUAL_BINDING
1778081700,1778082000,VIX,VIX,M5,Bid,18.93,18.98,18.92,18.97,19,20,0,MT5_PY_API_UNIX_SECONDS,UNRESOLVED_REQUIRES_MANUAL_BINDING
1778082000,1778082300,VIX,VIX,M5,Bid,18.98,18.98,18.97,18.97,33,20,0,MT5_PY_API_UNIX_SECONDS,UNRESOLVED_REQUIRES_MANUAL_BINDING
1778082300,1778082600,VIX,VIX,M5,Bid,18.98,19.02,18.97,19.02,9,20,0,MT5_PY_API_UNIX_SECONDS,UNRESOLVED_REQUIRES_MANUAL_BINDING
1778082600,1778082900,VIX,VIX,M5,Bid,19.01,19.06,19.01,19.06,24,20,0,MT5_PY_API_UNIX_SECONDS,UNRESOLVED_REQUIRES_MANUAL_BINDING
1778082900,1778083200,VIX,VIX,M5,Bid,19.07,19.07,19.02,19.02,23,20,0,MT5_PY_API_UNIX_SECONDS,UNRESOLVED_REQUIRES_MANUAL_BINDING
1778083200,1778083500,VIX,VIX,M5,Bid,19.03,19.07,19.02,19.07,40,20,0,MT5_PY_API_UNIX_SECONDS,UNRESOLVED_REQUIRES_MANUAL_BINDING
1778083500,1778083800,VIX,VIX,M5,Bid,19.07,19.12,19.06,19.08,38,20,0,MT5_PY_API_UNIX_SECONDS,UNRESOLVED_REQUIRES_MANUAL_BINDING
1778083800,1778084100,VIX,VIX,M5,Bid,19.09,19.12,19.07,19.08,26,20,0,MT5_PY_API_UNIX_SECONDS,UNRESOLVED_REQUIRES_MANUAL_BINDING
1778084100,1778084400,VIX,VIX,M5,Bid,19.08,19.08,19.03,19.07,50,20,0,MT5_PY_API_UNIX_SECONDS,UNRESOLVED_REQUIRES_MANUAL_BINDING
1778084400,1778084700,VIX,VIX,M5,Bid,19.08,19.08,19.06,19.06,28,20,0,MT5_PY_API_UNIX_SECONDS,UNRESOLVED_REQUIRES_MANUAL_BINDING
1778084700,1778085000,VIX,VIX,M5,Bid,19.07,19.08,19.06,19.07,21,20,0,MT5_PY_API_UNIX_SECONDS,UNRESOLVED_REQUIRES_MANUAL_BINDING
1778085000,1778085300,VIX,VIX,M5,Bid,19.08,19.12,19.07,19.07,61,20,0,MT5_PY_API_UNIX_SECONDS,UNRESOLVED_REQUIRES_MANUAL_BINDING
1778085300,1778085600,VIX,VIX,M5,Bid,19.08,19.16,19.07,19.16,22,20,0,MT5_PY_API_UNIX_SECONDS,UNRESOLVED_REQUIRES_MANUAL_BINDING
1778085600,1778085900,VIX,VIX,M5,Bid,19.17,19.17,19.13,19.17,13,20,0,MT5_PY_API_UNIX_SECONDS,UNRESOLVED_REQUIRES_MANUAL_BINDING
1778085900,1778086200,VIX,VIX,M5,Bid,19.16,19.28,19.16,19.28,32,20,0,MT5_PY_API_UNIX_SECONDS,UNRESOLVED_REQUIRES_MANUAL_BINDING
1778086200,1778086500,VIX,VIX,M5,Bid,19.32,19.33,19.22,19.22,60,20,0,MT5_PY_API_UNIX_SECONDS,UNRESOLVED_REQUIRES_MANUAL_BINDING
1778086500,1778086800,VIX,VIX,M5,Bid,19.23,19.28,19.21,19.23,55,20,0,MT5_PY_API_UNIX_SECONDS,UNRESOLVED_REQUIRES_MANUAL_BINDING
1778086800,1778087100,VIX,VIX,M5,Bid,19.23,19.23,19.18,19.22,26,20,0,MT5_PY_API_UNIX_SECONDS,UNRESOLVED_REQUIRES_MANUAL_BINDING
1778087100,1778087400,VIX,VIX,M5,Bid,19.22,19.28,19.17,19.17,45,20,0,MT5_PY_API_UNIX_SECONDS,UNRESOLVED_REQUIRES_MANUAL_BINDING
1778087400,1778087700,VIX,VIX,M5,Bid,19.16,19.17,19.11,19.12,45,20,0,MT5_PY_API_UNIX_SECONDS,UNRESOLVED_REQUIRES_MANUAL_BINDING
1778087700,1778088000,VIX,VIX,M5,Bid,19.13,19.16,19.07,19.08,75,20,0,MT5_PY_API_UNIX_SECONDS,UNRESOLVED_REQUIRES_MANUAL_BINDING
1778088000,1778088300,VIX,VIX,M5,Bid,19.08,19.08,19.03,19.06,53,20,0,MT5_PY_API_UNIX_SECONDS,UNRESOLVED_REQUIRES_MANUAL_BINDING
1778088300,1778088600,VIX,VIX,M5,Bid,19.07,19.12,19.06,19.12,25,20,0,MT5_PY_API_UNIX_SECONDS,UNRESOLVED_REQUIRES_MANUAL_BINDING
1778088600,1778088900,VIX,VIX,M5,Bid,19.12,19.12,19.07,19.12,27,20,0,MT5_PY_API_UNIX_SECONDS,UNRESOLVED_REQUIRES_MANUAL_BINDING
1778088900,1778089200,VIX,VIX,M5,Bid,19.12,19.12,19.11,19.12,8,20,0,MT5_PY_API_UNIX_SECONDS,UNRESOLVED_REQUIRES_MANUAL_BINDING
1778089200,1778089500,VIX,VIX,M5,Bid,19.12,19.12,19.07,19.07,60,20,0,MT5_PY_API_UNIX_SECONDS,UNRESOLVED_REQUIRES_MANUAL_BINDING
1778089500,1778089800,VIX,VIX,M5,Bid,19.08,19.12,19.07,19.11,53,20,0,MT5_PY_API_UNIX_SECONDS,UNRESOLVED_REQUIRES_MANUAL_BINDING
1778089800,1778090100,VIX,VIX,M5,Bid,19.12,19.12,19.06,19.06,41,20,0,MT5_PY_API_UNIX_SECONDS,UNRESOLVED_REQUIRES_MANUAL_BINDING
1778090100,1778090400,VIX,VIX,M5,Bid,19.07,19.07,19.06,19.06,25,20,0,MT5_PY_API_UNIX_SECONDS,UNRESOLVED_REQUIRES_MANUAL_BINDING
1778090400,1778090700,VIX,VIX,M5,Bid,19.07,19.07,19.06,19.07,9,20,0,MT5_PY_API_UNIX_SECONDS,UNRESOLVED_REQUIRES_MANUAL_BINDING
1778090700,1778091000,VIX,VIX,M5,Bid,19.07,19.07,19.07,19.07,2,21,0,MT5_PY_API_UNIX_SECONDS,UNRESOLVED_REQUIRES_MANUAL_BINDING
1778091000,1778091300,VIX,VIX,M5,Bid,19.07,19.08,19.07,19.07,7,20,0,MT5_PY_API_UNIX_SECONDS,UNRESOLVED_REQUIRES_MANUAL_BINDING
1778091300,1778091600,VIX,VIX,M5,Bid,19.07,19.07,19.02,19.02,10,20,0,MT5_PY_API_UNIX_SECONDS,UNRESOLVED_REQUIRES_MANUAL_BINDING
1778091600,1778091900,VIX,VIX,M5,Bid,19.01,19.03,18.97,18.98,23,20,0,MT5_PY_API_UNIX_SECONDS,UNRESOLVED_REQUIRES_MANUAL_BINDING
1778091900,1778092200,VIX,VIX,M5,Bid,18.98,19.07,18.98,19.06,12,20,0,MT5_PY_API_UNIX_SECONDS,UNRESOLVED_REQUIRES_MANUAL_BINDING
1778092200,1778092500,VIX,VIX,M5,Bid,19.07,19.07,19.07,19.07,2,20,0,MT5_PY_API_UNIX_SECONDS,UNRESOLVED_REQUIRES_MANUAL_BINDING
1778092500,1778092800,VIX,VIX,M5,Bid,19.08,19.11,19.06,19.07,26,20,0,MT5_PY_API_UNIX_SECONDS,UNRESOLVED_REQUIRES_MANUAL_BINDING
1778092800,1778093100,VIX,VIX,M5,Bid,19.07,19.17,19.07,19.12,27,20,0,MT5_PY_API_UNIX_SECONDS,UNRESOLVED_REQUIRES_MANUAL_BINDING
1778093100,1778093400,VIX,VIX,M5,Bid,19.12,19.17,19.08,19.08,56,20,0,MT5_PY_API_UNIX_SECONDS,UNRESOLVED_REQUIRES_MANUAL_BINDING
1778093400,1778093700,VIX,VIX,M5,Bid,19.11,19.12,19.07,19.07,24,20,0,MT5_PY_API_UNIX_SECONDS,UNRESOLVED_REQUIRES_MANUAL_BINDING
1778093700,1778094000,VIX,VIX,M5,Bid,19.08,19.08,19.07,19.08,26,20,0,MT5_PY_API_UNIX_SECONDS,UNRESOLVED_REQUIRES_MANUAL_BINDING
1778094000,1778094300,VIX,VIX,M5,Bid,19.08,19.12,19.08,19.08,37,20,0,MT5_PY_API_UNIX_SECONDS,UNRESOLVED_REQUIRES_MANUAL_BINDING
1778094300,1778094600,VIX,VIX,M5,Bid,19.08,19.12,19.07,19.11,8,20,0,MT5_PY_API_UNIX_SECONDS,UNRESOLVED_REQUIRES_MANUAL_BINDING
1778094600,1778094900,VIX,VIX,M5,Bid,19.1,19.1,19.07,19.07,13,20,0,MT5_PY_API_UNIX_SECONDS,UNRESOLVED_REQUIRES_MANUAL_BINDING
1778094900,1778095200,VIX,VIX,M5,Bid,19.08,19.12,19.07,19.12,40,20,0,MT5_PY_API_UNIX_SECONDS,UNRESOLVED_REQUIRES_MANUAL_BINDING
1778095200,1778095500,VIX,VIX,M5,Bid,19.13,19.13,19.08,19.11,14,20,0,MT5_PY_API_UNIX_SECONDS,UNRESOLVED_REQUIRES_MANUAL_BINDING
1778095500,1778095800,VIX,VIX,M5,Bid,19.11,19.16,19.08,19.16,11,20,0,MT5_PY_API_UNIX_SECONDS,UNRESOLVED_REQUIRES_MANUAL_BINDING
1778095800,1778096100,VIX,VIX,M5,Bid,19.13,19.16,19.12,19.12,16,20,0,MT5_PY_API_UNIX_SECONDS,UNRESOLVED_REQUIRES_MANUAL_BINDING
1778096100,1778096400,VIX,VIX,M5,Bid,19.13,19.17,19.13,19.17,5,20,0,MT5_PY_API_UNIX_SECONDS,UNRESOLVED_REQUIRES_MANUAL_BINDING
1778096400,1778096700,VIX,VIX,M5,Bid,19.16,19.17,19.16,19.16,20,20,0,MT5_PY_API_UNIX_SECONDS,UNRESOLVED_REQUIRES_MANUAL_BINDING
1778096700,1778097000,VIX,VIX,M5,Bid,19.17,19.17,19.16,19.17,13,20,0,MT5_PY_API_UNIX_SECONDS,UNRESOLVED_REQUIRES_MANUAL_BINDING
1778097000,1778097300,VIX,VIX,M5,Bid,19.17,19.17,19.13,19.13,29,20,0,MT5_PY_API_UNIX_SECONDS,UNRESOLVED_REQUIRES_MANUAL_BINDING
1778097300,1778097600,VIX,VIX,M5,Bid,19.13,19.17,19.11,19.12,101,20,0,MT5_PY_API_UNIX_SECONDS,UNRESOLVED_REQUIRES_MANUAL_BINDING
1778097600,1778097900,VIX,VIX,M5,Bid,19.13,19.16,19.11,19.13,39,20,0,MT5_PY_API_UNIX_SECONDS,UNRESOLVED_REQUIRES_MANUAL_BINDING
1778097900,1778098200,VIX,VIX,M5,Bid,19.12,19.13,19.12,19.13,13,20,0,MT5_PY_API_UNIX_SECONDS,UNRESOLVED_REQUIRES_MANUAL_BINDING
1778098200,1778098500,VIX,VIX,M5,Bid,19.13,19.13,19.11,19.12,9,20,0,MT5_PY_API_UNIX_SECONDS,UNRESOLVED_REQUIRES_MANUAL_BINDING
1778098500,1778098800,VIX,VIX,M5,Bid,19.13,19.13,19.12,19.12,4,20,0,MT5_PY_API_UNIX_SECONDS,UNRESOLVED_REQUIRES_MANUAL_BINDING
1778098800,1778099100,VIX,VIX,M5,Bid,19.12,19.12,19.11,19.12,32,20,0,MT5_PY_API_UNIX_SECONDS,UNRESOLVED_REQUIRES_MANUAL_BINDING
1778099100,1778099400,VIX,VIX,M5,Bid,19.13,19.16,19.12,19.16,12,20,0,MT5_PY_API_UNIX_SECONDS,UNRESOLVED_REQUIRES_MANUAL_BINDING
1778099400,1778099700,VIX,VIX,M5,Bid,19.13,19.16,19.12,19.13,9,20,0,MT5_PY_API_UNIX_SECONDS,UNRESOLVED_REQUIRES_MANUAL_BINDING
1778099700,1778100000,VIX,VIX,M5,Bid,19.16,19.16,19.12,19.13,8,20,0,MT5_PY_API_UNIX_SECONDS,UNRESOLVED_REQUIRES_MANUAL_BINDING
1778100000,1778100300,VIX,VIX,M5,Bid,19.16,19.17,19.12,19.12,22,20,0,MT5_PY_API_UNIX_SECONDS,UNRESOLVED_REQUIRES_MANUAL_BINDING
1778100300,1778100600,VIX,VIX,M5,Bid,19.13,19.13,19.12,19.12,2,20,0,MT5_PY_API_UNIX_SECONDS,UNRESOLVED_REQUIRES_MANUAL_BINDING
1778100600,1778100900,VIX,VIX,M5,Bid,19.13,19.16,19.12,19.12,25,20,0,MT5_PY_API_UNIX_SECONDS,UNRESOLVED_REQUIRES_MANUAL_BINDING
1778100900,1778101200,VIX,VIX,M5,Bid,19.13,19.13,19.12,19.12,4,20,0,MT5_PY_API_UNIX_SECONDS,UNRESOLVED_REQUIRES_MANUAL_BINDING
1778101500,1778101800,VIX,VIX,M5,Bid,19.12,19.12,19.11,19.12,5,20,0,MT5_PY_API_UNIX_SECONDS,UNRESOLVED_REQUIRES_MANUAL_BINDING
1778101800,1778102100,VIX,VIX,M5,Bid,19.12,19.12,19.12,19.12,1,21,0,MT5_PY_API_UNIX_SECONDS,UNRESOLVED_REQUIRES_MANUAL_BINDING
1778102100,1778102400,VIX,VIX,M5,Bid,19.11,19.12,19.11,19.12,22,20,0,MT5_PY_API_UNIX_SECONDS,UNRESOLVED_REQUIRES_MANUAL_BINDING
1778102400,1778102700,VIX,VIX,M5,Bid,19.12,19.12,19.11,19.12,8,20,0,MT5_PY_API_UNIX_SECONDS,UNRESOLVED_REQUIRES_MANUAL_BINDING
1778102700,1778103000,VIX,VIX,M5,Bid,19.11,19.12,19.07,19.07,17,20,0,MT5_PY_API_UNIX_SECONDS,UNRESOLVED_REQUIRES_MANUAL_BINDING
1778103000,1778103300,VIX,VIX,M5,Bid,19.08,19.08,19.07,19.07,4,20,0,MT5_PY_API_UNIX_SECONDS,UNRESOLVED_REQUIRES_MANUAL_BINDING
1778103300,1778103600,VIX,VIX,M5,Bid,19.07,19.13,19.06,19.12,35,20,0,MT5_PY_API_UNIX_SECONDS,UNRESOLVED_REQUIRES_MANUAL_BINDING
1778103600,1778103900,VIX,VIX,M5,Bid,19.13,19.16,19.12,19.16,41,20,0,MT5_PY_API_UNIX_SECONDS,UNRESOLVED_REQUIRES_MANUAL_BINDING
1778103900,1778104200,VIX,VIX,M5,Bid,19.17,19.18,19.17,19.17,9,20,0,MT5_PY_API_UNIX_SECONDS,UNRESOLVED_REQUIRES_MANUAL_BINDING
1778104200,1778104500,VIX,VIX,M5,Bid,19.18,19.18,19.12,19.12,9,20,0,MT5_PY_API_UNIX_SECONDS,UNRESOLVED_REQUIRES_MANUAL_BINDING
1778104500,1778104800,VIX,VIX,M5,Bid,19.13,19.13,19.12,19.13,7,20,0,MT5_PY_API_UNIX_SECONDS,UNRESOLVED_REQUIRES_MANUAL_BINDING
1778104800,1778105100,VIX,VIX,M5,Bid,19.13,19.13,19.11,19.11,18,20,0,MT5_PY_API_UNIX_SECONDS,UNRESOLVED_REQUIRES_MANUAL_BINDING
1778105100,1778105400,VIX,VIX,M5,Bid,19.08,19.08,19.07,19.07,11,20,0,MT5_PY_API_UNIX_SECONDS,UNRESOLVED_REQUIRES_MANUAL_BINDING
1778105400,1778105700,VIX,VIX,M5,Bid,19.08,19.08,19.07,19.07,6,20,0,MT5_PY_API_UNIX_SECONDS,UNRESOLVED_REQUIRES_MANUAL_BINDING
1778105700,1778106000,VIX,VIX,M5,Bid,19.07,19.08,19.07,19.07,15,20,0,MT5_PY_API_UNIX_SECONDS,UNRESOLVED_REQUIRES_MANUAL_BINDING
1778106000,1778106300,VIX,VIX,M5,Bid,19.08,19.12,19.08,19.12,9,20,0,MT5_PY_API_UNIX_SECONDS,UNRESOLVED_REQUIRES_MANUAL_BINDING
1778106300,1778106600,VIX,VIX,M5,Bid,19.13,19.13,19.12,19.12,2,20,0,MT5_PY_API_UNIX_SECONDS,UNRESOLVED_REQUIRES_MANUAL_BINDING
1778106600,1778106900,VIX,VIX,M5,Bid,19.13,19.17,19.12,19.17,8,20,0,MT5_PY_API_UNIX_SECONDS,UNRESOLVED_REQUIRES_MANUAL_BINDING
1778106900,1778107200,VIX,VIX,M5,Bid,19.18,19.18,19.12,19.12,5,20,0,MT5_PY_API_UNIX_SECONDS,UNRESOLVED_REQUIRES_MANUAL_BINDING
1778107200,1778107500,VIX,VIX,M5,Bid,19.13,19.13,19.12,19.12,2,21,0,MT5_PY_API_UNIX_SECONDS,UNRESOLVED_REQUIRES_MANUAL_BINDING
1778107500,1778107800,VIX,VIX,M5,Bid,19.11,19.11,19.06,19.06,12,20,0,MT5_PY_API_UNIX_SECONDS,UNRESOLVED_REQUIRES_MANUAL_BINDING
1778107800,1778108100,VIX,VIX,M5,Bid,19.03,19.22,19.03,19.17,39,20,0,MT5_PY_API_UNIX_SECONDS,UNRESOLVED_REQUIRES_MANUAL_BINDING
1778108100,1778108400,VIX,VIX,M5,Bid,19.21,19.23,19.17,19.22,18,20,0,MT5_PY_API_UNIX_SECONDS,UNRESOLVED_REQUIRES_MANUAL_BINDING
1778108400,1778108700,VIX,VIX,M5,Bid,19.23,19.27,19.22,19.23,44,20,0,MT5_PY_API_UNIX_SECONDS,UNRESOLVED_REQUIRES_MANUAL_BINDING
1778108700,1778109000,VIX,VIX,M5,Bid,19.23,19.26,19.22,19.23,9,20,0,MT5_PY_API_UNIX_SECONDS,UNRESOLVED_REQUIRES_MANUAL_BINDING
1778109000,1778109300,VIX,VIX,M5,Bid,19.23,19.23,19.17,19.17,9,20,0,MT5_PY_API_UNIX_SECONDS,UNRESOLVED_REQUIRES_MANUAL_BINDING
1778110200,1778110500,VIX,VIX,M5,Bid,19.17,19.21,19.17,19.18,6,20,0,MT5_PY_API_UNIX_SECONDS,UNRESOLVED_REQUIRES_MANUAL_BINDING
1778110500,1778110800,VIX,VIX,M5,Bid,19.17,19.18,19.17,19.18,2,21,0,MT5_PY_API_UNIX_SECONDS,UNRESOLVED_REQUIRES_MANUAL_BINDING
1778110800,1778111100,VIX,VIX,M5,Bid,19.17,19.18,19.17,19.17,9,20,0,MT5_PY_API_UNIX_SECONDS,UNRESOLVED_REQUIRES_MANUAL_BINDING
1778111100,1778111400,VIX,VIX,M5,Bid,19.18,19.21,19.18,19.18,6,20,0,MT5_PY_API_UNIX_SECONDS,UNRESOLVED_REQUIRES_MANUAL_BINDING
1778111400,1778111700,VIX,VIX,M5,Bid,19.18,19.18,19.17,19.18,3,20,0,MT5_PY_API_UNIX_SECONDS,UNRESOLVED_REQUIRES_MANUAL_BINDING
1778111700,1778112000,VIX,VIX,M5,Bid,19.17,19.18,19.16,19.17,12,20,0,MT5_PY_API_UNIX_SECONDS,UNRESOLVED_REQUIRES_MANUAL_BINDING
1778115600,1778115900,VIX,VIX,M5,Bid,19.3,19.32,19.2,19.22,55,20,0,MT5_PY_API_UNIX_SECONDS,UNRESOLVED_REQUIRES_MANUAL_BINDING
1778115900,1778116200,VIX,VIX,M5,Bid,19.26,19.27,19.21,19.26,24,20,0,MT5_PY_API_UNIX_SECONDS,UNRESOLVED_REQUIRES_MANUAL_BINDING
1778116200,1778116500,VIX,VIX,M5,Bid,19.26,19.26,19.22,19.23,5,20,0,MT5_PY_API_UNIX_SECONDS,UNRESOLVED_REQUIRES_MANUAL_BINDING
1778116500,1778116800,VIX,VIX,M5,Bid,19.25,19.25,19.21,19.21,6,21,0,MT5_PY_API_UNIX_SECONDS,UNRESOLVED_REQUIRES_MANUAL_BINDING
1778116800,1778117100,VIX,VIX,M5,Bid,19.22,19.25,19.22,19.23,4,21,0,MT5_PY_API_UNIX_SECONDS,UNRESOLVED_REQUIRES_MANUAL_BINDING
1778117100,1778117400,VIX,VIX,M5,Bid,19.22,19.23,19.22,19.23,8,20,0,MT5_PY_API_UNIX_SECONDS,UNRESOLVED_REQUIRES_MANUAL_BINDING
1778117400,1778117700,VIX,VIX,M5,Bid,19.23,19.23,19.22,19.22,2,20,0,MT5_PY_API_UNIX_SECONDS,UNRESOLVED_REQUIRES_MANUAL_BINDING
1778119200,1778119500,VIX,VIX,M5,Bid,19.23,19.25,19.22,19.23,6,20,0,MT5_PY_API_UNIX_SECONDS,UNRESOLVED_REQUIRES_MANUAL_BINDING
1778119500,1778119800,VIX,VIX,M5,Bid,19.22,19.22,19.22,19.22,1,21,0,MT5_PY_API_UNIX_SECONDS,UNRESOLVED_REQUIRES_MANUAL_BINDING
1778119800,1778120100,VIX,VIX,M5,Bid,19.21,19.22,19.21,19.21,5,20,0,MT5_PY_API_UNIX_SECONDS,UNRESOLVED_REQUIRES_MANUAL_BINDING
1778120100,1778120400,VIX,VIX,M5,Bid,19.22,19.22,19.21,19.21,2,21,0,MT5_PY_API_UNIX_SECONDS,UNRESOLVED_REQUIRES_MANUAL_BINDING
1778120700,1778121000,VIX,VIX,M5,Bid,19.22,19.22,19.21,19.22,3,20,0,MT5_PY_API_UNIX_SECONDS,UNRESOLVED_REQUIRES_MANUAL_BINDING
1778121300,1778121600,VIX,VIX,M5,Bid,19.23,19.23,19.23,19.23,1,21,0,MT5_PY_API_UNIX_SECONDS,UNRESOLVED_REQUIRES_MANUAL_BINDING
1778121600,1778121900,VIX,VIX,M5,Bid,19.23,19.23,19.22,19.22,6,20,0,MT5_PY_API_UNIX_SECONDS,UNRESOLVED_REQUIRES_MANUAL_BINDING
1778121900,1778122200,VIX,VIX,M5,Bid,19.21,19.23,19.21,19.22,4,20,0,MT5_PY_API_UNIX_SECONDS,UNRESOLVED_REQUIRES_MANUAL_BINDING
1778122200,1778122500,VIX,VIX,M5,Bid,19.23,19.23,19.22,19.22,6,20,0,MT5_PY_API_UNIX_SECONDS,UNRESOLVED_REQUIRES_MANUAL_BINDING
1778122500,1778122800,VIX,VIX,M5,Bid,19.23,19.23,19.22,19.22,17,20,0,MT5_PY_API_UNIX_SECONDS,UNRESOLVED_REQUIRES_MANUAL_BINDING
1778122800,1778123100,VIX,VIX,M5,Bid,19.21,19.21,19.17,19.18,9,20,0,MT5_PY_API_UNIX_SECONDS,UNRESOLVED_REQUIRES_MANUAL_BINDING
1778123100,1778123400,VIX,VIX,M5,Bid,19.19,19.21,19.17,19.18,22,20,0,MT5_PY_API_UNIX_SECONDS,UNRESOLVED_REQUIRES_MANUAL_BINDING
1778123400,1778123700,VIX,VIX,M5,Bid,19.17,19.18,19.17,19.17,3,20,0,MT5_PY_API_UNIX_SECONDS,UNRESOLVED_REQUIRES_MANUAL_BINDING
1778123700,1778124000,VIX,VIX,M5,Bid,19.18,19.19,19.17,19.17,23,20,0,MT5_PY_API_UNIX_SECONDS,UNRESOLVED_REQUIRES_MANUAL_BINDING
1778124000,1778124300,VIX,VIX,M5,Bid,19.18,19.18,19.17,19.18,6,20,0,MT5_PY_API_UNIX_SECONDS,UNRESOLVED_REQUIRES_MANUAL_BINDING
1778124300,1778124600,VIX,VIX,M5,Bid,19.17,19.18,19.17,19.17,15,20,0,MT5_PY_API_UNIX_SECONDS,UNRESOLVED_REQUIRES_MANUAL_BINDING
1778124600,1778124900,VIX,VIX,M5,Bid,19.18,19.18,19.17,19.17,8,20,0,MT5_PY_API_UNIX_SECONDS,UNRESOLVED_REQUIRES_MANUAL_BINDING
1778124900,1778125200,VIX,VIX,M5,Bid,19.17,19.18,19.17,19.17,11,20,0,MT5_PY_API_UNIX_SECONDS,UNRESOLVED_REQUIRES_MANUAL_BINDING
1778125200,1778125500,VIX,VIX,M5,Bid,19.17,19.18,19.17,19.17,6,20,0,MT5_PY_API_UNIX_SECONDS,UNRESOLVED_REQUIRES_MANUAL_BINDING
1778125500,1778125800,VIX,VIX,M5,Bid,19.17,19.17,19.16,19.17,5,20,0,MT5_PY_API_UNIX_SECONDS,UNRESOLVED_REQUIRES_MANUAL_BINDING
1778125800,1778126100,VIX,VIX,M5,Bid,19.17,19.17,19.17,19.17,5,20,0,MT5_PY_API_UNIX_SECONDS,UNRESOLVED_REQUIRES_MANUAL_BINDING
1778126100,1778126400,VIX,VIX,M5,Bid,19.17,19.17,19.17,19.17,4,20,0,MT5_PY_API_UNIX_SECONDS,UNRESOLVED_REQUIRES_MANUAL_BINDING
1778126400,1778126700,VIX,VIX,M5,Bid,19.18,19.18,19.17,19.17,7,20,0,MT5_PY_API_UNIX_SECONDS,UNRESOLVED_REQUIRES_MANUAL_BINDING
1778127000,1778127300,VIX,VIX,M5,Bid,19.17,19.17,19.13,19.13,3,21,0,MT5_PY_API_UNIX_SECONDS,UNRESOLVED_REQUIRES_MANUAL_BINDING
1778127300,1778127600,VIX,VIX,M5,Bid,19.16,19.16,19.13,19.13,13,21,0,MT5_PY_API_UNIX_SECONDS,UNRESOLVED_REQUIRES_MANUAL_BINDING
1778127900,1778128200,VIX,VIX,M5,Bid,19.13,19.13,19.12,19.13,4,20,0,MT5_PY_API_UNIX_SECONDS,UNRESOLVED_REQUIRES_MANUAL_BINDING
1778128200,1778128500,VIX,VIX,M5,Bid,19.13,19.13,19.12,19.12,6,20,0,MT5_PY_API_UNIX_SECONDS,UNRESOLVED_REQUIRES_MANUAL_BINDING
1778128500,1778128800,VIX,VIX,M5,Bid,19.13,19.13,19.12,19.12,2,20,0,MT5_PY_API_UNIX_SECONDS,UNRESOLVED_REQUIRES_MANUAL_BINDING
1778130000,1778130300,VIX,VIX,M5,Bid,19.12,19.12,19.12,19.12,1,21,0,MT5_PY_API_UNIX_SECONDS,UNRESOLVED_REQUIRES_MANUAL_BINDING
1778130600,1778130900,VIX,VIX,M5,Bid,19.13,19.13,19.13,19.13,1,21,0,MT5_PY_API_UNIX_SECONDS,UNRESOLVED_REQUIRES_MANUAL_BINDING
1778130900,1778131200,VIX,VIX,M5,Bid,19.12,19.13,19.12,19.12,4,20,0,MT5_PY_API_UNIX_SECONDS,UNRESOLVED_REQUIRES_MANUAL_BINDING
1778131200,1778131500,VIX,VIX,M5,Bid,19.12,19.12,19.12,19.12,1,21,0,MT5_PY_API_UNIX_SECONDS,UNRESOLVED_REQUIRES_MANUAL_BINDING
1778131500,1778131800,VIX,VIX,M5,Bid,19.12,19.12,19.08,19.08,11,20,0,MT5_PY_API_UNIX_SECONDS,UNRESOLVED_REQUIRES_MANUAL_BINDING
1778131800,1778132100,VIX,VIX,M5,Bid,19.07,19.08,19.07,19.07,3,20,0,MT5_PY_API_UNIX_SECONDS,UNRESOLVED_REQUIRES_MANUAL_BINDING
1778132100,1778132400,VIX,VIX,M5,Bid,19.08,19.08,19.07,19.08,7,20,0,MT5_PY_API_UNIX_SECONDS,UNRESOLVED_REQUIRES_MANUAL_BINDING
1778132400,1778132700,VIX,VIX,M5,Bid,19.08,19.08,19.07,19.08,5,20,0,MT5_PY_API_UNIX_SECONDS,UNRESOLVED_REQUIRES_MANUAL_BINDING
1778132700,1778133000,VIX,VIX,M5,Bid,19.08,19.08,19.07,19.07,6,20,0,MT5_PY_API_UNIX_SECONDS,UNRESOLVED_REQUIRES_MANUAL_BINDING
1778133000,1778133300,VIX,VIX,M5,Bid,19.08,19.08,19.07,19.07,6,20,0,MT5_PY_API_UNIX_SECONDS,UNRESOLVED_REQUIRES_MANUAL_BINDING
1778133300,1778133600,VIX,VIX,M5,Bid,19.08,19.08,19.08,19.08,1,20,0,MT5_PY_API_UNIX_SECONDS,UNRESOLVED_REQUIRES_MANUAL_BINDING
1778133600,1778133900,VIX,VIX,M5,Bid,19.08,19.08,19.08,19.08,1,21,0,MT5_PY_API_UNIX_SECONDS,UNRESOLVED_REQUIRES_MANUAL_BINDING
1778133900,1778134200,VIX,VIX,M5,Bid,19.08,19.08,19.08,19.08,1,21,0,MT5_PY_API_UNIX_SECONDS,UNRESOLVED_REQUIRES_MANUAL_BINDING
1778134500,1778134800,VIX,VIX,M5,Bid,19.08,19.08,19.07,19.07,8,20,0,MT5_PY_API_UNIX_SECONDS,UNRESOLVED_REQUIRES_MANUAL_BINDING
1778134800,1778135100,VIX,VIX,M5,Bid,19.08,19.11,19.08,19.11,6,20,0,MT5_PY_API_UNIX_SECONDS,UNRESOLVED_REQUIRES_MANUAL_BINDING
1778135100,1778135400,VIX,VIX,M5,Bid,19.1,19.1,19.07,19.08,8,20,0,MT5_PY_API_UNIX_SECONDS,UNRESOLVED_REQUIRES_MANUAL_BINDING
1778135700,1778136000,VIX,VIX,M5,Bid,19.08,19.08,19.08,19.08,1,21,0,MT5_PY_API_UNIX_SECONDS,UNRESOLVED_REQUIRES_MANUAL_BINDING
1778136000,1778136300,VIX,VIX,M5,Bid,19.08,19.08,19.07,19.07,3,20,0,MT5_PY_API_UNIX_SECONDS,UNRESOLVED_REQUIRES_MANUAL_BINDING
1778136300,1778136600,VIX,VIX,M5,Bid,19.08,19.08,19.07,19.07,9,20,0,MT5_PY_API_UNIX_SECONDS,UNRESOLVED_REQUIRES_MANUAL_BINDING
1778136600,1778136900,VIX,VIX,M5,Bid,19.08,19.08,19.07,19.07,2,21,0,MT5_PY_API_UNIX_SECONDS,UNRESOLVED_REQUIRES_MANUAL_BINDING
1778136900,1778137200,VIX,VIX,M5,Bid,19.08,19.08,19.07,19.08,6,20,0,MT5_PY_API_UNIX_SECONDS,UNRESOLVED_REQUIRES_MANUAL_BINDING
1778137200,1778137500,VIX,VIX,M5,Bid,19.07,19.07,19.07,19.07,1,21,0,MT5_PY_API_UNIX_SECONDS,UNRESOLVED_REQUIRES_MANUAL_BINDING
1778137500,1778137800,VIX,VIX,M5,Bid,19.08,19.08,19.07,19.07,12,20,0,MT5_PY_API_UNIX_SECONDS,UNRESOLVED_REQUIRES_MANUAL_BINDING
1778137800,1778138100,VIX,VIX,M5,Bid,19.08,19.08,19.07,19.07,5,20,0,MT5_PY_API_UNIX_SECONDS,UNRESOLVED_REQUIRES_MANUAL_BINDING
1778138100,1778138400,VIX,VIX,M5,Bid,19.08,19.08,19.07,19.07,6,20,0,MT5_PY_API_UNIX_SECONDS,UNRESOLVED_REQUIRES_MANUAL_BINDING
1778138400,1778138700,VIX,VIX,M5,Bid,19.08,19.08,19.07,19.08,5,20,0,MT5_PY_API_UNIX_SECONDS,UNRESOLVED_REQUIRES_MANUAL_BINDING
1778138700,1778139000,VIX,VIX,M5,Bid,19.08,19.08,19.07,19.08,5,20,0,MT5_PY_API_UNIX_SECONDS,UNRESOLVED_REQUIRES_MANUAL_BINDING
1778139000,1778139300,VIX,VIX,M5,Bid,19.07,19.07,19.07,19.07,1,21,0,MT5_PY_API_UNIX_SECONDS,UNRESOLVED_REQUIRES_MANUAL_BINDING
1778141100,1778141400,VIX,VIX,M5,Bid,19.08,19.08,19.07,19.08,4,20,0,MT5_PY_API_UNIX_SECONDS,UNRESOLVED_REQUIRES_MANUAL_BINDING
1778141400,1778141700,VIX,VIX,M5,Bid,19.07,19.08,19.07,19.07,3,20,0,MT5_PY_API_UNIX_SECONDS,UNRESOLVED_REQUIRES_MANUAL_BINDING
1778144400,1778144700,VIX,VIX,M5,Bid,19.08,19.08,19.07,19.07,2,20,0,MT5_PY_API_UNIX_SECONDS,UNRESOLVED_REQUIRES_MANUAL_BINDING
1778144700,1778145000,VIX,VIX,M5,Bid,19.08,19.08,19.07,19.07,10,20,0,MT5_PY_API_UNIX_SECONDS,UNRESOLVED_REQUIRES_MANUAL_BINDING
1778145000,1778145300,VIX,VIX,M5,Bid,19.08,19.08,19.07,19.08,35,20,0,MT5_PY_API_UNIX_SECONDS,UNRESOLVED_REQUIRES_MANUAL_BINDING
1778145300,1778145600,VIX,VIX,M5,Bid,19.08,19.08,19.07,19.07,14,20,0,MT5_PY_API_UNIX_SECONDS,UNRESOLVED_REQUIRES_MANUAL_BINDING
1778146500,1778146800,VIX,VIX,M5,Bid,19.06,19.07,19.06,19.07,7,20,0,MT5_PY_API_UNIX_SECONDS,UNRESOLVED_REQUIRES_MANUAL_BINDING
1778146800,1778147100,VIX,VIX,M5,Bid,19.06,19.07,18.98,19.01,14,20,0,MT5_PY_API_UNIX_SECONDS,UNRESOLVED_REQUIRES_MANUAL_BINDING
1778147100,1778147400,VIX,VIX,M5,Bid,19.02,19.03,19.02,19.02,7,21,0,MT5_PY_API_UNIX_SECONDS,UNRESOLVED_REQUIRES_MANUAL_BINDING
1778147400,1778147700,VIX,VIX,M5,Bid,19.03,19.03,19.02,19.02,4,20,0,MT5_PY_API_UNIX_SECONDS,UNRESOLVED_REQUIRES_MANUAL_BINDING
1778147700,1778148000,VIX,VIX,M5,Bid,19.03,19.03,19.02,19.02,4,20,0,MT5_PY_API_UNIX_SECONDS,UNRESOLVED_REQUIRES_MANUAL_BINDING
1778148000,1778148300,VIX,VIX,M5,Bid,19.03,19.07,19.02,19.06,13,20,0,MT5_PY_API_UNIX_SECONDS,UNRESOLVED_REQUIRES_MANUAL_BINDING
1778148300,1778148600,VIX,VIX,M5,Bid,19.07,19.07,18.98,19.03,35,20,0,MT5_PY_API_UNIX_SECONDS,UNRESOLVED_REQUIRES_MANUAL_BINDING
1778148600,1778148900,VIX,VIX,M5,Bid,19.03,19.03,19.01,19.01,21,20,0,MT5_PY_API_UNIX_SECONDS,UNRESOLVED_REQUIRES_MANUAL_BINDING
1778148900,1778149200,VIX,VIX,M5,Bid,19.02,19.07,19.01,19.06,13,20,0,MT5_PY_API_UNIX_SECONDS,UNRESOLVED_REQUIRES_MANUAL_BINDING
1778149200,1778149500,VIX,VIX,M5,Bid,19.07,19.07,19.06,19.06,38,20,0,MT5_PY_API_UNIX_SECONDS,UNRESOLVED_REQUIRES_MANUAL_BINDING
1778149500,1778149800,VIX,VIX,M5,Bid,19.07,19.07,19.06,19.07,41,20,0,MT5_PY_API_UNIX_SECONDS,UNRESOLVED_REQUIRES_MANUAL_BINDING
1778149800,1778150100,VIX,VIX,M5,Bid,19.06,19.07,19.06,19.07,12,20,0,MT5_PY_API_UNIX_SECONDS,UNRESOLVED_REQUIRES_MANUAL_BINDING
1778150100,1778150400,VIX,VIX,M5,Bid,19.07,19.07,19.06,19.07,5,20,0,MT5_PY_API_UNIX_SECONDS,UNRESOLVED_REQUIRES_MANUAL_BINDING
1778150400,1778150700,VIX,VIX,M5,Bid,19.08,19.08,19.07,19.07,10,20,0,MT5_PY_API_UNIX_SECONDS,UNRESOLVED_REQUIRES_MANUAL_BINDING
1778150700,1778151000,VIX,VIX,M5,Bid,19.08,19.11,19.07,19.11,18,20,0,MT5_PY_API_UNIX_SECONDS,UNRESOLVED_REQUIRES_MANUAL_BINDING
1778151000,1778151300,VIX,VIX,M5,Bid,19.12,19.13,19.12,19.13,2,21,0,MT5_PY_API_UNIX_SECONDS,UNRESOLVED_REQUIRES_MANUAL_BINDING
1778151300,1778151600,VIX,VIX,M5,Bid,19.13,19.13,19.12,19.13,9,20,0,MT5_PY_API_UNIX_SECONDS,UNRESOLVED_REQUIRES_MANUAL_BINDING
1778151600,1778151900,VIX,VIX,M5,Bid,19.12,19.13,19.08,19.08,7,21,0,MT5_PY_API_UNIX_SECONDS,UNRESOLVED_REQUIRES_MANUAL_BINDING
1778151900,1778152200,VIX,VIX,M5,Bid,19.11,19.13,19.11,19.13,23,20,0,MT5_PY_API_UNIX_SECONDS,UNRESOLVED_REQUIRES_MANUAL_BINDING
1778152200,1778152500,VIX,VIX,M5,Bid,19.13,19.16,19.12,19.13,32,20,0,MT5_PY_API_UNIX_SECONDS,UNRESOLVED_REQUIRES_MANUAL_BINDING
1778152500,1778152800,VIX,VIX,M5,Bid,19.14,19.17,19.13,19.16,34,20,0,MT5_PY_API_UNIX_SECONDS,UNRESOLVED_REQUIRES_MANUAL_BINDING
1778152800,1778153100,VIX,VIX,M5,Bid,19.15,19.16,19.13,19.13,33,20,0,MT5_PY_API_UNIX_SECONDS,UNRESOLVED_REQUIRES_MANUAL_BINDING
1778153100,1778153400,VIX,VIX,M5,Bid,19.15,19.18,19.12,19.12,50,20,0,MT5_PY_API_UNIX_SECONDS,UNRESOLVED_REQUIRES_MANUAL_BINDING
1778153400,1778153700,VIX,VIX,M5,Bid,19.13,19.13,19.12,19.13,22,20,0,MT5_PY_API_UNIX_SECONDS,UNRESOLVED_REQUIRES_MANUAL_BINDING
1778153700,1778154000,VIX,VIX,M5,Bid,19.13,19.16,19.12,19.13,22,20,0,MT5_PY_API_UNIX_SECONDS,UNRESOLVED_REQUIRES_MANUAL_BINDING
1778154000,1778154300,VIX,VIX,M5,Bid,19.14,19.16,19.13,19.13,8,21,0,MT5_PY_API_UNIX_SECONDS,UNRESOLVED_REQUIRES_MANUAL_BINDING
1778154300,1778154600,VIX,VIX,M5,Bid,19.14,19.16,19.12,19.13,25,20,0,MT5_PY_API_UNIX_SECONDS,UNRESOLVED_REQUIRES_MANUAL_BINDING
1778154600,1778154900,VIX,VIX,M5,Bid,19.12,19.13,19.12,19.12,28,20,0,MT5_PY_API_UNIX_SECONDS,UNRESOLVED_REQUIRES_MANUAL_BINDING
1778154900,1778155200,VIX,VIX,M5,Bid,19.13,19.13,19.12,19.13,9,20,0,MT5_PY_API_UNIX_SECONDS,UNRESOLVED_REQUIRES_MANUAL_BINDING
1778155200,1778155500,VIX,VIX,M5,Bid,19.12,19.13,19.12,19.13,23,20,0,MT5_PY_API_UNIX_SECONDS,UNRESOLVED_REQUIRES_MANUAL_BINDING
1778155500,1778155800,VIX,VIX,M5,Bid,19.14,19.17,19.12,19.12,18,20,0,MT5_PY_API_UNIX_SECONDS,UNRESOLVED_REQUIRES_MANUAL_BINDING
1778156100,1778156400,VIX,VIX,M5,Bid,19.12,19.12,19.11,19.11,2,20,0,MT5_PY_API_UNIX_SECONDS,UNRESOLVED_REQUIRES_MANUAL_BINDING
1778156400,1778156700,VIX,VIX,M5,Bid,19.12,19.12,19.07,19.08,5,20,0,MT5_PY_API_UNIX_SECONDS,UNRESOLVED_REQUIRES_MANUAL_BINDING
1778156700,1778157000,VIX,VIX,M5,Bid,19.08,19.08,19.07,19.07,17,20,0,MT5_PY_API_UNIX_SECONDS,UNRESOLVED_REQUIRES_MANUAL_BINDING
1778157000,1778157300,VIX,VIX,M5,Bid,19.08,19.08,19.07,19.07,3,21,0,MT5_PY_API_UNIX_SECONDS,UNRESOLVED_REQUIRES_MANUAL_BINDING
1778157300,1778157600,VIX,VIX,M5,Bid,19.08,19.08,19.08,19.08,1,21,0,MT5_PY_API_UNIX_SECONDS,UNRESOLVED_REQUIRES_MANUAL_BINDING
1778157600,1778157900,VIX,VIX,M5,Bid,19.08,19.08,19.07,19.08,9,20,0,MT5_PY_API_UNIX_SECONDS,UNRESOLVED_REQUIRES_MANUAL_BINDING
1778157900,1778158200,VIX,VIX,M5,Bid,19.07,19.08,19.07,19.07,17,20,0,MT5_PY_API_UNIX_SECONDS,UNRESOLVED_REQUIRES_MANUAL_BINDING
1778158200,1778158500,VIX,VIX,M5,Bid,19.08,19.12,19.08,19.12,3,21,0,MT5_PY_API_UNIX_SECONDS,UNRESOLVED_REQUIRES_MANUAL_BINDING
1778158500,1778158800,VIX,VIX,M5,Bid,19.12,19.12,19.12,19.12,1,21,0,MT5_PY_API_UNIX_SECONDS,UNRESOLVED_REQUIRES_MANUAL_BINDING
1778158800,1778159100,VIX,VIX,M5,Bid,19.12,19.13,19.12,19.13,3,20,0,MT5_PY_API_UNIX_SECONDS,UNRESOLVED_REQUIRES_MANUAL_BINDING
1778159100,1778159400,VIX,VIX,M5,Bid,19.13,19.13,19.12,19.12,11,20,0,MT5_PY_API_UNIX_SECONDS,UNRESOLVED_REQUIRES_MANUAL_BINDING
1778159400,1778159700,VIX,VIX,M5,Bid,19.13,19.13,19.12,19.12,4,20,0,MT5_PY_API_UNIX_SECONDS,UNRESOLVED_REQUIRES_MANUAL_BINDING
1778159700,1778160000,VIX,VIX,M5,Bid,19.13,19.13,19.13,19.13,1,21,0,MT5_PY_API_UNIX_SECONDS,UNRESOLVED_REQUIRES_MANUAL_BINDING
1778160000,1778160300,VIX,VIX,M5,Bid,19.13,19.13,19.11,19.12,6,20,0,MT5_PY_API_UNIX_SECONDS,UNRESOLVED_REQUIRES_MANUAL_BINDING
1778160300,1778160600,VIX,VIX,M5,Bid,19.12,19.13,19.11,19.13,6,20,0,MT5_PY_API_UNIX_SECONDS,UNRESOLVED_REQUIRES_MANUAL_BINDING
1778160600,1778160900,VIX,VIX,M5,Bid,19.12,19.13,19.12,19.12,9,20,0,MT5_PY_API_UNIX_SECONDS,UNRESOLVED_REQUIRES_MANUAL_BINDING
1778160900,1778161200,VIX,VIX,M5,Bid,19.13,19.13,19.12,19.12,2,21,0,MT5_PY_API_UNIX_SECONDS,UNRESOLVED_REQUIRES_MANUAL_BINDING
1778161200,1778161500,VIX,VIX,M5,Bid,19.13,19.13,19.12,19.12,8,20,0,MT5_PY_API_UNIX_SECONDS,UNRESOLVED_REQUIRES_MANUAL_BINDING
1778161500,1778161800,VIX,VIX,M5,Bid,19.13,19.13,19.12,19.13,7,20,0,MT5_PY_API_UNIX_SECONDS,UNRESOLVED_REQUIRES_MANUAL_BINDING
1778161800,1778162100,VIX,VIX,M5,Bid,19.12,19.13,19.12,19.12,3,20,0,MT5_PY_API_UNIX_SECONDS,UNRESOLVED_REQUIRES_MANUAL_BINDING
1778162100,1778162400,VIX,VIX,M5,Bid,19.13,19.13,19.12,19.12,2,20,0,MT5_PY_API_UNIX_SECONDS,UNRESOLVED_REQUIRES_MANUAL_BINDING
1778162400,1778162700,VIX,VIX,M5,Bid,19.12,19.12,19.11,19.12,4,20,0,MT5_PY_API_UNIX_SECONDS,UNRESOLVED_REQUIRES_MANUAL_BINDING
1778162700,1778163000,VIX,VIX,M5,Bid,19.12,19.12,19.12,19.12,3,20,0,MT5_PY_API_UNIX_SECONDS,UNRESOLVED_REQUIRES_MANUAL_BINDING
1778163900,1778164200,VIX,VIX,M5,Bid,19.12,19.12,19.12,19.12,2,20,0,MT5_PY_API_UNIX_SECONDS,UNRESOLVED_REQUIRES_MANUAL_BINDING
1778164200,1778164500,VIX,VIX,M5,Bid,19.11,19.12,19.11,19.12,11,20,0,MT5_PY_API_UNIX_SECONDS,UNRESOLVED_REQUIRES_MANUAL_BINDING
1778164500,1778164800,VIX,VIX,M5,Bid,19.11,19.12,19.11,19.12,27,20,0,MT5_PY_API_UNIX_SECONDS,UNRESOLVED_REQUIRES_MANUAL_BINDING
1778164800,1778165100,VIX,VIX,M5,Bid,19.11,19.12,19.11,19.12,12,20,0,MT5_PY_API_UNIX_SECONDS,UNRESOLVED_REQUIRES_MANUAL_BINDING
1778165100,1778165400,VIX,VIX,M5,Bid,19.11,19.12,19.11,19.12,2,20,0,MT5_PY_API_UNIX_SECONDS,UNRESOLVED_REQUIRES_MANUAL_BINDING
1778165400,1778165700,VIX,VIX,M5,Bid,19.11,19.12,19.11,19.11,8,20,0,MT5_PY_API_UNIX_SECONDS,UNRESOLVED_REQUIRES_MANUAL_BINDING
1778165700,1778166000,VIX,VIX,M5,Bid,19.12,19.12,19.11,19.12,7,20,0,MT5_PY_API_UNIX_SECONDS,UNRESOLVED_REQUIRES_MANUAL_BINDING
1778166000,1778166300,VIX,VIX,M5,Bid,19.13,19.13,19.12,19.13,13,20,0,MT5_PY_API_UNIX_SECONDS,UNRESOLVED_REQUIRES_MANUAL_BINDING
1778166300,1778166600,VIX,VIX,M5,Bid,19.13,19.13,19.12,19.12,11,20,0,MT5_PY_API_UNIX_SECONDS,UNRESOLVED_REQUIRES_MANUAL_BINDING
1778166600,1778166900,VIX,VIX,M5,Bid,19.11,19.12,19.11,19.11,7,20,0,MT5_PY_API_UNIX_SECONDS,UNRESOLVED_REQUIRES_MANUAL_BINDING
1778166900,1778167200,VIX,VIX,M5,Bid,19.12,19.12,19.11,19.12,12,20,0,MT5_PY_API_UNIX_SECONDS,UNRESOLVED_REQUIRES_MANUAL_BINDING
1778167200,1778167500,VIX,VIX,M5,Bid,19.12,19.12,19.07,19.11,13,20,0,MT5_PY_API_UNIX_SECONDS,UNRESOLVED_REQUIRES_MANUAL_BINDING
1778167500,1778167800,VIX,VIX,M5,Bid,19.08,19.11,19.07,19.08,20,20,0,MT5_PY_API_UNIX_SECONDS,UNRESOLVED_REQUIRES_MANUAL_BINDING
1778167800,1778168100,VIX,VIX,M5,Bid,19.07,19.08,19.07,19.08,21,20,0,MT5_PY_API_UNIX_SECONDS,UNRESOLVED_REQUIRES_MANUAL_BINDING
1778168100,1778168400,VIX,VIX,M5,Bid,19.08,19.08,19.07,19.07,14,20,0,MT5_PY_API_UNIX_SECONDS,UNRESOLVED_REQUIRES_MANUAL_BINDING
1778168400,1778168700,VIX,VIX,M5,Bid,19.08,19.08,19.07,19.07,4,20,0,MT5_PY_API_UNIX_SECONDS,UNRESOLVED_REQUIRES_MANUAL_BINDING
1778169000,1778169300,VIX,VIX,M5,Bid,19.07,19.07,19.02,19.06,19,20,0,MT5_PY_API_UNIX_SECONDS,UNRESOLVED_REQUIRES_MANUAL_BINDING
1778169300,1778169600,VIX,VIX,M5,Bid,19.07,19.07,19.06,19.06,7,20,0,MT5_PY_API_UNIX_SECONDS,UNRESOLVED_REQUIRES_MANUAL_BINDING
1778169600,1778169900,VIX,VIX,M5,Bid,19.07,19.07,19.06,19.07,10,20,0,MT5_PY_API_UNIX_SECONDS,UNRESOLVED_REQUIRES_MANUAL_BINDING
1778169900,1778170200,VIX,VIX,M5,Bid,19.07,19.07,19.06,19.07,29,20,0,MT5_PY_API_UNIX_SECONDS,UNRESOLVED_REQUIRES_MANUAL_BINDING
1778170200,1778170500,VIX,VIX,M5,Bid,19.07,19.07,19.06,19.06,14,20,0,MT5_PY_API_UNIX_SECONDS,UNRESOLVED_REQUIRES_MANUAL_BINDING
1778170500,1778170800,VIX,VIX,M5,Bid,19.03,19.06,19.03,19.06,2,21,0,MT5_PY_API_UNIX_SECONDS,UNRESOLVED_REQUIRES_MANUAL_BINDING
1778171100,1778171400,VIX,VIX,M5,Bid,19.07,19.07,19.02,19.02,11,20,0,MT5_PY_API_UNIX_SECONDS,UNRESOLVED_REQUIRES_MANUAL_BINDING
1778171400,1778171700,VIX,VIX,M5,Bid,19.03,19.08,19.02,19.07,15,20,0,MT5_PY_API_UNIX_SECONDS,UNRESOLVED_REQUIRES_MANUAL_BINDING
1778171700,1778172000,VIX,VIX,M5,Bid,19.07,19.08,19.07,19.07,10,20,0,MT5_PY_API_UNIX_SECONDS,UNRESOLVED_REQUIRES_MANUAL_BINDING
1778172000,1778172300,VIX,VIX,M5,Bid,19.07,19.07,19.01,19.02,12,20,0,MT5_PY_API_UNIX_SECONDS,UNRESOLVED_REQUIRES_MANUAL_BINDING
1778172300,1778172600,VIX,VIX,M5,Bid,19.02,19.08,19.01,19.07,47,20,0,MT5_PY_API_UNIX_SECONDS,UNRESOLVED_REQUIRES_MANUAL_BINDING
1778172600,1778172900,VIX,VIX,M5,Bid,19.08,19.12,19.02,19.02,86,20,0,MT5_PY_API_UNIX_SECONDS,UNRESOLVED_REQUIRES_MANUAL_BINDING
1778172900,1778173200,VIX,VIX,M5,Bid,19.01,19.03,19.01,19.02,31,20,0,MT5_PY_API_UNIX_SECONDS,UNRESOLVED_REQUIRES_MANUAL_BINDING
1778173200,1778173500,VIX,VIX,M5,Bid,19.02,19.02,19.02,19.02,1,21,0,MT5_PY_API_UNIX_SECONDS,UNRESOLVED_REQUIRES_MANUAL_BINDING
1778173500,1778173800,VIX,VIX,M5,Bid,19.03,19.07,19.02,19.03,42,20,0,MT5_PY_API_UNIX_SECONDS,UNRESOLVED_REQUIRES_MANUAL_BINDING
1778173800,1778174100,VIX,VIX,M5,Bid,19.06,19.06,19.01,19.02,13,20,0,MT5_PY_API_UNIX_SECONDS,UNRESOLVED_REQUIRES_MANUAL_BINDING
1778174100,1778174400,VIX,VIX,M5,Bid,19.02,19.07,19.01,19.01,47,20,0,MT5_PY_API_UNIX_SECONDS,UNRESOLVED_REQUIRES_MANUAL_BINDING
1778174400,1778174700,VIX,VIX,M5,Bid,18.98,18.98,18.97,18.98,36,20,0,MT5_PY_API_UNIX_SECONDS,UNRESOLVED_REQUIRES_MANUAL_BINDING
1778174700,1778175000,VIX,VIX,M5,Bid,18.98,19.01,18.97,19.01,18,20,0,MT5_PY_API_UNIX_SECONDS,UNRESOLVED_REQUIRES_MANUAL_BINDING
1778175000,1778175300,VIX,VIX,M5,Bid,19.02,19.02,18.97,19.02,11,20,0,MT5_PY_API_UNIX_SECONDS,UNRESOLVED_REQUIRES_MANUAL_BINDING
1778175300,1778175600,VIX,VIX,M5,Bid,19.02,19.03,18.98,19.01,17,20,0,MT5_PY_API_UNIX_SECONDS,UNRESOLVED_REQUIRES_MANUAL_BINDING
1778175600,1778175900,VIX,VIX,M5,Bid,19.01,19.02,19.01,19.01,3,20,0,MT5_PY_API_UNIX_SECONDS,UNRESOLVED_REQUIRES_MANUAL_BINDING
1778175900,1778176200,VIX,VIX,M5,Bid,19.03,19.07,19.02,19.06,33,20,0,MT5_PY_API_UNIX_SECONDS,UNRESOLVED_REQUIRES_MANUAL_BINDING
1778176200,1778176500,VIX,VIX,M5,Bid,19.03,19.03,18.97,18.97,26,20,0,MT5_PY_API_UNIX_SECONDS,UNRESOLVED_REQUIRES_MANUAL_BINDING
1778176500,1778176800,VIX,VIX,M5,Bid,18.98,18.98,18.97,18.97,7,20,0,MT5_PY_API_UNIX_SECONDS,UNRESOLVED_REQUIRES_MANUAL_BINDING
1778176800,1778177100,VIX,VIX,M5,Bid,18.98,19.02,18.97,19.02,39,20,0,MT5_PY_API_UNIX_SECONDS,UNRESOLVED_REQUIRES_MANUAL_BINDING
1778177100,1778177400,VIX,VIX,M5,Bid,19.03,19.06,19.02,19.02,25,20,0,MT5_PY_API_UNIX_SECONDS,UNRESOLVED_REQUIRES_MANUAL_BINDING
1778177400,1778177700,VIX,VIX,M5,Bid,19.03,19.07,19.03,19.07,9,20,0,MT5_PY_API_UNIX_SECONDS,UNRESOLVED_REQUIRES_MANUAL_BINDING
1778177700,1778178000,VIX,VIX,M5,Bid,19.07,19.08,19.06,19.07,9,20,0,MT5_PY_API_UNIX_SECONDS,UNRESOLVED_REQUIRES_MANUAL_BINDING
1778178000,1778178300,VIX,VIX,M5,Bid,19.07,19.11,19.06,19.08,70,20,0,MT5_PY_API_UNIX_SECONDS,UNRESOLVED_REQUIRES_MANUAL_BINDING
1778178300,1778178600,VIX,VIX,M5,Bid,19.08,19.17,19.07,19.12,50,20,0,MT5_PY_API_UNIX_SECONDS,UNRESOLVED_REQUIRES_MANUAL_BINDING
1778178600,1778178900,VIX,VIX,M5,Bid,19.11,19.12,19.07,19.12,56,20,0,MT5_PY_API_UNIX_SECONDS,UNRESOLVED_REQUIRES_MANUAL_BINDING
1778178900,1778179200,VIX,VIX,M5,Bid,19.12,19.13,19.11,19.12,30,20,0,MT5_PY_API_UNIX_SECONDS,UNRESOLVED_REQUIRES_MANUAL_BINDING
1778179200,1778179500,VIX,VIX,M5,Bid,19.11,19.13,19.11,19.13,39,20,0,MT5_PY_API_UNIX_SECONDS,UNRESOLVED_REQUIRES_MANUAL_BINDING
1778179500,1778179800,VIX,VIX,M5,Bid,19.12,19.17,19.12,19.17,105,20,0,MT5_PY_API_UNIX_SECONDS,UNRESOLVED_REQUIRES_MANUAL_BINDING
1778179800,1778180100,VIX,VIX,M5,Bid,19.17,19.17,19.12,19.12,35,20,0,MT5_PY_API_UNIX_SECONDS,UNRESOLVED_REQUIRES_MANUAL_BINDING
1778180100,1778180400,VIX,VIX,M5,Bid,19.13,19.21,19.12,19.18,71,20,0,MT5_PY_API_UNIX_SECONDS,UNRESOLVED_REQUIRES_MANUAL_BINDING
1778180400,1778180700,VIX,VIX,M5,Bid,19.18,19.22,19.16,19.18,85,20,0,MT5_PY_API_UNIX_SECONDS,UNRESOLVED_REQUIRES_MANUAL_BINDING
1778180700,1778181000,VIX,VIX,M5,Bid,19.19,19.22,19.17,19.17,50,20,0,MT5_PY_API_UNIX_SECONDS,UNRESOLVED_REQUIRES_MANUAL_BINDING
1778181000,1778181300,VIX,VIX,M5,Bid,19.18,19.22,19.16,19.22,58,20,0,MT5_PY_API_UNIX_SECONDS,UNRESOLVED_REQUIRES_MANUAL_BINDING
1778181300,1778181600,VIX,VIX,M5,Bid,19.23,19.33,19.23,19.28,139,20,0,MT5_PY_API_UNIX_SECONDS,UNRESOLVED_REQUIRES_MANUAL_BINDING
1778181600,1778181900,VIX,VIX,M5,Bid,19.29,19.29,19.17,19.17,189,20,0,MT5_PY_API_UNIX_SECONDS,UNRESOLVED_REQUIRES_MANUAL_BINDING
1778181900,1778182200,VIX,VIX,M5,Bid,19.16,19.17,19.08,19.08,59,20,0,MT5_PY_API_UNIX_SECONDS,UNRESOLVED_REQUIRES_MANUAL_BINDING
1778182200,1778182500,VIX,VIX,M5,Bid,19.11,19.12,19.07,19.08,52,20,0,MT5_PY_API_UNIX_SECONDS,UNRESOLVED_REQUIRES_MANUAL_BINDING
1778182500,1778182800,VIX,VIX,M5,Bid,19.11,19.16,19.08,19.16,19,20,0,MT5_PY_API_UNIX_SECONDS,UNRESOLVED_REQUIRES_MANUAL_BINDING
1778182800,1778183100,VIX,VIX,M5,Bid,19.17,19.17,19.11,19.12,31,20,0,MT5_PY_API_UNIX_SECONDS,UNRESOLVED_REQUIRES_MANUAL_BINDING
1778183100,1778183400,VIX,VIX,M5,Bid,19.13,19.13,19.08,19.12,25,20,0,MT5_PY_API_UNIX_SECONDS,UNRESOLVED_REQUIRES_MANUAL_BINDING
1778183400,1778183700,VIX,VIX,M5,Bid,19.13,19.16,19.07,19.07,76,20,0,MT5_PY_API_UNIX_SECONDS,UNRESOLVED_REQUIRES_MANUAL_BINDING
1778183700,1778184000,VIX,VIX,M5,Bid,19.08,19.13,19.07,19.07,43,20,0,MT5_PY_API_UNIX_SECONDS,UNRESOLVED_REQUIRES_MANUAL_BINDING
1778184000,1778184300,VIX,VIX,M5,Bid,19.08,19.11,19.06,19.07,33,20,0,MT5_PY_API_UNIX_SECONDS,UNRESOLVED_REQUIRES_MANUAL_BINDING
1778184300,1778184600,VIX,VIX,M5,Bid,19.08,19.12,19.02,19.08,87,20,0,MT5_PY_API_UNIX_SECONDS,UNRESOLVED_REQUIRES_MANUAL_BINDING
1778184600,1778184900,VIX,VIX,M5,Bid,19.08,19.12,19.07,19.07,48,20,0,MT5_PY_API_UNIX_SECONDS,UNRESOLVED_REQUIRES_MANUAL_BINDING
1778184900,1778185200,VIX,VIX,M5,Bid,19.08,19.13,19.08,19.12,46,20,0,MT5_PY_API_UNIX_SECONDS,UNRESOLVED_REQUIRES_MANUAL_BINDING
1778185200,1778185500,VIX,VIX,M5,Bid,19.13,19.13,19.01,19.02,37,20,0,MT5_PY_API_UNIX_SECONDS,UNRESOLVED_REQUIRES_MANUAL_BINDING
1778185500,1778185800,VIX,VIX,M5,Bid,19.01,19.37,18.97,19.27,316,20,0,MT5_PY_API_UNIX_SECONDS,UNRESOLVED_REQUIRES_MANUAL_BINDING
1778185800,1778186100,VIX,VIX,M5,Bid,19.26,19.32,19.16,19.18,200,20,0,MT5_PY_API_UNIX_SECONDS,UNRESOLVED_REQUIRES_MANUAL_BINDING
1778186100,1778186400,VIX,VIX,M5,Bid,19.21,19.22,19.07,19.11,101,20,0,MT5_PY_API_UNIX_SECONDS,UNRESOLVED_REQUIRES_MANUAL_BINDING
1778186400,1778186700,VIX,VIX,M5,Bid,19.12,19.13,19.07,19.13,95,20,0,MT5_PY_API_UNIX_SECONDS,UNRESOLVED_REQUIRES_MANUAL_BINDING
1778186700,1778187000,VIX,VIX,M5,Bid,19.13,19.17,19.08,19.13,47,20,0,MT5_PY_API_UNIX_SECONDS,UNRESOLVED_REQUIRES_MANUAL_BINDING
1778187000,1778187300,VIX,VIX,M5,Bid,19.16,19.17,19.12,19.16,100,20,0,MT5_PY_API_UNIX_SECONDS,UNRESOLVED_REQUIRES_MANUAL_BINDING
1778187300,1778187600,VIX,VIX,M5,Bid,19.13,19.17,19.02,19.02,139,20,0,MT5_PY_API_UNIX_SECONDS,UNRESOLVED_REQUIRES_MANUAL_BINDING
1778187600,1778187900,VIX,VIX,M5,Bid,19.03,19.07,19.02,19.06,57,20,0,MT5_PY_API_UNIX_SECONDS,UNRESOLVED_REQUIRES_MANUAL_BINDING
1778187900,1778188200,VIX,VIX,M5,Bid,19.05,19.07,19.01,19.07,49,20,0,MT5_PY_API_UNIX_SECONDS,UNRESOLVED_REQUIRES_MANUAL_BINDING
1778188200,1778188500,VIX,VIX,M5,Bid,19.06,19.07,19.02,19.02,70,20,0,MT5_PY_API_UNIX_SECONDS,UNRESOLVED_REQUIRES_MANUAL_BINDING
1778188500,1778188800,VIX,VIX,M5,Bid,18.98,18.98,18.97,18.98,10,20,0,MT5_PY_API_UNIX_SECONDS,UNRESOLVED_REQUIRES_MANUAL_BINDING
1778188800,1778189100,VIX,VIX,M5,Bid,18.97,19.01,18.97,18.98,16,20,0,MT5_PY_API_UNIX_SECONDS,UNRESOLVED_REQUIRES_MANUAL_BINDING
1778189100,1778189400,VIX,VIX,M5,Bid,19.01,19.02,18.98,18.98,52,20,0,MT5_PY_API_UNIX_SECONDS,UNRESOLVED_REQUIRES_MANUAL_BINDING
1778189400,1778189700,VIX,VIX,M5,Bid,19.01,19.01,18.96,18.97,19,20,0,MT5_PY_API_UNIX_SECONDS,UNRESOLVED_REQUIRES_MANUAL_BINDING
1778189700,1778190000,VIX,VIX,M5,Bid,18.96,19.01,18.93,18.97,68,20,0,MT5_PY_API_UNIX_SECONDS,UNRESOLVED_REQUIRES_MANUAL_BINDING
1778190000,1778190300,VIX,VIX,M5,Bid,18.98,19.13,18.97,19.07,62,20,0,MT5_PY_API_UNIX_SECONDS,UNRESOLVED_REQUIRES_MANUAL_BINDING
1778190300,1778190600,VIX,VIX,M5,Bid,19.07,19.12,19.03,19.12,94,20,0,MT5_PY_API_UNIX_SECONDS,UNRESOLVED_REQUIRES_MANUAL_BINDING
1778190600,1778190900,VIX,VIX,M5,Bid,19.13,19.13,19.07,19.08,67,20,0,MT5_PY_API_UNIX_SECONDS,UNRESOLVED_REQUIRES_MANUAL_BINDING
1778190900,1778191200,VIX,VIX,M5,Bid,19.08,19.11,18.98,18.98,96,20,0,MT5_PY_API_UNIX_SECONDS,UNRESOLVED_REQUIRES_MANUAL_BINDING
1778191200,1778191500,VIX,VIX,M5,Bid,18.97,19.07,18.97,19.06,109,20,0,MT5_PY_API_UNIX_SECONDS,UNRESOLVED_REQUIRES_MANUAL_BINDING
1778191500,1778191800,VIX,VIX,M5,Bid,19.07,19.08,19.03,19.06,86,20,0,MT5_PY_API_UNIX_SECONDS,UNRESOLVED_REQUIRES_MANUAL_BINDING
1778191800,1778192100,VIX,VIX,M5,Bid,19.07,19.07,19.02,19.02,33,20,0,MT5_PY_API_UNIX_SECONDS,UNRESOLVED_REQUIRES_MANUAL_BINDING
1778192100,1778192400,VIX,VIX,M5,Bid,19.03,19.13,19.01,19.11,97,20,0,MT5_PY_API_UNIX_SECONDS,UNRESOLVED_REQUIRES_MANUAL_BINDING
1778192400,1778192700,VIX,VIX,M5,Bid,19.12,19.17,19.11,19.17,53,20,0,MT5_PY_API_UNIX_SECONDS,UNRESOLVED_REQUIRES_MANUAL_BINDING
1778192700,1778193000,VIX,VIX,M5,Bid,19.18,19.23,19.16,19.18,50,20,0,MT5_PY_API_UNIX_SECONDS,UNRESOLVED_REQUIRES_MANUAL_BINDING
1778193000,1778193300,VIX,VIX,M5,Bid,19.21,19.22,19.13,19.17,57,20,0,MT5_PY_API_UNIX_SECONDS,UNRESOLVED_REQUIRES_MANUAL_BINDING
1778193300,1778193600,VIX,VIX,M5,Bid,19.16,19.16,19.06,19.06,12,20,0,MT5_PY_API_UNIX_SECONDS,UNRESOLVED_REQUIRES_MANUAL_BINDING
1778193600,1778193900,VIX,VIX,M5,Bid,19.03,19.08,19.03,19.03,13,20,0,MT5_PY_API_UNIX_SECONDS,UNRESOLVED_REQUIRES_MANUAL_BINDING
1778193900,1778194200,VIX,VIX,M5,Bid,19.03,19.08,19.02,19.02,19,20,0,MT5_PY_API_UNIX_SECONDS,UNRESOLVED_REQUIRES_MANUAL_BINDING
1778194200,1778194500,VIX,VIX,M5,Bid,19.02,19.16,18.96,19.07,105,20,0,MT5_PY_API_UNIX_SECONDS,UNRESOLVED_REQUIRES_MANUAL_BINDING
1778194500,1778194800,VIX,VIX,M5,Bid,19.06,19.07,18.96,18.97,61,20,0,MT5_PY_API_UNIX_SECONDS,UNRESOLVED_REQUIRES_MANUAL_BINDING
1778194800,1778195100,VIX,VIX,M5,Bid,18.98,19.01,18.71,18.72,98,20,0,MT5_PY_API_UNIX_SECONDS,UNRESOLVED_REQUIRES_MANUAL_BINDING
1778195100,1778195400,VIX,VIX,M5,Bid,18.73,18.82,18.73,18.81,30,20,0,MT5_PY_API_UNIX_SECONDS,UNRESOLVED_REQUIRES_MANUAL_BINDING
1778195400,1778195700,VIX,VIX,M5,Bid,18.82,18.86,18.81,18.82,15,20,0,MT5_PY_API_UNIX_SECONDS,UNRESOLVED_REQUIRES_MANUAL_BINDING
1778196600,1778196900,VIX,VIX,M5,Bid,18.86,18.91,18.85,18.86,22,20,0,MT5_PY_API_UNIX_SECONDS,UNRESOLVED_REQUIRES_MANUAL_BINDING
1778196900,1778197200,VIX,VIX,M5,Bid,18.87,19.07,18.86,19.06,143,20,0,MT5_PY_API_UNIX_SECONDS,UNRESOLVED_REQUIRES_MANUAL_BINDING
1778197200,1778197500,VIX,VIX,M5,Bid,19.07,19.07,18.97,19.01,93,20,0,MT5_PY_API_UNIX_SECONDS,UNRESOLVED_REQUIRES_MANUAL_BINDING
1778197500,1778197800,VIX,VIX,M5,Bid,19.0,19.07,19.0,19.07,86,20,0,MT5_PY_API_UNIX_SECONDS,UNRESOLVED_REQUIRES_MANUAL_BINDING
1778197800,1778198100,VIX,VIX,M5,Bid,19.07,19.07,19.06,19.07,25,20,0,MT5_PY_API_UNIX_SECONDS,UNRESOLVED_REQUIRES_MANUAL_BINDING
1778198100,1778198400,VIX,VIX,M5,Bid,19.08,19.17,19.07,19.16,49,20,0,MT5_PY_API_UNIX_SECONDS,UNRESOLVED_REQUIRES_MANUAL_BINDING
1778202000,1778202300,VIX,VIX,M5,Bid,19.25,19.3,19.15,19.17,76,20,0,MT5_PY_API_UNIX_SECONDS,UNRESOLVED_REQUIRES_MANUAL_BINDING
1778202300,1778202600,VIX,VIX,M5,Bid,19.16,19.17,19.13,19.17,28,20,0,MT5_PY_API_UNIX_SECONDS,UNRESOLVED_REQUIRES_MANUAL_BINDING
1778202600,1778202900,VIX,VIX,M5,Bid,19.17,19.17,19.11,19.17,30,20,0,MT5_PY_API_UNIX_SECONDS,UNRESOLVED_REQUIRES_MANUAL_BINDING
1778202900,1778203200,VIX,VIX,M5,Bid,19.16,19.21,19.11,19.13,63,20,0,MT5_PY_API_UNIX_SECONDS,UNRESOLVED_REQUIRES_MANUAL_BINDING
1778203200,1778203500,VIX,VIX,M5,Bid,19.14,19.16,19.07,19.07,63,20,0,MT5_PY_API_UNIX_SECONDS,UNRESOLVED_REQUIRES_MANUAL_BINDING
1778203500,1778203800,VIX,VIX,M5,Bid,19.08,19.09,19.07,19.08,64,20,0,MT5_PY_API_UNIX_SECONDS,UNRESOLVED_REQUIRES_MANUAL_BINDING
1778203800,1778204100,VIX,VIX,M5,Bid,19.09,19.22,19.08,19.17,31,20,0,MT5_PY_API_UNIX_SECONDS,UNRESOLVED_REQUIRES_MANUAL_BINDING
1778204100,1778204400,VIX,VIX,M5,Bid,19.16,19.17,19.12,19.12,19,20,0,MT5_PY_API_UNIX_SECONDS,UNRESOLVED_REQUIRES_MANUAL_BINDING
1778204400,1778204700,VIX,VIX,M5,Bid,19.13,19.13,19.12,19.13,13,20,0,MT5_PY_API_UNIX_SECONDS,UNRESOLVED_REQUIRES_MANUAL_BINDING
1778204700,1778205000,VIX,VIX,M5,Bid,19.13,19.16,19.13,19.15,24,20,0,MT5_PY_API_UNIX_SECONDS,UNRESOLVED_REQUIRES_MANUAL_BINDING
1778205000,1778205300,VIX,VIX,M5,Bid,19.13,19.16,19.13,19.16,4,20,0,MT5_PY_API_UNIX_SECONDS,UNRESOLVED_REQUIRES_MANUAL_BINDING
1778205300,1778205600,VIX,VIX,M5,Bid,19.17,19.18,19.17,19.17,3,21,0,MT5_PY_API_UNIX_SECONDS,UNRESOLVED_REQUIRES_MANUAL_BINDING
1778205600,1778205900,VIX,VIX,M5,Bid,19.18,19.18,19.16,19.17,14,20,0,MT5_PY_API_UNIX_SECONDS,UNRESOLVED_REQUIRES_MANUAL_BINDING
1778205900,1778206200,VIX,VIX,M5,Bid,19.16,19.17,19.16,19.17,2,21,0,MT5_PY_API_UNIX_SECONDS,UNRESOLVED_REQUIRES_MANUAL_BINDING
1778206200,1778206500,VIX,VIX,M5,Bid,19.16,19.17,19.16,19.17,6,21,0,MT5_PY_API_UNIX_SECONDS,UNRESOLVED_REQUIRES_MANUAL_BINDING
1778206500,1778206800,VIX,VIX,M5,Bid,19.16,19.17,19.16,19.17,10,21,0,MT5_PY_API_UNIX_SECONDS,UNRESOLVED_REQUIRES_MANUAL_BINDING
1778206800,1778207100,VIX,VIX,M5,Bid,19.16,19.17,19.12,19.13,11,20,0,MT5_PY_API_UNIX_SECONDS,UNRESOLVED_REQUIRES_MANUAL_BINDING
1778207100,1778207400,VIX,VIX,M5,Bid,19.13,19.13,19.12,19.12,2,20,0,MT5_PY_API_UNIX_SECONDS,UNRESOLVED_REQUIRES_MANUAL_BINDING
1778207400,1778207700,VIX,VIX,M5,Bid,19.13,19.13,19.12,19.12,5,20,0,MT5_PY_API_UNIX_SECONDS,UNRESOLVED_REQUIRES_MANUAL_BINDING
1778208000,1778208300,VIX,VIX,M5,Bid,19.07,19.07,19.06,19.07,5,20,0,MT5_PY_API_UNIX_SECONDS,UNRESOLVED_REQUIRES_MANUAL_BINDING
1778208300,1778208600,VIX,VIX,M5,Bid,19.06,19.08,19.06,19.07,15,20,0,MT5_PY_API_UNIX_SECONDS,UNRESOLVED_REQUIRES_MANUAL_BINDING
1778208600,1778208900,VIX,VIX,M5,Bid,19.07,19.07,19.07,19.07,1,21,0,MT5_PY_API_UNIX_SECONDS,UNRESOLVED_REQUIRES_MANUAL_BINDING
1778208900,1778209200,VIX,VIX,M5,Bid,19.07,19.07,19.03,19.03,2,20,0,MT5_PY_API_UNIX_SECONDS,UNRESOLVED_REQUIRES_MANUAL_BINDING
1778209200,1778209500,VIX,VIX,M5,Bid,19.02,19.02,18.97,18.98,15,20,0,MT5_PY_API_UNIX_SECONDS,UNRESOLVED_REQUIRES_MANUAL_BINDING
1778209500,1778209800,VIX,VIX,M5,Bid,18.98,18.98,18.92,18.97,35,20,0,MT5_PY_API_UNIX_SECONDS,UNRESOLVED_REQUIRES_MANUAL_BINDING
1778209800,1778210100,VIX,VIX,M5,Bid,18.98,19.02,18.97,18.98,24,20,0,MT5_PY_API_UNIX_SECONDS,UNRESOLVED_REQUIRES_MANUAL_BINDING
1778210100,1778210400,VIX,VIX,M5,Bid,18.99,19.01,18.97,19.01,17,20,0,MT5_PY_API_UNIX_SECONDS,UNRESOLVED_REQUIRES_MANUAL_BINDING
1778210400,1778210700,VIX,VIX,M5,Bid,19.0,19.01,18.97,18.97,6,20,0,MT5_PY_API_UNIX_SECONDS,UNRESOLVED_REQUIRES_MANUAL_BINDING
1778210700,1778211000,VIX,VIX,M5,Bid,18.98,19.01,18.97,18.98,7,21,0,MT5_PY_API_UNIX_SECONDS,UNRESOLVED_REQUIRES_MANUAL_BINDING
1778211000,1778211300,VIX,VIX,M5,Bid,18.97,18.98,18.97,18.97,19,20,0,MT5_PY_API_UNIX_SECONDS,UNRESOLVED_REQUIRES_MANUAL_BINDING
1778211300,1778211600,VIX,VIX,M5,Bid,18.98,18.98,18.97,18.97,2,20,0,MT5_PY_API_UNIX_SECONDS,UNRESOLVED_REQUIRES_MANUAL_BINDING
1778211600,1778211900,VIX,VIX,M5,Bid,18.97,18.97,18.93,18.93,2,20,0,MT5_PY_API_UNIX_SECONDS,UNRESOLVED_REQUIRES_MANUAL_BINDING
1778211900,1778212200,VIX,VIX,M5,Bid,18.93,18.97,18.92,18.97,5,20,0,MT5_PY_API_UNIX_SECONDS,UNRESOLVED_REQUIRES_MANUAL_BINDING
1778212200,1778212500,VIX,VIX,M5,Bid,18.97,18.97,18.96,18.97,4,20,0,MT5_PY_API_UNIX_SECONDS,UNRESOLVED_REQUIRES_MANUAL_BINDING
1778212500,1778212800,VIX,VIX,M5,Bid,18.97,18.97,18.92,18.92,5,20,0,MT5_PY_API_UNIX_SECONDS,UNRESOLVED_REQUIRES_MANUAL_BINDING
1778212800,1778213100,VIX,VIX,M5,Bid,18.91,18.91,18.87,18.91,57,20,0,MT5_PY_API_UNIX_SECONDS,UNRESOLVED_REQUIRES_MANUAL_BINDING
1778213100,1778213400,VIX,VIX,M5,Bid,18.89,18.91,18.87,18.88,34,20,0,MT5_PY_API_UNIX_SECONDS,UNRESOLVED_REQUIRES_MANUAL_BINDING
1778213400,1778213700,VIX,VIX,M5,Bid,18.91,18.91,18.87,18.88,29,20,0,MT5_PY_API_UNIX_SECONDS,UNRESOLVED_REQUIRES_MANUAL_BINDING
1778213700,1778214000,VIX,VIX,M5,Bid,18.91,18.92,18.88,18.89,45,20,0,MT5_PY_API_UNIX_SECONDS,UNRESOLVED_REQUIRES_MANUAL_BINDING
1778214000,1778214300,VIX,VIX,M5,Bid,18.91,18.91,18.87,18.88,19,21,0,MT5_PY_API_UNIX_SECONDS,UNRESOLVED_REQUIRES_MANUAL_BINDING
1778214300,1778214600,VIX,VIX,M5,Bid,18.88,18.91,18.87,18.91,11,20,0,MT5_PY_API_UNIX_SECONDS,UNRESOLVED_REQUIRES_MANUAL_BINDING
1778214600,1778214900,VIX,VIX,M5,Bid,18.92,18.93,18.92,18.92,19,20,0,MT5_PY_API_UNIX_SECONDS,UNRESOLVED_REQUIRES_MANUAL_BINDING
1778214900,1778215200,VIX,VIX,M5,Bid,18.93,18.93,18.92,18.92,11,20,0,MT5_PY_API_UNIX_SECONDS,UNRESOLVED_REQUIRES_MANUAL_BINDING
1778215200,1778215500,VIX,VIX,M5,Bid,18.93,18.93,18.92,18.92,6,20,0,MT5_PY_API_UNIX_SECONDS,UNRESOLVED_REQUIRES_MANUAL_BINDING
1778215500,1778215800,VIX,VIX,M5,Bid,18.91,18.92,18.91,18.92,2,20,0,MT5_PY_API_UNIX_SECONDS,UNRESOLVED_REQUIRES_MANUAL_BINDING
1778215800,1778216100,VIX,VIX,M5,Bid,18.92,18.93,18.92,18.93,26,20,0,MT5_PY_API_UNIX_SECONDS,UNRESOLVED_REQUIRES_MANUAL_BINDING
1778216100,1778216400,VIX,VIX,M5,Bid,18.92,18.93,18.92,18.93,5,20,0,MT5_PY_API_UNIX_SECONDS,UNRESOLVED_REQUIRES_MANUAL_BINDING
1778216400,1778216700,VIX,VIX,M5,Bid,18.96,18.97,18.96,18.96,7,21,0,MT5_PY_API_UNIX_SECONDS,UNRESOLVED_REQUIRES_MANUAL_BINDING
1778216700,1778217000,VIX,VIX,M5,Bid,18.97,18.97,18.96,18.96,12,20,0,MT5_PY_API_UNIX_SECONDS,UNRESOLVED_REQUIRES_MANUAL_BINDING
1778217000,1778217300,VIX,VIX,M5,Bid,18.95,18.96,18.92,18.92,29,21,0,MT5_PY_API_UNIX_SECONDS,UNRESOLVED_REQUIRES_MANUAL_BINDING
1778217300,1778217600,VIX,VIX,M5,Bid,18.93,18.96,18.92,18.94,57,20,0,MT5_PY_API_UNIX_SECONDS,UNRESOLVED_REQUIRES_MANUAL_BINDING
1778217600,1778217900,VIX,VIX,M5,Bid,18.96,19.02,18.92,19.01,31,20,0,MT5_PY_API_UNIX_SECONDS,UNRESOLVED_REQUIRES_MANUAL_BINDING
1778217900,1778218200,VIX,VIX,M5,Bid,19.0,19.02,18.98,19.02,11,20,0,MT5_PY_API_UNIX_SECONDS,UNRESOLVED_REQUIRES_MANUAL_BINDING
1778218200,1778218500,VIX,VIX,M5,Bid,19.01,19.02,19.01,19.02,27,20,0,MT5_PY_API_UNIX_SECONDS,UNRESOLVED_REQUIRES_MANUAL_BINDING
1778218500,1778218800,VIX,VIX,M5,Bid,19.06,19.11,19.06,19.08,138,20,0,MT5_PY_API_UNIX_SECONDS,UNRESOLVED_REQUIRES_MANUAL_BINDING
1778218800,1778219100,VIX,VIX,M5,Bid,19.08,19.08,19.06,19.07,26,20,0,MT5_PY_API_UNIX_SECONDS,UNRESOLVED_REQUIRES_MANUAL_BINDING
1778219100,1778219400,VIX,VIX,M5,Bid,19.06,19.07,19.02,19.02,12,20,0,MT5_PY_API_UNIX_SECONDS,UNRESOLVED_REQUIRES_MANUAL_BINDING
1778219400,1778219700,VIX,VIX,M5,Bid,19.03,19.03,19.02,19.03,3,20,0,MT5_PY_API_UNIX_SECONDS,UNRESOLVED_REQUIRES_MANUAL_BINDING
1778219700,1778220000,VIX,VIX,M5,Bid,19.03,19.06,19.02,19.06,5,20,0,MT5_PY_API_UNIX_SECONDS,UNRESOLVED_REQUIRES_MANUAL_BINDING
1778220000,1778220300,VIX,VIX,M5,Bid,19.04,19.06,19.04,19.06,38,21,0,MT5_PY_API_UNIX_SECONDS,UNRESOLVED_REQUIRES_MANUAL_BINDING
1778220300,1778220600,VIX,VIX,M5,Bid,19.05,19.06,19.03,19.04,20,20,0,MT5_PY_API_UNIX_SECONDS,UNRESOLVED_REQUIRES_MANUAL_BINDING
1778220600,1778220900,VIX,VIX,M5,Bid,19.03,19.03,19.03,19.03,1,21,0,MT5_PY_API_UNIX_SECONDS,UNRESOLVED_REQUIRES_MANUAL_BINDING
1778220900,1778221200,VIX,VIX,M5,Bid,19.04,19.07,19.04,19.06,4,21,0,MT5_PY_API_UNIX_SECONDS,UNRESOLVED_REQUIRES_MANUAL_BINDING
1778221200,1778221500,VIX,VIX,M5,Bid,19.07,19.07,19.06,19.07,3,21,0,MT5_PY_API_UNIX_SECONDS,UNRESOLVED_REQUIRES_MANUAL_BINDING
1778221500,1778221800,VIX,VIX,M5,Bid,19.07,19.07,19.06,19.06,4,20,0,MT5_PY_API_UNIX_SECONDS,UNRESOLVED_REQUIRES_MANUAL_BINDING
1778221800,1778222100,VIX,VIX,M5,Bid,19.07,19.07,19.02,19.03,24,20,0,MT5_PY_API_UNIX_SECONDS,UNRESOLVED_REQUIRES_MANUAL_BINDING
1778222100,1778222400,VIX,VIX,M5,Bid,19.03,19.07,19.02,19.06,18,20,0,MT5_PY_API_UNIX_SECONDS,UNRESOLVED_REQUIRES_MANUAL_BINDING
1778222400,1778222700,VIX,VIX,M5,Bid,19.07,19.07,19.06,19.06,5,20,0,MT5_PY_API_UNIX_SECONDS,UNRESOLVED_REQUIRES_MANUAL_BINDING
1778222700,1778223000,VIX,VIX,M5,Bid,19.07,19.07,19.06,19.07,5,20,0,MT5_PY_API_UNIX_SECONDS,UNRESOLVED_REQUIRES_MANUAL_BINDING
1778223000,1778223300,VIX,VIX,M5,Bid,19.07,19.07,19.03,19.06,12,20,0,MT5_PY_API_UNIX_SECONDS,UNRESOLVED_REQUIRES_MANUAL_BINDING
1778223300,1778223600,VIX,VIX,M5,Bid,19.05,19.06,19.03,19.06,19,20,0,MT5_PY_API_UNIX_SECONDS,UNRESOLVED_REQUIRES_MANUAL_BINDING
1778223600,1778223900,VIX,VIX,M5,Bid,19.05,19.07,19.03,19.06,26,20,0,MT5_PY_API_UNIX_SECONDS,UNRESOLVED_REQUIRES_MANUAL_BINDING
1778223900,1778224200,VIX,VIX,M5,Bid,19.05,19.05,19.03,19.03,2,21,0,MT5_PY_API_UNIX_SECONDS,UNRESOLVED_REQUIRES_MANUAL_BINDING
1778224200,1778224500,VIX,VIX,M5,Bid,19.03,19.06,19.03,19.06,3,21,0,MT5_PY_API_UNIX_SECONDS,UNRESOLVED_REQUIRES_MANUAL_BINDING
1778224500,1778224800,VIX,VIX,M5,Bid,19.07,19.07,19.03,19.06,20,20,0,MT5_PY_API_UNIX_SECONDS,UNRESOLVED_REQUIRES_MANUAL_BINDING
1778224800,1778225100,VIX,VIX,M5,Bid,19.05,19.06,19.03,19.06,25,20,0,MT5_PY_API_UNIX_SECONDS,UNRESOLVED_REQUIRES_MANUAL_BINDING
1778225100,1778225400,VIX,VIX,M5,Bid,19.07,19.07,19.06,19.06,6,20,0,MT5_PY_API_UNIX_SECONDS,UNRESOLVED_REQUIRES_MANUAL_BINDING
1778225700,1778226000,VIX,VIX,M5,Bid,19.07,19.07,19.06,19.07,12,20,0,MT5_PY_API_UNIX_SECONDS,UNRESOLVED_REQUIRES_MANUAL_BINDING
1778226000,1778226300,VIX,VIX,M5,Bid,19.06,19.07,19.06,19.07,17,20,0,MT5_PY_API_UNIX_SECONDS,UNRESOLVED_REQUIRES_MANUAL_BINDING
1778226300,1778226600,VIX,VIX,M5,Bid,19.06,19.07,19.06,19.06,6,20,0,MT5_PY_API_UNIX_SECONDS,UNRESOLVED_REQUIRES_MANUAL_BINDING
1778226600,1778226900,VIX,VIX,M5,Bid,19.05,19.06,19.02,19.02,27,20,0,MT5_PY_API_UNIX_SECONDS,UNRESOLVED_REQUIRES_MANUAL_BINDING
1778226900,1778227200,VIX,VIX,M5,Bid,19.03,19.03,19.02,19.03,4,20,0,MT5_PY_API_UNIX_SECONDS,UNRESOLVED_REQUIRES_MANUAL_BINDING
1778227200,1778227500,VIX,VIX,M5,Bid,19.03,19.03,19.01,19.02,9,20,0,MT5_PY_API_UNIX_SECONDS,UNRESOLVED_REQUIRES_MANUAL_BINDING
1778227500,1778227800,VIX,VIX,M5,Bid,19.01,19.01,18.97,18.98,6,20,0,MT5_PY_API_UNIX_SECONDS,UNRESOLVED_REQUIRES_MANUAL_BINDING
1778227800,1778228100,VIX,VIX,M5,Bid,18.98,18.98,18.97,18.97,7,20,0,MT5_PY_API_UNIX_SECONDS,UNRESOLVED_REQUIRES_MANUAL_BINDING
1778228100,1778228400,VIX,VIX,M5,Bid,18.98,18.98,18.96,18.96,11,20,0,MT5_PY_API_UNIX_SECONDS,UNRESOLVED_REQUIRES_MANUAL_BINDING
1778228400,1778228700,VIX,VIX,M5,Bid,18.97,18.97,18.96,18.97,19,20,0,MT5_PY_API_UNIX_SECONDS,UNRESOLVED_REQUIRES_MANUAL_BINDING
1778228700,1778229000,VIX,VIX,M5,Bid,18.97,18.97,18.96,18.96,17,20,0,MT5_PY_API_UNIX_SECONDS,UNRESOLVED_REQUIRES_MANUAL_BINDING
1778229000,1778229300,VIX,VIX,M5,Bid,18.97,18.97,18.92,18.93,24,20,0,MT5_PY_API_UNIX_SECONDS,UNRESOLVED_REQUIRES_MANUAL_BINDING
1778229300,1778229600,VIX,VIX,M5,Bid,18.92,18.93,18.92,18.92,11,20,0,MT5_PY_API_UNIX_SECONDS,UNRESOLVED_REQUIRES_MANUAL_BINDING
1778229600,1778229900,VIX,VIX,M5,Bid,18.93,18.93,18.92,18.92,9,20,0,MT5_PY_API_UNIX_SECONDS,UNRESOLVED_REQUIRES_MANUAL_BINDING
1778229900,1778230200,VIX,VIX,M5,Bid,18.93,18.93,18.92,18.92,3,20,0,MT5_PY_API_UNIX_SECONDS,UNRESOLVED_REQUIRES_MANUAL_BINDING
1778230200,1778230500,VIX,VIX,M5,Bid,18.93,18.93,18.92,18.92,2,21,0,MT5_PY_API_UNIX_SECONDS,UNRESOLVED_REQUIRES_MANUAL_BINDING
1778230800,1778231100,VIX,VIX,M5,Bid,18.93,18.93,18.91,18.92,21,20,0,MT5_PY_API_UNIX_SECONDS,UNRESOLVED_REQUIRES_MANUAL_BINDING
1778231100,1778231400,VIX,VIX,M5,Bid,18.91,18.91,18.87,18.87,5,20,0,MT5_PY_API_UNIX_SECONDS,UNRESOLVED_REQUIRES_MANUAL_BINDING
1778231400,1778231700,VIX,VIX,M5,Bid,18.88,18.88,18.87,18.88,9,20,0,MT5_PY_API_UNIX_SECONDS,UNRESOLVED_REQUIRES_MANUAL_BINDING
1778231700,1778232000,VIX,VIX,M5,Bid,18.87,18.88,18.87,18.87,3,21,0,MT5_PY_API_UNIX_SECONDS,UNRESOLVED_REQUIRES_MANUAL_BINDING
1778232000,1778232300,VIX,VIX,M5,Bid,18.88,18.88,18.87,18.87,14,20,0,MT5_PY_API_UNIX_SECONDS,UNRESOLVED_REQUIRES_MANUAL_BINDING
1778232300,1778232600,VIX,VIX,M5,Bid,18.88,18.88,18.83,18.86,11,20,0,MT5_PY_API_UNIX_SECONDS,UNRESOLVED_REQUIRES_MANUAL_BINDING
1778232600,1778232900,VIX,VIX,M5,Bid,18.83,18.88,18.83,18.88,37,20,0,MT5_PY_API_UNIX_SECONDS,UNRESOLVED_REQUIRES_MANUAL_BINDING
1778232900,1778233200,VIX,VIX,M5,Bid,18.88,18.88,18.87,18.88,12,20,0,MT5_PY_API_UNIX_SECONDS,UNRESOLVED_REQUIRES_MANUAL_BINDING
1778233200,1778233500,VIX,VIX,M5,Bid,18.88,18.88,18.87,18.88,13,20,0,MT5_PY_API_UNIX_SECONDS,UNRESOLVED_REQUIRES_MANUAL_BINDING
1778233500,1778233800,VIX,VIX,M5,Bid,18.88,18.88,18.87,18.88,14,20,0,MT5_PY_API_UNIX_SECONDS,UNRESOLVED_REQUIRES_MANUAL_BINDING
1778233800,1778234100,VIX,VIX,M5,Bid,18.87,18.88,18.87,18.88,2,21,0,MT5_PY_API_UNIX_SECONDS,UNRESOLVED_REQUIRES_MANUAL_BINDING
1778234100,1778234400,VIX,VIX,M5,Bid,18.87,18.88,18.87,18.88,5,20,0,MT5_PY_API_UNIX_SECONDS,UNRESOLVED_REQUIRES_MANUAL_BINDING
1778234400,1778234700,VIX,VIX,M5,Bid,18.88,18.93,18.88,18.93,20,20,0,MT5_PY_API_UNIX_SECONDS,UNRESOLVED_REQUIRES_MANUAL_BINDING
1778234700,1778235000,VIX,VIX,M5,Bid,18.93,18.93,18.92,18.92,11,20,0,MT5_PY_API_UNIX_SECONDS,UNRESOLVED_REQUIRES_MANUAL_BINDING
1778235000,1778235300,VIX,VIX,M5,Bid,18.93,18.98,18.92,18.98,37,20,0,MT5_PY_API_UNIX_SECONDS,UNRESOLVED_REQUIRES_MANUAL_BINDING
1778235300,1778235600,VIX,VIX,M5,Bid,18.97,18.98,18.96,18.96,30,20,0,MT5_PY_API_UNIX_SECONDS,UNRESOLVED_REQUIRES_MANUAL_BINDING
1778235600,1778235900,VIX,VIX,M5,Bid,18.93,18.97,18.93,18.96,55,20,0,MT5_PY_API_UNIX_SECONDS,UNRESOLVED_REQUIRES_MANUAL_BINDING
1778235900,1778236200,VIX,VIX,M5,Bid,18.97,18.97,18.96,18.96,16,20,0,MT5_PY_API_UNIX_SECONDS,UNRESOLVED_REQUIRES_MANUAL_BINDING
1778236200,1778236500,VIX,VIX,M5,Bid,18.97,18.97,18.96,18.97,17,20,0,MT5_PY_API_UNIX_SECONDS,UNRESOLVED_REQUIRES_MANUAL_BINDING
1778236500,1778236800,VIX,VIX,M5,Bid,18.96,18.96,18.92,18.93,39,20,0,MT5_PY_API_UNIX_SECONDS,UNRESOLVED_REQUIRES_MANUAL_BINDING
1778236800,1778237100,VIX,VIX,M5,Bid,18.93,18.93,18.92,18.92,3,20,0,MT5_PY_API_UNIX_SECONDS,UNRESOLVED_REQUIRES_MANUAL_BINDING
1778237100,1778237400,VIX,VIX,M5,Bid,18.92,18.93,18.91,18.92,15,20,0,MT5_PY_API_UNIX_SECONDS,UNRESOLVED_REQUIRES_MANUAL_BINDING
1778237400,1778237700,VIX,VIX,M5,Bid,18.92,18.93,18.91,18.92,18,20,0,MT5_PY_API_UNIX_SECONDS,UNRESOLVED_REQUIRES_MANUAL_BINDING
1778237700,1778238000,VIX,VIX,M5,Bid,18.91,18.92,18.91,18.92,17,20,0,MT5_PY_API_UNIX_SECONDS,UNRESOLVED_REQUIRES_MANUAL_BINDING
1778238000,1778238300,VIX,VIX,M5,Bid,18.92,18.92,18.91,18.92,11,20,0,MT5_PY_API_UNIX_SECONDS,UNRESOLVED_REQUIRES_MANUAL_BINDING
1778238300,1778238600,VIX,VIX,M5,Bid,18.92,18.93,18.91,18.91,13,20,0,MT5_PY_API_UNIX_SECONDS,UNRESOLVED_REQUIRES_MANUAL_BINDING
1778238600,1778238900,VIX,VIX,M5,Bid,18.92,18.92,18.91,18.92,14,20,0,MT5_PY_API_UNIX_SECONDS,UNRESOLVED_REQUIRES_MANUAL_BINDING
1778238900,1778239200,VIX,VIX,M5,Bid,18.91,18.92,18.87,18.87,24,20,0,MT5_PY_API_UNIX_SECONDS,UNRESOLVED_REQUIRES_MANUAL_BINDING
1778239200,1778239500,VIX,VIX,M5,Bid,18.88,18.88,18.86,18.87,16,20,0,MT5_PY_API_UNIX_SECONDS,UNRESOLVED_REQUIRES_MANUAL_BINDING
1778239500,1778239800,VIX,VIX,M5,Bid,18.88,18.88,18.87,18.88,16,20,0,MT5_PY_API_UNIX_SECONDS,UNRESOLVED_REQUIRES_MANUAL_BINDING
1778239800,1778240100,VIX,VIX,M5,Bid,18.87,18.88,18.87,18.87,21,20,0,MT5_PY_API_UNIX_SECONDS,UNRESOLVED_REQUIRES_MANUAL_BINDING
1778240100,1778240400,VIX,VIX,M5,Bid,18.88,18.88,18.86,18.87,6,20,0,MT5_PY_API_UNIX_SECONDS,UNRESOLVED_REQUIRES_MANUAL_BINDING
1778240400,1778240700,VIX,VIX,M5,Bid,18.88,18.88,18.87,18.88,12,20,0,MT5_PY_API_UNIX_SECONDS,UNRESOLVED_REQUIRES_MANUAL_BINDING
1778240700,1778241000,VIX,VIX,M5,Bid,18.88,18.88,18.86,18.87,13,20,0,MT5_PY_API_UNIX_SECONDS,UNRESOLVED_REQUIRES_MANUAL_BINDING
1778241000,1778241300,VIX,VIX,M5,Bid,18.88,18.88,18.86,18.87,7,20,0,MT5_PY_API_UNIX_SECONDS,UNRESOLVED_REQUIRES_MANUAL_BINDING
1778241600,1778241900,VIX,VIX,M5,Bid,18.87,18.87,18.83,18.83,8,20,0,MT5_PY_API_UNIX_SECONDS,UNRESOLVED_REQUIRES_MANUAL_BINDING
1778241900,1778242200,VIX,VIX,M5,Bid,18.83,18.83,18.82,18.83,7,20,0,MT5_PY_API_UNIX_SECONDS,UNRESOLVED_REQUIRES_MANUAL_BINDING
1778242200,1778242500,VIX,VIX,M5,Bid,18.83,18.83,18.82,18.82,13,20,0,MT5_PY_API_UNIX_SECONDS,UNRESOLVED_REQUIRES_MANUAL_BINDING
1778242500,1778242800,VIX,VIX,M5,Bid,18.83,18.83,18.81,18.81,11,20,0,MT5_PY_API_UNIX_SECONDS,UNRESOLVED_REQUIRES_MANUAL_BINDING
1778242800,1778243100,VIX,VIX,M5,Bid,18.78,18.78,18.77,18.78,4,20,0,MT5_PY_API_UNIX_SECONDS,UNRESOLVED_REQUIRES_MANUAL_BINDING
1778243100,1778243400,VIX,VIX,M5,Bid,18.78,18.78,18.78,18.78,2,21,0,MT5_PY_API_UNIX_SECONDS,UNRESOLVED_REQUIRES_MANUAL_BINDING
1778243400,1778243700,VIX,VIX,M5,Bid,18.79,18.82,18.78,18.78,10,20,0,MT5_PY_API_UNIX_SECONDS,UNRESOLVED_REQUIRES_MANUAL_BINDING
1778243700,1778244000,VIX,VIX,M5,Bid,18.78,18.78,18.77,18.78,5,20,0,MT5_PY_API_UNIX_SECONDS,UNRESOLVED_REQUIRES_MANUAL_BINDING
1778244000,1778244300,VIX,VIX,M5,Bid,18.78,18.81,18.78,18.81,17,20,0,MT5_PY_API_UNIX_SECONDS,UNRESOLVED_REQUIRES_MANUAL_BINDING
1778244300,1778244600,VIX,VIX,M5,Bid,18.82,18.83,18.81,18.82,13,20,0,MT5_PY_API_UNIX_SECONDS,UNRESOLVED_REQUIRES_MANUAL_BINDING
1778244600,1778244900,VIX,VIX,M5,Bid,18.81,18.87,18.81,18.86,15,20,0,MT5_PY_API_UNIX_SECONDS,UNRESOLVED_REQUIRES_MANUAL_BINDING
1778244900,1778245200,VIX,VIX,M5,Bid,18.87,18.87,18.83,18.83,24,20,0,MT5_PY_API_UNIX_SECONDS,UNRESOLVED_REQUIRES_MANUAL_BINDING
1778245200,1778245500,VIX,VIX,M5,Bid,18.83,18.83,18.81,18.82,10,20,0,MT5_PY_API_UNIX_SECONDS,UNRESOLVED_REQUIRES_MANUAL_BINDING
1778245500,1778245800,VIX,VIX,M5,Bid,18.83,18.83,18.83,18.83,2,20,0,MT5_PY_API_UNIX_SECONDS,UNRESOLVED_REQUIRES_MANUAL_BINDING
1778245800,1778246100,VIX,VIX,M5,Bid,18.82,18.83,18.82,18.82,5,20,0,MT5_PY_API_UNIX_SECONDS,UNRESOLVED_REQUIRES_MANUAL_BINDING
1778246100,1778246400,VIX,VIX,M5,Bid,18.83,18.83,18.82,18.83,5,20,0,MT5_PY_API_UNIX_SECONDS,UNRESOLVED_REQUIRES_MANUAL_BINDING
1778246400,1778246700,VIX,VIX,M5,Bid,18.82,18.83,18.81,18.82,6,20,0,MT5_PY_API_UNIX_SECONDS,UNRESOLVED_REQUIRES_MANUAL_BINDING
1778246700,1778247000,VIX,VIX,M5,Bid,18.81,18.82,18.81,18.82,8,20,0,MT5_PY_API_UNIX_SECONDS,UNRESOLVED_REQUIRES_MANUAL_BINDING
1778247000,1778247300,VIX,VIX,M5,Bid,18.83,18.83,18.82,18.82,4,20,0,MT5_PY_API_UNIX_SECONDS,UNRESOLVED_REQUIRES_MANUAL_BINDING
1778247300,1778247600,VIX,VIX,M5,Bid,18.82,18.82,18.82,18.82,1,21,0,MT5_PY_API_UNIX_SECONDS,UNRESOLVED_REQUIRES_MANUAL_BINDING
1778247600,1778247900,VIX,VIX,M5,Bid,18.82,18.82,18.81,18.82,6,20,0,MT5_PY_API_UNIX_SECONDS,UNRESOLVED_REQUIRES_MANUAL_BINDING
1778247900,1778248200,VIX,VIX,M5,Bid,18.83,18.83,18.82,18.82,2,21,0,MT5_PY_API_UNIX_SECONDS,UNRESOLVED_REQUIRES_MANUAL_BINDING
1778248500,1778248800,VIX,VIX,M5,Bid,18.83,18.91,18.81,18.82,45,20,0,MT5_PY_API_UNIX_SECONDS,UNRESOLVED_REQUIRES_MANUAL_BINDING
1778248800,1778249100,VIX,VIX,M5,Bid,18.81,18.83,18.81,18.82,14,20,0,MT5_PY_API_UNIX_SECONDS,UNRESOLVED_REQUIRES_MANUAL_BINDING
1778249100,1778249400,VIX,VIX,M5,Bid,18.81,18.83,18.81,18.82,10,20,0,MT5_PY_API_UNIX_SECONDS,UNRESOLVED_REQUIRES_MANUAL_BINDING
1778249400,1778249700,VIX,VIX,M5,Bid,18.83,18.87,18.83,18.86,25,20,0,MT5_PY_API_UNIX_SECONDS,UNRESOLVED_REQUIRES_MANUAL_BINDING
1778249700,1778250000,VIX,VIX,M5,Bid,18.85,18.88,18.85,18.86,10,21,0,MT5_PY_API_UNIX_SECONDS,UNRESOLVED_REQUIRES_MANUAL_BINDING
1778250000,1778250300,VIX,VIX,M5,Bid,18.87,18.87,18.83,18.83,5,21,0,MT5_PY_API_UNIX_SECONDS,UNRESOLVED_REQUIRES_MANUAL_BINDING
1778250300,1778250600,VIX,VIX,M5,Bid,18.83,18.83,18.82,18.83,8,20,0,MT5_PY_API_UNIX_SECONDS,UNRESOLVED_REQUIRES_MANUAL_BINDING
1778250600,1778250900,VIX,VIX,M5,Bid,18.83,18.86,18.82,18.86,10,20,0,MT5_PY_API_UNIX_SECONDS,UNRESOLVED_REQUIRES_MANUAL_BINDING
1778250900,1778251200,VIX,VIX,M5,Bid,18.85,18.86,18.82,18.83,15,20,0,MT5_PY_API_UNIX_SECONDS,UNRESOLVED_REQUIRES_MANUAL_BINDING
1778251200,1778251500,VIX,VIX,M5,Bid,18.83,18.86,18.82,18.86,11,20,0,MT5_PY_API_UNIX_SECONDS,UNRESOLVED_REQUIRES_MANUAL_BINDING
1778251500,1778251800,VIX,VIX,M5,Bid,18.87,18.87,18.83,18.83,8,20,0,MT5_PY_API_UNIX_SECONDS,UNRESOLVED_REQUIRES_MANUAL_BINDING
1778251800,1778252100,VIX,VIX,M5,Bid,18.83,18.83,18.82,18.82,7,20,0,MT5_PY_API_UNIX_SECONDS,UNRESOLVED_REQUIRES_MANUAL_BINDING
1778252100,1778252400,VIX,VIX,M5,Bid,18.83,18.83,18.82,18.82,21,20,0,MT5_PY_API_UNIX_SECONDS,UNRESOLVED_REQUIRES_MANUAL_BINDING
1778252400,1778252700,VIX,VIX,M5,Bid,18.83,18.83,18.82,18.82,4,20,0,MT5_PY_API_UNIX_SECONDS,UNRESOLVED_REQUIRES_MANUAL_BINDING
1778253000,1778253300,VIX,VIX,M5,Bid,18.83,18.83,18.82,18.82,34,20,0,MT5_PY_API_UNIX_SECONDS,UNRESOLVED_REQUIRES_MANUAL_BINDING
1778253300,1778253600,VIX,VIX,M5,Bid,18.83,18.83,18.81,18.82,18,20,0,MT5_PY_API_UNIX_SECONDS,UNRESOLVED_REQUIRES_MANUAL_BINDING
1778253600,1778253900,VIX,VIX,M5,Bid,18.83,18.87,18.82,18.87,6,20,0,MT5_PY_API_UNIX_SECONDS,UNRESOLVED_REQUIRES_MANUAL_BINDING
1778253900,1778254200,VIX,VIX,M5,Bid,18.87,18.87,18.81,18.82,9,20,0,MT5_PY_API_UNIX_SECONDS,UNRESOLVED_REQUIRES_MANUAL_BINDING
1778254200,1778254500,VIX,VIX,M5,Bid,18.82,18.82,18.67,18.72,114,20,0,MT5_PY_API_UNIX_SECONDS,UNRESOLVED_REQUIRES_MANUAL_BINDING
1778254500,1778254800,VIX,VIX,M5,Bid,18.72,18.73,18.68,18.72,30,20,0,MT5_PY_API_UNIX_SECONDS,UNRESOLVED_REQUIRES_MANUAL_BINDING
1778254800,1778255100,VIX,VIX,M5,Bid,18.71,18.72,18.71,18.72,21,20,0,MT5_PY_API_UNIX_SECONDS,UNRESOLVED_REQUIRES_MANUAL_BINDING
1778255100,1778255400,VIX,VIX,M5,Bid,18.73,18.78,18.72,18.78,27,20,0,MT5_PY_API_UNIX_SECONDS,UNRESOLVED_REQUIRES_MANUAL_BINDING
1778255400,1778255700,VIX,VIX,M5,Bid,18.77,18.82,18.77,18.77,30,20,0,MT5_PY_API_UNIX_SECONDS,UNRESOLVED_REQUIRES_MANUAL_BINDING
1778255700,1778256000,VIX,VIX,M5,Bid,18.78,18.87,18.76,18.83,39,20,0,MT5_PY_API_UNIX_SECONDS,UNRESOLVED_REQUIRES_MANUAL_BINDING
1778256000,1778256300,VIX,VIX,M5,Bid,18.84,18.87,18.81,18.83,92,20,0,MT5_PY_API_UNIX_SECONDS,UNRESOLVED_REQUIRES_MANUAL_BINDING
1778256300,1778256600,VIX,VIX,M5,Bid,18.84,18.88,18.83,18.86,53,20,0,MT5_PY_API_UNIX_SECONDS,UNRESOLVED_REQUIRES_MANUAL_BINDING
1778256600,1778256900,VIX,VIX,M5,Bid,18.87,18.92,18.86,18.88,55,20,0,MT5_PY_API_UNIX_SECONDS,UNRESOLVED_REQUIRES_MANUAL_BINDING
1778256900,1778257200,VIX,VIX,M5,Bid,18.87,18.91,18.86,18.87,80,20,0,MT5_PY_API_UNIX_SECONDS,UNRESOLVED_REQUIRES_MANUAL_BINDING
1778257200,1778257500,VIX,VIX,M5,Bid,18.86,18.88,18.83,18.83,33,20,0,MT5_PY_API_UNIX_SECONDS,UNRESOLVED_REQUIRES_MANUAL_BINDING
1778257500,1778257800,VIX,VIX,M5,Bid,18.83,18.83,18.81,18.81,26,20,0,MT5_PY_API_UNIX_SECONDS,UNRESOLVED_REQUIRES_MANUAL_BINDING
1778257800,1778258100,VIX,VIX,M5,Bid,18.82,18.82,18.67,18.68,87,20,0,MT5_PY_API_UNIX_SECONDS,UNRESOLVED_REQUIRES_MANUAL_BINDING
1778258100,1778258400,VIX,VIX,M5,Bid,18.68,18.76,18.68,18.73,62,20,0,MT5_PY_API_UNIX_SECONDS,UNRESOLVED_REQUIRES_MANUAL_BINDING
1778258400,1778258700,VIX,VIX,M5,Bid,18.76,18.77,18.67,18.68,78,20,0,MT5_PY_API_UNIX_SECONDS,UNRESOLVED_REQUIRES_MANUAL_BINDING
1778258700,1778259000,VIX,VIX,M5,Bid,18.67,18.68,18.67,18.67,26,20,0,MT5_PY_API_UNIX_SECONDS,UNRESOLVED_REQUIRES_MANUAL_BINDING
1778259000,1778259300,VIX,VIX,M5,Bid,18.68,18.77,18.67,18.77,44,20,0,MT5_PY_API_UNIX_SECONDS,UNRESOLVED_REQUIRES_MANUAL_BINDING
1778259300,1778259600,VIX,VIX,M5,Bid,18.77,18.78,18.76,18.77,29,20,0,MT5_PY_API_UNIX_SECONDS,UNRESOLVED_REQUIRES_MANUAL_BINDING
1778259600,1778259900,VIX,VIX,M5,Bid,18.78,18.83,18.77,18.82,58,20,0,MT5_PY_API_UNIX_SECONDS,UNRESOLVED_REQUIRES_MANUAL_BINDING
1778259900,1778260200,VIX,VIX,M5,Bid,18.83,18.93,18.82,18.93,86,20,0,MT5_PY_API_UNIX_SECONDS,UNRESOLVED_REQUIRES_MANUAL_BINDING
1778260200,1778260500,VIX,VIX,M5,Bid,18.93,19.02,18.92,18.93,152,20,0,MT5_PY_API_UNIX_SECONDS,UNRESOLVED_REQUIRES_MANUAL_BINDING
1778260500,1778260800,VIX,VIX,M5,Bid,18.93,19.02,18.91,19.01,104,20,0,MT5_PY_API_UNIX_SECONDS,UNRESOLVED_REQUIRES_MANUAL_BINDING
1778260800,1778261100,VIX,VIX,M5,Bid,18.98,19.07,18.98,19.06,24,20,0,MT5_PY_API_UNIX_SECONDS,UNRESOLVED_REQUIRES_MANUAL_BINDING
1778261100,1778261400,VIX,VIX,M5,Bid,19.05,19.07,18.98,18.98,16,20,0,MT5_PY_API_UNIX_SECONDS,UNRESOLVED_REQUIRES_MANUAL_BINDING
1778261400,1778261700,VIX,VIX,M5,Bid,18.98,19.02,18.93,18.97,44,20,0,MT5_PY_API_UNIX_SECONDS,UNRESOLVED_REQUIRES_MANUAL_BINDING
1778261700,1778262000,VIX,VIX,M5,Bid,18.98,18.98,18.91,18.96,75,20,0,MT5_PY_API_UNIX_SECONDS,UNRESOLVED_REQUIRES_MANUAL_BINDING
1778262000,1778262300,VIX,VIX,M5,Bid,18.97,19.06,18.97,19.03,31,20,0,MT5_PY_API_UNIX_SECONDS,UNRESOLVED_REQUIRES_MANUAL_BINDING
1778262300,1778262600,VIX,VIX,M5,Bid,19.06,19.07,19.01,19.06,43,20,0,MT5_PY_API_UNIX_SECONDS,UNRESOLVED_REQUIRES_MANUAL_BINDING
1778262600,1778262900,VIX,VIX,M5,Bid,19.07,19.07,19.03,19.06,17,20,0,MT5_PY_API_UNIX_SECONDS,UNRESOLVED_REQUIRES_MANUAL_BINDING
1778262900,1778263200,VIX,VIX,M5,Bid,19.05,19.07,19.03,19.07,7,20,0,MT5_PY_API_UNIX_SECONDS,UNRESOLVED_REQUIRES_MANUAL_BINDING
1778263200,1778263500,VIX,VIX,M5,Bid,19.07,19.07,19.02,19.07,43,20,0,MT5_PY_API_UNIX_SECONDS,UNRESOLVED_REQUIRES_MANUAL_BINDING
1778263500,1778263800,VIX,VIX,M5,Bid,19.07,19.07,19.02,19.03,36,20,0,MT5_PY_API_UNIX_SECONDS,UNRESOLVED_REQUIRES_MANUAL_BINDING
1778263800,1778264100,VIX,VIX,M5,Bid,19.03,19.03,18.98,19.02,28,20,0,MT5_PY_API_UNIX_SECONDS,UNRESOLVED_REQUIRES_MANUAL_BINDING
1778264100,1778264400,VIX,VIX,M5,Bid,19.03,19.06,19.02,19.03,41,20,0,MT5_PY_API_UNIX_SECONDS,UNRESOLVED_REQUIRES_MANUAL_BINDING
1778264400,1778264700,VIX,VIX,M5,Bid,19.03,19.07,19.02,19.07,34,20,0,MT5_PY_API_UNIX_SECONDS,UNRESOLVED_REQUIRES_MANUAL_BINDING
1778264700,1778265000,VIX,VIX,M5,Bid,19.07,19.08,19.06,19.06,12,20,0,MT5_PY_API_UNIX_SECONDS,UNRESOLVED_REQUIRES_MANUAL_BINDING
1778265000,1778265300,VIX,VIX,M5,Bid,19.07,19.12,19.06,19.07,46,20,0,MT5_PY_API_UNIX_SECONDS,UNRESOLVED_REQUIRES_MANUAL_BINDING
1778265300,1778265600,VIX,VIX,M5,Bid,19.07,19.11,19.06,19.11,21,20,0,MT5_PY_API_UNIX_SECONDS,UNRESOLVED_REQUIRES_MANUAL_BINDING
1778265600,1778265900,VIX,VIX,M5,Bid,19.12,19.16,19.12,19.13,9,20,0,MT5_PY_API_UNIX_SECONDS,UNRESOLVED_REQUIRES_MANUAL_BINDING
1778265900,1778266200,VIX,VIX,M5,Bid,19.13,19.13,19.08,19.11,36,20,0,MT5_PY_API_UNIX_SECONDS,UNRESOLVED_REQUIRES_MANUAL_BINDING
1778266200,1778266500,VIX,VIX,M5,Bid,19.12,19.12,19.07,19.07,31,20,0,MT5_PY_API_UNIX_SECONDS,UNRESOLVED_REQUIRES_MANUAL_BINDING
1778266500,1778266800,VIX,VIX,M5,Bid,19.08,19.08,19.06,19.07,39,20,0,MT5_PY_API_UNIX_SECONDS,UNRESOLVED_REQUIRES_MANUAL_BINDING
1778266800,1778267100,VIX,VIX,M5,Bid,19.07,19.08,19.06,19.08,34,20,0,MT5_PY_API_UNIX_SECONDS,UNRESOLVED_REQUIRES_MANUAL_BINDING
1778267100,1778267400,VIX,VIX,M5,Bid,19.07,19.08,19.03,19.07,18,20,0,MT5_PY_API_UNIX_SECONDS,UNRESOLVED_REQUIRES_MANUAL_BINDING
1778267400,1778267700,VIX,VIX,M5,Bid,19.08,19.08,19.07,19.08,17,20,0,MT5_PY_API_UNIX_SECONDS,UNRESOLVED_REQUIRES_MANUAL_BINDING
1778267700,1778268000,VIX,VIX,M5,Bid,19.08,19.11,19.07,19.11,39,20,0,MT5_PY_API_UNIX_SECONDS,UNRESOLVED_REQUIRES_MANUAL_BINDING
1778268000,1778268300,VIX,VIX,M5,Bid,19.08,19.08,19.07,19.07,8,20,0,MT5_PY_API_UNIX_SECONDS,UNRESOLVED_REQUIRES_MANUAL_BINDING
1778268300,1778268600,VIX,VIX,M5,Bid,19.07,19.07,19.06,19.07,24,20,0,MT5_PY_API_UNIX_SECONDS,UNRESOLVED_REQUIRES_MANUAL_BINDING
1778268600,1778268900,VIX,VIX,M5,Bid,19.08,19.12,19.08,19.11,37,20,0,MT5_PY_API_UNIX_SECONDS,UNRESOLVED_REQUIRES_MANUAL_BINDING
1778268900,1778269200,VIX,VIX,M5,Bid,19.12,19.12,19.07,19.11,24,20,0,MT5_PY_API_UNIX_SECONDS,UNRESOLVED_REQUIRES_MANUAL_BINDING
1778269200,1778269500,VIX,VIX,M5,Bid,19.12,19.17,19.12,19.16,12,20,0,MT5_PY_API_UNIX_SECONDS,UNRESOLVED_REQUIRES_MANUAL_BINDING
1778269500,1778269800,VIX,VIX,M5,Bid,19.17,19.17,19.12,19.12,28,20,0,MT5_PY_API_UNIX_SECONDS,UNRESOLVED_REQUIRES_MANUAL_BINDING
1778269800,1778270100,VIX,VIX,M5,Bid,19.13,19.17,19.12,19.17,29,20,0,MT5_PY_API_UNIX_SECONDS,UNRESOLVED_REQUIRES_MANUAL_BINDING
1778270100,1778270400,VIX,VIX,M5,Bid,19.17,19.17,19.12,19.13,31,20,0,MT5_PY_API_UNIX_SECONDS,UNRESOLVED_REQUIRES_MANUAL_BINDING
1778270400,1778270700,VIX,VIX,M5,Bid,19.12,19.13,19.11,19.11,33,20,0,MT5_PY_API_UNIX_SECONDS,UNRESOLVED_REQUIRES_MANUAL_BINDING
1778270700,1778271000,VIX,VIX,M5,Bid,19.12,19.13,19.11,19.11,14,20,0,MT5_PY_API_UNIX_SECONDS,UNRESOLVED_REQUIRES_MANUAL_BINDING
1778271000,1778271300,VIX,VIX,M5,Bid,19.12,19.12,19.11,19.11,4,20,0,MT5_PY_API_UNIX_SECONDS,UNRESOLVED_REQUIRES_MANUAL_BINDING
1778271300,1778271600,VIX,VIX,M5,Bid,19.12,19.12,19.11,19.11,6,20,0,MT5_PY_API_UNIX_SECONDS,UNRESOLVED_REQUIRES_MANUAL_BINDING
1778271600,1778271900,VIX,VIX,M5,Bid,19.12,19.12,19.11,19.11,4,20,0,MT5_PY_API_UNIX_SECONDS,UNRESOLVED_REQUIRES_MANUAL_BINDING
1778271900,1778272200,VIX,VIX,M5,Bid,19.12,19.17,19.12,19.17,8,20,0,MT5_PY_API_UNIX_SECONDS,UNRESOLVED_REQUIRES_MANUAL_BINDING
1778272200,1778272500,VIX,VIX,M5,Bid,19.16,19.16,19.12,19.12,12,20,0,MT5_PY_API_UNIX_SECONDS,UNRESOLVED_REQUIRES_MANUAL_BINDING
1778272500,1778272800,VIX,VIX,M5,Bid,19.11,19.16,19.11,19.16,6,21,0,MT5_PY_API_UNIX_SECONDS,UNRESOLVED_REQUIRES_MANUAL_BINDING
1778272800,1778273100,VIX,VIX,M5,Bid,19.13,19.17,19.13,19.16,11,20,0,MT5_PY_API_UNIX_SECONDS,UNRESOLVED_REQUIRES_MANUAL_BINDING
1778273100,1778273400,VIX,VIX,M5,Bid,19.17,19.22,19.16,19.22,13,20,0,MT5_PY_API_UNIX_SECONDS,UNRESOLVED_REQUIRES_MANUAL_BINDING
1778273400,1778273700,VIX,VIX,M5,Bid,19.22,19.22,19.21,19.22,13,20,0,MT5_PY_API_UNIX_SECONDS,UNRESOLVED_REQUIRES_MANUAL_BINDING
1778273700,1778274000,VIX,VIX,M5,Bid,19.22,19.22,19.21,19.22,16,20,0,MT5_PY_API_UNIX_SECONDS,UNRESOLVED_REQUIRES_MANUAL_BINDING
1778274000,1778274300,VIX,VIX,M5,Bid,19.22,19.22,19.08,19.17,76,20,0,MT5_PY_API_UNIX_SECONDS,UNRESOLVED_REQUIRES_MANUAL_BINDING
1778274300,1778274600,VIX,VIX,M5,Bid,19.16,19.17,19.13,19.13,39,20,0,MT5_PY_API_UNIX_SECONDS,UNRESOLVED_REQUIRES_MANUAL_BINDING
1778274600,1778274900,VIX,VIX,M5,Bid,19.13,19.17,19.12,19.16,45,20,0,MT5_PY_API_UNIX_SECONDS,UNRESOLVED_REQUIRES_MANUAL_BINDING
1778274900,1778275200,VIX,VIX,M5,Bid,19.17,19.18,19.16,19.18,15,20,0,MT5_PY_API_UNIX_SECONDS,UNRESOLVED_REQUIRES_MANUAL_BINDING
1778275200,1778275500,VIX,VIX,M5,Bid,19.18,19.18,19.17,19.17,7,20,0,MT5_PY_API_UNIX_SECONDS,UNRESOLVED_REQUIRES_MANUAL_BINDING
1778275500,1778275800,VIX,VIX,M5,Bid,19.18,19.21,19.18,19.18,6,20,0,MT5_PY_API_UNIX_SECONDS,UNRESOLVED_REQUIRES_MANUAL_BINDING
1778275800,1778276100,VIX,VIX,M5,Bid,19.18,19.18,19.17,19.17,13,20,0,MT5_PY_API_UNIX_SECONDS,UNRESOLVED_REQUIRES_MANUAL_BINDING
1778276100,1778276400,VIX,VIX,M5,Bid,19.13,19.13,19.12,19.13,8,20,0,MT5_PY_API_UNIX_SECONDS,UNRESOLVED_REQUIRES_MANUAL_BINDING
1778276400,1778276700,VIX,VIX,M5,Bid,19.16,19.17,19.16,19.17,19,20,0,MT5_PY_API_UNIX_SECONDS,UNRESOLVED_REQUIRES_MANUAL_BINDING
1778276700,1778277000,VIX,VIX,M5,Bid,19.17,19.17,19.13,19.13,15,20,0,MT5_PY_API_UNIX_SECONDS,UNRESOLVED_REQUIRES_MANUAL_BINDING
1778277000,1778277300,VIX,VIX,M5,Bid,19.12,19.19,19.08,19.18,30,20,0,MT5_PY_API_UNIX_SECONDS,UNRESOLVED_REQUIRES_MANUAL_BINDING
1778277300,1778277600,VIX,VIX,M5,Bid,19.18,19.22,19.16,19.21,84,20,0,MT5_PY_API_UNIX_SECONDS,UNRESOLVED_REQUIRES_MANUAL_BINDING
1778277600,1778277900,VIX,VIX,M5,Bid,19.18,19.21,19.17,19.17,26,20,0,MT5_PY_API_UNIX_SECONDS,UNRESOLVED_REQUIRES_MANUAL_BINDING
1778277900,1778278200,VIX,VIX,M5,Bid,19.18,19.21,19.17,19.21,5,20,0,MT5_PY_API_UNIX_SECONDS,UNRESOLVED_REQUIRES_MANUAL_BINDING
1778278200,1778278500,VIX,VIX,M5,Bid,19.18,19.18,19.17,19.17,15,20,0,MT5_PY_API_UNIX_SECONDS,UNRESOLVED_REQUIRES_MANUAL_BINDING
1778278500,1778278800,VIX,VIX,M5,Bid,19.18,19.18,19.17,19.17,12,20,0,MT5_PY_API_UNIX_SECONDS,UNRESOLVED_REQUIRES_MANUAL_BINDING
1778278800,1778279100,VIX,VIX,M5,Bid,19.18,19.18,19.17,19.17,2,21,0,MT5_PY_API_UNIX_SECONDS,UNRESOLVED_REQUIRES_MANUAL_BINDING
1778279100,1778279400,VIX,VIX,M5,Bid,19.16,19.17,19.16,19.17,13,20,0,MT5_PY_API_UNIX_SECONDS,UNRESOLVED_REQUIRES_MANUAL_BINDING
1778279400,1778279700,VIX,VIX,M5,Bid,19.17,19.21,19.16,19.17,21,20,0,MT5_PY_API_UNIX_SECONDS,UNRESOLVED_REQUIRES_MANUAL_BINDING
1778279700,1778280000,VIX,VIX,M5,Bid,19.17,19.17,19.08,19.11,8,20,0,MT5_PY_API_UNIX_SECONDS,UNRESOLVED_REQUIRES_MANUAL_BINDING
1778280000,1778280300,VIX,VIX,M5,Bid,19.08,19.12,19.07,19.08,20,20,0,MT5_PY_API_UNIX_SECONDS,UNRESOLVED_REQUIRES_MANUAL_BINDING
1778280300,1778280600,VIX,VIX,M5,Bid,19.08,19.08,19.07,19.08,14,20,0,MT5_PY_API_UNIX_SECONDS,UNRESOLVED_REQUIRES_MANUAL_BINDING
1778280600,1778280900,VIX,VIX,M5,Bid,19.07,19.17,19.07,19.13,34,20,0,MT5_PY_API_UNIX_SECONDS,UNRESOLVED_REQUIRES_MANUAL_BINDING
1778280900,1778281200,VIX,VIX,M5,Bid,19.16,19.16,19.11,19.11,63,20,0,MT5_PY_API_UNIX_SECONDS,UNRESOLVED_REQUIRES_MANUAL_BINDING
1778281200,1778281500,VIX,VIX,M5,Bid,19.12,19.12,19.08,19.11,4,21,0,MT5_PY_API_UNIX_SECONDS,UNRESOLVED_REQUIRES_MANUAL_BINDING
1778281500,1778281800,VIX,VIX,M5,Bid,19.08,19.08,19.07,19.07,2,20,0,MT5_PY_API_UNIX_SECONDS,UNRESOLVED_REQUIRES_MANUAL_BINDING
1778283000,1778283300,VIX,VIX,M5,Bid,19.02,19.03,19.02,19.03,2,21,0,MT5_PY_API_UNIX_SECONDS,UNRESOLVED_REQUIRES_MANUAL_BINDING
1778283600,1778283900,VIX,VIX,M5,Bid,19.02,19.03,19.02,19.02,11,20,0,MT5_PY_API_UNIX_SECONDS,UNRESOLVED_REQUIRES_MANUAL_BINDING
1778283900,1778284200,VIX,VIX,M5,Bid,19.03,19.03,19.02,19.02,4,20,0,MT5_PY_API_UNIX_SECONDS,UNRESOLVED_REQUIRES_MANUAL_BINDING
1778284200,1778284500,VIX,VIX,M5,Bid,19.03,19.03,19.02,19.02,7,20,0,MT5_PY_API_UNIX_SECONDS,UNRESOLVED_REQUIRES_MANUAL_BINDING
1778284500,1778284800,VIX,VIX,M5,Bid,19.01,19.02,19.01,19.02,6,20,0,MT5_PY_API_UNIX_SECONDS,UNRESOLVED_REQUIRES_MANUAL_BINDING
1778461200,1778461500,VIX,VIX,M5,Bid,19.2,19.27,19.12,19.12,30,20,0,MT5_PY_API_UNIX_SECONDS,UNRESOLVED_REQUIRES_MANUAL_BINDING
1778461500,1778461800,VIX,VIX,M5,Bid,19.13,19.13,19.12,19.12,2,20,0,MT5_PY_API_UNIX_SECONDS,UNRESOLVED_REQUIRES_MANUAL_BINDING
1778461800,1778462100,VIX,VIX,M5,Bid,19.12,19.12,19.12,19.12,2,20,0,MT5_PY_API_UNIX_SECONDS,UNRESOLVED_REQUIRES_MANUAL_BINDING
1778462100,1778462400,VIX,VIX,M5,Bid,19.13,19.17,19.12,19.16,28,20,0,MT5_PY_API_UNIX_SECONDS,UNRESOLVED_REQUIRES_MANUAL_BINDING
1778462400,1778462700,VIX,VIX,M5,Bid,19.17,19.17,19.12,19.12,11,20,0,MT5_PY_API_UNIX_SECONDS,UNRESOLVED_REQUIRES_MANUAL_BINDING
1778463900,1778464200,VIX,VIX,M5,Bid,19.11,19.12,19.11,19.12,2,21,0,MT5_PY_API_UNIX_SECONDS,UNRESOLVED_REQUIRES_MANUAL_BINDING
1778464200,1778464500,VIX,VIX,M5,Bid,19.12,19.12,19.12,19.12,1,21,0,MT5_PY_API_UNIX_SECONDS,UNRESOLVED_REQUIRES_MANUAL_BINDING
1778464500,1778464800,VIX,VIX,M5,Bid,19.11,19.11,19.08,19.11,8,21,0,MT5_PY_API_UNIX_SECONDS,UNRESOLVED_REQUIRES_MANUAL_BINDING
1778464800,1778465100,VIX,VIX,M5,Bid,19.12,19.12,19.11,19.12,9,20,0,MT5_PY_API_UNIX_SECONDS,UNRESOLVED_REQUIRES_MANUAL_BINDING
1778465100,1778465400,VIX,VIX,M5,Bid,19.11,19.12,19.11,19.12,2,21,0,MT5_PY_API_UNIX_SECONDS,UNRESOLVED_REQUIRES_MANUAL_BINDING
1778465700,1778466000,VIX,VIX,M5,Bid,19.11,19.12,19.11,19.12,2,21,0,MT5_PY_API_UNIX_SECONDS,UNRESOLVED_REQUIRES_MANUAL_BINDING
1778466000,1778466300,VIX,VIX,M5,Bid,19.11,19.12,19.07,19.07,5,20,0,MT5_PY_API_UNIX_SECONDS,UNRESOLVED_REQUIRES_MANUAL_BINDING
1778466300,1778466600,VIX,VIX,M5,Bid,19.08,19.12,19.08,19.12,6,21,0,MT5_PY_API_UNIX_SECONDS,UNRESOLVED_REQUIRES_MANUAL_BINDING
1778466600,1778466900,VIX,VIX,M5,Bid,19.13,19.13,19.11,19.12,4,21,0,MT5_PY_API_UNIX_SECONDS,UNRESOLVED_REQUIRES_MANUAL_BINDING
1778467200,1778467500,VIX,VIX,M5,Bid,19.11,19.11,19.11,19.11,1,21,0,MT5_PY_API_UNIX_SECONDS,UNRESOLVED_REQUIRES_MANUAL_BINDING
1778467500,1778467800,VIX,VIX,M5,Bid,19.11,19.11,19.07,19.08,54,20,0,MT5_PY_API_UNIX_SECONDS,UNRESOLVED_REQUIRES_MANUAL_BINDING
1778467800,1778468100,VIX,VIX,M5,Bid,19.09,19.12,19.08,19.11,10,21,0,MT5_PY_API_UNIX_SECONDS,UNRESOLVED_REQUIRES_MANUAL_BINDING
1778468100,1778468400,VIX,VIX,M5,Bid,19.12,19.12,19.11,19.12,5,20,0,MT5_PY_API_UNIX_SECONDS,UNRESOLVED_REQUIRES_MANUAL_BINDING
1778468400,1778468700,VIX,VIX,M5,Bid,19.12,19.12,19.06,19.07,13,20,0,MT5_PY_API_UNIX_SECONDS,UNRESOLVED_REQUIRES_MANUAL_BINDING
1778468700,1778469000,VIX,VIX,M5,Bid,19.07,19.08,19.07,19.07,15,20,0,MT5_PY_API_UNIX_SECONDS,UNRESOLVED_REQUIRES_MANUAL_BINDING
1778469300,1778469600,VIX,VIX,M5,Bid,19.08,19.08,19.07,19.07,6,20,0,MT5_PY_API_UNIX_SECONDS,UNRESOLVED_REQUIRES_MANUAL_BINDING
1778469900,1778470200,VIX,VIX,M5,Bid,19.06,19.08,19.03,19.03,12,20,0,MT5_PY_API_UNIX_SECONDS,UNRESOLVED_REQUIRES_MANUAL_BINDING
1778470200,1778470500,VIX,VIX,M5,Bid,19.03,19.03,19.02,19.02,12,20,0,MT5_PY_API_UNIX_SECONDS,UNRESOLVED_REQUIRES_MANUAL_BINDING
1778470500,1778470800,VIX,VIX,M5,Bid,19.03,19.07,19.03,19.07,5,21,0,MT5_PY_API_UNIX_SECONDS,UNRESOLVED_REQUIRES_MANUAL_BINDING
1778470800,1778471100,VIX,VIX,M5,Bid,19.07,19.07,19.06,19.07,3,20,0,MT5_PY_API_UNIX_SECONDS,UNRESOLVED_REQUIRES_MANUAL_BINDING
1778471100,1778471400,VIX,VIX,M5,Bid,19.07,19.07,19.07,19.07,2,21,0,MT5_PY_API_UNIX_SECONDS,UNRESOLVED_REQUIRES_MANUAL_BINDING
1778471400,1778471700,VIX,VIX,M5,Bid,19.08,19.17,19.07,19.16,32,20,0,MT5_PY_API_UNIX_SECONDS,UNRESOLVED_REQUIRES_MANUAL_BINDING
1778471700,1778472000,VIX,VIX,M5,Bid,19.17,19.18,19.12,19.13,42,20,0,MT5_PY_API_UNIX_SECONDS,UNRESOLVED_REQUIRES_MANUAL_BINDING
1778472000,1778472300,VIX,VIX,M5,Bid,19.12,19.17,19.12,19.16,97,20,0,MT5_PY_API_UNIX_SECONDS,UNRESOLVED_REQUIRES_MANUAL_BINDING
1778472300,1778472600,VIX,VIX,M5,Bid,19.17,19.17,19.12,19.12,40,20,0,MT5_PY_API_UNIX_SECONDS,UNRESOLVED_REQUIRES_MANUAL_BINDING
1778472600,1778472900,VIX,VIX,M5,Bid,19.11,19.12,19.11,19.11,6,20,0,MT5_PY_API_UNIX_SECONDS,UNRESOLVED_REQUIRES_MANUAL_BINDING
1778472900,1778473200,VIX,VIX,M5,Bid,19.12,19.12,19.07,19.07,19,20,0,MT5_PY_API_UNIX_SECONDS,UNRESOLVED_REQUIRES_MANUAL_BINDING
1778473500,1778473800,VIX,VIX,M5,Bid,19.08,19.08,19.07,19.07,4,20,0,MT5_PY_API_UNIX_SECONDS,UNRESOLVED_REQUIRES_MANUAL_BINDING
1778473800,1778474100,VIX,VIX,M5,Bid,19.08,19.11,19.07,19.08,12,20,0,MT5_PY_API_UNIX_SECONDS,UNRESOLVED_REQUIRES_MANUAL_BINDING
1778474100,1778474400,VIX,VIX,M5,Bid,19.08,19.08,19.07,19.08,16,20,0,MT5_PY_API_UNIX_SECONDS,UNRESOLVED_REQUIRES_MANUAL_BINDING
1778474400,1778474700,VIX,VIX,M5,Bid,19.07,19.07,19.07,19.07,1,21,0,MT5_PY_API_UNIX_SECONDS,UNRESOLVED_REQUIRES_MANUAL_BINDING
1778474700,1778475000,VIX,VIX,M5,Bid,19.07,19.07,19.06,19.07,3,20,0,MT5_PY_API_UNIX_SECONDS,UNRESOLVED_REQUIRES_MANUAL_BINDING
1778475000,1778475300,VIX,VIX,M5,Bid,19.08,19.08,19.07,19.07,3,20,0,MT5_PY_API_UNIX_SECONDS,UNRESOLVED_REQUIRES_MANUAL_BINDING
1778475300,1778475600,VIX,VIX,M5,Bid,19.08,19.08,19.07,19.07,8,20,0,MT5_PY_API_UNIX_SECONDS,UNRESOLVED_REQUIRES_MANUAL_BINDING
1778475600,1778475900,VIX,VIX,M5,Bid,19.08,19.08,19.08,19.08,1,21,0,MT5_PY_API_UNIX_SECONDS,UNRESOLVED_REQUIRES_MANUAL_BINDING
1778475900,1778476200,VIX,VIX,M5,Bid,19.07,19.11,19.07,19.07,18,20,0,MT5_PY_API_UNIX_SECONDS,UNRESOLVED_REQUIRES_MANUAL_BINDING
1778476200,1778476500,VIX,VIX,M5,Bid,19.08,19.08,19.07,19.07,6,20,0,MT5_PY_API_UNIX_SECONDS,UNRESOLVED_REQUIRES_MANUAL_BINDING
1778476500,1778476800,VIX,VIX,M5,Bid,19.08,19.08,19.07,19.07,12,20,0,MT5_PY_API_UNIX_SECONDS,UNRESOLVED_REQUIRES_MANUAL_BINDING
1778477400,1778477700,VIX,VIX,M5,Bid,19.08,19.08,19.07,19.07,7,20,0,MT5_PY_API_UNIX_SECONDS,UNRESOLVED_REQUIRES_MANUAL_BINDING
1778478300,1778478600,VIX,VIX,M5,Bid,19.08,19.08,19.07,19.07,4,20,0,MT5_PY_API_UNIX_SECONDS,UNRESOLVED_REQUIRES_MANUAL_BINDING
1778478600,1778478900,VIX,VIX,M5,Bid,19.08,19.08,19.07,19.07,3,20,0,MT5_PY_API_UNIX_SECONDS,UNRESOLVED_REQUIRES_MANUAL_BINDING
1778478900,1778479200,VIX,VIX,M5,Bid,19.08,19.08,19.07,19.08,4,20,0,MT5_PY_API_UNIX_SECONDS,UNRESOLVED_REQUIRES_MANUAL_BINDING
1778479200,1778479500,VIX,VIX,M5,Bid,19.09,19.12,19.07,19.08,21,20,0,MT5_PY_API_UNIX_SECONDS,UNRESOLVED_REQUIRES_MANUAL_BINDING
1778479500,1778479800,VIX,VIX,M5,Bid,19.07,19.08,19.07,19.07,10,20,0,MT5_PY_API_UNIX_SECONDS,UNRESOLVED_REQUIRES_MANUAL_BINDING
1778479800,1778480100,VIX,VIX,M5,Bid,19.08,19.08,19.07,19.07,2,20,0,MT5_PY_API_UNIX_SECONDS,UNRESOLVED_REQUIRES_MANUAL_BINDING
1778480100,1778480400,VIX,VIX,M5,Bid,19.08,19.08,19.07,19.07,6,21,0,MT5_PY_API_UNIX_SECONDS,UNRESOLVED_REQUIRES_MANUAL_BINDING
1778481000,1778481300,VIX,VIX,M5,Bid,19.06,19.07,19.06,19.06,3,21,0,MT5_PY_API_UNIX_SECONDS,UNRESOLVED_REQUIRES_MANUAL_BINDING
1778481300,1778481600,VIX,VIX,M5,Bid,19.07,19.07,19.06,19.06,2,21,0,MT5_PY_API_UNIX_SECONDS,UNRESOLVED_REQUIRES_MANUAL_BINDING
1778481600,1778481900,VIX,VIX,M5,Bid,19.05,19.06,19.02,19.02,11,20,0,MT5_PY_API_UNIX_SECONDS,UNRESOLVED_REQUIRES_MANUAL_BINDING
1778482500,1778482800,VIX,VIX,M5,Bid,19.03,19.06,19.02,19.02,8,20,0,MT5_PY_API_UNIX_SECONDS,UNRESOLVED_REQUIRES_MANUAL_BINDING
1778482800,1778483100,VIX,VIX,M5,Bid,19.03,19.03,19.02,19.02,2,20,0,MT5_PY_API_UNIX_SECONDS,UNRESOLVED_REQUIRES_MANUAL_BINDING
1778483100,1778483400,VIX,VIX,M5,Bid,19.03,19.03,19.02,19.03,9,20,0,MT5_PY_API_UNIX_SECONDS,UNRESOLVED_REQUIRES_MANUAL_BINDING
1778483400,1778483700,VIX,VIX,M5,Bid,19.04,19.07,19.04,19.06,6,20,0,MT5_PY_API_UNIX_SECONDS,UNRESOLVED_REQUIRES_MANUAL_BINDING
1778484300,1778484600,VIX,VIX,M5,Bid,19.05,19.07,19.03,19.06,5,21,0,MT5_PY_API_UNIX_SECONDS,UNRESOLVED_REQUIRES_MANUAL_BINDING
1778484600,1778484900,VIX,VIX,M5,Bid,19.07,19.07,19.06,19.06,4,20,0,MT5_PY_API_UNIX_SECONDS,UNRESOLVED_REQUIRES_MANUAL_BINDING
1778484900,1778485200,VIX,VIX,M5,Bid,19.07,19.07,19.06,19.07,5,20,0,MT5_PY_API_UNIX_SECONDS,UNRESOLVED_REQUIRES_MANUAL_BINDING
1778486400,1778486700,VIX,VIX,M5,Bid,19.07,19.07,19.06,19.06,2,20,0,MT5_PY_API_UNIX_SECONDS,UNRESOLVED_REQUIRES_MANUAL_BINDING
1778486700,1778487000,VIX,VIX,M5,Bid,19.07,19.08,19.06,19.08,11,20,0,MT5_PY_API_UNIX_SECONDS,UNRESOLVED_REQUIRES_MANUAL_BINDING
1778487000,1778487300,VIX,VIX,M5,Bid,19.07,19.08,19.07,19.07,5,20,0,MT5_PY_API_UNIX_SECONDS,UNRESOLVED_REQUIRES_MANUAL_BINDING
1778487600,1778487900,VIX,VIX,M5,Bid,19.06,19.06,19.02,19.02,11,20,0,MT5_PY_API_UNIX_SECONDS,UNRESOLVED_REQUIRES_MANUAL_BINDING
1778487900,1778488200,VIX,VIX,M5,Bid,19.03,19.03,19.02,19.02,32,20,0,MT5_PY_API_UNIX_SECONDS,UNRESOLVED_REQUIRES_MANUAL_BINDING
1778488200,1778488500,VIX,VIX,M5,Bid,19.03,19.03,19.02,19.02,10,20,0,MT5_PY_API_UNIX_SECONDS,UNRESOLVED_REQUIRES_MANUAL_BINDING
1778488500,1778488800,VIX,VIX,M5,Bid,19.03,19.03,19.03,19.03,1,21,0,MT5_PY_API_UNIX_SECONDS,UNRESOLVED_REQUIRES_MANUAL_BINDING
1778488800,1778489100,VIX,VIX,M5,Bid,19.03,19.06,19.02,19.06,5,20,0,MT5_PY_API_UNIX_SECONDS,UNRESOLVED_REQUIRES_MANUAL_BINDING
1778489100,1778489400,VIX,VIX,M5,Bid,19.07,19.07,19.06,19.06,5,20,0,MT5_PY_API_UNIX_SECONDS,UNRESOLVED_REQUIRES_MANUAL_BINDING
1778489400,1778489700,VIX,VIX,M5,Bid,19.07,19.07,19.06,19.06,2,20,0,MT5_PY_API_UNIX_SECONDS,UNRESOLVED_REQUIRES_MANUAL_BINDING
1778489700,1778490000,VIX,VIX,M5,Bid,19.07,19.07,19.07,19.07,1,21,0,MT5_PY_API_UNIX_SECONDS,UNRESOLVED_REQUIRES_MANUAL_BINDING
1778490000,1778490300,VIX,VIX,M5,Bid,19.06,19.07,19.03,19.06,8,20,0,MT5_PY_API_UNIX_SECONDS,UNRESOLVED_REQUIRES_MANUAL_BINDING
1778490300,1778490600,VIX,VIX,M5,Bid,19.02,19.03,19.02,19.03,15,20,0,MT5_PY_API_UNIX_SECONDS,UNRESOLVED_REQUIRES_MANUAL_BINDING
1778490600,1778490900,VIX,VIX,M5,Bid,19.02,19.03,19.02,19.03,20,20,0,MT5_PY_API_UNIX_SECONDS,UNRESOLVED_REQUIRES_MANUAL_BINDING
1778490900,1778491200,VIX,VIX,M5,Bid,19.03,19.06,19.03,19.06,2,21,0,MT5_PY_API_UNIX_SECONDS,UNRESOLVED_REQUIRES_MANUAL_BINDING
1778491200,1778491500,VIX,VIX,M5,Bid,19.03,19.03,19.02,19.02,18,20,0,MT5_PY_API_UNIX_SECONDS,UNRESOLVED_REQUIRES_MANUAL_BINDING
1778491500,1778491800,VIX,VIX,M5,Bid,19.03,19.03,19.02,19.03,5,20,0,MT5_PY_API_UNIX_SECONDS,UNRESOLVED_REQUIRES_MANUAL_BINDING
1778491800,1778492100,VIX,VIX,M5,Bid,19.03,19.07,19.02,19.07,9,20,0,MT5_PY_API_UNIX_SECONDS,UNRESOLVED_REQUIRES_MANUAL_BINDING
1778492100,1778492400,VIX,VIX,M5,Bid,19.07,19.07,19.07,19.07,1,21,0,MT5_PY_API_UNIX_SECONDS,UNRESOLVED_REQUIRES_MANUAL_BINDING
1778493000,1778493300,VIX,VIX,M5,Bid,19.07,19.07,19.07,19.07,1,20,0,MT5_PY_API_UNIX_SECONDS,UNRESOLVED_REQUIRES_MANUAL_BINDING
1778493300,1778493600,VIX,VIX,M5,Bid,19.07,19.07,19.07,19.07,3,20,0,MT5_PY_API_UNIX_SECONDS,UNRESOLVED_REQUIRES_MANUAL_BINDING
1778493600,1778493900,VIX,VIX,M5,Bid,19.07,19.08,19.06,19.07,14,20,0,MT5_PY_API_UNIX_SECONDS,UNRESOLVED_REQUIRES_MANUAL_BINDING
1778493900,1778494200,VIX,VIX,M5,Bid,19.07,19.08,19.07,19.07,6,20,0,MT5_PY_API_UNIX_SECONDS,UNRESOLVED_REQUIRES_MANUAL_BINDING
1778494200,1778494500,VIX,VIX,M5,Bid,19.07,19.08,19.06,19.08,33,20,0,MT5_PY_API_UNIX_SECONDS,UNRESOLVED_REQUIRES_MANUAL_BINDING
1778494500,1778494800,VIX,VIX,M5,Bid,19.07,19.08,19.07,19.07,3,20,0,MT5_PY_API_UNIX_SECONDS,UNRESOLVED_REQUIRES_MANUAL_BINDING
1778494800,1778495100,VIX,VIX,M5,Bid,19.07,19.07,19.06,19.07,11,20,0,MT5_PY_API_UNIX_SECONDS,UNRESOLVED_REQUIRES_MANUAL_BINDING
1778495100,1778495400,VIX,VIX,M5,Bid,19.07,19.07,19.06,19.07,6,20,0,MT5_PY_API_UNIX_SECONDS,UNRESOLVED_REQUIRES_MANUAL_BINDING
1778495700,1778496000,VIX,VIX,M5,Bid,19.08,19.08,19.07,19.07,13,20,0,MT5_PY_API_UNIX_SECONDS,UNRESOLVED_REQUIRES_MANUAL_BINDING
1778496000,1778496300,VIX,VIX,M5,Bid,19.07,19.07,19.01,19.03,18,20,0,MT5_PY_API_UNIX_SECONDS,UNRESOLVED_REQUIRES_MANUAL_BINDING
1778496300,1778496600,VIX,VIX,M5,Bid,19.03,19.07,19.02,19.06,14,20,0,MT5_PY_API_UNIX_SECONDS,UNRESOLVED_REQUIRES_MANUAL_BINDING
1778496600,1778496900,VIX,VIX,M5,Bid,19.07,19.07,19.06,19.07,12,20,0,MT5_PY_API_UNIX_SECONDS,UNRESOLVED_REQUIRES_MANUAL_BINDING
1778496900,1778497200,VIX,VIX,M5,Bid,19.07,19.07,19.06,19.06,7,20,0,MT5_PY_API_UNIX_SECONDS,UNRESOLVED_REQUIRES_MANUAL_BINDING
1778497200,1778497500,VIX,VIX,M5,Bid,19.05,19.06,19.02,19.03,24,20,0,MT5_PY_API_UNIX_SECONDS,UNRESOLVED_REQUIRES_MANUAL_BINDING
1778497500,1778497800,VIX,VIX,M5,Bid,19.03,19.06,19.02,19.06,11,20,0,MT5_PY_API_UNIX_SECONDS,UNRESOLVED_REQUIRES_MANUAL_BINDING
1778497800,1778498100,VIX,VIX,M5,Bid,19.03,19.06,19.02,19.02,45,20,0,MT5_PY_API_UNIX_SECONDS,UNRESOLVED_REQUIRES_MANUAL_BINDING
1778498100,1778498400,VIX,VIX,M5,Bid,19.03,19.03,19.02,19.02,4,21,0,MT5_PY_API_UNIX_SECONDS,UNRESOLVED_REQUIRES_MANUAL_BINDING
1778498400,1778498700,VIX,VIX,M5,Bid,19.03,19.03,19.02,19.03,12,20,0,MT5_PY_API_UNIX_SECONDS,UNRESOLVED_REQUIRES_MANUAL_BINDING
1778498700,1778499000,VIX,VIX,M5,Bid,19.02,19.06,19.02,19.06,15,20,0,MT5_PY_API_UNIX_SECONDS,UNRESOLVED_REQUIRES_MANUAL_BINDING
1778499000,1778499300,VIX,VIX,M5,Bid,19.03,19.03,19.02,19.03,7,20,0,MT5_PY_API_UNIX_SECONDS,UNRESOLVED_REQUIRES_MANUAL_BINDING
1778499300,1778499600,VIX,VIX,M5,Bid,19.03,19.03,19.02,19.03,20,20,0,MT5_PY_API_UNIX_SECONDS,UNRESOLVED_REQUIRES_MANUAL_BINDING
1778499600,1778499900,VIX,VIX,M5,Bid,19.03,19.03,19.02,19.02,14,20,0,MT5_PY_API_UNIX_SECONDS,UNRESOLVED_REQUIRES_MANUAL_BINDING
1778499900,1778500200,VIX,VIX,M5,Bid,19.03,19.03,19.02,19.02,14,20,0,MT5_PY_API_UNIX_SECONDS,UNRESOLVED_REQUIRES_MANUAL_BINDING
1778500200,1778500500,VIX,VIX,M5,Bid,19.03,19.03,19.02,19.03,13,20,0,MT5_PY_API_UNIX_SECONDS,UNRESOLVED_REQUIRES_MANUAL_BINDING
1778500500,1778500800,VIX,VIX,M5,Bid,19.02,19.03,19.02,19.03,5,20,0,MT5_PY_API_UNIX_SECONDS,UNRESOLVED_REQUIRES_MANUAL_BINDING
1778500800,1778501100,VIX,VIX,M5,Bid,19.04,19.06,19.02,19.02,17,20,0,MT5_PY_API_UNIX_SECONDS,UNRESOLVED_REQUIRES_MANUAL_BINDING
1778501100,1778501400,VIX,VIX,M5,Bid,19.03,19.06,19.02,19.03,17,20,0,MT5_PY_API_UNIX_SECONDS,UNRESOLVED_REQUIRES_MANUAL_BINDING
1778501400,1778501700,VIX,VIX,M5,Bid,19.04,19.04,19.03,19.03,4,21,0,MT5_PY_API_UNIX_SECONDS,UNRESOLVED_REQUIRES_MANUAL_BINDING
1778501700,1778502000,VIX,VIX,M5,Bid,19.06,19.06,19.02,19.03,13,20,0,MT5_PY_API_UNIX_SECONDS,UNRESOLVED_REQUIRES_MANUAL_BINDING
1778502000,1778502300,VIX,VIX,M5,Bid,19.03,19.03,19.02,19.02,5,20,0,MT5_PY_API_UNIX_SECONDS,UNRESOLVED_REQUIRES_MANUAL_BINDING
1778502300,1778502600,VIX,VIX,M5,Bid,19.03,19.03,19.02,19.02,11,20,0,MT5_PY_API_UNIX_SECONDS,UNRESOLVED_REQUIRES_MANUAL_BINDING
1778502600,1778502900,VIX,VIX,M5,Bid,19.03,19.03,19.02,19.02,2,20,0,MT5_PY_API_UNIX_SECONDS,UNRESOLVED_REQUIRES_MANUAL_BINDING
1778503200,1778503500,VIX,VIX,M5,Bid,19.01,19.01,18.97,18.97,5,20,0,MT5_PY_API_UNIX_SECONDS,UNRESOLVED_REQUIRES_MANUAL_BINDING
1778503500,1778503800,VIX,VIX,M5,Bid,18.98,18.98,18.97,18.97,2,20,0,MT5_PY_API_UNIX_SECONDS,UNRESOLVED_REQUIRES_MANUAL_BINDING
1778503800,1778504100,VIX,VIX,M5,Bid,18.98,18.98,18.97,18.98,5,20,0,MT5_PY_API_UNIX_SECONDS,UNRESOLVED_REQUIRES_MANUAL_BINDING
1778504100,1778504400,VIX,VIX,M5,Bid,18.97,19.01,18.97,19.01,8,20,0,MT5_PY_API_UNIX_SECONDS,UNRESOLVED_REQUIRES_MANUAL_BINDING
1778504400,1778504700,VIX,VIX,M5,Bid,18.98,18.98,18.97,18.98,29,20,0,MT5_PY_API_UNIX_SECONDS,UNRESOLVED_REQUIRES_MANUAL_BINDING
1778504700,1778505000,VIX,VIX,M5,Bid,19.01,19.01,18.98,18.98,7,21,0,MT5_PY_API_UNIX_SECONDS,UNRESOLVED_REQUIRES_MANUAL_BINDING
1778505000,1778505300,VIX,VIX,M5,Bid,19.01,19.01,18.97,18.98,36,20,0,MT5_PY_API_UNIX_SECONDS,UNRESOLVED_REQUIRES_MANUAL_BINDING
1778505300,1778505600,VIX,VIX,M5,Bid,18.99,19.01,18.98,19.01,15,20,0,MT5_PY_API_UNIX_SECONDS,UNRESOLVED_REQUIRES_MANUAL_BINDING
1778506200,1778506500,VIX,VIX,M5,Bid,19.02,19.02,19.01,19.02,11,20,0,MT5_PY_API_UNIX_SECONDS,UNRESOLVED_REQUIRES_MANUAL_BINDING
1778506500,1778506800,VIX,VIX,M5,Bid,19.01,19.06,19.01,19.06,22,20,0,MT5_PY_API_UNIX_SECONDS,UNRESOLVED_REQUIRES_MANUAL_BINDING
1778506800,1778507100,VIX,VIX,M5,Bid,19.05,19.05,19.02,19.02,8,20,0,MT5_PY_API_UNIX_SECONDS,UNRESOLVED_REQUIRES_MANUAL_BINDING
1778507100,1778507400,VIX,VIX,M5,Bid,19.03,19.03,19.01,19.01,15,20,0,MT5_PY_API_UNIX_SECONDS,UNRESOLVED_REQUIRES_MANUAL_BINDING
1778507400,1778507700,VIX,VIX,M5,Bid,18.98,19.02,18.98,19.02,3,21,0,MT5_PY_API_UNIX_SECONDS,UNRESOLVED_REQUIRES_MANUAL_BINDING
1778508000,1778508300,VIX,VIX,M5,Bid,19.01,19.02,19.01,19.01,11,20,0,MT5_PY_API_UNIX_SECONDS,UNRESOLVED_REQUIRES_MANUAL_BINDING
1778508300,1778508600,VIX,VIX,M5,Bid,19.02,19.02,19.01,19.01,6,21,0,MT5_PY_API_UNIX_SECONDS,UNRESOLVED_REQUIRES_MANUAL_BINDING
1778508600,1778508900,VIX,VIX,M5,Bid,19.02,19.02,19.01,19.01,21,20,0,MT5_PY_API_UNIX_SECONDS,UNRESOLVED_REQUIRES_MANUAL_BINDING
1778508900,1778509200,VIX,VIX,M5,Bid,19.02,19.02,19.01,19.01,7,20,0,MT5_PY_API_UNIX_SECONDS,UNRESOLVED_REQUIRES_MANUAL_BINDING
1778509200,1778509500,VIX,VIX,M5,Bid,19.02,19.02,18.97,18.98,8,20,0,MT5_PY_API_UNIX_SECONDS,UNRESOLVED_REQUIRES_MANUAL_BINDING
1778509500,1778509800,VIX,VIX,M5,Bid,18.97,18.98,18.97,18.97,20,20,0,MT5_PY_API_UNIX_SECONDS,UNRESOLVED_REQUIRES_MANUAL_BINDING
1778509800,1778510100,VIX,VIX,M5,Bid,18.98,18.98,18.97,18.98,3,21,0,MT5_PY_API_UNIX_SECONDS,UNRESOLVED_REQUIRES_MANUAL_BINDING
1778510100,1778510400,VIX,VIX,M5,Bid,18.98,18.98,18.97,18.98,13,20,0,MT5_PY_API_UNIX_SECONDS,UNRESOLVED_REQUIRES_MANUAL_BINDING
1778510400,1778510700,VIX,VIX,M5,Bid,18.97,18.98,18.97,18.98,12,20,0,MT5_PY_API_UNIX_SECONDS,UNRESOLVED_REQUIRES_MANUAL_BINDING
1778510700,1778511000,VIX,VIX,M5,Bid,18.98,18.98,18.97,18.98,13,20,0,MT5_PY_API_UNIX_SECONDS,UNRESOLVED_REQUIRES_MANUAL_BINDING
1778511000,1778511300,VIX,VIX,M5,Bid,19.01,19.03,19.01,19.02,24,20,0,MT5_PY_API_UNIX_SECONDS,UNRESOLVED_REQUIRES_MANUAL_BINDING
1778511300,1778511600,VIX,VIX,M5,Bid,19.06,19.06,19.03,19.06,6,21,0,MT5_PY_API_UNIX_SECONDS,UNRESOLVED_REQUIRES_MANUAL_BINDING
1778511600,1778511900,VIX,VIX,M5,Bid,19.05,19.07,19.03,19.07,12,20,0,MT5_PY_API_UNIX_SECONDS,UNRESOLVED_REQUIRES_MANUAL_BINDING
1778511900,1778512200,VIX,VIX,M5,Bid,19.08,19.08,19.06,19.06,11,20,0,MT5_PY_API_UNIX_SECONDS,UNRESOLVED_REQUIRES_MANUAL_BINDING
1778512200,1778512500,VIX,VIX,M5,Bid,19.07,19.07,19.06,19.07,14,20,0,MT5_PY_API_UNIX_SECONDS,UNRESOLVED_REQUIRES_MANUAL_BINDING
1778512500,1778512800,VIX,VIX,M5,Bid,19.06,19.07,19.06,19.07,6,20,0,MT5_PY_API_UNIX_SECONDS,UNRESOLVED_REQUIRES_MANUAL_BINDING
1778512800,1778513100,VIX,VIX,M5,Bid,19.07,19.07,19.06,19.06,6,20,0,MT5_PY_API_UNIX_SECONDS,UNRESOLVED_REQUIRES_MANUAL_BINDING
1778513100,1778513400,VIX,VIX,M5,Bid,19.07,19.07,19.06,19.06,11,20,0,MT5_PY_API_UNIX_SECONDS,UNRESOLVED_REQUIRES_MANUAL_BINDING
1778513400,1778513700,VIX,VIX,M5,Bid,19.03,19.06,19.01,19.06,13,20,0,MT5_PY_API_UNIX_SECONDS,UNRESOLVED_REQUIRES_MANUAL_BINDING
1778513700,1778514000,VIX,VIX,M5,Bid,19.07,19.07,19.07,19.07,2,21,0,MT5_PY_API_UNIX_SECONDS,UNRESOLVED_REQUIRES_MANUAL_BINDING
1778514000,1778514300,VIX,VIX,M5,Bid,19.08,19.08,19.07,19.08,22,20,0,MT5_PY_API_UNIX_SECONDS,UNRESOLVED_REQUIRES_MANUAL_BINDING
1778514300,1778514600,VIX,VIX,M5,Bid,19.08,19.21,19.07,19.16,49,20,0,MT5_PY_API_UNIX_SECONDS,UNRESOLVED_REQUIRES_MANUAL_BINDING
1778514600,1778514900,VIX,VIX,M5,Bid,19.17,19.17,19.16,19.17,7,20,0,MT5_PY_API_UNIX_SECONDS,UNRESOLVED_REQUIRES_MANUAL_BINDING
1778514900,1778515200,VIX,VIX,M5,Bid,19.17,19.17,19.13,19.13,9,20,0,MT5_PY_API_UNIX_SECONDS,UNRESOLVED_REQUIRES_MANUAL_BINDING
1778515200,1778515500,VIX,VIX,M5,Bid,19.13,19.13,19.12,19.12,11,20,0,MT5_PY_API_UNIX_SECONDS,UNRESOLVED_REQUIRES_MANUAL_BINDING
1778515500,1778515800,VIX,VIX,M5,Bid,19.13,19.16,19.13,19.13,3,21,0,MT5_PY_API_UNIX_SECONDS,UNRESOLVED_REQUIRES_MANUAL_BINDING
1778515800,1778516100,VIX,VIX,M5,Bid,19.13,19.14,19.12,19.13,16,20,0,MT5_PY_API_UNIX_SECONDS,UNRESOLVED_REQUIRES_MANUAL_BINDING
1778516100,1778516400,VIX,VIX,M5,Bid,19.12,19.13,19.12,19.12,3,20,0,MT5_PY_API_UNIX_SECONDS,UNRESOLVED_REQUIRES_MANUAL_BINDING
1778516700,1778517000,VIX,VIX,M5,Bid,19.11,19.12,19.11,19.12,6,21,0,MT5_PY_API_UNIX_SECONDS,UNRESOLVED_REQUIRES_MANUAL_BINDING
1778517000,1778517300,VIX,VIX,M5,Bid,19.11,19.22,19.11,19.22,29,20,0,MT5_PY_API_UNIX_SECONDS,UNRESOLVED_REQUIRES_MANUAL_BINDING
1778517300,1778517600,VIX,VIX,M5,Bid,19.23,19.23,19.21,19.22,20,20,0,MT5_PY_API_UNIX_SECONDS,UNRESOLVED_REQUIRES_MANUAL_BINDING
1778517600,1778517900,VIX,VIX,M5,Bid,19.22,19.23,19.17,19.22,48,20,0,MT5_PY_API_UNIX_SECONDS,UNRESOLVED_REQUIRES_MANUAL_BINDING
1778517900,1778518200,VIX,VIX,M5,Bid,19.23,19.27,19.22,19.23,23,20,0,MT5_PY_API_UNIX_SECONDS,UNRESOLVED_REQUIRES_MANUAL_BINDING
1778518200,1778518500,VIX,VIX,M5,Bid,19.23,19.23,19.17,19.17,16,20,0,MT5_PY_API_UNIX_SECONDS,UNRESOLVED_REQUIRES_MANUAL_BINDING
1778518500,1778518800,VIX,VIX,M5,Bid,19.17,19.17,19.16,19.17,7,20,0,MT5_PY_API_UNIX_SECONDS,UNRESOLVED_REQUIRES_MANUAL_BINDING
1778518800,1778519100,VIX,VIX,M5,Bid,19.21,19.22,19.17,19.22,22,20,0,MT5_PY_API_UNIX_SECONDS,UNRESOLVED_REQUIRES_MANUAL_BINDING
1778519100,1778519400,VIX,VIX,M5,Bid,19.23,19.27,19.22,19.27,10,20,0,MT5_PY_API_UNIX_SECONDS,UNRESOLVED_REQUIRES_MANUAL_BINDING
1778519400,1778519700,VIX,VIX,M5,Bid,19.28,19.28,19.22,19.22,13,20,0,MT5_PY_API_UNIX_SECONDS,UNRESOLVED_REQUIRES_MANUAL_BINDING
1778519700,1778520000,VIX,VIX,M5,Bid,19.26,19.28,19.26,19.27,10,20,0,MT5_PY_API_UNIX_SECONDS,UNRESOLVED_REQUIRES_MANUAL_BINDING
1778520000,1778520300,VIX,VIX,M5,Bid,19.27,19.27,19.26,19.27,6,20,0,MT5_PY_API_UNIX_SECONDS,UNRESOLVED_REQUIRES_MANUAL_BINDING
1778520300,1778520600,VIX,VIX,M5,Bid,19.26,19.27,19.22,19.23,53,20,0,MT5_PY_API_UNIX_SECONDS,UNRESOLVED_REQUIRES_MANUAL_BINDING
1778520600,1778520900,VIX,VIX,M5,Bid,19.23,19.28,19.17,19.23,96,20,0,MT5_PY_API_UNIX_SECONDS,UNRESOLVED_REQUIRES_MANUAL_BINDING
1778520900,1778521200,VIX,VIX,M5,Bid,19.23,19.23,19.17,19.22,84,20,0,MT5_PY_API_UNIX_SECONDS,UNRESOLVED_REQUIRES_MANUAL_BINDING
1778521200,1778521500,VIX,VIX,M5,Bid,19.22,19.22,19.17,19.17,22,20,0,MT5_PY_API_UNIX_SECONDS,UNRESOLVED_REQUIRES_MANUAL_BINDING
1778521500,1778521800,VIX,VIX,M5,Bid,19.17,19.21,19.16,19.18,59,20,0,MT5_PY_API_UNIX_SECONDS,UNRESOLVED_REQUIRES_MANUAL_BINDING
1778521800,1778522100,VIX,VIX,M5,Bid,19.18,19.18,19.11,19.12,57,20,0,MT5_PY_API_UNIX_SECONDS,UNRESOLVED_REQUIRES_MANUAL_BINDING
1778522100,1778522400,VIX,VIX,M5,Bid,19.11,19.12,19.11,19.11,55,20,0,MT5_PY_API_UNIX_SECONDS,UNRESOLVED_REQUIRES_MANUAL_BINDING
1778522400,1778522700,VIX,VIX,M5,Bid,19.12,19.13,19.11,19.11,7,20,0,MT5_PY_API_UNIX_SECONDS,UNRESOLVED_REQUIRES_MANUAL_BINDING
1778522700,1778523000,VIX,VIX,M5,Bid,19.12,19.12,19.07,19.07,7,20,0,MT5_PY_API_UNIX_SECONDS,UNRESOLVED_REQUIRES_MANUAL_BINDING
1778523000,1778523300,VIX,VIX,M5,Bid,19.07,19.07,19.07,19.07,1,21,0,MT5_PY_API_UNIX_SECONDS,UNRESOLVED_REQUIRES_MANUAL_BINDING
1778523300,1778523600,VIX,VIX,M5,Bid,19.08,19.08,18.97,18.97,11,20,0,MT5_PY_API_UNIX_SECONDS,UNRESOLVED_REQUIRES_MANUAL_BINDING
1778523600,1778523900,VIX,VIX,M5,Bid,18.98,19.01,18.97,18.98,10,20,0,MT5_PY_API_UNIX_SECONDS,UNRESOLVED_REQUIRES_MANUAL_BINDING
1778523900,1778524200,VIX,VIX,M5,Bid,18.97,18.98,18.97,18.98,2,20,0,MT5_PY_API_UNIX_SECONDS,UNRESOLVED_REQUIRES_MANUAL_BINDING
1778524200,1778524500,VIX,VIX,M5,Bid,19.02,19.02,19.01,19.02,32,20,0,MT5_PY_API_UNIX_SECONDS,UNRESOLVED_REQUIRES_MANUAL_BINDING
1778524500,1778524800,VIX,VIX,M5,Bid,19.02,19.03,19.01,19.02,12,20,0,MT5_PY_API_UNIX_SECONDS,UNRESOLVED_REQUIRES_MANUAL_BINDING
1778524800,1778525100,VIX,VIX,M5,Bid,19.03,19.08,19.02,19.08,24,20,0,MT5_PY_API_UNIX_SECONDS,UNRESOLVED_REQUIRES_MANUAL_BINDING
1778525100,1778525400,VIX,VIX,M5,Bid,19.07,19.12,19.07,19.12,58,20,0,MT5_PY_API_UNIX_SECONDS,UNRESOLVED_REQUIRES_MANUAL_BINDING
1778525400,1778525700,VIX,VIX,M5,Bid,19.11,19.12,19.07,19.07,13,20,0,MT5_PY_API_UNIX_SECONDS,UNRESOLVED_REQUIRES_MANUAL_BINDING
1778525700,1778526000,VIX,VIX,M5,Bid,19.08,19.11,19.07,19.08,13,20,0,MT5_PY_API_UNIX_SECONDS,UNRESOLVED_REQUIRES_MANUAL_BINDING
1778526000,1778526300,VIX,VIX,M5,Bid,19.11,19.12,19.11,19.12,5,20,0,MT5_PY_API_UNIX_SECONDS,UNRESOLVED_REQUIRES_MANUAL_BINDING
1778526300,1778526600,VIX,VIX,M5,Bid,19.13,19.13,19.12,19.12,19,20,0,MT5_PY_API_UNIX_SECONDS,UNRESOLVED_REQUIRES_MANUAL_BINDING
1778526600,1778526900,VIX,VIX,M5,Bid,19.12,19.12,19.08,19.12,9,20,0,MT5_PY_API_UNIX_SECONDS,UNRESOLVED_REQUIRES_MANUAL_BINDING
1778526900,1778527200,VIX,VIX,M5,Bid,19.12,19.13,19.11,19.12,18,20,0,MT5_PY_API_UNIX_SECONDS,UNRESOLVED_REQUIRES_MANUAL_BINDING
1778527200,1778527500,VIX,VIX,M5,Bid,19.13,19.13,19.12,19.12,5,20,0,MT5_PY_API_UNIX_SECONDS,UNRESOLVED_REQUIRES_MANUAL_BINDING
1778527500,1778527800,VIX,VIX,M5,Bid,19.13,19.17,19.12,19.12,10,20,0,MT5_PY_API_UNIX_SECONDS,UNRESOLVED_REQUIRES_MANUAL_BINDING
1778527800,1778528100,VIX,VIX,M5,Bid,19.13,19.16,19.12,19.12,28,20,0,MT5_PY_API_UNIX_SECONDS,UNRESOLVED_REQUIRES_MANUAL_BINDING
1778528100,1778528400,VIX,VIX,M5,Bid,19.13,19.13,19.12,19.12,17,20,0,MT5_PY_API_UNIX_SECONDS,UNRESOLVED_REQUIRES_MANUAL_BINDING
1778528400,1778528700,VIX,VIX,M5,Bid,19.12,19.22,19.12,19.16,89,20,0,MT5_PY_API_UNIX_SECONDS,UNRESOLVED_REQUIRES_MANUAL_BINDING
1778528700,1778529000,VIX,VIX,M5,Bid,19.17,19.17,19.16,19.17,14,20,0,MT5_PY_API_UNIX_SECONDS,UNRESOLVED_REQUIRES_MANUAL_BINDING
1778529000,1778529300,VIX,VIX,M5,Bid,19.18,19.18,19.17,19.17,9,20,0,MT5_PY_API_UNIX_SECONDS,UNRESOLVED_REQUIRES_MANUAL_BINDING
1778529300,1778529600,VIX,VIX,M5,Bid,19.18,19.18,19.16,19.16,9,20,0,MT5_PY_API_UNIX_SECONDS,UNRESOLVED_REQUIRES_MANUAL_BINDING
1778529600,1778529900,VIX,VIX,M5,Bid,19.17,19.17,19.16,19.16,18,20,0,MT5_PY_API_UNIX_SECONDS,UNRESOLVED_REQUIRES_MANUAL_BINDING
1778529900,1778530200,VIX,VIX,M5,Bid,19.17,19.18,19.12,19.13,16,20,0,MT5_PY_API_UNIX_SECONDS,UNRESOLVED_REQUIRES_MANUAL_BINDING
1778530200,1778530500,VIX,VIX,M5,Bid,19.13,19.13,19.12,19.13,25,20,0,MT5_PY_API_UNIX_SECONDS,UNRESOLVED_REQUIRES_MANUAL_BINDING
1778530500,1778530800,VIX,VIX,M5,Bid,19.13,19.16,19.12,19.16,35,20,0,MT5_PY_API_UNIX_SECONDS,UNRESOLVED_REQUIRES_MANUAL_BINDING
1778530800,1778531100,VIX,VIX,M5,Bid,19.17,19.21,19.13,19.18,11,20,0,MT5_PY_API_UNIX_SECONDS,UNRESOLVED_REQUIRES_MANUAL_BINDING
1778531100,1778531400,VIX,VIX,M5,Bid,19.18,19.18,19.17,19.18,13,20,0,MT5_PY_API_UNIX_SECONDS,UNRESOLVED_REQUIRES_MANUAL_BINDING
1778531400,1778531700,VIX,VIX,M5,Bid,19.18,19.21,19.17,19.17,21,20,0,MT5_PY_API_UNIX_SECONDS,UNRESOLVED_REQUIRES_MANUAL_BINDING
1778531700,1778532000,VIX,VIX,M5,Bid,19.18,19.18,19.18,19.18,1,21,0,MT5_PY_API_UNIX_SECONDS,UNRESOLVED_REQUIRES_MANUAL_BINDING
1778532000,1778532300,VIX,VIX,M5,Bid,19.17,19.18,19.17,19.18,10,20,0,MT5_PY_API_UNIX_SECONDS,UNRESOLVED_REQUIRES_MANUAL_BINDING
1778532300,1778532600,VIX,VIX,M5,Bid,19.17,19.23,19.17,19.22,15,20,0,MT5_PY_API_UNIX_SECONDS,UNRESOLVED_REQUIRES_MANUAL_BINDING
1778532600,1778532900,VIX,VIX,M5,Bid,19.23,19.23,19.22,19.22,31,20,0,MT5_PY_API_UNIX_SECONDS,UNRESOLVED_REQUIRES_MANUAL_BINDING
1778533800,1778534100,VIX,VIX,M5,Bid,19.23,19.23,19.22,19.22,33,20,0,MT5_PY_API_UNIX_SECONDS,UNRESOLVED_REQUIRES_MANUAL_BINDING
1778534100,1778534400,VIX,VIX,M5,Bid,19.23,19.26,19.22,19.23,32,20,0,MT5_PY_API_UNIX_SECONDS,UNRESOLVED_REQUIRES_MANUAL_BINDING
1778534400,1778534700,VIX,VIX,M5,Bid,19.23,19.26,19.22,19.23,43,20,0,MT5_PY_API_UNIX_SECONDS,UNRESOLVED_REQUIRES_MANUAL_BINDING
1778534700,1778535000,VIX,VIX,M5,Bid,19.23,19.23,19.22,19.23,15,20,0,MT5_PY_API_UNIX_SECONDS,UNRESOLVED_REQUIRES_MANUAL_BINDING
1778535000,1778535300,VIX,VIX,M5,Bid,19.26,19.32,19.26,19.32,32,20,0,MT5_PY_API_UNIX_SECONDS,UNRESOLVED_REQUIRES_MANUAL_BINDING
1778535300,1778535600,VIX,VIX,M5,Bid,19.32,19.37,19.31,19.37,13,20,0,MT5_PY_API_UNIX_SECONDS,UNRESOLVED_REQUIRES_MANUAL_BINDING
1778535600,1778535900,VIX,VIX,M5,Bid,19.37,19.37,19.32,19.32,24,20,0,MT5_PY_API_UNIX_SECONDS,UNRESOLVED_REQUIRES_MANUAL_BINDING
1778535900,1778536200,VIX,VIX,M5,Bid,19.33,19.33,19.32,19.32,5,20,0,MT5_PY_API_UNIX_SECONDS,UNRESOLVED_REQUIRES_MANUAL_BINDING
1778536200,1778536500,VIX,VIX,M5,Bid,19.33,19.37,19.33,19.36,4,20,0,MT5_PY_API_UNIX_SECONDS,UNRESOLVED_REQUIRES_MANUAL_BINDING
1778536500,1778536800,VIX,VIX,M5,Bid,19.37,19.38,19.36,19.38,80,20,0,MT5_PY_API_UNIX_SECONDS,UNRESOLVED_REQUIRES_MANUAL_BINDING
1778536800,1778537100,VIX,VIX,M5,Bid,19.38,19.42,19.32,19.33,58,20,0,MT5_PY_API_UNIX_SECONDS,UNRESOLVED_REQUIRES_MANUAL_BINDING
1778537100,1778537400,VIX,VIX,M5,Bid,19.33,19.37,19.32,19.33,24,20,0,MT5_PY_API_UNIX_SECONDS,UNRESOLVED_REQUIRES_MANUAL_BINDING
1778537400,1778537700,VIX,VIX,M5,Bid,19.33,19.37,19.32,19.37,49,20,0,MT5_PY_API_UNIX_SECONDS,UNRESOLVED_REQUIRES_MANUAL_BINDING
1778537700,1778538000,VIX,VIX,M5,Bid,19.38,19.38,19.37,19.37,10,20,0,MT5_PY_API_UNIX_SECONDS,UNRESOLVED_REQUIRES_MANUAL_BINDING
1778538000,1778538300,VIX,VIX,M5,Bid,19.38,19.42,19.37,19.38,30,20,0,MT5_PY_API_UNIX_SECONDS,UNRESOLVED_REQUIRES_MANUAL_BINDING
1778538300,1778538600,VIX,VIX,M5,Bid,19.38,19.41,19.37,19.38,22,20,0,MT5_PY_API_UNIX_SECONDS,UNRESOLVED_REQUIRES_MANUAL_BINDING
1778538600,1778538900,VIX,VIX,M5,Bid,19.41,19.46,19.41,19.43,33,20,0,MT5_PY_API_UNIX_SECONDS,UNRESOLVED_REQUIRES_MANUAL_BINDING
1778538900,1778539200,VIX,VIX,M5,Bid,19.45,19.45,19.43,19.43,4,21,0,MT5_PY_API_UNIX_SECONDS,UNRESOLVED_REQUIRES_MANUAL_BINDING
1778539200,1778539500,VIX,VIX,M5,Bid,19.45,19.47,19.45,19.47,5,20,0,MT5_PY_API_UNIX_SECONDS,UNRESOLVED_REQUIRES_MANUAL_BINDING
1778539500,1778539800,VIX,VIX,M5,Bid,19.47,19.47,19.43,19.46,14,20,0,MT5_PY_API_UNIX_SECONDS,UNRESOLVED_REQUIRES_MANUAL_BINDING
1778539800,1778540100,VIX,VIX,M5,Bid,19.43,19.46,19.42,19.43,23,20,0,MT5_PY_API_UNIX_SECONDS,UNRESOLVED_REQUIRES_MANUAL_BINDING
1778540100,1778540400,VIX,VIX,M5,Bid,19.43,19.47,19.37,19.37,35,20,0,MT5_PY_API_UNIX_SECONDS,UNRESOLVED_REQUIRES_MANUAL_BINDING
1778540400,1778540700,VIX,VIX,M5,Bid,19.37,19.38,19.37,19.38,11,20,0,MT5_PY_API_UNIX_SECONDS,UNRESOLVED_REQUIRES_MANUAL_BINDING
1778540700,1778541000,VIX,VIX,M5,Bid,19.41,19.42,19.38,19.42,6,20,0,MT5_PY_API_UNIX_SECONDS,UNRESOLVED_REQUIRES_MANUAL_BINDING
1778541000,1778541300,VIX,VIX,M5,Bid,19.43,19.47,19.42,19.43,32,20,0,MT5_PY_API_UNIX_SECONDS,UNRESOLVED_REQUIRES_MANUAL_BINDING
1778542200,1778542500,VIX,VIX,M5,Bid,19.43,19.43,19.42,19.43,7,20,0,MT5_PY_API_UNIX_SECONDS,UNRESOLVED_REQUIRES_MANUAL_BINDING
1778542500,1778542800,VIX,VIX,M5,Bid,19.43,19.43,19.42,19.42,5,20,0,MT5_PY_API_UNIX_SECONDS,UNRESOLVED_REQUIRES_MANUAL_BINDING
1778543400,1778543700,VIX,VIX,M5,Bid,19.43,19.43,19.36,19.36,6,20,0,MT5_PY_API_UNIX_SECONDS,UNRESOLVED_REQUIRES_MANUAL_BINDING
1778543700,1778544000,VIX,VIX,M5,Bid,19.37,19.37,19.36,19.36,2,21,0,MT5_PY_API_UNIX_SECONDS,UNRESOLVED_REQUIRES_MANUAL_BINDING
1778547600,1778547900,VIX,VIX,M5,Bid,19.37,19.4,19.33,19.33,18,20,0,MT5_PY_API_UNIX_SECONDS,UNRESOLVED_REQUIRES_MANUAL_BINDING
1778547900,1778548200,VIX,VIX,M5,Bid,19.34,19.35,19.33,19.33,3,21,0,MT5_PY_API_UNIX_SECONDS,UNRESOLVED_REQUIRES_MANUAL_BINDING
1778548200,1778548500,VIX,VIX,M5,Bid,19.33,19.33,19.32,19.32,4,20,0,MT5_PY_API_UNIX_SECONDS,UNRESOLVED_REQUIRES_MANUAL_BINDING
1778548800,1778549100,VIX,VIX,M5,Bid,19.33,19.33,19.33,19.33,1,20,0,MT5_PY_API_UNIX_SECONDS,UNRESOLVED_REQUIRES_MANUAL_BINDING
1778549400,1778549700,VIX,VIX,M5,Bid,19.32,19.32,19.32,19.32,1,21,0,MT5_PY_API_UNIX_SECONDS,UNRESOLVED_REQUIRES_MANUAL_BINDING
1778550300,1778550600,VIX,VIX,M5,Bid,19.33,19.33,19.33,19.33,2,20,0,MT5_PY_API_UNIX_SECONDS,UNRESOLVED_REQUIRES_MANUAL_BINDING
1778550900,1778551200,VIX,VIX,M5,Bid,19.32,19.33,19.32,19.32,3,20,0,MT5_PY_API_UNIX_SECONDS,UNRESOLVED_REQUIRES_MANUAL_BINDING
1778551800,1778552100,VIX,VIX,M5,Bid,19.33,19.33,19.33,19.33,1,21,0,MT5_PY_API_UNIX_SECONDS,UNRESOLVED_REQUIRES_MANUAL_BINDING
1778552100,1778552400,VIX,VIX,M5,Bid,19.35,19.36,19.33,19.33,4,21,0,MT5_PY_API_UNIX_SECONDS,UNRESOLVED_REQUIRES_MANUAL_BINDING
1778553600,1778553900,VIX,VIX,M5,Bid,19.32,19.33,19.32,19.32,5,20,0,MT5_PY_API_UNIX_SECONDS,UNRESOLVED_REQUIRES_MANUAL_BINDING
1778554200,1778554500,VIX,VIX,M5,Bid,19.33,19.37,19.33,19.37,5,20,0,MT5_PY_API_UNIX_SECONDS,UNRESOLVED_REQUIRES_MANUAL_BINDING
1778554500,1778554800,VIX,VIX,M5,Bid,19.36,19.37,19.36,19.37,4,21,0,MT5_PY_API_UNIX_SECONDS,UNRESOLVED_REQUIRES_MANUAL_BINDING
1778554800,1778555100,VIX,VIX,M5,Bid,19.38,19.38,19.37,19.38,9,20,0,MT5_PY_API_UNIX_SECONDS,UNRESOLVED_REQUIRES_MANUAL_BINDING
1778555100,1778555400,VIX,VIX,M5,Bid,19.38,19.4,19.37,19.38,15,20,0,MT5_PY_API_UNIX_SECONDS,UNRESOLVED_REQUIRES_MANUAL_BINDING
1778555400,1778555700,VIX,VIX,M5,Bid,19.39,19.42,19.38,19.38,21,20,0,MT5_PY_API_UNIX_SECONDS,UNRESOLVED_REQUIRES_MANUAL_BINDING
1778555700,1778556000,VIX,VIX,M5,Bid,19.37,19.38,19.37,19.38,12,20,0,MT5_PY_API_UNIX_SECONDS,UNRESOLVED_REQUIRES_MANUAL_BINDING
1778556000,1778556300,VIX,VIX,M5,Bid,19.38,19.42,19.37,19.42,12,20,0,MT5_PY_API_UNIX_SECONDS,UNRESOLVED_REQUIRES_MANUAL_BINDING
1778556300,1778556600,VIX,VIX,M5,Bid,19.41,19.41,19.38,19.41,4,20,0,MT5_PY_API_UNIX_SECONDS,UNRESOLVED_REQUIRES_MANUAL_BINDING
1778556600,1778556900,VIX,VIX,M5,Bid,19.41,19.41,19.38,19.41,8,20,0,MT5_PY_API_UNIX_SECONDS,UNRESOLVED_REQUIRES_MANUAL_BINDING
1778556900,1778557200,VIX,VIX,M5,Bid,19.41,19.41,19.37,19.41,11,20,0,MT5_PY_API_UNIX_SECONDS,UNRESOLVED_REQUIRES_MANUAL_BINDING
1778557200,1778557500,VIX,VIX,M5,Bid,19.4,19.41,19.38,19.41,4,21,0,MT5_PY_API_UNIX_SECONDS,UNRESOLVED_REQUIRES_MANUAL_BINDING
1778557500,1778557800,VIX,VIX,M5,Bid,19.41,19.41,19.37,19.38,7,20,0,MT5_PY_API_UNIX_SECONDS,UNRESOLVED_REQUIRES_MANUAL_BINDING
1778557800,1778558100,VIX,VIX,M5,Bid,19.37,19.37,19.37,19.37,1,21,0,MT5_PY_API_UNIX_SECONDS,UNRESOLVED_REQUIRES_MANUAL_BINDING
1778558100,1778558400,VIX,VIX,M5,Bid,19.38,19.38,19.38,19.38,1,21,0,MT5_PY_API_UNIX_SECONDS,UNRESOLVED_REQUIRES_MANUAL_BINDING
1778558400,1778558700,VIX,VIX,M5,Bid,19.38,19.41,19.37,19.41,9,20,0,MT5_PY_API_UNIX_SECONDS,UNRESOLVED_REQUIRES_MANUAL_BINDING
1778558700,1778559000,VIX,VIX,M5,Bid,19.41,19.41,19.37,19.37,13,20,0,MT5_PY_API_UNIX_SECONDS,UNRESOLVED_REQUIRES_MANUAL_BINDING
1778559000,1778559300,VIX,VIX,M5,Bid,19.37,19.38,19.36,19.38,4,20,0,MT5_PY_API_UNIX_SECONDS,UNRESOLVED_REQUIRES_MANUAL_BINDING
1778559300,1778559600,VIX,VIX,M5,Bid,19.41,19.46,19.41,19.43,12,20,0,MT5_PY_API_UNIX_SECONDS,UNRESOLVED_REQUIRES_MANUAL_BINDING
1778559600,1778559900,VIX,VIX,M5,Bid,19.42,19.45,19.42,19.43,11,20,0,MT5_PY_API_UNIX_SECONDS,UNRESOLVED_REQUIRES_MANUAL_BINDING
1778559900,1778560200,VIX,VIX,M5,Bid,19.45,19.48,19.45,19.47,15,20,0,MT5_PY_API_UNIX_SECONDS,UNRESOLVED_REQUIRES_MANUAL_BINDING
1778560200,1778560500,VIX,VIX,M5,Bid,19.48,19.51,19.47,19.5,40,20,0,MT5_PY_API_UNIX_SECONDS,UNRESOLVED_REQUIRES_MANUAL_BINDING
1778560500,1778560800,VIX,VIX,M5,Bid,19.51,19.56,19.48,19.56,27,20,0,MT5_PY_API_UNIX_SECONDS,UNRESOLVED_REQUIRES_MANUAL_BINDING
1778560800,1778561100,VIX,VIX,M5,Bid,19.57,19.66,19.56,19.57,41,20,0,MT5_PY_API_UNIX_SECONDS,UNRESOLVED_REQUIRES_MANUAL_BINDING
1778561100,1778561400,VIX,VIX,M5,Bid,19.58,19.58,19.52,19.52,20,20,0,MT5_PY_API_UNIX_SECONDS,UNRESOLVED_REQUIRES_MANUAL_BINDING
1778561400,1778561700,VIX,VIX,M5,Bid,19.53,19.56,19.53,19.56,10,20,0,MT5_PY_API_UNIX_SECONDS,UNRESOLVED_REQUIRES_MANUAL_BINDING
1778561700,1778562000,VIX,VIX,M5,Bid,19.57,19.58,19.53,19.57,17,20,0,MT5_PY_API_UNIX_SECONDS,UNRESOLVED_REQUIRES_MANUAL_BINDING
1778562000,1778562300,VIX,VIX,M5,Bid,19.58,19.58,19.53,19.56,13,20,0,MT5_PY_API_UNIX_SECONDS,UNRESOLVED_REQUIRES_MANUAL_BINDING
1778562300,1778562600,VIX,VIX,M5,Bid,19.55,19.55,19.48,19.48,13,20,0,MT5_PY_API_UNIX_SECONDS,UNRESOLVED_REQUIRES_MANUAL_BINDING
1778562600,1778562900,VIX,VIX,M5,Bid,19.47,19.48,19.46,19.46,10,20,0,MT5_PY_API_UNIX_SECONDS,UNRESOLVED_REQUIRES_MANUAL_BINDING
1778562900,1778563200,VIX,VIX,M5,Bid,19.47,19.48,19.47,19.48,5,20,0,MT5_PY_API_UNIX_SECONDS,UNRESOLVED_REQUIRES_MANUAL_BINDING
1778563200,1778563500,VIX,VIX,M5,Bid,19.48,19.48,19.43,19.43,7,20,0,MT5_PY_API_UNIX_SECONDS,UNRESOLVED_REQUIRES_MANUAL_BINDING
1778563500,1778563800,VIX,VIX,M5,Bid,19.44,19.46,19.43,19.43,6,21,0,MT5_PY_API_UNIX_SECONDS,UNRESOLVED_REQUIRES_MANUAL_BINDING
1778563800,1778564100,VIX,VIX,M5,Bid,19.44,19.47,19.43,19.46,22,20,0,MT5_PY_API_UNIX_SECONDS,UNRESOLVED_REQUIRES_MANUAL_BINDING
1778564100,1778564400,VIX,VIX,M5,Bid,19.47,19.47,19.46,19.47,7,20,0,MT5_PY_API_UNIX_SECONDS,UNRESOLVED_REQUIRES_MANUAL_BINDING
1778564400,1778564700,VIX,VIX,M5,Bid,19.46,19.47,19.46,19.46,6,20,0,MT5_PY_API_UNIX_SECONDS,UNRESOLVED_REQUIRES_MANUAL_BINDING
1778564700,1778565000,VIX,VIX,M5,Bid,19.45,19.45,19.42,19.42,10,20,0,MT5_PY_API_UNIX_SECONDS,UNRESOLVED_REQUIRES_MANUAL_BINDING
1778565600,1778565900,VIX,VIX,M5,Bid,19.43,19.43,19.43,19.43,3,21,0,MT5_PY_API_UNIX_SECONDS,UNRESOLVED_REQUIRES_MANUAL_BINDING
1778565900,1778566200,VIX,VIX,M5,Bid,19.43,19.43,19.42,19.42,9,20,0,MT5_PY_API_UNIX_SECONDS,UNRESOLVED_REQUIRES_MANUAL_BINDING
1778566200,1778566500,VIX,VIX,M5,Bid,19.43,19.43,19.42,19.42,2,20,0,MT5_PY_API_UNIX_SECONDS,UNRESOLVED_REQUIRES_MANUAL_BINDING
1778566500,1778566800,VIX,VIX,M5,Bid,19.43,19.43,19.42,19.43,3,20,0,MT5_PY_API_UNIX_SECONDS,UNRESOLVED_REQUIRES_MANUAL_BINDING
1778566800,1778567100,VIX,VIX,M5,Bid,19.43,19.43,19.42,19.43,3,20,0,MT5_PY_API_UNIX_SECONDS,UNRESOLVED_REQUIRES_MANUAL_BINDING
1778567100,1778567400,VIX,VIX,M5,Bid,19.42,19.42,19.42,19.42,1,21,0,MT5_PY_API_UNIX_SECONDS,UNRESOLVED_REQUIRES_MANUAL_BINDING
1778567700,1778568000,VIX,VIX,M5,Bid,19.43,19.43,19.42,19.42,2,20,0,MT5_PY_API_UNIX_SECONDS,UNRESOLVED_REQUIRES_MANUAL_BINDING
1778568300,1778568600,VIX,VIX,M5,Bid,19.43,19.43,19.42,19.43,9,20,0,MT5_PY_API_UNIX_SECONDS,UNRESOLVED_REQUIRES_MANUAL_BINDING
1778568900,1778569200,VIX,VIX,M5,Bid,19.47,19.47,19.46,19.47,11,20,0,MT5_PY_API_UNIX_SECONDS,UNRESOLVED_REQUIRES_MANUAL_BINDING
1778569200,1778569500,VIX,VIX,M5,Bid,19.46,19.47,19.43,19.46,9,20,0,MT5_PY_API_UNIX_SECONDS,UNRESOLVED_REQUIRES_MANUAL_BINDING
1778569500,1778569800,VIX,VIX,M5,Bid,19.45,19.46,19.43,19.43,6,21,0,MT5_PY_API_UNIX_SECONDS,UNRESOLVED_REQUIRES_MANUAL_BINDING
1778569800,1778570100,VIX,VIX,M5,Bid,19.45,19.47,19.44,19.47,11,20,0,MT5_PY_API_UNIX_SECONDS,UNRESOLVED_REQUIRES_MANUAL_BINDING
1778570100,1778570400,VIX,VIX,M5,Bid,19.46,19.46,19.43,19.43,19,21,0,MT5_PY_API_UNIX_SECONDS,UNRESOLVED_REQUIRES_MANUAL_BINDING
1778570400,1778570700,VIX,VIX,M5,Bid,19.42,19.46,19.42,19.46,3,20,0,MT5_PY_API_UNIX_SECONDS,UNRESOLVED_REQUIRES_MANUAL_BINDING
1778570700,1778571000,VIX,VIX,M5,Bid,19.43,19.43,19.43,19.43,1,21,0,MT5_PY_API_UNIX_SECONDS,UNRESOLVED_REQUIRES_MANUAL_BINDING
1778571000,1778571300,VIX,VIX,M5,Bid,19.46,19.46,19.43,19.43,2,21,0,MT5_PY_API_UNIX_SECONDS,UNRESOLVED_REQUIRES_MANUAL_BINDING
1778571300,1778571600,VIX,VIX,M5,Bid,19.43,19.43,19.42,19.43,7,20,0,MT5_PY_API_UNIX_SECONDS,UNRESOLVED_REQUIRES_MANUAL_BINDING
1778571600,1778571900,VIX,VIX,M5,Bid,19.42,19.43,19.42,19.42,4,20,0,MT5_PY_API_UNIX_SECONDS,UNRESOLVED_REQUIRES_MANUAL_BINDING
1778571900,1778572200,VIX,VIX,M5,Bid,19.43,19.43,19.42,19.43,7,20,0,MT5_PY_API_UNIX_SECONDS,UNRESOLVED_REQUIRES_MANUAL_BINDING
1778572200,1778572500,VIX,VIX,M5,Bid,19.46,19.48,19.46,19.48,9,20,0,MT5_PY_API_UNIX_SECONDS,UNRESOLVED_REQUIRES_MANUAL_BINDING
1778572500,1778572800,VIX,VIX,M5,Bid,19.48,19.48,19.46,19.47,12,20,0,MT5_PY_API_UNIX_SECONDS,UNRESOLVED_REQUIRES_MANUAL_BINDING
1778572800,1778573100,VIX,VIX,M5,Bid,19.48,19.48,19.47,19.47,8,20,0,MT5_PY_API_UNIX_SECONDS,UNRESOLVED_REQUIRES_MANUAL_BINDING
1778573100,1778573400,VIX,VIX,M5,Bid,19.46,19.48,19.46,19.48,14,20,0,MT5_PY_API_UNIX_SECONDS,UNRESOLVED_REQUIRES_MANUAL_BINDING
1778573400,1778573700,VIX,VIX,M5,Bid,19.48,19.51,19.47,19.51,5,20,0,MT5_PY_API_UNIX_SECONDS,UNRESOLVED_REQUIRES_MANUAL_BINDING
1778573700,1778574000,VIX,VIX,M5,Bid,19.52,19.52,19.51,19.51,5,20,0,MT5_PY_API_UNIX_SECONDS,UNRESOLVED_REQUIRES_MANUAL_BINDING
1778574000,1778574300,VIX,VIX,M5,Bid,19.51,19.51,19.48,19.48,12,20,0,MT5_PY_API_UNIX_SECONDS,UNRESOLVED_REQUIRES_MANUAL_BINDING
1778574300,1778574600,VIX,VIX,M5,Bid,19.5,19.51,19.48,19.51,8,20,0,MT5_PY_API_UNIX_SECONDS,UNRESOLVED_REQUIRES_MANUAL_BINDING
1778574600,1778574900,VIX,VIX,M5,Bid,19.5,19.52,19.48,19.52,7,20,0,MT5_PY_API_UNIX_SECONDS,UNRESOLVED_REQUIRES_MANUAL_BINDING
1778574900,1778575200,VIX,VIX,M5,Bid,19.51,19.53,19.51,19.52,8,20,0,MT5_PY_API_UNIX_SECONDS,UNRESOLVED_REQUIRES_MANUAL_BINDING
1778575200,1778575500,VIX,VIX,M5,Bid,19.51,19.52,19.51,19.52,8,20,0,MT5_PY_API_UNIX_SECONDS,UNRESOLVED_REQUIRES_MANUAL_BINDING
1778575500,1778575800,VIX,VIX,M5,Bid,19.51,19.51,19.47,19.47,4,21,0,MT5_PY_API_UNIX_SECONDS,UNRESOLVED_REQUIRES_MANUAL_BINDING
1778575800,1778576100,VIX,VIX,M5,Bid,19.48,19.48,19.47,19.48,4,20,0,MT5_PY_API_UNIX_SECONDS,UNRESOLVED_REQUIRES_MANUAL_BINDING
1778576100,1778576400,VIX,VIX,M5,Bid,19.47,19.48,19.47,19.48,7,20,0,MT5_PY_API_UNIX_SECONDS,UNRESOLVED_REQUIRES_MANUAL_BINDING
1778576400,1778576700,VIX,VIX,M5,Bid,19.47,19.48,19.46,19.47,8,20,0,MT5_PY_API_UNIX_SECONDS,UNRESOLVED_REQUIRES_MANUAL_BINDING
1778576700,1778577000,VIX,VIX,M5,Bid,19.48,19.51,19.48,19.48,27,20,0,MT5_PY_API_UNIX_SECONDS,UNRESOLVED_REQUIRES_MANUAL_BINDING
1778577000,1778577300,VIX,VIX,M5,Bid,19.48,19.48,19.47,19.48,4,20,0,MT5_PY_API_UNIX_SECONDS,UNRESOLVED_REQUIRES_MANUAL_BINDING
1778577300,1778577600,VIX,VIX,M5,Bid,19.48,19.51,19.47,19.51,9,20,0,MT5_PY_API_UNIX_SECONDS,UNRESOLVED_REQUIRES_MANUAL_BINDING
1778577600,1778577900,VIX,VIX,M5,Bid,19.52,19.53,19.51,19.53,8,20,0,MT5_PY_API_UNIX_SECONDS,UNRESOLVED_REQUIRES_MANUAL_BINDING
1778577900,1778578200,VIX,VIX,M5,Bid,19.53,19.57,19.52,19.56,10,20,0,MT5_PY_API_UNIX_SECONDS,UNRESOLVED_REQUIRES_MANUAL_BINDING
1778578200,1778578500,VIX,VIX,M5,Bid,19.57,19.57,19.53,19.56,21,20,0,MT5_PY_API_UNIX_SECONDS,UNRESOLVED_REQUIRES_MANUAL_BINDING
1778578500,1778578800,VIX,VIX,M5,Bid,19.53,19.62,19.53,19.61,19,20,0,MT5_PY_API_UNIX_SECONDS,UNRESOLVED_REQUIRES_MANUAL_BINDING
1778578800,1778579100,VIX,VIX,M5,Bid,19.62,19.62,19.58,19.61,22,20,0,MT5_PY_API_UNIX_SECONDS,UNRESOLVED_REQUIRES_MANUAL_BINDING
1778579100,1778579400,VIX,VIX,M5,Bid,19.58,19.62,19.58,19.62,26,20,0,MT5_PY_API_UNIX_SECONDS,UNRESOLVED_REQUIRES_MANUAL_BINDING
1778579400,1778579700,VIX,VIX,M5,Bid,19.63,19.68,19.62,19.68,19,20,0,MT5_PY_API_UNIX_SECONDS,UNRESOLVED_REQUIRES_MANUAL_BINDING
1778579700,1778580000,VIX,VIX,M5,Bid,19.67,19.69,19.67,19.68,23,20,0,MT5_PY_API_UNIX_SECONDS,UNRESOLVED_REQUIRES_MANUAL_BINDING
1778580000,1778580300,VIX,VIX,M5,Bid,19.68,19.76,19.67,19.76,27,20,0,MT5_PY_API_UNIX_SECONDS,UNRESOLVED_REQUIRES_MANUAL_BINDING
1778580300,1778580600,VIX,VIX,M5,Bid,19.77,19.82,19.77,19.78,18,20,0,MT5_PY_API_UNIX_SECONDS,UNRESOLVED_REQUIRES_MANUAL_BINDING
1778580600,1778580900,VIX,VIX,M5,Bid,19.78,19.78,19.7,19.71,23,20,0,MT5_PY_API_UNIX_SECONDS,UNRESOLVED_REQUIRES_MANUAL_BINDING
1778580900,1778581200,VIX,VIX,M5,Bid,19.72,19.72,19.65,19.67,25,20,0,MT5_PY_API_UNIX_SECONDS,UNRESOLVED_REQUIRES_MANUAL_BINDING
1778581200,1778581500,VIX,VIX,M5,Bid,19.66,19.66,19.58,19.62,33,20,0,MT5_PY_API_UNIX_SECONDS,UNRESOLVED_REQUIRES_MANUAL_BINDING
1778581500,1778581800,VIX,VIX,M5,Bid,19.63,19.63,19.61,19.63,11,20,0,MT5_PY_API_UNIX_SECONDS,UNRESOLVED_REQUIRES_MANUAL_BINDING
1778581800,1778582100,VIX,VIX,M5,Bid,19.63,19.63,19.57,19.57,21,20,0,MT5_PY_API_UNIX_SECONDS,UNRESOLVED_REQUIRES_MANUAL_BINDING
1778582100,1778582400,VIX,VIX,M5,Bid,19.58,19.58,19.56,19.57,9,20,0,MT5_PY_API_UNIX_SECONDS,UNRESOLVED_REQUIRES_MANUAL_BINDING
1778582400,1778582700,VIX,VIX,M5,Bid,19.57,19.58,19.56,19.58,4,21,0,MT5_PY_API_UNIX_SECONDS,UNRESOLVED_REQUIRES_MANUAL_BINDING
1778582700,1778583000,VIX,VIX,M5,Bid,19.58,19.62,19.57,19.57,26,20,0,MT5_PY_API_UNIX_SECONDS,UNRESOLVED_REQUIRES_MANUAL_BINDING
1778583000,1778583300,VIX,VIX,M5,Bid,19.57,19.61,19.56,19.57,12,20,0,MT5_PY_API_UNIX_SECONDS,UNRESOLVED_REQUIRES_MANUAL_BINDING
1778583300,1778583600,VIX,VIX,M5,Bid,19.58,19.62,19.57,19.61,11,20,0,MT5_PY_API_UNIX_SECONDS,UNRESOLVED_REQUIRES_MANUAL_BINDING
1778583600,1778583900,VIX,VIX,M5,Bid,19.62,19.68,19.62,19.68,31,20,0,MT5_PY_API_UNIX_SECONDS,UNRESOLVED_REQUIRES_MANUAL_BINDING
1778583900,1778584200,VIX,VIX,M5,Bid,19.71,19.72,19.68,19.68,76,20,0,MT5_PY_API_UNIX_SECONDS,UNRESOLVED_REQUIRES_MANUAL_BINDING
1778584200,1778584500,VIX,VIX,M5,Bid,19.69,19.73,19.68,19.73,55,20,0,MT5_PY_API_UNIX_SECONDS,UNRESOLVED_REQUIRES_MANUAL_BINDING
1778584500,1778584800,VIX,VIX,M5,Bid,19.74,19.78,19.71,19.72,25,20,0,MT5_PY_API_UNIX_SECONDS,UNRESOLVED_REQUIRES_MANUAL_BINDING
1778584800,1778585100,VIX,VIX,M5,Bid,19.71,19.72,19.67,19.68,29,20,0,MT5_PY_API_UNIX_SECONDS,UNRESOLVED_REQUIRES_MANUAL_BINDING
1778585100,1778585400,VIX,VIX,M5,Bid,19.69,19.71,19.66,19.67,43,20,0,MT5_PY_API_UNIX_SECONDS,UNRESOLVED_REQUIRES_MANUAL_BINDING
1778585400,1778585700,VIX,VIX,M5,Bid,19.67,19.68,19.66,19.67,15,20,0,MT5_PY_API_UNIX_SECONDS,UNRESOLVED_REQUIRES_MANUAL_BINDING
1778585700,1778586000,VIX,VIX,M5,Bid,19.68,19.68,19.66,19.66,12,20,0,MT5_PY_API_UNIX_SECONDS,UNRESOLVED_REQUIRES_MANUAL_BINDING
1778586000,1778586300,VIX,VIX,M5,Bid,19.67,19.68,19.66,19.66,24,20,0,MT5_PY_API_UNIX_SECONDS,UNRESOLVED_REQUIRES_MANUAL_BINDING
1778586300,1778586600,VIX,VIX,M5,Bid,19.67,19.67,19.63,19.67,10,20,0,MT5_PY_API_UNIX_SECONDS,UNRESOLVED_REQUIRES_MANUAL_BINDING
1778586600,1778586900,VIX,VIX,M5,Bid,19.66,19.68,19.66,19.67,10,20,0,MT5_PY_API_UNIX_SECONDS,UNRESOLVED_REQUIRES_MANUAL_BINDING
1778586900,1778587200,VIX,VIX,M5,Bid,19.67,19.68,19.62,19.62,31,20,0,MT5_PY_API_UNIX_SECONDS,UNRESOLVED_REQUIRES_MANUAL_BINDING
1778587200,1778587500,VIX,VIX,M5,Bid,19.63,19.66,19.61,19.63,19,20,0,MT5_PY_API_UNIX_SECONDS,UNRESOLVED_REQUIRES_MANUAL_BINDING
1778587500,1778587800,VIX,VIX,M5,Bid,19.64,19.71,19.63,19.67,44,20,0,MT5_PY_API_UNIX_SECONDS,UNRESOLVED_REQUIRES_MANUAL_BINDING
1778587800,1778588100,VIX,VIX,M5,Bid,19.68,19.68,19.67,19.67,21,20,0,MT5_PY_API_UNIX_SECONDS,UNRESOLVED_REQUIRES_MANUAL_BINDING
1778588100,1778588400,VIX,VIX,M5,Bid,19.68,19.68,19.67,19.68,11,20,0,MT5_PY_API_UNIX_SECONDS,UNRESOLVED_REQUIRES_MANUAL_BINDING
1778588400,1778588700,VIX,VIX,M5,Bid,19.69,19.71,19.67,19.67,6,20,0,MT5_PY_API_UNIX_SECONDS,UNRESOLVED_REQUIRES_MANUAL_BINDING
1778588700,1778589000,VIX,VIX,M5,Bid,19.67,19.67,19.61,19.62,13,20,0,MT5_PY_API_UNIX_SECONDS,UNRESOLVED_REQUIRES_MANUAL_BINDING
1778589000,1778589300,VIX,VIX,M5,Bid,19.61,19.61,19.52,19.56,27,20,0,MT5_PY_API_UNIX_SECONDS,UNRESOLVED_REQUIRES_MANUAL_BINDING
1778589300,1778589600,VIX,VIX,M5,Bid,19.57,19.58,19.56,19.57,35,20,0,MT5_PY_API_UNIX_SECONDS,UNRESOLVED_REQUIRES_MANUAL_BINDING
1778589600,1778589900,VIX,VIX,M5,Bid,19.57,19.63,19.57,19.63,12,20,0,MT5_PY_API_UNIX_SECONDS,UNRESOLVED_REQUIRES_MANUAL_BINDING
1778589900,1778590200,VIX,VIX,M5,Bid,19.62,19.66,19.62,19.63,9,20,0,MT5_PY_API_UNIX_SECONDS,UNRESOLVED_REQUIRES_MANUAL_BINDING
1778590200,1778590500,VIX,VIX,M5,Bid,19.66,19.68,19.63,19.68,13,20,0,MT5_PY_API_UNIX_SECONDS,UNRESOLVED_REQUIRES_MANUAL_BINDING
1778590500,1778590800,VIX,VIX,M5,Bid,19.68,19.68,19.63,19.63,5,20,0,MT5_PY_API_UNIX_SECONDS,UNRESOLVED_REQUIRES_MANUAL_BINDING
1778590800,1778591100,VIX,VIX,M5,Bid,19.63,19.63,19.61,19.62,8,20,0,MT5_PY_API_UNIX_SECONDS,UNRESOLVED_REQUIRES_MANUAL_BINDING
1778591100,1778591400,VIX,VIX,M5,Bid,19.61,19.62,19.61,19.61,7,21,0,MT5_PY_API_UNIX_SECONDS,UNRESOLVED_REQUIRES_MANUAL_BINDING
1778591400,1778591700,VIX,VIX,M5,Bid,19.58,19.61,19.57,19.57,18,20,0,MT5_PY_API_UNIX_SECONDS,UNRESOLVED_REQUIRES_MANUAL_BINDING
1778591700,1778592000,VIX,VIX,M5,Bid,19.58,19.63,19.58,19.62,9,20,0,MT5_PY_API_UNIX_SECONDS,UNRESOLVED_REQUIRES_MANUAL_BINDING
1778592000,1778592300,VIX,VIX,M5,Bid,19.61,19.62,19.61,19.62,15,20,0,MT5_PY_API_UNIX_SECONDS,UNRESOLVED_REQUIRES_MANUAL_BINDING
1778592300,1778592600,VIX,VIX,M5,Bid,19.62,19.62,19.61,19.61,16,20,0,MT5_PY_API_UNIX_SECONDS,UNRESOLVED_REQUIRES_MANUAL_BINDING
1778592600,1778592900,VIX,VIX,M5,Bid,19.62,19.63,19.62,19.62,8,20,0,MT5_PY_API_UNIX_SECONDS,UNRESOLVED_REQUIRES_MANUAL_BINDING
1778592900,1778593200,VIX,VIX,M5,Bid,19.61,19.62,19.57,19.62,20,20,0,MT5_PY_API_UNIX_SECONDS,UNRESOLVED_REQUIRES_MANUAL_BINDING
1778593200,1778593500,VIX,VIX,M5,Bid,19.62,19.63,19.61,19.62,8,20,0,MT5_PY_API_UNIX_SECONDS,UNRESOLVED_REQUIRES_MANUAL_BINDING
1778593500,1778593800,VIX,VIX,M5,Bid,19.63,19.63,19.62,19.62,11,20,0,MT5_PY_API_UNIX_SECONDS,UNRESOLVED_REQUIRES_MANUAL_BINDING
1778593800,1778594100,VIX,VIX,M5,Bid,19.62,19.63,19.61,19.62,24,20,0,MT5_PY_API_UNIX_SECONDS,UNRESOLVED_REQUIRES_MANUAL_BINDING
1778594100,1778594400,VIX,VIX,M5,Bid,19.62,19.62,19.58,19.6,25,20,0,MT5_PY_API_UNIX_SECONDS,UNRESOLVED_REQUIRES_MANUAL_BINDING
1778594400,1778594700,VIX,VIX,M5,Bid,19.61,19.67,19.58,19.63,29,20,0,MT5_PY_API_UNIX_SECONDS,UNRESOLVED_REQUIRES_MANUAL_BINDING
1778594700,1778595000,VIX,VIX,M5,Bid,19.66,19.68,19.63,19.63,21,20,0,MT5_PY_API_UNIX_SECONDS,UNRESOLVED_REQUIRES_MANUAL_BINDING
1778595000,1778595300,VIX,VIX,M5,Bid,19.63,19.67,19.57,19.66,81,20,0,MT5_PY_API_UNIX_SECONDS,UNRESOLVED_REQUIRES_MANUAL_BINDING
1778595300,1778595600,VIX,VIX,M5,Bid,19.65,19.67,19.63,19.66,23,20,0,MT5_PY_API_UNIX_SECONDS,UNRESOLVED_REQUIRES_MANUAL_BINDING
1778595600,1778595900,VIX,VIX,M5,Bid,19.67,19.67,19.63,19.66,89,20,0,MT5_PY_API_UNIX_SECONDS,UNRESOLVED_REQUIRES_MANUAL_BINDING
1778595900,1778596200,VIX,VIX,M5,Bid,19.65,19.66,19.62,19.62,18,20,0,MT5_PY_API_UNIX_SECONDS,UNRESOLVED_REQUIRES_MANUAL_BINDING
1778596200,1778596500,VIX,VIX,M5,Bid,19.61,19.63,19.61,19.63,31,20,0,MT5_PY_API_UNIX_SECONDS,UNRESOLVED_REQUIRES_MANUAL_BINDING
1778596500,1778596800,VIX,VIX,M5,Bid,19.62,19.62,19.57,19.57,6,21,0,MT5_PY_API_UNIX_SECONDS,UNRESOLVED_REQUIRES_MANUAL_BINDING
1778596800,1778597100,VIX,VIX,M5,Bid,19.58,19.61,19.57,19.58,18,20,0,MT5_PY_API_UNIX_SECONDS,UNRESOLVED_REQUIRES_MANUAL_BINDING
1778597100,1778597400,VIX,VIX,M5,Bid,19.58,19.58,19.57,19.58,14,20,0,MT5_PY_API_UNIX_SECONDS,UNRESOLVED_REQUIRES_MANUAL_BINDING
1778597400,1778597700,VIX,VIX,M5,Bid,19.58,19.61,19.57,19.61,30,20,0,MT5_PY_API_UNIX_SECONDS,UNRESOLVED_REQUIRES_MANUAL_BINDING
1778597700,1778598000,VIX,VIX,M5,Bid,19.62,19.62,19.57,19.61,28,20,0,MT5_PY_API_UNIX_SECONDS,UNRESOLVED_REQUIRES_MANUAL_BINDING
1778598000,1778598300,VIX,VIX,M5,Bid,19.62,19.66,19.61,19.66,16,20,0,MT5_PY_API_UNIX_SECONDS,UNRESOLVED_REQUIRES_MANUAL_BINDING
1778598300,1778598600,VIX,VIX,M5,Bid,19.67,19.72,19.66,19.72,23,20,0,MT5_PY_API_UNIX_SECONDS,UNRESOLVED_REQUIRES_MANUAL_BINDING
1778598600,1778598900,VIX,VIX,M5,Bid,19.71,19.71,19.66,19.67,58,20,0,MT5_PY_API_UNIX_SECONDS,UNRESOLVED_REQUIRES_MANUAL_BINDING
1778598900,1778599200,VIX,VIX,M5,Bid,19.67,19.67,19.63,19.67,27,20,0,MT5_PY_API_UNIX_SECONDS,UNRESOLVED_REQUIRES_MANUAL_BINDING
1778599200,1778599500,VIX,VIX,M5,Bid,19.67,19.72,19.66,19.68,18,20,0,MT5_PY_API_UNIX_SECONDS,UNRESOLVED_REQUIRES_MANUAL_BINDING
1778599500,1778599800,VIX,VIX,M5,Bid,19.68,19.68,19.61,19.62,20,20,0,MT5_PY_API_UNIX_SECONDS,UNRESOLVED_REQUIRES_MANUAL_BINDING
1778599800,1778600100,VIX,VIX,M5,Bid,19.57,19.67,19.53,19.56,141,20,0,MT5_PY_API_UNIX_SECONDS,UNRESOLVED_REQUIRES_MANUAL_BINDING
1778600100,1778600400,VIX,VIX,M5,Bid,19.55,19.57,19.51,19.51,23,20,0,MT5_PY_API_UNIX_SECONDS,UNRESOLVED_REQUIRES_MANUAL_BINDING
1778600400,1778600700,VIX,VIX,M5,Bid,19.52,19.52,19.51,19.52,5,20,0,MT5_PY_API_UNIX_SECONDS,UNRESOLVED_REQUIRES_MANUAL_BINDING
1778600700,1778601000,VIX,VIX,M5,Bid,19.52,19.52,19.51,19.51,8,20,0,MT5_PY_API_UNIX_SECONDS,UNRESOLVED_REQUIRES_MANUAL_BINDING
1778601000,1778601300,VIX,VIX,M5,Bid,19.52,19.52,19.46,19.47,18,20,0,MT5_PY_API_UNIX_SECONDS,UNRESOLVED_REQUIRES_MANUAL_BINDING
1778601300,1778601600,VIX,VIX,M5,Bid,19.48,19.52,19.48,19.52,31,20,0,MT5_PY_API_UNIX_SECONDS,UNRESOLVED_REQUIRES_MANUAL_BINDING
1778601600,1778601900,VIX,VIX,M5,Bid,19.52,19.57,19.51,19.53,16,20,0,MT5_PY_API_UNIX_SECONDS,UNRESOLVED_REQUIRES_MANUAL_BINDING
1778601900,1778602200,VIX,VIX,M5,Bid,19.53,19.56,19.52,19.56,23,20,0,MT5_PY_API_UNIX_SECONDS,UNRESOLVED_REQUIRES_MANUAL_BINDING
1778602200,1778602500,VIX,VIX,M5,Bid,19.57,19.57,19.52,19.55,11,21,0,MT5_PY_API_UNIX_SECONDS,UNRESOLVED_REQUIRES_MANUAL_BINDING
1778602500,1778602800,VIX,VIX,M5,Bid,19.56,19.61,19.55,19.58,31,20,0,MT5_PY_API_UNIX_SECONDS,UNRESOLVED_REQUIRES_MANUAL_BINDING
1778602800,1778603100,VIX,VIX,M5,Bid,19.6,19.62,19.57,19.57,31,20,0,MT5_PY_API_UNIX_SECONDS,UNRESOLVED_REQUIRES_MANUAL_BINDING
1778603100,1778603400,VIX,VIX,M5,Bid,19.58,19.58,19.57,19.58,13,20,0,MT5_PY_API_UNIX_SECONDS,UNRESOLVED_REQUIRES_MANUAL_BINDING
1778603400,1778603700,VIX,VIX,M5,Bid,19.58,19.62,19.51,19.52,94,20,0,MT5_PY_API_UNIX_SECONDS,UNRESOLVED_REQUIRES_MANUAL_BINDING
1778603700,1778604000,VIX,VIX,M5,Bid,19.56,19.62,19.52,19.58,82,20,0,MT5_PY_API_UNIX_SECONDS,UNRESOLVED_REQUIRES_MANUAL_BINDING
1778604000,1778604300,VIX,VIX,M5,Bid,19.58,19.58,19.46,19.47,34,20,0,MT5_PY_API_UNIX_SECONDS,UNRESOLVED_REQUIRES_MANUAL_BINDING
1778604300,1778604600,VIX,VIX,M5,Bid,19.47,19.68,19.47,19.61,87,20,0,MT5_PY_API_UNIX_SECONDS,UNRESOLVED_REQUIRES_MANUAL_BINDING
1778604600,1778604900,VIX,VIX,M5,Bid,19.62,19.63,19.53,19.62,57,20,0,MT5_PY_API_UNIX_SECONDS,UNRESOLVED_REQUIRES_MANUAL_BINDING
1778604900,1778605200,VIX,VIX,M5,Bid,19.63,19.72,19.62,19.66,108,20,0,MT5_PY_API_UNIX_SECONDS,UNRESOLVED_REQUIRES_MANUAL_BINDING
1778605200,1778605500,VIX,VIX,M5,Bid,19.63,19.68,19.61,19.62,101,20,0,MT5_PY_API_UNIX_SECONDS,UNRESOLVED_REQUIRES_MANUAL_BINDING
1778605500,1778605800,VIX,VIX,M5,Bid,19.61,19.62,19.53,19.56,53,20,0,MT5_PY_API_UNIX_SECONDS,UNRESOLVED_REQUIRES_MANUAL_BINDING
1778605800,1778606100,VIX,VIX,M5,Bid,19.57,19.62,19.53,19.56,94,20,0,MT5_PY_API_UNIX_SECONDS,UNRESOLVED_REQUIRES_MANUAL_BINDING
1778606100,1778606400,VIX,VIX,M5,Bid,19.57,19.58,19.53,19.56,74,20,0,MT5_PY_API_UNIX_SECONDS,UNRESOLVED_REQUIRES_MANUAL_BINDING
1778606400,1778606700,VIX,VIX,M5,Bid,19.57,19.62,19.56,19.62,57,20,0,MT5_PY_API_UNIX_SECONDS,UNRESOLVED_REQUIRES_MANUAL_BINDING
1778606700,1778607000,VIX,VIX,M5,Bid,19.61,19.68,19.57,19.67,74,20,0,MT5_PY_API_UNIX_SECONDS,UNRESOLVED_REQUIRES_MANUAL_BINDING
1778607000,1778607300,VIX,VIX,M5,Bid,19.66,19.77,19.66,19.72,87,20,0,MT5_PY_API_UNIX_SECONDS,UNRESOLVED_REQUIRES_MANUAL_BINDING
1778607300,1778607600,VIX,VIX,M5,Bid,19.71,19.77,19.71,19.72,81,20,0,MT5_PY_API_UNIX_SECONDS,UNRESOLVED_REQUIRES_MANUAL_BINDING
1778607600,1778607900,VIX,VIX,M5,Bid,19.72,19.73,19.66,19.68,69,20,0,MT5_PY_API_UNIX_SECONDS,UNRESOLVED_REQUIRES_MANUAL_BINDING
1778607900,1778608200,VIX,VIX,M5,Bid,19.69,19.73,19.68,19.72,35,20,0,MT5_PY_API_UNIX_SECONDS,UNRESOLVED_REQUIRES_MANUAL_BINDING
1778608200,1778608500,VIX,VIX,M5,Bid,19.73,19.77,19.72,19.77,89,20,0,MT5_PY_API_UNIX_SECONDS,UNRESOLVED_REQUIRES_MANUAL_BINDING
1778608500,1778608800,VIX,VIX,M5,Bid,19.77,19.82,19.77,19.82,39,20,0,MT5_PY_API_UNIX_SECONDS,UNRESOLVED_REQUIRES_MANUAL_BINDING
1778608800,1778609100,VIX,VIX,M5,Bid,19.83,19.83,19.76,19.77,68,20,0,MT5_PY_API_UNIX_SECONDS,UNRESOLVED_REQUIRES_MANUAL_BINDING
1778609100,1778609400,VIX,VIX,M5,Bid,19.78,19.78,19.71,19.71,82,20,0,MT5_PY_API_UNIX_SECONDS,UNRESOLVED_REQUIRES_MANUAL_BINDING
1778609400,1778609700,VIX,VIX,M5,Bid,19.72,19.73,19.71,19.73,73,20,0,MT5_PY_API_UNIX_SECONDS,UNRESOLVED_REQUIRES_MANUAL_BINDING
1778609700,1778610000,VIX,VIX,M5,Bid,19.76,19.81,19.73,19.77,73,20,0,MT5_PY_API_UNIX_SECONDS,UNRESOLVED_REQUIRES_MANUAL_BINDING
1778610000,1778610300,VIX,VIX,M5,Bid,19.76,19.87,19.76,19.86,113,20,0,MT5_PY_API_UNIX_SECONDS,UNRESOLVED_REQUIRES_MANUAL_BINDING
1778610300,1778610600,VIX,VIX,M5,Bid,19.87,19.87,19.81,19.81,114,20,0,MT5_PY_API_UNIX_SECONDS,UNRESOLVED_REQUIRES_MANUAL_BINDING
1778610600,1778610900,VIX,VIX,M5,Bid,19.8,19.82,19.68,19.72,84,20,0,MT5_PY_API_UNIX_SECONDS,UNRESOLVED_REQUIRES_MANUAL_BINDING
1778610900,1778611200,VIX,VIX,M5,Bid,19.73,19.77,19.71,19.72,77,20,0,MT5_PY_API_UNIX_SECONDS,UNRESOLVED_REQUIRES_MANUAL_BINDING
1778611200,1778611500,VIX,VIX,M5,Bid,19.71,19.76,19.68,19.72,62,20,0,MT5_PY_API_UNIX_SECONDS,UNRESOLVED_REQUIRES_MANUAL_BINDING
1778611500,1778611800,VIX,VIX,M5,Bid,19.71,19.72,19.68,19.72,30,20,0,MT5_PY_API_UNIX_SECONDS,UNRESOLVED_REQUIRES_MANUAL_BINDING
1778611800,1778612100,VIX,VIX,M5,Bid,19.71,19.72,19.67,19.68,35,20,0,MT5_PY_API_UNIX_SECONDS,UNRESOLVED_REQUIRES_MANUAL_BINDING
1778612100,1778612400,VIX,VIX,M5,Bid,19.68,19.72,19.67,19.72,49,20,0,MT5_PY_API_UNIX_SECONDS,UNRESOLVED_REQUIRES_MANUAL_BINDING
1778612400,1778612700,VIX,VIX,M5,Bid,19.72,19.73,19.62,19.62,52,20,0,MT5_PY_API_UNIX_SECONDS,UNRESOLVED_REQUIRES_MANUAL_BINDING
1778612700,1778613000,VIX,VIX,M5,Bid,19.63,19.68,19.62,19.67,24,20,0,MT5_PY_API_UNIX_SECONDS,UNRESOLVED_REQUIRES_MANUAL_BINDING
1778613000,1778613300,VIX,VIX,M5,Bid,19.66,19.67,19.57,19.57,53,20,0,MT5_PY_API_UNIX_SECONDS,UNRESOLVED_REQUIRES_MANUAL_BINDING
1778613300,1778613600,VIX,VIX,M5,Bid,19.58,19.58,19.57,19.58,22,20,0,MT5_PY_API_UNIX_SECONDS,UNRESOLVED_REQUIRES_MANUAL_BINDING
1778613600,1778613900,VIX,VIX,M5,Bid,19.57,19.58,19.57,19.57,43,20,0,MT5_PY_API_UNIX_SECONDS,UNRESOLVED_REQUIRES_MANUAL_BINDING
1778613900,1778614200,VIX,VIX,M5,Bid,19.58,19.58,19.57,19.57,18,20,0,MT5_PY_API_UNIX_SECONDS,UNRESOLVED_REQUIRES_MANUAL_BINDING
1778614200,1778614500,VIX,VIX,M5,Bid,19.58,19.62,19.57,19.62,37,20,0,MT5_PY_API_UNIX_SECONDS,UNRESOLVED_REQUIRES_MANUAL_BINDING
1778614500,1778614800,VIX,VIX,M5,Bid,19.61,19.61,19.52,19.52,44,20,0,MT5_PY_API_UNIX_SECONDS,UNRESOLVED_REQUIRES_MANUAL_BINDING
1778614800,1778615100,VIX,VIX,M5,Bid,19.53,19.57,19.52,19.56,58,20,0,MT5_PY_API_UNIX_SECONDS,UNRESOLVED_REQUIRES_MANUAL_BINDING
1778615100,1778615400,VIX,VIX,M5,Bid,19.55,19.61,19.53,19.57,83,20,0,MT5_PY_API_UNIX_SECONDS,UNRESOLVED_REQUIRES_MANUAL_BINDING
1778615400,1778615700,VIX,VIX,M5,Bid,19.58,19.58,19.56,19.57,51,20,0,MT5_PY_API_UNIX_SECONDS,UNRESOLVED_REQUIRES_MANUAL_BINDING
1778615700,1778616000,VIX,VIX,M5,Bid,19.57,19.58,19.53,19.57,73,20,0,MT5_PY_API_UNIX_SECONDS,UNRESOLVED_REQUIRES_MANUAL_BINDING
1778616000,1778616300,VIX,VIX,M5,Bid,19.58,19.58,19.47,19.47,35,20,0,MT5_PY_API_UNIX_SECONDS,UNRESOLVED_REQUIRES_MANUAL_BINDING
1778616300,1778616600,VIX,VIX,M5,Bid,19.47,19.47,19.41,19.43,36,20,0,MT5_PY_API_UNIX_SECONDS,UNRESOLVED_REQUIRES_MANUAL_BINDING
1778616600,1778616900,VIX,VIX,M5,Bid,19.43,19.43,19.38,19.38,12,20,0,MT5_PY_API_UNIX_SECONDS,UNRESOLVED_REQUIRES_MANUAL_BINDING
1778616900,1778617200,VIX,VIX,M5,Bid,19.37,19.38,19.31,19.32,30,20,0,MT5_PY_API_UNIX_SECONDS,UNRESOLVED_REQUIRES_MANUAL_BINDING
1778617200,1778617500,VIX,VIX,M5,Bid,19.32,19.33,19.31,19.33,28,20,0,MT5_PY_API_UNIX_SECONDS,UNRESOLVED_REQUIRES_MANUAL_BINDING
1778617500,1778617800,VIX,VIX,M5,Bid,19.33,19.37,19.32,19.37,42,20,0,MT5_PY_API_UNIX_SECONDS,UNRESOLVED_REQUIRES_MANUAL_BINDING
1778617800,1778618100,VIX,VIX,M5,Bid,19.38,19.42,19.36,19.42,61,20,0,MT5_PY_API_UNIX_SECONDS,UNRESOLVED_REQUIRES_MANUAL_BINDING
1778618100,1778618400,VIX,VIX,M5,Bid,19.38,19.43,19.38,19.41,44,20,0,MT5_PY_API_UNIX_SECONDS,UNRESOLVED_REQUIRES_MANUAL_BINDING
1778618400,1778618700,VIX,VIX,M5,Bid,19.42,19.42,19.32,19.33,22,20,0,MT5_PY_API_UNIX_SECONDS,UNRESOLVED_REQUIRES_MANUAL_BINDING
1778618700,1778619000,VIX,VIX,M5,Bid,19.33,19.37,19.32,19.32,24,20,0,MT5_PY_API_UNIX_SECONDS,UNRESOLVED_REQUIRES_MANUAL_BINDING
1778619000,1778619300,VIX,VIX,M5,Bid,19.33,19.33,19.31,19.32,35,20,0,MT5_PY_API_UNIX_SECONDS,UNRESOLVED_REQUIRES_MANUAL_BINDING
1778619300,1778619600,VIX,VIX,M5,Bid,19.31,19.33,19.31,19.32,36,20,0,MT5_PY_API_UNIX_SECONDS,UNRESOLVED_REQUIRES_MANUAL_BINDING
1778619600,1778619900,VIX,VIX,M5,Bid,19.32,19.33,19.26,19.27,46,20,0,MT5_PY_API_UNIX_SECONDS,UNRESOLVED_REQUIRES_MANUAL_BINDING
1778619900,1778620200,VIX,VIX,M5,Bid,19.27,19.27,19.22,19.23,40,20,0,MT5_PY_API_UNIX_SECONDS,UNRESOLVED_REQUIRES_MANUAL_BINDING
1778620200,1778620500,VIX,VIX,M5,Bid,19.22,19.27,19.18,19.18,25,20,0,MT5_PY_API_UNIX_SECONDS,UNRESOLVED_REQUIRES_MANUAL_BINDING
1778620500,1778620800,VIX,VIX,M5,Bid,19.17,19.17,19.13,19.13,15,20,0,MT5_PY_API_UNIX_SECONDS,UNRESOLVED_REQUIRES_MANUAL_BINDING
1778620800,1778621100,VIX,VIX,M5,Bid,19.13,19.13,19.12,19.12,6,20,0,MT5_PY_API_UNIX_SECONDS,UNRESOLVED_REQUIRES_MANUAL_BINDING
1778621100,1778621400,VIX,VIX,M5,Bid,19.13,19.18,19.13,19.17,47,20,0,MT5_PY_API_UNIX_SECONDS,UNRESOLVED_REQUIRES_MANUAL_BINDING
1778621400,1778621700,VIX,VIX,M5,Bid,19.17,19.17,19.13,19.16,19,20,0,MT5_PY_API_UNIX_SECONDS,UNRESOLVED_REQUIRES_MANUAL_BINDING
1778621700,1778622000,VIX,VIX,M5,Bid,19.17,19.18,19.16,19.18,22,20,0,MT5_PY_API_UNIX_SECONDS,UNRESOLVED_REQUIRES_MANUAL_BINDING
1778622000,1778622300,VIX,VIX,M5,Bid,19.18,19.18,19.13,19.16,29,20,0,MT5_PY_API_UNIX_SECONDS,UNRESOLVED_REQUIRES_MANUAL_BINDING
1778622300,1778622600,VIX,VIX,M5,Bid,19.13,19.17,19.13,19.13,43,20,0,MT5_PY_API_UNIX_SECONDS,UNRESOLVED_REQUIRES_MANUAL_BINDING
1778622600,1778622900,VIX,VIX,M5,Bid,19.16,19.17,19.13,19.16,33,20,0,MT5_PY_API_UNIX_SECONDS,UNRESOLVED_REQUIRES_MANUAL_BINDING
1778622900,1778623200,VIX,VIX,M5,Bid,19.17,19.17,19.16,19.17,7,20,0,MT5_PY_API_UNIX_SECONDS,UNRESOLVED_REQUIRES_MANUAL_BINDING
1778623200,1778623500,VIX,VIX,M5,Bid,19.17,19.17,19.12,19.12,10,20,0,MT5_PY_API_UNIX_SECONDS,UNRESOLVED_REQUIRES_MANUAL_BINDING
1778623500,1778623800,VIX,VIX,M5,Bid,19.13,19.13,19.12,19.12,16,20,0,MT5_PY_API_UNIX_SECONDS,UNRESOLVED_REQUIRES_MANUAL_BINDING
1778623800,1778624100,VIX,VIX,M5,Bid,19.08,19.08,19.06,19.07,10,20,0,MT5_PY_API_UNIX_SECONDS,UNRESOLVED_REQUIRES_MANUAL_BINDING
1778624100,1778624400,VIX,VIX,M5,Bid,19.07,19.13,19.07,19.13,12,20,0,MT5_PY_API_UNIX_SECONDS,UNRESOLVED_REQUIRES_MANUAL_BINDING
1778624400,1778624700,VIX,VIX,M5,Bid,19.13,19.13,19.08,19.11,13,20,0,MT5_PY_API_UNIX_SECONDS,UNRESOLVED_REQUIRES_MANUAL_BINDING
1778624700,1778625000,VIX,VIX,M5,Bid,19.08,19.08,19.08,19.08,2,20,0,MT5_PY_API_UNIX_SECONDS,UNRESOLVED_REQUIRES_MANUAL_BINDING
1778625000,1778625300,VIX,VIX,M5,Bid,19.07,19.08,19.07,19.07,4,20,0,MT5_PY_API_UNIX_SECONDS,UNRESOLVED_REQUIRES_MANUAL_BINDING
1778625300,1778625600,VIX,VIX,M5,Bid,19.08,19.08,19.02,19.03,14,20,0,MT5_PY_API_UNIX_SECONDS,UNRESOLVED_REQUIRES_MANUAL_BINDING
1778625600,1778625900,VIX,VIX,M5,Bid,19.06,19.06,19.02,19.02,3,21,0,MT5_PY_API_UNIX_SECONDS,UNRESOLVED_REQUIRES_MANUAL_BINDING
1778625900,1778626200,VIX,VIX,M5,Bid,19.03,19.06,19.02,19.03,5,20,0,MT5_PY_API_UNIX_SECONDS,UNRESOLVED_REQUIRES_MANUAL_BINDING
1778626200,1778626500,VIX,VIX,M5,Bid,18.98,18.98,18.72,18.87,77,20,0,MT5_PY_API_UNIX_SECONDS,UNRESOLVED_REQUIRES_MANUAL_BINDING
1778626500,1778626800,VIX,VIX,M5,Bid,18.87,18.92,18.86,18.92,21,20,0,MT5_PY_API_UNIX_SECONDS,UNRESOLVED_REQUIRES_MANUAL_BINDING
1778626800,1778627100,VIX,VIX,M5,Bid,18.93,18.98,18.92,18.98,26,20,0,MT5_PY_API_UNIX_SECONDS,UNRESOLVED_REQUIRES_MANUAL_BINDING
1778627100,1778627400,VIX,VIX,M5,Bid,18.97,19.02,18.97,18.97,11,20,0,MT5_PY_API_UNIX_SECONDS,UNRESOLVED_REQUIRES_MANUAL_BINDING
1778627400,1778627700,VIX,VIX,M5,Bid,18.98,18.98,18.97,18.97,3,20,0,MT5_PY_API_UNIX_SECONDS,UNRESOLVED_REQUIRES_MANUAL_BINDING
1778628600,1778628900,VIX,VIX,M5,Bid,18.97,18.97,18.97,18.97,1,21,0,MT5_PY_API_UNIX_SECONDS,UNRESOLVED_REQUIRES_MANUAL_BINDING
1778628900,1778629200,VIX,VIX,M5,Bid,18.96,18.96,18.93,18.93,6,21,0,MT5_PY_API_UNIX_SECONDS,UNRESOLVED_REQUIRES_MANUAL_BINDING
1778629200,1778629500,VIX,VIX,M5,Bid,18.95,18.96,18.95,18.96,2,21,0,MT5_PY_API_UNIX_SECONDS,UNRESOLVED_REQUIRES_MANUAL_BINDING
1778629500,1778629800,VIX,VIX,M5,Bid,18.95,18.97,18.95,18.96,8,20,0,MT5_PY_API_UNIX_SECONDS,UNRESOLVED_REQUIRES_MANUAL_BINDING
1778629800,1778630100,VIX,VIX,M5,Bid,18.93,18.93,18.93,18.93,2,21,0,MT5_PY_API_UNIX_SECONDS,UNRESOLVED_REQUIRES_MANUAL_BINDING
1778630100,1778630400,VIX,VIX,M5,Bid,18.93,18.93,18.93,18.93,2,21,0,MT5_PY_API_UNIX_SECONDS,UNRESOLVED_REQUIRES_MANUAL_BINDING
1778634000,1778634300,VIX,VIX,M5,Bid,18.92,18.96,18.92,18.92,16,20,0,MT5_PY_API_UNIX_SECONDS,UNRESOLVED_REQUIRES_MANUAL_BINDING
1778634300,1778634600,VIX,VIX,M5,Bid,18.91,18.92,18.91,18.92,23,20,0,MT5_PY_API_UNIX_SECONDS,UNRESOLVED_REQUIRES_MANUAL_BINDING
1778634600,1778634900,VIX,VIX,M5,Bid,18.92,18.92,18.92,18.92,1,21,0,MT5_PY_API_UNIX_SECONDS,UNRESOLVED_REQUIRES_MANUAL_BINDING
1778634900,1778635200,VIX,VIX,M5,Bid,18.92,18.92,18.87,18.87,13,20,0,MT5_PY_API_UNIX_SECONDS,UNRESOLVED_REQUIRES_MANUAL_BINDING
1778635500,1778635800,VIX,VIX,M5,Bid,18.86,18.87,18.86,18.87,2,21,0,MT5_PY_API_UNIX_SECONDS,UNRESOLVED_REQUIRES_MANUAL_BINDING
1778636400,1778636700,VIX,VIX,M5,Bid,18.88,18.88,18.88,18.88,1,21,0,MT5_PY_API_UNIX_SECONDS,UNRESOLVED_REQUIRES_MANUAL_BINDING
1778636700,1778637000,VIX,VIX,M5,Bid,18.87,18.88,18.87,18.88,4,21,0,MT5_PY_API_UNIX_SECONDS,UNRESOLVED_REQUIRES_MANUAL_BINDING
1778637000,1778637300,VIX,VIX,M5,Bid,18.87,18.88,18.87,18.87,3,21,0,MT5_PY_API_UNIX_SECONDS,UNRESOLVED_REQUIRES_MANUAL_BINDING
1778637300,1778637600,VIX,VIX,M5,Bid,18.88,18.92,18.88,18.91,9,20,0,MT5_PY_API_UNIX_SECONDS,UNRESOLVED_REQUIRES_MANUAL_BINDING
1778637600,1778637900,VIX,VIX,M5,Bid,18.92,18.92,18.92,18.92,1,21,0,MT5_PY_API_UNIX_SECONDS,UNRESOLVED_REQUIRES_MANUAL_BINDING
1778638200,1778638500,VIX,VIX,M5,Bid,18.91,18.92,18.91,18.92,12,20,0,MT5_PY_API_UNIX_SECONDS,UNRESOLVED_REQUIRES_MANUAL_BINDING
1778638500,1778638800,VIX,VIX,M5,Bid,18.92,18.92,18.92,18.92,1,21,0,MT5_PY_API_UNIX_SECONDS,UNRESOLVED_REQUIRES_MANUAL_BINDING
1778639100,1778639400,VIX,VIX,M5,Bid,18.92,18.92,18.92,18.92,2,20,0,MT5_PY_API_UNIX_SECONDS,UNRESOLVED_REQUIRES_MANUAL_BINDING
1778639400,1778639700,VIX,VIX,M5,Bid,18.96,18.97,18.96,18.97,4,21,0,MT5_PY_API_UNIX_SECONDS,UNRESOLVED_REQUIRES_MANUAL_BINDING
1778639700,1778640000,VIX,VIX,M5,Bid,18.98,19.01,18.97,18.98,10,21,0,MT5_PY_API_UNIX_SECONDS,UNRESOLVED_REQUIRES_MANUAL_BINDING
1778640000,1778640300,VIX,VIX,M5,Bid,19.01,19.03,18.98,19.02,12,20,0,MT5_PY_API_UNIX_SECONDS,UNRESOLVED_REQUIRES_MANUAL_BINDING
1778640300,1778640600,VIX,VIX,M5,Bid,19.03,19.03,19.01,19.02,18,20,0,MT5_PY_API_UNIX_SECONDS,UNRESOLVED_REQUIRES_MANUAL_BINDING
1778640600,1778640900,VIX,VIX,M5,Bid,19.02,19.02,19.01,19.02,5,20,0,MT5_PY_API_UNIX_SECONDS,UNRESOLVED_REQUIRES_MANUAL_BINDING
1778641200,1778641500,VIX,VIX,M5,Bid,19.01,19.08,18.97,19.02,27,20,0,MT5_PY_API_UNIX_SECONDS,UNRESOLVED_REQUIRES_MANUAL_BINDING
1778641500,1778641800,VIX,VIX,M5,Bid,19.03,19.03,18.98,19.02,41,20,0,MT5_PY_API_UNIX_SECONDS,UNRESOLVED_REQUIRES_MANUAL_BINDING
1778641800,1778642100,VIX,VIX,M5,Bid,19.03,19.03,19.02,19.03,10,21,0,MT5_PY_API_UNIX_SECONDS,UNRESOLVED_REQUIRES_MANUAL_BINDING
1778642100,1778642400,VIX,VIX,M5,Bid,19.02,19.06,18.97,18.97,22,20,0,MT5_PY_API_UNIX_SECONDS,UNRESOLVED_REQUIRES_MANUAL_BINDING
1778642400,1778642700,VIX,VIX,M5,Bid,18.96,18.98,18.92,18.96,11,20,0,MT5_PY_API_UNIX_SECONDS,UNRESOLVED_REQUIRES_MANUAL_BINDING
1778642700,1778643000,VIX,VIX,M5,Bid,18.93,18.98,18.93,18.97,9,20,0,MT5_PY_API_UNIX_SECONDS,UNRESOLVED_REQUIRES_MANUAL_BINDING
1778643000,1778643300,VIX,VIX,M5,Bid,18.96,18.98,18.96,18.97,16,20,0,MT5_PY_API_UNIX_SECONDS,UNRESOLVED_REQUIRES_MANUAL_BINDING
1778643300,1778643600,VIX,VIX,M5,Bid,18.98,18.98,18.92,18.92,23,20,0,MT5_PY_API_UNIX_SECONDS,UNRESOLVED_REQUIRES_MANUAL_BINDING
1778643600,1778643900,VIX,VIX,M5,Bid,18.93,18.96,18.92,18.96,12,20,0,MT5_PY_API_UNIX_SECONDS,UNRESOLVED_REQUIRES_MANUAL_BINDING
1778643900,1778644200,VIX,VIX,M5,Bid,18.97,18.97,18.93,18.96,34,20,0,MT5_PY_API_UNIX_SECONDS,UNRESOLVED_REQUIRES_MANUAL_BINDING
1778644200,1778644500,VIX,VIX,M5,Bid,18.95,18.96,18.92,18.92,16,20,0,MT5_PY_API_UNIX_SECONDS,UNRESOLVED_REQUIRES_MANUAL_BINDING
1778644500,1778644800,VIX,VIX,M5,Bid,18.93,18.93,18.92,18.92,28,20,0,MT5_PY_API_UNIX_SECONDS,UNRESOLVED_REQUIRES_MANUAL_BINDING
1778644800,1778645100,VIX,VIX,M5,Bid,18.93,18.93,18.91,18.92,12,20,0,MT5_PY_API_UNIX_SECONDS,UNRESOLVED_REQUIRES_MANUAL_BINDING
1778645100,1778645400,VIX,VIX,M5,Bid,18.93,18.93,18.92,18.92,4,21,0,MT5_PY_API_UNIX_SECONDS,UNRESOLVED_REQUIRES_MANUAL_BINDING
1778645400,1778645700,VIX,VIX,M5,Bid,18.91,18.92,18.91,18.92,15,20,0,MT5_PY_API_UNIX_SECONDS,UNRESOLVED_REQUIRES_MANUAL_BINDING
1778645700,1778646000,VIX,VIX,M5,Bid,18.93,18.93,18.92,18.92,5,20,0,MT5_PY_API_UNIX_SECONDS,UNRESOLVED_REQUIRES_MANUAL_BINDING
1778646000,1778646300,VIX,VIX,M5,Bid,18.93,18.93,18.92,18.92,2,21,0,MT5_PY_API_UNIX_SECONDS,UNRESOLVED_REQUIRES_MANUAL_BINDING
1778646300,1778646600,VIX,VIX,M5,Bid,18.93,18.93,18.92,18.92,3,20,0,MT5_PY_API_UNIX_SECONDS,UNRESOLVED_REQUIRES_MANUAL_BINDING
1778646600,1778646900,VIX,VIX,M5,Bid,18.92,18.93,18.92,18.92,5,20,0,MT5_PY_API_UNIX_SECONDS,UNRESOLVED_REQUIRES_MANUAL_BINDING
1778646900,1778647200,VIX,VIX,M5,Bid,18.92,18.92,18.91,18.92,4,20,0,MT5_PY_API_UNIX_SECONDS,UNRESOLVED_REQUIRES_MANUAL_BINDING
1778647200,1778647500,VIX,VIX,M5,Bid,18.91,18.91,18.88,18.88,2,21,0,MT5_PY_API_UNIX_SECONDS,UNRESOLVED_REQUIRES_MANUAL_BINDING
1778647500,1778647800,VIX,VIX,M5,Bid,18.88,18.88,18.86,18.86,9,20,0,MT5_PY_API_UNIX_SECONDS,UNRESOLVED_REQUIRES_MANUAL_BINDING
1778647800,1778648100,VIX,VIX,M5,Bid,18.87,18.88,18.86,18.88,12,21,0,MT5_PY_API_UNIX_SECONDS,UNRESOLVED_REQUIRES_MANUAL_BINDING
1778648100,1778648400,VIX,VIX,M5,Bid,18.91,18.92,18.91,18.92,2,21,0,MT5_PY_API_UNIX_SECONDS,UNRESOLVED_REQUIRES_MANUAL_BINDING
1778648400,1778648700,VIX,VIX,M5,Bid,18.93,18.93,18.92,18.92,8,20,0,MT5_PY_API_UNIX_SECONDS,UNRESOLVED_REQUIRES_MANUAL_BINDING
1778648700,1778649000,VIX,VIX,M5,Bid,18.93,18.93,18.92,18.93,13,20,0,MT5_PY_API_UNIX_SECONDS,UNRESOLVED_REQUIRES_MANUAL_BINDING
1778649000,1778649300,VIX,VIX,M5,Bid,18.93,18.93,18.92,18.92,4,20,0,MT5_PY_API_UNIX_SECONDS,UNRESOLVED_REQUIRES_MANUAL_BINDING
1778649300,1778649600,VIX,VIX,M5,Bid,18.93,18.93,18.92,18.92,4,20,0,MT5_PY_API_UNIX_SECONDS,UNRESOLVED_REQUIRES_MANUAL_BINDING
1778651700,1778652000,VIX,VIX,M5,Bid,18.92,18.92,18.91,18.92,5,20,0,MT5_PY_API_UNIX_SECONDS,UNRESOLVED_REQUIRES_MANUAL_BINDING
1778652000,1778652300,VIX,VIX,M5,Bid,18.92,18.93,18.92,18.92,5,21,0,MT5_PY_API_UNIX_SECONDS,UNRESOLVED_REQUIRES_MANUAL_BINDING
1778652300,1778652600,VIX,VIX,M5,Bid,18.93,18.93,18.92,18.92,14,20,0,MT5_PY_API_UNIX_SECONDS,UNRESOLVED_REQUIRES_MANUAL_BINDING
1778652600,1778652900,VIX,VIX,M5,Bid,18.91,18.93,18.91,18.93,5,21,0,MT5_PY_API_UNIX_SECONDS,UNRESOLVED_REQUIRES_MANUAL_BINDING
1778652900,1778653200,VIX,VIX,M5,Bid,18.92,18.93,18.91,18.92,5,20,0,MT5_PY_API_UNIX_SECONDS,UNRESOLVED_REQUIRES_MANUAL_BINDING
1778653200,1778653500,VIX,VIX,M5,Bid,18.93,18.93,18.92,18.92,2,21,0,MT5_PY_API_UNIX_SECONDS,UNRESOLVED_REQUIRES_MANUAL_BINDING
1778653500,1778653800,VIX,VIX,M5,Bid,18.91,18.92,18.91,18.92,2,21,0,MT5_PY_API_UNIX_SECONDS,UNRESOLVED_REQUIRES_MANUAL_BINDING
1778653800,1778654100,VIX,VIX,M5,Bid,18.91,18.92,18.87,18.87,5,20,0,MT5_PY_API_UNIX_SECONDS,UNRESOLVED_REQUIRES_MANUAL_BINDING
1778654100,1778654400,VIX,VIX,M5,Bid,18.86,18.86,18.86,18.86,1,21,0,MT5_PY_API_UNIX_SECONDS,UNRESOLVED_REQUIRES_MANUAL_BINDING
1778654400,1778654700,VIX,VIX,M5,Bid,18.87,18.87,18.86,18.87,13,20,0,MT5_PY_API_UNIX_SECONDS,UNRESOLVED_REQUIRES_MANUAL_BINDING
1778655000,1778655300,VIX,VIX,M5,Bid,18.86,18.87,18.86,18.87,4,20,0,MT5_PY_API_UNIX_SECONDS,UNRESOLVED_REQUIRES_MANUAL_BINDING
1778655300,1778655600,VIX,VIX,M5,Bid,18.87,18.87,18.87,18.87,2,20,0,MT5_PY_API_UNIX_SECONDS,UNRESOLVED_REQUIRES_MANUAL_BINDING
1778655600,1778655900,VIX,VIX,M5,Bid,18.87,18.87,18.86,18.86,5,20,0,MT5_PY_API_UNIX_SECONDS,UNRESOLVED_REQUIRES_MANUAL_BINDING
1778655900,1778656200,VIX,VIX,M5,Bid,18.87,18.87,18.86,18.87,9,20,0,MT5_PY_API_UNIX_SECONDS,UNRESOLVED_REQUIRES_MANUAL_BINDING
1778656200,1778656500,VIX,VIX,M5,Bid,18.87,18.87,18.86,18.87,6,20,0,MT5_PY_API_UNIX_SECONDS,UNRESOLVED_REQUIRES_MANUAL_BINDING
1778656500,1778656800,VIX,VIX,M5,Bid,18.87,18.87,18.86,18.87,6,20,0,MT5_PY_API_UNIX_SECONDS,UNRESOLVED_REQUIRES_MANUAL_BINDING
1778656800,1778657100,VIX,VIX,M5,Bid,18.86,18.87,18.86,18.87,2,21,0,MT5_PY_API_UNIX_SECONDS,UNRESOLVED_REQUIRES_MANUAL_BINDING
1778657100,1778657400,VIX,VIX,M5,Bid,18.86,18.87,18.86,18.87,4,20,0,MT5_PY_API_UNIX_SECONDS,UNRESOLVED_REQUIRES_MANUAL_BINDING
1778657400,1778657700,VIX,VIX,M5,Bid,18.87,18.87,18.86,18.87,4,20,0,MT5_PY_API_UNIX_SECONDS,UNRESOLVED_REQUIRES_MANUAL_BINDING
1778657700,1778658000,VIX,VIX,M5,Bid,18.87,18.87,18.82,18.82,7,20,0,MT5_PY_API_UNIX_SECONDS,UNRESOLVED_REQUIRES_MANUAL_BINDING
1778658900,1778659200,VIX,VIX,M5,Bid,18.83,18.83,18.82,18.82,2,20,0,MT5_PY_API_UNIX_SECONDS,UNRESOLVED_REQUIRES_MANUAL_BINDING
1778659200,1778659500,VIX,VIX,M5,Bid,18.83,18.83,18.82,18.82,7,21,0,MT5_PY_API_UNIX_SECONDS,UNRESOLVED_REQUIRES_MANUAL_BINDING
1778659500,1778659800,VIX,VIX,M5,Bid,18.82,18.82,18.82,18.82,1,21,0,MT5_PY_API_UNIX_SECONDS,UNRESOLVED_REQUIRES_MANUAL_BINDING
1778660100,1778660400,VIX,VIX,M5,Bid,18.83,18.83,18.83,18.83,1,21,0,MT5_PY_API_UNIX_SECONDS,UNRESOLVED_REQUIRES_MANUAL_BINDING
1778660400,1778660700,VIX,VIX,M5,Bid,18.82,18.82,18.82,18.82,1,21,0,MT5_PY_API_UNIX_SECONDS,UNRESOLVED_REQUIRES_MANUAL_BINDING
1778661600,1778661900,VIX,VIX,M5,Bid,18.83,18.86,18.83,18.83,3,20,0,MT5_PY_API_UNIX_SECONDS,UNRESOLVED_REQUIRES_MANUAL_BINDING
1778662500,1778662800,VIX,VIX,M5,Bid,18.82,18.82,18.82,18.82,1,21,0,MT5_PY_API_UNIX_SECONDS,UNRESOLVED_REQUIRES_MANUAL_BINDING
1778662800,1778663100,VIX,VIX,M5,Bid,18.82,18.82,18.82,18.82,1,21,0,MT5_PY_API_UNIX_SECONDS,UNRESOLVED_REQUIRES_MANUAL_BINDING
1778663400,1778663700,VIX,VIX,M5,Bid,18.82,18.82,18.77,18.77,4,20,0,MT5_PY_API_UNIX_SECONDS,UNRESOLVED_REQUIRES_MANUAL_BINDING
1778663700,1778664000,VIX,VIX,M5,Bid,18.78,18.78,18.76,18.76,9,20,0,MT5_PY_API_UNIX_SECONDS,UNRESOLVED_REQUIRES_MANUAL_BINDING
1778664000,1778664300,VIX,VIX,M5,Bid,18.77,18.78,18.76,18.77,8,20,0,MT5_PY_API_UNIX_SECONDS,UNRESOLVED_REQUIRES_MANUAL_BINDING
1778664300,1778664600,VIX,VIX,M5,Bid,18.77,18.77,18.76,18.76,2,20,0,MT5_PY_API_UNIX_SECONDS,UNRESOLVED_REQUIRES_MANUAL_BINDING
1778664600,1778664900,VIX,VIX,M5,Bid,18.77,18.77,18.76,18.76,10,20,0,MT5_PY_API_UNIX_SECONDS,UNRESOLVED_REQUIRES_MANUAL_BINDING
1778664900,1778665200,VIX,VIX,M5,Bid,18.77,18.77,18.76,18.76,6,21,0,MT5_PY_API_UNIX_SECONDS,UNRESOLVED_REQUIRES_MANUAL_BINDING
1778665200,1778665500,VIX,VIX,M5,Bid,18.77,18.77,18.76,18.76,4,21,0,MT5_PY_API_UNIX_SECONDS,UNRESOLVED_REQUIRES_MANUAL_BINDING
1778665500,1778665800,VIX,VIX,M5,Bid,18.77,18.77,18.77,18.77,1,21,0,MT5_PY_API_UNIX_SECONDS,UNRESOLVED_REQUIRES_MANUAL_BINDING
1778665800,1778666100,VIX,VIX,M5,Bid,18.78,18.78,18.76,18.76,5,20,0,MT5_PY_API_UNIX_SECONDS,UNRESOLVED_REQUIRES_MANUAL_BINDING
1778666100,1778666400,VIX,VIX,M5,Bid,18.77,18.77,18.76,18.76,5,20,0,MT5_PY_API_UNIX_SECONDS,UNRESOLVED_REQUIRES_MANUAL_BINDING
1778666400,1778666700,VIX,VIX,M5,Bid,18.77,18.77,18.76,18.77,7,20,0,MT5_PY_API_UNIX_SECONDS,UNRESOLVED_REQUIRES_MANUAL_BINDING
1778666700,1778667000,VIX,VIX,M5,Bid,18.77,18.77,18.76,18.77,7,20,0,MT5_PY_API_UNIX_SECONDS,UNRESOLVED_REQUIRES_MANUAL_BINDING
1778667000,1778667300,VIX,VIX,M5,Bid,18.78,18.78,18.77,18.77,2,21,0,MT5_PY_API_UNIX_SECONDS,UNRESOLVED_REQUIRES_MANUAL_BINDING
1778667300,1778667600,VIX,VIX,M5,Bid,18.78,18.78,18.77,18.78,9,20,0,MT5_PY_API_UNIX_SECONDS,UNRESOLVED_REQUIRES_MANUAL_BINDING
1778667600,1778667900,VIX,VIX,M5,Bid,18.78,18.78,18.77,18.78,9,20,0,MT5_PY_API_UNIX_SECONDS,UNRESOLVED_REQUIRES_MANUAL_BINDING
1778667900,1778668200,VIX,VIX,M5,Bid,18.77,18.81,18.77,18.78,13,20,0,MT5_PY_API_UNIX_SECONDS,UNRESOLVED_REQUIRES_MANUAL_BINDING
1778668200,1778668500,VIX,VIX,M5,Bid,18.77,18.77,18.77,18.77,1,21,0,MT5_PY_API_UNIX_SECONDS,UNRESOLVED_REQUIRES_MANUAL_BINDING
1778668800,1778669100,VIX,VIX,M5,Bid,18.78,18.78,18.76,18.76,9,20,0,MT5_PY_API_UNIX_SECONDS,UNRESOLVED_REQUIRES_MANUAL_BINDING
1778669100,1778669400,VIX,VIX,M5,Bid,18.73,18.73,18.72,18.72,3,21,0,MT5_PY_API_UNIX_SECONDS,UNRESOLVED_REQUIRES_MANUAL_BINDING
1778669400,1778669700,VIX,VIX,M5,Bid,18.76,18.77,18.73,18.77,4,20,0,MT5_PY_API_UNIX_SECONDS,UNRESOLVED_REQUIRES_MANUAL_BINDING
1778669700,1778670000,VIX,VIX,M5,Bid,18.76,18.77,18.73,18.73,28,20,0,MT5_PY_API_UNIX_SECONDS,UNRESOLVED_REQUIRES_MANUAL_BINDING
1778670000,1778670300,VIX,VIX,M5,Bid,18.73,18.77,18.72,18.77,11,20,0,MT5_PY_API_UNIX_SECONDS,UNRESOLVED_REQUIRES_MANUAL_BINDING
1778670300,1778670600,VIX,VIX,M5,Bid,18.77,18.77,18.73,18.73,7,20,0,MT5_PY_API_UNIX_SECONDS,UNRESOLVED_REQUIRES_MANUAL_BINDING
1778670600,1778670900,VIX,VIX,M5,Bid,18.72,18.73,18.72,18.72,12,20,0,MT5_PY_API_UNIX_SECONDS,UNRESOLVED_REQUIRES_MANUAL_BINDING
1778671200,1778671500,VIX,VIX,M5,Bid,18.73,18.73,18.73,18.73,1,20,0,MT5_PY_API_UNIX_SECONDS,UNRESOLVED_REQUIRES_MANUAL_BINDING
1778671500,1778671800,VIX,VIX,M5,Bid,18.72,18.76,18.72,18.72,9,20,0,MT5_PY_API_UNIX_SECONDS,UNRESOLVED_REQUIRES_MANUAL_BINDING
1778671800,1778672100,VIX,VIX,M5,Bid,18.73,18.73,18.72,18.73,3,21,0,MT5_PY_API_UNIX_SECONDS,UNRESOLVED_REQUIRES_MANUAL_BINDING
1778672400,1778672700,VIX,VIX,M5,Bid,18.72,18.73,18.72,18.73,4,21,0,MT5_PY_API_UNIX_SECONDS,UNRESOLVED_REQUIRES_MANUAL_BINDING
1778672700,1778673000,VIX,VIX,M5,Bid,18.73,18.77,18.72,18.76,16,20,0,MT5_PY_API_UNIX_SECONDS,UNRESOLVED_REQUIRES_MANUAL_BINDING
1778673000,1778673300,VIX,VIX,M5,Bid,18.77,18.77,18.73,18.73,17,20,0,MT5_PY_API_UNIX_SECONDS,UNRESOLVED_REQUIRES_MANUAL_BINDING
1778673300,1778673600,VIX,VIX,M5,Bid,18.72,18.73,18.72,18.73,14,20,0,MT5_PY_API_UNIX_SECONDS,UNRESOLVED_REQUIRES_MANUAL_BINDING
1778673600,1778673900,VIX,VIX,M5,Bid,18.73,18.73,18.72,18.73,7,20,0,MT5_PY_API_UNIX_SECONDS,UNRESOLVED_REQUIRES_MANUAL_BINDING
1778674200,1778674500,VIX,VIX,M5,Bid,18.77,18.77,18.75,18.77,11,20,0,MT5_PY_API_UNIX_SECONDS,UNRESOLVED_REQUIRES_MANUAL_BINDING
1778674500,1778674800,VIX,VIX,M5,Bid,18.77,18.78,18.76,18.78,8,20,0,MT5_PY_API_UNIX_SECONDS,UNRESOLVED_REQUIRES_MANUAL_BINDING
1778674800,1778675100,VIX,VIX,M5,Bid,18.77,18.78,18.77,18.77,8,20,0,MT5_PY_API_UNIX_SECONDS,UNRESOLVED_REQUIRES_MANUAL_BINDING
1778675100,1778675400,VIX,VIX,M5,Bid,18.78,18.78,18.76,18.78,13,20,0,MT5_PY_API_UNIX_SECONDS,UNRESOLVED_REQUIRES_MANUAL_BINDING
1778675400,1778675700,VIX,VIX,M5,Bid,18.81,18.83,18.81,18.82,9,20,0,MT5_PY_API_UNIX_SECONDS,UNRESOLVED_REQUIRES_MANUAL_BINDING
1778675700,1778676000,VIX,VIX,M5,Bid,18.83,18.83,18.82,18.82,2,20,0,MT5_PY_API_UNIX_SECONDS,UNRESOLVED_REQUIRES_MANUAL_BINDING
1778676000,1778676300,VIX,VIX,M5,Bid,18.82,18.82,18.81,18.81,4,20,0,MT5_PY_API_UNIX_SECONDS,UNRESOLVED_REQUIRES_MANUAL_BINDING
1778676300,1778676600,VIX,VIX,M5,Bid,18.82,18.83,18.82,18.82,7,20,0,MT5_PY_API_UNIX_SECONDS,UNRESOLVED_REQUIRES_MANUAL_BINDING
1778676600,1778676900,VIX,VIX,M5,Bid,18.83,18.83,18.82,18.82,6,20,0,MT5_PY_API_UNIX_SECONDS,UNRESOLVED_REQUIRES_MANUAL_BINDING
1778677200,1778677500,VIX,VIX,M5,Bid,18.83,18.83,18.82,18.83,3,20,0,MT5_PY_API_UNIX_SECONDS,UNRESOLVED_REQUIRES_MANUAL_BINDING
1778677500,1778677800,VIX,VIX,M5,Bid,18.82,18.83,18.82,18.82,7,20,0,MT5_PY_API_UNIX_SECONDS,UNRESOLVED_REQUIRES_MANUAL_BINDING
1778677800,1778678100,VIX,VIX,M5,Bid,18.83,18.88,18.83,18.87,11,20,0,MT5_PY_API_UNIX_SECONDS,UNRESOLVED_REQUIRES_MANUAL_BINDING
1778678400,1778678700,VIX,VIX,M5,Bid,18.86,18.88,18.86,18.87,9,20,0,MT5_PY_API_UNIX_SECONDS,UNRESOLVED_REQUIRES_MANUAL_BINDING
1778678700,1778679000,VIX,VIX,M5,Bid,18.88,18.88,18.87,18.87,2,20,0,MT5_PY_API_UNIX_SECONDS,UNRESOLVED_REQUIRES_MANUAL_BINDING
1778679000,1778679300,VIX,VIX,M5,Bid,18.88,18.88,18.86,18.88,8,20,0,MT5_PY_API_UNIX_SECONDS,UNRESOLVED_REQUIRES_MANUAL_BINDING
1778679300,1778679600,VIX,VIX,M5,Bid,18.88,18.88,18.86,18.87,13,20,0,MT5_PY_API_UNIX_SECONDS,UNRESOLVED_REQUIRES_MANUAL_BINDING
1778679600,1778679900,VIX,VIX,M5,Bid,18.87,18.87,18.82,18.82,15,20,0,MT5_PY_API_UNIX_SECONDS,UNRESOLVED_REQUIRES_MANUAL_BINDING
1778679900,1778680200,VIX,VIX,M5,Bid,18.83,18.83,18.82,18.82,4,20,0,MT5_PY_API_UNIX_SECONDS,UNRESOLVED_REQUIRES_MANUAL_BINDING
1778680200,1778680500,VIX,VIX,M5,Bid,18.83,18.83,18.82,18.82,7,21,0,MT5_PY_API_UNIX_SECONDS,UNRESOLVED_REQUIRES_MANUAL_BINDING
1778680500,1778680800,VIX,VIX,M5,Bid,18.83,18.83,18.82,18.82,7,20,0,MT5_PY_API_UNIX_SECONDS,UNRESOLVED_REQUIRES_MANUAL_BINDING
1778680800,1778681100,VIX,VIX,M5,Bid,18.83,18.86,18.82,18.86,7,20,0,MT5_PY_API_UNIX_SECONDS,UNRESOLVED_REQUIRES_MANUAL_BINDING
1778681100,1778681400,VIX,VIX,M5,Bid,18.87,18.87,18.83,18.83,32,20,0,MT5_PY_API_UNIX_SECONDS,UNRESOLVED_REQUIRES_MANUAL_BINDING
1778681400,1778681700,VIX,VIX,M5,Bid,18.84,18.84,18.83,18.83,2,21,0,MT5_PY_API_UNIX_SECONDS,UNRESOLVED_REQUIRES_MANUAL_BINDING
1778681700,1778682000,VIX,VIX,M5,Bid,18.83,18.83,18.82,18.83,7,20,0,MT5_PY_API_UNIX_SECONDS,UNRESOLVED_REQUIRES_MANUAL_BINDING
1778682000,1778682300,VIX,VIX,M5,Bid,18.82,18.83,18.82,18.83,6,20,0,MT5_PY_API_UNIX_SECONDS,UNRESOLVED_REQUIRES_MANUAL_BINDING
1778682300,1778682600,VIX,VIX,M5,Bid,18.83,18.83,18.82,18.82,8,20,0,MT5_PY_API_UNIX_SECONDS,UNRESOLVED_REQUIRES_MANUAL_BINDING
1778682600,1778682900,VIX,VIX,M5,Bid,18.81,18.82,18.77,18.78,11,20,0,MT5_PY_API_UNIX_SECONDS,UNRESOLVED_REQUIRES_MANUAL_BINDING
1778682900,1778683200,VIX,VIX,M5,Bid,18.78,18.78,18.77,18.78,6,20,0,MT5_PY_API_UNIX_SECONDS,UNRESOLVED_REQUIRES_MANUAL_BINDING
1778683200,1778683500,VIX,VIX,M5,Bid,18.79,18.82,18.78,18.82,20,20,0,MT5_PY_API_UNIX_SECONDS,UNRESOLVED_REQUIRES_MANUAL_BINDING
1778683800,1778684100,VIX,VIX,M5,Bid,18.83,18.83,18.82,18.82,6,20,0,MT5_PY_API_UNIX_SECONDS,UNRESOLVED_REQUIRES_MANUAL_BINDING
1778684400,1778684700,VIX,VIX,M5,Bid,18.81,18.82,18.77,18.77,9,20,0,MT5_PY_API_UNIX_SECONDS,UNRESOLVED_REQUIRES_MANUAL_BINDING
1778684700,1778685000,VIX,VIX,M5,Bid,18.78,18.78,18.78,18.78,2,21,0,MT5_PY_API_UNIX_SECONDS,UNRESOLVED_REQUIRES_MANUAL_BINDING
1778685000,1778685300,VIX,VIX,M5,Bid,18.78,18.78,18.77,18.77,7,20,0,MT5_PY_API_UNIX_SECONDS,UNRESOLVED_REQUIRES_MANUAL_BINDING
1778685300,1778685600,VIX,VIX,M5,Bid,18.78,18.83,18.78,18.82,4,21,0,MT5_PY_API_UNIX_SECONDS,UNRESOLVED_REQUIRES_MANUAL_BINDING
1778685600,1778685900,VIX,VIX,M5,Bid,18.83,18.88,18.83,18.87,32,20,0,MT5_PY_API_UNIX_SECONDS,UNRESOLVED_REQUIRES_MANUAL_BINDING
1778685900,1778686200,VIX,VIX,M5,Bid,18.87,18.87,18.83,18.86,24,20,0,MT5_PY_API_UNIX_SECONDS,UNRESOLVED_REQUIRES_MANUAL_BINDING
1778686200,1778686500,VIX,VIX,M5,Bid,18.91,19.01,18.91,18.98,180,20,0,MT5_PY_API_UNIX_SECONDS,UNRESOLVED_REQUIRES_MANUAL_BINDING
1778686500,1778686800,VIX,VIX,M5,Bid,18.98,19.11,18.98,19.08,41,20,0,MT5_PY_API_UNIX_SECONDS,UNRESOLVED_REQUIRES_MANUAL_BINDING
1778686800,1778687100,VIX,VIX,M5,Bid,19.09,19.12,19.06,19.07,74,20,0,MT5_PY_API_UNIX_SECONDS,UNRESOLVED_REQUIRES_MANUAL_BINDING
1778687100,1778687400,VIX,VIX,M5,Bid,19.07,19.07,19.03,19.07,60,20,0,MT5_PY_API_UNIX_SECONDS,UNRESOLVED_REQUIRES_MANUAL_BINDING
1778687400,1778687700,VIX,VIX,M5,Bid,19.06,19.12,19.06,19.12,22,20,0,MT5_PY_API_UNIX_SECONDS,UNRESOLVED_REQUIRES_MANUAL_BINDING
1778687700,1778688000,VIX,VIX,M5,Bid,19.11,19.11,19.06,19.07,20,20,0,MT5_PY_API_UNIX_SECONDS,UNRESOLVED_REQUIRES_MANUAL_BINDING
1778688000,1778688300,VIX,VIX,M5,Bid,19.06,19.07,18.97,18.97,16,20,0,MT5_PY_API_UNIX_SECONDS,UNRESOLVED_REQUIRES_MANUAL_BINDING
1778688300,1778688600,VIX,VIX,M5,Bid,18.98,18.98,18.97,18.98,4,20,0,MT5_PY_API_UNIX_SECONDS,UNRESOLVED_REQUIRES_MANUAL_BINDING
1778688600,1778688900,VIX,VIX,M5,Bid,18.98,18.98,18.97,18.98,4,20,0,MT5_PY_API_UNIX_SECONDS,UNRESOLVED_REQUIRES_MANUAL_BINDING
1778688900,1778689200,VIX,VIX,M5,Bid,18.98,18.98,18.97,18.97,6,20,0,MT5_PY_API_UNIX_SECONDS,UNRESOLVED_REQUIRES_MANUAL_BINDING
1778689200,1778689500,VIX,VIX,M5,Bid,18.98,18.98,18.97,18.97,26,20,0,MT5_PY_API_UNIX_SECONDS,UNRESOLVED_REQUIRES_MANUAL_BINDING
1778689500,1778689800,VIX,VIX,M5,Bid,18.98,18.98,18.97,18.97,15,20,0,MT5_PY_API_UNIX_SECONDS,UNRESOLVED_REQUIRES_MANUAL_BINDING
1778689800,1778690100,VIX,VIX,M5,Bid,18.98,19.06,18.97,18.97,72,20,0,MT5_PY_API_UNIX_SECONDS,UNRESOLVED_REQUIRES_MANUAL_BINDING
1778690100,1778690400,VIX,VIX,M5,Bid,18.98,19.02,18.97,19.02,74,20,0,MT5_PY_API_UNIX_SECONDS,UNRESOLVED_REQUIRES_MANUAL_BINDING
1778690400,1778690700,VIX,VIX,M5,Bid,19.02,19.02,18.92,18.98,68,20,0,MT5_PY_API_UNIX_SECONDS,UNRESOLVED_REQUIRES_MANUAL_BINDING
1778690700,1778691000,VIX,VIX,M5,Bid,18.98,19.07,18.97,19.06,121,20,0,MT5_PY_API_UNIX_SECONDS,UNRESOLVED_REQUIRES_MANUAL_BINDING
1778691000,1778691300,VIX,VIX,M5,Bid,19.07,19.08,18.93,18.93,67,20,0,MT5_PY_API_UNIX_SECONDS,UNRESOLVED_REQUIRES_MANUAL_BINDING
1778691300,1778691600,VIX,VIX,M5,Bid,18.93,18.96,18.92,18.92,138,20,0,MT5_PY_API_UNIX_SECONDS,UNRESOLVED_REQUIRES_MANUAL_BINDING
1778691600,1778691900,VIX,VIX,M5,Bid,18.93,18.97,18.92,18.97,45,20,0,MT5_PY_API_UNIX_SECONDS,UNRESOLVED_REQUIRES_MANUAL_BINDING
1778691900,1778692200,VIX,VIX,M5,Bid,18.98,19.01,18.96,19.01,18,20,0,MT5_PY_API_UNIX_SECONDS,UNRESOLVED_REQUIRES_MANUAL_BINDING
1778692200,1778692500,VIX,VIX,M5,Bid,18.98,19.01,18.97,18.98,67,20,0,MT5_PY_API_UNIX_SECONDS,UNRESOLVED_REQUIRES_MANUAL_BINDING
1778692500,1778692800,VIX,VIX,M5,Bid,18.98,19.03,18.97,19.02,50,20,0,MT5_PY_API_UNIX_SECONDS,UNRESOLVED_REQUIRES_MANUAL_BINDING
1778692800,1778693100,VIX,VIX,M5,Bid,18.98,18.98,18.92,18.92,47,20,0,MT5_PY_API_UNIX_SECONDS,UNRESOLVED_REQUIRES_MANUAL_BINDING
1778693100,1778693400,VIX,VIX,M5,Bid,18.93,18.93,18.92,18.93,10,20,0,MT5_PY_API_UNIX_SECONDS,UNRESOLVED_REQUIRES_MANUAL_BINDING
1778693400,1778693700,VIX,VIX,M5,Bid,18.92,18.93,18.87,18.87,23,20,0,MT5_PY_API_UNIX_SECONDS,UNRESOLVED_REQUIRES_MANUAL_BINDING
1778693700,1778694000,VIX,VIX,M5,Bid,18.83,18.88,18.83,18.87,15,20,0,MT5_PY_API_UNIX_SECONDS,UNRESOLVED_REQUIRES_MANUAL_BINDING
1778694000,1778694300,VIX,VIX,M5,Bid,18.87,18.91,18.87,18.88,32,20,0,MT5_PY_API_UNIX_SECONDS,UNRESOLVED_REQUIRES_MANUAL_BINDING
1778694300,1778694600,VIX,VIX,M5,Bid,18.87,18.93,18.87,18.92,15,20,0,MT5_PY_API_UNIX_SECONDS,UNRESOLVED_REQUIRES_MANUAL_BINDING
1778694600,1778694900,VIX,VIX,M5,Bid,18.91,18.97,18.91,18.97,31,20,0,MT5_PY_API_UNIX_SECONDS,UNRESOLVED_REQUIRES_MANUAL_BINDING
1778694900,1778695200,VIX,VIX,M5,Bid,18.96,18.98,18.96,18.97,11,20,0,MT5_PY_API_UNIX_SECONDS,UNRESOLVED_REQUIRES_MANUAL_BINDING
1778695200,1778695500,VIX,VIX,M5,Bid,18.98,19.01,18.97,18.97,6,20,0,MT5_PY_API_UNIX_SECONDS,UNRESOLVED_REQUIRES_MANUAL_BINDING
1778695500,1778695800,VIX,VIX,M5,Bid,18.98,18.98,18.97,18.98,13,20,0,MT5_PY_API_UNIX_SECONDS,UNRESOLVED_REQUIRES_MANUAL_BINDING
1778695800,1778696100,VIX,VIX,M5,Bid,18.98,19.01,18.97,18.98,14,20,0,MT5_PY_API_UNIX_SECONDS,UNRESOLVED_REQUIRES_MANUAL_BINDING
1778696100,1778696400,VIX,VIX,M5,Bid,18.98,19.02,18.97,19.02,10,20,0,MT5_PY_API_UNIX_SECONDS,UNRESOLVED_REQUIRES_MANUAL_BINDING
1778696400,1778696700,VIX,VIX,M5,Bid,19.02,19.03,19.02,19.02,14,20,0,MT5_PY_API_UNIX_SECONDS,UNRESOLVED_REQUIRES_MANUAL_BINDING
1778696700,1778697000,VIX,VIX,M5,Bid,19.03,19.07,19.02,19.07,14,20,0,MT5_PY_API_UNIX_SECONDS,UNRESOLVED_REQUIRES_MANUAL_BINDING
1778697000,1778697300,VIX,VIX,M5,Bid,19.08,19.08,19.02,19.07,26,20,0,MT5_PY_API_UNIX_SECONDS,UNRESOLVED_REQUIRES_MANUAL_BINDING
1778697300,1778697600,VIX,VIX,M5,Bid,19.06,19.07,19.01,19.03,20,20,0,MT5_PY_API_UNIX_SECONDS,UNRESOLVED_REQUIRES_MANUAL_BINDING
1778697600,1778697900,VIX,VIX,M5,Bid,19.02,19.06,19.02,19.06,6,20,0,MT5_PY_API_UNIX_SECONDS,UNRESOLVED_REQUIRES_MANUAL_BINDING
1778697900,1778698200,VIX,VIX,M5,Bid,19.07,19.07,19.06,19.07,3,20,0,MT5_PY_API_UNIX_SECONDS,UNRESOLVED_REQUIRES_MANUAL_BINDING
1778698200,1778698500,VIX,VIX,M5,Bid,19.07,19.07,19.06,19.07,5,20,0,MT5_PY_API_UNIX_SECONDS,UNRESOLVED_REQUIRES_MANUAL_BINDING
1778698500,1778698800,VIX,VIX,M5,Bid,19.07,19.07,19.02,19.02,11,20,0,MT5_PY_API_UNIX_SECONDS,UNRESOLVED_REQUIRES_MANUAL_BINDING
1778698800,1778699100,VIX,VIX,M5,Bid,19.03,19.03,19.02,19.02,20,20,0,MT5_PY_API_UNIX_SECONDS,UNRESOLVED_REQUIRES_MANUAL_BINDING
1778699100,1778699400,VIX,VIX,M5,Bid,19.01,19.01,18.97,18.98,51,20,0,MT5_PY_API_UNIX_SECONDS,UNRESOLVED_REQUIRES_MANUAL_BINDING
1778699400,1778699700,VIX,VIX,M5,Bid,18.97,19.03,18.97,19.03,34,20,0,MT5_PY_API_UNIX_SECONDS,UNRESOLVED_REQUIRES_MANUAL_BINDING
1778699700,1778700000,VIX,VIX,M5,Bid,19.03,19.03,19.02,19.02,101,20,0,MT5_PY_API_UNIX_SECONDS,UNRESOLVED_REQUIRES_MANUAL_BINDING
1778700000,1778700300,VIX,VIX,M5,Bid,19.03,19.07,19.02,19.07,29,20,0,MT5_PY_API_UNIX_SECONDS,UNRESOLVED_REQUIRES_MANUAL_BINDING
1778700300,1778700600,VIX,VIX,M5,Bid,19.11,19.12,19.07,19.08,11,20,0,MT5_PY_API_UNIX_SECONDS,UNRESOLVED_REQUIRES_MANUAL_BINDING
1778700600,1778700900,VIX,VIX,M5,Bid,19.08,19.12,19.03,19.03,18,20,0,MT5_PY_API_UNIX_SECONDS,UNRESOLVED_REQUIRES_MANUAL_BINDING
1778700900,1778701200,VIX,VIX,M5,Bid,19.03,19.03,19.01,19.01,11,20,0,MT5_PY_API_UNIX_SECONDS,UNRESOLVED_REQUIRES_MANUAL_BINDING
1778701200,1778701500,VIX,VIX,M5,Bid,18.98,18.98,18.96,18.97,20,20,0,MT5_PY_API_UNIX_SECONDS,UNRESOLVED_REQUIRES_MANUAL_BINDING
1778701500,1778701800,VIX,VIX,M5,Bid,18.97,18.97,18.96,18.97,3,21,0,MT5_PY_API_UNIX_SECONDS,UNRESOLVED_REQUIRES_MANUAL_BINDING
1778701800,1778702100,VIX,VIX,M5,Bid,18.96,18.97,18.92,18.92,15,20,0,MT5_PY_API_UNIX_SECONDS,UNRESOLVED_REQUIRES_MANUAL_BINDING
1778702100,1778702400,VIX,VIX,M5,Bid,18.93,18.93,18.92,18.92,29,20,0,MT5_PY_API_UNIX_SECONDS,UNRESOLVED_REQUIRES_MANUAL_BINDING
1778702400,1778702700,VIX,VIX,M5,Bid,18.93,18.93,18.92,18.93,24,20,0,MT5_PY_API_UNIX_SECONDS,UNRESOLVED_REQUIRES_MANUAL_BINDING
1778702700,1778703000,VIX,VIX,M5,Bid,18.93,18.93,18.92,18.92,22,20,0,MT5_PY_API_UNIX_SECONDS,UNRESOLVED_REQUIRES_MANUAL_BINDING
1778703000,1778703300,VIX,VIX,M5,Bid,18.93,18.93,18.91,18.93,16,20,0,MT5_PY_API_UNIX_SECONDS,UNRESOLVED_REQUIRES_MANUAL_BINDING
1778703300,1778703600,VIX,VIX,M5,Bid,18.92,18.92,18.91,18.91,11,20,0,MT5_PY_API_UNIX_SECONDS,UNRESOLVED_REQUIRES_MANUAL_BINDING
1778703600,1778703900,VIX,VIX,M5,Bid,18.92,18.92,18.87,18.91,17,20,0,MT5_PY_API_UNIX_SECONDS,UNRESOLVED_REQUIRES_MANUAL_BINDING
1778703900,1778704200,VIX,VIX,M5,Bid,18.92,18.92,18.88,18.92,8,20,0,MT5_PY_API_UNIX_SECONDS,UNRESOLVED_REQUIRES_MANUAL_BINDING
1778704200,1778704500,VIX,VIX,M5,Bid,18.93,18.93,18.92,18.92,4,20,0,MT5_PY_API_UNIX_SECONDS,UNRESOLVED_REQUIRES_MANUAL_BINDING
1778704500,1778704800,VIX,VIX,M5,Bid,18.92,18.92,18.87,18.88,14,20,0,MT5_PY_API_UNIX_SECONDS,UNRESOLVED_REQUIRES_MANUAL_BINDING
1778704800,1778705100,VIX,VIX,M5,Bid,18.88,18.88,18.87,18.87,7,20,0,MT5_PY_API_UNIX_SECONDS,UNRESOLVED_REQUIRES_MANUAL_BINDING
1778705100,1778705400,VIX,VIX,M5,Bid,18.88,18.88,18.87,18.87,2,20,0,MT5_PY_API_UNIX_SECONDS,UNRESOLVED_REQUIRES_MANUAL_BINDING
1778705700,1778706000,VIX,VIX,M5,Bid,18.87,18.87,18.82,18.82,17,20,0,MT5_PY_API_UNIX_SECONDS,UNRESOLVED_REQUIRES_MANUAL_BINDING
1778706000,1778706300,VIX,VIX,M5,Bid,18.87,18.88,18.82,18.82,30,20,0,MT5_PY_API_UNIX_SECONDS,UNRESOLVED_REQUIRES_MANUAL_BINDING
1778706300,1778706600,VIX,VIX,M5,Bid,18.83,18.83,18.77,18.77,23,20,0,MT5_PY_API_UNIX_SECONDS,UNRESOLVED_REQUIRES_MANUAL_BINDING
1778706600,1778706900,VIX,VIX,M5,Bid,18.78,18.87,18.77,18.87,17,20,0,MT5_PY_API_UNIX_SECONDS,UNRESOLVED_REQUIRES_MANUAL_BINDING
1778706900,1778707200,VIX,VIX,M5,Bid,18.88,18.88,18.87,18.87,11,20,0,MT5_PY_API_UNIX_SECONDS,UNRESOLVED_REQUIRES_MANUAL_BINDING
1778707200,1778707500,VIX,VIX,M5,Bid,18.87,18.87,18.77,18.78,32,20,0,MT5_PY_API_UNIX_SECONDS,UNRESOLVED_REQUIRES_MANUAL_BINDING
1778707500,1778707800,VIX,VIX,M5,Bid,18.81,18.82,18.78,18.78,19,20,0,MT5_PY_API_UNIX_SECONDS,UNRESOLVED_REQUIRES_MANUAL_BINDING
1778707800,1778708100,VIX,VIX,M5,Bid,18.78,18.78,18.77,18.78,11,20,0,MT5_PY_API_UNIX_SECONDS,UNRESOLVED_REQUIRES_MANUAL_BINDING
1778708100,1778708400,VIX,VIX,M5,Bid,18.78,18.82,18.77,18.78,17,20,0,MT5_PY_API_UNIX_SECONDS,UNRESOLVED_REQUIRES_MANUAL_BINDING
1778708400,1778708700,VIX,VIX,M5,Bid,18.77,18.82,18.77,18.82,9,20,0,MT5_PY_API_UNIX_SECONDS,UNRESOLVED_REQUIRES_MANUAL_BINDING
1778708700,1778709000,VIX,VIX,M5,Bid,18.82,18.83,18.81,18.82,21,20,0,MT5_PY_API_UNIX_SECONDS,UNRESOLVED_REQUIRES_MANUAL_BINDING
1778709000,1778709300,VIX,VIX,M5,Bid,18.82,18.82,18.77,18.77,20,20,0,MT5_PY_API_UNIX_SECONDS,UNRESOLVED_REQUIRES_MANUAL_BINDING
1778709300,1778709600,VIX,VIX,M5,Bid,18.78,18.78,18.77,18.78,6,20,0,MT5_PY_API_UNIX_SECONDS,UNRESOLVED_REQUIRES_MANUAL_BINDING
1778709600,1778709900,VIX,VIX,M5,Bid,18.77,18.83,18.77,18.81,32,20,0,MT5_PY_API_UNIX_SECONDS,UNRESOLVED_REQUIRES_MANUAL_BINDING
1778709900,1778710200,VIX,VIX,M5,Bid,18.82,18.83,18.81,18.82,13,20,0,MT5_PY_API_UNIX_SECONDS,UNRESOLVED_REQUIRES_MANUAL_BINDING
1778710200,1778710500,VIX,VIX,M5,Bid,18.83,18.83,18.81,18.82,5,20,0,MT5_PY_API_UNIX_SECONDS,UNRESOLVED_REQUIRES_MANUAL_BINDING
1778710500,1778710800,VIX,VIX,M5,Bid,18.83,18.87,18.82,18.87,32,20,0,MT5_PY_API_UNIX_SECONDS,UNRESOLVED_REQUIRES_MANUAL_BINDING
1778710800,1778711100,VIX,VIX,M5,Bid,18.86,18.87,18.81,18.81,14,20,0,MT5_PY_API_UNIX_SECONDS,UNRESOLVED_REQUIRES_MANUAL_BINDING
1778711100,1778711400,VIX,VIX,M5,Bid,18.82,18.83,18.81,18.82,15,20,0,MT5_PY_API_UNIX_SECONDS,UNRESOLVED_REQUIRES_MANUAL_BINDING
1778711400,1778711700,VIX,VIX,M5,Bid,18.83,18.87,18.83,18.83,26,20,0,MT5_PY_API_UNIX_SECONDS,UNRESOLVED_REQUIRES_MANUAL_BINDING
1778711700,1778712000,VIX,VIX,M5,Bid,18.86,18.87,18.83,18.87,3,21,0,MT5_PY_API_UNIX_SECONDS,UNRESOLVED_REQUIRES_MANUAL_BINDING
1778712000,1778712300,VIX,VIX,M5,Bid,18.87,18.92,18.86,18.92,62,20,0,MT5_PY_API_UNIX_SECONDS,UNRESOLVED_REQUIRES_MANUAL_BINDING
1778712300,1778712600,VIX,VIX,M5,Bid,18.92,18.93,18.91,18.92,27,20,0,MT5_PY_API_UNIX_SECONDS,UNRESOLVED_REQUIRES_MANUAL_BINDING
1778712600,1778712900,VIX,VIX,M5,Bid,18.93,19.07,18.92,18.98,83,20,0,MT5_PY_API_UNIX_SECONDS,UNRESOLVED_REQUIRES_MANUAL_BINDING
1778712900,1778713200,VIX,VIX,M5,Bid,19.01,19.02,18.93,18.96,22,20,0,MT5_PY_API_UNIX_SECONDS,UNRESOLVED_REQUIRES_MANUAL_BINDING
1778713200,1778713500,VIX,VIX,M5,Bid,18.93,18.93,18.92,18.92,10,20,0,MT5_PY_API_UNIX_SECONDS,UNRESOLVED_REQUIRES_MANUAL_BINDING
1778713500,1778713800,VIX,VIX,M5,Bid,18.92,18.92,18.88,18.92,5,20,0,MT5_PY_API_UNIX_SECONDS,UNRESOLVED_REQUIRES_MANUAL_BINDING
1778713800,1778714100,VIX,VIX,M5,Bid,18.92,18.92,18.91,18.92,5,20,0,MT5_PY_API_UNIX_SECONDS,UNRESOLVED_REQUIRES_MANUAL_BINDING
1778715000,1778715300,VIX,VIX,M5,Bid,18.88,18.88,18.88,18.88,1,21,0,MT5_PY_API_UNIX_SECONDS,UNRESOLVED_REQUIRES_MANUAL_BINDING
1778715600,1778715900,VIX,VIX,M5,Bid,18.87,18.88,18.87,18.87,4,20,0,MT5_PY_API_UNIX_SECONDS,UNRESOLVED_REQUIRES_MANUAL_BINDING
1778716200,1778716500,VIX,VIX,M5,Bid,18.82,18.82,18.82,18.82,1,21,0,MT5_PY_API_UNIX_SECONDS,UNRESOLVED_REQUIRES_MANUAL_BINDING
1778716500,1778716800,VIX,VIX,M5,Bid,18.83,18.83,18.83,18.83,1,20,0,MT5_PY_API_UNIX_SECONDS,UNRESOLVED_REQUIRES_MANUAL_BINDING
1778720400,1778720700,VIX,VIX,M5,Bid,20.82,20.82,20.8,20.8,2,21,0,MT5_PY_API_UNIX_SECONDS,UNRESOLVED_REQUIRES_MANUAL_BINDING
1778720700,1778721000,VIX,VIX,M5,Bid,20.82,20.82,20.8,20.8,2,21,0,MT5_PY_API_UNIX_SECONDS,UNRESOLVED_REQUIRES_MANUAL_BINDING
1778721000,1778721300,VIX,VIX,M5,Bid,20.77,20.77,20.77,20.77,1,21,0,MT5_PY_API_UNIX_SECONDS,UNRESOLVED_REQUIRES_MANUAL_BINDING
1778721300,1778721600,VIX,VIX,M5,Bid,20.8,20.8,20.77,20.77,2,21,0,MT5_PY_API_UNIX_SECONDS,UNRESOLVED_REQUIRES_MANUAL_BINDING
1778721600,1778721900,VIX,VIX,M5,Bid,20.79,20.8,20.79,20.8,2,21,0,MT5_PY_API_UNIX_SECONDS,UNRESOLVED_REQUIRES_MANUAL_BINDING
1778721900,1778722200,VIX,VIX,M5,Bid,20.8,20.81,20.8,20.81,6,21,0,MT5_PY_API_UNIX_SECONDS,UNRESOLVED_REQUIRES_MANUAL_BINDING
1778722200,1778722500,VIX,VIX,M5,Bid,20.8,20.81,20.8,20.81,2,21,0,MT5_PY_API_UNIX_SECONDS,UNRESOLVED_REQUIRES_MANUAL_BINDING
1778722500,1778722800,VIX,VIX,M5,Bid,20.8,20.81,20.8,20.81,4,21,0,MT5_PY_API_UNIX_SECONDS,UNRESOLVED_REQUIRES_MANUAL_BINDING
1778723100,1778723400,VIX,VIX,M5,Bid,20.8,20.8,20.77,20.78,10,21,0,MT5_PY_API_UNIX_SECONDS,UNRESOLVED_REQUIRES_MANUAL_BINDING
1778723400,1778723700,VIX,VIX,M5,Bid,20.77,20.78,20.77,20.77,5,21,0,MT5_PY_API_UNIX_SECONDS,UNRESOLVED_REQUIRES_MANUAL_BINDING
1778723700,1778724000,VIX,VIX,M5,Bid,20.77,20.77,20.77,20.77,2,21,0,MT5_PY_API_UNIX_SECONDS,UNRESOLVED_REQUIRES_MANUAL_BINDING
1778724000,1778724300,VIX,VIX,M5,Bid,20.76,20.77,20.75,20.76,17,21,0,MT5_PY_API_UNIX_SECONDS,UNRESOLVED_REQUIRES_MANUAL_BINDING
1778724300,1778724600,VIX,VIX,M5,Bid,20.75,20.75,20.74,20.74,5,21,0,MT5_PY_API_UNIX_SECONDS,UNRESOLVED_REQUIRES_MANUAL_BINDING
1778724900,1778725200,VIX,VIX,M5,Bid,20.74,20.75,20.74,20.74,3,21,0,MT5_PY_API_UNIX_SECONDS,UNRESOLVED_REQUIRES_MANUAL_BINDING
1778725200,1778725500,VIX,VIX,M5,Bid,20.73,20.73,20.73,20.73,1,21,0,MT5_PY_API_UNIX_SECONDS,UNRESOLVED_REQUIRES_MANUAL_BINDING
1778725500,1778725800,VIX,VIX,M5,Bid,20.74,20.74,20.72,20.73,4,21,0,MT5_PY_API_UNIX_SECONDS,UNRESOLVED_REQUIRES_MANUAL_BINDING
1778726700,1778727000,VIX,VIX,M5,Bid,20.73,20.74,20.73,20.74,4,21,0,MT5_PY_API_UNIX_SECONDS,UNRESOLVED_REQUIRES_MANUAL_BINDING
1778727000,1778727300,VIX,VIX,M5,Bid,20.73,20.74,20.7,20.71,13,21,0,MT5_PY_API_UNIX_SECONDS,UNRESOLVED_REQUIRES_MANUAL_BINDING
1778727300,1778727600,VIX,VIX,M5,Bid,20.7,20.74,20.7,20.74,11,21,0,MT5_PY_API_UNIX_SECONDS,UNRESOLVED_REQUIRES_MANUAL_BINDING
1778727600,1778727900,VIX,VIX,M5,Bid,20.73,20.75,20.73,20.74,22,21,0,MT5_PY_API_UNIX_SECONDS,UNRESOLVED_REQUIRES_MANUAL_BINDING
1778727900,1778728200,VIX,VIX,M5,Bid,20.75,20.75,20.74,20.75,8,21,0,MT5_PY_API_UNIX_SECONDS,UNRESOLVED_REQUIRES_MANUAL_BINDING
1778728200,1778728500,VIX,VIX,M5,Bid,20.74,20.75,20.74,20.74,4,21,0,MT5_PY_API_UNIX_SECONDS,UNRESOLVED_REQUIRES_MANUAL_BINDING
1778728500,1778728800,VIX,VIX,M5,Bid,20.71,20.74,20.7,20.73,21,21,0,MT5_PY_API_UNIX_SECONDS,UNRESOLVED_REQUIRES_MANUAL_BINDING
1778728800,1778729100,VIX,VIX,M5,Bid,20.73,20.74,20.73,20.74,16,21,0,MT5_PY_API_UNIX_SECONDS,UNRESOLVED_REQUIRES_MANUAL_BINDING
1778729100,1778729400,VIX,VIX,M5,Bid,20.73,20.75,20.73,20.74,8,21,0,MT5_PY_API_UNIX_SECONDS,UNRESOLVED_REQUIRES_MANUAL_BINDING
1778729400,1778729700,VIX,VIX,M5,Bid,20.74,20.74,20.73,20.74,9,21,0,MT5_PY_API_UNIX_SECONDS,UNRESOLVED_REQUIRES_MANUAL_BINDING
1778729700,1778730000,VIX,VIX,M5,Bid,20.73,20.74,20.73,20.73,3,21,0,MT5_PY_API_UNIX_SECONDS,UNRESOLVED_REQUIRES_MANUAL_BINDING
1778730000,1778730300,VIX,VIX,M5,Bid,20.73,20.73,20.73,20.73,1,21,0,MT5_PY_API_UNIX_SECONDS,UNRESOLVED_REQUIRES_MANUAL_BINDING
1778730300,1778730600,VIX,VIX,M5,Bid,20.74,20.74,20.74,20.74,1,21,0,MT5_PY_API_UNIX_SECONDS,UNRESOLVED_REQUIRES_MANUAL_BINDING
1778731800,1778732100,VIX,VIX,M5,Bid,20.73,20.74,20.73,20.74,2,21,0,MT5_PY_API_UNIX_SECONDS,UNRESOLVED_REQUIRES_MANUAL_BINDING
1778732100,1778732400,VIX,VIX,M5,Bid,20.73,20.74,20.73,20.74,4,21,0,MT5_PY_API_UNIX_SECONDS,UNRESOLVED_REQUIRES_MANUAL_BINDING
1778732400,1778732700,VIX,VIX,M5,Bid,20.73,20.74,20.7,20.71,10,21,0,MT5_PY_API_UNIX_SECONDS,UNRESOLVED_REQUIRES_MANUAL_BINDING
1778732700,1778733000,VIX,VIX,M5,Bid,20.7,20.71,20.7,20.7,8,21,0,MT5_PY_API_UNIX_SECONDS,UNRESOLVED_REQUIRES_MANUAL_BINDING
1778733000,1778733300,VIX,VIX,M5,Bid,20.71,20.74,20.71,20.74,5,21,0,MT5_PY_API_UNIX_SECONDS,UNRESOLVED_REQUIRES_MANUAL_BINDING
1778733300,1778733600,VIX,VIX,M5,Bid,20.73,20.73,20.73,20.73,1,21,0,MT5_PY_API_UNIX_SECONDS,UNRESOLVED_REQUIRES_MANUAL_BINDING
1778733600,1778733900,VIX,VIX,M5,Bid,20.73,20.74,20.73,20.73,10,21,0,MT5_PY_API_UNIX_SECONDS,UNRESOLVED_REQUIRES_MANUAL_BINDING
1778733900,1778734200,VIX,VIX,M5,Bid,20.74,20.74,20.73,20.73,4,21,0,MT5_PY_API_UNIX_SECONDS,UNRESOLVED_REQUIRES_MANUAL_BINDING
1778734200,1778734500,VIX,VIX,M5,Bid,20.74,20.74,20.73,20.73,8,21,0,MT5_PY_API_UNIX_SECONDS,UNRESOLVED_REQUIRES_MANUAL_BINDING
1778734500,1778734800,VIX,VIX,M5,Bid,20.73,20.74,20.73,20.73,5,21,0,MT5_PY_API_UNIX_SECONDS,UNRESOLVED_REQUIRES_MANUAL_BINDING
1778734800,1778735100,VIX,VIX,M5,Bid,20.73,20.74,20.73,20.73,8,21,0,MT5_PY_API_UNIX_SECONDS,UNRESOLVED_REQUIRES_MANUAL_BINDING
1778735100,1778735400,VIX,VIX,M5,Bid,20.73,20.74,20.73,20.73,7,21,0,MT5_PY_API_UNIX_SECONDS,UNRESOLVED_REQUIRES_MANUAL_BINDING
1778735400,1778735700,VIX,VIX,M5,Bid,20.73,20.74,20.73,20.74,2,21,0,MT5_PY_API_UNIX_SECONDS,UNRESOLVED_REQUIRES_MANUAL_BINDING
1778735700,1778736000,VIX,VIX,M5,Bid,20.75,20.75,20.74,20.74,4,21,0,MT5_PY_API_UNIX_SECONDS,UNRESOLVED_REQUIRES_MANUAL_BINDING
1778737500,1778737800,VIX,VIX,M5,Bid,20.75,20.75,20.74,20.75,13,21,0,MT5_PY_API_UNIX_SECONDS,UNRESOLVED_REQUIRES_MANUAL_BINDING
1778738400,1778738700,VIX,VIX,M5,Bid,20.74,20.75,20.74,20.75,2,21,0,MT5_PY_API_UNIX_SECONDS,UNRESOLVED_REQUIRES_MANUAL_BINDING
1778738700,1778739000,VIX,VIX,M5,Bid,20.75,20.75,20.75,20.75,1,21,0,MT5_PY_API_UNIX_SECONDS,UNRESOLVED_REQUIRES_MANUAL_BINDING
1778739000,1778739300,VIX,VIX,M5,Bid,20.75,20.75,20.75,20.75,1,21,0,MT5_PY_API_UNIX_SECONDS,UNRESOLVED_REQUIRES_MANUAL_BINDING
1778739300,1778739600,VIX,VIX,M5,Bid,20.74,20.75,20.74,20.75,9,21,0,MT5_PY_API_UNIX_SECONDS,UNRESOLVED_REQUIRES_MANUAL_BINDING
1778739600,1778739900,VIX,VIX,M5,Bid,20.74,20.75,20.74,20.74,14,21,0,MT5_PY_API_UNIX_SECONDS,UNRESOLVED_REQUIRES_MANUAL_BINDING
1778739900,1778740200,VIX,VIX,M5,Bid,20.75,20.75,20.74,20.74,7,21,0,MT5_PY_API_UNIX_SECONDS,UNRESOLVED_REQUIRES_MANUAL_BINDING
1778740200,1778740500,VIX,VIX,M5,Bid,20.75,20.75,20.74,20.75,3,21,0,MT5_PY_API_UNIX_SECONDS,UNRESOLVED_REQUIRES_MANUAL_BINDING
1778740500,1778740800,VIX,VIX,M5,Bid,20.74,20.75,20.74,20.74,4,21,0,MT5_PY_API_UNIX_SECONDS,UNRESOLVED_REQUIRES_MANUAL_BINDING
1778740800,1778741100,VIX,VIX,M5,Bid,20.75,20.75,20.74,20.75,9,21,0,MT5_PY_API_UNIX_SECONDS,UNRESOLVED_REQUIRES_MANUAL_BINDING
1778741100,1778741400,VIX,VIX,M5,Bid,20.74,20.75,20.74,20.75,6,21,0,MT5_PY_API_UNIX_SECONDS,UNRESOLVED_REQUIRES_MANUAL_BINDING
1778741400,1778741700,VIX,VIX,M5,Bid,20.75,20.75,20.75,20.75,1,21,0,MT5_PY_API_UNIX_SECONDS,UNRESOLVED_REQUIRES_MANUAL_BINDING
1778741700,1778742000,VIX,VIX,M5,Bid,20.75,20.79,20.75,20.76,18,21,0,MT5_PY_API_UNIX_SECONDS,UNRESOLVED_REQUIRES_MANUAL_BINDING
1778742000,1778742300,VIX,VIX,M5,Bid,20.75,20.79,20.75,20.79,10,21,0,MT5_PY_API_UNIX_SECONDS,UNRESOLVED_REQUIRES_MANUAL_BINDING
1778742300,1778742600,VIX,VIX,M5,Bid,20.78,20.79,20.76,20.76,3,21,0,MT5_PY_API_UNIX_SECONDS,UNRESOLVED_REQUIRES_MANUAL_BINDING
1778742600,1778742900,VIX,VIX,M5,Bid,20.75,20.79,20.75,20.78,14,21,0,MT5_PY_API_UNIX_SECONDS,UNRESOLVED_REQUIRES_MANUAL_BINDING
1778742900,1778743200,VIX,VIX,M5,Bid,20.78,20.78,20.75,20.76,9,21,0,MT5_PY_API_UNIX_SECONDS,UNRESOLVED_REQUIRES_MANUAL_BINDING
1778743200,1778743500,VIX,VIX,M5,Bid,20.75,20.76,20.75,20.75,5,21,0,MT5_PY_API_UNIX_SECONDS,UNRESOLVED_REQUIRES_MANUAL_BINDING
1778743500,1778743800,VIX,VIX,M5,Bid,20.75,20.76,20.75,20.76,9,21,0,MT5_PY_API_UNIX_SECONDS,UNRESOLVED_REQUIRES_MANUAL_BINDING
1778743800,1778744100,VIX,VIX,M5,Bid,20.75,20.76,20.75,20.76,4,21,0,MT5_PY_API_UNIX_SECONDS,UNRESOLVED_REQUIRES_MANUAL_BINDING
1778744100,1778744400,VIX,VIX,M5,Bid,20.75,20.76,20.75,20.75,3,21,0,MT5_PY_API_UNIX_SECONDS,UNRESOLVED_REQUIRES_MANUAL_BINDING
1778744400,1778744700,VIX,VIX,M5,Bid,20.76,20.76,20.75,20.76,5,21,0,MT5_PY_API_UNIX_SECONDS,UNRESOLVED_REQUIRES_MANUAL_BINDING
1778744700,1778745000,VIX,VIX,M5,Bid,20.75,20.76,20.75,20.76,4,21,0,MT5_PY_API_UNIX_SECONDS,UNRESOLVED_REQUIRES_MANUAL_BINDING
1778745000,1778745300,VIX,VIX,M5,Bid,20.77,20.77,20.75,20.76,10,21,0,MT5_PY_API_UNIX_SECONDS,UNRESOLVED_REQUIRES_MANUAL_BINDING
1778745300,1778745600,VIX,VIX,M5,Bid,20.75,20.76,20.75,20.76,4,21,0,MT5_PY_API_UNIX_SECONDS,UNRESOLVED_REQUIRES_MANUAL_BINDING
1778745900,1778746200,VIX,VIX,M5,Bid,20.77,20.77,20.76,20.77,7,21,0,MT5_PY_API_UNIX_SECONDS,UNRESOLVED_REQUIRES_MANUAL_BINDING
1778746200,1778746500,VIX,VIX,M5,Bid,20.76,20.77,20.76,20.77,21,21,0,MT5_PY_API_UNIX_SECONDS,UNRESOLVED_REQUIRES_MANUAL_BINDING
1778746800,1778747100,VIX,VIX,M5,Bid,20.77,20.78,20.77,20.77,7,21,0,MT5_PY_API_UNIX_SECONDS,UNRESOLVED_REQUIRES_MANUAL_BINDING
1778747100,1778747400,VIX,VIX,M5,Bid,20.77,20.78,20.77,20.77,10,21,0,MT5_PY_API_UNIX_SECONDS,UNRESOLVED_REQUIRES_MANUAL_BINDING
1778747400,1778747700,VIX,VIX,M5,Bid,20.78,20.78,20.77,20.78,9,21,0,MT5_PY_API_UNIX_SECONDS,UNRESOLVED_REQUIRES_MANUAL_BINDING
1778747700,1778748000,VIX,VIX,M5,Bid,20.77,20.78,20.77,20.78,6,21,0,MT5_PY_API_UNIX_SECONDS,UNRESOLVED_REQUIRES_MANUAL_BINDING
1778748000,1778748300,VIX,VIX,M5,Bid,20.77,20.78,20.77,20.77,8,21,0,MT5_PY_API_UNIX_SECONDS,UNRESOLVED_REQUIRES_MANUAL_BINDING
1778748300,1778748600,VIX,VIX,M5,Bid,20.76,20.77,20.7,20.74,36,21,0,MT5_PY_API_UNIX_SECONDS,UNRESOLVED_REQUIRES_MANUAL_BINDING
1778748600,1778748900,VIX,VIX,M5,Bid,20.73,20.74,20.73,20.73,21,21,0,MT5_PY_API_UNIX_SECONDS,UNRESOLVED_REQUIRES_MANUAL_BINDING
1778748900,1778749200,VIX,VIX,M5,Bid,20.73,20.74,20.73,20.73,14,21,0,MT5_PY_API_UNIX_SECONDS,UNRESOLVED_REQUIRES_MANUAL_BINDING
1778749200,1778749500,VIX,VIX,M5,Bid,20.73,20.74,20.69,20.72,16,21,0,MT5_PY_API_UNIX_SECONDS,UNRESOLVED_REQUIRES_MANUAL_BINDING
1778749500,1778749800,VIX,VIX,M5,Bid,20.72,20.72,20.69,20.7,21,21,0,MT5_PY_API_UNIX_SECONDS,UNRESOLVED_REQUIRES_MANUAL_BINDING
1778749800,1778750100,VIX,VIX,M5,Bid,20.73,20.73,20.72,20.73,3,21,0,MT5_PY_API_UNIX_SECONDS,UNRESOLVED_REQUIRES_MANUAL_BINDING
1778750100,1778750400,VIX,VIX,M5,Bid,20.73,20.74,20.73,20.73,9,21,0,MT5_PY_API_UNIX_SECONDS,UNRESOLVED_REQUIRES_MANUAL_BINDING
1778750400,1778750700,VIX,VIX,M5,Bid,20.73,20.74,20.7,20.73,8,21,0,MT5_PY_API_UNIX_SECONDS,UNRESOLVED_REQUIRES_MANUAL_BINDING
1778750700,1778751000,VIX,VIX,M5,Bid,20.72,20.74,20.72,20.74,5,21,0,MT5_PY_API_UNIX_SECONDS,UNRESOLVED_REQUIRES_MANUAL_BINDING
1778751000,1778751300,VIX,VIX,M5,Bid,20.73,20.74,20.73,20.74,2,21,0,MT5_PY_API_UNIX_SECONDS,UNRESOLVED_REQUIRES_MANUAL_BINDING
1778751300,1778751600,VIX,VIX,M5,Bid,20.72,20.73,20.72,20.72,17,21,0,MT5_PY_API_UNIX_SECONDS,UNRESOLVED_REQUIRES_MANUAL_BINDING
1778751600,1778751900,VIX,VIX,M5,Bid,20.73,20.73,20.7,20.73,13,21,0,MT5_PY_API_UNIX_SECONDS,UNRESOLVED_REQUIRES_MANUAL_BINDING
1778751900,1778752200,VIX,VIX,M5,Bid,20.7,20.73,20.7,20.7,6,21,0,MT5_PY_API_UNIX_SECONDS,UNRESOLVED_REQUIRES_MANUAL_BINDING
1778752500,1778752800,VIX,VIX,M5,Bid,20.71,20.73,20.7,20.73,10,21,0,MT5_PY_API_UNIX_SECONDS,UNRESOLVED_REQUIRES_MANUAL_BINDING
1778752800,1778753100,VIX,VIX,M5,Bid,20.72,20.73,20.72,20.73,28,21,0,MT5_PY_API_UNIX_SECONDS,UNRESOLVED_REQUIRES_MANUAL_BINDING
1778753100,1778753400,VIX,VIX,M5,Bid,20.72,20.73,20.72,20.72,8,21,0,MT5_PY_API_UNIX_SECONDS,UNRESOLVED_REQUIRES_MANUAL_BINDING
1778753400,1778753700,VIX,VIX,M5,Bid,20.71,20.72,20.71,20.71,11,21,0,MT5_PY_API_UNIX_SECONDS,UNRESOLVED_REQUIRES_MANUAL_BINDING
1778753700,1778754000,VIX,VIX,M5,Bid,20.71,20.71,20.7,20.71,3,21,0,MT5_PY_API_UNIX_SECONDS,UNRESOLVED_REQUIRES_MANUAL_BINDING
1778754000,1778754300,VIX,VIX,M5,Bid,20.71,20.72,20.71,20.71,5,21,0,MT5_PY_API_UNIX_SECONDS,UNRESOLVED_REQUIRES_MANUAL_BINDING
1778754300,1778754600,VIX,VIX,M5,Bid,20.71,20.71,20.7,20.7,4,21,0,MT5_PY_API_UNIX_SECONDS,UNRESOLVED_REQUIRES_MANUAL_BINDING
1778754600,1778754900,VIX,VIX,M5,Bid,20.7,20.7,20.69,20.69,10,21,0,MT5_PY_API_UNIX_SECONDS,UNRESOLVED_REQUIRES_MANUAL_BINDING
1778754900,1778755200,VIX,VIX,M5,Bid,20.68,20.69,20.68,20.69,2,21,0,MT5_PY_API_UNIX_SECONDS,UNRESOLVED_REQUIRES_MANUAL_BINDING
1778755200,1778755500,VIX,VIX,M5,Bid,20.68,20.69,20.68,20.69,2,21,0,MT5_PY_API_UNIX_SECONDS,UNRESOLVED_REQUIRES_MANUAL_BINDING
1778755500,1778755800,VIX,VIX,M5,Bid,20.68,20.69,20.68,20.68,7,21,0,MT5_PY_API_UNIX_SECONDS,UNRESOLVED_REQUIRES_MANUAL_BINDING
1778755800,1778756100,VIX,VIX,M5,Bid,20.68,20.72,20.68,20.71,15,21,0,MT5_PY_API_UNIX_SECONDS,UNRESOLVED_REQUIRES_MANUAL_BINDING
1778756100,1778756400,VIX,VIX,M5,Bid,20.71,20.75,20.7,20.74,12,21,0,MT5_PY_API_UNIX_SECONDS,UNRESOLVED_REQUIRES_MANUAL_BINDING
1778756400,1778756700,VIX,VIX,M5,Bid,20.73,20.77,20.72,20.76,48,21,0,MT5_PY_API_UNIX_SECONDS,UNRESOLVED_REQUIRES_MANUAL_BINDING
1778756700,1778757000,VIX,VIX,M5,Bid,20.76,20.76,20.73,20.76,17,21,0,MT5_PY_API_UNIX_SECONDS,UNRESOLVED_REQUIRES_MANUAL_BINDING
1778757000,1778757300,VIX,VIX,M5,Bid,20.74,20.74,20.73,20.73,14,21,0,MT5_PY_API_UNIX_SECONDS,UNRESOLVED_REQUIRES_MANUAL_BINDING
1778757300,1778757600,VIX,VIX,M5,Bid,20.72,20.73,20.69,20.7,21,21,0,MT5_PY_API_UNIX_SECONDS,UNRESOLVED_REQUIRES_MANUAL_BINDING
1778757600,1778757900,VIX,VIX,M5,Bid,20.69,20.7,20.69,20.7,6,21,0,MT5_PY_API_UNIX_SECONDS,UNRESOLVED_REQUIRES_MANUAL_BINDING
1778757900,1778758200,VIX,VIX,M5,Bid,20.69,20.7,20.68,20.69,28,21,0,MT5_PY_API_UNIX_SECONDS,UNRESOLVED_REQUIRES_MANUAL_BINDING
1778758200,1778758500,VIX,VIX,M5,Bid,20.68,20.68,20.65,20.65,17,21,0,MT5_PY_API_UNIX_SECONDS,UNRESOLVED_REQUIRES_MANUAL_BINDING
1778758500,1778758800,VIX,VIX,M5,Bid,20.64,20.65,20.63,20.64,22,21,0,MT5_PY_API_UNIX_SECONDS,UNRESOLVED_REQUIRES_MANUAL_BINDING
1778758800,1778759100,VIX,VIX,M5,Bid,20.63,20.67,20.63,20.67,15,21,0,MT5_PY_API_UNIX_SECONDS,UNRESOLVED_REQUIRES_MANUAL_BINDING
1778759100,1778759400,VIX,VIX,M5,Bid,20.66,20.67,20.64,20.65,14,21,0,MT5_PY_API_UNIX_SECONDS,UNRESOLVED_REQUIRES_MANUAL_BINDING
1778759400,1778759700,VIX,VIX,M5,Bid,20.64,20.65,20.64,20.64,6,21,0,MT5_PY_API_UNIX_SECONDS,UNRESOLVED_REQUIRES_MANUAL_BINDING
1778759700,1778760000,VIX,VIX,M5,Bid,20.64,20.65,20.64,20.64,11,21,0,MT5_PY_API_UNIX_SECONDS,UNRESOLVED_REQUIRES_MANUAL_BINDING
1778760000,1778760300,VIX,VIX,M5,Bid,20.64,20.68,20.64,20.67,15,21,0,MT5_PY_API_UNIX_SECONDS,UNRESOLVED_REQUIRES_MANUAL_BINDING
1778760300,1778760600,VIX,VIX,M5,Bid,20.68,20.68,20.67,20.68,5,21,0,MT5_PY_API_UNIX_SECONDS,UNRESOLVED_REQUIRES_MANUAL_BINDING
1778760600,1778760900,VIX,VIX,M5,Bid,20.67,20.71,20.67,20.68,36,21,0,MT5_PY_API_UNIX_SECONDS,UNRESOLVED_REQUIRES_MANUAL_BINDING
1778760900,1778761200,VIX,VIX,M5,Bid,20.69,20.69,20.67,20.68,9,21,0,MT5_PY_API_UNIX_SECONDS,UNRESOLVED_REQUIRES_MANUAL_BINDING
1778761200,1778761500,VIX,VIX,M5,Bid,20.67,20.68,20.67,20.67,8,21,0,MT5_PY_API_UNIX_SECONDS,UNRESOLVED_REQUIRES_MANUAL_BINDING
1778761500,1778761800,VIX,VIX,M5,Bid,20.67,20.68,20.67,20.67,6,21,0,MT5_PY_API_UNIX_SECONDS,UNRESOLVED_REQUIRES_MANUAL_BINDING
1778761800,1778762100,VIX,VIX,M5,Bid,20.68,20.68,20.67,20.67,24,21,0,MT5_PY_API_UNIX_SECONDS,UNRESOLVED_REQUIRES_MANUAL_BINDING
1778762100,1778762400,VIX,VIX,M5,Bid,20.68,20.76,20.67,20.74,40,21,0,MT5_PY_API_UNIX_SECONDS,UNRESOLVED_REQUIRES_MANUAL_BINDING
1778762400,1778762700,VIX,VIX,M5,Bid,20.74,20.74,20.7,20.7,20,21,0,MT5_PY_API_UNIX_SECONDS,UNRESOLVED_REQUIRES_MANUAL_BINDING
1778762700,1778763000,VIX,VIX,M5,Bid,20.71,20.71,20.67,20.67,9,21,0,MT5_PY_API_UNIX_SECONDS,UNRESOLVED_REQUIRES_MANUAL_BINDING
1778763000,1778763300,VIX,VIX,M5,Bid,20.66,20.69,20.66,20.68,17,21,0,MT5_PY_API_UNIX_SECONDS,UNRESOLVED_REQUIRES_MANUAL_BINDING
1778763300,1778763600,VIX,VIX,M5,Bid,20.66,20.66,20.65,20.66,5,21,0,MT5_PY_API_UNIX_SECONDS,UNRESOLVED_REQUIRES_MANUAL_BINDING
1778763600,1778763900,VIX,VIX,M5,Bid,20.65,20.66,20.65,20.65,12,21,0,MT5_PY_API_UNIX_SECONDS,UNRESOLVED_REQUIRES_MANUAL_BINDING
1778763900,1778764200,VIX,VIX,M5,Bid,20.65,20.66,20.65,20.65,6,21,0,MT5_PY_API_UNIX_SECONDS,UNRESOLVED_REQUIRES_MANUAL_BINDING
1778764200,1778764500,VIX,VIX,M5,Bid,20.64,20.65,20.61,20.64,31,21,0,MT5_PY_API_UNIX_SECONDS,UNRESOLVED_REQUIRES_MANUAL_BINDING
1778764500,1778764800,VIX,VIX,M5,Bid,20.63,20.64,20.61,20.62,10,21,0,MT5_PY_API_UNIX_SECONDS,UNRESOLVED_REQUIRES_MANUAL_BINDING
1778764800,1778765100,VIX,VIX,M5,Bid,20.64,20.66,20.62,20.66,20,21,0,MT5_PY_API_UNIX_SECONDS,UNRESOLVED_REQUIRES_MANUAL_BINDING
1778765100,1778765400,VIX,VIX,M5,Bid,20.65,20.65,20.64,20.65,10,21,0,MT5_PY_API_UNIX_SECONDS,UNRESOLVED_REQUIRES_MANUAL_BINDING
1778765400,1778765700,VIX,VIX,M5,Bid,20.64,20.65,20.64,20.65,5,21,0,MT5_PY_API_UNIX_SECONDS,UNRESOLVED_REQUIRES_MANUAL_BINDING
1778765700,1778766000,VIX,VIX,M5,Bid,20.65,20.65,20.64,20.65,4,21,0,MT5_PY_API_UNIX_SECONDS,UNRESOLVED_REQUIRES_MANUAL_BINDING
1778766000,1778766300,VIX,VIX,M5,Bid,20.65,20.68,20.65,20.67,11,21,0,MT5_PY_API_UNIX_SECONDS,UNRESOLVED_REQUIRES_MANUAL_BINDING
1778766300,1778766600,VIX,VIX,M5,Bid,20.67,20.67,20.66,20.66,6,21,0,MT5_PY_API_UNIX_SECONDS,UNRESOLVED_REQUIRES_MANUAL_BINDING
1778766600,1778766900,VIX,VIX,M5,Bid,20.63,20.64,20.6,20.6,29,21,0,MT5_PY_API_UNIX_SECONDS,UNRESOLVED_REQUIRES_MANUAL_BINDING
1778766900,1778767200,VIX,VIX,M5,Bid,20.61,20.65,20.6,20.64,18,21,0,MT5_PY_API_UNIX_SECONDS,UNRESOLVED_REQUIRES_MANUAL_BINDING
1778767200,1778767500,VIX,VIX,M5,Bid,20.64,20.65,20.63,20.63,12,21,0,MT5_PY_API_UNIX_SECONDS,UNRESOLVED_REQUIRES_MANUAL_BINDING
1778767500,1778767800,VIX,VIX,M5,Bid,20.64,20.64,20.6,20.61,10,21,0,MT5_PY_API_UNIX_SECONDS,UNRESOLVED_REQUIRES_MANUAL_BINDING
1778767800,1778768100,VIX,VIX,M5,Bid,20.64,20.66,20.64,20.65,6,21,0,MT5_PY_API_UNIX_SECONDS,UNRESOLVED_REQUIRES_MANUAL_BINDING
1778768100,1778768400,VIX,VIX,M5,Bid,20.66,20.66,20.65,20.66,3,21,0,MT5_PY_API_UNIX_SECONDS,UNRESOLVED_REQUIRES_MANUAL_BINDING
1778768400,1778768700,VIX,VIX,M5,Bid,20.65,20.68,20.65,20.65,6,21,0,MT5_PY_API_UNIX_SECONDS,UNRESOLVED_REQUIRES_MANUAL_BINDING
1778768700,1778769000,VIX,VIX,M5,Bid,20.67,20.68,20.67,20.68,3,21,0,MT5_PY_API_UNIX_SECONDS,UNRESOLVED_REQUIRES_MANUAL_BINDING
1778769000,1778769300,VIX,VIX,M5,Bid,20.67,20.67,20.65,20.65,2,21,0,MT5_PY_API_UNIX_SECONDS,UNRESOLVED_REQUIRES_MANUAL_BINDING
1778769300,1778769600,VIX,VIX,M5,Bid,20.65,20.65,20.65,20.65,3,21,0,MT5_PY_API_UNIX_SECONDS,UNRESOLVED_REQUIRES_MANUAL_BINDING
1778769600,1778769900,VIX,VIX,M5,Bid,20.65,20.66,20.65,20.65,6,21,0,MT5_PY_API_UNIX_SECONDS,UNRESOLVED_REQUIRES_MANUAL_BINDING
1778770200,1778770500,VIX,VIX,M5,Bid,20.65,20.65,20.65,20.65,3,21,0,MT5_PY_API_UNIX_SECONDS,UNRESOLVED_REQUIRES_MANUAL_BINDING
1778770500,1778770800,VIX,VIX,M5,Bid,20.66,20.69,20.65,20.69,38,21,0,MT5_PY_API_UNIX_SECONDS,UNRESOLVED_REQUIRES_MANUAL_BINDING
1778770800,1778771100,VIX,VIX,M5,Bid,20.68,20.69,20.65,20.66,11,21,0,MT5_PY_API_UNIX_SECONDS,UNRESOLVED_REQUIRES_MANUAL_BINDING
1778771100,1778771400,VIX,VIX,M5,Bid,20.68,20.69,20.66,20.69,5,21,0,MT5_PY_API_UNIX_SECONDS,UNRESOLVED_REQUIRES_MANUAL_BINDING
1778771400,1778771700,VIX,VIX,M5,Bid,20.7,20.7,20.69,20.7,7,21,0,MT5_PY_API_UNIX_SECONDS,UNRESOLVED_REQUIRES_MANUAL_BINDING
1778771700,1778772000,VIX,VIX,M5,Bid,20.67,20.67,20.66,20.67,11,21,0,MT5_PY_API_UNIX_SECONDS,UNRESOLVED_REQUIRES_MANUAL_BINDING
1778772000,1778772300,VIX,VIX,M5,Bid,20.66,20.71,20.66,20.71,19,21,0,MT5_PY_API_UNIX_SECONDS,UNRESOLVED_REQUIRES_MANUAL_BINDING
1778772600,1778772900,VIX,VIX,M5,Bid,20.7,20.71,20.7,20.7,5,21,0,MT5_PY_API_UNIX_SECONDS,UNRESOLVED_REQUIRES_MANUAL_BINDING
1778772900,1778773200,VIX,VIX,M5,Bid,20.7,20.71,20.7,20.7,4,21,0,MT5_PY_API_UNIX_SECONDS,UNRESOLVED_REQUIRES_MANUAL_BINDING
1778773200,1778773500,VIX,VIX,M5,Bid,20.7,20.71,20.7,20.71,7,21,0,MT5_PY_API_UNIX_SECONDS,UNRESOLVED_REQUIRES_MANUAL_BINDING
1778773500,1778773800,VIX,VIX,M5,Bid,20.7,20.71,20.7,20.7,11,21,0,MT5_PY_API_UNIX_SECONDS,UNRESOLVED_REQUIRES_MANUAL_BINDING
1778773800,1778774100,VIX,VIX,M5,Bid,20.7,20.74,20.7,20.71,25,21,0,MT5_PY_API_UNIX_SECONDS,UNRESOLVED_REQUIRES_MANUAL_BINDING
1778774100,1778774400,VIX,VIX,M5,Bid,20.7,20.71,20.69,20.69,6,21,0,MT5_PY_API_UNIX_SECONDS,UNRESOLVED_REQUIRES_MANUAL_BINDING
1778774400,1778774700,VIX,VIX,M5,Bid,20.7,20.71,20.66,20.7,14,21,0,MT5_PY_API_UNIX_SECONDS,UNRESOLVED_REQUIRES_MANUAL_BINDING
1778774700,1778775000,VIX,VIX,M5,Bid,20.7,20.71,20.7,20.71,4,21,0,MT5_PY_API_UNIX_SECONDS,UNRESOLVED_REQUIRES_MANUAL_BINDING
1778775000,1778775300,VIX,VIX,M5,Bid,20.71,20.72,20.71,20.71,14,21,0,MT5_PY_API_UNIX_SECONDS,UNRESOLVED_REQUIRES_MANUAL_BINDING
1778775300,1778775600,VIX,VIX,M5,Bid,20.71,20.71,20.71,20.71,1,21,0,MT5_PY_API_UNIX_SECONDS,UNRESOLVED_REQUIRES_MANUAL_BINDING
1778775600,1778775900,VIX,VIX,M5,Bid,20.7,20.71,20.7,20.7,5,21,0,MT5_PY_API_UNIX_SECONDS,UNRESOLVED_REQUIRES_MANUAL_BINDING
1778775900,1778776200,VIX,VIX,M5,Bid,20.69,20.7,20.69,20.7,11,21,0,MT5_PY_API_UNIX_SECONDS,UNRESOLVED_REQUIRES_MANUAL_BINDING
1778776200,1778776500,VIX,VIX,M5,Bid,20.73,20.82,20.73,20.81,37,21,0,MT5_PY_API_UNIX_SECONDS,UNRESOLVED_REQUIRES_MANUAL_BINDING
1778776500,1778776800,VIX,VIX,M5,Bid,20.82,20.85,20.75,20.78,45,21,0,MT5_PY_API_UNIX_SECONDS,UNRESOLVED_REQUIRES_MANUAL_BINDING
1778776800,1778777100,VIX,VIX,M5,Bid,20.79,20.89,20.79,20.87,29,21,0,MT5_PY_API_UNIX_SECONDS,UNRESOLVED_REQUIRES_MANUAL_BINDING
1778777100,1778777400,VIX,VIX,M5,Bid,20.86,20.87,20.76,20.78,44,21,0,MT5_PY_API_UNIX_SECONDS,UNRESOLVED_REQUIRES_MANUAL_BINDING
1778777400,1778777700,VIX,VIX,M5,Bid,20.81,20.82,20.77,20.79,81,21,0,MT5_PY_API_UNIX_SECONDS,UNRESOLVED_REQUIRES_MANUAL_BINDING
1778777700,1778778000,VIX,VIX,M5,Bid,20.78,20.83,20.75,20.81,57,21,0,MT5_PY_API_UNIX_SECONDS,UNRESOLVED_REQUIRES_MANUAL_BINDING
1778778000,1778778300,VIX,VIX,M5,Bid,20.8,20.83,20.77,20.77,65,21,0,MT5_PY_API_UNIX_SECONDS,UNRESOLVED_REQUIRES_MANUAL_BINDING
1778778300,1778778600,VIX,VIX,M5,Bid,20.77,20.85,20.77,20.85,50,21,0,MT5_PY_API_UNIX_SECONDS,UNRESOLVED_REQUIRES_MANUAL_BINDING
1778778600,1778778900,VIX,VIX,M5,Bid,20.84,20.86,20.84,20.84,31,21,0,MT5_PY_API_UNIX_SECONDS,UNRESOLVED_REQUIRES_MANUAL_BINDING
1778778900,1778779200,VIX,VIX,M5,Bid,20.84,20.91,20.84,20.91,21,21,0,MT5_PY_API_UNIX_SECONDS,UNRESOLVED_REQUIRES_MANUAL_BINDING
1778779200,1778779500,VIX,VIX,M5,Bid,20.9,20.91,20.89,20.9,22,21,0,MT5_PY_API_UNIX_SECONDS,UNRESOLVED_REQUIRES_MANUAL_BINDING
1778779500,1778779800,VIX,VIX,M5,Bid,20.91,20.95,20.85,20.88,61,21,0,MT5_PY_API_UNIX_SECONDS,UNRESOLVED_REQUIRES_MANUAL_BINDING
1778779800,1778780100,VIX,VIX,M5,Bid,20.87,20.89,20.85,20.85,11,21,0,MT5_PY_API_UNIX_SECONDS,UNRESOLVED_REQUIRES_MANUAL_BINDING
1778780100,1778780400,VIX,VIX,M5,Bid,20.84,20.85,20.81,20.82,23,21,0,MT5_PY_API_UNIX_SECONDS,UNRESOLVED_REQUIRES_MANUAL_BINDING
1778780400,1778780700,VIX,VIX,M5,Bid,20.83,20.86,20.83,20.86,13,21,0,MT5_PY_API_UNIX_SECONDS,UNRESOLVED_REQUIRES_MANUAL_BINDING
1778780700,1778781000,VIX,VIX,M5,Bid,20.85,20.9,20.85,20.89,15,21,0,MT5_PY_API_UNIX_SECONDS,UNRESOLVED_REQUIRES_MANUAL_BINDING
1778781000,1778781300,VIX,VIX,M5,Bid,20.88,20.89,20.83,20.84,31,21,0,MT5_PY_API_UNIX_SECONDS,UNRESOLVED_REQUIRES_MANUAL_BINDING
1778781300,1778781600,VIX,VIX,M5,Bid,20.84,20.89,20.84,20.86,37,21,0,MT5_PY_API_UNIX_SECONDS,UNRESOLVED_REQUIRES_MANUAL_BINDING
1778781600,1778781900,VIX,VIX,M5,Bid,20.85,20.89,20.85,20.85,14,21,0,MT5_PY_API_UNIX_SECONDS,UNRESOLVED_REQUIRES_MANUAL_BINDING
1778781900,1778782200,VIX,VIX,M5,Bid,20.84,20.85,20.81,20.81,14,21,0,MT5_PY_API_UNIX_SECONDS,UNRESOLVED_REQUIRES_MANUAL_BINDING
1778782200,1778782500,VIX,VIX,M5,Bid,20.82,20.82,20.75,20.76,23,21,0,MT5_PY_API_UNIX_SECONDS,UNRESOLVED_REQUIRES_MANUAL_BINDING
1778782500,1778782800,VIX,VIX,M5,Bid,20.76,20.84,20.76,20.83,11,21,0,MT5_PY_API_UNIX_SECONDS,UNRESOLVED_REQUIRES_MANUAL_BINDING
1778782800,1778783100,VIX,VIX,M5,Bid,20.83,20.85,20.83,20.84,12,21,0,MT5_PY_API_UNIX_SECONDS,UNRESOLVED_REQUIRES_MANUAL_BINDING
1778783100,1778783400,VIX,VIX,M5,Bid,20.84,20.88,20.84,20.87,11,21,0,MT5_PY_API_UNIX_SECONDS,UNRESOLVED_REQUIRES_MANUAL_BINDING
1778783400,1778783700,VIX,VIX,M5,Bid,20.86,20.91,20.86,20.9,13,21,0,MT5_PY_API_UNIX_SECONDS,UNRESOLVED_REQUIRES_MANUAL_BINDING
1778783700,1778784000,VIX,VIX,M5,Bid,20.87,20.88,20.83,20.87,10,21,0,MT5_PY_API_UNIX_SECONDS,UNRESOLVED_REQUIRES_MANUAL_BINDING
1778784000,1778784300,VIX,VIX,M5,Bid,20.86,20.88,20.83,20.84,32,21,0,MT5_PY_API_UNIX_SECONDS,UNRESOLVED_REQUIRES_MANUAL_BINDING
1778784300,1778784600,VIX,VIX,M5,Bid,20.83,20.84,20.83,20.83,34,21,0,MT5_PY_API_UNIX_SECONDS,UNRESOLVED_REQUIRES_MANUAL_BINDING
1778784600,1778784900,VIX,VIX,M5,Bid,20.82,20.83,20.82,20.82,14,21,0,MT5_PY_API_UNIX_SECONDS,UNRESOLVED_REQUIRES_MANUAL_BINDING
1778784900,1778785200,VIX,VIX,M5,Bid,20.82,20.88,20.82,20.87,28,21,0,MT5_PY_API_UNIX_SECONDS,UNRESOLVED_REQUIRES_MANUAL_BINDING
1778785200,1778785500,VIX,VIX,M5,Bid,20.86,20.87,20.86,20.87,4,21,0,MT5_PY_API_UNIX_SECONDS,UNRESOLVED_REQUIRES_MANUAL_BINDING
1778785500,1778785800,VIX,VIX,M5,Bid,20.88,20.88,20.86,20.87,4,21,0,MT5_PY_API_UNIX_SECONDS,UNRESOLVED_REQUIRES_MANUAL_BINDING
1778785800,1778786100,VIX,VIX,M5,Bid,20.86,20.87,20.77,20.78,28,21,0,MT5_PY_API_UNIX_SECONDS,UNRESOLVED_REQUIRES_MANUAL_BINDING
1778786100,1778786400,VIX,VIX,M5,Bid,20.77,20.81,20.77,20.8,11,21,0,MT5_PY_API_UNIX_SECONDS,UNRESOLVED_REQUIRES_MANUAL_BINDING
1778786400,1778786700,VIX,VIX,M5,Bid,20.8,20.85,20.76,20.77,14,21,0,MT5_PY_API_UNIX_SECONDS,UNRESOLVED_REQUIRES_MANUAL_BINDING
1778786700,1778787000,VIX,VIX,M5,Bid,20.77,20.78,20.76,20.77,11,21,0,MT5_PY_API_UNIX_SECONDS,UNRESOLVED_REQUIRES_MANUAL_BINDING
1778787000,1778787300,VIX,VIX,M5,Bid,20.73,20.74,20.69,20.69,14,21,0,MT5_PY_API_UNIX_SECONDS,UNRESOLVED_REQUIRES_MANUAL_BINDING
1778787300,1778787600,VIX,VIX,M5,Bid,20.68,20.69,20.65,20.65,9,21,0,MT5_PY_API_UNIX_SECONDS,UNRESOLVED_REQUIRES_MANUAL_BINDING
1778787600,1778787900,VIX,VIX,M5,Bid,20.66,20.69,20.65,20.65,23,21,0,MT5_PY_API_UNIX_SECONDS,UNRESOLVED_REQUIRES_MANUAL_BINDING
1778787900,1778788200,VIX,VIX,M5,Bid,20.64,20.69,20.6,20.64,27,21,0,MT5_PY_API_UNIX_SECONDS,UNRESOLVED_REQUIRES_MANUAL_BINDING
1778788200,1778788500,VIX,VIX,M5,Bid,20.63,20.64,20.6,20.6,29,21,0,MT5_PY_API_UNIX_SECONDS,UNRESOLVED_REQUIRES_MANUAL_BINDING
1778788500,1778788800,VIX,VIX,M5,Bid,20.61,20.64,20.59,20.6,22,21,0,MT5_PY_API_UNIX_SECONDS,UNRESOLVED_REQUIRES_MANUAL_BINDING
1778788800,1778789100,VIX,VIX,M5,Bid,20.59,20.59,20.51,20.54,19,21,0,MT5_PY_API_UNIX_SECONDS,UNRESOLVED_REQUIRES_MANUAL_BINDING
1778789100,1778789400,VIX,VIX,M5,Bid,20.53,20.54,20.5,20.54,28,21,0,MT5_PY_API_UNIX_SECONDS,UNRESOLVED_REQUIRES_MANUAL_BINDING
1778789400,1778789700,VIX,VIX,M5,Bid,20.53,20.54,20.53,20.53,38,21,0,MT5_PY_API_UNIX_SECONDS,UNRESOLVED_REQUIRES_MANUAL_BINDING
1778789700,1778790000,VIX,VIX,M5,Bid,20.52,20.58,20.52,20.53,34,21,0,MT5_PY_API_UNIX_SECONDS,UNRESOLVED_REQUIRES_MANUAL_BINDING
1778790000,1778790300,VIX,VIX,M5,Bid,20.53,20.53,20.52,20.53,14,21,0,MT5_PY_API_UNIX_SECONDS,UNRESOLVED_REQUIRES_MANUAL_BINDING
1778790300,1778790600,VIX,VIX,M5,Bid,20.52,20.53,20.44,20.44,33,21,0,MT5_PY_API_UNIX_SECONDS,UNRESOLVED_REQUIRES_MANUAL_BINDING
1778790600,1778790900,VIX,VIX,M5,Bid,20.44,20.45,20.4,20.43,16,21,0,MT5_PY_API_UNIX_SECONDS,UNRESOLVED_REQUIRES_MANUAL_BINDING
1778790900,1778791200,VIX,VIX,M5,Bid,20.42,20.42,20.39,20.4,8,21,0,MT5_PY_API_UNIX_SECONDS,UNRESOLVED_REQUIRES_MANUAL_BINDING
1778791200,1778791500,VIX,VIX,M5,Bid,20.4,20.44,20.4,20.4,22,21,0,MT5_PY_API_UNIX_SECONDS,UNRESOLVED_REQUIRES_MANUAL_BINDING
1778791500,1778791800,VIX,VIX,M5,Bid,20.41,20.45,20.4,20.45,11,21,0,MT5_PY_API_UNIX_SECONDS,UNRESOLVED_REQUIRES_MANUAL_BINDING
1778791800,1778792100,VIX,VIX,M5,Bid,20.45,20.45,20.44,20.44,16,21,0,MT5_PY_API_UNIX_SECONDS,UNRESOLVED_REQUIRES_MANUAL_BINDING
1778792100,1778792400,VIX,VIX,M5,Bid,20.43,20.44,20.43,20.43,19,21,0,MT5_PY_API_UNIX_SECONDS,UNRESOLVED_REQUIRES_MANUAL_BINDING
1778792400,1778792700,VIX,VIX,M5,Bid,20.43,20.47,20.42,20.43,64,21,0,MT5_PY_API_UNIX_SECONDS,UNRESOLVED_REQUIRES_MANUAL_BINDING
1778792700,1778793000,VIX,VIX,M5,Bid,20.44,20.45,20.44,20.45,8,21,0,MT5_PY_API_UNIX_SECONDS,UNRESOLVED_REQUIRES_MANUAL_BINDING
1778793000,1778793300,VIX,VIX,M5,Bid,20.46,20.49,20.45,20.47,17,21,0,MT5_PY_API_UNIX_SECONDS,UNRESOLVED_REQUIRES_MANUAL_BINDING
1778793300,1778793600,VIX,VIX,M5,Bid,20.46,20.48,20.46,20.47,15,21,0,MT5_PY_API_UNIX_SECONDS,UNRESOLVED_REQUIRES_MANUAL_BINDING
1778793600,1778793900,VIX,VIX,M5,Bid,20.48,20.48,20.46,20.46,19,21,0,MT5_PY_API_UNIX_SECONDS,UNRESOLVED_REQUIRES_MANUAL_BINDING
1778793900,1778794200,VIX,VIX,M5,Bid,20.46,20.47,20.46,20.46,13,21,0,MT5_PY_API_UNIX_SECONDS,UNRESOLVED_REQUIRES_MANUAL_BINDING
1778794200,1778794500,VIX,VIX,M5,Bid,20.45,20.46,20.43,20.43,23,21,0,MT5_PY_API_UNIX_SECONDS,UNRESOLVED_REQUIRES_MANUAL_BINDING
1778794500,1778794800,VIX,VIX,M5,Bid,20.43,20.45,20.43,20.45,9,21,0,MT5_PY_API_UNIX_SECONDS,UNRESOLVED_REQUIRES_MANUAL_BINDING
1778794800,1778795100,VIX,VIX,M5,Bid,20.46,20.48,20.42,20.42,33,21,0,MT5_PY_API_UNIX_SECONDS,UNRESOLVED_REQUIRES_MANUAL_BINDING
1778795100,1778795400,VIX,VIX,M5,Bid,20.42,20.43,20.38,20.38,9,21,0,MT5_PY_API_UNIX_SECONDS,UNRESOLVED_REQUIRES_MANUAL_BINDING
1778795400,1778795700,VIX,VIX,M5,Bid,20.34,20.34,20.27,20.28,21,21,0,MT5_PY_API_UNIX_SECONDS,UNRESOLVED_REQUIRES_MANUAL_BINDING
1778795700,1778796000,VIX,VIX,M5,Bid,20.28,20.32,20.28,20.32,11,21,0,MT5_PY_API_UNIX_SECONDS,UNRESOLVED_REQUIRES_MANUAL_BINDING
1778796000,1778796300,VIX,VIX,M5,Bid,20.36,20.37,20.32,20.33,15,21,0,MT5_PY_API_UNIX_SECONDS,UNRESOLVED_REQUIRES_MANUAL_BINDING
1778796300,1778796600,VIX,VIX,M5,Bid,20.36,20.37,20.33,20.33,21,21,0,MT5_PY_API_UNIX_SECONDS,UNRESOLVED_REQUIRES_MANUAL_BINDING
1778796600,1778796900,VIX,VIX,M5,Bid,20.32,20.37,20.32,20.33,21,21,0,MT5_PY_API_UNIX_SECONDS,UNRESOLVED_REQUIRES_MANUAL_BINDING
1778796900,1778797200,VIX,VIX,M5,Bid,20.33,20.36,20.33,20.35,11,21,0,MT5_PY_API_UNIX_SECONDS,UNRESOLVED_REQUIRES_MANUAL_BINDING
1778797200,1778797500,VIX,VIX,M5,Bid,20.34,20.34,20.29,20.29,5,21,0,MT5_PY_API_UNIX_SECONDS,UNRESOLVED_REQUIRES_MANUAL_BINDING
1778797500,1778797800,VIX,VIX,M5,Bid,20.3,20.33,20.29,20.29,10,21,0,MT5_PY_API_UNIX_SECONDS,UNRESOLVED_REQUIRES_MANUAL_BINDING
1778797800,1778798100,VIX,VIX,M5,Bid,20.25,20.28,20.24,20.27,19,21,0,MT5_PY_API_UNIX_SECONDS,UNRESOLVED_REQUIRES_MANUAL_BINDING
1778798100,1778798400,VIX,VIX,M5,Bid,20.28,20.28,20.24,20.28,17,21,0,MT5_PY_API_UNIX_SECONDS,UNRESOLVED_REQUIRES_MANUAL_BINDING
1778798400,1778798700,VIX,VIX,M5,Bid,20.29,20.32,20.28,20.29,17,21,0,MT5_PY_API_UNIX_SECONDS,UNRESOLVED_REQUIRES_MANUAL_BINDING
1778798700,1778799000,VIX,VIX,M5,Bid,20.32,20.43,20.32,20.43,40,21,0,MT5_PY_API_UNIX_SECONDS,UNRESOLVED_REQUIRES_MANUAL_BINDING
1778799000,1778799300,VIX,VIX,M5,Bid,20.42,20.47,20.39,20.4,71,21,0,MT5_PY_API_UNIX_SECONDS,UNRESOLVED_REQUIRES_MANUAL_BINDING
1778799300,1778799600,VIX,VIX,M5,Bid,20.39,20.4,20.38,20.4,20,21,0,MT5_PY_API_UNIX_SECONDS,UNRESOLVED_REQUIRES_MANUAL_BINDING
1778799600,1778799900,VIX,VIX,M5,Bid,20.39,20.42,20.37,20.41,35,21,0,MT5_PY_API_UNIX_SECONDS,UNRESOLVED_REQUIRES_MANUAL_BINDING
1778799900,1778800200,VIX,VIX,M5,Bid,20.42,20.45,20.41,20.45,8,21,0,MT5_PY_API_UNIX_SECONDS,UNRESOLVED_REQUIRES_MANUAL_BINDING
1778800200,1778800500,VIX,VIX,M5,Bid,20.46,20.46,20.44,20.45,15,21,0,MT5_PY_API_UNIX_SECONDS,UNRESOLVED_REQUIRES_MANUAL_BINDING
1778801400,1778801700,VIX,VIX,M5,Bid,20.46,20.47,20.46,20.46,3,21,0,MT5_PY_API_UNIX_SECONDS,UNRESOLVED_REQUIRES_MANUAL_BINDING
1778801700,1778802000,VIX,VIX,M5,Bid,20.46,20.47,20.46,20.46,9,21,0,MT5_PY_API_UNIX_SECONDS,UNRESOLVED_REQUIRES_MANUAL_BINDING
1778802000,1778802300,VIX,VIX,M5,Bid,20.46,20.47,20.46,20.47,7,21,0,MT5_PY_API_UNIX_SECONDS,UNRESOLVED_REQUIRES_MANUAL_BINDING
1778802300,1778802600,VIX,VIX,M5,Bid,20.46,20.47,20.43,20.46,10,21,0,MT5_PY_API_UNIX_SECONDS,UNRESOLVED_REQUIRES_MANUAL_BINDING
1778802600,1778802900,VIX,VIX,M5,Bid,20.45,20.45,20.43,20.43,6,21,0,MT5_PY_API_UNIX_SECONDS,UNRESOLVED_REQUIRES_MANUAL_BINDING
1778802900,1778803200,VIX,VIX,M5,Bid,20.43,20.44,20.43,20.44,6,21,0,MT5_PY_API_UNIX_SECONDS,UNRESOLVED_REQUIRES_MANUAL_BINDING
1778806800,1778807100,VIX,VIX,M5,Bid,20.27,20.42,20.27,20.38,19,21,0,MT5_PY_API_UNIX_SECONDS,UNRESOLVED_REQUIRES_MANUAL_BINDING
1778807100,1778807400,VIX,VIX,M5,Bid,20.38,20.42,20.38,20.42,18,21,0,MT5_PY_API_UNIX_SECONDS,UNRESOLVED_REQUIRES_MANUAL_BINDING
1778807700,1778808000,VIX,VIX,M5,Bid,20.43,20.43,20.42,20.42,12,21,0,MT5_PY_API_UNIX_SECONDS,UNRESOLVED_REQUIRES_MANUAL_BINDING
1778808000,1778808300,VIX,VIX,M5,Bid,20.43,20.43,20.42,20.42,3,21,0,MT5_PY_API_UNIX_SECONDS,UNRESOLVED_REQUIRES_MANUAL_BINDING
1778808300,1778808600,VIX,VIX,M5,Bid,20.42,20.42,20.42,20.42,1,21,0,MT5_PY_API_UNIX_SECONDS,UNRESOLVED_REQUIRES_MANUAL_BINDING
1778808600,1778808900,VIX,VIX,M5,Bid,20.41,20.42,20.41,20.41,6,21,0,MT5_PY_API_UNIX_SECONDS,UNRESOLVED_REQUIRES_MANUAL_BINDING
1778808900,1778809200,VIX,VIX,M5,Bid,20.42,20.42,20.41,20.42,9,21,0,MT5_PY_API_UNIX_SECONDS,UNRESOLVED_REQUIRES_MANUAL_BINDING
1778809200,1778809500,VIX,VIX,M5,Bid,20.41,20.42,20.41,20.42,4,21,0,MT5_PY_API_UNIX_SECONDS,UNRESOLVED_REQUIRES_MANUAL_BINDING
1778809500,1778809800,VIX,VIX,M5,Bid,20.41,20.42,20.41,20.42,6,21,0,MT5_PY_API_UNIX_SECONDS,UNRESOLVED_REQUIRES_MANUAL_BINDING
1778809800,1778810100,VIX,VIX,M5,Bid,20.41,20.42,20.41,20.42,2,21,0,MT5_PY_API_UNIX_SECONDS,UNRESOLVED_REQUIRES_MANUAL_BINDING
1778810100,1778810400,VIX,VIX,M5,Bid,20.41,20.42,20.41,20.42,5,21,0,MT5_PY_API_UNIX_SECONDS,UNRESOLVED_REQUIRES_MANUAL_BINDING
1778810400,1778810700,VIX,VIX,M5,Bid,20.41,20.42,20.41,20.42,2,21,0,MT5_PY_API_UNIX_SECONDS,UNRESOLVED_REQUIRES_MANUAL_BINDING
1778811300,1778811600,VIX,VIX,M5,Bid,20.41,20.42,20.41,20.42,5,21,0,MT5_PY_API_UNIX_SECONDS,UNRESOLVED_REQUIRES_MANUAL_BINDING
1778811900,1778812200,VIX,VIX,M5,Bid,20.41,20.42,20.41,20.42,2,21,0,MT5_PY_API_UNIX_SECONDS,UNRESOLVED_REQUIRES_MANUAL_BINDING
1778813100,1778813400,VIX,VIX,M5,Bid,20.41,20.45,20.41,20.45,15,21,0,MT5_PY_API_UNIX_SECONDS,UNRESOLVED_REQUIRES_MANUAL_BINDING
1778813400,1778813700,VIX,VIX,M5,Bid,20.44,20.45,20.41,20.45,15,21,0,MT5_PY_API_UNIX_SECONDS,UNRESOLVED_REQUIRES_MANUAL_BINDING
1778813700,1778814000,VIX,VIX,M5,Bid,20.44,20.45,20.44,20.44,5,21,0,MT5_PY_API_UNIX_SECONDS,UNRESOLVED_REQUIRES_MANUAL_BINDING
1778814000,1778814300,VIX,VIX,M5,Bid,20.45,20.46,20.4,20.43,31,21,0,MT5_PY_API_UNIX_SECONDS,UNRESOLVED_REQUIRES_MANUAL_BINDING
1778814300,1778814600,VIX,VIX,M5,Bid,20.43,20.46,20.43,20.46,16,21,0,MT5_PY_API_UNIX_SECONDS,UNRESOLVED_REQUIRES_MANUAL_BINDING
1778814600,1778814900,VIX,VIX,M5,Bid,20.45,20.48,20.45,20.46,19,21,0,MT5_PY_API_UNIX_SECONDS,UNRESOLVED_REQUIRES_MANUAL_BINDING
1778814900,1778815200,VIX,VIX,M5,Bid,20.45,20.46,20.45,20.45,17,21,0,MT5_PY_API_UNIX_SECONDS,UNRESOLVED_REQUIRES_MANUAL_BINDING
1778815200,1778815500,VIX,VIX,M5,Bid,20.45,20.46,20.45,20.46,6,21,0,MT5_PY_API_UNIX_SECONDS,UNRESOLVED_REQUIRES_MANUAL_BINDING
1778815500,1778815800,VIX,VIX,M5,Bid,20.49,20.49,20.45,20.46,7,21,0,MT5_PY_API_UNIX_SECONDS,UNRESOLVED_REQUIRES_MANUAL_BINDING
1778815800,1778816100,VIX,VIX,M5,Bid,20.47,20.49,20.45,20.46,13,21,0,MT5_PY_API_UNIX_SECONDS,UNRESOLVED_REQUIRES_MANUAL_BINDING
1778816100,1778816400,VIX,VIX,M5,Bid,20.48,20.49,20.48,20.48,18,21,0,MT5_PY_API_UNIX_SECONDS,UNRESOLVED_REQUIRES_MANUAL_BINDING
1778816400,1778816700,VIX,VIX,M5,Bid,20.48,20.53,20.48,20.52,22,21,0,MT5_PY_API_UNIX_SECONDS,UNRESOLVED_REQUIRES_MANUAL_BINDING
1778817000,1778817300,VIX,VIX,M5,Bid,20.53,20.55,20.52,20.52,9,21,0,MT5_PY_API_UNIX_SECONDS,UNRESOLVED_REQUIRES_MANUAL_BINDING
1778817300,1778817600,VIX,VIX,M5,Bid,20.53,20.53,20.52,20.52,4,21,0,MT5_PY_API_UNIX_SECONDS,UNRESOLVED_REQUIRES_MANUAL_BINDING
1778817600,1778817900,VIX,VIX,M5,Bid,20.51,20.52,20.51,20.52,7,21,0,MT5_PY_API_UNIX_SECONDS,UNRESOLVED_REQUIRES_MANUAL_BINDING
1778817900,1778818200,VIX,VIX,M5,Bid,20.51,20.53,20.51,20.53,24,21,0,MT5_PY_API_UNIX_SECONDS,UNRESOLVED_REQUIRES_MANUAL_BINDING
1778818200,1778818500,VIX,VIX,M5,Bid,20.52,20.53,20.5,20.5,26,21,0,MT5_PY_API_UNIX_SECONDS,UNRESOLVED_REQUIRES_MANUAL_BINDING
1778818500,1778818800,VIX,VIX,M5,Bid,20.53,20.56,20.5,20.56,12,21,0,MT5_PY_API_UNIX_SECONDS,UNRESOLVED_REQUIRES_MANUAL_BINDING
1778818800,1778819100,VIX,VIX,M5,Bid,20.56,20.6,20.56,20.58,16,21,0,MT5_PY_API_UNIX_SECONDS,UNRESOLVED_REQUIRES_MANUAL_BINDING
1778819100,1778819400,VIX,VIX,M5,Bid,20.59,20.61,20.55,20.61,31,21,0,MT5_PY_API_UNIX_SECONDS,UNRESOLVED_REQUIRES_MANUAL_BINDING
1778819400,1778819700,VIX,VIX,M5,Bid,20.6,20.67,20.6,20.62,46,21,0,MT5_PY_API_UNIX_SECONDS,UNRESOLVED_REQUIRES_MANUAL_BINDING
1778819700,1778820000,VIX,VIX,M5,Bid,20.61,20.61,20.55,20.57,25,21,0,MT5_PY_API_UNIX_SECONDS,UNRESOLVED_REQUIRES_MANUAL_BINDING
1778820000,1778820300,VIX,VIX,M5,Bid,20.56,20.6,20.56,20.57,22,21,0,MT5_PY_API_UNIX_SECONDS,UNRESOLVED_REQUIRES_MANUAL_BINDING
1778820300,1778820600,VIX,VIX,M5,Bid,20.58,20.63,20.57,20.6,29,21,0,MT5_PY_API_UNIX_SECONDS,UNRESOLVED_REQUIRES_MANUAL_BINDING
1778820600,1778820900,VIX,VIX,M5,Bid,20.59,20.64,20.59,20.63,19,21,0,MT5_PY_API_UNIX_SECONDS,UNRESOLVED_REQUIRES_MANUAL_BINDING
1778820900,1778821200,VIX,VIX,M5,Bid,20.64,20.67,20.6,20.67,26,21,0,MT5_PY_API_UNIX_SECONDS,UNRESOLVED_REQUIRES_MANUAL_BINDING
1778821200,1778821500,VIX,VIX,M5,Bid,20.66,20.67,20.63,20.64,29,21,0,MT5_PY_API_UNIX_SECONDS,UNRESOLVED_REQUIRES_MANUAL_BINDING
1778821500,1778821800,VIX,VIX,M5,Bid,20.63,20.68,20.63,20.67,22,21,0,MT5_PY_API_UNIX_SECONDS,UNRESOLVED_REQUIRES_MANUAL_BINDING
1778821800,1778822100,VIX,VIX,M5,Bid,20.67,20.68,20.64,20.67,21,21,0,MT5_PY_API_UNIX_SECONDS,UNRESOLVED_REQUIRES_MANUAL_BINDING
1778822100,1778822400,VIX,VIX,M5,Bid,20.68,20.68,20.64,20.65,17,21,0,MT5_PY_API_UNIX_SECONDS,UNRESOLVED_REQUIRES_MANUAL_BINDING
1778822400,1778822700,VIX,VIX,M5,Bid,20.64,20.66,20.64,20.64,11,21,0,MT5_PY_API_UNIX_SECONDS,UNRESOLVED_REQUIRES_MANUAL_BINDING
1778822700,1778823000,VIX,VIX,M5,Bid,20.65,20.66,20.62,20.66,13,21,0,MT5_PY_API_UNIX_SECONDS,UNRESOLVED_REQUIRES_MANUAL_BINDING
1778823000,1778823300,VIX,VIX,M5,Bid,20.65,20.66,20.62,20.62,12,21,0,MT5_PY_API_UNIX_SECONDS,UNRESOLVED_REQUIRES_MANUAL_BINDING
1778823300,1778823600,VIX,VIX,M5,Bid,20.63,20.66,20.61,20.65,11,21,0,MT5_PY_API_UNIX_SECONDS,UNRESOLVED_REQUIRES_MANUAL_BINDING
1778823600,1778823900,VIX,VIX,M5,Bid,20.65,20.66,20.62,20.62,31,21,0,MT5_PY_API_UNIX_SECONDS,UNRESOLVED_REQUIRES_MANUAL_BINDING
1778823900,1778824200,VIX,VIX,M5,Bid,20.63,20.63,20.62,20.62,7,21,0,MT5_PY_API_UNIX_SECONDS,UNRESOLVED_REQUIRES_MANUAL_BINDING
1778824200,1778824500,VIX,VIX,M5,Bid,20.61,20.62,20.56,20.56,33,21,0,MT5_PY_API_UNIX_SECONDS,UNRESOLVED_REQUIRES_MANUAL_BINDING
1778824500,1778824800,VIX,VIX,M5,Bid,20.55,20.6,20.55,20.56,22,21,0,MT5_PY_API_UNIX_SECONDS,UNRESOLVED_REQUIRES_MANUAL_BINDING
1778824800,1778825100,VIX,VIX,M5,Bid,20.58,20.6,20.56,20.6,17,21,0,MT5_PY_API_UNIX_SECONDS,UNRESOLVED_REQUIRES_MANUAL_BINDING
1778825100,1778825400,VIX,VIX,M5,Bid,20.59,20.61,20.58,20.61,6,21,0,MT5_PY_API_UNIX_SECONDS,UNRESOLVED_REQUIRES_MANUAL_BINDING
1778825400,1778825700,VIX,VIX,M5,Bid,20.6,20.61,20.57,20.58,20,21,0,MT5_PY_API_UNIX_SECONDS,UNRESOLVED_REQUIRES_MANUAL_BINDING
1778825700,1778826000,VIX,VIX,M5,Bid,20.6,20.61,20.58,20.61,8,21,0,MT5_PY_API_UNIX_SECONDS,UNRESOLVED_REQUIRES_MANUAL_BINDING
1778826000,1778826300,VIX,VIX,M5,Bid,20.61,20.62,20.61,20.62,11,21,0,MT5_PY_API_UNIX_SECONDS,UNRESOLVED_REQUIRES_MANUAL_BINDING
1778826300,1778826600,VIX,VIX,M5,Bid,20.61,20.62,20.61,20.62,13,21,0,MT5_PY_API_UNIX_SECONDS,UNRESOLVED_REQUIRES_MANUAL_BINDING
1778826600,1778826900,VIX,VIX,M5,Bid,20.61,20.65,20.61,20.65,22,21,0,MT5_PY_API_UNIX_SECONDS,UNRESOLVED_REQUIRES_MANUAL_BINDING
1778826900,1778827200,VIX,VIX,M5,Bid,20.64,20.67,20.6,20.61,45,21,0,MT5_PY_API_UNIX_SECONDS,UNRESOLVED_REQUIRES_MANUAL_BINDING
1778827200,1778827500,VIX,VIX,M5,Bid,20.6,20.61,20.6,20.61,11,21,0,MT5_PY_API_UNIX_SECONDS,UNRESOLVED_REQUIRES_MANUAL_BINDING
1778827500,1778827800,VIX,VIX,M5,Bid,20.6,20.62,20.6,20.61,10,21,0,MT5_PY_API_UNIX_SECONDS,UNRESOLVED_REQUIRES_MANUAL_BINDING
1778827800,1778828100,VIX,VIX,M5,Bid,20.6,20.64,20.6,20.61,22,21,0,MT5_PY_API_UNIX_SECONDS,UNRESOLVED_REQUIRES_MANUAL_BINDING
1778828100,1778828400,VIX,VIX,M5,Bid,20.62,20.64,20.6,20.63,11,21,0,MT5_PY_API_UNIX_SECONDS,UNRESOLVED_REQUIRES_MANUAL_BINDING
1778828400,1778828700,VIX,VIX,M5,Bid,20.62,20.64,20.62,20.63,6,21,0,MT5_PY_API_UNIX_SECONDS,UNRESOLVED_REQUIRES_MANUAL_BINDING
1778828700,1778829000,VIX,VIX,M5,Bid,20.63,20.63,20.63,20.63,1,21,0,MT5_PY_API_UNIX_SECONDS,UNRESOLVED_REQUIRES_MANUAL_BINDING
1778829000,1778829300,VIX,VIX,M5,Bid,20.64,20.67,20.62,20.62,14,21,0,MT5_PY_API_UNIX_SECONDS,UNRESOLVED_REQUIRES_MANUAL_BINDING
1778829300,1778829600,VIX,VIX,M5,Bid,20.62,20.63,20.62,20.63,5,21,0,MT5_PY_API_UNIX_SECONDS,UNRESOLVED_REQUIRES_MANUAL_BINDING
1778829600,1778829900,VIX,VIX,M5,Bid,20.63,20.67,20.63,20.63,26,21,0,MT5_PY_API_UNIX_SECONDS,UNRESOLVED_REQUIRES_MANUAL_BINDING
1778829900,1778830200,VIX,VIX,M5,Bid,20.62,20.63,20.62,20.62,5,21,0,MT5_PY_API_UNIX_SECONDS,UNRESOLVED_REQUIRES_MANUAL_BINDING
1778830200,1778830500,VIX,VIX,M5,Bid,20.62,20.64,20.6,20.6,11,21,0,MT5_PY_API_UNIX_SECONDS,UNRESOLVED_REQUIRES_MANUAL_BINDING
1778830500,1778830800,VIX,VIX,M5,Bid,20.6,20.63,20.6,20.6,20,21,0,MT5_PY_API_UNIX_SECONDS,UNRESOLVED_REQUIRES_MANUAL_BINDING
1778830800,1778831100,VIX,VIX,M5,Bid,20.61,20.63,20.6,20.62,11,21,0,MT5_PY_API_UNIX_SECONDS,UNRESOLVED_REQUIRES_MANUAL_BINDING
1778831100,1778831400,VIX,VIX,M5,Bid,20.62,20.66,20.62,20.64,20,21,0,MT5_PY_API_UNIX_SECONDS,UNRESOLVED_REQUIRES_MANUAL_BINDING
1778831400,1778831700,VIX,VIX,M5,Bid,20.65,20.67,20.63,20.66,41,21,0,MT5_PY_API_UNIX_SECONDS,UNRESOLVED_REQUIRES_MANUAL_BINDING
1778831700,1778832000,VIX,VIX,M5,Bid,20.65,20.67,20.64,20.67,9,21,0,MT5_PY_API_UNIX_SECONDS,UNRESOLVED_REQUIRES_MANUAL_BINDING
1778832000,1778832300,VIX,VIX,M5,Bid,20.67,20.68,20.66,20.67,24,21,0,MT5_PY_API_UNIX_SECONDS,UNRESOLVED_REQUIRES_MANUAL_BINDING
1778832300,1778832600,VIX,VIX,M5,Bid,20.68,20.75,20.67,20.73,45,21,0,MT5_PY_API_UNIX_SECONDS,UNRESOLVED_REQUIRES_MANUAL_BINDING
1778832600,1778832900,VIX,VIX,M5,Bid,20.72,20.75,20.7,20.72,20,21,0,MT5_PY_API_UNIX_SECONDS,UNRESOLVED_REQUIRES_MANUAL_BINDING
1778832900,1778833200,VIX,VIX,M5,Bid,20.72,20.73,20.7,20.7,23,21,0,MT5_PY_API_UNIX_SECONDS,UNRESOLVED_REQUIRES_MANUAL_BINDING
1778833200,1778833500,VIX,VIX,M5,Bid,20.71,20.72,20.7,20.71,9,21,0,MT5_PY_API_UNIX_SECONDS,UNRESOLVED_REQUIRES_MANUAL_BINDING
1778833500,1778833800,VIX,VIX,M5,Bid,20.7,20.71,20.7,20.7,10,21,0,MT5_PY_API_UNIX_SECONDS,UNRESOLVED_REQUIRES_MANUAL_BINDING
1778833800,1778834100,VIX,VIX,M5,Bid,20.71,20.76,20.71,20.76,18,21,0,MT5_PY_API_UNIX_SECONDS,UNRESOLVED_REQUIRES_MANUAL_BINDING
1778834100,1778834400,VIX,VIX,M5,Bid,20.78,20.79,20.74,20.77,35,21,0,MT5_PY_API_UNIX_SECONDS,UNRESOLVED_REQUIRES_MANUAL_BINDING
1778834400,1778834700,VIX,VIX,M5,Bid,20.77,20.79,20.74,20.77,26,21,0,MT5_PY_API_UNIX_SECONDS,UNRESOLVED_REQUIRES_MANUAL_BINDING
1778834700,1778835000,VIX,VIX,M5,Bid,20.78,20.85,20.78,20.85,52,21,0,MT5_PY_API_UNIX_SECONDS,UNRESOLVED_REQUIRES_MANUAL_BINDING
1778835000,1778835300,VIX,VIX,M5,Bid,20.84,20.85,20.79,20.81,54,21,0,MT5_PY_API_UNIX_SECONDS,UNRESOLVED_REQUIRES_MANUAL_BINDING
1778835300,1778835600,VIX,VIX,M5,Bid,20.82,20.87,20.8,20.87,38,21,0,MT5_PY_API_UNIX_SECONDS,UNRESOLVED_REQUIRES_MANUAL_BINDING
1778835600,1778835900,VIX,VIX,M5,Bid,20.86,20.87,20.82,20.82,55,21,0,MT5_PY_API_UNIX_SECONDS,UNRESOLVED_REQUIRES_MANUAL_BINDING
1778835900,1778836200,VIX,VIX,M5,Bid,20.83,20.85,20.81,20.81,36,21,0,MT5_PY_API_UNIX_SECONDS,UNRESOLVED_REQUIRES_MANUAL_BINDING
1778836200,1778836500,VIX,VIX,M5,Bid,20.81,20.84,20.79,20.83,21,21,0,MT5_PY_API_UNIX_SECONDS,UNRESOLVED_REQUIRES_MANUAL_BINDING
1778836500,1778836800,VIX,VIX,M5,Bid,20.82,20.87,20.79,20.86,27,21,0,MT5_PY_API_UNIX_SECONDS,UNRESOLVED_REQUIRES_MANUAL_BINDING
1778836800,1778837100,VIX,VIX,M5,Bid,20.87,20.89,20.84,20.88,72,21,0,MT5_PY_API_UNIX_SECONDS,UNRESOLVED_REQUIRES_MANUAL_BINDING
1778837100,1778837400,VIX,VIX,M5,Bid,20.87,20.88,20.84,20.84,42,21,0,MT5_PY_API_UNIX_SECONDS,UNRESOLVED_REQUIRES_MANUAL_BINDING
1778837400,1778837700,VIX,VIX,M5,Bid,20.85,20.85,20.81,20.81,50,21,0,MT5_PY_API_UNIX_SECONDS,UNRESOLVED_REQUIRES_MANUAL_BINDING
1778837700,1778838000,VIX,VIX,M5,Bid,20.82,20.84,20.81,20.81,37,21,0,MT5_PY_API_UNIX_SECONDS,UNRESOLVED_REQUIRES_MANUAL_BINDING
1778838000,1778838300,VIX,VIX,M5,Bid,20.8,20.84,20.8,20.81,17,21,0,MT5_PY_API_UNIX_SECONDS,UNRESOLVED_REQUIRES_MANUAL_BINDING
1778838300,1778838600,VIX,VIX,M5,Bid,20.8,20.84,20.8,20.81,26,21,0,MT5_PY_API_UNIX_SECONDS,UNRESOLVED_REQUIRES_MANUAL_BINDING
1778838600,1778838900,VIX,VIX,M5,Bid,20.81,20.84,20.81,20.84,20,21,0,MT5_PY_API_UNIX_SECONDS,UNRESOLVED_REQUIRES_MANUAL_BINDING
1778838900,1778839200,VIX,VIX,M5,Bid,20.83,20.85,20.81,20.82,29,21,0,MT5_PY_API_UNIX_SECONDS,UNRESOLVED_REQUIRES_MANUAL_BINDING
1778839200,1778839500,VIX,VIX,M5,Bid,20.81,20.82,20.81,20.81,16,21,0,MT5_PY_API_UNIX_SECONDS,UNRESOLVED_REQUIRES_MANUAL_BINDING
1778839500,1778839800,VIX,VIX,M5,Bid,20.82,20.85,20.8,20.84,25,21,0,MT5_PY_API_UNIX_SECONDS,UNRESOLVED_REQUIRES_MANUAL_BINDING
1778839800,1778840100,VIX,VIX,M5,Bid,20.83,20.84,20.78,20.78,29,21,0,MT5_PY_API_UNIX_SECONDS,UNRESOLVED_REQUIRES_MANUAL_BINDING
1778840100,1778840400,VIX,VIX,M5,Bid,20.79,20.79,20.77,20.77,11,21,0,MT5_PY_API_UNIX_SECONDS,UNRESOLVED_REQUIRES_MANUAL_BINDING
1778840400,1778840700,VIX,VIX,M5,Bid,20.77,20.77,20.74,20.74,13,21,0,MT5_PY_API_UNIX_SECONDS,UNRESOLVED_REQUIRES_MANUAL_BINDING
1778840700,1778841000,VIX,VIX,M5,Bid,20.73,20.77,20.73,20.73,8,21,0,MT5_PY_API_UNIX_SECONDS,UNRESOLVED_REQUIRES_MANUAL_BINDING
1778841000,1778841300,VIX,VIX,M5,Bid,20.73,20.77,20.73,20.77,16,21,0,MT5_PY_API_UNIX_SECONDS,UNRESOLVED_REQUIRES_MANUAL_BINDING
1778841300,1778841600,VIX,VIX,M5,Bid,20.76,20.81,20.75,20.81,39,21,0,MT5_PY_API_UNIX_SECONDS,UNRESOLVED_REQUIRES_MANUAL_BINDING
1778841600,1778841900,VIX,VIX,M5,Bid,20.79,20.81,20.74,20.78,44,21,0,MT5_PY_API_UNIX_SECONDS,UNRESOLVED_REQUIRES_MANUAL_BINDING
1778841900,1778842200,VIX,VIX,M5,Bid,20.77,20.78,20.75,20.76,23,21,0,MT5_PY_API_UNIX_SECONDS,UNRESOLVED_REQUIRES_MANUAL_BINDING
1778842200,1778842500,VIX,VIX,M5,Bid,20.76,20.78,20.74,20.75,24,21,0,MT5_PY_API_UNIX_SECONDS,UNRESOLVED_REQUIRES_MANUAL_BINDING
1778842500,1778842800,VIX,VIX,M5,Bid,20.77,20.77,20.74,20.77,21,21,0,MT5_PY_API_UNIX_SECONDS,UNRESOLVED_REQUIRES_MANUAL_BINDING
1778842800,1778843100,VIX,VIX,M5,Bid,20.76,20.83,20.76,20.82,45,21,0,MT5_PY_API_UNIX_SECONDS,UNRESOLVED_REQUIRES_MANUAL_BINDING
1778843100,1778843400,VIX,VIX,M5,Bid,20.82,20.83,20.79,20.83,45,21,0,MT5_PY_API_UNIX_SECONDS,UNRESOLVED_REQUIRES_MANUAL_BINDING
1778843400,1778843700,VIX,VIX,M5,Bid,20.82,20.84,20.79,20.83,43,21,0,MT5_PY_API_UNIX_SECONDS,UNRESOLVED_REQUIRES_MANUAL_BINDING
1778843700,1778844000,VIX,VIX,M5,Bid,20.84,20.98,20.83,20.97,73,21,0,MT5_PY_API_UNIX_SECONDS,UNRESOLVED_REQUIRES_MANUAL_BINDING
1778844000,1778844300,VIX,VIX,M5,Bid,20.96,20.99,20.94,20.94,43,21,0,MT5_PY_API_UNIX_SECONDS,UNRESOLVED_REQUIRES_MANUAL_BINDING
1778844300,1778844600,VIX,VIX,M5,Bid,20.94,21.08,20.94,21.07,113,21,0,MT5_PY_API_UNIX_SECONDS,UNRESOLVED_REQUIRES_MANUAL_BINDING
1778844600,1778844900,VIX,VIX,M5,Bid,21.08,21.13,21.02,21.02,87,21,0,MT5_PY_API_UNIX_SECONDS,UNRESOLVED_REQUIRES_MANUAL_BINDING
1778844900,1778845200,VIX,VIX,M5,Bid,21.02,21.03,20.97,20.98,47,21,0,MT5_PY_API_UNIX_SECONDS,UNRESOLVED_REQUIRES_MANUAL_BINDING
1778845200,1778845500,VIX,VIX,M5,Bid,20.97,20.98,20.89,20.91,51,21,0,MT5_PY_API_UNIX_SECONDS,UNRESOLVED_REQUIRES_MANUAL_BINDING
1778845500,1778845800,VIX,VIX,M5,Bid,20.91,20.98,20.9,20.98,40,21,0,MT5_PY_API_UNIX_SECONDS,UNRESOLVED_REQUIRES_MANUAL_BINDING
1778845800,1778846100,VIX,VIX,M5,Bid,20.97,21.03,20.97,21.02,27,21,0,MT5_PY_API_UNIX_SECONDS,UNRESOLVED_REQUIRES_MANUAL_BINDING
1778846100,1778846400,VIX,VIX,M5,Bid,21.02,21.04,20.99,21.02,51,21,0,MT5_PY_API_UNIX_SECONDS,UNRESOLVED_REQUIRES_MANUAL_BINDING
1778846400,1778846700,VIX,VIX,M5,Bid,21.0,21.03,20.99,21.02,46,21,0,MT5_PY_API_UNIX_SECONDS,UNRESOLVED_REQUIRES_MANUAL_BINDING
1778846700,1778847000,VIX,VIX,M5,Bid,21.02,21.07,20.99,21.02,43,21,0,MT5_PY_API_UNIX_SECONDS,UNRESOLVED_REQUIRES_MANUAL_BINDING
1778847000,1778847300,VIX,VIX,M5,Bid,21.02,21.09,21.02,21.09,50,21,0,MT5_PY_API_UNIX_SECONDS,UNRESOLVED_REQUIRES_MANUAL_BINDING
1778847300,1778847600,VIX,VIX,M5,Bid,21.08,21.12,21.06,21.09,28,21,0,MT5_PY_API_UNIX_SECONDS,UNRESOLVED_REQUIRES_MANUAL_BINDING
1778847600,1778847900,VIX,VIX,M5,Bid,21.12,21.14,21.1,21.1,34,21,0,MT5_PY_API_UNIX_SECONDS,UNRESOLVED_REQUIRES_MANUAL_BINDING
1778847900,1778848200,VIX,VIX,M5,Bid,21.1,21.1,21.04,21.04,47,21,0,MT5_PY_API_UNIX_SECONDS,UNRESOLVED_REQUIRES_MANUAL_BINDING
1778848200,1778848500,VIX,VIX,M5,Bid,21.03,21.13,21.03,21.1,67,21,0,MT5_PY_API_UNIX_SECONDS,UNRESOLVED_REQUIRES_MANUAL_BINDING
1778848500,1778848800,VIX,VIX,M5,Bid,21.12,21.13,21.09,21.1,64,21,0,MT5_PY_API_UNIX_SECONDS,UNRESOLVED_REQUIRES_MANUAL_BINDING
1778848800,1778849100,VIX,VIX,M5,Bid,21.11,21.18,21.11,21.17,49,21,0,MT5_PY_API_UNIX_SECONDS,UNRESOLVED_REQUIRES_MANUAL_BINDING
1778849100,1778849400,VIX,VIX,M5,Bid,21.15,21.24,21.14,21.22,70,21,0,MT5_PY_API_UNIX_SECONDS,UNRESOLVED_REQUIRES_MANUAL_BINDING
1778849400,1778849700,VIX,VIX,M5,Bid,21.23,21.28,21.22,21.23,41,21,0,MT5_PY_API_UNIX_SECONDS,UNRESOLVED_REQUIRES_MANUAL_BINDING
1778849700,1778850000,VIX,VIX,M5,Bid,21.24,21.26,21.18,21.25,76,21,0,MT5_PY_API_UNIX_SECONDS,UNRESOLVED_REQUIRES_MANUAL_BINDING
1778850000,1778850300,VIX,VIX,M5,Bid,21.25,21.27,21.23,21.27,47,21,0,MT5_PY_API_UNIX_SECONDS,UNRESOLVED_REQUIRES_MANUAL_BINDING
1778850300,1778850600,VIX,VIX,M5,Bid,21.26,21.26,21.16,21.18,63,21,0,MT5_PY_API_UNIX_SECONDS,UNRESOLVED_REQUIRES_MANUAL_BINDING
1778850600,1778850900,VIX,VIX,M5,Bid,21.17,21.18,21.09,21.09,40,21,0,MT5_PY_API_UNIX_SECONDS,UNRESOLVED_REQUIRES_MANUAL_BINDING
1778850900,1778851200,VIX,VIX,M5,Bid,21.08,21.14,21.08,21.13,40,21,0,MT5_PY_API_UNIX_SECONDS,UNRESOLVED_REQUIRES_MANUAL_BINDING
1778851200,1778851500,VIX,VIX,M5,Bid,21.11,21.14,21.07,21.07,27,21,0,MT5_PY_API_UNIX_SECONDS,UNRESOLVED_REQUIRES_MANUAL_BINDING
1778851500,1778851800,VIX,VIX,M5,Bid,21.07,21.1,21.06,21.1,34,21,0,MT5_PY_API_UNIX_SECONDS,UNRESOLVED_REQUIRES_MANUAL_BINDING
1778851800,1778852100,VIX,VIX,M5,Bid,21.11,21.11,21.04,21.05,44,21,0,MT5_PY_API_UNIX_SECONDS,UNRESOLVED_REQUIRES_MANUAL_BINDING
1778852100,1778852400,VIX,VIX,M5,Bid,21.05,21.13,21.05,21.12,42,21,0,MT5_PY_API_UNIX_SECONDS,UNRESOLVED_REQUIRES_MANUAL_BINDING
1778852400,1778852700,VIX,VIX,M5,Bid,21.11,21.14,21.06,21.06,45,21,0,MT5_PY_API_UNIX_SECONDS,UNRESOLVED_REQUIRES_MANUAL_BINDING
1778852700,1778853000,VIX,VIX,M5,Bid,21.07,21.08,20.95,20.99,145,21,0,MT5_PY_API_UNIX_SECONDS,UNRESOLVED_REQUIRES_MANUAL_BINDING
1778853000,1778853300,VIX,VIX,M5,Bid,21.0,21.02,20.91,20.93,115,21,0,MT5_PY_API_UNIX_SECONDS,UNRESOLVED_REQUIRES_MANUAL_BINDING
1778853300,1778853600,VIX,VIX,M5,Bid,20.94,20.97,20.92,20.95,42,21,0,MT5_PY_API_UNIX_SECONDS,UNRESOLVED_REQUIRES_MANUAL_BINDING
1778853600,1778853900,VIX,VIX,M5,Bid,20.94,20.98,20.91,20.98,34,21,0,MT5_PY_API_UNIX_SECONDS,UNRESOLVED_REQUIRES_MANUAL_BINDING
1778853900,1778854200,VIX,VIX,M5,Bid,20.97,21.02,20.94,21.0,53,21,0,MT5_PY_API_UNIX_SECONDS,UNRESOLVED_REQUIRES_MANUAL_BINDING
1778854200,1778854500,VIX,VIX,M5,Bid,21.01,21.02,20.98,20.98,41,21,0,MT5_PY_API_UNIX_SECONDS,UNRESOLVED_REQUIRES_MANUAL_BINDING
1778854500,1778854800,VIX,VIX,M5,Bid,20.98,20.99,20.95,20.95,32,21,0,MT5_PY_API_UNIX_SECONDS,UNRESOLVED_REQUIRES_MANUAL_BINDING
1778854800,1778855100,VIX,VIX,M5,Bid,20.95,20.99,20.95,20.98,23,21,0,MT5_PY_API_UNIX_SECONDS,UNRESOLVED_REQUIRES_MANUAL_BINDING
1778855100,1778855400,VIX,VIX,M5,Bid,20.98,21.01,20.98,20.99,21,21,0,MT5_PY_API_UNIX_SECONDS,UNRESOLVED_REQUIRES_MANUAL_BINDING
1778855400,1778855700,VIX,VIX,M5,Bid,20.98,21.11,20.98,21.08,49,21,0,MT5_PY_API_UNIX_SECONDS,UNRESOLVED_REQUIRES_MANUAL_BINDING
1778855700,1778856000,VIX,VIX,M5,Bid,21.07,21.09,21.04,21.08,25,21,0,MT5_PY_API_UNIX_SECONDS,UNRESOLVED_REQUIRES_MANUAL_BINDING
1778856000,1778856300,VIX,VIX,M5,Bid,21.08,21.12,21.08,21.12,35,21,0,MT5_PY_API_UNIX_SECONDS,UNRESOLVED_REQUIRES_MANUAL_BINDING
1778856300,1778856600,VIX,VIX,M5,Bid,21.11,21.12,21.09,21.09,19,21,0,MT5_PY_API_UNIX_SECONDS,UNRESOLVED_REQUIRES_MANUAL_BINDING
1778856600,1778856900,VIX,VIX,M5,Bid,21.12,21.12,21.05,21.08,34,21,0,MT5_PY_API_UNIX_SECONDS,UNRESOLVED_REQUIRES_MANUAL_BINDING
1778856900,1778857200,VIX,VIX,M5,Bid,21.08,21.12,21.08,21.11,48,21,0,MT5_PY_API_UNIX_SECONDS,UNRESOLVED_REQUIRES_MANUAL_BINDING
1778857200,1778857500,VIX,VIX,M5,Bid,21.14,21.2,21.11,21.2,74,21,0,MT5_PY_API_UNIX_SECONDS,UNRESOLVED_REQUIRES_MANUAL_BINDING
1778857500,1778857800,VIX,VIX,M5,Bid,21.19,21.23,21.19,21.23,63,21,0,MT5_PY_API_UNIX_SECONDS,UNRESOLVED_REQUIRES_MANUAL_BINDING
1778857800,1778858100,VIX,VIX,M5,Bid,21.2,21.24,21.2,21.23,28,21,0,MT5_PY_API_UNIX_SECONDS,UNRESOLVED_REQUIRES_MANUAL_BINDING
1778858100,1778858400,VIX,VIX,M5,Bid,21.23,21.26,21.18,21.19,41,21,0,MT5_PY_API_UNIX_SECONDS,UNRESOLVED_REQUIRES_MANUAL_BINDING
1778858400,1778858700,VIX,VIX,M5,Bid,21.19,21.22,21.17,21.22,36,21,0,MT5_PY_API_UNIX_SECONDS,UNRESOLVED_REQUIRES_MANUAL_BINDING
1778858700,1778859000,VIX,VIX,M5,Bid,21.21,21.24,21.19,21.19,58,21,0,MT5_PY_API_UNIX_SECONDS,UNRESOLVED_REQUIRES_MANUAL_BINDING
1778859000,1778859300,VIX,VIX,M5,Bid,21.19,21.25,21.19,21.23,52,21,0,MT5_PY_API_UNIX_SECONDS,UNRESOLVED_REQUIRES_MANUAL_BINDING
1778859300,1778859600,VIX,VIX,M5,Bid,21.22,21.25,21.21,21.24,74,21,0,MT5_PY_API_UNIX_SECONDS,UNRESOLVED_REQUIRES_MANUAL_BINDING
1778859600,1778859900,VIX,VIX,M5,Bid,21.24,21.26,21.19,21.26,56,21,0,MT5_PY_API_UNIX_SECONDS,UNRESOLVED_REQUIRES_MANUAL_BINDING
1778859900,1778860200,VIX,VIX,M5,Bid,21.25,21.26,21.21,21.22,54,21,0,MT5_PY_API_UNIX_SECONDS,UNRESOLVED_REQUIRES_MANUAL_BINDING
1778860200,1778860500,VIX,VIX,M5,Bid,21.21,21.25,21.2,21.21,38,21,0,MT5_PY_API_UNIX_SECONDS,UNRESOLVED_REQUIRES_MANUAL_BINDING
1778860500,1778860800,VIX,VIX,M5,Bid,21.2,21.21,21.16,21.2,22,21,0,MT5_PY_API_UNIX_SECONDS,UNRESOLVED_REQUIRES_MANUAL_BINDING
1778860800,1778861100,VIX,VIX,M5,Bid,21.2,21.24,21.19,21.19,38,21,0,MT5_PY_API_UNIX_SECONDS,UNRESOLVED_REQUIRES_MANUAL_BINDING
1778861100,1778861400,VIX,VIX,M5,Bid,21.2,21.2,21.15,21.18,90,21,0,MT5_PY_API_UNIX_SECONDS,UNRESOLVED_REQUIRES_MANUAL_BINDING
1778861400,1778861700,VIX,VIX,M5,Bid,21.17,21.19,21.14,21.14,30,21,0,MT5_PY_API_UNIX_SECONDS,UNRESOLVED_REQUIRES_MANUAL_BINDING
1778861700,1778862000,VIX,VIX,M5,Bid,21.13,21.17,21.13,21.14,25,21,0,MT5_PY_API_UNIX_SECONDS,UNRESOLVED_REQUIRES_MANUAL_BINDING
1778862000,1778862300,VIX,VIX,M5,Bid,21.11,21.14,21.1,21.11,27,21,0,MT5_PY_API_UNIX_SECONDS,UNRESOLVED_REQUIRES_MANUAL_BINDING
1778862300,1778862600,VIX,VIX,M5,Bid,21.1,21.11,21.01,21.01,144,21,0,MT5_PY_API_UNIX_SECONDS,UNRESOLVED_REQUIRES_MANUAL_BINDING
1778862600,1778862900,VIX,VIX,M5,Bid,21.0,21.04,20.93,20.97,213,21,0,MT5_PY_API_UNIX_SECONDS,UNRESOLVED_REQUIRES_MANUAL_BINDING
1778862900,1778863200,VIX,VIX,M5,Bid,20.97,20.99,20.91,20.95,130,21,0,MT5_PY_API_UNIX_SECONDS,UNRESOLVED_REQUIRES_MANUAL_BINDING
1778863200,1778863500,VIX,VIX,M5,Bid,20.94,20.98,20.88,20.94,111,21,0,MT5_PY_API_UNIX_SECONDS,UNRESOLVED_REQUIRES_MANUAL_BINDING
1778863500,1778863800,VIX,VIX,M5,Bid,20.95,20.98,20.83,20.84,213,21,0,MT5_PY_API_UNIX_SECONDS,UNRESOLVED_REQUIRES_MANUAL_BINDING
1778863800,1778864100,VIX,VIX,M5,Bid,20.83,20.9,20.77,20.78,128,21,0,MT5_PY_API_UNIX_SECONDS,UNRESOLVED_REQUIRES_MANUAL_BINDING
1778864100,1778864400,VIX,VIX,M5,Bid,20.79,20.92,20.74,20.92,182,21,0,MT5_PY_API_UNIX_SECONDS,UNRESOLVED_REQUIRES_MANUAL_BINDING
1778864400,1778864700,VIX,VIX,M5,Bid,20.93,20.97,20.89,20.93,250,21,0,MT5_PY_API_UNIX_SECONDS,UNRESOLVED_REQUIRES_MANUAL_BINDING
1778864700,1778865000,VIX,VIX,M5,Bid,20.94,20.95,20.9,20.91,207,21,0,MT5_PY_API_UNIX_SECONDS,UNRESOLVED_REQUIRES_MANUAL_BINDING
1778865000,1778865300,VIX,VIX,M5,Bid,20.9,20.9,20.71,20.71,122,21,0,MT5_PY_API_UNIX_SECONDS,UNRESOLVED_REQUIRES_MANUAL_BINDING
1778865300,1778865600,VIX,VIX,M5,Bid,20.72,20.73,20.67,20.71,91,21,0,MT5_PY_API_UNIX_SECONDS,UNRESOLVED_REQUIRES_MANUAL_BINDING
1778865600,1778865900,VIX,VIX,M5,Bid,20.7,20.79,20.67,20.78,83,21,0,MT5_PY_API_UNIX_SECONDS,UNRESOLVED_REQUIRES_MANUAL_BINDING
1778865900,1778866200,VIX,VIX,M5,Bid,20.78,20.84,20.73,20.73,198,21,0,MT5_PY_API_UNIX_SECONDS,UNRESOLVED_REQUIRES_MANUAL_BINDING
1778866200,1778866500,VIX,VIX,M5,Bid,20.74,20.75,20.63,20.65,198,21,0,MT5_PY_API_UNIX_SECONDS,UNRESOLVED_REQUIRES_MANUAL_BINDING
1778866500,1778866800,VIX,VIX,M5,Bid,20.66,20.69,20.6,20.63,68,21,0,MT5_PY_API_UNIX_SECONDS,UNRESOLVED_REQUIRES_MANUAL_BINDING
1778866800,1778867100,VIX,VIX,M5,Bid,20.63,20.64,20.6,20.62,121,21,0,MT5_PY_API_UNIX_SECONDS,UNRESOLVED_REQUIRES_MANUAL_BINDING
1778867100,1778867400,VIX,VIX,M5,Bid,20.61,20.63,20.58,20.62,130,21,0,MT5_PY_API_UNIX_SECONDS,UNRESOLVED_REQUIRES_MANUAL_BINDING
1778867400,1778867700,VIX,VIX,M5,Bid,20.61,20.7,20.6,20.61,206,21,0,MT5_PY_API_UNIX_SECONDS,UNRESOLVED_REQUIRES_MANUAL_BINDING
1778867700,1778868000,VIX,VIX,M5,Bid,20.62,20.63,20.56,20.59,116,21,0,MT5_PY_API_UNIX_SECONDS,UNRESOLVED_REQUIRES_MANUAL_BINDING
1778868000,1778868300,VIX,VIX,M5,Bid,20.58,20.59,20.52,20.58,126,21,0,MT5_PY_API_UNIX_SECONDS,UNRESOLVED_REQUIRES_MANUAL_BINDING
1778868300,1778868600,VIX,VIX,M5,Bid,20.57,20.64,20.57,20.58,80,21,0,MT5_PY_API_UNIX_SECONDS,UNRESOLVED_REQUIRES_MANUAL_BINDING
1778868600,1778868900,VIX,VIX,M5,Bid,20.58,20.61,20.56,20.59,149,21,0,MT5_PY_API_UNIX_SECONDS,UNRESOLVED_REQUIRES_MANUAL_BINDING
1778868900,1778869200,VIX,VIX,M5,Bid,20.58,20.61,20.56,20.58,106,21,0,MT5_PY_API_UNIX_SECONDS,UNRESOLVED_REQUIRES_MANUAL_BINDING
1778869200,1778869500,VIX,VIX,M5,Bid,20.57,20.58,20.5,20.53,85,21,0,MT5_PY_API_UNIX_SECONDS,UNRESOLVED_REQUIRES_MANUAL_BINDING
1778869500,1778869800,VIX,VIX,M5,Bid,20.53,20.56,20.5,20.52,87,21,0,MT5_PY_API_UNIX_SECONDS,UNRESOLVED_REQUIRES_MANUAL_BINDING
1778869800,1778870100,VIX,VIX,M5,Bid,20.51,20.53,20.47,20.52,72,21,0,MT5_PY_API_UNIX_SECONDS,UNRESOLVED_REQUIRES_MANUAL_BINDING
1778870100,1778870400,VIX,VIX,M5,Bid,20.53,20.62,20.5,20.59,86,21,0,MT5_PY_API_UNIX_SECONDS,UNRESOLVED_REQUIRES_MANUAL_BINDING
1778870400,1778870700,VIX,VIX,M5,Bid,20.62,20.68,20.56,20.65,112,21,0,MT5_PY_API_UNIX_SECONDS,UNRESOLVED_REQUIRES_MANUAL_BINDING
1778870700,1778871000,VIX,VIX,M5,Bid,20.68,20.69,20.64,20.67,135,21,0,MT5_PY_API_UNIX_SECONDS,UNRESOLVED_REQUIRES_MANUAL_BINDING
1778871000,1778871300,VIX,VIX,M5,Bid,20.68,20.74,20.68,20.73,223,21,0,MT5_PY_API_UNIX_SECONDS,UNRESOLVED_REQUIRES_MANUAL_BINDING
1778871300,1778871600,VIX,VIX,M5,Bid,20.75,20.76,20.66,20.67,104,21,0,MT5_PY_API_UNIX_SECONDS,UNRESOLVED_REQUIRES_MANUAL_BINDING
1778871600,1778871900,VIX,VIX,M5,Bid,20.66,20.75,20.64,20.75,114,21,0,MT5_PY_API_UNIX_SECONDS,UNRESOLVED_REQUIRES_MANUAL_BINDING
1778871900,1778872200,VIX,VIX,M5,Bid,20.78,20.81,20.74,20.76,42,21,0,MT5_PY_API_UNIX_SECONDS,UNRESOLVED_REQUIRES_MANUAL_BINDING
1778872200,1778872500,VIX,VIX,M5,Bid,20.75,20.79,20.73,20.74,113,21,0,MT5_PY_API_UNIX_SECONDS,UNRESOLVED_REQUIRES_MANUAL_BINDING
1778872500,1778872800,VIX,VIX,M5,Bid,20.73,20.77,20.69,20.69,40,21,0,MT5_PY_API_UNIX_SECONDS,UNRESOLVED_REQUIRES_MANUAL_BINDING
1778872800,1778873100,VIX,VIX,M5,Bid,20.7,20.7,20.62,20.66,43,21,0,MT5_PY_API_UNIX_SECONDS,UNRESOLVED_REQUIRES_MANUAL_BINDING
1778873100,1778873400,VIX,VIX,M5,Bid,20.65,20.66,20.62,20.66,59,21,0,MT5_PY_API_UNIX_SECONDS,UNRESOLVED_REQUIRES_MANUAL_BINDING
1778873400,1778873700,VIX,VIX,M5,Bid,20.65,20.69,20.63,20.66,87,21,0,MT5_PY_API_UNIX_SECONDS,UNRESOLVED_REQUIRES_MANUAL_BINDING
1778873700,1778874000,VIX,VIX,M5,Bid,20.65,20.66,20.65,20.66,10,21,0,MT5_PY_API_UNIX_SECONDS,UNRESOLVED_REQUIRES_MANUAL_BINDING
1778874000,1778874300,VIX,VIX,M5,Bid,20.65,20.65,20.59,20.59,18,21,0,MT5_PY_API_UNIX_SECONDS,UNRESOLVED_REQUIRES_MANUAL_BINDING
1778874300,1778874600,VIX,VIX,M5,Bid,20.59,20.61,20.58,20.6,41,21,0,MT5_PY_API_UNIX_SECONDS,UNRESOLVED_REQUIRES_MANUAL_BINDING
1778874600,1778874900,VIX,VIX,M5,Bid,20.61,20.7,20.6,20.69,64,21,0,MT5_PY_API_UNIX_SECONDS,UNRESOLVED_REQUIRES_MANUAL_BINDING
1778874900,1778875200,VIX,VIX,M5,Bid,20.7,20.7,20.66,20.67,66,21,0,MT5_PY_API_UNIX_SECONDS,UNRESOLVED_REQUIRES_MANUAL_BINDING
1778875200,1778875500,VIX,VIX,M5,Bid,20.66,20.7,20.63,20.65,87,21,0,MT5_PY_API_UNIX_SECONDS,UNRESOLVED_REQUIRES_MANUAL_BINDING
1778875500,1778875800,VIX,VIX,M5,Bid,20.64,20.65,20.57,20.61,108,21,0,MT5_PY_API_UNIX_SECONDS,UNRESOLVED_REQUIRES_MANUAL_BINDING
1778875800,1778876100,VIX,VIX,M5,Bid,20.6,20.61,20.58,20.58,60,21,0,MT5_PY_API_UNIX_SECONDS,UNRESOLVED_REQUIRES_MANUAL_BINDING
1778876100,1778876400,VIX,VIX,M5,Bid,20.59,20.62,20.58,20.58,43,21,0,MT5_PY_API_UNIX_SECONDS,UNRESOLVED_REQUIRES_MANUAL_BINDING
1778876400,1778876700,VIX,VIX,M5,Bid,20.58,20.59,20.52,20.53,24,21,0,MT5_PY_API_UNIX_SECONDS,UNRESOLVED_REQUIRES_MANUAL_BINDING
1778876700,1778877000,VIX,VIX,M5,Bid,20.52,20.59,20.5,20.57,41,21,0,MT5_PY_API_UNIX_SECONDS,UNRESOLVED_REQUIRES_MANUAL_BINDING
1778877000,1778877300,VIX,VIX,M5,Bid,20.56,20.6,20.56,20.59,24,21,0,MT5_PY_API_UNIX_SECONDS,UNRESOLVED_REQUIRES_MANUAL_BINDING
1778877300,1778877600,VIX,VIX,M5,Bid,20.6,20.66,20.59,20.63,39,21,0,MT5_PY_API_UNIX_SECONDS,UNRESOLVED_REQUIRES_MANUAL_BINDING
1778877600,1778877900,VIX,VIX,M5,Bid,20.65,20.66,20.65,20.66,34,21,0,MT5_PY_API_UNIX_SECONDS,UNRESOLVED_REQUIRES_MANUAL_BINDING
1778877900,1778878200,VIX,VIX,M5,Bid,20.67,20.68,20.64,20.67,30,21,0,MT5_PY_API_UNIX_SECONDS,UNRESOLVED_REQUIRES_MANUAL_BINDING
1778878200,1778878500,VIX,VIX,M5,Bid,20.67,20.67,20.62,20.62,33,21,0,MT5_PY_API_UNIX_SECONDS,UNRESOLVED_REQUIRES_MANUAL_BINDING
1778878500,1778878800,VIX,VIX,M5,Bid,20.62,20.72,20.62,20.7,55,21,0,MT5_PY_API_UNIX_SECONDS,UNRESOLVED_REQUIRES_MANUAL_BINDING
1778878800,1778879100,VIX,VIX,M5,Bid,20.69,20.71,20.67,20.71,37,21,0,MT5_PY_API_UNIX_SECONDS,UNRESOLVED_REQUIRES_MANUAL_BINDING
1778879100,1778879400,VIX,VIX,M5,Bid,20.7,20.75,20.7,20.71,14,21,0,MT5_PY_API_UNIX_SECONDS,UNRESOLVED_REQUIRES_MANUAL_BINDING
1778879400,1778879700,VIX,VIX,M5,Bid,20.71,20.74,20.71,20.71,18,21,0,MT5_PY_API_UNIX_SECONDS,UNRESOLVED_REQUIRES_MANUAL_BINDING
1778879700,1778880000,VIX,VIX,M5,Bid,20.71,20.77,20.71,20.71,84,21,0,MT5_PY_API_UNIX_SECONDS,UNRESOLVED_REQUIRES_MANUAL_BINDING
1778880000,1778880300,VIX,VIX,M5,Bid,20.71,20.72,20.58,20.59,66,21,0,MT5_PY_API_UNIX_SECONDS,UNRESOLVED_REQUIRES_MANUAL_BINDING
1778880300,1778880600,VIX,VIX,M5,Bid,20.6,20.68,20.59,20.65,86,21,0,MT5_PY_API_UNIX_SECONDS,UNRESOLVED_REQUIRES_MANUAL_BINDING
1778880600,1778880900,VIX,VIX,M5,Bid,20.64,20.73,20.64,20.7,171,21,0,MT5_PY_API_UNIX_SECONDS,UNRESOLVED_REQUIRES_MANUAL_BINDING
1778880900,1778881200,VIX,VIX,M5,Bid,20.7,20.71,20.63,20.63,92,21,0,MT5_PY_API_UNIX_SECONDS,UNRESOLVED_REQUIRES_MANUAL_BINDING
1778881200,1778881500,VIX,VIX,M5,Bid,20.64,20.67,20.6,20.61,44,21,0,MT5_PY_API_UNIX_SECONDS,UNRESOLVED_REQUIRES_MANUAL_BINDING
1778881500,1778881800,VIX,VIX,M5,Bid,20.6,20.63,20.59,20.62,47,21,0,MT5_PY_API_UNIX_SECONDS,UNRESOLVED_REQUIRES_MANUAL_BINDING
1778881800,1778882100,VIX,VIX,M5,Bid,20.61,20.63,20.58,20.63,41,21,0,MT5_PY_API_UNIX_SECONDS,UNRESOLVED_REQUIRES_MANUAL_BINDING
1778882100,1778882400,VIX,VIX,M5,Bid,20.62,20.63,20.58,20.6,37,21,0,MT5_PY_API_UNIX_SECONDS,UNRESOLVED_REQUIRES_MANUAL_BINDING
1778882400,1778882700,VIX,VIX,M5,Bid,20.59,20.62,20.57,20.6,71,21,0,MT5_PY_API_UNIX_SECONDS,UNRESOLVED_REQUIRES_MANUAL_BINDING
1778882700,1778883000,VIX,VIX,M5,Bid,20.6,20.61,20.57,20.61,51,21,0,MT5_PY_API_UNIX_SECONDS,UNRESOLVED_REQUIRES_MANUAL_BINDING
1778883000,1778883300,VIX,VIX,M5,Bid,20.6,20.63,20.58,20.6,73,21,0,MT5_PY_API_UNIX_SECONDS,UNRESOLVED_REQUIRES_MANUAL_BINDING
1778883300,1778883600,VIX,VIX,M5,Bid,20.61,20.62,20.58,20.58,143,21,0,MT5_PY_API_UNIX_SECONDS,UNRESOLVED_REQUIRES_MANUAL_BINDING
1778883600,1778883900,VIX,VIX,M5,Bid,20.58,20.61,20.57,20.61,53,21,0,MT5_PY_API_UNIX_SECONDS,UNRESOLVED_REQUIRES_MANUAL_BINDING
1778883900,1778884200,VIX,VIX,M5,Bid,20.6,20.62,20.58,20.59,26,21,0,MT5_PY_API_UNIX_SECONDS,UNRESOLVED_REQUIRES_MANUAL_BINDING
1778884200,1778884500,VIX,VIX,M5,Bid,20.59,20.62,20.56,20.61,31,21,0,MT5_PY_API_UNIX_SECONDS,UNRESOLVED_REQUIRES_MANUAL_BINDING
1778884500,1778884800,VIX,VIX,M5,Bid,20.64,20.65,20.62,20.63,41,21,0,MT5_PY_API_UNIX_SECONDS,UNRESOLVED_REQUIRES_MANUAL_BINDING
1778884800,1778885100,VIX,VIX,M5,Bid,20.62,20.63,20.56,20.6,41,21,0,MT5_PY_API_UNIX_SECONDS,UNRESOLVED_REQUIRES_MANUAL_BINDING
1778885100,1778885400,VIX,VIX,M5,Bid,20.6,20.61,20.51,20.56,90,21,0,MT5_PY_API_UNIX_SECONDS,UNRESOLVED_REQUIRES_MANUAL_BINDING
1778885400,1778885700,VIX,VIX,M5,Bid,20.56,20.57,20.42,20.54,132,21,0,MT5_PY_API_UNIX_SECONDS,UNRESOLVED_REQUIRES_MANUAL_BINDING
1778885700,1778886000,VIX,VIX,M5,Bid,20.55,20.65,20.49,20.49,81,21,0,MT5_PY_API_UNIX_SECONDS,UNRESOLVED_REQUIRES_MANUAL_BINDING
1778886000,1778886300,VIX,VIX,M5,Bid,20.5,20.59,20.5,20.55,119,21,0,MT5_PY_API_UNIX_SECONDS,UNRESOLVED_REQUIRES_MANUAL_BINDING
1778886300,1778886600,VIX,VIX,M5,Bid,20.56,20.61,20.55,20.57,74,21,0,MT5_PY_API_UNIX_SECONDS,UNRESOLVED_REQUIRES_MANUAL_BINDING
1778886600,1778886900,VIX,VIX,M5,Bid,20.57,20.61,20.57,20.58,43,21,0,MT5_PY_API_UNIX_SECONDS,UNRESOLVED_REQUIRES_MANUAL_BINDING
1778887800,1778888100,VIX,VIX,M5,Bid,20.52,20.56,20.5,20.52,29,21,0,MT5_PY_API_UNIX_SECONDS,UNRESOLVED_REQUIRES_MANUAL_BINDING
1778888100,1778888400,VIX,VIX,M5,Bid,20.53,20.54,20.5,20.52,28,21,0,MT5_PY_API_UNIX_SECONDS,UNRESOLVED_REQUIRES_MANUAL_BINDING
1778888400,1778888700,VIX,VIX,M5,Bid,20.51,20.52,20.51,20.52,11,21,0,MT5_PY_API_UNIX_SECONDS,UNRESOLVED_REQUIRES_MANUAL_BINDING
1778888700,1778889000,VIX,VIX,M5,Bid,20.51,20.52,20.49,20.51,28,21,0,MT5_PY_API_UNIX_SECONDS,UNRESOLVED_REQUIRES_MANUAL_BINDING
1778889000,1778889300,VIX,VIX,M5,Bid,20.52,20.53,20.49,20.52,11,21,0,MT5_PY_API_UNIX_SECONDS,UNRESOLVED_REQUIRES_MANUAL_BINDING
1778889300,1778889600,VIX,VIX,M5,Bid,20.53,20.54,20.5,20.51,28,21,0,MT5_PY_API_UNIX_SECONDS,UNRESOLVED_REQUIRES_MANUAL_BINDING
1779066000,1779066300,VIX,VIX,M5,Bid,21.1,21.1,20.48,20.52,20,21,0,MT5_PY_API_UNIX_SECONDS,UNRESOLVED_REQUIRES_MANUAL_BINDING
1779066300,1779066600,VIX,VIX,M5,Bid,20.5,20.5,20.39,20.42,38,21,0,MT5_PY_API_UNIX_SECONDS,UNRESOLVED_REQUIRES_MANUAL_BINDING
1779066600,1779066900,VIX,VIX,M5,Bid,20.43,20.43,20.39,20.42,21,21,0,MT5_PY_API_UNIX_SECONDS,UNRESOLVED_REQUIRES_MANUAL_BINDING
1779066900,1779067200,VIX,VIX,M5,Bid,20.43,20.45,20.4,20.44,25,21,0,MT5_PY_API_UNIX_SECONDS,UNRESOLVED_REQUIRES_MANUAL_BINDING
1779067200,1779067500,VIX,VIX,M5,Bid,20.41,20.44,20.41,20.41,42,21,0,MT5_PY_API_UNIX_SECONDS,UNRESOLVED_REQUIRES_MANUAL_BINDING
1779067500,1779067800,VIX,VIX,M5,Bid,20.4,20.43,20.38,20.4,19,21,0,MT5_PY_API_UNIX_SECONDS,UNRESOLVED_REQUIRES_MANUAL_BINDING
1779067800,1779068100,VIX,VIX,M5,Bid,20.39,20.4,20.35,20.36,9,21,0,MT5_PY_API_UNIX_SECONDS,UNRESOLVED_REQUIRES_MANUAL_BINDING
1779068100,1779068400,VIX,VIX,M5,Bid,20.37,20.37,20.29,20.29,10,21,0,MT5_PY_API_UNIX_SECONDS,UNRESOLVED_REQUIRES_MANUAL_BINDING
1779068400,1779068700,VIX,VIX,M5,Bid,20.3,20.3,20.25,20.25,17,21,0,MT5_PY_API_UNIX_SECONDS,UNRESOLVED_REQUIRES_MANUAL_BINDING
1779068700,1779069000,VIX,VIX,M5,Bid,20.26,20.3,20.26,20.29,7,21,0,MT5_PY_API_UNIX_SECONDS,UNRESOLVED_REQUIRES_MANUAL_BINDING
1779069000,1779069300,VIX,VIX,M5,Bid,20.29,20.3,20.28,20.3,9,21,0,MT5_PY_API_UNIX_SECONDS,UNRESOLVED_REQUIRES_MANUAL_BINDING
1779069300,1779069600,VIX,VIX,M5,Bid,20.29,20.33,20.29,20.3,23,21,0,MT5_PY_API_UNIX_SECONDS,UNRESOLVED_REQUIRES_MANUAL_BINDING
1779069600,1779069900,VIX,VIX,M5,Bid,20.29,20.34,20.29,20.34,31,21,0,MT5_PY_API_UNIX_SECONDS,UNRESOLVED_REQUIRES_MANUAL_BINDING
1779069900,1779070200,VIX,VIX,M5,Bid,20.33,20.44,20.33,20.41,91,21,0,MT5_PY_API_UNIX_SECONDS,UNRESOLVED_REQUIRES_MANUAL_BINDING
1779070200,1779070500,VIX,VIX,M5,Bid,20.4,20.43,20.37,20.4,33,21,0,MT5_PY_API_UNIX_SECONDS,UNRESOLVED_REQUIRES_MANUAL_BINDING
1779070500,1779070800,VIX,VIX,M5,Bid,20.4,20.44,20.39,20.41,40,21,0,MT5_PY_API_UNIX_SECONDS,UNRESOLVED_REQUIRES_MANUAL_BINDING
1779070800,1779071100,VIX,VIX,M5,Bid,20.43,20.46,20.39,20.46,38,21,0,MT5_PY_API_UNIX_SECONDS,UNRESOLVED_REQUIRES_MANUAL_BINDING
1779071100,1779071400,VIX,VIX,M5,Bid,20.46,20.53,20.43,20.46,51,21,0,MT5_PY_API_UNIX_SECONDS,UNRESOLVED_REQUIRES_MANUAL_BINDING
1779071400,1779071700,VIX,VIX,M5,Bid,20.47,20.47,20.43,20.43,26,21,0,MT5_PY_API_UNIX_SECONDS,UNRESOLVED_REQUIRES_MANUAL_BINDING
1779071700,1779072000,VIX,VIX,M5,Bid,20.41,20.49,20.4,20.47,37,21,0,MT5_PY_API_UNIX_SECONDS,UNRESOLVED_REQUIRES_MANUAL_BINDING
1779072000,1779072300,VIX,VIX,M5,Bid,20.48,20.56,20.42,20.43,105,21,0,MT5_PY_API_UNIX_SECONDS,UNRESOLVED_REQUIRES_MANUAL_BINDING
1779072300,1779072600,VIX,VIX,M5,Bid,20.44,20.47,20.39,20.41,119,21,0,MT5_PY_API_UNIX_SECONDS,UNRESOLVED_REQUIRES_MANUAL_BINDING
1779072600,1779072900,VIX,VIX,M5,Bid,20.42,20.45,20.41,20.44,43,21,0,MT5_PY_API_UNIX_SECONDS,UNRESOLVED_REQUIRES_MANUAL_BINDING
1779072900,1779073200,VIX,VIX,M5,Bid,20.45,20.47,20.38,20.41,81,21,0,MT5_PY_API_UNIX_SECONDS,UNRESOLVED_REQUIRES_MANUAL_BINDING
1779073200,1779073500,VIX,VIX,M5,Bid,20.42,20.53,20.39,20.51,180,21,0,MT5_PY_API_UNIX_SECONDS,UNRESOLVED_REQUIRES_MANUAL_BINDING
1779073500,1779073800,VIX,VIX,M5,Bid,20.51,20.62,20.51,20.61,253,21,0,MT5_PY_API_UNIX_SECONDS,UNRESOLVED_REQUIRES_MANUAL_BINDING
1779073800,1779074100,VIX,VIX,M5,Bid,20.59,20.68,20.57,20.59,173,21,0,MT5_PY_API_UNIX_SECONDS,UNRESOLVED_REQUIRES_MANUAL_BINDING
1779074100,1779074400,VIX,VIX,M5,Bid,20.58,20.61,20.54,20.59,137,21,0,MT5_PY_API_UNIX_SECONDS,UNRESOLVED_REQUIRES_MANUAL_BINDING
1779074400,1779074700,VIX,VIX,M5,Bid,20.61,20.61,20.55,20.57,69,21,0,MT5_PY_API_UNIX_SECONDS,UNRESOLVED_REQUIRES_MANUAL_BINDING
1779074700,1779075000,VIX,VIX,M5,Bid,20.57,20.57,20.53,20.53,97,21,0,MT5_PY_API_UNIX_SECONDS,UNRESOLVED_REQUIRES_MANUAL_BINDING
1779075000,1779075300,VIX,VIX,M5,Bid,20.53,20.61,20.51,20.57,91,21,0,MT5_PY_API_UNIX_SECONDS,UNRESOLVED_REQUIRES_MANUAL_BINDING
1779075300,1779075600,VIX,VIX,M5,Bid,20.57,20.61,20.55,20.59,74,21,0,MT5_PY_API_UNIX_SECONDS,UNRESOLVED_REQUIRES_MANUAL_BINDING
1779075600,1779075900,VIX,VIX,M5,Bid,20.58,20.63,20.58,20.63,58,21,0,MT5_PY_API_UNIX_SECONDS,UNRESOLVED_REQUIRES_MANUAL_BINDING
1779075900,1779076200,VIX,VIX,M5,Bid,20.63,20.68,20.6,20.61,66,21,0,MT5_PY_API_UNIX_SECONDS,UNRESOLVED_REQUIRES_MANUAL_BINDING
1779076200,1779076500,VIX,VIX,M5,Bid,20.6,20.64,20.57,20.62,42,21,0,MT5_PY_API_UNIX_SECONDS,UNRESOLVED_REQUIRES_MANUAL_BINDING
1779076500,1779076800,VIX,VIX,M5,Bid,20.61,20.62,20.6,20.6,40,21,0,MT5_PY_API_UNIX_SECONDS,UNRESOLVED_REQUIRES_MANUAL_BINDING
1779076800,1779077100,VIX,VIX,M5,Bid,20.59,20.73,20.57,20.73,95,21,0,MT5_PY_API_UNIX_SECONDS,UNRESOLVED_REQUIRES_MANUAL_BINDING
1779077100,1779077400,VIX,VIX,M5,Bid,20.74,20.77,20.7,20.7,61,21,0,MT5_PY_API_UNIX_SECONDS,UNRESOLVED_REQUIRES_MANUAL_BINDING
1779077400,1779077700,VIX,VIX,M5,Bid,20.71,20.79,20.69,20.76,41,21,0,MT5_PY_API_UNIX_SECONDS,UNRESOLVED_REQUIRES_MANUAL_BINDING
1779077700,1779078000,VIX,VIX,M5,Bid,20.79,20.79,20.75,20.78,98,21,0,MT5_PY_API_UNIX_SECONDS,UNRESOLVED_REQUIRES_MANUAL_BINDING
1779078000,1779078300,VIX,VIX,M5,Bid,20.77,20.81,20.75,20.8,84,21,0,MT5_PY_API_UNIX_SECONDS,UNRESOLVED_REQUIRES_MANUAL_BINDING
1779078300,1779078600,VIX,VIX,M5,Bid,20.79,20.84,20.77,20.83,74,21,0,MT5_PY_API_UNIX_SECONDS,UNRESOLVED_REQUIRES_MANUAL_BINDING
1779078600,1779078900,VIX,VIX,M5,Bid,20.82,20.84,20.79,20.82,46,21,0,MT5_PY_API_UNIX_SECONDS,UNRESOLVED_REQUIRES_MANUAL_BINDING
1779078900,1779079200,VIX,VIX,M5,Bid,20.83,20.83,20.79,20.8,51,21,0,MT5_PY_API_UNIX_SECONDS,UNRESOLVED_REQUIRES_MANUAL_BINDING
1779079200,1779079500,VIX,VIX,M5,Bid,20.79,20.84,20.79,20.8,52,21,0,MT5_PY_API_UNIX_SECONDS,UNRESOLVED_REQUIRES_MANUAL_BINDING
1779079500,1779079800,VIX,VIX,M5,Bid,20.81,20.83,20.75,20.78,60,21,0,MT5_PY_API_UNIX_SECONDS,UNRESOLVED_REQUIRES_MANUAL_BINDING
1779079800,1779080100,VIX,VIX,M5,Bid,20.77,20.78,20.71,20.75,50,21,0,MT5_PY_API_UNIX_SECONDS,UNRESOLVED_REQUIRES_MANUAL_BINDING
1779080100,1779080400,VIX,VIX,M5,Bid,20.74,20.76,20.72,20.74,36,21,0,MT5_PY_API_UNIX_SECONDS,UNRESOLVED_REQUIRES_MANUAL_BINDING
1779080400,1779080700,VIX,VIX,M5,Bid,20.75,20.81,20.74,20.77,49,21,0,MT5_PY_API_UNIX_SECONDS,UNRESOLVED_REQUIRES_MANUAL_BINDING
1779080700,1779081000,VIX,VIX,M5,Bid,20.78,20.81,20.77,20.78,24,21,0,MT5_PY_API_UNIX_SECONDS,UNRESOLVED_REQUIRES_MANUAL_BINDING
1779081000,1779081300,VIX,VIX,M5,Bid,20.8,20.81,20.74,20.75,57,21,0,MT5_PY_API_UNIX_SECONDS,UNRESOLVED_REQUIRES_MANUAL_BINDING
1779081300,1779081600,VIX,VIX,M5,Bid,20.74,20.74,20.71,20.74,21,21,0,MT5_PY_API_UNIX_SECONDS,UNRESOLVED_REQUIRES_MANUAL_BINDING
1779081600,1779081900,VIX,VIX,M5,Bid,20.73,20.77,20.71,20.71,23,21,0,MT5_PY_API_UNIX_SECONDS,UNRESOLVED_REQUIRES_MANUAL_BINDING
1779081900,1779082200,VIX,VIX,M5,Bid,20.72,20.76,20.71,20.75,18,21,0,MT5_PY_API_UNIX_SECONDS,UNRESOLVED_REQUIRES_MANUAL_BINDING
1779082200,1779082500,VIX,VIX,M5,Bid,20.74,20.77,20.73,20.76,23,21,0,MT5_PY_API_UNIX_SECONDS,UNRESOLVED_REQUIRES_MANUAL_BINDING
1779082500,1779082800,VIX,VIX,M5,Bid,20.77,20.81,20.77,20.8,25,21,0,MT5_PY_API_UNIX_SECONDS,UNRESOLVED_REQUIRES_MANUAL_BINDING
1779082800,1779083100,VIX,VIX,M5,Bid,20.81,20.81,20.78,20.79,19,21,0,MT5_PY_API_UNIX_SECONDS,UNRESOLVED_REQUIRES_MANUAL_BINDING
1779083100,1779083400,VIX,VIX,M5,Bid,20.8,20.82,20.78,20.82,32,21,0,MT5_PY_API_UNIX_SECONDS,UNRESOLVED_REQUIRES_MANUAL_BINDING
1779083400,1779083700,VIX,VIX,M5,Bid,20.82,20.86,20.79,20.83,32,21,0,MT5_PY_API_UNIX_SECONDS,UNRESOLVED_REQUIRES_MANUAL_BINDING
1779083700,1779084000,VIX,VIX,M5,Bid,20.84,20.84,20.8,20.82,30,21,0,MT5_PY_API_UNIX_SECONDS,UNRESOLVED_REQUIRES_MANUAL_BINDING
1779084000,1779084300,VIX,VIX,M5,Bid,20.8,20.8,20.76,20.8,30,21,0,MT5_PY_API_UNIX_SECONDS,UNRESOLVED_REQUIRES_MANUAL_BINDING
1779084300,1779084600,VIX,VIX,M5,Bid,20.79,20.8,20.76,20.77,28,21,0,MT5_PY_API_UNIX_SECONDS,UNRESOLVED_REQUIRES_MANUAL_BINDING
1779084600,1779084900,VIX,VIX,M5,Bid,20.77,20.83,20.77,20.82,20,21,0,MT5_PY_API_UNIX_SECONDS,UNRESOLVED_REQUIRES_MANUAL_BINDING
1779084900,1779085200,VIX,VIX,M5,Bid,20.81,20.83,20.79,20.83,18,21,0,MT5_PY_API_UNIX_SECONDS,UNRESOLVED_REQUIRES_MANUAL_BINDING
1779085200,1779085500,VIX,VIX,M5,Bid,20.82,20.83,20.79,20.79,9,21,0,MT5_PY_API_UNIX_SECONDS,UNRESOLVED_REQUIRES_MANUAL_BINDING
1779085500,1779085800,VIX,VIX,M5,Bid,20.79,20.82,20.79,20.79,27,21,0,MT5_PY_API_UNIX_SECONDS,UNRESOLVED_REQUIRES_MANUAL_BINDING
1779085800,1779086100,VIX,VIX,M5,Bid,20.8,20.85,20.79,20.79,45,21,0,MT5_PY_API_UNIX_SECONDS,UNRESOLVED_REQUIRES_MANUAL_BINDING
1779086100,1779086400,VIX,VIX,M5,Bid,20.81,20.82,20.76,20.76,36,21,0,MT5_PY_API_UNIX_SECONDS,UNRESOLVED_REQUIRES_MANUAL_BINDING
1779086400,1779086700,VIX,VIX,M5,Bid,20.78,20.79,20.76,20.76,16,21,0,MT5_PY_API_UNIX_SECONDS,UNRESOLVED_REQUIRES_MANUAL_BINDING
1779086700,1779087000,VIX,VIX,M5,Bid,20.76,20.8,20.76,20.79,12,21,0,MT5_PY_API_UNIX_SECONDS,UNRESOLVED_REQUIRES_MANUAL_BINDING
1779087000,1779087300,VIX,VIX,M5,Bid,20.76,20.8,20.76,20.78,11,21,0,MT5_PY_API_UNIX_SECONDS,UNRESOLVED_REQUIRES_MANUAL_BINDING
1779087300,1779087600,VIX,VIX,M5,Bid,20.79,20.79,20.76,20.77,13,21,0,MT5_PY_API_UNIX_SECONDS,UNRESOLVED_REQUIRES_MANUAL_BINDING
1779087600,1779087900,VIX,VIX,M5,Bid,20.76,20.77,20.76,20.77,27,21,0,MT5_PY_API_UNIX_SECONDS,UNRESOLVED_REQUIRES_MANUAL_BINDING
1779087900,1779088200,VIX,VIX,M5,Bid,20.76,20.81,20.76,20.77,20,21,0,MT5_PY_API_UNIX_SECONDS,UNRESOLVED_REQUIRES_MANUAL_BINDING
1779088200,1779088500,VIX,VIX,M5,Bid,20.77,20.78,20.74,20.74,20,21,0,MT5_PY_API_UNIX_SECONDS,UNRESOLVED_REQUIRES_MANUAL_BINDING
1779088500,1779088800,VIX,VIX,M5,Bid,20.75,20.77,20.71,20.75,37,21,0,MT5_PY_API_UNIX_SECONDS,UNRESOLVED_REQUIRES_MANUAL_BINDING
1779088800,1779089100,VIX,VIX,M5,Bid,20.75,20.81,20.75,20.81,23,21,0,MT5_PY_API_UNIX_SECONDS,UNRESOLVED_REQUIRES_MANUAL_BINDING
1779089100,1779089400,VIX,VIX,M5,Bid,20.8,20.81,20.8,20.8,12,21,0,MT5_PY_API_UNIX_SECONDS,UNRESOLVED_REQUIRES_MANUAL_BINDING
1779089400,1779089700,VIX,VIX,M5,Bid,20.78,20.81,20.77,20.81,18,21,0,MT5_PY_API_UNIX_SECONDS,UNRESOLVED_REQUIRES_MANUAL_BINDING
1779089700,1779090000,VIX,VIX,M5,Bid,20.8,20.81,20.77,20.8,18,21,0,MT5_PY_API_UNIX_SECONDS,UNRESOLVED_REQUIRES_MANUAL_BINDING
1779090000,1779090300,VIX,VIX,M5,Bid,20.79,20.8,20.74,20.77,25,21,0,MT5_PY_API_UNIX_SECONDS,UNRESOLVED_REQUIRES_MANUAL_BINDING
1779090300,1779090600,VIX,VIX,M5,Bid,20.74,20.77,20.73,20.73,18,21,0,MT5_PY_API_UNIX_SECONDS,UNRESOLVED_REQUIRES_MANUAL_BINDING
1779090600,1779090900,VIX,VIX,M5,Bid,20.75,20.77,20.73,20.77,11,21,0,MT5_PY_API_UNIX_SECONDS,UNRESOLVED_REQUIRES_MANUAL_BINDING
1779090900,1779091200,VIX,VIX,M5,Bid,20.79,20.8,20.76,20.76,27,21,0,MT5_PY_API_UNIX_SECONDS,UNRESOLVED_REQUIRES_MANUAL_BINDING
1779091200,1779091500,VIX,VIX,M5,Bid,20.77,20.8,20.73,20.73,26,21,0,MT5_PY_API_UNIX_SECONDS,UNRESOLVED_REQUIRES_MANUAL_BINDING
1779091500,1779091800,VIX,VIX,M5,Bid,20.74,20.74,20.72,20.73,22,21,0,MT5_PY_API_UNIX_SECONDS,UNRESOLVED_REQUIRES_MANUAL_BINDING
1779091800,1779092100,VIX,VIX,M5,Bid,20.73,20.77,20.73,20.77,25,21,0,MT5_PY_API_UNIX_SECONDS,UNRESOLVED_REQUIRES_MANUAL_BINDING
1779092100,1779092400,VIX,VIX,M5,Bid,20.8,20.84,20.79,20.83,24,21,0,MT5_PY_API_UNIX_SECONDS,UNRESOLVED_REQUIRES_MANUAL_BINDING
1779092400,1779092700,VIX,VIX,M5,Bid,20.82,20.83,20.8,20.8,38,21,0,MT5_PY_API_UNIX_SECONDS,UNRESOLVED_REQUIRES_MANUAL_BINDING
1779092700,1779093000,VIX,VIX,M5,Bid,20.79,20.8,20.76,20.77,19,21,0,MT5_PY_API_UNIX_SECONDS,UNRESOLVED_REQUIRES_MANUAL_BINDING
1779093000,1779093300,VIX,VIX,M5,Bid,20.76,20.8,20.76,20.79,25,21,0,MT5_PY_API_UNIX_SECONDS,UNRESOLVED_REQUIRES_MANUAL_BINDING
1779093300,1779093600,VIX,VIX,M5,Bid,20.79,20.8,20.76,20.77,30,21,0,MT5_PY_API_UNIX_SECONDS,UNRESOLVED_REQUIRES_MANUAL_BINDING
1779093600,1779093900,VIX,VIX,M5,Bid,20.76,20.8,20.76,20.79,22,21,0,MT5_PY_API_UNIX_SECONDS,UNRESOLVED_REQUIRES_MANUAL_BINDING
1779093900,1779094200,VIX,VIX,M5,Bid,20.79,20.8,20.76,20.77,32,21,0,MT5_PY_API_UNIX_SECONDS,UNRESOLVED_REQUIRES_MANUAL_BINDING
1779094200,1779094500,VIX,VIX,M5,Bid,20.76,20.8,20.76,20.76,29,21,0,MT5_PY_API_UNIX_SECONDS,UNRESOLVED_REQUIRES_MANUAL_BINDING
1779094500,1779094800,VIX,VIX,M5,Bid,20.77,20.8,20.76,20.79,22,21,0,MT5_PY_API_UNIX_SECONDS,UNRESOLVED_REQUIRES_MANUAL_BINDING
1779094800,1779095100,VIX,VIX,M5,Bid,20.8,20.81,20.78,20.81,38,21,0,MT5_PY_API_UNIX_SECONDS,UNRESOLVED_REQUIRES_MANUAL_BINDING
1779095100,1779095400,VIX,VIX,M5,Bid,20.8,20.81,20.77,20.78,28,21,0,MT5_PY_API_UNIX_SECONDS,UNRESOLVED_REQUIRES_MANUAL_BINDING
1779095400,1779095700,VIX,VIX,M5,Bid,20.81,20.81,20.77,20.77,32,21,0,MT5_PY_API_UNIX_SECONDS,UNRESOLVED_REQUIRES_MANUAL_BINDING
1779095700,1779096000,VIX,VIX,M5,Bid,20.78,20.8,20.76,20.8,33,21,0,MT5_PY_API_UNIX_SECONDS,UNRESOLVED_REQUIRES_MANUAL_BINDING
1779096000,1779096300,VIX,VIX,M5,Bid,20.81,20.81,20.77,20.77,25,21,0,MT5_PY_API_UNIX_SECONDS,UNRESOLVED_REQUIRES_MANUAL_BINDING
1779096300,1779096600,VIX,VIX,M5,Bid,20.77,20.82,20.76,20.8,38,21,0,MT5_PY_API_UNIX_SECONDS,UNRESOLVED_REQUIRES_MANUAL_BINDING
1779096600,1779096900,VIX,VIX,M5,Bid,20.81,20.84,20.77,20.8,58,21,0,MT5_PY_API_UNIX_SECONDS,UNRESOLVED_REQUIRES_MANUAL_BINDING
1779096900,1779097200,VIX,VIX,M5,Bid,20.81,20.81,20.76,20.77,35,21,0,MT5_PY_API_UNIX_SECONDS,UNRESOLVED_REQUIRES_MANUAL_BINDING
1779097200,1779097500,VIX,VIX,M5,Bid,20.76,20.77,20.73,20.73,17,21,0,MT5_PY_API_UNIX_SECONDS,UNRESOLVED_REQUIRES_MANUAL_BINDING
1779097500,1779097800,VIX,VIX,M5,Bid,20.73,20.73,20.66,20.67,41,21,0,MT5_PY_API_UNIX_SECONDS,UNRESOLVED_REQUIRES_MANUAL_BINDING
1779097800,1779098100,VIX,VIX,M5,Bid,20.68,20.7,20.67,20.67,23,21,0,MT5_PY_API_UNIX_SECONDS,UNRESOLVED_REQUIRES_MANUAL_BINDING
1779098100,1779098400,VIX,VIX,M5,Bid,20.66,20.68,20.65,20.66,24,21,0,MT5_PY_API_UNIX_SECONDS,UNRESOLVED_REQUIRES_MANUAL_BINDING
1779098400,1779098700,VIX,VIX,M5,Bid,20.65,20.66,20.62,20.63,54,21,0,MT5_PY_API_UNIX_SECONDS,UNRESOLVED_REQUIRES_MANUAL_BINDING
1779098700,1779099000,VIX,VIX,M5,Bid,20.62,20.66,20.62,20.66,33,21,0,MT5_PY_API_UNIX_SECONDS,UNRESOLVED_REQUIRES_MANUAL_BINDING
1779099000,1779099300,VIX,VIX,M5,Bid,20.67,20.69,20.66,20.69,27,21,0,MT5_PY_API_UNIX_SECONDS,UNRESOLVED_REQUIRES_MANUAL_BINDING
1779099300,1779099600,VIX,VIX,M5,Bid,20.7,20.72,20.68,20.69,33,21,0,MT5_PY_API_UNIX_SECONDS,UNRESOLVED_REQUIRES_MANUAL_BINDING
1779099600,1779099900,VIX,VIX,M5,Bid,20.68,20.75,20.68,20.71,45,21,0,MT5_PY_API_UNIX_SECONDS,UNRESOLVED_REQUIRES_MANUAL_BINDING
1779099900,1779100200,VIX,VIX,M5,Bid,20.68,20.71,20.58,20.59,61,21,0,MT5_PY_API_UNIX_SECONDS,UNRESOLVED_REQUIRES_MANUAL_BINDING
1779100200,1779100500,VIX,VIX,M5,Bid,20.6,20.6,20.53,20.56,72,21,0,MT5_PY_API_UNIX_SECONDS,UNRESOLVED_REQUIRES_MANUAL_BINDING
1779100500,1779100800,VIX,VIX,M5,Bid,20.59,20.66,20.57,20.66,62,21,0,MT5_PY_API_UNIX_SECONDS,UNRESOLVED_REQUIRES_MANUAL_BINDING
1779100800,1779101100,VIX,VIX,M5,Bid,20.65,20.7,20.65,20.68,59,21,0,MT5_PY_API_UNIX_SECONDS,UNRESOLVED_REQUIRES_MANUAL_BINDING
1779101100,1779101400,VIX,VIX,M5,Bid,20.68,20.69,20.62,20.66,51,21,0,MT5_PY_API_UNIX_SECONDS,UNRESOLVED_REQUIRES_MANUAL_BINDING
1779101400,1779101700,VIX,VIX,M5,Bid,20.65,20.69,20.65,20.65,35,21,0,MT5_PY_API_UNIX_SECONDS,UNRESOLVED_REQUIRES_MANUAL_BINDING
1779101700,1779102000,VIX,VIX,M5,Bid,20.66,20.66,20.62,20.63,65,21,0,MT5_PY_API_UNIX_SECONDS,UNRESOLVED_REQUIRES_MANUAL_BINDING
1779102000,1779102300,VIX,VIX,M5,Bid,20.62,20.63,20.55,20.56,53,21,0,MT5_PY_API_UNIX_SECONDS,UNRESOLVED_REQUIRES_MANUAL_BINDING
1779102300,1779102600,VIX,VIX,M5,Bid,20.55,20.59,20.54,20.57,50,21,0,MT5_PY_API_UNIX_SECONDS,UNRESOLVED_REQUIRES_MANUAL_BINDING
1779102600,1779102900,VIX,VIX,M5,Bid,20.58,20.59,20.55,20.58,44,21,0,MT5_PY_API_UNIX_SECONDS,UNRESOLVED_REQUIRES_MANUAL_BINDING
1779102900,1779103200,VIX,VIX,M5,Bid,20.59,20.62,20.58,20.59,29,21,0,MT5_PY_API_UNIX_SECONDS,UNRESOLVED_REQUIRES_MANUAL_BINDING
1779103200,1779103500,VIX,VIX,M5,Bid,20.58,20.59,20.54,20.54,19,21,0,MT5_PY_API_UNIX_SECONDS,UNRESOLVED_REQUIRES_MANUAL_BINDING
1779103500,1779103800,VIX,VIX,M5,Bid,20.54,20.54,20.51,20.51,31,21,0,MT5_PY_API_UNIX_SECONDS,UNRESOLVED_REQUIRES_MANUAL_BINDING
1779103800,1779104100,VIX,VIX,M5,Bid,20.52,20.54,20.48,20.51,43,21,0,MT5_PY_API_UNIX_SECONDS,UNRESOLVED_REQUIRES_MANUAL_BINDING
1779104100,1779104400,VIX,VIX,M5,Bid,20.52,20.54,20.51,20.52,42,21,0,MT5_PY_API_UNIX_SECONDS,UNRESOLVED_REQUIRES_MANUAL_BINDING
1779104400,1779104700,VIX,VIX,M5,Bid,20.53,20.55,20.52,20.52,24,21,0,MT5_PY_API_UNIX_SECONDS,UNRESOLVED_REQUIRES_MANUAL_BINDING
1779104700,1779105000,VIX,VIX,M5,Bid,20.53,20.53,20.51,20.52,20,21,0,MT5_PY_API_UNIX_SECONDS,UNRESOLVED_REQUIRES_MANUAL_BINDING
1779105000,1779105300,VIX,VIX,M5,Bid,20.51,20.53,20.48,20.53,41,21,0,MT5_PY_API_UNIX_SECONDS,UNRESOLVED_REQUIRES_MANUAL_BINDING
1779105300,1779105600,VIX,VIX,M5,Bid,20.52,20.53,20.5,20.51,17,21,0,MT5_PY_API_UNIX_SECONDS,UNRESOLVED_REQUIRES_MANUAL_BINDING
1779105600,1779105900,VIX,VIX,M5,Bid,20.5,20.54,20.5,20.53,28,21,0,MT5_PY_API_UNIX_SECONDS,UNRESOLVED_REQUIRES_MANUAL_BINDING
1779105900,1779106200,VIX,VIX,M5,Bid,20.54,20.54,20.52,20.53,10,21,0,MT5_PY_API_UNIX_SECONDS,UNRESOLVED_REQUIRES_MANUAL_BINDING
1779106200,1779106500,VIX,VIX,M5,Bid,20.52,20.56,20.52,20.55,32,21,0,MT5_PY_API_UNIX_SECONDS,UNRESOLVED_REQUIRES_MANUAL_BINDING
1779106500,1779106800,VIX,VIX,M5,Bid,20.54,20.55,20.51,20.54,29,21,0,MT5_PY_API_UNIX_SECONDS,UNRESOLVED_REQUIRES_MANUAL_BINDING
1779106800,1779107100,VIX,VIX,M5,Bid,20.53,20.54,20.5,20.51,17,21,0,MT5_PY_API_UNIX_SECONDS,UNRESOLVED_REQUIRES_MANUAL_BINDING
1779107100,1779107400,VIX,VIX,M5,Bid,20.53,20.55,20.51,20.51,22,21,0,MT5_PY_API_UNIX_SECONDS,UNRESOLVED_REQUIRES_MANUAL_BINDING
1779107400,1779107700,VIX,VIX,M5,Bid,20.52,20.52,20.51,20.51,28,21,0,MT5_PY_API_UNIX_SECONDS,UNRESOLVED_REQUIRES_MANUAL_BINDING
1779107700,1779108000,VIX,VIX,M5,Bid,20.51,20.55,20.51,20.51,11,21,0,MT5_PY_API_UNIX_SECONDS,UNRESOLVED_REQUIRES_MANUAL_BINDING
1779108000,1779108300,VIX,VIX,M5,Bid,20.51,20.52,20.48,20.52,22,21,0,MT5_PY_API_UNIX_SECONDS,UNRESOLVED_REQUIRES_MANUAL_BINDING
1779108300,1779108600,VIX,VIX,M5,Bid,20.52,20.52,20.51,20.52,13,21,0,MT5_PY_API_UNIX_SECONDS,UNRESOLVED_REQUIRES_MANUAL_BINDING
1779108600,1779108900,VIX,VIX,M5,Bid,20.51,20.56,20.51,20.55,61,21,0,MT5_PY_API_UNIX_SECONDS,UNRESOLVED_REQUIRES_MANUAL_BINDING
1779108900,1779109200,VIX,VIX,M5,Bid,20.56,20.56,20.52,20.52,27,21,0,MT5_PY_API_UNIX_SECONDS,UNRESOLVED_REQUIRES_MANUAL_BINDING
1779109200,1779109500,VIX,VIX,M5,Bid,20.52,20.58,20.52,20.57,48,21,0,MT5_PY_API_UNIX_SECONDS,UNRESOLVED_REQUIRES_MANUAL_BINDING
1779109500,1779109800,VIX,VIX,M5,Bid,20.58,20.62,20.58,20.59,55,21,0,MT5_PY_API_UNIX_SECONDS,UNRESOLVED_REQUIRES_MANUAL_BINDING
1779109800,1779110100,VIX,VIX,M5,Bid,20.58,20.59,20.55,20.57,28,21,0,MT5_PY_API_UNIX_SECONDS,UNRESOLVED_REQUIRES_MANUAL_BINDING
1779110100,1779110400,VIX,VIX,M5,Bid,20.56,20.59,20.55,20.55,41,21,0,MT5_PY_API_UNIX_SECONDS,UNRESOLVED_REQUIRES_MANUAL_BINDING
1779110400,1779110700,VIX,VIX,M5,Bid,20.55,20.56,20.55,20.55,8,21,0,MT5_PY_API_UNIX_SECONDS,UNRESOLVED_REQUIRES_MANUAL_BINDING
1779110700,1779111000,VIX,VIX,M5,Bid,20.56,20.59,20.55,20.56,25,21,0,MT5_PY_API_UNIX_SECONDS,UNRESOLVED_REQUIRES_MANUAL_BINDING
1779111000,1779111300,VIX,VIX,M5,Bid,20.55,20.63,20.55,20.62,36,21,0,MT5_PY_API_UNIX_SECONDS,UNRESOLVED_REQUIRES_MANUAL_BINDING
1779111300,1779111600,VIX,VIX,M5,Bid,20.59,20.62,20.59,20.62,31,21,0,MT5_PY_API_UNIX_SECONDS,UNRESOLVED_REQUIRES_MANUAL_BINDING
1779111600,1779111900,VIX,VIX,M5,Bid,20.59,20.6,20.55,20.55,20,21,0,MT5_PY_API_UNIX_SECONDS,UNRESOLVED_REQUIRES_MANUAL_BINDING
1779111900,1779112200,VIX,VIX,M5,Bid,20.56,20.59,20.52,20.53,23,21,0,MT5_PY_API_UNIX_SECONDS,UNRESOLVED_REQUIRES_MANUAL_BINDING
1779112200,1779112500,VIX,VIX,M5,Bid,20.54,20.57,20.53,20.54,25,21,0,MT5_PY_API_UNIX_SECONDS,UNRESOLVED_REQUIRES_MANUAL_BINDING
1779112500,1779112800,VIX,VIX,M5,Bid,20.56,20.6,20.55,20.57,20,21,0,MT5_PY_API_UNIX_SECONDS,UNRESOLVED_REQUIRES_MANUAL_BINDING
1779112800,1779113100,VIX,VIX,M5,Bid,20.56,20.6,20.55,20.6,39,21,0,MT5_PY_API_UNIX_SECONDS,UNRESOLVED_REQUIRES_MANUAL_BINDING
1779113100,1779113400,VIX,VIX,M5,Bid,20.61,20.73,20.6,20.73,45,21,0,MT5_PY_API_UNIX_SECONDS,UNRESOLVED_REQUIRES_MANUAL_BINDING
1779113400,1779113700,VIX,VIX,M5,Bid,20.72,20.8,20.65,20.65,92,21,0,MT5_PY_API_UNIX_SECONDS,UNRESOLVED_REQUIRES_MANUAL_BINDING
1779113700,1779114000,VIX,VIX,M5,Bid,20.65,20.67,20.57,20.58,37,21,0,MT5_PY_API_UNIX_SECONDS,UNRESOLVED_REQUIRES_MANUAL_BINDING
1779114000,1779114300,VIX,VIX,M5,Bid,20.59,20.62,20.58,20.61,45,21,0,MT5_PY_API_UNIX_SECONDS,UNRESOLVED_REQUIRES_MANUAL_BINDING
1779114300,1779114600,VIX,VIX,M5,Bid,20.62,20.63,20.59,20.63,32,21,0,MT5_PY_API_UNIX_SECONDS,UNRESOLVED_REQUIRES_MANUAL_BINDING
1779114600,1779114900,VIX,VIX,M5,Bid,20.62,20.63,20.47,20.48,106,21,0,MT5_PY_API_UNIX_SECONDS,UNRESOLVED_REQUIRES_MANUAL_BINDING
1779114900,1779115200,VIX,VIX,M5,Bid,20.49,20.52,20.35,20.35,133,21,0,MT5_PY_API_UNIX_SECONDS,UNRESOLVED_REQUIRES_MANUAL_BINDING
1779115200,1779115500,VIX,VIX,M5,Bid,20.36,20.41,20.28,20.33,297,21,0,MT5_PY_API_UNIX_SECONDS,UNRESOLVED_REQUIRES_MANUAL_BINDING
1779115500,1779115800,VIX,VIX,M5,Bid,20.34,20.41,20.32,20.4,81,21,0,MT5_PY_API_UNIX_SECONDS,UNRESOLVED_REQUIRES_MANUAL_BINDING
1779115800,1779116100,VIX,VIX,M5,Bid,20.39,20.41,20.37,20.4,31,21,0,MT5_PY_API_UNIX_SECONDS,UNRESOLVED_REQUIRES_MANUAL_BINDING
1779116100,1779116400,VIX,VIX,M5,Bid,20.39,20.41,20.37,20.37,66,21,0,MT5_PY_API_UNIX_SECONDS,UNRESOLVED_REQUIRES_MANUAL_BINDING
1779116400,1779116700,VIX,VIX,M5,Bid,20.37,20.38,20.33,20.34,51,21,0,MT5_PY_API_UNIX_SECONDS,UNRESOLVED_REQUIRES_MANUAL_BINDING
1779116700,1779117000,VIX,VIX,M5,Bid,20.33,20.35,20.31,20.31,45,21,0,MT5_PY_API_UNIX_SECONDS,UNRESOLVED_REQUIRES_MANUAL_BINDING
1779117000,1779117300,VIX,VIX,M5,Bid,20.32,20.34,20.3,20.33,34,21,0,MT5_PY_API_UNIX_SECONDS,UNRESOLVED_REQUIRES_MANUAL_BINDING
1779117300,1779117600,VIX,VIX,M5,Bid,20.33,20.38,20.32,20.36,73,21,0,MT5_PY_API_UNIX_SECONDS,UNRESOLVED_REQUIRES_MANUAL_BINDING
1779117600,1779117900,VIX,VIX,M5,Bid,20.36,20.36,20.32,20.32,48,21,0,MT5_PY_API_UNIX_SECONDS,UNRESOLVED_REQUIRES_MANUAL_BINDING
1779117900,1779118200,VIX,VIX,M5,Bid,20.33,20.38,20.33,20.35,29,21,0,MT5_PY_API_UNIX_SECONDS,UNRESOLVED_REQUIRES_MANUAL_BINDING
1779118200,1779118500,VIX,VIX,M5,Bid,20.36,20.39,20.29,20.29,69,21,0,MT5_PY_API_UNIX_SECONDS,UNRESOLVED_REQUIRES_MANUAL_BINDING
1779118500,1779118800,VIX,VIX,M5,Bid,20.28,20.29,20.22,20.23,117,21,0,MT5_PY_API_UNIX_SECONDS,UNRESOLVED_REQUIRES_MANUAL_BINDING
1779118800,1779119100,VIX,VIX,M5,Bid,20.23,20.26,20.18,20.19,86,21,0,MT5_PY_API_UNIX_SECONDS,UNRESOLVED_REQUIRES_MANUAL_BINDING
1779119100,1779119400,VIX,VIX,M5,Bid,20.2,20.22,20.16,20.16,86,21,0,MT5_PY_API_UNIX_SECONDS,UNRESOLVED_REQUIRES_MANUAL_BINDING
1779119400,1779119700,VIX,VIX,M5,Bid,20.16,20.22,20.16,20.21,76,21,0,MT5_PY_API_UNIX_SECONDS,UNRESOLVED_REQUIRES_MANUAL_BINDING
1779119700,1779120000,VIX,VIX,M5,Bid,20.22,20.23,20.19,20.22,56,21,0,MT5_PY_API_UNIX_SECONDS,UNRESOLVED_REQUIRES_MANUAL_BINDING
1779120000,1779120300,VIX,VIX,M5,Bid,20.23,20.25,20.19,20.21,88,21,0,MT5_PY_API_UNIX_SECONDS,UNRESOLVED_REQUIRES_MANUAL_BINDING
1779120300,1779120600,VIX,VIX,M5,Bid,20.21,20.25,20.21,20.22,30,21,0,MT5_PY_API_UNIX_SECONDS,UNRESOLVED_REQUIRES_MANUAL_BINDING
1779120600,1779120900,VIX,VIX,M5,Bid,20.22,20.24,20.22,20.24,18,21,0,MT5_PY_API_UNIX_SECONDS,UNRESOLVED_REQUIRES_MANUAL_BINDING
1779120900,1779121200,VIX,VIX,M5,Bid,20.24,20.26,20.23,20.25,21,21,0,MT5_PY_API_UNIX_SECONDS,UNRESOLVED_REQUIRES_MANUAL_BINDING
1779121200,1779121500,VIX,VIX,M5,Bid,20.25,20.26,20.25,20.26,10,21,0,MT5_PY_API_UNIX_SECONDS,UNRESOLVED_REQUIRES_MANUAL_BINDING
1779121500,1779121800,VIX,VIX,M5,Bid,20.27,20.27,20.22,20.22,32,21,0,MT5_PY_API_UNIX_SECONDS,UNRESOLVED_REQUIRES_MANUAL_BINDING
1779121800,1779122100,VIX,VIX,M5,Bid,20.22,20.31,20.22,20.31,113,21,0,MT5_PY_API_UNIX_SECONDS,UNRESOLVED_REQUIRES_MANUAL_BINDING
1779122100,1779122400,VIX,VIX,M5,Bid,20.31,20.39,20.28,20.37,152,21,0,MT5_PY_API_UNIX_SECONDS,UNRESOLVED_REQUIRES_MANUAL_BINDING
1779122400,1779122700,VIX,VIX,M5,Bid,20.38,20.44,20.36,20.43,216,21,0,MT5_PY_API_UNIX_SECONDS,UNRESOLVED_REQUIRES_MANUAL_BINDING
1779122700,1779123000,VIX,VIX,M5,Bid,20.42,20.45,20.32,20.33,240,21,0,MT5_PY_API_UNIX_SECONDS,UNRESOLVED_REQUIRES_MANUAL_BINDING
1779123000,1779123300,VIX,VIX,M5,Bid,20.32,20.33,20.21,20.26,90,21,0,MT5_PY_API_UNIX_SECONDS,UNRESOLVED_REQUIRES_MANUAL_BINDING
1779123300,1779123600,VIX,VIX,M5,Bid,20.26,20.3,20.26,20.27,60,21,0,MT5_PY_API_UNIX_SECONDS,UNRESOLVED_REQUIRES_MANUAL_BINDING
1779123600,1779123900,VIX,VIX,M5,Bid,20.27,20.33,20.25,20.31,147,21,0,MT5_PY_API_UNIX_SECONDS,UNRESOLVED_REQUIRES_MANUAL_BINDING
1779123900,1779124200,VIX,VIX,M5,Bid,20.3,20.36,20.28,20.33,163,21,0,MT5_PY_API_UNIX_SECONDS,UNRESOLVED_REQUIRES_MANUAL_BINDING
1779124200,1779124500,VIX,VIX,M5,Bid,20.32,20.33,20.25,20.28,122,21,0,MT5_PY_API_UNIX_SECONDS,UNRESOLVED_REQUIRES_MANUAL_BINDING
1779124500,1779124800,VIX,VIX,M5,Bid,20.27,20.28,20.22,20.23,62,21,0,MT5_PY_API_UNIX_SECONDS,UNRESOLVED_REQUIRES_MANUAL_BINDING
1779124800,1779125100,VIX,VIX,M5,Bid,20.22,20.27,20.22,20.26,97,21,0,MT5_PY_API_UNIX_SECONDS,UNRESOLVED_REQUIRES_MANUAL_BINDING
1779125100,1779125400,VIX,VIX,M5,Bid,20.25,20.25,20.15,20.2,63,21,0,MT5_PY_API_UNIX_SECONDS,UNRESOLVED_REQUIRES_MANUAL_BINDING
1779125400,1779125700,VIX,VIX,M5,Bid,20.21,20.36,20.17,20.34,146,21,0,MT5_PY_API_UNIX_SECONDS,UNRESOLVED_REQUIRES_MANUAL_BINDING
1779125700,1779126000,VIX,VIX,M5,Bid,20.33,20.43,20.27,20.28,291,21,0,MT5_PY_API_UNIX_SECONDS,UNRESOLVED_REQUIRES_MANUAL_BINDING
1779126000,1779126300,VIX,VIX,M5,Bid,20.29,20.36,20.25,20.26,233,21,0,MT5_PY_API_UNIX_SECONDS,UNRESOLVED_REQUIRES_MANUAL_BINDING
1779126300,1779126600,VIX,VIX,M5,Bid,20.25,20.32,20.25,20.27,127,21,0,MT5_PY_API_UNIX_SECONDS,UNRESOLVED_REQUIRES_MANUAL_BINDING
1779126600,1779126900,VIX,VIX,M5,Bid,20.26,20.28,20.21,20.23,99,21,0,MT5_PY_API_UNIX_SECONDS,UNRESOLVED_REQUIRES_MANUAL_BINDING
1779126900,1779127200,VIX,VIX,M5,Bid,20.23,20.27,20.22,20.24,80,21,0,MT5_PY_API_UNIX_SECONDS,UNRESOLVED_REQUIRES_MANUAL_BINDING
1779127200,1779127500,VIX,VIX,M5,Bid,20.23,20.39,20.17,20.31,392,21,0,MT5_PY_API_UNIX_SECONDS,UNRESOLVED_REQUIRES_MANUAL_BINDING
1779127500,1779127800,VIX,VIX,M5,Bid,20.31,20.36,20.28,20.36,244,21,0,MT5_PY_API_UNIX_SECONDS,UNRESOLVED_REQUIRES_MANUAL_BINDING
1779127800,1779128100,VIX,VIX,M5,Bid,20.37,20.37,20.25,20.26,112,21,0,MT5_PY_API_UNIX_SECONDS,UNRESOLVED_REQUIRES_MANUAL_BINDING
1779128100,1779128400,VIX,VIX,M5,Bid,20.25,20.35,20.25,20.32,192,21,0,MT5_PY_API_UNIX_SECONDS,UNRESOLVED_REQUIRES_MANUAL_BINDING
1779128400,1779128700,VIX,VIX,M5,Bid,20.31,20.41,20.29,20.38,153,21,0,MT5_PY_API_UNIX_SECONDS,UNRESOLVED_REQUIRES_MANUAL_BINDING
1779128700,1779129000,VIX,VIX,M5,Bid,20.39,20.45,20.37,20.44,129,21,0,MT5_PY_API_UNIX_SECONDS,UNRESOLVED_REQUIRES_MANUAL_BINDING
1779129000,1779129300,VIX,VIX,M5,Bid,20.45,20.49,20.36,20.36,128,21,0,MT5_PY_API_UNIX_SECONDS,UNRESOLVED_REQUIRES_MANUAL_BINDING
1779129300,1779129600,VIX,VIX,M5,Bid,20.35,20.36,20.28,20.29,79,21,0,MT5_PY_API_UNIX_SECONDS,UNRESOLVED_REQUIRES_MANUAL_BINDING
1779129600,1779129900,VIX,VIX,M5,Bid,20.28,20.32,20.24,20.32,65,21,0,MT5_PY_API_UNIX_SECONDS,UNRESOLVED_REQUIRES_MANUAL_BINDING
1779129900,1779130200,VIX,VIX,M5,Bid,20.31,20.32,20.27,20.31,90,21,0,MT5_PY_API_UNIX_SECONDS,UNRESOLVED_REQUIRES_MANUAL_BINDING
1779130200,1779130500,VIX,VIX,M5,Bid,20.34,20.34,20.27,20.29,86,21,0,MT5_PY_API_UNIX_SECONDS,UNRESOLVED_REQUIRES_MANUAL_BINDING
1779130500,1779130800,VIX,VIX,M5,Bid,20.28,20.29,20.24,20.27,83,21,0,MT5_PY_API_UNIX_SECONDS,UNRESOLVED_REQUIRES_MANUAL_BINDING
1779130800,1779131100,VIX,VIX,M5,Bid,20.27,20.33,20.27,20.3,71,21,0,MT5_PY_API_UNIX_SECONDS,UNRESOLVED_REQUIRES_MANUAL_BINDING
1779131100,1779131400,VIX,VIX,M5,Bid,20.29,20.3,20.23,20.27,56,21,0,MT5_PY_API_UNIX_SECONDS,UNRESOLVED_REQUIRES_MANUAL_BINDING
1779131400,1779131700,VIX,VIX,M5,Bid,20.24,20.25,20.2,20.21,6,21,0,MT5_PY_API_UNIX_SECONDS,UNRESOLVED_REQUIRES_MANUAL_BINDING
1779131700,1779132000,VIX,VIX,M5,Bid,20.17,20.18,20.13,20.13,27,21,0,MT5_PY_API_UNIX_SECONDS,UNRESOLVED_REQUIRES_MANUAL_BINDING
1779132000,1779132300,VIX,VIX,M5,Bid,20.12,20.19,20.09,20.16,62,21,0,MT5_PY_API_UNIX_SECONDS,UNRESOLVED_REQUIRES_MANUAL_BINDING
1779132300,1779132600,VIX,VIX,M5,Bid,20.17,20.37,20.16,20.32,203,21,0,MT5_PY_API_UNIX_SECONDS,UNRESOLVED_REQUIRES_MANUAL_BINDING
1779132600,1779132900,VIX,VIX,M5,Bid,20.33,20.36,20.23,20.24,262,21,0,MT5_PY_API_UNIX_SECONDS,UNRESOLVED_REQUIRES_MANUAL_BINDING
1779132900,1779133200,VIX,VIX,M5,Bid,20.25,20.28,20.2,20.27,116,21,0,MT5_PY_API_UNIX_SECONDS,UNRESOLVED_REQUIRES_MANUAL_BINDING
1779133200,1779133500,VIX,VIX,M5,Bid,20.28,20.28,20.23,20.28,72,21,0,MT5_PY_API_UNIX_SECONDS,UNRESOLVED_REQUIRES_MANUAL_BINDING
1779133500,1779133800,VIX,VIX,M5,Bid,20.27,20.3,20.22,20.24,62,21,0,MT5_PY_API_UNIX_SECONDS,UNRESOLVED_REQUIRES_MANUAL_BINDING
1779133800,1779134100,VIX,VIX,M5,Bid,20.25,20.25,20.13,20.16,66,21,0,MT5_PY_API_UNIX_SECONDS,UNRESOLVED_REQUIRES_MANUAL_BINDING
1779134100,1779134400,VIX,VIX,M5,Bid,20.15,20.17,20.09,20.15,120,21,0,MT5_PY_API_UNIX_SECONDS,UNRESOLVED_REQUIRES_MANUAL_BINDING
1779134400,1779134700,VIX,VIX,M5,Bid,20.15,20.19,20.13,20.14,75,21,0,MT5_PY_API_UNIX_SECONDS,UNRESOLVED_REQUIRES_MANUAL_BINDING
1779134700,1779135000,VIX,VIX,M5,Bid,20.17,20.17,20.11,20.14,84,21,0,MT5_PY_API_UNIX_SECONDS,UNRESOLVED_REQUIRES_MANUAL_BINDING
1779135000,1779135300,VIX,VIX,M5,Bid,20.13,20.15,20.11,20.12,37,21,0,MT5_PY_API_UNIX_SECONDS,UNRESOLVED_REQUIRES_MANUAL_BINDING
1779135300,1779135600,VIX,VIX,M5,Bid,20.13,20.16,20.12,20.14,45,21,0,MT5_PY_API_UNIX_SECONDS,UNRESOLVED_REQUIRES_MANUAL_BINDING
1779135600,1779135900,VIX,VIX,M5,Bid,20.13,20.16,20.12,20.13,51,21,0,MT5_PY_API_UNIX_SECONDS,UNRESOLVED_REQUIRES_MANUAL_BINDING
1779135900,1779136200,VIX,VIX,M5,Bid,20.13,20.18,20.13,20.15,81,21,0,MT5_PY_API_UNIX_SECONDS,UNRESOLVED_REQUIRES_MANUAL_BINDING
1779136200,1779136500,VIX,VIX,M5,Bid,20.14,20.18,20.14,20.17,28,21,0,MT5_PY_API_UNIX_SECONDS,UNRESOLVED_REQUIRES_MANUAL_BINDING
1779136500,1779136800,VIX,VIX,M5,Bid,20.18,20.22,20.18,20.21,49,21,0,MT5_PY_API_UNIX_SECONDS,UNRESOLVED_REQUIRES_MANUAL_BINDING
1779136800,1779137100,VIX,VIX,M5,Bid,20.2,20.2,20.16,20.19,43,21,0,MT5_PY_API_UNIX_SECONDS,UNRESOLVED_REQUIRES_MANUAL_BINDING
1779137100,1779137400,VIX,VIX,M5,Bid,20.18,20.21,20.15,20.16,31,21,0,MT5_PY_API_UNIX_SECONDS,UNRESOLVED_REQUIRES_MANUAL_BINDING
1779137400,1779137700,VIX,VIX,M5,Bid,20.17,20.19,20.13,20.18,26,21,0,MT5_PY_API_UNIX_SECONDS,UNRESOLVED_REQUIRES_MANUAL_BINDING
1779137700,1779138000,VIX,VIX,M5,Bid,20.17,20.18,20.13,20.13,47,21,0,MT5_PY_API_UNIX_SECONDS,UNRESOLVED_REQUIRES_MANUAL_BINDING
1779138000,1779138300,VIX,VIX,M5,Bid,20.13,20.26,20.13,20.26,97,21,0,MT5_PY_API_UNIX_SECONDS,UNRESOLVED_REQUIRES_MANUAL_BINDING
1779138300,1779138600,VIX,VIX,M5,Bid,20.25,20.33,20.23,20.31,134,21,0,MT5_PY_API_UNIX_SECONDS,UNRESOLVED_REQUIRES_MANUAL_BINDING
1779138600,1779138900,VIX,VIX,M5,Bid,20.32,20.36,20.28,20.36,65,21,0,MT5_PY_API_UNIX_SECONDS,UNRESOLVED_REQUIRES_MANUAL_BINDING
1779138900,1779139200,VIX,VIX,M5,Bid,20.35,20.44,20.35,20.41,127,21,0,MT5_PY_API_UNIX_SECONDS,UNRESOLVED_REQUIRES_MANUAL_BINDING
1779139200,1779139500,VIX,VIX,M5,Bid,20.42,20.47,20.4,20.46,142,21,0,MT5_PY_API_UNIX_SECONDS,UNRESOLVED_REQUIRES_MANUAL_BINDING
1779139500,1779139800,VIX,VIX,M5,Bid,20.47,20.54,20.43,20.45,233,21,0,MT5_PY_API_UNIX_SECONDS,UNRESOLVED_REQUIRES_MANUAL_BINDING
1779139800,1779140100,VIX,VIX,M5,Bid,20.44,20.48,20.39,20.4,86,21,0,MT5_PY_API_UNIX_SECONDS,UNRESOLVED_REQUIRES_MANUAL_BINDING
1779140100,1779140400,VIX,VIX,M5,Bid,20.39,20.46,20.39,20.44,56,21,0,MT5_PY_API_UNIX_SECONDS,UNRESOLVED_REQUIRES_MANUAL_BINDING
1779140400,1779140700,VIX,VIX,M5,Bid,20.45,20.48,20.4,20.41,76,21,0,MT5_PY_API_UNIX_SECONDS,UNRESOLVED_REQUIRES_MANUAL_BINDING
1779140700,1779141000,VIX,VIX,M5,Bid,20.4,20.47,20.4,20.47,40,21,0,MT5_PY_API_UNIX_SECONDS,UNRESOLVED_REQUIRES_MANUAL_BINDING
1779141000,1779141300,VIX,VIX,M5,Bid,20.46,20.53,20.46,20.48,83,21,0,MT5_PY_API_UNIX_SECONDS,UNRESOLVED_REQUIRES_MANUAL_BINDING
1779141300,1779141600,VIX,VIX,M5,Bid,20.48,20.54,20.43,20.51,126,21,0,MT5_PY_API_UNIX_SECONDS,UNRESOLVED_REQUIRES_MANUAL_BINDING
1779141600,1779141900,VIX,VIX,M5,Bid,20.51,20.52,20.18,20.29,510,21,0,MT5_PY_API_UNIX_SECONDS,UNRESOLVED_REQUIRES_MANUAL_BINDING
1779141900,1779142200,VIX,VIX,M5,Bid,20.3,20.36,20.24,20.28,283,21,0,MT5_PY_API_UNIX_SECONDS,UNRESOLVED_REQUIRES_MANUAL_BINDING
1779142200,1779142500,VIX,VIX,M5,Bid,20.28,20.28,20.22,20.28,186,21,0,MT5_PY_API_UNIX_SECONDS,UNRESOLVED_REQUIRES_MANUAL_BINDING
1779142500,1779142800,VIX,VIX,M5,Bid,20.26,20.29,20.22,20.23,99,21,0,MT5_PY_API_UNIX_SECONDS,UNRESOLVED_REQUIRES_MANUAL_BINDING
1779142800,1779143100,VIX,VIX,M5,Bid,20.22,20.3,20.22,20.3,113,21,0,MT5_PY_API_UNIX_SECONDS,UNRESOLVED_REQUIRES_MANUAL_BINDING
1779143100,1779143400,VIX,VIX,M5,Bid,20.29,20.35,20.27,20.28,87,21,0,MT5_PY_API_UNIX_SECONDS,UNRESOLVED_REQUIRES_MANUAL_BINDING
1779143400,1779143700,VIX,VIX,M5,Bid,20.24,20.25,20.17,20.21,84,21,0,MT5_PY_API_UNIX_SECONDS,UNRESOLVED_REQUIRES_MANUAL_BINDING
1779143700,1779144000,VIX,VIX,M5,Bid,20.22,20.22,20.15,20.15,60,21,0,MT5_PY_API_UNIX_SECONDS,UNRESOLVED_REQUIRES_MANUAL_BINDING
1779144000,1779144300,VIX,VIX,M5,Bid,20.16,20.23,20.16,20.21,52,21,0,MT5_PY_API_UNIX_SECONDS,UNRESOLVED_REQUIRES_MANUAL_BINDING
1779144300,1779144600,VIX,VIX,M5,Bid,20.22,20.24,20.17,20.19,59,21,0,MT5_PY_API_UNIX_SECONDS,UNRESOLVED_REQUIRES_MANUAL_BINDING
1779144600,1779144900,VIX,VIX,M5,Bid,20.18,20.23,20.11,20.11,133,21,0,MT5_PY_API_UNIX_SECONDS,UNRESOLVED_REQUIRES_MANUAL_BINDING
1779144900,1779145200,VIX,VIX,M5,Bid,20.12,20.25,20.11,20.14,172,21,0,MT5_PY_API_UNIX_SECONDS,UNRESOLVED_REQUIRES_MANUAL_BINDING
1779145200,1779145500,VIX,VIX,M5,Bid,20.15,20.21,20.11,20.18,129,21,0,MT5_PY_API_UNIX_SECONDS,UNRESOLVED_REQUIRES_MANUAL_BINDING
1779145500,1779145800,VIX,VIX,M5,Bid,20.17,20.2,20.09,20.12,59,21,0,MT5_PY_API_UNIX_SECONDS,UNRESOLVED_REQUIRES_MANUAL_BINDING
1779145800,1779146100,VIX,VIX,M5,Bid,20.08,20.17,20.08,20.15,30,21,0,MT5_PY_API_UNIX_SECONDS,UNRESOLVED_REQUIRES_MANUAL_BINDING
1779146100,1779146400,VIX,VIX,M5,Bid,20.15,20.15,20.15,20.15,1,22,0,MT5_PY_API_UNIX_SECONDS,UNRESOLVED_REQUIRES_MANUAL_BINDING
1779147000,1779147300,VIX,VIX,M5,Bid,20.2,20.24,20.2,20.21,9,21,0,MT5_PY_API_UNIX_SECONDS,UNRESOLVED_REQUIRES_MANUAL_BINDING
1779147300,1779147600,VIX,VIX,M5,Bid,20.22,20.22,20.22,20.22,1,21,0,MT5_PY_API_UNIX_SECONDS,UNRESOLVED_REQUIRES_MANUAL_BINDING
1779147600,1779147900,VIX,VIX,M5,Bid,20.21,20.25,20.21,20.25,10,21,0,MT5_PY_API_UNIX_SECONDS,UNRESOLVED_REQUIRES_MANUAL_BINDING
1779147900,1779148200,VIX,VIX,M5,Bid,20.23,20.23,20.21,20.23,9,21,0,MT5_PY_API_UNIX_SECONDS,UNRESOLVED_REQUIRES_MANUAL_BINDING
1779148200,1779148500,VIX,VIX,M5,Bid,20.22,20.26,20.17,20.23,18,21,0,MT5_PY_API_UNIX_SECONDS,UNRESOLVED_REQUIRES_MANUAL_BINDING
1779148500,1779148800,VIX,VIX,M5,Bid,20.21,20.26,20.1,20.13,35,21,0,MT5_PY_API_UNIX_SECONDS,UNRESOLVED_REQUIRES_MANUAL_BINDING
1779152400,1779152700,VIX,VIX,M5,Bid,20.17,20.2,20.11,20.11,19,20,0,MT5_PY_API_UNIX_SECONDS,UNRESOLVED_REQUIRES_MANUAL_BINDING
1779152700,1779153000,VIX,VIX,M5,Bid,20.08,20.11,20.07,20.08,12,20,0,MT5_PY_API_UNIX_SECONDS,UNRESOLVED_REQUIRES_MANUAL_BINDING
1779153000,1779153300,VIX,VIX,M5,Bid,20.08,20.08,20.07,20.07,26,20,0,MT5_PY_API_UNIX_SECONDS,UNRESOLVED_REQUIRES_MANUAL_BINDING
1779153300,1779153600,VIX,VIX,M5,Bid,20.08,20.08,20.07,20.07,13,20,0,MT5_PY_API_UNIX_SECONDS,UNRESOLVED_REQUIRES_MANUAL_BINDING
1779153600,1779153900,VIX,VIX,M5,Bid,20.08,20.08,20.07,20.07,2,21,0,MT5_PY_API_UNIX_SECONDS,UNRESOLVED_REQUIRES_MANUAL_BINDING
1779153900,1779154200,VIX,VIX,M5,Bid,20.08,20.08,20.07,20.07,18,20,0,MT5_PY_API_UNIX_SECONDS,UNRESOLVED_REQUIRES_MANUAL_BINDING
1779154200,1779154500,VIX,VIX,M5,Bid,20.08,20.08,20.07,20.08,13,20,0,MT5_PY_API_UNIX_SECONDS,UNRESOLVED_REQUIRES_MANUAL_BINDING
1779154500,1779154800,VIX,VIX,M5,Bid,20.08,20.08,20.07,20.07,4,20,0,MT5_PY_API_UNIX_SECONDS,UNRESOLVED_REQUIRES_MANUAL_BINDING
1779155100,1779155400,VIX,VIX,M5,Bid,20.08,20.08,20.07,20.07,4,20,0,MT5_PY_API_UNIX_SECONDS,UNRESOLVED_REQUIRES_MANUAL_BINDING
1779155400,1779155700,VIX,VIX,M5,Bid,20.08,20.11,20.08,20.11,2,20,0,MT5_PY_API_UNIX_SECONDS,UNRESOLVED_REQUIRES_MANUAL_BINDING
1779156000,1779156300,VIX,VIX,M5,Bid,20.08,20.11,20.08,20.08,6,21,0,MT5_PY_API_UNIX_SECONDS,UNRESOLVED_REQUIRES_MANUAL_BINDING
1779156300,1779156600,VIX,VIX,M5,Bid,20.1,20.11,20.07,20.07,11,20,0,MT5_PY_API_UNIX_SECONDS,UNRESOLVED_REQUIRES_MANUAL_BINDING
1779156600,1779156900,VIX,VIX,M5,Bid,20.08,20.08,20.08,20.08,1,21,0,MT5_PY_API_UNIX_SECONDS,UNRESOLVED_REQUIRES_MANUAL_BINDING
1779156900,1779157200,VIX,VIX,M5,Bid,20.1,20.11,20.1,20.11,2,20,0,MT5_PY_API_UNIX_SECONDS,UNRESOLVED_REQUIRES_MANUAL_BINDING
1779157800,1779158100,VIX,VIX,M5,Bid,20.1,20.1,20.08,20.08,2,21,0,MT5_PY_API_UNIX_SECONDS,UNRESOLVED_REQUIRES_MANUAL_BINDING
1779158100,1779158400,VIX,VIX,M5,Bid,20.1,20.11,20.08,20.08,6,21,0,MT5_PY_API_UNIX_SECONDS,UNRESOLVED_REQUIRES_MANUAL_BINDING
1779158700,1779159000,VIX,VIX,M5,Bid,20.11,20.11,20.08,20.11,12,21,0,MT5_PY_API_UNIX_SECONDS,UNRESOLVED_REQUIRES_MANUAL_BINDING
1779159000,1779159300,VIX,VIX,M5,Bid,20.12,20.13,20.11,20.13,7,20,0,MT5_PY_API_UNIX_SECONDS,UNRESOLVED_REQUIRES_MANUAL_BINDING
1779159300,1779159600,VIX,VIX,M5,Bid,20.13,20.13,20.11,20.11,3,20,0,MT5_PY_API_UNIX_SECONDS,UNRESOLVED_REQUIRES_MANUAL_BINDING
1779159600,1779159900,VIX,VIX,M5,Bid,20.08,20.18,20.07,20.18,41,20,0,MT5_PY_API_UNIX_SECONDS,UNRESOLVED_REQUIRES_MANUAL_BINDING
1779159900,1779160200,VIX,VIX,M5,Bid,20.17,20.18,20.06,20.08,54,20,0,MT5_PY_API_UNIX_SECONDS,UNRESOLVED_REQUIRES_MANUAL_BINDING
1779160200,1779160500,VIX,VIX,M5,Bid,20.08,20.11,20.07,20.11,19,20,0,MT5_PY_API_UNIX_SECONDS,UNRESOLVED_REQUIRES_MANUAL_BINDING
1779160500,1779160800,VIX,VIX,M5,Bid,20.12,20.17,20.11,20.11,52,20,0,MT5_PY_API_UNIX_SECONDS,UNRESOLVED_REQUIRES_MANUAL_BINDING
1779160800,1779161100,VIX,VIX,M5,Bid,20.12,20.12,20.03,20.11,49,20,0,MT5_PY_API_UNIX_SECONDS,UNRESOLVED_REQUIRES_MANUAL_BINDING
1779161100,1779161400,VIX,VIX,M5,Bid,20.12,20.12,20.07,20.07,17,20,0,MT5_PY_API_UNIX_SECONDS,UNRESOLVED_REQUIRES_MANUAL_BINDING
1779161400,1779161700,VIX,VIX,M5,Bid,20.06,20.07,20.04,20.06,21,20,0,MT5_PY_API_UNIX_SECONDS,UNRESOLVED_REQUIRES_MANUAL_BINDING
1779161700,1779162000,VIX,VIX,M5,Bid,20.07,20.08,20.06,20.08,20,20,0,MT5_PY_API_UNIX_SECONDS,UNRESOLVED_REQUIRES_MANUAL_BINDING
1779162000,1779162300,VIX,VIX,M5,Bid,20.09,20.11,20.07,20.07,27,20,0,MT5_PY_API_UNIX_SECONDS,UNRESOLVED_REQUIRES_MANUAL_BINDING
1779162300,1779162600,VIX,VIX,M5,Bid,20.06,20.08,20.06,20.06,21,20,0,MT5_PY_API_UNIX_SECONDS,UNRESOLVED_REQUIRES_MANUAL_BINDING
1779162600,1779162900,VIX,VIX,M5,Bid,20.07,20.11,20.07,20.08,20,20,0,MT5_PY_API_UNIX_SECONDS,UNRESOLVED_REQUIRES_MANUAL_BINDING
1779162900,1779163200,VIX,VIX,M5,Bid,20.08,20.11,20.06,20.08,32,20,0,MT5_PY_API_UNIX_SECONDS,UNRESOLVED_REQUIRES_MANUAL_BINDING
1779163200,1779163500,VIX,VIX,M5,Bid,20.09,20.13,20.09,20.11,70,20,0,MT5_PY_API_UNIX_SECONDS,UNRESOLVED_REQUIRES_MANUAL_BINDING
1779163500,1779163800,VIX,VIX,M5,Bid,20.12,20.12,20.06,20.07,31,20,0,MT5_PY_API_UNIX_SECONDS,UNRESOLVED_REQUIRES_MANUAL_BINDING
1779163800,1779164100,VIX,VIX,M5,Bid,20.06,20.11,20.06,20.11,30,21,0,MT5_PY_API_UNIX_SECONDS,UNRESOLVED_REQUIRES_MANUAL_BINDING
1779164100,1779164400,VIX,VIX,M5,Bid,20.09,20.16,20.08,20.16,33,20,0,MT5_PY_API_UNIX_SECONDS,UNRESOLVED_REQUIRES_MANUAL_BINDING
1779164400,1779164700,VIX,VIX,M5,Bid,20.14,20.21,20.13,20.21,37,20,0,MT5_PY_API_UNIX_SECONDS,UNRESOLVED_REQUIRES_MANUAL_BINDING
1779164700,1779165000,VIX,VIX,M5,Bid,20.19,20.21,20.17,20.17,43,20,0,MT5_PY_API_UNIX_SECONDS,UNRESOLVED_REQUIRES_MANUAL_BINDING
1779165000,1779165300,VIX,VIX,M5,Bid,20.17,20.18,20.13,20.13,26,20,0,MT5_PY_API_UNIX_SECONDS,UNRESOLVED_REQUIRES_MANUAL_BINDING
1779165300,1779165600,VIX,VIX,M5,Bid,20.14,20.15,20.1,20.11,14,20,0,MT5_PY_API_UNIX_SECONDS,UNRESOLVED_REQUIRES_MANUAL_BINDING
1779165600,1779165900,VIX,VIX,M5,Bid,20.12,20.13,20.07,20.08,19,20,0,MT5_PY_API_UNIX_SECONDS,UNRESOLVED_REQUIRES_MANUAL_BINDING
1779165900,1779166200,VIX,VIX,M5,Bid,20.08,20.11,20.07,20.08,10,21,0,MT5_PY_API_UNIX_SECONDS,UNRESOLVED_REQUIRES_MANUAL_BINDING
1779166200,1779166500,VIX,VIX,M5,Bid,20.08,20.08,20.07,20.08,11,20,0,MT5_PY_API_UNIX_SECONDS,UNRESOLVED_REQUIRES_MANUAL_BINDING
1779166500,1779166800,VIX,VIX,M5,Bid,20.07,20.15,20.07,20.13,14,20,0,MT5_PY_API_UNIX_SECONDS,UNRESOLVED_REQUIRES_MANUAL_BINDING
1779166800,1779167100,VIX,VIX,M5,Bid,20.15,20.18,20.13,20.17,35,20,0,MT5_PY_API_UNIX_SECONDS,UNRESOLVED_REQUIRES_MANUAL_BINDING
1779167100,1779167400,VIX,VIX,M5,Bid,20.18,20.21,20.13,20.21,35,20,0,MT5_PY_API_UNIX_SECONDS,UNRESOLVED_REQUIRES_MANUAL_BINDING
1779167400,1779167700,VIX,VIX,M5,Bid,20.2,20.21,20.16,20.16,40,20,0,MT5_PY_API_UNIX_SECONDS,UNRESOLVED_REQUIRES_MANUAL_BINDING
1779167700,1779168000,VIX,VIX,M5,Bid,20.17,20.19,20.16,20.16,42,20,0,MT5_PY_API_UNIX_SECONDS,UNRESOLVED_REQUIRES_MANUAL_BINDING
1779168000,1779168300,VIX,VIX,M5,Bid,20.13,20.18,20.13,20.16,32,20,0,MT5_PY_API_UNIX_SECONDS,UNRESOLVED_REQUIRES_MANUAL_BINDING
1779168300,1779168600,VIX,VIX,M5,Bid,20.17,20.17,20.13,20.14,17,20,0,MT5_PY_API_UNIX_SECONDS,UNRESOLVED_REQUIRES_MANUAL_BINDING
1779168600,1779168900,VIX,VIX,M5,Bid,20.16,20.16,20.13,20.16,28,20,0,MT5_PY_API_UNIX_SECONDS,UNRESOLVED_REQUIRES_MANUAL_BINDING
1779168900,1779169200,VIX,VIX,M5,Bid,20.15,20.17,20.13,20.16,20,20,0,MT5_PY_API_UNIX_SECONDS,UNRESOLVED_REQUIRES_MANUAL_BINDING
1779169200,1779169500,VIX,VIX,M5,Bid,20.15,20.16,20.13,20.13,24,20,0,MT5_PY_API_UNIX_SECONDS,UNRESOLVED_REQUIRES_MANUAL_BINDING
1779169500,1779169800,VIX,VIX,M5,Bid,20.15,20.16,20.13,20.13,16,20,0,MT5_PY_API_UNIX_SECONDS,UNRESOLVED_REQUIRES_MANUAL_BINDING
1779169800,1779170100,VIX,VIX,M5,Bid,20.15,20.16,20.12,20.13,37,20,0,MT5_PY_API_UNIX_SECONDS,UNRESOLVED_REQUIRES_MANUAL_BINDING
1779170100,1779170400,VIX,VIX,M5,Bid,20.13,20.13,20.13,20.13,2,20,0,MT5_PY_API_UNIX_SECONDS,UNRESOLVED_REQUIRES_MANUAL_BINDING
1779170400,1779170700,VIX,VIX,M5,Bid,20.13,20.17,20.13,20.16,9,20,0,MT5_PY_API_UNIX_SECONDS,UNRESOLVED_REQUIRES_MANUAL_BINDING
1779170700,1779171000,VIX,VIX,M5,Bid,20.15,20.15,20.12,20.13,17,20,0,MT5_PY_API_UNIX_SECONDS,UNRESOLVED_REQUIRES_MANUAL_BINDING
1779171000,1779171300,VIX,VIX,M5,Bid,20.12,20.13,20.11,20.13,28,20,0,MT5_PY_API_UNIX_SECONDS,UNRESOLVED_REQUIRES_MANUAL_BINDING
1779171300,1779171600,VIX,VIX,M5,Bid,20.12,20.12,20.12,20.12,1,21,0,MT5_PY_API_UNIX_SECONDS,UNRESOLVED_REQUIRES_MANUAL_BINDING
1779171600,1779171900,VIX,VIX,M5,Bid,20.13,20.13,20.12,20.12,4,20,0,MT5_PY_API_UNIX_SECONDS,UNRESOLVED_REQUIRES_MANUAL_BINDING
1779171900,1779172200,VIX,VIX,M5,Bid,20.12,20.12,20.08,20.08,4,20,0,MT5_PY_API_UNIX_SECONDS,UNRESOLVED_REQUIRES_MANUAL_BINDING
1779172200,1779172500,VIX,VIX,M5,Bid,20.08,20.08,20.03,20.03,28,20,0,MT5_PY_API_UNIX_SECONDS,UNRESOLVED_REQUIRES_MANUAL_BINDING
1779172500,1779172800,VIX,VIX,M5,Bid,20.04,20.06,20.03,20.06,6,20,0,MT5_PY_API_UNIX_SECONDS,UNRESOLVED_REQUIRES_MANUAL_BINDING
1779172800,1779173100,VIX,VIX,M5,Bid,20.07,20.08,20.07,20.08,2,21,0,MT5_PY_API_UNIX_SECONDS,UNRESOLVED_REQUIRES_MANUAL_BINDING
1779173100,1779173400,VIX,VIX,M5,Bid,20.1,20.11,20.08,20.08,32,21,0,MT5_PY_API_UNIX_SECONDS,UNRESOLVED_REQUIRES_MANUAL_BINDING
1779173400,1779173700,VIX,VIX,M5,Bid,20.1,20.11,20.08,20.08,29,20,0,MT5_PY_API_UNIX_SECONDS,UNRESOLVED_REQUIRES_MANUAL_BINDING
1779173700,1779174000,VIX,VIX,M5,Bid,20.1,20.12,20.1,20.12,11,20,0,MT5_PY_API_UNIX_SECONDS,UNRESOLVED_REQUIRES_MANUAL_BINDING
1779174000,1779174300,VIX,VIX,M5,Bid,20.13,20.17,20.13,20.17,33,20,0,MT5_PY_API_UNIX_SECONDS,UNRESOLVED_REQUIRES_MANUAL_BINDING
1779174300,1779174600,VIX,VIX,M5,Bid,20.17,20.17,20.13,20.13,19,20,0,MT5_PY_API_UNIX_SECONDS,UNRESOLVED_REQUIRES_MANUAL_BINDING
1779174600,1779174900,VIX,VIX,M5,Bid,20.15,20.16,20.12,20.13,23,20,0,MT5_PY_API_UNIX_SECONDS,UNRESOLVED_REQUIRES_MANUAL_BINDING
1779174900,1779175200,VIX,VIX,M5,Bid,20.15,20.17,20.13,20.17,41,20,0,MT5_PY_API_UNIX_SECONDS,UNRESOLVED_REQUIRES_MANUAL_BINDING
1779175200,1779175500,VIX,VIX,M5,Bid,20.16,20.17,20.16,20.17,15,20,0,MT5_PY_API_UNIX_SECONDS,UNRESOLVED_REQUIRES_MANUAL_BINDING
1779175500,1779175800,VIX,VIX,M5,Bid,20.17,20.18,20.17,20.18,20,20,0,MT5_PY_API_UNIX_SECONDS,UNRESOLVED_REQUIRES_MANUAL_BINDING
1779175800,1779176100,VIX,VIX,M5,Bid,20.18,20.18,20.16,20.16,7,20,0,MT5_PY_API_UNIX_SECONDS,UNRESOLVED_REQUIRES_MANUAL_BINDING
1779176100,1779176400,VIX,VIX,M5,Bid,20.13,20.17,20.12,20.16,22,20,0,MT5_PY_API_UNIX_SECONDS,UNRESOLVED_REQUIRES_MANUAL_BINDING
1779176400,1779176700,VIX,VIX,M5,Bid,20.15,20.18,20.15,20.18,12,20,0,MT5_PY_API_UNIX_SECONDS,UNRESOLVED_REQUIRES_MANUAL_BINDING
1779176700,1779177000,VIX,VIX,M5,Bid,20.18,20.22,20.17,20.22,14,20,0,MT5_PY_API_UNIX_SECONDS,UNRESOLVED_REQUIRES_MANUAL_BINDING
1779177000,1779177300,VIX,VIX,M5,Bid,20.23,20.23,20.18,20.18,16,20,0,MT5_PY_API_UNIX_SECONDS,UNRESOLVED_REQUIRES_MANUAL_BINDING
1779177300,1779177600,VIX,VIX,M5,Bid,20.18,20.18,20.18,20.18,1,21,0,MT5_PY_API_UNIX_SECONDS,UNRESOLVED_REQUIRES_MANUAL_BINDING
1779177600,1779177900,VIX,VIX,M5,Bid,20.18,20.21,20.16,20.18,20,20,0,MT5_PY_API_UNIX_SECONDS,UNRESOLVED_REQUIRES_MANUAL_BINDING
1779177900,1779178200,VIX,VIX,M5,Bid,20.2,20.21,20.16,20.16,36,20,0,MT5_PY_API_UNIX_SECONDS,UNRESOLVED_REQUIRES_MANUAL_BINDING
1779178200,1779178500,VIX,VIX,M5,Bid,20.17,20.18,20.16,20.18,16,20,0,MT5_PY_API_UNIX_SECONDS,UNRESOLVED_REQUIRES_MANUAL_BINDING
1779178500,1779178800,VIX,VIX,M5,Bid,20.2,20.2,20.17,20.17,11,20,0,MT5_PY_API_UNIX_SECONDS,UNRESOLVED_REQUIRES_MANUAL_BINDING
1779178800,1779179100,VIX,VIX,M5,Bid,20.18,20.27,20.17,20.23,71,20,0,MT5_PY_API_UNIX_SECONDS,UNRESOLVED_REQUIRES_MANUAL_BINDING
1779179100,1779179400,VIX,VIX,M5,Bid,20.22,20.23,20.15,20.16,42,20,0,MT5_PY_API_UNIX_SECONDS,UNRESOLVED_REQUIRES_MANUAL_BINDING
1779179400,1779179700,VIX,VIX,M5,Bid,20.17,20.2,20.16,20.18,33,20,0,MT5_PY_API_UNIX_SECONDS,UNRESOLVED_REQUIRES_MANUAL_BINDING
1779179700,1779180000,VIX,VIX,M5,Bid,20.2,20.21,20.13,20.13,57,20,0,MT5_PY_API_UNIX_SECONDS,UNRESOLVED_REQUIRES_MANUAL_BINDING
1779180000,1779180300,VIX,VIX,M5,Bid,20.15,20.19,20.13,20.18,11,20,0,MT5_PY_API_UNIX_SECONDS,UNRESOLVED_REQUIRES_MANUAL_BINDING
1779180300,1779180600,VIX,VIX,M5,Bid,20.18,20.18,20.17,20.18,3,20,0,MT5_PY_API_UNIX_SECONDS,UNRESOLVED_REQUIRES_MANUAL_BINDING
1779180600,1779180900,VIX,VIX,M5,Bid,20.2,20.2,20.18,20.18,4,20,0,MT5_PY_API_UNIX_SECONDS,UNRESOLVED_REQUIRES_MANUAL_BINDING
1779180900,1779181200,VIX,VIX,M5,Bid,20.2,20.21,20.17,20.18,23,20,0,MT5_PY_API_UNIX_SECONDS,UNRESOLVED_REQUIRES_MANUAL_BINDING
1779181200,1779181500,VIX,VIX,M5,Bid,20.17,20.18,20.16,20.16,33,20,0,MT5_PY_API_UNIX_SECONDS,UNRESOLVED_REQUIRES_MANUAL_BINDING
1779181500,1779181800,VIX,VIX,M5,Bid,20.17,20.18,20.13,20.17,33,20,0,MT5_PY_API_UNIX_SECONDS,UNRESOLVED_REQUIRES_MANUAL_BINDING
1779181800,1779182100,VIX,VIX,M5,Bid,20.16,20.16,20.08,20.08,16,20,0,MT5_PY_API_UNIX_SECONDS,UNRESOLVED_REQUIRES_MANUAL_BINDING
1779182100,1779182400,VIX,VIX,M5,Bid,20.07,20.13,20.07,20.07,26,20,0,MT5_PY_API_UNIX_SECONDS,UNRESOLVED_REQUIRES_MANUAL_BINDING
1779182400,1779182700,VIX,VIX,M5,Bid,20.08,20.08,20.07,20.07,14,20,0,MT5_PY_API_UNIX_SECONDS,UNRESOLVED_REQUIRES_MANUAL_BINDING
1779182700,1779183000,VIX,VIX,M5,Bid,20.07,20.07,20.06,20.06,20,20,0,MT5_PY_API_UNIX_SECONDS,UNRESOLVED_REQUIRES_MANUAL_BINDING
1779183000,1779183300,VIX,VIX,M5,Bid,20.07,20.11,20.06,20.11,8,20,0,MT5_PY_API_UNIX_SECONDS,UNRESOLVED_REQUIRES_MANUAL_BINDING
1779183300,1779183600,VIX,VIX,M5,Bid,20.12,20.13,20.06,20.06,6,20,0,MT5_PY_API_UNIX_SECONDS,UNRESOLVED_REQUIRES_MANUAL_BINDING
1779183600,1779183900,VIX,VIX,M5,Bid,20.07,20.07,20.06,20.06,10,20,0,MT5_PY_API_UNIX_SECONDS,UNRESOLVED_REQUIRES_MANUAL_BINDING
1779183900,1779184200,VIX,VIX,M5,Bid,20.07,20.11,20.07,20.07,12,20,0,MT5_PY_API_UNIX_SECONDS,UNRESOLVED_REQUIRES_MANUAL_BINDING
1779184200,1779184500,VIX,VIX,M5,Bid,20.06,20.08,20.06,20.08,9,20,0,MT5_PY_API_UNIX_SECONDS,UNRESOLVED_REQUIRES_MANUAL_BINDING
1779184500,1779184800,VIX,VIX,M5,Bid,20.08,20.08,20.07,20.07,11,20,0,MT5_PY_API_UNIX_SECONDS,UNRESOLVED_REQUIRES_MANUAL_BINDING
1779184800,1779185100,VIX,VIX,M5,Bid,20.08,20.08,20.07,20.07,54,20,0,MT5_PY_API_UNIX_SECONDS,UNRESOLVED_REQUIRES_MANUAL_BINDING
1779185100,1779185400,VIX,VIX,M5,Bid,20.06,20.06,19.98,20.01,17,20,0,MT5_PY_API_UNIX_SECONDS,UNRESOLVED_REQUIRES_MANUAL_BINDING
1779185400,1779185700,VIX,VIX,M5,Bid,20.02,20.07,20.02,20.05,23,20,0,MT5_PY_API_UNIX_SECONDS,UNRESOLVED_REQUIRES_MANUAL_BINDING
1779185700,1779186000,VIX,VIX,M5,Bid,20.06,20.07,20.03,20.06,42,20,0,MT5_PY_API_UNIX_SECONDS,UNRESOLVED_REQUIRES_MANUAL_BINDING
1779186000,1779186300,VIX,VIX,M5,Bid,20.05,20.07,20.05,20.06,10,20,0,MT5_PY_API_UNIX_SECONDS,UNRESOLVED_REQUIRES_MANUAL_BINDING
1779186300,1779186600,VIX,VIX,M5,Bid,20.07,20.07,20.03,20.06,16,20,0,MT5_PY_API_UNIX_SECONDS,UNRESOLVED_REQUIRES_MANUAL_BINDING
1779186600,1779186900,VIX,VIX,M5,Bid,20.07,20.11,20.06,20.08,32,20,0,MT5_PY_API_UNIX_SECONDS,UNRESOLVED_REQUIRES_MANUAL_BINDING
1779186900,1779187200,VIX,VIX,M5,Bid,20.09,20.11,20.03,20.03,27,20,0,MT5_PY_API_UNIX_SECONDS,UNRESOLVED_REQUIRES_MANUAL_BINDING
1779187200,1779187500,VIX,VIX,M5,Bid,20.03,20.03,20.02,20.03,24,20,0,MT5_PY_API_UNIX_SECONDS,UNRESOLVED_REQUIRES_MANUAL_BINDING
1779187500,1779187800,VIX,VIX,M5,Bid,20.02,20.02,20.01,20.01,10,20,0,MT5_PY_API_UNIX_SECONDS,UNRESOLVED_REQUIRES_MANUAL_BINDING
1779187800,1779188100,VIX,VIX,M5,Bid,20.02,20.02,19.98,19.98,22,20,0,MT5_PY_API_UNIX_SECONDS,UNRESOLVED_REQUIRES_MANUAL_BINDING
1779188100,1779188400,VIX,VIX,M5,Bid,19.97,20.02,19.97,20.02,24,20,0,MT5_PY_API_UNIX_SECONDS,UNRESOLVED_REQUIRES_MANUAL_BINDING
1779188400,1779188700,VIX,VIX,M5,Bid,20.02,20.07,20.01,20.06,31,20,0,MT5_PY_API_UNIX_SECONDS,UNRESOLVED_REQUIRES_MANUAL_BINDING
1779188700,1779189000,VIX,VIX,M5,Bid,20.07,20.12,20.07,20.11,59,20,0,MT5_PY_API_UNIX_SECONDS,UNRESOLVED_REQUIRES_MANUAL_BINDING
1779189000,1779189300,VIX,VIX,M5,Bid,20.13,20.16,20.08,20.11,48,20,0,MT5_PY_API_UNIX_SECONDS,UNRESOLVED_REQUIRES_MANUAL_BINDING
1779189300,1779189600,VIX,VIX,M5,Bid,20.12,20.13,20.06,20.08,24,20,0,MT5_PY_API_UNIX_SECONDS,UNRESOLVED_REQUIRES_MANUAL_BINDING
1779189600,1779189900,VIX,VIX,M5,Bid,20.07,20.12,20.07,20.11,16,20,0,MT5_PY_API_UNIX_SECONDS,UNRESOLVED_REQUIRES_MANUAL_BINDING
1779189900,1779190200,VIX,VIX,M5,Bid,20.12,20.16,20.11,20.11,41,20,0,MT5_PY_API_UNIX_SECONDS,UNRESOLVED_REQUIRES_MANUAL_BINDING
1779190200,1779190500,VIX,VIX,M5,Bid,20.12,20.12,20.08,20.08,23,20,0,MT5_PY_API_UNIX_SECONDS,UNRESOLVED_REQUIRES_MANUAL_BINDING
1779190500,1779190800,VIX,VIX,M5,Bid,20.1,20.12,20.08,20.08,12,20,0,MT5_PY_API_UNIX_SECONDS,UNRESOLVED_REQUIRES_MANUAL_BINDING
1779190800,1779191100,VIX,VIX,M5,Bid,20.1,20.11,20.08,20.08,22,21,0,MT5_PY_API_UNIX_SECONDS,UNRESOLVED_REQUIRES_MANUAL_BINDING
1779191100,1779191400,VIX,VIX,M5,Bid,20.1,20.1,20.03,20.06,8,20,0,MT5_PY_API_UNIX_SECONDS,UNRESOLVED_REQUIRES_MANUAL_BINDING
1779191400,1779191700,VIX,VIX,M5,Bid,20.05,20.06,20.02,20.03,17,20,0,MT5_PY_API_UNIX_SECONDS,UNRESOLVED_REQUIRES_MANUAL_BINDING
1779191700,1779192000,VIX,VIX,M5,Bid,20.03,20.06,20.02,20.06,5,20,0,MT5_PY_API_UNIX_SECONDS,UNRESOLVED_REQUIRES_MANUAL_BINDING
1779192000,1779192300,VIX,VIX,M5,Bid,20.07,20.09,20.06,20.06,45,20,0,MT5_PY_API_UNIX_SECONDS,UNRESOLVED_REQUIRES_MANUAL_BINDING
1779192300,1779192600,VIX,VIX,M5,Bid,20.07,20.07,20.06,20.06,6,20,0,MT5_PY_API_UNIX_SECONDS,UNRESOLVED_REQUIRES_MANUAL_BINDING
1779192600,1779192900,VIX,VIX,M5,Bid,20.05,20.06,20.03,20.06,20,21,0,MT5_PY_API_UNIX_SECONDS,UNRESOLVED_REQUIRES_MANUAL_BINDING
1779192900,1779193200,VIX,VIX,M5,Bid,20.07,20.16,20.06,20.16,35,20,0,MT5_PY_API_UNIX_SECONDS,UNRESOLVED_REQUIRES_MANUAL_BINDING
1779193200,1779193500,VIX,VIX,M5,Bid,20.15,20.16,20.11,20.11,53,20,0,MT5_PY_API_UNIX_SECONDS,UNRESOLVED_REQUIRES_MANUAL_BINDING
1779193500,1779193800,VIX,VIX,M5,Bid,20.12,20.17,20.12,20.17,10,20,0,MT5_PY_API_UNIX_SECONDS,UNRESOLVED_REQUIRES_MANUAL_BINDING
1779193800,1779194100,VIX,VIX,M5,Bid,20.17,20.27,20.16,20.26,95,20,0,MT5_PY_API_UNIX_SECONDS,UNRESOLVED_REQUIRES_MANUAL_BINDING
1779194100,1779194400,VIX,VIX,M5,Bid,20.25,20.26,20.22,20.26,48,20,0,MT5_PY_API_UNIX_SECONDS,UNRESOLVED_REQUIRES_MANUAL_BINDING
1779194400,1779194700,VIX,VIX,M5,Bid,20.27,20.31,20.26,20.28,66,20,0,MT5_PY_API_UNIX_SECONDS,UNRESOLVED_REQUIRES_MANUAL_BINDING
1779194700,1779195000,VIX,VIX,M5,Bid,20.29,20.31,20.26,20.28,34,20,0,MT5_PY_API_UNIX_SECONDS,UNRESOLVED_REQUIRES_MANUAL_BINDING
1779195000,1779195300,VIX,VIX,M5,Bid,20.27,20.27,20.23,20.23,21,20,0,MT5_PY_API_UNIX_SECONDS,UNRESOLVED_REQUIRES_MANUAL_BINDING
1779195300,1779195600,VIX,VIX,M5,Bid,20.25,20.27,20.22,20.23,45,20,0,MT5_PY_API_UNIX_SECONDS,UNRESOLVED_REQUIRES_MANUAL_BINDING
1779195600,1779195900,VIX,VIX,M5,Bid,20.25,20.26,20.23,20.26,24,21,0,MT5_PY_API_UNIX_SECONDS,UNRESOLVED_REQUIRES_MANUAL_BINDING
1779195900,1779196200,VIX,VIX,M5,Bid,20.25,20.26,20.23,20.26,45,21,0,MT5_PY_API_UNIX_SECONDS,UNRESOLVED_REQUIRES_MANUAL_BINDING
1779196200,1779196500,VIX,VIX,M5,Bid,20.25,20.27,20.23,20.23,40,20,0,MT5_PY_API_UNIX_SECONDS,UNRESOLVED_REQUIRES_MANUAL_BINDING
1779196500,1779196800,VIX,VIX,M5,Bid,20.25,20.26,20.23,20.23,40,21,0,MT5_PY_API_UNIX_SECONDS,UNRESOLVED_REQUIRES_MANUAL_BINDING
1779196800,1779197100,VIX,VIX,M5,Bid,20.25,20.26,20.22,20.22,30,20,0,MT5_PY_API_UNIX_SECONDS,UNRESOLVED_REQUIRES_MANUAL_BINDING
1779197100,1779197400,VIX,VIX,M5,Bid,20.23,20.23,20.22,20.22,7,20,0,MT5_PY_API_UNIX_SECONDS,UNRESOLVED_REQUIRES_MANUAL_BINDING
1779197400,1779197700,VIX,VIX,M5,Bid,20.23,20.23,20.16,20.17,9,20,0,MT5_PY_API_UNIX_SECONDS,UNRESOLVED_REQUIRES_MANUAL_BINDING
1779197700,1779198000,VIX,VIX,M5,Bid,20.16,20.32,20.16,20.21,64,20,0,MT5_PY_API_UNIX_SECONDS,UNRESOLVED_REQUIRES_MANUAL_BINDING
1779198000,1779198300,VIX,VIX,M5,Bid,20.22,20.31,20.21,20.31,31,20,0,MT5_PY_API_UNIX_SECONDS,UNRESOLVED_REQUIRES_MANUAL_BINDING
1779198300,1779198600,VIX,VIX,M5,Bid,20.3,20.36,20.23,20.26,74,20,0,MT5_PY_API_UNIX_SECONDS,UNRESOLVED_REQUIRES_MANUAL_BINDING
1779198600,1779198900,VIX,VIX,M5,Bid,20.25,20.26,20.21,20.23,92,20,0,MT5_PY_API_UNIX_SECONDS,UNRESOLVED_REQUIRES_MANUAL_BINDING
1779198900,1779199200,VIX,VIX,M5,Bid,20.22,20.22,20.18,20.18,71,20,0,MT5_PY_API_UNIX_SECONDS,UNRESOLVED_REQUIRES_MANUAL_BINDING
1779199200,1779199500,VIX,VIX,M5,Bid,20.18,20.19,20.16,20.18,34,20,0,MT5_PY_API_UNIX_SECONDS,UNRESOLVED_REQUIRES_MANUAL_BINDING
1779199500,1779199800,VIX,VIX,M5,Bid,20.19,20.21,20.19,20.21,2,21,0,MT5_PY_API_UNIX_SECONDS,UNRESOLVED_REQUIRES_MANUAL_BINDING
1779199800,1779200100,VIX,VIX,M5,Bid,20.23,20.26,20.23,20.26,24,21,0,MT5_PY_API_UNIX_SECONDS,UNRESOLVED_REQUIRES_MANUAL_BINDING
1779200100,1779200400,VIX,VIX,M5,Bid,20.27,20.28,20.23,20.23,23,20,0,MT5_PY_API_UNIX_SECONDS,UNRESOLVED_REQUIRES_MANUAL_BINDING
1779200400,1779200700,VIX,VIX,M5,Bid,20.26,20.27,20.26,20.26,33,20,0,MT5_PY_API_UNIX_SECONDS,UNRESOLVED_REQUIRES_MANUAL_BINDING
1779200700,1779201000,VIX,VIX,M5,Bid,20.27,20.28,20.26,20.26,14,20,0,MT5_PY_API_UNIX_SECONDS,UNRESOLVED_REQUIRES_MANUAL_BINDING
1779201000,1779201300,VIX,VIX,M5,Bid,20.24,20.26,20.23,20.23,22,21,0,MT5_PY_API_UNIX_SECONDS,UNRESOLVED_REQUIRES_MANUAL_BINDING
1779201300,1779201600,VIX,VIX,M5,Bid,20.24,20.27,20.23,20.27,44,20,0,MT5_PY_API_UNIX_SECONDS,UNRESOLVED_REQUIRES_MANUAL_BINDING
1779201600,1779201900,VIX,VIX,M5,Bid,20.26,20.27,20.26,20.27,42,20,0,MT5_PY_API_UNIX_SECONDS,UNRESOLVED_REQUIRES_MANUAL_BINDING
1779201900,1779202200,VIX,VIX,M5,Bid,20.27,20.31,20.26,20.28,29,20,0,MT5_PY_API_UNIX_SECONDS,UNRESOLVED_REQUIRES_MANUAL_BINDING
1779202200,1779202500,VIX,VIX,M5,Bid,20.28,20.31,20.27,20.28,10,20,0,MT5_PY_API_UNIX_SECONDS,UNRESOLVED_REQUIRES_MANUAL_BINDING
1779202500,1779202800,VIX,VIX,M5,Bid,20.29,20.36,20.29,20.36,14,20,0,MT5_PY_API_UNIX_SECONDS,UNRESOLVED_REQUIRES_MANUAL_BINDING
1779202800,1779203100,VIX,VIX,M5,Bid,20.37,20.42,20.33,20.38,34,20,0,MT5_PY_API_UNIX_SECONDS,UNRESOLVED_REQUIRES_MANUAL_BINDING
1779203100,1779203400,VIX,VIX,M5,Bid,20.37,20.38,20.33,20.33,42,20,0,MT5_PY_API_UNIX_SECONDS,UNRESOLVED_REQUIRES_MANUAL_BINDING
1779203400,1779203700,VIX,VIX,M5,Bid,20.33,20.33,20.32,20.32,5,20,0,MT5_PY_API_UNIX_SECONDS,UNRESOLVED_REQUIRES_MANUAL_BINDING
1779203700,1779204000,VIX,VIX,M5,Bid,20.33,20.36,20.31,20.32,36,20,0,MT5_PY_API_UNIX_SECONDS,UNRESOLVED_REQUIRES_MANUAL_BINDING
1779204000,1779204300,VIX,VIX,M5,Bid,20.33,20.33,20.32,20.33,13,20,0,MT5_PY_API_UNIX_SECONDS,UNRESOLVED_REQUIRES_MANUAL_BINDING
1779204300,1779204600,VIX,VIX,M5,Bid,20.33,20.36,20.32,20.33,22,20,0,MT5_PY_API_UNIX_SECONDS,UNRESOLVED_REQUIRES_MANUAL_BINDING
1779204600,1779204900,VIX,VIX,M5,Bid,20.32,20.33,20.28,20.28,17,20,0,MT5_PY_API_UNIX_SECONDS,UNRESOLVED_REQUIRES_MANUAL_BINDING
1779204900,1779205200,VIX,VIX,M5,Bid,20.27,20.27,20.23,20.23,19,20,0,MT5_PY_API_UNIX_SECONDS,UNRESOLVED_REQUIRES_MANUAL_BINDING
1779205200,1779205500,VIX,VIX,M5,Bid,20.25,20.27,20.21,20.22,22,20,0,MT5_PY_API_UNIX_SECONDS,UNRESOLVED_REQUIRES_MANUAL_BINDING
1779205500,1779205800,VIX,VIX,M5,Bid,20.22,20.24,20.21,20.22,17,20,0,MT5_PY_API_UNIX_SECONDS,UNRESOLVED_REQUIRES_MANUAL_BINDING
1779205800,1779206100,VIX,VIX,M5,Bid,20.21,20.23,20.21,20.23,5,20,0,MT5_PY_API_UNIX_SECONDS,UNRESOLVED_REQUIRES_MANUAL_BINDING
1779206100,1779206400,VIX,VIX,M5,Bid,20.23,20.23,20.21,20.21,15,20,0,MT5_PY_API_UNIX_SECONDS,UNRESOLVED_REQUIRES_MANUAL_BINDING
1779206400,1779206700,VIX,VIX,M5,Bid,20.2,20.21,20.17,20.18,20,20,0,MT5_PY_API_UNIX_SECONDS,UNRESOLVED_REQUIRES_MANUAL_BINDING
1779206700,1779207000,VIX,VIX,M5,Bid,20.21,20.28,20.21,20.23,79,20,0,MT5_PY_API_UNIX_SECONDS,UNRESOLVED_REQUIRES_MANUAL_BINDING
1779207000,1779207300,VIX,VIX,M5,Bid,20.25,20.26,20.17,20.18,29,20,0,MT5_PY_API_UNIX_SECONDS,UNRESOLVED_REQUIRES_MANUAL_BINDING
1779207300,1779207600,VIX,VIX,M5,Bid,20.17,20.21,20.17,20.21,13,20,0,MT5_PY_API_UNIX_SECONDS,UNRESOLVED_REQUIRES_MANUAL_BINDING
1779207600,1779207900,VIX,VIX,M5,Bid,20.2,20.28,20.18,20.27,72,20,0,MT5_PY_API_UNIX_SECONDS,UNRESOLVED_REQUIRES_MANUAL_BINDING
1779207900,1779208200,VIX,VIX,M5,Bid,20.28,20.32,20.26,20.31,39,20,0,MT5_PY_API_UNIX_SECONDS,UNRESOLVED_REQUIRES_MANUAL_BINDING
1779208200,1779208500,VIX,VIX,M5,Bid,20.3,20.42,20.3,20.33,198,20,0,MT5_PY_API_UNIX_SECONDS,UNRESOLVED_REQUIRES_MANUAL_BINDING
1779208500,1779208800,VIX,VIX,M5,Bid,20.36,20.37,20.16,20.23,58,20,0,MT5_PY_API_UNIX_SECONDS,UNRESOLVED_REQUIRES_MANUAL_BINDING
1779208800,1779209100,VIX,VIX,M5,Bid,20.26,20.46,20.23,20.43,111,20,0,MT5_PY_API_UNIX_SECONDS,UNRESOLVED_REQUIRES_MANUAL_BINDING
1779209100,1779209400,VIX,VIX,M5,Bid,20.46,20.47,20.26,20.28,157,20,0,MT5_PY_API_UNIX_SECONDS,UNRESOLVED_REQUIRES_MANUAL_BINDING
1779209400,1779209700,VIX,VIX,M5,Bid,20.3,20.32,20.13,20.16,70,20,0,MT5_PY_API_UNIX_SECONDS,UNRESOLVED_REQUIRES_MANUAL_BINDING
1779209700,1779210000,VIX,VIX,M5,Bid,20.13,20.21,20.13,20.18,50,20,0,MT5_PY_API_UNIX_SECONDS,UNRESOLVED_REQUIRES_MANUAL_BINDING
1779210000,1779210300,VIX,VIX,M5,Bid,20.18,20.27,20.13,20.16,142,20,0,MT5_PY_API_UNIX_SECONDS,UNRESOLVED_REQUIRES_MANUAL_BINDING
1779210300,1779210600,VIX,VIX,M5,Bid,20.13,20.36,20.13,20.31,216,20,0,MT5_PY_API_UNIX_SECONDS,UNRESOLVED_REQUIRES_MANUAL_BINDING
1779210600,1779210900,VIX,VIX,M5,Bid,20.32,20.38,20.27,20.37,217,20,0,MT5_PY_API_UNIX_SECONDS,UNRESOLVED_REQUIRES_MANUAL_BINDING
1779210900,1779211200,VIX,VIX,M5,Bid,20.36,20.41,20.32,20.33,115,20,0,MT5_PY_API_UNIX_SECONDS,UNRESOLVED_REQUIRES_MANUAL_BINDING
1779211200,1779211500,VIX,VIX,M5,Bid,20.33,20.46,20.31,20.38,178,20,0,MT5_PY_API_UNIX_SECONDS,UNRESOLVED_REQUIRES_MANUAL_BINDING
1779211500,1779211800,VIX,VIX,M5,Bid,20.41,20.42,20.28,20.33,177,20,0,MT5_PY_API_UNIX_SECONDS,UNRESOLVED_REQUIRES_MANUAL_BINDING
1779211800,1779212100,VIX,VIX,M5,Bid,20.32,20.33,20.23,20.28,165,20,0,MT5_PY_API_UNIX_SECONDS,UNRESOLVED_REQUIRES_MANUAL_BINDING
1779212100,1779212400,VIX,VIX,M5,Bid,20.28,20.28,20.13,20.16,104,20,0,MT5_PY_API_UNIX_SECONDS,UNRESOLVED_REQUIRES_MANUAL_BINDING
1779212400,1779212700,VIX,VIX,M5,Bid,20.17,20.18,20.07,20.13,105,20,0,MT5_PY_API_UNIX_SECONDS,UNRESOLVED_REQUIRES_MANUAL_BINDING
1779212700,1779213000,VIX,VIX,M5,Bid,20.13,20.27,20.13,20.22,78,20,0,MT5_PY_API_UNIX_SECONDS,UNRESOLVED_REQUIRES_MANUAL_BINDING
1779213000,1779213300,VIX,VIX,M5,Bid,20.23,20.31,20.22,20.31,97,20,0,MT5_PY_API_UNIX_SECONDS,UNRESOLVED_REQUIRES_MANUAL_BINDING
1779213300,1779213600,VIX,VIX,M5,Bid,20.28,20.31,20.26,20.26,38,20,0,MT5_PY_API_UNIX_SECONDS,UNRESOLVED_REQUIRES_MANUAL_BINDING
1779213600,1779213900,VIX,VIX,M5,Bid,20.23,20.28,20.18,20.21,64,20,0,MT5_PY_API_UNIX_SECONDS,UNRESOLVED_REQUIRES_MANUAL_BINDING
1779213900,1779214200,VIX,VIX,M5,Bid,20.18,20.27,20.18,20.22,185,20,0,MT5_PY_API_UNIX_SECONDS,UNRESOLVED_REQUIRES_MANUAL_BINDING
1779214200,1779214500,VIX,VIX,M5,Bid,20.22,20.27,20.18,20.22,63,20,0,MT5_PY_API_UNIX_SECONDS,UNRESOLVED_REQUIRES_MANUAL_BINDING
1779214500,1779214800,VIX,VIX,M5,Bid,20.22,20.26,20.21,20.26,99,20,0,MT5_PY_API_UNIX_SECONDS,UNRESOLVED_REQUIRES_MANUAL_BINDING
1779214800,1779215100,VIX,VIX,M5,Bid,20.27,20.37,20.26,20.37,56,20,0,MT5_PY_API_UNIX_SECONDS,UNRESOLVED_REQUIRES_MANUAL_BINDING
1779215100,1779215400,VIX,VIX,M5,Bid,20.38,20.41,20.31,20.33,131,20,0,MT5_PY_API_UNIX_SECONDS,UNRESOLVED_REQUIRES_MANUAL_BINDING
1779215400,1779215700,VIX,VIX,M5,Bid,20.33,20.36,20.22,20.28,70,20,0,MT5_PY_API_UNIX_SECONDS,UNRESOLVED_REQUIRES_MANUAL_BINDING
1779215700,1779216000,VIX,VIX,M5,Bid,20.31,20.32,20.27,20.28,177,20,0,MT5_PY_API_UNIX_SECONDS,UNRESOLVED_REQUIRES_MANUAL_BINDING
1779216000,1779216300,VIX,VIX,M5,Bid,20.31,20.33,20.28,20.28,63,20,0,MT5_PY_API_UNIX_SECONDS,UNRESOLVED_REQUIRES_MANUAL_BINDING
1779216300,1779216600,VIX,VIX,M5,Bid,20.31,20.32,20.22,20.26,49,20,0,MT5_PY_API_UNIX_SECONDS,UNRESOLVED_REQUIRES_MANUAL_BINDING
1779216600,1779216900,VIX,VIX,M5,Bid,20.27,20.36,20.27,20.32,54,20,0,MT5_PY_API_UNIX_SECONDS,UNRESOLVED_REQUIRES_MANUAL_BINDING
1779216900,1779217200,VIX,VIX,M5,Bid,20.33,20.33,20.26,20.28,63,20,0,MT5_PY_API_UNIX_SECONDS,UNRESOLVED_REQUIRES_MANUAL_BINDING
1779217200,1779217500,VIX,VIX,M5,Bid,20.27,20.28,20.21,20.23,109,20,0,MT5_PY_API_UNIX_SECONDS,UNRESOLVED_REQUIRES_MANUAL_BINDING
1779217500,1779217800,VIX,VIX,M5,Bid,20.23,20.33,20.23,20.33,32,20,0,MT5_PY_API_UNIX_SECONDS,UNRESOLVED_REQUIRES_MANUAL_BINDING
1779217800,1779218100,VIX,VIX,M5,Bid,20.36,20.37,20.32,20.32,122,20,0,MT5_PY_API_UNIX_SECONDS,UNRESOLVED_REQUIRES_MANUAL_BINDING
1779218100,1779218400,VIX,VIX,M5,Bid,20.31,20.32,20.28,20.28,67,20,0,MT5_PY_API_UNIX_SECONDS,UNRESOLVED_REQUIRES_MANUAL_BINDING
1779218400,1779218700,VIX,VIX,M5,Bid,20.31,20.31,20.26,20.26,38,20,0,MT5_PY_API_UNIX_SECONDS,UNRESOLVED_REQUIRES_MANUAL_BINDING
1779218700,1779219000,VIX,VIX,M5,Bid,20.23,20.26,20.21,20.23,48,20,0,MT5_PY_API_UNIX_SECONDS,UNRESOLVED_REQUIRES_MANUAL_BINDING
1779219000,1779219300,VIX,VIX,M5,Bid,20.23,20.23,20.17,20.18,20,20,0,MT5_PY_API_UNIX_SECONDS,UNRESOLVED_REQUIRES_MANUAL_BINDING
1779219300,1779219600,VIX,VIX,M5,Bid,20.18,20.18,20.17,20.17,15,20,0,MT5_PY_API_UNIX_SECONDS,UNRESOLVED_REQUIRES_MANUAL_BINDING
1779219600,1779219900,VIX,VIX,M5,Bid,20.17,20.17,20.13,20.13,54,20,0,MT5_PY_API_UNIX_SECONDS,UNRESOLVED_REQUIRES_MANUAL_BINDING
1779219900,1779220200,VIX,VIX,M5,Bid,20.13,20.17,20.12,20.17,40,20,0,MT5_PY_API_UNIX_SECONDS,UNRESOLVED_REQUIRES_MANUAL_BINDING
1779220200,1779220500,VIX,VIX,M5,Bid,20.18,20.18,20.16,20.17,45,20,0,MT5_PY_API_UNIX_SECONDS,UNRESOLVED_REQUIRES_MANUAL_BINDING
1779220500,1779220800,VIX,VIX,M5,Bid,20.16,20.18,20.16,20.18,26,20,0,MT5_PY_API_UNIX_SECONDS,UNRESOLVED_REQUIRES_MANUAL_BINDING
1779220800,1779221100,VIX,VIX,M5,Bid,20.18,20.18,20.17,20.17,15,20,0,MT5_PY_API_UNIX_SECONDS,UNRESOLVED_REQUIRES_MANUAL_BINDING
1779221100,1779221400,VIX,VIX,M5,Bid,20.17,20.17,20.17,20.17,2,21,0,MT5_PY_API_UNIX_SECONDS,UNRESOLVED_REQUIRES_MANUAL_BINDING
1779221400,1779221700,VIX,VIX,M5,Bid,20.17,20.22,20.16,20.21,41,20,0,MT5_PY_API_UNIX_SECONDS,UNRESOLVED_REQUIRES_MANUAL_BINDING
1779221700,1779222000,VIX,VIX,M5,Bid,20.22,20.28,20.21,20.27,44,20,0,MT5_PY_API_UNIX_SECONDS,UNRESOLVED_REQUIRES_MANUAL_BINDING
1779222000,1779222300,VIX,VIX,M5,Bid,20.28,20.28,20.26,20.27,11,20,0,MT5_PY_API_UNIX_SECONDS,UNRESOLVED_REQUIRES_MANUAL_BINDING
1779222300,1779222600,VIX,VIX,M5,Bid,20.26,20.26,20.22,20.22,5,20,0,MT5_PY_API_UNIX_SECONDS,UNRESOLVED_REQUIRES_MANUAL_BINDING
1779222600,1779222900,VIX,VIX,M5,Bid,20.21,20.23,20.17,20.22,27,20,0,MT5_PY_API_UNIX_SECONDS,UNRESOLVED_REQUIRES_MANUAL_BINDING
1779222900,1779223200,VIX,VIX,M5,Bid,20.23,20.23,20.17,20.21,23,20,0,MT5_PY_API_UNIX_SECONDS,UNRESOLVED_REQUIRES_MANUAL_BINDING
1779223200,1779223500,VIX,VIX,M5,Bid,20.22,20.26,20.21,20.22,23,20,0,MT5_PY_API_UNIX_SECONDS,UNRESOLVED_REQUIRES_MANUAL_BINDING
1779223500,1779223800,VIX,VIX,M5,Bid,20.23,20.27,20.21,20.21,48,20,0,MT5_PY_API_UNIX_SECONDS,UNRESOLVED_REQUIRES_MANUAL_BINDING
1779223800,1779224100,VIX,VIX,M5,Bid,20.22,20.22,20.21,20.21,42,20,0,MT5_PY_API_UNIX_SECONDS,UNRESOLVED_REQUIRES_MANUAL_BINDING
1779224100,1779224400,VIX,VIX,M5,Bid,20.18,20.21,20.17,20.18,59,20,0,MT5_PY_API_UNIX_SECONDS,UNRESOLVED_REQUIRES_MANUAL_BINDING
1779224400,1779224700,VIX,VIX,M5,Bid,20.18,20.22,20.17,20.18,43,20,0,MT5_PY_API_UNIX_SECONDS,UNRESOLVED_REQUIRES_MANUAL_BINDING
1779224700,1779225000,VIX,VIX,M5,Bid,20.18,20.22,20.17,20.21,35,20,0,MT5_PY_API_UNIX_SECONDS,UNRESOLVED_REQUIRES_MANUAL_BINDING
1779225000,1779225300,VIX,VIX,M5,Bid,20.18,20.22,20.18,20.22,27,20,0,MT5_PY_API_UNIX_SECONDS,UNRESOLVED_REQUIRES_MANUAL_BINDING
1779225300,1779225600,VIX,VIX,M5,Bid,20.21,20.22,20.21,20.21,24,20,0,MT5_PY_API_UNIX_SECONDS,UNRESOLVED_REQUIRES_MANUAL_BINDING
1779225600,1779225900,VIX,VIX,M5,Bid,20.22,20.27,20.21,20.27,94,20,0,MT5_PY_API_UNIX_SECONDS,UNRESOLVED_REQUIRES_MANUAL_BINDING
1779225900,1779226200,VIX,VIX,M5,Bid,20.26,20.32,20.23,20.32,83,20,0,MT5_PY_API_UNIX_SECONDS,UNRESOLVED_REQUIRES_MANUAL_BINDING
1779226200,1779226500,VIX,VIX,M5,Bid,20.31,20.36,20.26,20.32,34,20,0,MT5_PY_API_UNIX_SECONDS,UNRESOLVED_REQUIRES_MANUAL_BINDING
1779226500,1779226800,VIX,VIX,M5,Bid,20.33,20.33,20.32,20.32,19,20,0,MT5_PY_API_UNIX_SECONDS,UNRESOLVED_REQUIRES_MANUAL_BINDING
1779226800,1779227100,VIX,VIX,M5,Bid,20.32,20.32,20.28,20.31,24,20,0,MT5_PY_API_UNIX_SECONDS,UNRESOLVED_REQUIRES_MANUAL_BINDING
1779227100,1779227400,VIX,VIX,M5,Bid,20.32,20.32,20.27,20.27,29,20,0,MT5_PY_API_UNIX_SECONDS,UNRESOLVED_REQUIRES_MANUAL_BINDING
1779227400,1779227700,VIX,VIX,M5,Bid,20.28,20.33,20.28,20.32,78,20,0,MT5_PY_API_UNIX_SECONDS,UNRESOLVED_REQUIRES_MANUAL_BINDING
1779227700,1779228000,VIX,VIX,M5,Bid,20.33,20.37,20.27,20.27,107,20,0,MT5_PY_API_UNIX_SECONDS,UNRESOLVED_REQUIRES_MANUAL_BINDING
1779228000,1779228300,VIX,VIX,M5,Bid,20.28,20.31,20.27,20.27,67,20,0,MT5_PY_API_UNIX_SECONDS,UNRESOLVED_REQUIRES_MANUAL_BINDING
1779228300,1779228600,VIX,VIX,M5,Bid,20.28,20.32,20.26,20.27,42,20,0,MT5_PY_API_UNIX_SECONDS,UNRESOLVED_REQUIRES_MANUAL_BINDING
1779228600,1779228900,VIX,VIX,M5,Bid,20.26,20.27,20.22,20.23,34,20,0,MT5_PY_API_UNIX_SECONDS,UNRESOLVED_REQUIRES_MANUAL_BINDING
1779228900,1779229200,VIX,VIX,M5,Bid,20.22,20.28,20.22,20.27,15,20,0,MT5_PY_API_UNIX_SECONDS,UNRESOLVED_REQUIRES_MANUAL_BINDING
1779229200,1779229500,VIX,VIX,M5,Bid,20.27,20.32,20.25,20.28,25,20,0,MT5_PY_API_UNIX_SECONDS,UNRESOLVED_REQUIRES_MANUAL_BINDING
1779229500,1779229800,VIX,VIX,M5,Bid,20.28,20.33,20.27,20.32,124,20,0,MT5_PY_API_UNIX_SECONDS,UNRESOLVED_REQUIRES_MANUAL_BINDING
1779229800,1779230100,VIX,VIX,M5,Bid,20.33,20.41,20.33,20.38,29,20,0,MT5_PY_API_UNIX_SECONDS,UNRESOLVED_REQUIRES_MANUAL_BINDING
1779230100,1779230400,VIX,VIX,M5,Bid,20.38,20.38,20.32,20.36,24,20,0,MT5_PY_API_UNIX_SECONDS,UNRESOLVED_REQUIRES_MANUAL_BINDING
1779230400,1779230700,VIX,VIX,M5,Bid,20.37,20.38,20.36,20.37,29,20,0,MT5_PY_API_UNIX_SECONDS,UNRESOLVED_REQUIRES_MANUAL_BINDING
1779230700,1779231000,VIX,VIX,M5,Bid,20.38,20.38,20.31,20.32,74,20,0,MT5_PY_API_UNIX_SECONDS,UNRESOLVED_REQUIRES_MANUAL_BINDING
1779231000,1779231300,VIX,VIX,M5,Bid,20.31,20.42,20.27,20.42,68,20,0,MT5_PY_API_UNIX_SECONDS,UNRESOLVED_REQUIRES_MANUAL_BINDING
1779231300,1779231600,VIX,VIX,M5,Bid,20.42,20.42,20.32,20.32,25,20,0,MT5_PY_API_UNIX_SECONDS,UNRESOLVED_REQUIRES_MANUAL_BINDING
1779231600,1779231900,VIX,VIX,M5,Bid,20.33,20.41,20.33,20.37,38,20,0,MT5_PY_API_UNIX_SECONDS,UNRESOLVED_REQUIRES_MANUAL_BINDING
1779231900,1779232200,VIX,VIX,M5,Bid,20.38,20.38,20.27,20.28,27,20,0,MT5_PY_API_UNIX_SECONDS,UNRESOLVED_REQUIRES_MANUAL_BINDING
1779232200,1779232500,VIX,VIX,M5,Bid,20.28,20.28,20.27,20.27,16,20,0,MT5_PY_API_UNIX_SECONDS,UNRESOLVED_REQUIRES_MANUAL_BINDING
1779233400,1779233700,VIX,VIX,M5,Bid,20.28,20.28,20.27,20.27,8,20,0,MT5_PY_API_UNIX_SECONDS,UNRESOLVED_REQUIRES_MANUAL_BINDING
1779233700,1779234000,VIX,VIX,M5,Bid,20.28,20.28,20.27,20.28,5,20,0,MT5_PY_API_UNIX_SECONDS,UNRESOLVED_REQUIRES_MANUAL_BINDING
1779234000,1779234300,VIX,VIX,M5,Bid,20.28,20.28,20.27,20.27,2,20,0,MT5_PY_API_UNIX_SECONDS,UNRESOLVED_REQUIRES_MANUAL_BINDING
1779234300,1779234600,VIX,VIX,M5,Bid,20.28,20.28,20.27,20.27,2,20,0,MT5_PY_API_UNIX_SECONDS,UNRESOLVED_REQUIRES_MANUAL_BINDING
1779234600,1779234900,VIX,VIX,M5,Bid,20.28,20.28,20.27,20.27,4,20,0,MT5_PY_API_UNIX_SECONDS,UNRESOLVED_REQUIRES_MANUAL_BINDING
1779234900,1779235200,VIX,VIX,M5,Bid,20.28,20.28,20.27,20.27,4,20,0,MT5_PY_API_UNIX_SECONDS,UNRESOLVED_REQUIRES_MANUAL_BINDING
1779238800,1779239100,VIX,VIX,M5,Bid,20.28,20.32,20.28,20.31,9,20,0,MT5_PY_API_UNIX_SECONDS,UNRESOLVED_REQUIRES_MANUAL_BINDING
1779239100,1779239400,VIX,VIX,M5,Bid,20.3,20.32,20.3,20.32,9,20,0,MT5_PY_API_UNIX_SECONDS,UNRESOLVED_REQUIRES_MANUAL_BINDING
1779239400,1779239700,VIX,VIX,M5,Bid,20.31,20.36,20.31,20.36,5,20,0,MT5_PY_API_UNIX_SECONDS,UNRESOLVED_REQUIRES_MANUAL_BINDING
1779239700,1779240000,VIX,VIX,M5,Bid,20.34,20.36,20.34,20.36,2,21,0,MT5_PY_API_UNIX_SECONDS,UNRESOLVED_REQUIRES_MANUAL_BINDING
1779240000,1779240300,VIX,VIX,M5,Bid,20.37,20.37,20.36,20.37,4,20,0,MT5_PY_API_UNIX_SECONDS,UNRESOLVED_REQUIRES_MANUAL_BINDING
1779240300,1779240600,VIX,VIX,M5,Bid,20.38,20.41,20.38,20.41,5,21,0,MT5_PY_API_UNIX_SECONDS,UNRESOLVED_REQUIRES_MANUAL_BINDING
1779240600,1779240900,VIX,VIX,M5,Bid,20.39,20.39,20.33,20.33,5,20,0,MT5_PY_API_UNIX_SECONDS,UNRESOLVED_REQUIRES_MANUAL_BINDING
1779240900,1779241200,VIX,VIX,M5,Bid,20.33,20.36,20.33,20.34,23,20,0,MT5_PY_API_UNIX_SECONDS,UNRESOLVED_REQUIRES_MANUAL_BINDING
1779241200,1779241500,VIX,VIX,M5,Bid,20.36,20.37,20.33,20.34,15,20,0,MT5_PY_API_UNIX_SECONDS,UNRESOLVED_REQUIRES_MANUAL_BINDING
1779241500,1779241800,VIX,VIX,M5,Bid,20.36,20.36,20.31,20.31,11,21,0,MT5_PY_API_UNIX_SECONDS,UNRESOLVED_REQUIRES_MANUAL_BINDING
1779241800,1779242100,VIX,VIX,M5,Bid,20.32,20.33,20.32,20.32,5,20,0,MT5_PY_API_UNIX_SECONDS,UNRESOLVED_REQUIRES_MANUAL_BINDING
1779242400,1779242700,VIX,VIX,M5,Bid,20.33,20.33,20.3,20.32,6,21,0,MT5_PY_API_UNIX_SECONDS,UNRESOLVED_REQUIRES_MANUAL_BINDING
1779242700,1779243000,VIX,VIX,M5,Bid,20.31,20.31,20.31,20.31,1,21,0,MT5_PY_API_UNIX_SECONDS,UNRESOLVED_REQUIRES_MANUAL_BINDING
1779243000,1779243300,VIX,VIX,M5,Bid,20.28,20.28,20.27,20.27,3,20,0,MT5_PY_API_UNIX_SECONDS,UNRESOLVED_REQUIRES_MANUAL_BINDING
1779244200,1779244500,VIX,VIX,M5,Bid,20.27,20.27,20.21,20.22,14,20,0,MT5_PY_API_UNIX_SECONDS,UNRESOLVED_REQUIRES_MANUAL_BINDING
1779244500,1779244800,VIX,VIX,M5,Bid,20.23,20.26,20.22,20.26,4,20,0,MT5_PY_API_UNIX_SECONDS,UNRESOLVED_REQUIRES_MANUAL_BINDING
1779245100,1779245400,VIX,VIX,M5,Bid,20.27,20.32,20.27,20.32,11,20,0,MT5_PY_API_UNIX_SECONDS,UNRESOLVED_REQUIRES_MANUAL_BINDING
1779245400,1779245700,VIX,VIX,M5,Bid,20.33,20.36,20.32,20.33,12,20,0,MT5_PY_API_UNIX_SECONDS,UNRESOLVED_REQUIRES_MANUAL_BINDING
1779245700,1779246000,VIX,VIX,M5,Bid,20.36,20.36,20.33,20.36,17,21,0,MT5_PY_API_UNIX_SECONDS,UNRESOLVED_REQUIRES_MANUAL_BINDING
1779246000,1779246300,VIX,VIX,M5,Bid,20.37,20.41,20.33,20.37,82,20,0,MT5_PY_API_UNIX_SECONDS,UNRESOLVED_REQUIRES_MANUAL_BINDING
1779246300,1779246600,VIX,VIX,M5,Bid,20.36,20.46,20.36,20.41,64,20,0,MT5_PY_API_UNIX_SECONDS,UNRESOLVED_REQUIRES_MANUAL_BINDING
1779246600,1779246900,VIX,VIX,M5,Bid,20.42,20.49,20.41,20.46,70,20,0,MT5_PY_API_UNIX_SECONDS,UNRESOLVED_REQUIRES_MANUAL_BINDING
1779246900,1779247200,VIX,VIX,M5,Bid,20.47,20.56,20.46,20.56,81,20,0,MT5_PY_API_UNIX_SECONDS,UNRESOLVED_REQUIRES_MANUAL_BINDING
1779247200,1779247500,VIX,VIX,M5,Bid,20.57,20.61,20.53,20.53,60,20,0,MT5_PY_API_UNIX_SECONDS,UNRESOLVED_REQUIRES_MANUAL_BINDING
1779247500,1779247800,VIX,VIX,M5,Bid,20.53,20.53,20.45,20.46,64,20,0,MT5_PY_API_UNIX_SECONDS,UNRESOLVED_REQUIRES_MANUAL_BINDING
1779247800,1779248100,VIX,VIX,M5,Bid,20.47,20.47,20.38,20.43,81,20,0,MT5_PY_API_UNIX_SECONDS,UNRESOLVED_REQUIRES_MANUAL_BINDING
1779248100,1779248400,VIX,VIX,M5,Bid,20.42,20.46,20.41,20.43,73,20,0,MT5_PY_API_UNIX_SECONDS,UNRESOLVED_REQUIRES_MANUAL_BINDING
1779248400,1779248700,VIX,VIX,M5,Bid,20.44,20.47,20.42,20.43,45,20,0,MT5_PY_API_UNIX_SECONDS,UNRESOLVED_REQUIRES_MANUAL_BINDING
1779248700,1779249000,VIX,VIX,M5,Bid,20.42,20.43,20.38,20.38,31,20,0,MT5_PY_API_UNIX_SECONDS,UNRESOLVED_REQUIRES_MANUAL_BINDING
1779249000,1779249300,VIX,VIX,M5,Bid,20.39,20.41,20.33,20.36,41,21,0,MT5_PY_API_UNIX_SECONDS,UNRESOLVED_REQUIRES_MANUAL_BINDING
1779249300,1779249600,VIX,VIX,M5,Bid,20.37,20.42,20.36,20.41,28,20,0,MT5_PY_API_UNIX_SECONDS,UNRESOLVED_REQUIRES_MANUAL_BINDING
1779249600,1779249900,VIX,VIX,M5,Bid,20.42,20.42,20.38,20.38,46,20,0,MT5_PY_API_UNIX_SECONDS,UNRESOLVED_REQUIRES_MANUAL_BINDING
1779249900,1779250200,VIX,VIX,M5,Bid,20.41,20.46,20.37,20.38,66,20,0,MT5_PY_API_UNIX_SECONDS,UNRESOLVED_REQUIRES_MANUAL_BINDING
1779250200,1779250500,VIX,VIX,M5,Bid,20.37,20.41,20.36,20.37,53,20,0,MT5_PY_API_UNIX_SECONDS,UNRESOLVED_REQUIRES_MANUAL_BINDING
1779250500,1779250800,VIX,VIX,M5,Bid,20.38,20.41,20.36,20.38,52,20,0,MT5_PY_API_UNIX_SECONDS,UNRESOLVED_REQUIRES_MANUAL_BINDING
1779250800,1779251100,VIX,VIX,M5,Bid,20.37,20.46,20.36,20.43,60,20,0,MT5_PY_API_UNIX_SECONDS,UNRESOLVED_REQUIRES_MANUAL_BINDING
1779251100,1779251400,VIX,VIX,M5,Bid,20.44,20.48,20.43,20.47,38,20,0,MT5_PY_API_UNIX_SECONDS,UNRESOLVED_REQUIRES_MANUAL_BINDING
1779251400,1779251700,VIX,VIX,M5,Bid,20.48,20.52,20.46,20.49,58,20,0,MT5_PY_API_UNIX_SECONDS,UNRESOLVED_REQUIRES_MANUAL_BINDING
1779251700,1779252000,VIX,VIX,M5,Bid,20.51,20.53,20.48,20.48,48,20,0,MT5_PY_API_UNIX_SECONDS,UNRESOLVED_REQUIRES_MANUAL_BINDING
1779252000,1779252300,VIX,VIX,M5,Bid,20.48,20.51,20.46,20.46,37,20,0,MT5_PY_API_UNIX_SECONDS,UNRESOLVED_REQUIRES_MANUAL_BINDING
1779252300,1779252600,VIX,VIX,M5,Bid,20.46,20.46,20.41,20.41,9,20,0,MT5_PY_API_UNIX_SECONDS,UNRESOLVED_REQUIRES_MANUAL_BINDING
1779252600,1779252900,VIX,VIX,M5,Bid,20.38,20.38,20.27,20.36,89,20,0,MT5_PY_API_UNIX_SECONDS,UNRESOLVED_REQUIRES_MANUAL_BINDING
1779252900,1779253200,VIX,VIX,M5,Bid,20.37,20.37,20.36,20.37,56,20,0,MT5_PY_API_UNIX_SECONDS,UNRESOLVED_REQUIRES_MANUAL_BINDING
1779253200,1779253500,VIX,VIX,M5,Bid,20.37,20.38,20.36,20.37,27,20,0,MT5_PY_API_UNIX_SECONDS,UNRESOLVED_REQUIRES_MANUAL_BINDING
1779253500,1779253800,VIX,VIX,M5,Bid,20.36,20.4,20.36,20.38,35,20,0,MT5_PY_API_UNIX_SECONDS,UNRESOLVED_REQUIRES_MANUAL_BINDING
1779253800,1779254100,VIX,VIX,M5,Bid,20.38,20.38,20.36,20.36,39,20,0,MT5_PY_API_UNIX_SECONDS,UNRESOLVED_REQUIRES_MANUAL_BINDING
1779254100,1779254400,VIX,VIX,M5,Bid,20.37,20.37,20.33,20.36,77,20,0,MT5_PY_API_UNIX_SECONDS,UNRESOLVED_REQUIRES_MANUAL_BINDING
1779254400,1779254700,VIX,VIX,M5,Bid,20.37,20.37,20.33,20.36,18,20,0,MT5_PY_API_UNIX_SECONDS,UNRESOLVED_REQUIRES_MANUAL_BINDING
1779254700,1779255000,VIX,VIX,M5,Bid,20.35,20.42,20.33,20.41,57,20,0,MT5_PY_API_UNIX_SECONDS,UNRESOLVED_REQUIRES_MANUAL_BINDING
1779255000,1779255300,VIX,VIX,M5,Bid,20.42,20.53,20.42,20.47,97,20,0,MT5_PY_API_UNIX_SECONDS,UNRESOLVED_REQUIRES_MANUAL_BINDING
1779255300,1779255600,VIX,VIX,M5,Bid,20.48,20.52,20.48,20.48,60,20,0,MT5_PY_API_UNIX_SECONDS,UNRESOLVED_REQUIRES_MANUAL_BINDING
1779255600,1779255900,VIX,VIX,M5,Bid,20.49,20.53,20.47,20.53,51,20,0,MT5_PY_API_UNIX_SECONDS,UNRESOLVED_REQUIRES_MANUAL_BINDING
1779255900,1779256200,VIX,VIX,M5,Bid,20.52,20.52,20.48,20.52,11,21,0,MT5_PY_API_UNIX_SECONDS,UNRESOLVED_REQUIRES_MANUAL_BINDING
1779256200,1779256500,VIX,VIX,M5,Bid,20.53,20.53,20.51,20.52,9,20,0,MT5_PY_API_UNIX_SECONDS,UNRESOLVED_REQUIRES_MANUAL_BINDING
1779256500,1779256800,VIX,VIX,M5,Bid,20.53,20.53,20.48,20.51,20,20,0,MT5_PY_API_UNIX_SECONDS,UNRESOLVED_REQUIRES_MANUAL_BINDING
1779256800,1779257100,VIX,VIX,M5,Bid,20.52,20.57,20.51,20.56,29,20,0,MT5_PY_API_UNIX_SECONDS,UNRESOLVED_REQUIRES_MANUAL_BINDING
1779257100,1779257400,VIX,VIX,M5,Bid,20.57,20.57,20.56,20.56,6,20,0,MT5_PY_API_UNIX_SECONDS,UNRESOLVED_REQUIRES_MANUAL_BINDING
1779257400,1779257700,VIX,VIX,M5,Bid,20.57,20.58,20.56,20.57,23,20,0,MT5_PY_API_UNIX_SECONDS,UNRESOLVED_REQUIRES_MANUAL_BINDING
1779257700,1779258000,VIX,VIX,M5,Bid,20.56,20.57,20.48,20.5,21,20,0,MT5_PY_API_UNIX_SECONDS,UNRESOLVED_REQUIRES_MANUAL_BINDING
1779258000,1779258300,VIX,VIX,M5,Bid,20.48,20.51,20.48,20.51,11,21,0,MT5_PY_API_UNIX_SECONDS,UNRESOLVED_REQUIRES_MANUAL_BINDING
1779258300,1779258600,VIX,VIX,M5,Bid,20.5,20.51,20.47,20.47,17,20,0,MT5_PY_API_UNIX_SECONDS,UNRESOLVED_REQUIRES_MANUAL_BINDING
1779258600,1779258900,VIX,VIX,M5,Bid,20.48,20.51,20.46,20.46,25,20,0,MT5_PY_API_UNIX_SECONDS,UNRESOLVED_REQUIRES_MANUAL_BINDING
1779258900,1779259200,VIX,VIX,M5,Bid,20.45,20.45,20.43,20.43,5,20,0,MT5_PY_API_UNIX_SECONDS,UNRESOLVED_REQUIRES_MANUAL_BINDING
1779259200,1779259500,VIX,VIX,M5,Bid,20.43,20.46,20.42,20.43,10,20,0,MT5_PY_API_UNIX_SECONDS,UNRESOLVED_REQUIRES_MANUAL_BINDING
1779259500,1779259800,VIX,VIX,M5,Bid,20.44,20.46,20.43,20.43,10,20,0,MT5_PY_API_UNIX_SECONDS,UNRESOLVED_REQUIRES_MANUAL_BINDING
1779259800,1779260100,VIX,VIX,M5,Bid,20.43,20.43,20.42,20.43,4,20,0,MT5_PY_API_UNIX_SECONDS,UNRESOLVED_REQUIRES_MANUAL_BINDING
1779260100,1779260400,VIX,VIX,M5,Bid,20.42,20.43,20.42,20.43,9,20,0,MT5_PY_API_UNIX_SECONDS,UNRESOLVED_REQUIRES_MANUAL_BINDING
1779260400,1779260700,VIX,VIX,M5,Bid,20.42,20.42,20.36,20.37,11,20,0,MT5_PY_API_UNIX_SECONDS,UNRESOLVED_REQUIRES_MANUAL_BINDING
1779260700,1779261000,VIX,VIX,M5,Bid,20.38,20.38,20.37,20.37,4,20,0,MT5_PY_API_UNIX_SECONDS,UNRESOLVED_REQUIRES_MANUAL_BINDING
1779261000,1779261300,VIX,VIX,M5,Bid,20.38,20.42,20.36,20.37,19,20,0,MT5_PY_API_UNIX_SECONDS,UNRESOLVED_REQUIRES_MANUAL_BINDING
1779261300,1779261600,VIX,VIX,M5,Bid,20.36,20.41,20.36,20.41,14,20,0,MT5_PY_API_UNIX_SECONDS,UNRESOLVED_REQUIRES_MANUAL_BINDING
1779261600,1779261900,VIX,VIX,M5,Bid,20.41,20.41,20.38,20.4,23,20,0,MT5_PY_API_UNIX_SECONDS,UNRESOLVED_REQUIRES_MANUAL_BINDING
1779261900,1779262200,VIX,VIX,M5,Bid,20.41,20.42,20.38,20.38,27,20,0,MT5_PY_API_UNIX_SECONDS,UNRESOLVED_REQUIRES_MANUAL_BINDING
1779262200,1779262500,VIX,VIX,M5,Bid,20.39,20.42,20.38,20.42,27,20,0,MT5_PY_API_UNIX_SECONDS,UNRESOLVED_REQUIRES_MANUAL_BINDING
1779262500,1779262800,VIX,VIX,M5,Bid,20.42,20.46,20.42,20.46,26,20,0,MT5_PY_API_UNIX_SECONDS,UNRESOLVED_REQUIRES_MANUAL_BINDING
1779262800,1779263100,VIX,VIX,M5,Bid,20.43,20.46,20.43,20.46,6,20,0,MT5_PY_API_UNIX_SECONDS,UNRESOLVED_REQUIRES_MANUAL_BINDING
1779263400,1779263700,VIX,VIX,M5,Bid,20.43,20.47,20.43,20.46,23,20,0,MT5_PY_API_UNIX_SECONDS,UNRESOLVED_REQUIRES_MANUAL_BINDING
1779263700,1779264000,VIX,VIX,M5,Bid,20.47,20.47,20.46,20.46,10,20,0,MT5_PY_API_UNIX_SECONDS,UNRESOLVED_REQUIRES_MANUAL_BINDING
1779264000,1779264300,VIX,VIX,M5,Bid,20.45,20.46,20.38,20.42,30,20,0,MT5_PY_API_UNIX_SECONDS,UNRESOLVED_REQUIRES_MANUAL_BINDING
1779264300,1779264600,VIX,VIX,M5,Bid,20.41,20.43,20.41,20.43,25,20,0,MT5_PY_API_UNIX_SECONDS,UNRESOLVED_REQUIRES_MANUAL_BINDING
1779264600,1779264900,VIX,VIX,M5,Bid,20.44,20.46,20.41,20.46,15,20,0,MT5_PY_API_UNIX_SECONDS,UNRESOLVED_REQUIRES_MANUAL_BINDING
1779264900,1779265200,VIX,VIX,M5,Bid,20.47,20.47,20.44,20.44,4,21,0,MT5_PY_API_UNIX_SECONDS,UNRESOLVED_REQUIRES_MANUAL_BINDING
1779265200,1779265500,VIX,VIX,M5,Bid,20.43,20.46,20.41,20.41,12,20,0,MT5_PY_API_UNIX_SECONDS,UNRESOLVED_REQUIRES_MANUAL_BINDING
1779265500,1779265800,VIX,VIX,M5,Bid,20.42,20.46,20.41,20.46,12,20,0,MT5_PY_API_UNIX_SECONDS,UNRESOLVED_REQUIRES_MANUAL_BINDING
1779265800,1779266100,VIX,VIX,M5,Bid,20.44,20.46,20.42,20.43,22,20,0,MT5_PY_API_UNIX_SECONDS,UNRESOLVED_REQUIRES_MANUAL_BINDING
1779266100,1779266400,VIX,VIX,M5,Bid,20.43,20.44,20.41,20.41,13,20,0,MT5_PY_API_UNIX_SECONDS,UNRESOLVED_REQUIRES_MANUAL_BINDING
1779266400,1779266700,VIX,VIX,M5,Bid,20.42,20.47,20.42,20.46,12,20,0,MT5_PY_API_UNIX_SECONDS,UNRESOLVED_REQUIRES_MANUAL_BINDING
1779266700,1779267000,VIX,VIX,M5,Bid,20.47,20.48,20.46,20.47,13,20,0,MT5_PY_API_UNIX_SECONDS,UNRESOLVED_REQUIRES_MANUAL_BINDING
1779267000,1779267300,VIX,VIX,M5,Bid,20.46,20.47,20.42,20.42,16,20,0,MT5_PY_API_UNIX_SECONDS,UNRESOLVED_REQUIRES_MANUAL_BINDING
1779267300,1779267600,VIX,VIX,M5,Bid,20.41,20.42,20.41,20.42,12,20,0,MT5_PY_API_UNIX_SECONDS,UNRESOLVED_REQUIRES_MANUAL_BINDING
1779267600,1779267900,VIX,VIX,M5,Bid,20.41,20.42,20.37,20.38,29,20,0,MT5_PY_API_UNIX_SECONDS,UNRESOLVED_REQUIRES_MANUAL_BINDING
1779267900,1779268200,VIX,VIX,M5,Bid,20.38,20.41,20.37,20.37,20,20,0,MT5_PY_API_UNIX_SECONDS,UNRESOLVED_REQUIRES_MANUAL_BINDING
1779268200,1779268500,VIX,VIX,M5,Bid,20.38,20.38,20.37,20.37,14,20,0,MT5_PY_API_UNIX_SECONDS,UNRESOLVED_REQUIRES_MANUAL_BINDING
1779268500,1779268800,VIX,VIX,M5,Bid,20.36,20.36,20.27,20.28,28,20,0,MT5_PY_API_UNIX_SECONDS,UNRESOLVED_REQUIRES_MANUAL_BINDING
1779268800,1779269100,VIX,VIX,M5,Bid,20.27,20.28,20.27,20.28,25,20,0,MT5_PY_API_UNIX_SECONDS,UNRESOLVED_REQUIRES_MANUAL_BINDING
1779269100,1779269400,VIX,VIX,M5,Bid,20.27,20.31,20.27,20.28,23,20,0,MT5_PY_API_UNIX_SECONDS,UNRESOLVED_REQUIRES_MANUAL_BINDING
1779269400,1779269700,VIX,VIX,M5,Bid,20.27,20.31,20.27,20.3,62,20,0,MT5_PY_API_UNIX_SECONDS,UNRESOLVED_REQUIRES_MANUAL_BINDING
1779269700,1779270000,VIX,VIX,M5,Bid,20.31,20.31,20.28,20.3,36,21,0,MT5_PY_API_UNIX_SECONDS,UNRESOLVED_REQUIRES_MANUAL_BINDING
1779270000,1779270300,VIX,VIX,M5,Bid,20.28,20.31,20.28,20.31,6,21,0,MT5_PY_API_UNIX_SECONDS,UNRESOLVED_REQUIRES_MANUAL_BINDING
1779270600,1779270900,VIX,VIX,M5,Bid,20.3,20.31,20.27,20.27,24,20,0,MT5_PY_API_UNIX_SECONDS,UNRESOLVED_REQUIRES_MANUAL_BINDING
1779270900,1779271200,VIX,VIX,M5,Bid,20.28,20.28,20.27,20.27,10,21,0,MT5_PY_API_UNIX_SECONDS,UNRESOLVED_REQUIRES_MANUAL_BINDING
1779271200,1779271500,VIX,VIX,M5,Bid,20.28,20.28,20.26,20.28,21,20,0,MT5_PY_API_UNIX_SECONDS,UNRESOLVED_REQUIRES_MANUAL_BINDING
1779271500,1779271800,VIX,VIX,M5,Bid,20.28,20.28,20.23,20.23,24,20,0,MT5_PY_API_UNIX_SECONDS,UNRESOLVED_REQUIRES_MANUAL_BINDING
1779271800,1779272100,VIX,VIX,M5,Bid,20.24,20.26,20.22,20.23,21,20,0,MT5_PY_API_UNIX_SECONDS,UNRESOLVED_REQUIRES_MANUAL_BINDING
1779272100,1779272400,VIX,VIX,M5,Bid,20.22,20.23,20.22,20.22,13,20,0,MT5_PY_API_UNIX_SECONDS,UNRESOLVED_REQUIRES_MANUAL_BINDING
1779272400,1779272700,VIX,VIX,M5,Bid,20.23,20.23,20.22,20.22,2,20,0,MT5_PY_API_UNIX_SECONDS,UNRESOLVED_REQUIRES_MANUAL_BINDING
1779272700,1779273000,VIX,VIX,M5,Bid,20.22,20.23,20.21,20.21,16,20,0,MT5_PY_API_UNIX_SECONDS,UNRESOLVED_REQUIRES_MANUAL_BINDING
1779273000,1779273300,VIX,VIX,M5,Bid,20.22,20.23,20.21,20.22,16,20,0,MT5_PY_API_UNIX_SECONDS,UNRESOLVED_REQUIRES_MANUAL_BINDING
1779273300,1779273600,VIX,VIX,M5,Bid,20.23,20.28,20.22,20.26,24,20,0,MT5_PY_API_UNIX_SECONDS,UNRESOLVED_REQUIRES_MANUAL_BINDING
1779273600,1779273900,VIX,VIX,M5,Bid,20.25,20.26,20.22,20.23,22,20,0,MT5_PY_API_UNIX_SECONDS,UNRESOLVED_REQUIRES_MANUAL_BINDING
1779273900,1779274200,VIX,VIX,M5,Bid,20.26,20.26,20.24,20.26,4,21,0,MT5_PY_API_UNIX_SECONDS,UNRESOLVED_REQUIRES_MANUAL_BINDING
1779274200,1779274500,VIX,VIX,M5,Bid,20.27,20.32,20.26,20.28,13,20,0,MT5_PY_API_UNIX_SECONDS,UNRESOLVED_REQUIRES_MANUAL_BINDING
1779274500,1779274800,VIX,VIX,M5,Bid,20.28,20.31,20.27,20.28,35,20,0,MT5_PY_API_UNIX_SECONDS,UNRESOLVED_REQUIRES_MANUAL_BINDING
1779274800,1779275100,VIX,VIX,M5,Bid,20.28,20.29,20.26,20.26,15,20,0,MT5_PY_API_UNIX_SECONDS,UNRESOLVED_REQUIRES_MANUAL_BINDING
1779275100,1779275400,VIX,VIX,M5,Bid,20.27,20.33,20.23,20.28,24,20,0,MT5_PY_API_UNIX_SECONDS,UNRESOLVED_REQUIRES_MANUAL_BINDING
1779275400,1779275700,VIX,VIX,M5,Bid,20.28,20.31,20.26,20.26,27,20,0,MT5_PY_API_UNIX_SECONDS,UNRESOLVED_REQUIRES_MANUAL_BINDING
1779275700,1779276000,VIX,VIX,M5,Bid,20.27,20.28,20.26,20.27,12,20,0,MT5_PY_API_UNIX_SECONDS,UNRESOLVED_REQUIRES_MANUAL_BINDING
1779276000,1779276300,VIX,VIX,M5,Bid,20.28,20.31,20.27,20.27,14,20,0,MT5_PY_API_UNIX_SECONDS,UNRESOLVED_REQUIRES_MANUAL_BINDING
1779276300,1779276600,VIX,VIX,M5,Bid,20.28,20.28,20.22,20.23,14,20,0,MT5_PY_API_UNIX_SECONDS,UNRESOLVED_REQUIRES_MANUAL_BINDING
1779276600,1779276900,VIX,VIX,M5,Bid,20.22,20.23,20.22,20.22,10,20,0,MT5_PY_API_UNIX_SECONDS,UNRESOLVED_REQUIRES_MANUAL_BINDING
1779276900,1779277200,VIX,VIX,M5,Bid,20.22,20.22,20.18,20.18,3,20,0,MT5_PY_API_UNIX_SECONDS,UNRESOLVED_REQUIRES_MANUAL_BINDING
1779277200,1779277500,VIX,VIX,M5,Bid,20.2,20.2,20.18,20.18,2,20,0,MT5_PY_API_UNIX_SECONDS,UNRESOLVED_REQUIRES_MANUAL_BINDING
1779277500,1779277800,VIX,VIX,M5,Bid,20.17,20.18,20.17,20.18,5,20,0,MT5_PY_API_UNIX_SECONDS,UNRESOLVED_REQUIRES_MANUAL_BINDING
1779277800,1779278100,VIX,VIX,M5,Bid,20.17,20.18,20.17,20.17,3,21,0,MT5_PY_API_UNIX_SECONDS,UNRESOLVED_REQUIRES_MANUAL_BINDING
1779278400,1779278700,VIX,VIX,M5,Bid,20.17,20.18,20.17,20.17,3,21,0,MT5_PY_API_UNIX_SECONDS,UNRESOLVED_REQUIRES_MANUAL_BINDING
1779278700,1779279000,VIX,VIX,M5,Bid,20.18,20.18,20.17,20.18,6,20,0,MT5_PY_API_UNIX_SECONDS,UNRESOLVED_REQUIRES_MANUAL_BINDING
1779279000,1779279300,VIX,VIX,M5,Bid,20.18,20.18,20.17,20.18,3,20,0,MT5_PY_API_UNIX_SECONDS,UNRESOLVED_REQUIRES_MANUAL_BINDING
1779279300,1779279600,VIX,VIX,M5,Bid,20.18,20.22,20.18,20.18,12,20,0,MT5_PY_API_UNIX_SECONDS,UNRESOLVED_REQUIRES_MANUAL_BINDING
1779279600,1779279900,VIX,VIX,M5,Bid,20.17,20.22,20.17,20.21,18,20,0,MT5_PY_API_UNIX_SECONDS,UNRESOLVED_REQUIRES_MANUAL_BINDING
1779279900,1779280200,VIX,VIX,M5,Bid,20.22,20.22,20.18,20.21,20,20,0,MT5_PY_API_UNIX_SECONDS,UNRESOLVED_REQUIRES_MANUAL_BINDING
1779280200,1779280500,VIX,VIX,M5,Bid,20.2,20.22,20.18,20.21,16,20,0,MT5_PY_API_UNIX_SECONDS,UNRESOLVED_REQUIRES_MANUAL_BINDING
1779280500,1779280800,VIX,VIX,M5,Bid,20.22,20.22,20.22,20.22,4,20,0,MT5_PY_API_UNIX_SECONDS,UNRESOLVED_REQUIRES_MANUAL_BINDING
1779280800,1779281100,VIX,VIX,M5,Bid,20.22,20.22,20.21,20.22,7,20,0,MT5_PY_API_UNIX_SECONDS,UNRESOLVED_REQUIRES_MANUAL_BINDING
1779281100,1779281400,VIX,VIX,M5,Bid,20.22,20.23,20.21,20.22,7,20,0,MT5_PY_API_UNIX_SECONDS,UNRESOLVED_REQUIRES_MANUAL_BINDING
1779281400,1779281700,VIX,VIX,M5,Bid,20.22,20.22,20.18,20.21,27,20,0,MT5_PY_API_UNIX_SECONDS,UNRESOLVED_REQUIRES_MANUAL_BINDING
1779281700,1779282000,VIX,VIX,M5,Bid,20.22,20.22,20.21,20.21,8,20,0,MT5_PY_API_UNIX_SECONDS,UNRESOLVED_REQUIRES_MANUAL_BINDING
1779282000,1779282300,VIX,VIX,M5,Bid,20.22,20.22,20.18,20.21,16,20,0,MT5_PY_API_UNIX_SECONDS,UNRESOLVED_REQUIRES_MANUAL_BINDING
1779282300,1779282600,VIX,VIX,M5,Bid,20.2,20.21,20.18,20.2,10,21,0,MT5_PY_API_UNIX_SECONDS,UNRESOLVED_REQUIRES_MANUAL_BINDING
1779282600,1779282900,VIX,VIX,M5,Bid,20.21,20.21,20.18,20.18,6,21,0,MT5_PY_API_UNIX_SECONDS,UNRESOLVED_REQUIRES_MANUAL_BINDING
1779282900,1779283200,VIX,VIX,M5,Bid,20.18,20.21,20.18,20.18,10,20,0,MT5_PY_API_UNIX_SECONDS,UNRESOLVED_REQUIRES_MANUAL_BINDING
1779283200,1779283500,VIX,VIX,M5,Bid,20.18,20.18,20.17,20.18,7,20,0,MT5_PY_API_UNIX_SECONDS,UNRESOLVED_REQUIRES_MANUAL_BINDING
1779283500,1779283800,VIX,VIX,M5,Bid,20.2,20.21,20.2,20.21,2,20,0,MT5_PY_API_UNIX_SECONDS,UNRESOLVED_REQUIRES_MANUAL_BINDING
1779283800,1779284100,VIX,VIX,M5,Bid,20.18,20.18,20.17,20.18,3,20,0,MT5_PY_API_UNIX_SECONDS,UNRESOLVED_REQUIRES_MANUAL_BINDING
1779284100,1779284400,VIX,VIX,M5,Bid,20.17,20.18,20.17,20.18,28,20,0,MT5_PY_API_UNIX_SECONDS,UNRESOLVED_REQUIRES_MANUAL_BINDING
1779284700,1779285000,VIX,VIX,M5,Bid,20.18,20.22,20.17,20.22,7,20,0,MT5_PY_API_UNIX_SECONDS,UNRESOLVED_REQUIRES_MANUAL_BINDING
1779285000,1779285300,VIX,VIX,M5,Bid,20.21,20.22,20.21,20.21,29,20,0,MT5_PY_API_UNIX_SECONDS,UNRESOLVED_REQUIRES_MANUAL_BINDING
1779285300,1779285600,VIX,VIX,M5,Bid,20.22,20.22,20.18,20.18,12,20,0,MT5_PY_API_UNIX_SECONDS,UNRESOLVED_REQUIRES_MANUAL_BINDING
1779285600,1779285900,VIX,VIX,M5,Bid,20.18,20.21,20.17,20.21,76,20,0,MT5_PY_API_UNIX_SECONDS,UNRESOLVED_REQUIRES_MANUAL_BINDING
1779285900,1779286200,VIX,VIX,M5,Bid,20.2,20.22,20.18,20.21,40,20,0,MT5_PY_API_UNIX_SECONDS,UNRESOLVED_REQUIRES_MANUAL_BINDING
1779286200,1779286500,VIX,VIX,M5,Bid,20.2,20.22,20.18,20.22,31,21,0,MT5_PY_API_UNIX_SECONDS,UNRESOLVED_REQUIRES_MANUAL_BINDING
1779286500,1779286800,VIX,VIX,M5,Bid,20.21,20.22,20.21,20.21,9,20,0,MT5_PY_API_UNIX_SECONDS,UNRESOLVED_REQUIRES_MANUAL_BINDING
1779286800,1779287100,VIX,VIX,M5,Bid,20.2,20.21,20.18,20.21,4,21,0,MT5_PY_API_UNIX_SECONDS,UNRESOLVED_REQUIRES_MANUAL_BINDING
1779287100,1779287400,VIX,VIX,M5,Bid,20.18,20.21,20.18,20.21,5,21,0,MT5_PY_API_UNIX_SECONDS,UNRESOLVED_REQUIRES_MANUAL_BINDING
1779287400,1779287700,VIX,VIX,M5,Bid,20.2,20.22,20.18,20.21,5,20,0,MT5_PY_API_UNIX_SECONDS,UNRESOLVED_REQUIRES_MANUAL_BINDING
1779287700,1779288000,VIX,VIX,M5,Bid,20.22,20.22,20.21,20.22,3,20,0,MT5_PY_API_UNIX_SECONDS,UNRESOLVED_REQUIRES_MANUAL_BINDING
1779288000,1779288300,VIX,VIX,M5,Bid,20.21,20.22,20.17,20.18,41,20,0,MT5_PY_API_UNIX_SECONDS,UNRESOLVED_REQUIRES_MANUAL_BINDING
1779288300,1779288600,VIX,VIX,M5,Bid,20.21,20.22,20.18,20.22,17,20,0,MT5_PY_API_UNIX_SECONDS,UNRESOLVED_REQUIRES_MANUAL_BINDING
1779288600,1779288900,VIX,VIX,M5,Bid,20.21,20.22,20.18,20.21,27,20,0,MT5_PY_API_UNIX_SECONDS,UNRESOLVED_REQUIRES_MANUAL_BINDING
1779288900,1779289200,VIX,VIX,M5,Bid,20.2,20.21,20.18,20.18,38,20,0,MT5_PY_API_UNIX_SECONDS,UNRESOLVED_REQUIRES_MANUAL_BINDING
1779289200,1779289500,VIX,VIX,M5,Bid,20.19,20.21,20.16,20.16,17,20,0,MT5_PY_API_UNIX_SECONDS,UNRESOLVED_REQUIRES_MANUAL_BINDING
1779289500,1779289800,VIX,VIX,M5,Bid,20.17,20.17,20.13,20.13,9,20,0,MT5_PY_API_UNIX_SECONDS,UNRESOLVED_REQUIRES_MANUAL_BINDING
1779289800,1779290100,VIX,VIX,M5,Bid,20.15,20.16,20.12,20.12,15,20,0,MT5_PY_API_UNIX_SECONDS,UNRESOLVED_REQUIRES_MANUAL_BINDING
1779290100,1779290400,VIX,VIX,M5,Bid,20.13,20.13,20.12,20.12,12,20,0,MT5_PY_API_UNIX_SECONDS,UNRESOLVED_REQUIRES_MANUAL_BINDING
1779290700,1779291000,VIX,VIX,M5,Bid,20.12,20.12,20.07,20.07,28,20,0,MT5_PY_API_UNIX_SECONDS,UNRESOLVED_REQUIRES_MANUAL_BINDING
1779291000,1779291300,VIX,VIX,M5,Bid,20.08,20.08,20.06,20.06,13,20,0,MT5_PY_API_UNIX_SECONDS,UNRESOLVED_REQUIRES_MANUAL_BINDING
1779291300,1779291600,VIX,VIX,M5,Bid,20.07,20.13,20.06,20.13,25,20,0,MT5_PY_API_UNIX_SECONDS,UNRESOLVED_REQUIRES_MANUAL_BINDING
1779291600,1779291900,VIX,VIX,M5,Bid,20.12,20.13,20.12,20.13,26,20,0,MT5_PY_API_UNIX_SECONDS,UNRESOLVED_REQUIRES_MANUAL_BINDING
1779291900,1779292200,VIX,VIX,M5,Bid,20.13,20.16,20.12,20.13,17,20,0,MT5_PY_API_UNIX_SECONDS,UNRESOLVED_REQUIRES_MANUAL_BINDING
1779292200,1779292500,VIX,VIX,M5,Bid,20.15,20.17,20.13,20.17,23,20,0,MT5_PY_API_UNIX_SECONDS,UNRESOLVED_REQUIRES_MANUAL_BINDING
1779292500,1779292800,VIX,VIX,M5,Bid,20.17,20.21,20.17,20.18,6,20,0,MT5_PY_API_UNIX_SECONDS,UNRESOLVED_REQUIRES_MANUAL_BINDING
1779292800,1779293100,VIX,VIX,M5,Bid,20.18,20.18,20.17,20.17,26,20,0,MT5_PY_API_UNIX_SECONDS,UNRESOLVED_REQUIRES_MANUAL_BINDING
1779293100,1779293400,VIX,VIX,M5,Bid,20.17,20.17,20.17,20.17,4,20,0,MT5_PY_API_UNIX_SECONDS,UNRESOLVED_REQUIRES_MANUAL_BINDING
1779293400,1779293700,VIX,VIX,M5,Bid,20.17,20.17,20.16,20.17,11,20,0,MT5_PY_API_UNIX_SECONDS,UNRESOLVED_REQUIRES_MANUAL_BINDING
1779293700,1779294000,VIX,VIX,M5,Bid,20.18,20.18,20.17,20.17,2,20,0,MT5_PY_API_UNIX_SECONDS,UNRESOLVED_REQUIRES_MANUAL_BINDING
1779294300,1779294600,VIX,VIX,M5,Bid,20.18,20.21,20.17,20.18,17,20,0,MT5_PY_API_UNIX_SECONDS,UNRESOLVED_REQUIRES_MANUAL_BINDING
1779294600,1779294900,VIX,VIX,M5,Bid,20.16,20.18,20.11,20.11,89,20,0,MT5_PY_API_UNIX_SECONDS,UNRESOLVED_REQUIRES_MANUAL_BINDING
1779294900,1779295200,VIX,VIX,M5,Bid,20.12,20.21,20.11,20.12,114,20,0,MT5_PY_API_UNIX_SECONDS,UNRESOLVED_REQUIRES_MANUAL_BINDING
1779295200,1779295500,VIX,VIX,M5,Bid,20.13,20.16,20.07,20.11,132,20,0,MT5_PY_API_UNIX_SECONDS,UNRESOLVED_REQUIRES_MANUAL_BINDING
1779295500,1779295800,VIX,VIX,M5,Bid,20.08,20.18,20.07,20.17,125,20,0,MT5_PY_API_UNIX_SECONDS,UNRESOLVED_REQUIRES_MANUAL_BINDING
1779295800,1779296100,VIX,VIX,M5,Bid,20.18,20.22,20.16,20.17,103,20,0,MT5_PY_API_UNIX_SECONDS,UNRESOLVED_REQUIRES_MANUAL_BINDING
1779296100,1779296400,VIX,VIX,M5,Bid,20.17,20.18,20.16,20.17,102,20,0,MT5_PY_API_UNIX_SECONDS,UNRESOLVED_REQUIRES_MANUAL_BINDING
1779296400,1779296700,VIX,VIX,M5,Bid,20.18,20.22,20.17,20.21,150,20,0,MT5_PY_API_UNIX_SECONDS,UNRESOLVED_REQUIRES_MANUAL_BINDING
1779296700,1779297000,VIX,VIX,M5,Bid,20.22,20.27,20.21,20.27,112,20,0,MT5_PY_API_UNIX_SECONDS,UNRESOLVED_REQUIRES_MANUAL_BINDING
1779297000,1779297300,VIX,VIX,M5,Bid,20.28,20.32,20.17,20.22,225,20,0,MT5_PY_API_UNIX_SECONDS,UNRESOLVED_REQUIRES_MANUAL_BINDING
1779297300,1779297600,VIX,VIX,M5,Bid,20.22,20.22,19.88,19.93,404,20,0,MT5_PY_API_UNIX_SECONDS,UNRESOLVED_REQUIRES_MANUAL_BINDING
1779297600,1779297900,VIX,VIX,M5,Bid,19.92,20.01,19.92,20.01,141,20,0,MT5_PY_API_UNIX_SECONDS,UNRESOLVED_REQUIRES_MANUAL_BINDING
1779297900,1779298200,VIX,VIX,M5,Bid,20.02,20.02,19.93,19.96,184,20,0,MT5_PY_API_UNIX_SECONDS,UNRESOLVED_REQUIRES_MANUAL_BINDING
1779298200,1779298500,VIX,VIX,M5,Bid,19.95,20.02,19.93,20.01,105,20,0,MT5_PY_API_UNIX_SECONDS,UNRESOLVED_REQUIRES_MANUAL_BINDING
1779298500,1779298800,VIX,VIX,M5,Bid,20.02,20.12,19.98,20.11,67,20,0,MT5_PY_API_UNIX_SECONDS,UNRESOLVED_REQUIRES_MANUAL_BINDING
1779298800,1779299100,VIX,VIX,M5,Bid,20.12,20.17,20.08,20.16,64,20,0,MT5_PY_API_UNIX_SECONDS,UNRESOLVED_REQUIRES_MANUAL_BINDING
1779299100,1779299400,VIX,VIX,M5,Bid,20.15,20.23,20.15,20.22,20,20,0,MT5_PY_API_UNIX_SECONDS,UNRESOLVED_REQUIRES_MANUAL_BINDING
1779299400,1779299700,VIX,VIX,M5,Bid,20.23,20.27,20.16,20.17,50,20,0,MT5_PY_API_UNIX_SECONDS,UNRESOLVED_REQUIRES_MANUAL_BINDING
1779299700,1779300000,VIX,VIX,M5,Bid,20.18,20.22,20.17,20.18,60,20,0,MT5_PY_API_UNIX_SECONDS,UNRESOLVED_REQUIRES_MANUAL_BINDING
1779300000,1779300300,VIX,VIX,M5,Bid,20.17,20.22,20.16,20.17,21,20,0,MT5_PY_API_UNIX_SECONDS,UNRESOLVED_REQUIRES_MANUAL_BINDING
1779300300,1779300600,VIX,VIX,M5,Bid,20.18,20.22,20.17,20.18,29,20,0,MT5_PY_API_UNIX_SECONDS,UNRESOLVED_REQUIRES_MANUAL_BINDING
1779300600,1779300900,VIX,VIX,M5,Bid,20.17,20.18,20.17,20.17,39,20,0,MT5_PY_API_UNIX_SECONDS,UNRESOLVED_REQUIRES_MANUAL_BINDING
1779300900,1779301200,VIX,VIX,M5,Bid,20.16,20.17,19.93,20.07,301,20,0,MT5_PY_API_UNIX_SECONDS,UNRESOLVED_REQUIRES_MANUAL_BINDING
1779301200,1779301500,VIX,VIX,M5,Bid,20.07,20.07,20.03,20.07,93,20,0,MT5_PY_API_UNIX_SECONDS,UNRESOLVED_REQUIRES_MANUAL_BINDING
1779301500,1779301800,VIX,VIX,M5,Bid,20.07,20.11,20.01,20.01,87,20,0,MT5_PY_API_UNIX_SECONDS,UNRESOLVED_REQUIRES_MANUAL_BINDING
1779301800,1779302100,VIX,VIX,M5,Bid,19.97,19.97,19.96,19.97,8,20,0,MT5_PY_API_UNIX_SECONDS,UNRESOLVED_REQUIRES_MANUAL_BINDING
1779302100,1779302400,VIX,VIX,M5,Bid,19.97,20.02,19.96,19.98,86,20,0,MT5_PY_API_UNIX_SECONDS,UNRESOLVED_REQUIRES_MANUAL_BINDING
1779302400,1779302700,VIX,VIX,M5,Bid,19.98,20.02,19.97,19.97,22,20,0,MT5_PY_API_UNIX_SECONDS,UNRESOLVED_REQUIRES_MANUAL_BINDING
1779302700,1779303000,VIX,VIX,M5,Bid,19.98,20.02,19.97,20.02,73,20,0,MT5_PY_API_UNIX_SECONDS,UNRESOLVED_REQUIRES_MANUAL_BINDING
1779303000,1779303300,VIX,VIX,M5,Bid,20.02,20.02,20.01,20.02,99,20,0,MT5_PY_API_UNIX_SECONDS,UNRESOLVED_REQUIRES_MANUAL_BINDING
1779303300,1779303600,VIX,VIX,M5,Bid,20.06,20.08,20.01,20.02,56,20,0,MT5_PY_API_UNIX_SECONDS,UNRESOLVED_REQUIRES_MANUAL_BINDING
1779303600,1779303900,VIX,VIX,M5,Bid,20.02,20.08,20.01,20.07,86,20,0,MT5_PY_API_UNIX_SECONDS,UNRESOLVED_REQUIRES_MANUAL_BINDING
1779303900,1779304200,VIX,VIX,M5,Bid,20.08,20.08,20.07,20.08,51,20,0,MT5_PY_API_UNIX_SECONDS,UNRESOLVED_REQUIRES_MANUAL_BINDING
1779304200,1779304500,VIX,VIX,M5,Bid,20.07,20.08,20.03,20.07,23,20,0,MT5_PY_API_UNIX_SECONDS,UNRESOLVED_REQUIRES_MANUAL_BINDING
1779304500,1779304800,VIX,VIX,M5,Bid,20.07,20.07,20.02,20.02,60,20,0,MT5_PY_API_UNIX_SECONDS,UNRESOLVED_REQUIRES_MANUAL_BINDING
1779304800,1779305100,VIX,VIX,M5,Bid,20.03,20.12,20.03,20.11,207,20,0,MT5_PY_API_UNIX_SECONDS,UNRESOLVED_REQUIRES_MANUAL_BINDING
1779305100,1779305400,VIX,VIX,M5,Bid,20.12,20.12,20.08,20.08,159,20,0,MT5_PY_API_UNIX_SECONDS,UNRESOLVED_REQUIRES_MANUAL_BINDING
1779305400,1779305700,VIX,VIX,M5,Bid,20.08,20.11,20.02,20.08,28,20,0,MT5_PY_API_UNIX_SECONDS,UNRESOLVED_REQUIRES_MANUAL_BINDING
1779305700,1779306000,VIX,VIX,M5,Bid,20.08,20.11,20.03,20.07,36,20,0,MT5_PY_API_UNIX_SECONDS,UNRESOLVED_REQUIRES_MANUAL_BINDING
1779306000,1779306300,VIX,VIX,M5,Bid,20.07,20.07,19.98,20.02,19,20,0,MT5_PY_API_UNIX_SECONDS,UNRESOLVED_REQUIRES_MANUAL_BINDING
1779306300,1779306600,VIX,VIX,M5,Bid,20.01,20.07,20.01,20.07,28,20,0,MT5_PY_API_UNIX_SECONDS,UNRESOLVED_REQUIRES_MANUAL_BINDING
1779306600,1779306900,VIX,VIX,M5,Bid,20.07,20.07,20.03,20.03,59,20,0,MT5_PY_API_UNIX_SECONDS,UNRESOLVED_REQUIRES_MANUAL_BINDING
1779306900,1779307200,VIX,VIX,M5,Bid,20.02,20.03,19.98,20.02,29,20,0,MT5_PY_API_UNIX_SECONDS,UNRESOLVED_REQUIRES_MANUAL_BINDING
1779307200,1779307500,VIX,VIX,M5,Bid,20.01,20.06,20.01,20.02,68,20,0,MT5_PY_API_UNIX_SECONDS,UNRESOLVED_REQUIRES_MANUAL_BINDING
1779307500,1779307800,VIX,VIX,M5,Bid,20.01,20.02,19.98,19.98,60,20,0,MT5_PY_API_UNIX_SECONDS,UNRESOLVED_REQUIRES_MANUAL_BINDING
1779307800,1779308100,VIX,VIX,M5,Bid,20.0,20.01,19.92,19.97,75,20,0,MT5_PY_API_UNIX_SECONDS,UNRESOLVED_REQUIRES_MANUAL_BINDING
1779308100,1779308400,VIX,VIX,M5,Bid,19.98,19.98,19.97,19.97,28,20,0,MT5_PY_API_UNIX_SECONDS,UNRESOLVED_REQUIRES_MANUAL_BINDING
1779308400,1779308700,VIX,VIX,M5,Bid,19.98,19.98,19.96,19.97,23,20,0,MT5_PY_API_UNIX_SECONDS,UNRESOLVED_REQUIRES_MANUAL_BINDING
1779308700,1779309000,VIX,VIX,M5,Bid,19.97,19.97,19.93,19.96,38,20,0,MT5_PY_API_UNIX_SECONDS,UNRESOLVED_REQUIRES_MANUAL_BINDING
1779309000,1779309300,VIX,VIX,M5,Bid,19.93,19.97,19.92,19.92,45,20,0,MT5_PY_API_UNIX_SECONDS,UNRESOLVED_REQUIRES_MANUAL_BINDING
1779309300,1779309600,VIX,VIX,M5,Bid,19.92,19.93,19.88,19.93,42,20,0,MT5_PY_API_UNIX_SECONDS,UNRESOLVED_REQUIRES_MANUAL_BINDING
1779309600,1779309900,VIX,VIX,M5,Bid,19.93,19.97,19.92,19.96,56,20,0,MT5_PY_API_UNIX_SECONDS,UNRESOLVED_REQUIRES_MANUAL_BINDING
1779309900,1779310200,VIX,VIX,M5,Bid,19.97,19.97,19.92,19.93,55,20,0,MT5_PY_API_UNIX_SECONDS,UNRESOLVED_REQUIRES_MANUAL_BINDING
1779310200,1779310500,VIX,VIX,M5,Bid,19.93,19.97,19.92,19.93,58,20,0,MT5_PY_API_UNIX_SECONDS,UNRESOLVED_REQUIRES_MANUAL_BINDING
1779310500,1779310800,VIX,VIX,M5,Bid,19.93,19.96,19.92,19.96,42,20,0,MT5_PY_API_UNIX_SECONDS,UNRESOLVED_REQUIRES_MANUAL_BINDING
1779310800,1779311100,VIX,VIX,M5,Bid,19.97,19.98,19.93,19.93,119,20,0,MT5_PY_API_UNIX_SECONDS,UNRESOLVED_REQUIRES_MANUAL_BINDING
1779311100,1779311400,VIX,VIX,M5,Bid,19.93,19.93,19.88,19.92,16,20,0,MT5_PY_API_UNIX_SECONDS,UNRESOLVED_REQUIRES_MANUAL_BINDING
1779311400,1779311700,VIX,VIX,M5,Bid,19.91,19.92,19.91,19.91,43,20,0,MT5_PY_API_UNIX_SECONDS,UNRESOLVED_REQUIRES_MANUAL_BINDING
1779311700,1779312000,VIX,VIX,M5,Bid,19.92,19.93,19.91,19.92,13,20,0,MT5_PY_API_UNIX_SECONDS,UNRESOLVED_REQUIRES_MANUAL_BINDING
1779312000,1779312300,VIX,VIX,M5,Bid,19.93,19.97,19.91,19.93,28,20,0,MT5_PY_API_UNIX_SECONDS,UNRESOLVED_REQUIRES_MANUAL_BINDING
1779312300,1779312600,VIX,VIX,M5,Bid,19.92,19.93,19.92,19.92,17,20,0,MT5_PY_API_UNIX_SECONDS,UNRESOLVED_REQUIRES_MANUAL_BINDING
1779312600,1779312900,VIX,VIX,M5,Bid,19.93,19.96,19.92,19.92,12,20,0,MT5_PY_API_UNIX_SECONDS,UNRESOLVED_REQUIRES_MANUAL_BINDING
1779312900,1779313200,VIX,VIX,M5,Bid,19.93,19.96,19.92,19.96,13,20,0,MT5_PY_API_UNIX_SECONDS,UNRESOLVED_REQUIRES_MANUAL_BINDING
1779313200,1779313500,VIX,VIX,M5,Bid,19.93,19.98,19.93,19.98,28,20,0,MT5_PY_API_UNIX_SECONDS,UNRESOLVED_REQUIRES_MANUAL_BINDING
1779313500,1779313800,VIX,VIX,M5,Bid,19.97,19.98,19.97,19.97,29,20,0,MT5_PY_API_UNIX_SECONDS,UNRESOLVED_REQUIRES_MANUAL_BINDING
1779313800,1779314100,VIX,VIX,M5,Bid,19.98,19.98,19.96,19.97,23,20,0,MT5_PY_API_UNIX_SECONDS,UNRESOLVED_REQUIRES_MANUAL_BINDING
1779314100,1779314400,VIX,VIX,M5,Bid,19.96,19.97,19.96,19.97,4,20,0,MT5_PY_API_UNIX_SECONDS,UNRESOLVED_REQUIRES_MANUAL_BINDING
1779314400,1779314700,VIX,VIX,M5,Bid,19.96,19.97,19.92,19.93,53,20,0,MT5_PY_API_UNIX_SECONDS,UNRESOLVED_REQUIRES_MANUAL_BINDING
1779314700,1779315000,VIX,VIX,M5,Bid,19.96,19.98,19.93,19.97,11,20,0,MT5_PY_API_UNIX_SECONDS,UNRESOLVED_REQUIRES_MANUAL_BINDING
1779315000,1779315300,VIX,VIX,M5,Bid,19.98,19.98,19.92,19.92,6,20,0,MT5_PY_API_UNIX_SECONDS,UNRESOLVED_REQUIRES_MANUAL_BINDING
1779315300,1779315600,VIX,VIX,M5,Bid,19.92,19.92,19.91,19.92,3,20,0,MT5_PY_API_UNIX_SECONDS,UNRESOLVED_REQUIRES_MANUAL_BINDING
1779315900,1779316200,VIX,VIX,M5,Bid,19.96,19.97,19.96,19.97,17,20,0,MT5_PY_API_UNIX_SECONDS,UNRESOLVED_REQUIRES_MANUAL_BINDING
1779316200,1779316500,VIX,VIX,M5,Bid,19.97,19.97,19.97,19.97,1,21,0,MT5_PY_API_UNIX_SECONDS,UNRESOLVED_REQUIRES_MANUAL_BINDING
1779316500,1779316800,VIX,VIX,M5,Bid,19.96,19.97,19.92,19.97,55,20,0,MT5_PY_API_UNIX_SECONDS,UNRESOLVED_REQUIRES_MANUAL_BINDING
1779316800,1779317100,VIX,VIX,M5,Bid,19.98,20.02,19.97,20.01,12,20,0,MT5_PY_API_UNIX_SECONDS,UNRESOLVED_REQUIRES_MANUAL_BINDING
1779317100,1779317400,VIX,VIX,M5,Bid,20.02,20.02,19.98,19.98,38,20,0,MT5_PY_API_UNIX_SECONDS,UNRESOLVED_REQUIRES_MANUAL_BINDING
1779317400,1779317700,VIX,VIX,M5,Bid,19.97,19.98,19.87,19.88,10,20,0,MT5_PY_API_UNIX_SECONDS,UNRESOLVED_REQUIRES_MANUAL_BINDING
1779317700,1779318000,VIX,VIX,M5,Bid,19.87,19.92,19.87,19.88,74,20,0,MT5_PY_API_UNIX_SECONDS,UNRESOLVED_REQUIRES_MANUAL_BINDING
1779318000,1779318300,VIX,VIX,M5,Bid,19.9,19.97,19.88,19.93,24,20,0,MT5_PY_API_UNIX_SECONDS,UNRESOLVED_REQUIRES_MANUAL_BINDING
1779318300,1779318600,VIX,VIX,M5,Bid,19.93,19.97,19.92,19.92,34,20,0,MT5_PY_API_UNIX_SECONDS,UNRESOLVED_REQUIRES_MANUAL_BINDING
1779318600,1779318900,VIX,VIX,M5,Bid,19.93,19.93,19.91,19.91,15,20,0,MT5_PY_API_UNIX_SECONDS,UNRESOLVED_REQUIRES_MANUAL_BINDING
1779319800,1779320100,VIX,VIX,M5,Bid,19.83,19.88,19.83,19.87,46,20,0,MT5_PY_API_UNIX_SECONDS,UNRESOLVED_REQUIRES_MANUAL_BINDING
1779320100,1779320400,VIX,VIX,M5,Bid,19.88,19.92,19.87,19.92,18,20,0,MT5_PY_API_UNIX_SECONDS,UNRESOLVED_REQUIRES_MANUAL_BINDING
1779320400,1779320700,VIX,VIX,M5,Bid,19.92,19.93,19.87,19.91,33,20,0,MT5_PY_API_UNIX_SECONDS,UNRESOLVED_REQUIRES_MANUAL_BINDING
1779320700,1779321000,VIX,VIX,M5,Bid,19.9,19.92,19.88,19.91,32,20,0,MT5_PY_API_UNIX_SECONDS,UNRESOLVED_REQUIRES_MANUAL_BINDING
1779321000,1779321300,VIX,VIX,M5,Bid,19.92,19.93,19.92,19.92,9,20,0,MT5_PY_API_UNIX_SECONDS,UNRESOLVED_REQUIRES_MANUAL_BINDING
1779321300,1779321600,VIX,VIX,M5,Bid,19.93,19.93,19.92,19.92,2,20,0,MT5_PY_API_UNIX_SECONDS,UNRESOLVED_REQUIRES_MANUAL_BINDING
1779325200,1779325500,VIX,VIX,M5,Bid,19.93,20.01,19.92,20.01,30,20,0,MT5_PY_API_UNIX_SECONDS,UNRESOLVED_REQUIRES_MANUAL_BINDING
1779325500,1779325800,VIX,VIX,M5,Bid,20.02,20.11,19.99,20.08,104,20,0,MT5_PY_API_UNIX_SECONDS,UNRESOLVED_REQUIRES_MANUAL_BINDING
1779325800,1779326100,VIX,VIX,M5,Bid,20.1,20.12,20.03,20.03,36,20,0,MT5_PY_API_UNIX_SECONDS,UNRESOLVED_REQUIRES_MANUAL_BINDING
1779326100,1779326400,VIX,VIX,M5,Bid,20.03,20.07,20.03,20.06,48,20,0,MT5_PY_API_UNIX_SECONDS,UNRESOLVED_REQUIRES_MANUAL_BINDING
1779326400,1779326700,VIX,VIX,M5,Bid,20.07,20.07,20.03,20.07,48,20,0,MT5_PY_API_UNIX_SECONDS,UNRESOLVED_REQUIRES_MANUAL_BINDING
1779326700,1779327000,VIX,VIX,M5,Bid,20.06,20.07,20.01,20.01,28,20,0,MT5_PY_API_UNIX_SECONDS,UNRESOLVED_REQUIRES_MANUAL_BINDING
1779327000,1779327300,VIX,VIX,M5,Bid,20.02,20.02,20.01,20.02,34,20,0,MT5_PY_API_UNIX_SECONDS,UNRESOLVED_REQUIRES_MANUAL_BINDING
1779327300,1779327600,VIX,VIX,M5,Bid,20.01,20.02,20.01,20.02,6,20,0,MT5_PY_API_UNIX_SECONDS,UNRESOLVED_REQUIRES_MANUAL_BINDING
1779327600,1779327900,VIX,VIX,M5,Bid,20.02,20.03,20.02,20.03,4,20,0,MT5_PY_API_UNIX_SECONDS,UNRESOLVED_REQUIRES_MANUAL_BINDING
1779327900,1779328200,VIX,VIX,M5,Bid,20.02,20.06,20.02,20.06,9,20,0,MT5_PY_API_UNIX_SECONDS,UNRESOLVED_REQUIRES_MANUAL_BINDING
1779328200,1779328500,VIX,VIX,M5,Bid,20.07,20.07,20.06,20.07,26,20,0,MT5_PY_API_UNIX_SECONDS,UNRESOLVED_REQUIRES_MANUAL_BINDING
1779328500,1779328800,VIX,VIX,M5,Bid,20.07,20.07,20.02,20.03,17,20,0,MT5_PY_API_UNIX_SECONDS,UNRESOLVED_REQUIRES_MANUAL_BINDING
1779328800,1779329100,VIX,VIX,M5,Bid,20.02,20.03,20.01,20.02,20,20,0,MT5_PY_API_UNIX_SECONDS,UNRESOLVED_REQUIRES_MANUAL_BINDING
1779329100,1779329400,VIX,VIX,M5,Bid,20.01,20.02,20.01,20.02,6,20,0,MT5_PY_API_UNIX_SECONDS,UNRESOLVED_REQUIRES_MANUAL_BINDING
1779329400,1779329700,VIX,VIX,M5,Bid,20.02,20.02,19.97,19.98,15,20,0,MT5_PY_API_UNIX_SECONDS,UNRESOLVED_REQUIRES_MANUAL_BINDING
1779329700,1779330000,VIX,VIX,M5,Bid,20.0,20.02,19.98,19.98,8,20,0,MT5_PY_API_UNIX_SECONDS,UNRESOLVED_REQUIRES_MANUAL_BINDING
1779330000,1779330300,VIX,VIX,M5,Bid,20.0,20.02,19.98,20.02,9,20,0,MT5_PY_API_UNIX_SECONDS,UNRESOLVED_REQUIRES_MANUAL_BINDING
1779330300,1779330600,VIX,VIX,M5,Bid,20.03,20.03,20.02,20.02,4,20,0,MT5_PY_API_UNIX_SECONDS,UNRESOLVED_REQUIRES_MANUAL_BINDING
1779330600,1779330900,VIX,VIX,M5,Bid,20.02,20.02,20.02,20.02,1,21,0,MT5_PY_API_UNIX_SECONDS,UNRESOLVED_REQUIRES_MANUAL_BINDING
1779331200,1779331500,VIX,VIX,M5,Bid,19.98,20.02,19.98,20.02,3,20,0,MT5_PY_API_UNIX_SECONDS,UNRESOLVED_REQUIRES_MANUAL_BINDING
1779331500,1779331800,VIX,VIX,M5,Bid,20.03,20.03,19.98,19.98,30,20,0,MT5_PY_API_UNIX_SECONDS,UNRESOLVED_REQUIRES_MANUAL_BINDING
1779331800,1779332100,VIX,VIX,M5,Bid,19.99,20.02,19.98,19.98,13,20,0,MT5_PY_API_UNIX_SECONDS,UNRESOLVED_REQUIRES_MANUAL_BINDING
1779332100,1779332400,VIX,VIX,M5,Bid,19.99,20.02,19.98,19.98,48,20,0,MT5_PY_API_UNIX_SECONDS,UNRESOLVED_REQUIRES_MANUAL_BINDING
1779332400,1779332700,VIX,VIX,M5,Bid,19.98,20.02,19.97,19.98,146,20,0,MT5_PY_API_UNIX_SECONDS,UNRESOLVED_REQUIRES_MANUAL_BINDING
1779332700,1779333000,VIX,VIX,M5,Bid,19.97,20.06,19.97,19.97,53,20,0,MT5_PY_API_UNIX_SECONDS,UNRESOLVED_REQUIRES_MANUAL_BINDING
1779333000,1779333300,VIX,VIX,M5,Bid,19.98,19.98,19.97,19.97,23,20,0,MT5_PY_API_UNIX_SECONDS,UNRESOLVED_REQUIRES_MANUAL_BINDING
1779333300,1779333600,VIX,VIX,M5,Bid,19.98,20.03,19.97,20.02,12,20,0,MT5_PY_API_UNIX_SECONDS,UNRESOLVED_REQUIRES_MANUAL_BINDING
1779333600,1779333900,VIX,VIX,M5,Bid,20.01,20.02,20.01,20.01,13,20,0,MT5_PY_API_UNIX_SECONDS,UNRESOLVED_REQUIRES_MANUAL_BINDING
1779333900,1779334200,VIX,VIX,M5,Bid,20.02,20.02,20.01,20.01,3,21,0,MT5_PY_API_UNIX_SECONDS,UNRESOLVED_REQUIRES_MANUAL_BINDING
1779334200,1779334500,VIX,VIX,M5,Bid,20.02,20.02,19.96,19.97,113,20,0,MT5_PY_API_UNIX_SECONDS,UNRESOLVED_REQUIRES_MANUAL_BINDING
1779334500,1779334800,VIX,VIX,M5,Bid,19.96,19.97,19.92,19.92,39,20,0,MT5_PY_API_UNIX_SECONDS,UNRESOLVED_REQUIRES_MANUAL_BINDING
1779335100,1779335400,VIX,VIX,M5,Bid,19.92,19.92,19.87,19.87,2,20,0,MT5_PY_API_UNIX_SECONDS,UNRESOLVED_REQUIRES_MANUAL_BINDING
1779335400,1779335700,VIX,VIX,M5,Bid,19.88,19.88,19.87,19.87,4,20,0,MT5_PY_API_UNIX_SECONDS,UNRESOLVED_REQUIRES_MANUAL_BINDING
1779335700,1779336000,VIX,VIX,M5,Bid,19.87,19.87,19.87,19.87,2,21,0,MT5_PY_API_UNIX_SECONDS,UNRESOLVED_REQUIRES_MANUAL_BINDING
1779336000,1779336300,VIX,VIX,M5,Bid,19.87,19.87,19.86,19.87,8,20,0,MT5_PY_API_UNIX_SECONDS,UNRESOLVED_REQUIRES_MANUAL_BINDING
1779336300,1779336600,VIX,VIX,M5,Bid,19.87,19.87,19.86,19.87,7,20,0,MT5_PY_API_UNIX_SECONDS,UNRESOLVED_REQUIRES_MANUAL_BINDING
1779336600,1779336900,VIX,VIX,M5,Bid,19.88,19.88,19.87,19.87,6,20,0,MT5_PY_API_UNIX_SECONDS,UNRESOLVED_REQUIRES_MANUAL_BINDING
1779336900,1779337200,VIX,VIX,M5,Bid,19.87,19.88,19.86,19.87,13,20,0,MT5_PY_API_UNIX_SECONDS,UNRESOLVED_REQUIRES_MANUAL_BINDING
1779337200,1779337500,VIX,VIX,M5,Bid,19.87,19.87,19.86,19.87,6,20,0,MT5_PY_API_UNIX_SECONDS,UNRESOLVED_REQUIRES_MANUAL_BINDING
1779337500,1779337800,VIX,VIX,M5,Bid,19.87,19.87,19.86,19.87,3,21,0,MT5_PY_API_UNIX_SECONDS,UNRESOLVED_REQUIRES_MANUAL_BINDING
1779337800,1779338100,VIX,VIX,M5,Bid,19.88,19.88,19.87,19.87,4,20,0,MT5_PY_API_UNIX_SECONDS,UNRESOLVED_REQUIRES_MANUAL_BINDING
1779338100,1779338400,VIX,VIX,M5,Bid,19.87,19.87,19.86,19.87,9,20,0,MT5_PY_API_UNIX_SECONDS,UNRESOLVED_REQUIRES_MANUAL_BINDING
1779338400,1779338700,VIX,VIX,M5,Bid,19.86,19.87,19.83,19.86,19,20,0,MT5_PY_API_UNIX_SECONDS,UNRESOLVED_REQUIRES_MANUAL_BINDING
1779338700,1779339000,VIX,VIX,M5,Bid,19.87,19.88,19.86,19.88,7,20,0,MT5_PY_API_UNIX_SECONDS,UNRESOLVED_REQUIRES_MANUAL_BINDING
1779339000,1779339300,VIX,VIX,M5,Bid,19.88,19.91,19.87,19.88,10,20,0,MT5_PY_API_UNIX_SECONDS,UNRESOLVED_REQUIRES_MANUAL_BINDING
1779339300,1779339600,VIX,VIX,M5,Bid,19.88,19.88,19.87,19.87,2,20,0,MT5_PY_API_UNIX_SECONDS,UNRESOLVED_REQUIRES_MANUAL_BINDING
1779339900,1779340200,VIX,VIX,M5,Bid,19.87,19.87,19.87,19.87,1,21,0,MT5_PY_API_UNIX_SECONDS,UNRESOLVED_REQUIRES_MANUAL_BINDING
1779340200,1779340500,VIX,VIX,M5,Bid,19.88,19.88,19.87,19.87,2,21,0,MT5_PY_API_UNIX_SECONDS,UNRESOLVED_REQUIRES_MANUAL_BINDING
1779340500,1779340800,VIX,VIX,M5,Bid,19.87,19.87,19.86,19.87,3,20,0,MT5_PY_API_UNIX_SECONDS,UNRESOLVED_REQUIRES_MANUAL_BINDING
1779341700,1779342000,VIX,VIX,M5,Bid,19.87,19.87,19.87,19.87,1,21,0,MT5_PY_API_UNIX_SECONDS,UNRESOLVED_REQUIRES_MANUAL_BINDING
1779342300,1779342600,VIX,VIX,M5,Bid,19.88,19.88,19.87,19.88,19,20,0,MT5_PY_API_UNIX_SECONDS,UNRESOLVED_REQUIRES_MANUAL_BINDING
1779342600,1779342900,VIX,VIX,M5,Bid,19.88,19.88,19.87,19.87,2,20,0,MT5_PY_API_UNIX_SECONDS,UNRESOLVED_REQUIRES_MANUAL_BINDING
1779342900,1779343200,VIX,VIX,M5,Bid,19.88,19.88,19.87,19.87,2,20,0,MT5_PY_API_UNIX_SECONDS,UNRESOLVED_REQUIRES_MANUAL_BINDING
1779343500,1779343800,VIX,VIX,M5,Bid,19.88,19.88,19.87,19.87,3,20,0,MT5_PY_API_UNIX_SECONDS,UNRESOLVED_REQUIRES_MANUAL_BINDING
1779343800,1779344100,VIX,VIX,M5,Bid,19.87,19.87,19.86,19.87,8,20,0,MT5_PY_API_UNIX_SECONDS,UNRESOLVED_REQUIRES_MANUAL_BINDING
1779344100,1779344400,VIX,VIX,M5,Bid,19.86,19.87,19.82,19.82,21,20,0,MT5_PY_API_UNIX_SECONDS,UNRESOLVED_REQUIRES_MANUAL_BINDING
1779344700,1779345000,VIX,VIX,M5,Bid,19.82,19.83,19.81,19.83,17,20,0,MT5_PY_API_UNIX_SECONDS,UNRESOLVED_REQUIRES_MANUAL_BINDING
1779345000,1779345300,VIX,VIX,M5,Bid,19.83,19.83,19.83,19.83,4,21,0,MT5_PY_API_UNIX_SECONDS,UNRESOLVED_REQUIRES_MANUAL_BINDING
1779345300,1779345600,VIX,VIX,M5,Bid,19.83,19.86,19.83,19.86,7,21,0,MT5_PY_API_UNIX_SECONDS,UNRESOLVED_REQUIRES_MANUAL_BINDING
1779345600,1779345900,VIX,VIX,M5,Bid,19.85,19.86,19.83,19.84,13,20,0,MT5_PY_API_UNIX_SECONDS,UNRESOLVED_REQUIRES_MANUAL_BINDING
1779345900,1779346200,VIX,VIX,M5,Bid,19.85,19.86,19.84,19.86,7,20,0,MT5_PY_API_UNIX_SECONDS,UNRESOLVED_REQUIRES_MANUAL_BINDING
1779346200,1779346500,VIX,VIX,M5,Bid,19.87,19.87,19.86,19.86,2,20,0,MT5_PY_API_UNIX_SECONDS,UNRESOLVED_REQUIRES_MANUAL_BINDING
1779347100,1779347400,VIX,VIX,M5,Bid,19.85,19.86,19.83,19.83,13,20,0,MT5_PY_API_UNIX_SECONDS,UNRESOLVED_REQUIRES_MANUAL_BINDING
1779347700,1779348000,VIX,VIX,M5,Bid,19.83,19.83,19.82,19.82,7,20,0,MT5_PY_API_UNIX_SECONDS,UNRESOLVED_REQUIRES_MANUAL_BINDING
1779348300,1779348600,VIX,VIX,M5,Bid,19.83,19.83,19.82,19.82,2,20,0,MT5_PY_API_UNIX_SECONDS,UNRESOLVED_REQUIRES_MANUAL_BINDING
1779348600,1779348900,VIX,VIX,M5,Bid,19.83,19.83,19.82,19.82,6,20,0,MT5_PY_API_UNIX_SECONDS,UNRESOLVED_REQUIRES_MANUAL_BINDING
1779348900,1779349200,VIX,VIX,M5,Bid,19.83,19.85,19.83,19.83,5,20,0,MT5_PY_API_UNIX_SECONDS,UNRESOLVED_REQUIRES_MANUAL_BINDING
1779349200,1779349500,VIX,VIX,M5,Bid,19.83,19.83,19.82,19.83,9,20,0,MT5_PY_API_UNIX_SECONDS,UNRESOLVED_REQUIRES_MANUAL_BINDING
1779349500,1779349800,VIX,VIX,M5,Bid,19.82,19.83,19.82,19.83,8,20,0,MT5_PY_API_UNIX_SECONDS,UNRESOLVED_REQUIRES_MANUAL_BINDING
1779349800,1779350100,VIX,VIX,M5,Bid,19.82,19.83,19.82,19.82,3,20,0,MT5_PY_API_UNIX_SECONDS,UNRESOLVED_REQUIRES_MANUAL_BINDING
1779350100,1779350400,VIX,VIX,M5,Bid,19.83,19.83,19.82,19.83,3,20,0,MT5_PY_API_UNIX_SECONDS,UNRESOLVED_REQUIRES_MANUAL_BINDING
1779350400,1779350700,VIX,VIX,M5,Bid,19.82,19.83,19.82,19.82,7,20,0,MT5_PY_API_UNIX_SECONDS,UNRESOLVED_REQUIRES_MANUAL_BINDING
1779350700,1779351000,VIX,VIX,M5,Bid,19.83,19.83,19.82,19.82,18,20,0,MT5_PY_API_UNIX_SECONDS,UNRESOLVED_REQUIRES_MANUAL_BINDING
1779351000,1779351300,VIX,VIX,M5,Bid,19.83,19.83,19.82,19.82,20,20,0,MT5_PY_API_UNIX_SECONDS,UNRESOLVED_REQUIRES_MANUAL_BINDING
1779351300,1779351600,VIX,VIX,M5,Bid,19.83,19.83,19.82,19.82,8,20,0,MT5_PY_API_UNIX_SECONDS,UNRESOLVED_REQUIRES_MANUAL_BINDING
1779351600,1779351900,VIX,VIX,M5,Bid,19.83,19.83,19.82,19.82,2,20,0,MT5_PY_API_UNIX_SECONDS,UNRESOLVED_REQUIRES_MANUAL_BINDING
1779351900,1779352200,VIX,VIX,M5,Bid,19.83,19.83,19.82,19.82,14,20,0,MT5_PY_API_UNIX_SECONDS,UNRESOLVED_REQUIRES_MANUAL_BINDING
1779352200,1779352500,VIX,VIX,M5,Bid,19.83,19.87,19.83,19.86,22,20,0,MT5_PY_API_UNIX_SECONDS,UNRESOLVED_REQUIRES_MANUAL_BINDING
1779352500,1779352800,VIX,VIX,M5,Bid,19.87,19.87,19.83,19.83,3,20,0,MT5_PY_API_UNIX_SECONDS,UNRESOLVED_REQUIRES_MANUAL_BINDING
1779352800,1779353100,VIX,VIX,M5,Bid,19.84,19.86,19.83,19.83,5,20,0,MT5_PY_API_UNIX_SECONDS,UNRESOLVED_REQUIRES_MANUAL_BINDING
1779353100,1779353400,VIX,VIX,M5,Bid,19.85,19.92,19.85,19.87,42,20,0,MT5_PY_API_UNIX_SECONDS,UNRESOLVED_REQUIRES_MANUAL_BINDING
1779353400,1779353700,VIX,VIX,M5,Bid,19.88,19.88,19.86,19.86,17,20,0,MT5_PY_API_UNIX_SECONDS,UNRESOLVED_REQUIRES_MANUAL_BINDING
1779353700,1779354000,VIX,VIX,M5,Bid,19.87,19.87,19.86,19.87,29,20,0,MT5_PY_API_UNIX_SECONDS,UNRESOLVED_REQUIRES_MANUAL_BINDING
1779354000,1779354300,VIX,VIX,M5,Bid,19.88,19.88,19.86,19.86,17,20,0,MT5_PY_API_UNIX_SECONDS,UNRESOLVED_REQUIRES_MANUAL_BINDING
1779354300,1779354600,VIX,VIX,M5,Bid,19.82,19.83,19.82,19.83,4,20,0,MT5_PY_API_UNIX_SECONDS,UNRESOLVED_REQUIRES_MANUAL_BINDING
1779354600,1779354900,VIX,VIX,M5,Bid,19.83,19.88,19.83,19.87,12,20,0,MT5_PY_API_UNIX_SECONDS,UNRESOLVED_REQUIRES_MANUAL_BINDING
1779354900,1779355200,VIX,VIX,M5,Bid,19.88,19.88,19.87,19.87,12,20,0,MT5_PY_API_UNIX_SECONDS,UNRESOLVED_REQUIRES_MANUAL_BINDING
1779355200,1779355500,VIX,VIX,M5,Bid,19.87,19.87,19.81,19.83,43,20,0,MT5_PY_API_UNIX_SECONDS,UNRESOLVED_REQUIRES_MANUAL_BINDING
1779355500,1779355800,VIX,VIX,M5,Bid,19.83,19.87,19.83,19.86,4,20,0,MT5_PY_API_UNIX_SECONDS,UNRESOLVED_REQUIRES_MANUAL_BINDING
1779355800,1779356100,VIX,VIX,M5,Bid,19.87,19.87,19.86,19.86,2,20,0,MT5_PY_API_UNIX_SECONDS,UNRESOLVED_REQUIRES_MANUAL_BINDING
1779356100,1779356400,VIX,VIX,M5,Bid,19.87,19.87,19.86,19.87,3,20,0,MT5_PY_API_UNIX_SECONDS,UNRESOLVED_REQUIRES_MANUAL_BINDING
1779356400,1779356700,VIX,VIX,M5,Bid,19.88,19.97,19.87,19.97,29,20,0,MT5_PY_API_UNIX_SECONDS,UNRESOLVED_REQUIRES_MANUAL_BINDING
1779356700,1779357000,VIX,VIX,M5,Bid,19.96,19.99,19.96,19.98,8,21,0,MT5_PY_API_UNIX_SECONDS,UNRESOLVED_REQUIRES_MANUAL_BINDING
1779357000,1779357300,VIX,VIX,M5,Bid,20.0,20.0,19.96,19.97,14,20,0,MT5_PY_API_UNIX_SECONDS,UNRESOLVED_REQUIRES_MANUAL_BINDING
1779357300,1779357600,VIX,VIX,M5,Bid,19.96,19.97,19.93,19.93,21,20,0,MT5_PY_API_UNIX_SECONDS,UNRESOLVED_REQUIRES_MANUAL_BINDING
1779357600,1779357900,VIX,VIX,M5,Bid,19.95,19.96,19.91,19.92,45,20,0,MT5_PY_API_UNIX_SECONDS,UNRESOLVED_REQUIRES_MANUAL_BINDING
1779357900,1779358200,VIX,VIX,M5,Bid,19.93,19.93,19.92,19.92,10,20,0,MT5_PY_API_UNIX_SECONDS,UNRESOLVED_REQUIRES_MANUAL_BINDING
1779358200,1779358500,VIX,VIX,M5,Bid,19.93,19.96,19.92,19.93,21,20,0,MT5_PY_API_UNIX_SECONDS,UNRESOLVED_REQUIRES_MANUAL_BINDING
1779358500,1779358800,VIX,VIX,M5,Bid,19.95,19.98,19.95,19.97,41,20,0,MT5_PY_API_UNIX_SECONDS,UNRESOLVED_REQUIRES_MANUAL_BINDING
1779358800,1779359100,VIX,VIX,M5,Bid,19.98,19.98,19.96,19.97,43,20,0,MT5_PY_API_UNIX_SECONDS,UNRESOLVED_REQUIRES_MANUAL_BINDING
1779359100,1779359400,VIX,VIX,M5,Bid,19.98,19.98,19.97,19.97,4,20,0,MT5_PY_API_UNIX_SECONDS,UNRESOLVED_REQUIRES_MANUAL_BINDING
1779359400,1779359700,VIX,VIX,M5,Bid,19.98,19.98,19.97,19.97,4,20,0,MT5_PY_API_UNIX_SECONDS,UNRESOLVED_REQUIRES_MANUAL_BINDING
1779359700,1779360000,VIX,VIX,M5,Bid,19.98,19.98,19.92,19.92,9,20,0,MT5_PY_API_UNIX_SECONDS,UNRESOLVED_REQUIRES_MANUAL_BINDING
1779360300,1779360600,VIX,VIX,M5,Bid,19.93,19.93,19.92,19.92,8,20,0,MT5_PY_API_UNIX_SECONDS,UNRESOLVED_REQUIRES_MANUAL_BINDING
1779360600,1779360900,VIX,VIX,M5,Bid,19.92,19.92,19.92,19.92,1,21,0,MT5_PY_API_UNIX_SECONDS,UNRESOLVED_REQUIRES_MANUAL_BINDING
1779360900,1779361200,VIX,VIX,M5,Bid,19.91,19.92,19.91,19.92,2,21,0,MT5_PY_API_UNIX_SECONDS,UNRESOLVED_REQUIRES_MANUAL_BINDING
1779361200,1779361500,VIX,VIX,M5,Bid,19.91,19.93,19.82,19.82,39,20,0,MT5_PY_API_UNIX_SECONDS,UNRESOLVED_REQUIRES_MANUAL_BINDING
1779361500,1779361800,VIX,VIX,M5,Bid,19.83,19.86,19.81,19.83,28,20,0,MT5_PY_API_UNIX_SECONDS,UNRESOLVED_REQUIRES_MANUAL_BINDING
1779361800,1779362100,VIX,VIX,M5,Bid,19.83,19.83,19.78,19.82,23,20,0,MT5_PY_API_UNIX_SECONDS,UNRESOLVED_REQUIRES_MANUAL_BINDING
1779362100,1779362400,VIX,VIX,M5,Bid,19.82,19.86,19.78,19.86,69,20,0,MT5_PY_API_UNIX_SECONDS,UNRESOLVED_REQUIRES_MANUAL_BINDING
1779362400,1779362700,VIX,VIX,M5,Bid,19.87,19.87,19.85,19.86,15,20,0,MT5_PY_API_UNIX_SECONDS,UNRESOLVED_REQUIRES_MANUAL_BINDING
1779362700,1779363000,VIX,VIX,M5,Bid,19.87,19.87,19.81,19.82,30,20,0,MT5_PY_API_UNIX_SECONDS,UNRESOLVED_REQUIRES_MANUAL_BINDING
1779363000,1779363300,VIX,VIX,M5,Bid,19.83,19.84,19.82,19.83,48,20,0,MT5_PY_API_UNIX_SECONDS,UNRESOLVED_REQUIRES_MANUAL_BINDING
1779363300,1779363600,VIX,VIX,M5,Bid,19.82,19.87,19.82,19.86,52,20,0,MT5_PY_API_UNIX_SECONDS,UNRESOLVED_REQUIRES_MANUAL_BINDING
1779363600,1779363900,VIX,VIX,M5,Bid,19.85,19.86,19.82,19.82,34,20,0,MT5_PY_API_UNIX_SECONDS,UNRESOLVED_REQUIRES_MANUAL_BINDING
1779363900,1779364200,VIX,VIX,M5,Bid,19.83,19.86,19.82,19.82,45,20,0,MT5_PY_API_UNIX_SECONDS,UNRESOLVED_REQUIRES_MANUAL_BINDING
1779364200,1779364500,VIX,VIX,M5,Bid,19.83,19.86,19.81,19.82,29,20,0,MT5_PY_API_UNIX_SECONDS,UNRESOLVED_REQUIRES_MANUAL_BINDING
1779364500,1779364800,VIX,VIX,M5,Bid,19.82,19.82,19.82,19.82,1,21,0,MT5_PY_API_UNIX_SECONDS,UNRESOLVED_REQUIRES_MANUAL_BINDING
1779364800,1779365100,VIX,VIX,M5,Bid,19.81,19.82,19.81,19.82,10,20,0,MT5_PY_API_UNIX_SECONDS,UNRESOLVED_REQUIRES_MANUAL_BINDING
1779365100,1779365400,VIX,VIX,M5,Bid,19.82,19.82,19.77,19.78,41,20,0,MT5_PY_API_UNIX_SECONDS,UNRESOLVED_REQUIRES_MANUAL_BINDING
1779365400,1779365700,VIX,VIX,M5,Bid,19.78,19.81,19.77,19.81,10,20,0,MT5_PY_API_UNIX_SECONDS,UNRESOLVED_REQUIRES_MANUAL_BINDING
1779365700,1779366000,VIX,VIX,M5,Bid,19.8,19.82,19.78,19.81,28,20,0,MT5_PY_API_UNIX_SECONDS,UNRESOLVED_REQUIRES_MANUAL_BINDING
1779366000,1779366300,VIX,VIX,M5,Bid,19.8,19.81,19.78,19.78,39,20,0,MT5_PY_API_UNIX_SECONDS,UNRESOLVED_REQUIRES_MANUAL_BINDING
1779366300,1779366600,VIX,VIX,M5,Bid,19.79,19.81,19.77,19.78,16,20,0,MT5_PY_API_UNIX_SECONDS,UNRESOLVED_REQUIRES_MANUAL_BINDING
1779366600,1779366900,VIX,VIX,M5,Bid,19.78,19.82,19.77,19.81,23,20,0,MT5_PY_API_UNIX_SECONDS,UNRESOLVED_REQUIRES_MANUAL_BINDING
1779366900,1779367200,VIX,VIX,M5,Bid,19.78,19.82,19.78,19.82,12,20,0,MT5_PY_API_UNIX_SECONDS,UNRESOLVED_REQUIRES_MANUAL_BINDING
1779367200,1779367500,VIX,VIX,M5,Bid,19.82,19.83,19.81,19.82,15,20,0,MT5_PY_API_UNIX_SECONDS,UNRESOLVED_REQUIRES_MANUAL_BINDING
1779367500,1779367800,VIX,VIX,M5,Bid,19.83,19.83,19.82,19.83,28,20,0,MT5_PY_API_UNIX_SECONDS,UNRESOLVED_REQUIRES_MANUAL_BINDING
1779367800,1779368100,VIX,VIX,M5,Bid,19.83,19.83,19.82,19.82,12,20,0,MT5_PY_API_UNIX_SECONDS,UNRESOLVED_REQUIRES_MANUAL_BINDING
1779368100,1779368400,VIX,VIX,M5,Bid,19.83,19.83,19.82,19.82,3,20,0,MT5_PY_API_UNIX_SECONDS,UNRESOLVED_REQUIRES_MANUAL_BINDING
1779368400,1779368700,VIX,VIX,M5,Bid,19.82,19.82,19.81,19.82,4,20,0,MT5_PY_API_UNIX_SECONDS,UNRESOLVED_REQUIRES_MANUAL_BINDING
1779368700,1779369000,VIX,VIX,M5,Bid,19.82,19.82,19.81,19.81,7,20,0,MT5_PY_API_UNIX_SECONDS,UNRESOLVED_REQUIRES_MANUAL_BINDING
1779369000,1779369300,VIX,VIX,M5,Bid,19.81,19.81,19.77,19.81,11,20,0,MT5_PY_API_UNIX_SECONDS,UNRESOLVED_REQUIRES_MANUAL_BINDING
1779369300,1779369600,VIX,VIX,M5,Bid,19.82,19.82,19.81,19.81,4,20,0,MT5_PY_API_UNIX_SECONDS,UNRESOLVED_REQUIRES_MANUAL_BINDING
1779369600,1779369900,VIX,VIX,M5,Bid,19.82,19.82,19.81,19.82,23,20,0,MT5_PY_API_UNIX_SECONDS,UNRESOLVED_REQUIRES_MANUAL_BINDING
1779369900,1779370200,VIX,VIX,M5,Bid,19.81,20.02,19.81,19.98,213,20,0,MT5_PY_API_UNIX_SECONDS,UNRESOLVED_REQUIRES_MANUAL_BINDING
1779370200,1779370500,VIX,VIX,M5,Bid,19.99,20.07,19.97,19.97,126,20,0,MT5_PY_API_UNIX_SECONDS,UNRESOLVED_REQUIRES_MANUAL_BINDING
1779370500,1779370800,VIX,VIX,M5,Bid,19.97,20.07,19.96,20.07,70,20,0,MT5_PY_API_UNIX_SECONDS,UNRESOLVED_REQUIRES_MANUAL_BINDING
1779370800,1779371100,VIX,VIX,M5,Bid,20.08,20.13,20.03,20.03,119,20,0,MT5_PY_API_UNIX_SECONDS,UNRESOLVED_REQUIRES_MANUAL_BINDING
1779371100,1779371400,VIX,VIX,M5,Bid,20.03,20.11,20.02,20.06,66,20,0,MT5_PY_API_UNIX_SECONDS,UNRESOLVED_REQUIRES_MANUAL_BINDING
1779371400,1779371700,VIX,VIX,M5,Bid,20.07,20.12,20.03,20.03,80,20,0,MT5_PY_API_UNIX_SECONDS,UNRESOLVED_REQUIRES_MANUAL_BINDING
1779371700,1779372000,VIX,VIX,M5,Bid,20.03,20.08,20.02,20.06,89,20,0,MT5_PY_API_UNIX_SECONDS,UNRESOLVED_REQUIRES_MANUAL_BINDING
1779372000,1779372300,VIX,VIX,M5,Bid,20.07,20.08,19.97,20.02,58,20,0,MT5_PY_API_UNIX_SECONDS,UNRESOLVED_REQUIRES_MANUAL_BINDING
1779372300,1779372600,VIX,VIX,M5,Bid,20.01,20.05,20.01,20.02,31,20,0,MT5_PY_API_UNIX_SECONDS,UNRESOLVED_REQUIRES_MANUAL_BINDING
1779372600,1779372900,VIX,VIX,M5,Bid,20.02,20.02,19.97,20.02,34,20,0,MT5_PY_API_UNIX_SECONDS,UNRESOLVED_REQUIRES_MANUAL_BINDING
1779372900,1779373200,VIX,VIX,M5,Bid,20.02,20.02,19.98,20.02,16,20,0,MT5_PY_API_UNIX_SECONDS,UNRESOLVED_REQUIRES_MANUAL_BINDING
1779373200,1779373500,VIX,VIX,M5,Bid,20.02,20.07,19.98,20.03,53,20,0,MT5_PY_API_UNIX_SECONDS,UNRESOLVED_REQUIRES_MANUAL_BINDING
1779373500,1779373800,VIX,VIX,M5,Bid,20.05,20.05,20.03,20.03,4,20,0,MT5_PY_API_UNIX_SECONDS,UNRESOLVED_REQUIRES_MANUAL_BINDING
1779373800,1779374100,VIX,VIX,M5,Bid,20.03,20.07,20.02,20.06,11,20,0,MT5_PY_API_UNIX_SECONDS,UNRESOLVED_REQUIRES_MANUAL_BINDING
1779374100,1779374400,VIX,VIX,M5,Bid,20.05,20.08,20.03,20.06,37,20,0,MT5_PY_API_UNIX_SECONDS,UNRESOLVED_REQUIRES_MANUAL_BINDING
1779374400,1779374700,VIX,VIX,M5,Bid,20.07,20.07,20.03,20.07,62,20,0,MT5_PY_API_UNIX_SECONDS,UNRESOLVED_REQUIRES_MANUAL_BINDING
1779374700,1779375000,VIX,VIX,M5,Bid,20.07,20.07,20.03,20.03,32,20,0,MT5_PY_API_UNIX_SECONDS,UNRESOLVED_REQUIRES_MANUAL_BINDING
1779375000,1779375300,VIX,VIX,M5,Bid,20.04,20.06,20.02,20.03,19,20,0,MT5_PY_API_UNIX_SECONDS,UNRESOLVED_REQUIRES_MANUAL_BINDING
1779375300,1779375600,VIX,VIX,M5,Bid,20.04,20.07,20.04,20.06,30,20,0,MT5_PY_API_UNIX_SECONDS,UNRESOLVED_REQUIRES_MANUAL_BINDING
1779375600,1779375900,VIX,VIX,M5,Bid,20.03,20.07,20.03,20.06,21,20,0,MT5_PY_API_UNIX_SECONDS,UNRESOLVED_REQUIRES_MANUAL_BINDING
1779375900,1779376200,VIX,VIX,M5,Bid,20.07,20.08,20.06,20.07,29,20,0,MT5_PY_API_UNIX_SECONDS,UNRESOLVED_REQUIRES_MANUAL_BINDING
1779376200,1779376500,VIX,VIX,M5,Bid,20.08,20.08,20.07,20.07,11,20,0,MT5_PY_API_UNIX_SECONDS,UNRESOLVED_REQUIRES_MANUAL_BINDING
1779376500,1779376800,VIX,VIX,M5,Bid,20.07,20.08,20.02,20.02,17,20,0,MT5_PY_API_UNIX_SECONDS,UNRESOLVED_REQUIRES_MANUAL_BINDING
1779376800,1779377100,VIX,VIX,M5,Bid,20.03,20.08,20.03,20.07,29,20,0,MT5_PY_API_UNIX_SECONDS,UNRESOLVED_REQUIRES_MANUAL_BINDING
1779377100,1779377400,VIX,VIX,M5,Bid,20.06,20.07,20.06,20.07,32,20,0,MT5_PY_API_UNIX_SECONDS,UNRESOLVED_REQUIRES_MANUAL_BINDING
1779377400,1779377700,VIX,VIX,M5,Bid,20.06,20.08,19.97,20.01,73,20,0,MT5_PY_API_UNIX_SECONDS,UNRESOLVED_REQUIRES_MANUAL_BINDING
1779377700,1779378000,VIX,VIX,M5,Bid,20.02,20.06,20.01,20.06,66,20,0,MT5_PY_API_UNIX_SECONDS,UNRESOLVED_REQUIRES_MANUAL_BINDING
1779378000,1779378300,VIX,VIX,M5,Bid,20.04,20.07,20.03,20.03,47,20,0,MT5_PY_API_UNIX_SECONDS,UNRESOLVED_REQUIRES_MANUAL_BINDING
1779378300,1779378600,VIX,VIX,M5,Bid,20.03,20.07,20.03,20.06,30,20,0,MT5_PY_API_UNIX_SECONDS,UNRESOLVED_REQUIRES_MANUAL_BINDING
1779378600,1779378900,VIX,VIX,M5,Bid,20.07,20.07,20.03,20.05,54,20,0,MT5_PY_API_UNIX_SECONDS,UNRESOLVED_REQUIRES_MANUAL_BINDING
1779378900,1779379200,VIX,VIX,M5,Bid,20.03,20.08,20.03,20.08,16,20,0,MT5_PY_API_UNIX_SECONDS,UNRESOLVED_REQUIRES_MANUAL_BINDING
1779379200,1779379500,VIX,VIX,M5,Bid,20.11,20.12,20.03,20.03,75,20,0,MT5_PY_API_UNIX_SECONDS,UNRESOLVED_REQUIRES_MANUAL_BINDING
1779379500,1779379800,VIX,VIX,M5,Bid,20.02,20.08,20.02,20.08,49,20,0,MT5_PY_API_UNIX_SECONDS,UNRESOLVED_REQUIRES_MANUAL_BINDING
1779379800,1779380100,VIX,VIX,M5,Bid,20.11,20.11,20.07,20.07,18,20,0,MT5_PY_API_UNIX_SECONDS,UNRESOLVED_REQUIRES_MANUAL_BINDING
1779380100,1779380400,VIX,VIX,M5,Bid,20.08,20.08,20.07,20.07,6,20,0,MT5_PY_API_UNIX_SECONDS,UNRESOLVED_REQUIRES_MANUAL_BINDING
1779380400,1779380700,VIX,VIX,M5,Bid,20.07,20.07,20.03,20.07,37,20,0,MT5_PY_API_UNIX_SECONDS,UNRESOLVED_REQUIRES_MANUAL_BINDING
1779380700,1779381000,VIX,VIX,M5,Bid,20.06,20.08,20.06,20.07,47,20,0,MT5_PY_API_UNIX_SECONDS,UNRESOLVED_REQUIRES_MANUAL_BINDING
1779381000,1779381300,VIX,VIX,M5,Bid,20.06,20.16,20.06,20.07,154,20,0,MT5_PY_API_UNIX_SECONDS,UNRESOLVED_REQUIRES_MANUAL_BINDING
1779381300,1779381600,VIX,VIX,M5,Bid,20.08,20.11,20.03,20.06,142,20,0,MT5_PY_API_UNIX_SECONDS,UNRESOLVED_REQUIRES_MANUAL_BINDING
1779381600,1779381900,VIX,VIX,M5,Bid,20.05,20.07,20.02,20.06,65,20,0,MT5_PY_API_UNIX_SECONDS,UNRESOLVED_REQUIRES_MANUAL_BINDING
1779381900,1779382200,VIX,VIX,M5,Bid,20.03,20.07,19.97,20.02,106,20,0,MT5_PY_API_UNIX_SECONDS,UNRESOLVED_REQUIRES_MANUAL_BINDING
1779382200,1779382500,VIX,VIX,M5,Bid,20.01,20.02,19.86,19.87,174,20,0,MT5_PY_API_UNIX_SECONDS,UNRESOLVED_REQUIRES_MANUAL_BINDING
1779382500,1779382800,VIX,VIX,M5,Bid,19.87,19.92,19.83,19.88,176,20,0,MT5_PY_API_UNIX_SECONDS,UNRESOLVED_REQUIRES_MANUAL_BINDING
1779382800,1779383100,VIX,VIX,M5,Bid,19.87,20.01,19.87,19.98,126,20,0,MT5_PY_API_UNIX_SECONDS,UNRESOLVED_REQUIRES_MANUAL_BINDING
1779383100,1779383400,VIX,VIX,M5,Bid,19.99,20.01,19.91,19.91,67,20,0,MT5_PY_API_UNIX_SECONDS,UNRESOLVED_REQUIRES_MANUAL_BINDING
1779383400,1779383700,VIX,VIX,M5,Bid,19.92,19.97,19.87,19.93,63,20,0,MT5_PY_API_UNIX_SECONDS,UNRESOLVED_REQUIRES_MANUAL_BINDING
1779383700,1779384000,VIX,VIX,M5,Bid,19.96,20.01,19.92,19.96,191,20,0,MT5_PY_API_UNIX_SECONDS,UNRESOLVED_REQUIRES_MANUAL_BINDING
1779384000,1779384300,VIX,VIX,M5,Bid,19.97,20.07,19.96,20.06,188,20,0,MT5_PY_API_UNIX_SECONDS,UNRESOLVED_REQUIRES_MANUAL_BINDING
1779384300,1779384600,VIX,VIX,M5,Bid,20.07,20.07,20.01,20.01,129,20,0,MT5_PY_API_UNIX_SECONDS,UNRESOLVED_REQUIRES_MANUAL_BINDING
1779384600,1779384900,VIX,VIX,M5,Bid,20.02,20.02,19.87,19.92,104,20,0,MT5_PY_API_UNIX_SECONDS,UNRESOLVED_REQUIRES_MANUAL_BINDING
1779384900,1779385200,VIX,VIX,M5,Bid,19.92,19.92,19.87,19.87,40,20,0,MT5_PY_API_UNIX_SECONDS,UNRESOLVED_REQUIRES_MANUAL_BINDING
1779385200,1779385500,VIX,VIX,M5,Bid,19.91,19.97,19.91,19.92,55,20,0,MT5_PY_API_UNIX_SECONDS,UNRESOLVED_REQUIRES_MANUAL_BINDING
1779385500,1779385800,VIX,VIX,M5,Bid,19.93,19.97,19.87,19.93,87,20,0,MT5_PY_API_UNIX_SECONDS,UNRESOLVED_REQUIRES_MANUAL_BINDING
1779385800,1779386100,VIX,VIX,M5,Bid,19.92,19.97,19.87,19.87,84,20,0,MT5_PY_API_UNIX_SECONDS,UNRESOLVED_REQUIRES_MANUAL_BINDING
1779386100,1779386400,VIX,VIX,M5,Bid,19.83,19.87,19.83,19.86,27,20,0,MT5_PY_API_UNIX_SECONDS,UNRESOLVED_REQUIRES_MANUAL_BINDING
1779386400,1779386700,VIX,VIX,M5,Bid,19.83,19.87,19.82,19.83,82,20,0,MT5_PY_API_UNIX_SECONDS,UNRESOLVED_REQUIRES_MANUAL_BINDING
1779386700,1779387000,VIX,VIX,M5,Bid,19.85,19.91,19.83,19.87,95,20,0,MT5_PY_API_UNIX_SECONDS,UNRESOLVED_REQUIRES_MANUAL_BINDING
1779387000,1779387300,VIX,VIX,M5,Bid,19.88,19.91,19.72,19.77,59,20,0,MT5_PY_API_UNIX_SECONDS,UNRESOLVED_REQUIRES_MANUAL_BINDING
1779387300,1779387600,VIX,VIX,M5,Bid,19.78,19.82,19.77,19.78,30,20,0,MT5_PY_API_UNIX_SECONDS,UNRESOLVED_REQUIRES_MANUAL_BINDING
1779387600,1779387900,VIX,VIX,M5,Bid,19.8,19.82,19.73,19.77,49,20,0,MT5_PY_API_UNIX_SECONDS,UNRESOLVED_REQUIRES_MANUAL_BINDING
1779387900,1779388200,VIX,VIX,M5,Bid,19.77,19.77,19.76,19.77,103,20,0,MT5_PY_API_UNIX_SECONDS,UNRESOLVED_REQUIRES_MANUAL_BINDING
1779388200,1779388500,VIX,VIX,M5,Bid,19.76,19.82,19.76,19.78,35,20,0,MT5_PY_API_UNIX_SECONDS,UNRESOLVED_REQUIRES_MANUAL_BINDING
1779388500,1779388800,VIX,VIX,M5,Bid,19.81,19.81,19.72,19.72,64,20,0,MT5_PY_API_UNIX_SECONDS,UNRESOLVED_REQUIRES_MANUAL_BINDING
1779388800,1779389100,VIX,VIX,M5,Bid,19.73,19.73,19.72,19.72,57,20,0,MT5_PY_API_UNIX_SECONDS,UNRESOLVED_REQUIRES_MANUAL_BINDING
1779389100,1779389400,VIX,VIX,M5,Bid,19.71,19.71,19.67,19.67,19,20,0,MT5_PY_API_UNIX_SECONDS,UNRESOLVED_REQUIRES_MANUAL_BINDING
1779389400,1779389700,VIX,VIX,M5,Bid,19.68,19.68,19.67,19.67,29,20,0,MT5_PY_API_UNIX_SECONDS,UNRESOLVED_REQUIRES_MANUAL_BINDING
1779389700,1779390000,VIX,VIX,M5,Bid,19.68,19.71,19.67,19.68,30,20,0,MT5_PY_API_UNIX_SECONDS,UNRESOLVED_REQUIRES_MANUAL_BINDING
1779390000,1779390300,VIX,VIX,M5,Bid,19.68,19.68,19.62,19.62,68,20,0,MT5_PY_API_UNIX_SECONDS,UNRESOLVED_REQUIRES_MANUAL_BINDING
1779390300,1779390600,VIX,VIX,M5,Bid,19.63,19.63,19.62,19.62,22,20,0,MT5_PY_API_UNIX_SECONDS,UNRESOLVED_REQUIRES_MANUAL_BINDING
1779390600,1779390900,VIX,VIX,M5,Bid,19.58,19.63,19.57,19.62,62,20,0,MT5_PY_API_UNIX_SECONDS,UNRESOLVED_REQUIRES_MANUAL_BINDING
1779390900,1779391200,VIX,VIX,M5,Bid,19.63,19.63,19.61,19.62,42,20,0,MT5_PY_API_UNIX_SECONDS,UNRESOLVED_REQUIRES_MANUAL_BINDING
1779391200,1779391500,VIX,VIX,M5,Bid,19.62,19.67,19.61,19.61,44,20,0,MT5_PY_API_UNIX_SECONDS,UNRESOLVED_REQUIRES_MANUAL_BINDING
1779391500,1779391800,VIX,VIX,M5,Bid,19.62,19.62,19.62,19.62,1,21,0,MT5_PY_API_UNIX_SECONDS,UNRESOLVED_REQUIRES_MANUAL_BINDING
1779392100,1779392400,VIX,VIX,M5,Bid,19.63,19.67,19.63,19.63,50,20,0,MT5_PY_API_UNIX_SECONDS,UNRESOLVED_REQUIRES_MANUAL_BINDING
1779392400,1779392700,VIX,VIX,M5,Bid,19.62,19.62,19.58,19.58,3,21,0,MT5_PY_API_UNIX_SECONDS,UNRESOLVED_REQUIRES_MANUAL_BINDING
1779392700,1779393000,VIX,VIX,M5,Bid,19.58,19.66,19.58,19.66,50,20,0,MT5_PY_API_UNIX_SECONDS,UNRESOLVED_REQUIRES_MANUAL_BINDING
1779393000,1779393300,VIX,VIX,M5,Bid,19.67,19.67,19.62,19.62,40,20,0,MT5_PY_API_UNIX_SECONDS,UNRESOLVED_REQUIRES_MANUAL_BINDING
1779393300,1779393600,VIX,VIX,M5,Bid,19.63,19.63,19.62,19.62,14,20,0,MT5_PY_API_UNIX_SECONDS,UNRESOLVED_REQUIRES_MANUAL_BINDING
1779393600,1779393900,VIX,VIX,M5,Bid,19.63,19.66,19.62,19.63,21,20,0,MT5_PY_API_UNIX_SECONDS,UNRESOLVED_REQUIRES_MANUAL_BINDING
1779393900,1779394200,VIX,VIX,M5,Bid,19.63,19.63,19.62,19.62,20,20,0,MT5_PY_API_UNIX_SECONDS,UNRESOLVED_REQUIRES_MANUAL_BINDING
1779394200,1779394500,VIX,VIX,M5,Bid,19.61,19.61,19.48,19.56,198,20,0,MT5_PY_API_UNIX_SECONDS,UNRESOLVED_REQUIRES_MANUAL_BINDING
1779394500,1779394800,VIX,VIX,M5,Bid,19.57,19.57,19.46,19.47,122,20,0,MT5_PY_API_UNIX_SECONDS,UNRESOLVED_REQUIRES_MANUAL_BINDING
1779394800,1779395100,VIX,VIX,M5,Bid,19.47,19.47,19.42,19.46,116,20,0,MT5_PY_API_UNIX_SECONDS,UNRESOLVED_REQUIRES_MANUAL_BINDING
1779395100,1779395400,VIX,VIX,M5,Bid,19.43,19.46,19.42,19.43,24,20,0,MT5_PY_API_UNIX_SECONDS,UNRESOLVED_REQUIRES_MANUAL_BINDING
1779395400,1779395700,VIX,VIX,M5,Bid,19.43,19.47,19.42,19.42,32,20,0,MT5_PY_API_UNIX_SECONDS,UNRESOLVED_REQUIRES_MANUAL_BINDING
1779395700,1779396000,VIX,VIX,M5,Bid,19.38,19.41,19.37,19.38,42,20,0,MT5_PY_API_UNIX_SECONDS,UNRESOLVED_REQUIRES_MANUAL_BINDING
1779396000,1779396300,VIX,VIX,M5,Bid,19.38,19.41,19.37,19.38,34,20,0,MT5_PY_API_UNIX_SECONDS,UNRESOLVED_REQUIRES_MANUAL_BINDING
1779396300,1779396600,VIX,VIX,M5,Bid,19.4,19.42,19.38,19.41,26,20,0,MT5_PY_API_UNIX_SECONDS,UNRESOLVED_REQUIRES_MANUAL_BINDING
1779396600,1779396900,VIX,VIX,M5,Bid,19.42,19.42,19.41,19.42,29,20,0,MT5_PY_API_UNIX_SECONDS,UNRESOLVED_REQUIRES_MANUAL_BINDING
1779396900,1779397200,VIX,VIX,M5,Bid,19.42,19.42,19.37,19.37,28,20,0,MT5_PY_API_UNIX_SECONDS,UNRESOLVED_REQUIRES_MANUAL_BINDING
1779397200,1779397500,VIX,VIX,M5,Bid,19.38,19.46,19.37,19.43,117,20,0,MT5_PY_API_UNIX_SECONDS,UNRESOLVED_REQUIRES_MANUAL_BINDING
1779397500,1779397800,VIX,VIX,M5,Bid,19.44,19.47,19.42,19.42,31,20,0,MT5_PY_API_UNIX_SECONDS,UNRESOLVED_REQUIRES_MANUAL_BINDING
1779397800,1779398100,VIX,VIX,M5,Bid,19.43,19.46,19.38,19.41,10,20,0,MT5_PY_API_UNIX_SECONDS,UNRESOLVED_REQUIRES_MANUAL_BINDING
1779398100,1779398400,VIX,VIX,M5,Bid,19.42,19.42,19.38,19.42,12,20,0,MT5_PY_API_UNIX_SECONDS,UNRESOLVED_REQUIRES_MANUAL_BINDING
1779398400,1779398700,VIX,VIX,M5,Bid,19.42,19.42,19.37,19.37,91,20,0,MT5_PY_API_UNIX_SECONDS,UNRESOLVED_REQUIRES_MANUAL_BINDING
1779398700,1779399000,VIX,VIX,M5,Bid,19.38,19.42,19.37,19.42,57,20,0,MT5_PY_API_UNIX_SECONDS,UNRESOLVED_REQUIRES_MANUAL_BINDING
1779399000,1779399300,VIX,VIX,M5,Bid,19.41,19.42,19.37,19.37,20,20,0,MT5_PY_API_UNIX_SECONDS,UNRESOLVED_REQUIRES_MANUAL_BINDING
1779399600,1779399900,VIX,VIX,M5,Bid,19.38,19.42,19.38,19.41,4,20,0,MT5_PY_API_UNIX_SECONDS,UNRESOLVED_REQUIRES_MANUAL_BINDING
1779399900,1779400200,VIX,VIX,M5,Bid,19.42,19.47,19.37,19.43,102,20,0,MT5_PY_API_UNIX_SECONDS,UNRESOLVED_REQUIRES_MANUAL_BINDING
1779400200,1779400500,VIX,VIX,M5,Bid,19.43,19.56,19.38,19.56,141,20,0,MT5_PY_API_UNIX_SECONDS,UNRESOLVED_REQUIRES_MANUAL_BINDING
1779400500,1779400800,VIX,VIX,M5,Bid,19.53,19.57,19.46,19.46,123,20,0,MT5_PY_API_UNIX_SECONDS,UNRESOLVED_REQUIRES_MANUAL_BINDING
1779400800,1779401100,VIX,VIX,M5,Bid,19.44,19.47,19.41,19.41,86,20,0,MT5_PY_API_UNIX_SECONDS,UNRESOLVED_REQUIRES_MANUAL_BINDING
1779401100,1779401400,VIX,VIX,M5,Bid,19.38,19.42,19.36,19.36,104,20,0,MT5_PY_API_UNIX_SECONDS,UNRESOLVED_REQUIRES_MANUAL_BINDING
1779401400,1779401700,VIX,VIX,M5,Bid,19.37,19.37,19.36,19.37,21,20,0,MT5_PY_API_UNIX_SECONDS,UNRESOLVED_REQUIRES_MANUAL_BINDING
1779401700,1779402000,VIX,VIX,M5,Bid,19.33,19.37,19.32,19.36,20,20,0,MT5_PY_API_UNIX_SECONDS,UNRESOLVED_REQUIRES_MANUAL_BINDING
1779402000,1779402300,VIX,VIX,M5,Bid,19.33,19.35,19.32,19.33,16,20,0,MT5_PY_API_UNIX_SECONDS,UNRESOLVED_REQUIRES_MANUAL_BINDING
1779402300,1779402600,VIX,VIX,M5,Bid,19.33,19.37,19.33,19.33,9,20,0,MT5_PY_API_UNIX_SECONDS,UNRESOLVED_REQUIRES_MANUAL_BINDING
1779402600,1779402900,VIX,VIX,M5,Bid,19.33,19.33,19.22,19.26,47,20,0,MT5_PY_API_UNIX_SECONDS,UNRESOLVED_REQUIRES_MANUAL_BINDING
1779402900,1779403200,VIX,VIX,M5,Bid,19.27,19.27,19.18,19.18,37,20,0,MT5_PY_API_UNIX_SECONDS,UNRESOLVED_REQUIRES_MANUAL_BINDING
1779403200,1779403500,VIX,VIX,M5,Bid,19.21,19.22,19.21,19.22,20,20,0,MT5_PY_API_UNIX_SECONDS,UNRESOLVED_REQUIRES_MANUAL_BINDING
1779403500,1779403800,VIX,VIX,M5,Bid,19.26,19.37,19.26,19.32,24,20,0,MT5_PY_API_UNIX_SECONDS,UNRESOLVED_REQUIRES_MANUAL_BINDING
1779403800,1779404100,VIX,VIX,M5,Bid,19.33,19.42,19.26,19.38,56,20,0,MT5_PY_API_UNIX_SECONDS,UNRESOLVED_REQUIRES_MANUAL_BINDING
1779404100,1779404400,VIX,VIX,M5,Bid,19.41,19.41,19.27,19.27,71,20,0,MT5_PY_API_UNIX_SECONDS,UNRESOLVED_REQUIRES_MANUAL_BINDING
1779404400,1779404700,VIX,VIX,M5,Bid,19.28,19.28,19.27,19.27,10,20,0,MT5_PY_API_UNIX_SECONDS,UNRESOLVED_REQUIRES_MANUAL_BINDING
1779404700,1779405000,VIX,VIX,M5,Bid,19.27,19.27,19.26,19.27,4,20,0,MT5_PY_API_UNIX_SECONDS,UNRESOLVED_REQUIRES_MANUAL_BINDING
1779405000,1779405300,VIX,VIX,M5,Bid,19.28,19.32,19.27,19.31,10,20,0,MT5_PY_API_UNIX_SECONDS,UNRESOLVED_REQUIRES_MANUAL_BINDING
1779406200,1779406500,VIX,VIX,M5,Bid,19.32,19.32,19.32,19.32,1,21,0,MT5_PY_API_UNIX_SECONDS,UNRESOLVED_REQUIRES_MANUAL_BINDING
1779406500,1779406800,VIX,VIX,M5,Bid,19.32,19.32,19.32,19.32,2,20,0,MT5_PY_API_UNIX_SECONDS,UNRESOLVED_REQUIRES_MANUAL_BINDING
1779407100,1779407400,VIX,VIX,M5,Bid,19.32,19.32,19.32,19.32,1,20,0,MT5_PY_API_UNIX_SECONDS,UNRESOLVED_REQUIRES_MANUAL_BINDING
1779407400,1779407700,VIX,VIX,M5,Bid,19.32,19.32,19.32,19.32,1,20,0,MT5_PY_API_UNIX_SECONDS,UNRESOLVED_REQUIRES_MANUAL_BINDING
1779407700,1779408000,VIX,VIX,M5,Bid,19.32,19.32,19.31,19.32,11,20,0,MT5_PY_API_UNIX_SECONDS,UNRESOLVED_REQUIRES_MANUAL_BINDING
1779411600,1779411900,VIX,VIX,M5,Bid,19.3,19.3,19.23,19.27,17,20,0,MT5_PY_API_UNIX_SECONDS,UNRESOLVED_REQUIRES_MANUAL_BINDING
1779411900,1779412200,VIX,VIX,M5,Bid,19.26,19.27,19.26,19.27,4,20,0,MT5_PY_API_UNIX_SECONDS,UNRESOLVED_REQUIRES_MANUAL_BINDING
1779412200,1779412500,VIX,VIX,M5,Bid,19.27,19.27,19.26,19.26,4,20,0,MT5_PY_API_UNIX_SECONDS,UNRESOLVED_REQUIRES_MANUAL_BINDING
1779412500,1779412800,VIX,VIX,M5,Bid,19.27,19.28,19.27,19.27,4,20,0,MT5_PY_API_UNIX_SECONDS,UNRESOLVED_REQUIRES_MANUAL_BINDING
1779412800,1779413100,VIX,VIX,M5,Bid,19.27,19.27,19.23,19.23,4,20,0,MT5_PY_API_UNIX_SECONDS,UNRESOLVED_REQUIRES_MANUAL_BINDING
1779413100,1779413400,VIX,VIX,M5,Bid,19.26,19.26,19.26,19.26,1,21,0,MT5_PY_API_UNIX_SECONDS,UNRESOLVED_REQUIRES_MANUAL_BINDING
1779413400,1779413700,VIX,VIX,M5,Bid,19.27,19.27,19.26,19.26,6,20,0,MT5_PY_API_UNIX_SECONDS,UNRESOLVED_REQUIRES_MANUAL_BINDING
1779413700,1779414000,VIX,VIX,M5,Bid,19.27,19.28,19.26,19.27,9,20,0,MT5_PY_API_UNIX_SECONDS,UNRESOLVED_REQUIRES_MANUAL_BINDING
1779414000,1779414300,VIX,VIX,M5,Bid,19.26,19.27,19.26,19.26,14,20,0,MT5_PY_API_UNIX_SECONDS,UNRESOLVED_REQUIRES_MANUAL_BINDING
1779414300,1779414600,VIX,VIX,M5,Bid,19.27,19.27,19.27,19.27,1,20,0,MT5_PY_API_UNIX_SECONDS,UNRESOLVED_REQUIRES_MANUAL_BINDING
1779414600,1779414900,VIX,VIX,M5,Bid,19.26,19.27,19.26,19.26,3,20,0,MT5_PY_API_UNIX_SECONDS,UNRESOLVED_REQUIRES_MANUAL_BINDING
1779414900,1779415200,VIX,VIX,M5,Bid,19.27,19.27,19.26,19.26,2,21,0,MT5_PY_API_UNIX_SECONDS,UNRESOLVED_REQUIRES_MANUAL_BINDING
1779415200,1779415500,VIX,VIX,M5,Bid,19.27,19.27,19.26,19.27,11,20,0,MT5_PY_API_UNIX_SECONDS,UNRESOLVED_REQUIRES_MANUAL_BINDING
1779415800,1779416100,VIX,VIX,M5,Bid,19.26,19.27,19.26,19.27,10,21,0,MT5_PY_API_UNIX_SECONDS,UNRESOLVED_REQUIRES_MANUAL_BINDING
1779416400,1779416700,VIX,VIX,M5,Bid,19.27,19.27,19.27,19.27,2,20,0,MT5_PY_API_UNIX_SECONDS,UNRESOLVED_REQUIRES_MANUAL_BINDING
1779416700,1779417000,VIX,VIX,M5,Bid,19.26,19.27,19.26,19.27,4,21,0,MT5_PY_API_UNIX_SECONDS,UNRESOLVED_REQUIRES_MANUAL_BINDING
1779417000,1779417300,VIX,VIX,M5,Bid,19.26,19.26,19.26,19.26,1,21,0,MT5_PY_API_UNIX_SECONDS,UNRESOLVED_REQUIRES_MANUAL_BINDING
1779417300,1779417600,VIX,VIX,M5,Bid,19.27,19.27,19.26,19.26,6,21,0,MT5_PY_API_UNIX_SECONDS,UNRESOLVED_REQUIRES_MANUAL_BINDING
1779417600,1779417900,VIX,VIX,M5,Bid,19.27,19.27,19.23,19.23,13,21,0,MT5_PY_API_UNIX_SECONDS,UNRESOLVED_REQUIRES_MANUAL_BINDING
1779417900,1779418200,VIX,VIX,M5,Bid,19.22,19.23,19.22,19.22,7,20,0,MT5_PY_API_UNIX_SECONDS,UNRESOLVED_REQUIRES_MANUAL_BINDING
1779418200,1779418500,VIX,VIX,M5,Bid,19.21,19.23,19.18,19.23,6,20,0,MT5_PY_API_UNIX_SECONDS,UNRESOLVED_REQUIRES_MANUAL_BINDING
1779418500,1779418800,VIX,VIX,M5,Bid,19.22,19.22,19.22,19.22,1,21,0,MT5_PY_API_UNIX_SECONDS,UNRESOLVED_REQUIRES_MANUAL_BINDING
1779418800,1779419100,VIX,VIX,M5,Bid,19.23,19.27,19.22,19.26,34,20,0,MT5_PY_API_UNIX_SECONDS,UNRESOLVED_REQUIRES_MANUAL_BINDING
1779419100,1779419400,VIX,VIX,M5,Bid,19.25,19.27,19.23,19.27,55,20,0,MT5_PY_API_UNIX_SECONDS,UNRESOLVED_REQUIRES_MANUAL_BINDING
1779419400,1779419700,VIX,VIX,M5,Bid,19.28,19.28,19.26,19.28,25,20,0,MT5_PY_API_UNIX_SECONDS,UNRESOLVED_REQUIRES_MANUAL_BINDING
1779419700,1779420000,VIX,VIX,M5,Bid,19.27,19.28,19.26,19.26,13,20,0,MT5_PY_API_UNIX_SECONDS,UNRESOLVED_REQUIRES_MANUAL_BINDING
1779420000,1779420300,VIX,VIX,M5,Bid,19.27,19.27,19.24,19.26,26,20,0,MT5_PY_API_UNIX_SECONDS,UNRESOLVED_REQUIRES_MANUAL_BINDING
1779420300,1779420600,VIX,VIX,M5,Bid,19.27,19.27,19.25,19.26,18,20,0,MT5_PY_API_UNIX_SECONDS,UNRESOLVED_REQUIRES_MANUAL_BINDING
1779420600,1779420900,VIX,VIX,M5,Bid,19.24,19.26,19.23,19.26,8,21,0,MT5_PY_API_UNIX_SECONDS,UNRESOLVED_REQUIRES_MANUAL_BINDING
1779420900,1779421200,VIX,VIX,M5,Bid,19.27,19.27,19.27,19.27,2,20,0,MT5_PY_API_UNIX_SECONDS,UNRESOLVED_REQUIRES_MANUAL_BINDING
1779421200,1779421500,VIX,VIX,M5,Bid,19.32,19.33,19.32,19.33,5,20,0,MT5_PY_API_UNIX_SECONDS,UNRESOLVED_REQUIRES_MANUAL_BINDING
1779421500,1779421800,VIX,VIX,M5,Bid,19.33,19.33,19.32,19.33,7,20,0,MT5_PY_API_UNIX_SECONDS,UNRESOLVED_REQUIRES_MANUAL_BINDING
1779421800,1779422100,VIX,VIX,M5,Bid,19.33,19.33,19.32,19.32,5,20,0,MT5_PY_API_UNIX_SECONDS,UNRESOLVED_REQUIRES_MANUAL_BINDING
1779422100,1779422400,VIX,VIX,M5,Bid,19.33,19.33,19.33,19.33,1,21,0,MT5_PY_API_UNIX_SECONDS,UNRESOLVED_REQUIRES_MANUAL_BINDING
1779422400,1779422700,VIX,VIX,M5,Bid,19.33,19.36,19.32,19.32,11,20,0,MT5_PY_API_UNIX_SECONDS,UNRESOLVED_REQUIRES_MANUAL_BINDING
1779423000,1779423300,VIX,VIX,M5,Bid,19.31,19.31,19.27,19.27,4,20,0,MT5_PY_API_UNIX_SECONDS,UNRESOLVED_REQUIRES_MANUAL_BINDING
1779423300,1779423600,VIX,VIX,M5,Bid,19.28,19.28,19.27,19.27,16,21,0,MT5_PY_API_UNIX_SECONDS,UNRESOLVED_REQUIRES_MANUAL_BINDING
1779423600,1779423900,VIX,VIX,M5,Bid,19.28,19.31,19.27,19.31,18,20,0,MT5_PY_API_UNIX_SECONDS,UNRESOLVED_REQUIRES_MANUAL_BINDING
1779423900,1779424200,VIX,VIX,M5,Bid,19.3,19.31,19.27,19.28,15,20,0,MT5_PY_API_UNIX_SECONDS,UNRESOLVED_REQUIRES_MANUAL_BINDING
1779424200,1779424500,VIX,VIX,M5,Bid,19.27,19.31,19.27,19.28,7,20,0,MT5_PY_API_UNIX_SECONDS,UNRESOLVED_REQUIRES_MANUAL_BINDING
1779424500,1779424800,VIX,VIX,M5,Bid,19.3,19.31,19.27,19.28,16,20,0,MT5_PY_API_UNIX_SECONDS,UNRESOLVED_REQUIRES_MANUAL_BINDING
1779424800,1779425100,VIX,VIX,M5,Bid,19.27,19.31,19.27,19.27,23,20,0,MT5_PY_API_UNIX_SECONDS,UNRESOLVED_REQUIRES_MANUAL_BINDING
1779425100,1779425400,VIX,VIX,M5,Bid,19.28,19.28,19.27,19.27,4,20,0,MT5_PY_API_UNIX_SECONDS,UNRESOLVED_REQUIRES_MANUAL_BINDING
1779425400,1779425700,VIX,VIX,M5,Bid,19.28,19.28,19.27,19.27,2,21,0,MT5_PY_API_UNIX_SECONDS,UNRESOLVED_REQUIRES_MANUAL_BINDING
1779425700,1779426000,VIX,VIX,M5,Bid,19.28,19.28,19.27,19.27,6,20,0,MT5_PY_API_UNIX_SECONDS,UNRESOLVED_REQUIRES_MANUAL_BINDING
1779426000,1779426300,VIX,VIX,M5,Bid,19.28,19.28,19.27,19.27,2,21,0,MT5_PY_API_UNIX_SECONDS,UNRESOLVED_REQUIRES_MANUAL_BINDING
1779426300,1779426600,VIX,VIX,M5,Bid,19.28,19.28,19.27,19.27,4,21,0,MT5_PY_API_UNIX_SECONDS,UNRESOLVED_REQUIRES_MANUAL_BINDING
1779426600,1779426900,VIX,VIX,M5,Bid,19.28,19.28,19.27,19.27,2,21,0,MT5_PY_API_UNIX_SECONDS,UNRESOLVED_REQUIRES_MANUAL_BINDING
1779427200,1779427500,VIX,VIX,M5,Bid,19.28,19.28,19.28,19.28,1,21,0,MT5_PY_API_UNIX_SECONDS,UNRESOLVED_REQUIRES_MANUAL_BINDING
1779427500,1779427800,VIX,VIX,M5,Bid,19.29,19.31,19.29,19.31,2,21,0,MT5_PY_API_UNIX_SECONDS,UNRESOLVED_REQUIRES_MANUAL_BINDING
1779427800,1779428100,VIX,VIX,M5,Bid,19.3,19.3,19.27,19.28,4,20,0,MT5_PY_API_UNIX_SECONDS,UNRESOLVED_REQUIRES_MANUAL_BINDING
1779428100,1779428400,VIX,VIX,M5,Bid,19.27,19.28,19.27,19.28,12,20,0,MT5_PY_API_UNIX_SECONDS,UNRESOLVED_REQUIRES_MANUAL_BINDING
1779428400,1779428700,VIX,VIX,M5,Bid,19.28,19.28,19.27,19.28,15,20,0,MT5_PY_API_UNIX_SECONDS,UNRESOLVED_REQUIRES_MANUAL_BINDING
1779428700,1779429000,VIX,VIX,M5,Bid,19.27,19.28,19.27,19.28,2,20,0,MT5_PY_API_UNIX_SECONDS,UNRESOLVED_REQUIRES_MANUAL_BINDING
1779429000,1779429300,VIX,VIX,M5,Bid,19.27,19.28,19.27,19.28,4,20,0,MT5_PY_API_UNIX_SECONDS,UNRESOLVED_REQUIRES_MANUAL_BINDING
1779429300,1779429600,VIX,VIX,M5,Bid,19.27,19.28,19.27,19.27,5,20,0,MT5_PY_API_UNIX_SECONDS,UNRESOLVED_REQUIRES_MANUAL_BINDING
1779429600,1779429900,VIX,VIX,M5,Bid,19.28,19.28,19.27,19.28,6,20,0,MT5_PY_API_UNIX_SECONDS,UNRESOLVED_REQUIRES_MANUAL_BINDING
1779429900,1779430200,VIX,VIX,M5,Bid,19.27,19.31,19.27,19.28,5,20,0,MT5_PY_API_UNIX_SECONDS,UNRESOLVED_REQUIRES_MANUAL_BINDING
1779430200,1779430500,VIX,VIX,M5,Bid,19.28,19.28,19.27,19.27,5,20,0,MT5_PY_API_UNIX_SECONDS,UNRESOLVED_REQUIRES_MANUAL_BINDING
1779433200,1779433500,VIX,VIX,M5,Bid,19.27,19.27,19.27,19.27,1,20,0,MT5_PY_API_UNIX_SECONDS,UNRESOLVED_REQUIRES_MANUAL_BINDING
1779433500,1779433800,VIX,VIX,M5,Bid,19.27,19.27,19.27,19.27,4,20,0,MT5_PY_API_UNIX_SECONDS,UNRESOLVED_REQUIRES_MANUAL_BINDING
1779433800,1779434100,VIX,VIX,M5,Bid,19.27,19.27,19.27,19.27,2,20,0,MT5_PY_API_UNIX_SECONDS,UNRESOLVED_REQUIRES_MANUAL_BINDING
1779434100,1779434400,VIX,VIX,M5,Bid,19.27,19.27,19.27,19.27,3,20,0,MT5_PY_API_UNIX_SECONDS,UNRESOLVED_REQUIRES_MANUAL_BINDING
1779434400,1779434700,VIX,VIX,M5,Bid,19.27,19.27,19.27,19.27,2,20,0,MT5_PY_API_UNIX_SECONDS,UNRESOLVED_REQUIRES_MANUAL_BINDING
1779435000,1779435300,VIX,VIX,M5,Bid,19.27,19.27,19.27,19.27,2,21,0,MT5_PY_API_UNIX_SECONDS,UNRESOLVED_REQUIRES_MANUAL_BINDING
1779435300,1779435600,VIX,VIX,M5,Bid,19.27,19.27,19.27,19.27,2,20,0,MT5_PY_API_UNIX_SECONDS,UNRESOLVED_REQUIRES_MANUAL_BINDING
1779435600,1779435900,VIX,VIX,M5,Bid,19.27,19.27,19.27,19.27,4,20,0,MT5_PY_API_UNIX_SECONDS,UNRESOLVED_REQUIRES_MANUAL_BINDING
1779436200,1779436500,VIX,VIX,M5,Bid,19.26,19.26,19.22,19.22,2,21,0,MT5_PY_API_UNIX_SECONDS,UNRESOLVED_REQUIRES_MANUAL_BINDING
1779436800,1779437100,VIX,VIX,M5,Bid,19.23,19.23,19.22,19.22,2,21,0,MT5_PY_API_UNIX_SECONDS,UNRESOLVED_REQUIRES_MANUAL_BINDING
1779437400,1779437700,VIX,VIX,M5,Bid,19.23,19.23,19.22,19.22,10,21,0,MT5_PY_API_UNIX_SECONDS,UNRESOLVED_REQUIRES_MANUAL_BINDING
1779438000,1779438300,VIX,VIX,M5,Bid,19.23,19.26,19.22,19.26,4,21,0,MT5_PY_API_UNIX_SECONDS,UNRESOLVED_REQUIRES_MANUAL_BINDING
1779438300,1779438600,VIX,VIX,M5,Bid,19.24,19.26,19.24,19.26,2,21,0,MT5_PY_API_UNIX_SECONDS,UNRESOLVED_REQUIRES_MANUAL_BINDING
1779438600,1779438900,VIX,VIX,M5,Bid,19.27,19.27,19.26,19.26,22,20,0,MT5_PY_API_UNIX_SECONDS,UNRESOLVED_REQUIRES_MANUAL_BINDING
1779438900,1779439200,VIX,VIX,M5,Bid,19.27,19.27,19.26,19.27,9,20,0,MT5_PY_API_UNIX_SECONDS,UNRESOLVED_REQUIRES_MANUAL_BINDING
1779439200,1779439500,VIX,VIX,M5,Bid,19.27,19.27,19.26,19.27,7,20,0,MT5_PY_API_UNIX_SECONDS,UNRESOLVED_REQUIRES_MANUAL_BINDING
1779439500,1779439800,VIX,VIX,M5,Bid,19.27,19.27,19.26,19.27,8,20,0,MT5_PY_API_UNIX_SECONDS,UNRESOLVED_REQUIRES_MANUAL_BINDING
1779439800,1779440100,VIX,VIX,M5,Bid,19.28,19.28,19.27,19.27,4,21,0,MT5_PY_API_UNIX_SECONDS,UNRESOLVED_REQUIRES_MANUAL_BINDING
1779440100,1779440400,VIX,VIX,M5,Bid,19.28,19.32,19.28,19.32,20,20,0,MT5_PY_API_UNIX_SECONDS,UNRESOLVED_REQUIRES_MANUAL_BINDING
1779440400,1779440700,VIX,VIX,M5,Bid,19.33,19.33,19.28,19.28,27,20,0,MT5_PY_API_UNIX_SECONDS,UNRESOLVED_REQUIRES_MANUAL_BINDING
1779440700,1779441000,VIX,VIX,M5,Bid,19.27,19.31,19.27,19.28,17,20,0,MT5_PY_API_UNIX_SECONDS,UNRESOLVED_REQUIRES_MANUAL_BINDING
1779441000,1779441300,VIX,VIX,M5,Bid,19.27,19.27,19.27,19.27,1,21,0,MT5_PY_API_UNIX_SECONDS,UNRESOLVED_REQUIRES_MANUAL_BINDING
1779441300,1779441600,VIX,VIX,M5,Bid,19.27,19.28,19.26,19.27,13,20,0,MT5_PY_API_UNIX_SECONDS,UNRESOLVED_REQUIRES_MANUAL_BINDING
1779441600,1779441900,VIX,VIX,M5,Bid,19.28,19.28,19.27,19.28,23,20,0,MT5_PY_API_UNIX_SECONDS,UNRESOLVED_REQUIRES_MANUAL_BINDING
1779441900,1779442200,VIX,VIX,M5,Bid,19.28,19.28,19.27,19.27,12,20,0,MT5_PY_API_UNIX_SECONDS,UNRESOLVED_REQUIRES_MANUAL_BINDING
1779442200,1779442500,VIX,VIX,M5,Bid,19.27,19.28,19.27,19.27,46,20,0,MT5_PY_API_UNIX_SECONDS,UNRESOLVED_REQUIRES_MANUAL_BINDING
1779442800,1779443100,VIX,VIX,M5,Bid,19.28,19.28,19.27,19.27,6,20,0,MT5_PY_API_UNIX_SECONDS,UNRESOLVED_REQUIRES_MANUAL_BINDING
1779443100,1779443400,VIX,VIX,M5,Bid,19.28,19.28,19.27,19.27,10,20,0,MT5_PY_API_UNIX_SECONDS,UNRESOLVED_REQUIRES_MANUAL_BINDING
1779443400,1779443700,VIX,VIX,M5,Bid,19.28,19.28,19.27,19.28,3,20,0,MT5_PY_API_UNIX_SECONDS,UNRESOLVED_REQUIRES_MANUAL_BINDING
1779443700,1779444000,VIX,VIX,M5,Bid,19.28,19.28,19.27,19.27,6,20,0,MT5_PY_API_UNIX_SECONDS,UNRESOLVED_REQUIRES_MANUAL_BINDING
1779444000,1779444300,VIX,VIX,M5,Bid,19.28,19.33,19.28,19.32,31,20,0,MT5_PY_API_UNIX_SECONDS,UNRESOLVED_REQUIRES_MANUAL_BINDING
1779444300,1779444600,VIX,VIX,M5,Bid,19.33,19.33,19.32,19.33,41,20,0,MT5_PY_API_UNIX_SECONDS,UNRESOLVED_REQUIRES_MANUAL_BINDING
1779444600,1779444900,VIX,VIX,M5,Bid,19.32,19.33,19.27,19.27,31,20,0,MT5_PY_API_UNIX_SECONDS,UNRESOLVED_REQUIRES_MANUAL_BINDING
1779445200,1779445500,VIX,VIX,M5,Bid,19.27,19.27,19.22,19.22,11,20,0,MT5_PY_API_UNIX_SECONDS,UNRESOLVED_REQUIRES_MANUAL_BINDING
1779445500,1779445800,VIX,VIX,M5,Bid,19.23,19.23,19.17,19.17,28,20,0,MT5_PY_API_UNIX_SECONDS,UNRESOLVED_REQUIRES_MANUAL_BINDING
1779445800,1779446100,VIX,VIX,M5,Bid,19.18,19.22,19.17,19.22,11,20,0,MT5_PY_API_UNIX_SECONDS,UNRESOLVED_REQUIRES_MANUAL_BINDING
1779446100,1779446400,VIX,VIX,M5,Bid,19.21,19.22,19.18,19.22,23,20,0,MT5_PY_API_UNIX_SECONDS,UNRESOLVED_REQUIRES_MANUAL_BINDING
1779446400,1779446700,VIX,VIX,M5,Bid,19.21,19.21,19.17,19.17,4,20,0,MT5_PY_API_UNIX_SECONDS,UNRESOLVED_REQUIRES_MANUAL_BINDING
1779446700,1779447000,VIX,VIX,M5,Bid,19.18,19.18,19.12,19.12,14,20,0,MT5_PY_API_UNIX_SECONDS,UNRESOLVED_REQUIRES_MANUAL_BINDING
1779447000,1779447300,VIX,VIX,M5,Bid,19.13,19.13,19.12,19.12,5,21,0,MT5_PY_API_UNIX_SECONDS,UNRESOLVED_REQUIRES_MANUAL_BINDING
1779447300,1779447600,VIX,VIX,M5,Bid,19.13,19.13,19.12,19.12,5,21,0,MT5_PY_API_UNIX_SECONDS,UNRESOLVED_REQUIRES_MANUAL_BINDING
1779447600,1779447900,VIX,VIX,M5,Bid,19.17,19.21,19.17,19.18,9,20,0,MT5_PY_API_UNIX_SECONDS,UNRESOLVED_REQUIRES_MANUAL_BINDING
1779447900,1779448200,VIX,VIX,M5,Bid,19.18,19.22,19.18,19.22,18,20,0,MT5_PY_API_UNIX_SECONDS,UNRESOLVED_REQUIRES_MANUAL_BINDING
1779448200,1779448500,VIX,VIX,M5,Bid,19.22,19.22,19.21,19.21,6,20,0,MT5_PY_API_UNIX_SECONDS,UNRESOLVED_REQUIRES_MANUAL_BINDING
1779448500,1779448800,VIX,VIX,M5,Bid,19.18,19.2,19.17,19.18,17,20,0,MT5_PY_API_UNIX_SECONDS,UNRESOLVED_REQUIRES_MANUAL_BINDING
1779448800,1779449100,VIX,VIX,M5,Bid,19.18,19.21,19.17,19.21,9,20,0,MT5_PY_API_UNIX_SECONDS,UNRESOLVED_REQUIRES_MANUAL_BINDING
1779449400,1779449700,VIX,VIX,M5,Bid,19.22,19.33,19.21,19.28,16,20,0,MT5_PY_API_UNIX_SECONDS,UNRESOLVED_REQUIRES_MANUAL_BINDING
1779449700,1779450000,VIX,VIX,M5,Bid,19.28,19.31,19.22,19.23,38,20,0,MT5_PY_API_UNIX_SECONDS,UNRESOLVED_REQUIRES_MANUAL_BINDING
1779450000,1779450300,VIX,VIX,M5,Bid,19.23,19.26,19.22,19.22,12,20,0,MT5_PY_API_UNIX_SECONDS,UNRESOLVED_REQUIRES_MANUAL_BINDING
1779450300,1779450600,VIX,VIX,M5,Bid,19.22,19.23,19.21,19.22,17,20,0,MT5_PY_API_UNIX_SECONDS,UNRESOLVED_REQUIRES_MANUAL_BINDING
1779450600,1779450900,VIX,VIX,M5,Bid,19.21,19.21,19.18,19.18,9,20,0,MT5_PY_API_UNIX_SECONDS,UNRESOLVED_REQUIRES_MANUAL_BINDING
1779450900,1779451200,VIX,VIX,M5,Bid,19.19,19.22,19.18,19.22,11,20,0,MT5_PY_API_UNIX_SECONDS,UNRESOLVED_REQUIRES_MANUAL_BINDING
1779451200,1779451500,VIX,VIX,M5,Bid,19.22,19.32,19.22,19.32,14,20,0,MT5_PY_API_UNIX_SECONDS,UNRESOLVED_REQUIRES_MANUAL_BINDING
1779451500,1779451800,VIX,VIX,M5,Bid,19.33,19.47,19.32,19.43,44,20,0,MT5_PY_API_UNIX_SECONDS,UNRESOLVED_REQUIRES_MANUAL_BINDING
1779451800,1779452100,VIX,VIX,M5,Bid,19.42,19.47,19.42,19.47,17,20,0,MT5_PY_API_UNIX_SECONDS,UNRESOLVED_REQUIRES_MANUAL_BINDING
1779452100,1779452400,VIX,VIX,M5,Bid,19.48,19.48,19.43,19.43,16,20,0,MT5_PY_API_UNIX_SECONDS,UNRESOLVED_REQUIRES_MANUAL_BINDING
1779452400,1779452700,VIX,VIX,M5,Bid,19.46,19.46,19.43,19.43,8,21,0,MT5_PY_API_UNIX_SECONDS,UNRESOLVED_REQUIRES_MANUAL_BINDING
1779452700,1779453000,VIX,VIX,M5,Bid,19.46,19.48,19.43,19.46,27,20,0,MT5_PY_API_UNIX_SECONDS,UNRESOLVED_REQUIRES_MANUAL_BINDING
1779453000,1779453300,VIX,VIX,M5,Bid,19.43,19.47,19.41,19.41,40,20,0,MT5_PY_API_UNIX_SECONDS,UNRESOLVED_REQUIRES_MANUAL_BINDING
1779453300,1779453600,VIX,VIX,M5,Bid,19.42,19.42,19.34,19.37,11,20,0,MT5_PY_API_UNIX_SECONDS,UNRESOLVED_REQUIRES_MANUAL_BINDING
1779453600,1779453900,VIX,VIX,M5,Bid,19.36,19.37,19.36,19.36,4,20,0,MT5_PY_API_UNIX_SECONDS,UNRESOLVED_REQUIRES_MANUAL_BINDING
1779453900,1779454200,VIX,VIX,M5,Bid,19.33,19.36,19.32,19.32,16,20,0,MT5_PY_API_UNIX_SECONDS,UNRESOLVED_REQUIRES_MANUAL_BINDING
1779454200,1779454500,VIX,VIX,M5,Bid,19.33,19.33,19.28,19.31,12,20,0,MT5_PY_API_UNIX_SECONDS,UNRESOLVED_REQUIRES_MANUAL_BINDING
1779454500,1779454800,VIX,VIX,M5,Bid,19.32,19.33,19.32,19.33,5,20,0,MT5_PY_API_UNIX_SECONDS,UNRESOLVED_REQUIRES_MANUAL_BINDING
1779454800,1779455100,VIX,VIX,M5,Bid,19.32,19.36,19.32,19.33,26,21,0,MT5_PY_API_UNIX_SECONDS,UNRESOLVED_REQUIRES_MANUAL_BINDING
1779455100,1779455400,VIX,VIX,M5,Bid,19.33,19.33,19.32,19.32,3,20,0,MT5_PY_API_UNIX_SECONDS,UNRESOLVED_REQUIRES_MANUAL_BINDING
1779455400,1779455700,VIX,VIX,M5,Bid,19.33,19.33,19.32,19.33,11,20,0,MT5_PY_API_UNIX_SECONDS,UNRESOLVED_REQUIRES_MANUAL_BINDING
1779455700,1779456000,VIX,VIX,M5,Bid,19.32,19.37,19.32,19.36,17,20,0,MT5_PY_API_UNIX_SECONDS,UNRESOLVED_REQUIRES_MANUAL_BINDING
1779456000,1779456300,VIX,VIX,M5,Bid,19.35,19.35,19.31,19.31,11,20,0,MT5_PY_API_UNIX_SECONDS,UNRESOLVED_REQUIRES_MANUAL_BINDING
1779456300,1779456600,VIX,VIX,M5,Bid,19.32,19.36,19.31,19.36,21,20,0,MT5_PY_API_UNIX_SECONDS,UNRESOLVED_REQUIRES_MANUAL_BINDING
1779456600,1779456900,VIX,VIX,M5,Bid,19.37,19.37,19.36,19.37,14,20,0,MT5_PY_API_UNIX_SECONDS,UNRESOLVED_REQUIRES_MANUAL_BINDING
1779456900,1779457200,VIX,VIX,M5,Bid,19.37,19.37,19.36,19.37,21,20,0,MT5_PY_API_UNIX_SECONDS,UNRESOLVED_REQUIRES_MANUAL_BINDING
1779457200,1779457500,VIX,VIX,M5,Bid,19.37,19.37,19.36,19.37,5,20,0,MT5_PY_API_UNIX_SECONDS,UNRESOLVED_REQUIRES_MANUAL_BINDING
1779457500,1779457800,VIX,VIX,M5,Bid,19.37,19.38,19.37,19.37,8,20,0,MT5_PY_API_UNIX_SECONDS,UNRESOLVED_REQUIRES_MANUAL_BINDING
1779457800,1779458100,VIX,VIX,M5,Bid,19.36,19.37,19.36,19.37,2,21,0,MT5_PY_API_UNIX_SECONDS,UNRESOLVED_REQUIRES_MANUAL_BINDING
1779458100,1779458400,VIX,VIX,M5,Bid,19.41,19.41,19.38,19.38,12,20,0,MT5_PY_API_UNIX_SECONDS,UNRESOLVED_REQUIRES_MANUAL_BINDING
1779458400,1779458700,VIX,VIX,M5,Bid,19.38,19.38,19.37,19.37,2,20,0,MT5_PY_API_UNIX_SECONDS,UNRESOLVED_REQUIRES_MANUAL_BINDING
1779459000,1779459300,VIX,VIX,M5,Bid,19.38,19.38,19.37,19.38,10,20,0,MT5_PY_API_UNIX_SECONDS,UNRESOLVED_REQUIRES_MANUAL_BINDING
1779459300,1779459600,VIX,VIX,M5,Bid,19.38,19.38,19.37,19.38,3,20,0,MT5_PY_API_UNIX_SECONDS,UNRESOLVED_REQUIRES_MANUAL_BINDING
1779459600,1779459900,VIX,VIX,M5,Bid,19.38,19.38,19.37,19.37,6,20,0,MT5_PY_API_UNIX_SECONDS,UNRESOLVED_REQUIRES_MANUAL_BINDING
1779460200,1779460500,VIX,VIX,M5,Bid,19.38,19.42,19.37,19.42,13,20,0,MT5_PY_API_UNIX_SECONDS,UNRESOLVED_REQUIRES_MANUAL_BINDING
1779460500,1779460800,VIX,VIX,M5,Bid,19.41,19.41,19.33,19.33,11,20,0,MT5_PY_API_UNIX_SECONDS,UNRESOLVED_REQUIRES_MANUAL_BINDING
1779460800,1779461100,VIX,VIX,M5,Bid,19.35,19.36,19.31,19.31,8,21,0,MT5_PY_API_UNIX_SECONDS,UNRESOLVED_REQUIRES_MANUAL_BINDING
1779461100,1779461400,VIX,VIX,M5,Bid,19.28,19.31,19.21,19.28,39,20,0,MT5_PY_API_UNIX_SECONDS,UNRESOLVED_REQUIRES_MANUAL_BINDING
1779461400,1779461700,VIX,VIX,M5,Bid,19.29,19.31,19.26,19.28,45,20,0,MT5_PY_API_UNIX_SECONDS,UNRESOLVED_REQUIRES_MANUAL_BINDING
1779461700,1779462000,VIX,VIX,M5,Bid,19.28,19.28,19.27,19.27,8,20,0,MT5_PY_API_UNIX_SECONDS,UNRESOLVED_REQUIRES_MANUAL_BINDING
1779462000,1779462300,VIX,VIX,M5,Bid,19.28,19.37,19.27,19.37,19,20,0,MT5_PY_API_UNIX_SECONDS,UNRESOLVED_REQUIRES_MANUAL_BINDING
1779462300,1779462600,VIX,VIX,M5,Bid,19.38,19.42,19.37,19.42,8,20,0,MT5_PY_API_UNIX_SECONDS,UNRESOLVED_REQUIRES_MANUAL_BINDING
1779462600,1779462900,VIX,VIX,M5,Bid,19.42,19.42,19.18,19.31,180,20,0,MT5_PY_API_UNIX_SECONDS,UNRESOLVED_REQUIRES_MANUAL_BINDING
1779462900,1779463200,VIX,VIX,M5,Bid,19.3,19.42,19.28,19.37,65,20,0,MT5_PY_API_UNIX_SECONDS,UNRESOLVED_REQUIRES_MANUAL_BINDING
1779463200,1779463500,VIX,VIX,M5,Bid,19.36,19.47,19.36,19.41,39,20,0,MT5_PY_API_UNIX_SECONDS,UNRESOLVED_REQUIRES_MANUAL_BINDING
1779463500,1779463800,VIX,VIX,M5,Bid,19.42,19.43,19.41,19.41,15,20,0,MT5_PY_API_UNIX_SECONDS,UNRESOLVED_REQUIRES_MANUAL_BINDING
1779463800,1779464100,VIX,VIX,M5,Bid,19.42,19.42,19.38,19.41,12,20,0,MT5_PY_API_UNIX_SECONDS,UNRESOLVED_REQUIRES_MANUAL_BINDING
1779464100,1779464400,VIX,VIX,M5,Bid,19.42,19.42,19.38,19.41,13,20,0,MT5_PY_API_UNIX_SECONDS,UNRESOLVED_REQUIRES_MANUAL_BINDING
1779464400,1779464700,VIX,VIX,M5,Bid,19.42,19.42,19.41,19.41,8,20,0,MT5_PY_API_UNIX_SECONDS,UNRESOLVED_REQUIRES_MANUAL_BINDING
1779464700,1779465000,VIX,VIX,M5,Bid,19.4,19.42,19.38,19.42,57,20,0,MT5_PY_API_UNIX_SECONDS,UNRESOLVED_REQUIRES_MANUAL_BINDING
1779465000,1779465300,VIX,VIX,M5,Bid,19.41,19.42,19.39,19.42,20,20,0,MT5_PY_API_UNIX_SECONDS,UNRESOLVED_REQUIRES_MANUAL_BINDING
1779465300,1779465600,VIX,VIX,M5,Bid,19.42,19.42,19.36,19.37,25,20,0,MT5_PY_API_UNIX_SECONDS,UNRESOLVED_REQUIRES_MANUAL_BINDING
1779465600,1779465900,VIX,VIX,M5,Bid,19.37,19.42,19.33,19.36,60,20,0,MT5_PY_API_UNIX_SECONDS,UNRESOLVED_REQUIRES_MANUAL_BINDING
1779465900,1779466200,VIX,VIX,M5,Bid,19.34,19.36,19.26,19.27,45,20,0,MT5_PY_API_UNIX_SECONDS,UNRESOLVED_REQUIRES_MANUAL_BINDING
1779466200,1779466500,VIX,VIX,M5,Bid,19.28,19.31,19.27,19.3,49,20,0,MT5_PY_API_UNIX_SECONDS,UNRESOLVED_REQUIRES_MANUAL_BINDING
1779466500,1779466800,VIX,VIX,M5,Bid,19.31,19.37,19.28,19.33,52,20,0,MT5_PY_API_UNIX_SECONDS,UNRESOLVED_REQUIRES_MANUAL_BINDING
1779466800,1779467100,VIX,VIX,M5,Bid,19.33,19.33,19.32,19.32,13,20,0,MT5_PY_API_UNIX_SECONDS,UNRESOLVED_REQUIRES_MANUAL_BINDING
1779467100,1779467400,VIX,VIX,M5,Bid,19.33,19.42,19.32,19.37,28,20,0,MT5_PY_API_UNIX_SECONDS,UNRESOLVED_REQUIRES_MANUAL_BINDING
1779467400,1779467700,VIX,VIX,M5,Bid,19.38,19.52,19.32,19.47,57,20,0,MT5_PY_API_UNIX_SECONDS,UNRESOLVED_REQUIRES_MANUAL_BINDING
1779467700,1779468000,VIX,VIX,M5,Bid,19.48,19.48,19.42,19.46,36,20,0,MT5_PY_API_UNIX_SECONDS,UNRESOLVED_REQUIRES_MANUAL_BINDING
1779468000,1779468300,VIX,VIX,M5,Bid,19.47,19.57,19.46,19.52,99,20,0,MT5_PY_API_UNIX_SECONDS,UNRESOLVED_REQUIRES_MANUAL_BINDING
1779468300,1779468600,VIX,VIX,M5,Bid,19.51,19.57,19.47,19.51,17,20,0,MT5_PY_API_UNIX_SECONDS,UNRESOLVED_REQUIRES_MANUAL_BINDING
1779468600,1779468900,VIX,VIX,M5,Bid,19.52,19.53,19.41,19.46,73,20,0,MT5_PY_API_UNIX_SECONDS,UNRESOLVED_REQUIRES_MANUAL_BINDING
1779468900,1779469200,VIX,VIX,M5,Bid,19.43,19.47,19.37,19.37,73,20,0,MT5_PY_API_UNIX_SECONDS,UNRESOLVED_REQUIRES_MANUAL_BINDING
1779469200,1779469500,VIX,VIX,M5,Bid,19.41,19.47,19.38,19.42,172,20,0,MT5_PY_API_UNIX_SECONDS,UNRESOLVED_REQUIRES_MANUAL_BINDING
1779469500,1779469800,VIX,VIX,M5,Bid,19.42,19.43,19.32,19.33,102,20,0,MT5_PY_API_UNIX_SECONDS,UNRESOLVED_REQUIRES_MANUAL_BINDING
1779469800,1779470100,VIX,VIX,M5,Bid,19.36,19.42,19.32,19.38,82,20,0,MT5_PY_API_UNIX_SECONDS,UNRESOLVED_REQUIRES_MANUAL_BINDING
1779470100,1779470400,VIX,VIX,M5,Bid,19.41,19.41,19.37,19.37,43,20,0,MT5_PY_API_UNIX_SECONDS,UNRESOLVED_REQUIRES_MANUAL_BINDING
1779470400,1779470700,VIX,VIX,M5,Bid,19.36,19.37,19.32,19.32,66,20,0,MT5_PY_API_UNIX_SECONDS,UNRESOLVED_REQUIRES_MANUAL_BINDING
1779470700,1779471000,VIX,VIX,M5,Bid,19.33,19.33,19.31,19.31,59,20,0,MT5_PY_API_UNIX_SECONDS,UNRESOLVED_REQUIRES_MANUAL_BINDING
1779471000,1779471300,VIX,VIX,M5,Bid,19.28,19.31,19.22,19.22,64,20,0,MT5_PY_API_UNIX_SECONDS,UNRESOLVED_REQUIRES_MANUAL_BINDING
1779471300,1779471600,VIX,VIX,M5,Bid,19.23,19.23,19.18,19.22,12,20,0,MT5_PY_API_UNIX_SECONDS,UNRESOLVED_REQUIRES_MANUAL_BINDING
1779471600,1779471900,VIX,VIX,M5,Bid,19.21,19.28,19.21,19.28,36,20,0,MT5_PY_API_UNIX_SECONDS,UNRESOLVED_REQUIRES_MANUAL_BINDING
1779471900,1779472200,VIX,VIX,M5,Bid,19.28,19.28,19.27,19.27,3,20,0,MT5_PY_API_UNIX_SECONDS,UNRESOLVED_REQUIRES_MANUAL_BINDING
1779472200,1779472500,VIX,VIX,M5,Bid,19.28,19.28,19.22,19.22,23,20,0,MT5_PY_API_UNIX_SECONDS,UNRESOLVED_REQUIRES_MANUAL_BINDING
1779472500,1779472800,VIX,VIX,M5,Bid,19.23,19.23,19.22,19.23,17,20,0,MT5_PY_API_UNIX_SECONDS,UNRESOLVED_REQUIRES_MANUAL_BINDING
1779472800,1779473100,VIX,VIX,M5,Bid,19.22,19.23,19.22,19.22,51,20,0,MT5_PY_API_UNIX_SECONDS,UNRESOLVED_REQUIRES_MANUAL_BINDING
1779473100,1779473400,VIX,VIX,M5,Bid,19.23,19.26,19.23,19.23,5,21,0,MT5_PY_API_UNIX_SECONDS,UNRESOLVED_REQUIRES_MANUAL_BINDING
1779473400,1779473700,VIX,VIX,M5,Bid,19.23,19.23,19.22,19.22,6,20,0,MT5_PY_API_UNIX_SECONDS,UNRESOLVED_REQUIRES_MANUAL_BINDING
1779473700,1779474000,VIX,VIX,M5,Bid,19.23,19.27,19.22,19.26,26,20,0,MT5_PY_API_UNIX_SECONDS,UNRESOLVED_REQUIRES_MANUAL_BINDING
1779474000,1779474300,VIX,VIX,M5,Bid,19.27,19.27,19.26,19.26,20,20,0,MT5_PY_API_UNIX_SECONDS,UNRESOLVED_REQUIRES_MANUAL_BINDING
1779474300,1779474600,VIX,VIX,M5,Bid,19.23,19.23,19.22,19.22,5,20,0,MT5_PY_API_UNIX_SECONDS,UNRESOLVED_REQUIRES_MANUAL_BINDING
1779474600,1779474900,VIX,VIX,M5,Bid,19.21,19.26,19.21,19.26,18,20,0,MT5_PY_API_UNIX_SECONDS,UNRESOLVED_REQUIRES_MANUAL_BINDING
1779474900,1779475200,VIX,VIX,M5,Bid,19.27,19.27,19.26,19.26,44,20,0,MT5_PY_API_UNIX_SECONDS,UNRESOLVED_REQUIRES_MANUAL_BINDING
1779475200,1779475500,VIX,VIX,M5,Bid,19.27,19.27,19.22,19.22,26,20,0,MT5_PY_API_UNIX_SECONDS,UNRESOLVED_REQUIRES_MANUAL_BINDING
1779476400,1779476700,VIX,VIX,M5,Bid,19.26,19.26,19.23,19.23,12,21,0,MT5_PY_API_UNIX_SECONDS,UNRESOLVED_REQUIRES_MANUAL_BINDING
1779476700,1779477000,VIX,VIX,M5,Bid,19.23,19.23,19.22,19.22,7,20,0,MT5_PY_API_UNIX_SECONDS,UNRESOLVED_REQUIRES_MANUAL_BINDING
1779477000,1779477300,VIX,VIX,M5,Bid,19.23,19.26,19.22,19.22,15,20,0,MT5_PY_API_UNIX_SECONDS,UNRESOLVED_REQUIRES_MANUAL_BINDING
1779477300,1779477600,VIX,VIX,M5,Bid,19.23,19.27,19.22,19.22,35,20,0,MT5_PY_API_UNIX_SECONDS,UNRESOLVED_REQUIRES_MANUAL_BINDING
1779477600,1779477900,VIX,VIX,M5,Bid,19.23,19.23,19.22,19.22,4,20,0,MT5_PY_API_UNIX_SECONDS,UNRESOLVED_REQUIRES_MANUAL_BINDING
1779477900,1779478200,VIX,VIX,M5,Bid,19.23,19.23,19.22,19.22,16,20,0,MT5_PY_API_UNIX_SECONDS,UNRESOLVED_REQUIRES_MANUAL_BINDING
1779478200,1779478500,VIX,VIX,M5,Bid,19.23,19.27,19.23,19.26,16,20,0,MT5_PY_API_UNIX_SECONDS,UNRESOLVED_REQUIRES_MANUAL_BINDING
1779478500,1779478800,VIX,VIX,M5,Bid,19.27,19.27,19.26,19.27,53,20,0,MT5_PY_API_UNIX_SECONDS,UNRESOLVED_REQUIRES_MANUAL_BINDING
1779478800,1779479100,VIX,VIX,M5,Bid,19.27,19.27,19.23,19.26,58,20,0,MT5_PY_API_UNIX_SECONDS,UNRESOLVED_REQUIRES_MANUAL_BINDING
1779479100,1779479400,VIX,VIX,M5,Bid,19.27,19.27,19.26,19.27,15,20,0,MT5_PY_API_UNIX_SECONDS,UNRESOLVED_REQUIRES_MANUAL_BINDING
1779479400,1779479700,VIX,VIX,M5,Bid,19.26,19.27,19.26,19.27,2,20,0,MT5_PY_API_UNIX_SECONDS,UNRESOLVED_REQUIRES_MANUAL_BINDING
1779479700,1779480000,VIX,VIX,M5,Bid,19.27,19.27,19.26,19.27,7,20,0,MT5_PY_API_UNIX_SECONDS,UNRESOLVED_REQUIRES_MANUAL_BINDING
1779480000,1779480300,VIX,VIX,M5,Bid,19.28,19.28,19.27,19.27,4,20,0,MT5_PY_API_UNIX_SECONDS,UNRESOLVED_REQUIRES_MANUAL_BINDING
1779480600,1779480900,VIX,VIX,M5,Bid,19.28,19.28,19.27,19.28,22,20,0,MT5_PY_API_UNIX_SECONDS,UNRESOLVED_REQUIRES_MANUAL_BINDING
1779480900,1779481200,VIX,VIX,M5,Bid,19.28,19.41,19.27,19.38,23,20,0,MT5_PY_API_UNIX_SECONDS,UNRESOLVED_REQUIRES_MANUAL_BINDING
1779481200,1779481500,VIX,VIX,M5,Bid,19.38,19.38,19.32,19.32,78,20,0,MT5_PY_API_UNIX_SECONDS,UNRESOLVED_REQUIRES_MANUAL_BINDING
1779481500,1779481800,VIX,VIX,M5,Bid,19.33,19.33,19.22,19.22,81,20,0,MT5_PY_API_UNIX_SECONDS,UNRESOLVED_REQUIRES_MANUAL_BINDING
1779481800,1779482100,VIX,VIX,M5,Bid,19.23,19.28,19.22,19.26,54,20,0,MT5_PY_API_UNIX_SECONDS,UNRESOLVED_REQUIRES_MANUAL_BINDING
1779482100,1779482400,VIX,VIX,M5,Bid,19.27,19.31,19.26,19.31,52,20,0,MT5_PY_API_UNIX_SECONDS,UNRESOLVED_REQUIRES_MANUAL_BINDING
1779482400,1779482700,VIX,VIX,M5,Bid,19.32,19.32,19.28,19.32,57,20,0,MT5_PY_API_UNIX_SECONDS,UNRESOLVED_REQUIRES_MANUAL_BINDING
1779482700,1779483000,VIX,VIX,M5,Bid,19.31,19.32,19.27,19.27,31,20,0,MT5_PY_API_UNIX_SECONDS,UNRESOLVED_REQUIRES_MANUAL_BINDING
1779483000,1779483300,VIX,VIX,M5,Bid,19.26,19.27,19.23,19.23,17,20,0,MT5_PY_API_UNIX_SECONDS,UNRESOLVED_REQUIRES_MANUAL_BINDING
1779483300,1779483600,VIX,VIX,M5,Bid,19.23,19.26,19.22,19.26,8,20,0,MT5_PY_API_UNIX_SECONDS,UNRESOLVED_REQUIRES_MANUAL_BINDING
1779483600,1779483900,VIX,VIX,M5,Bid,19.27,19.33,19.26,19.32,44,20,0,MT5_PY_API_UNIX_SECONDS,UNRESOLVED_REQUIRES_MANUAL_BINDING
1779483900,1779484200,VIX,VIX,M5,Bid,19.32,19.33,19.31,19.33,32,20,0,MT5_PY_API_UNIX_SECONDS,UNRESOLVED_REQUIRES_MANUAL_BINDING
1779484200,1779484500,VIX,VIX,M5,Bid,19.33,19.36,19.28,19.28,21,20,0,MT5_PY_API_UNIX_SECONDS,UNRESOLVED_REQUIRES_MANUAL_BINDING
1779484500,1779484800,VIX,VIX,M5,Bid,19.28,19.32,19.27,19.32,39,20,0,MT5_PY_API_UNIX_SECONDS,UNRESOLVED_REQUIRES_MANUAL_BINDING
1779484800,1779485100,VIX,VIX,M5,Bid,19.32,19.32,19.31,19.32,22,20,0,MT5_PY_API_UNIX_SECONDS,UNRESOLVED_REQUIRES_MANUAL_BINDING
1779485100,1779485400,VIX,VIX,M5,Bid,19.32,19.32,19.27,19.28,18,20,0,MT5_PY_API_UNIX_SECONDS,UNRESOLVED_REQUIRES_MANUAL_BINDING
1779485400,1779485700,VIX,VIX,M5,Bid,19.28,19.31,19.27,19.28,5,20,0,MT5_PY_API_UNIX_SECONDS,UNRESOLVED_REQUIRES_MANUAL_BINDING
1779485700,1779486000,VIX,VIX,M5,Bid,19.28,19.28,19.26,19.27,54,20,0,MT5_PY_API_UNIX_SECONDS,UNRESOLVED_REQUIRES_MANUAL_BINDING
1779486000,1779486300,VIX,VIX,M5,Bid,19.27,19.27,19.21,19.26,24,20,0,MT5_PY_API_UNIX_SECONDS,UNRESOLVED_REQUIRES_MANUAL_BINDING
1779486300,1779486600,VIX,VIX,M5,Bid,19.27,19.27,19.21,19.27,33,20,0,MT5_PY_API_UNIX_SECONDS,UNRESOLVED_REQUIRES_MANUAL_BINDING
1779486600,1779486900,VIX,VIX,M5,Bid,19.28,19.28,19.27,19.27,2,20,0,MT5_PY_API_UNIX_SECONDS,UNRESOLVED_REQUIRES_MANUAL_BINDING
1779486900,1779487200,VIX,VIX,M5,Bid,19.28,19.28,19.27,19.27,4,20,0,MT5_PY_API_UNIX_SECONDS,UNRESOLVED_REQUIRES_MANUAL_BINDING
1779487200,1779487500,VIX,VIX,M5,Bid,19.28,19.36,19.27,19.33,74,20,0,MT5_PY_API_UNIX_SECONDS,UNRESOLVED_REQUIRES_MANUAL_BINDING
1779487500,1779487800,VIX,VIX,M5,Bid,19.33,19.33,19.32,19.32,5,20,0,MT5_PY_API_UNIX_SECONDS,UNRESOLVED_REQUIRES_MANUAL_BINDING
1779487800,1779488100,VIX,VIX,M5,Bid,19.33,19.38,19.33,19.38,15,20,0,MT5_PY_API_UNIX_SECONDS,UNRESOLVED_REQUIRES_MANUAL_BINDING
1779488100,1779488400,VIX,VIX,M5,Bid,19.37,19.42,19.37,19.42,9,20,0,MT5_PY_API_UNIX_SECONDS,UNRESOLVED_REQUIRES_MANUAL_BINDING
1779488400,1779488700,VIX,VIX,M5,Bid,19.43,19.48,19.43,19.47,48,20,0,MT5_PY_API_UNIX_SECONDS,UNRESOLVED_REQUIRES_MANUAL_BINDING
1779488700,1779489000,VIX,VIX,M5,Bid,19.48,19.53,19.47,19.52,18,20,0,MT5_PY_API_UNIX_SECONDS,UNRESOLVED_REQUIRES_MANUAL_BINDING
1779489000,1779489300,VIX,VIX,M5,Bid,19.53,19.58,19.51,19.52,104,20,0,MT5_PY_API_UNIX_SECONDS,UNRESOLVED_REQUIRES_MANUAL_BINDING
1779489300,1779489600,VIX,VIX,M5,Bid,19.51,19.52,19.42,19.46,75,20,0,MT5_PY_API_UNIX_SECONDS,UNRESOLVED_REQUIRES_MANUAL_BINDING
1779489600,1779489900,VIX,VIX,M5,Bid,19.43,19.47,19.42,19.42,39,20,0,MT5_PY_API_UNIX_SECONDS,UNRESOLVED_REQUIRES_MANUAL_BINDING
1779489900,1779490200,VIX,VIX,M5,Bid,19.42,19.43,19.38,19.41,58,20,0,MT5_PY_API_UNIX_SECONDS,UNRESOLVED_REQUIRES_MANUAL_BINDING
1779490200,1779490500,VIX,VIX,M5,Bid,19.38,19.42,19.37,19.42,23,20,0,MT5_PY_API_UNIX_SECONDS,UNRESOLVED_REQUIRES_MANUAL_BINDING
1779490500,1779490800,VIX,VIX,M5,Bid,19.41,19.43,19.37,19.42,32,20,0,MT5_PY_API_UNIX_SECONDS,UNRESOLVED_REQUIRES_MANUAL_BINDING
1779490800,1779491100,VIX,VIX,M5,Bid,19.43,19.47,19.43,19.46,37,20,0,MT5_PY_API_UNIX_SECONDS,UNRESOLVED_REQUIRES_MANUAL_BINDING
1779491100,1779491400,VIX,VIX,M5,Bid,19.43,19.47,19.43,19.46,15,20,0,MT5_PY_API_UNIX_SECONDS,UNRESOLVED_REQUIRES_MANUAL_BINDING
1779491400,1779491700,VIX,VIX,M5,Bid,19.47,19.47,19.43,19.47,9,20,0,MT5_PY_API_UNIX_SECONDS,UNRESOLVED_REQUIRES_MANUAL_BINDING
1779492600,1779492900,VIX,VIX,M5,Bid,19.47,19.52,19.47,19.52,40,20,0,MT5_PY_API_UNIX_SECONDS,UNRESOLVED_REQUIRES_MANUAL_BINDING
1779492900,1779493200,VIX,VIX,M5,Bid,19.51,19.52,19.48,19.48,11,20,0,MT5_PY_API_UNIX_SECONDS,UNRESOLVED_REQUIRES_MANUAL_BINDING
1779493200,1779493500,VIX,VIX,M5,Bid,19.51,19.52,19.51,19.52,12,20,0,MT5_PY_API_UNIX_SECONDS,UNRESOLVED_REQUIRES_MANUAL_BINDING
1779493500,1779493800,VIX,VIX,M5,Bid,19.52,19.52,19.52,19.52,2,21,0,MT5_PY_API_UNIX_SECONDS,UNRESOLVED_REQUIRES_MANUAL_BINDING
1779493800,1779494100,VIX,VIX,M5,Bid,19.52,19.52,19.51,19.51,10,20,0,MT5_PY_API_UNIX_SECONDS,UNRESOLVED_REQUIRES_MANUAL_BINDING
1779494100,1779494400,VIX,VIX,M5,Bid,19.52,19.52,19.51,19.52,29,20,0,MT5_PY_API_UNIX_SECONDS,UNRESOLVED_REQUIRES_MANUAL_BINDING
1779670800,1779671100,VIX,VIX,M5,Bid,19.25,19.25,18.73,18.81,74,20,0,MT5_PY_API_UNIX_SECONDS,UNRESOLVED_REQUIRES_MANUAL_BINDING
1779671100,1779671400,VIX,VIX,M5,Bid,18.82,18.89,18.81,18.86,10,20,0,MT5_PY_API_UNIX_SECONDS,UNRESOLVED_REQUIRES_MANUAL_BINDING
1779671400,1779671700,VIX,VIX,M5,Bid,18.87,18.88,18.86,18.86,10,20,0,MT5_PY_API_UNIX_SECONDS,UNRESOLVED_REQUIRES_MANUAL_BINDING
1779671700,1779672000,VIX,VIX,M5,Bid,18.84,18.92,18.83,18.92,17,20,0,MT5_PY_API_UNIX_SECONDS,UNRESOLVED_REQUIRES_MANUAL_BINDING
1779672000,1779672300,VIX,VIX,M5,Bid,18.91,19.01,18.91,18.98,19,20,0,MT5_PY_API_UNIX_SECONDS,UNRESOLVED_REQUIRES_MANUAL_BINDING
1779672300,1779672600,VIX,VIX,M5,Bid,19.01,19.01,18.97,18.98,15,21,0,MT5_PY_API_UNIX_SECONDS,UNRESOLVED_REQUIRES_MANUAL_BINDING
1779672600,1779672900,VIX,VIX,M5,Bid,18.97,18.98,18.94,18.98,17,20,0,MT5_PY_API_UNIX_SECONDS,UNRESOLVED_REQUIRES_MANUAL_BINDING
1779672900,1779673200,VIX,VIX,M5,Bid,18.97,18.98,18.96,18.96,19,20,0,MT5_PY_API_UNIX_SECONDS,UNRESOLVED_REQUIRES_MANUAL_BINDING
1779673200,1779673500,VIX,VIX,M5,Bid,18.97,18.97,18.93,18.93,4,20,0,MT5_PY_API_UNIX_SECONDS,UNRESOLVED_REQUIRES_MANUAL_BINDING
1779673500,1779673800,VIX,VIX,M5,Bid,18.93,18.93,18.91,18.91,9,20,0,MT5_PY_API_UNIX_SECONDS,UNRESOLVED_REQUIRES_MANUAL_BINDING
1779673800,1779674100,VIX,VIX,M5,Bid,18.92,18.93,18.92,18.93,2,21,0,MT5_PY_API_UNIX_SECONDS,UNRESOLVED_REQUIRES_MANUAL_BINDING
1779674100,1779674400,VIX,VIX,M5,Bid,18.94,18.96,18.93,18.96,12,20,0,MT5_PY_API_UNIX_SECONDS,UNRESOLVED_REQUIRES_MANUAL_BINDING
1779674400,1779674700,VIX,VIX,M5,Bid,18.95,18.97,18.94,18.97,4,21,0,MT5_PY_API_UNIX_SECONDS,UNRESOLVED_REQUIRES_MANUAL_BINDING
1779674700,1779675000,VIX,VIX,M5,Bid,18.97,18.98,18.96,18.98,8,20,0,MT5_PY_API_UNIX_SECONDS,UNRESOLVED_REQUIRES_MANUAL_BINDING
1779675000,1779675300,VIX,VIX,M5,Bid,18.98,18.98,18.97,18.97,2,20,0,MT5_PY_API_UNIX_SECONDS,UNRESOLVED_REQUIRES_MANUAL_BINDING
1779675300,1779675600,VIX,VIX,M5,Bid,18.98,18.98,18.98,18.98,2,20,0,MT5_PY_API_UNIX_SECONDS,UNRESOLVED_REQUIRES_MANUAL_BINDING
1779675600,1779675900,VIX,VIX,M5,Bid,19.0,19.01,19.0,19.01,2,20,0,MT5_PY_API_UNIX_SECONDS,UNRESOLVED_REQUIRES_MANUAL_BINDING
1779675900,1779676200,VIX,VIX,M5,Bid,19.02,19.02,18.98,18.98,5,21,0,MT5_PY_API_UNIX_SECONDS,UNRESOLVED_REQUIRES_MANUAL_BINDING
1779676200,1779676500,VIX,VIX,M5,Bid,19.0,19.0,18.93,18.97,14,20,0,MT5_PY_API_UNIX_SECONDS,UNRESOLVED_REQUIRES_MANUAL_BINDING
1779676500,1779676800,VIX,VIX,M5,Bid,18.96,18.96,18.93,18.96,10,20,0,MT5_PY_API_UNIX_SECONDS,UNRESOLVED_REQUIRES_MANUAL_BINDING
1779676800,1779677100,VIX,VIX,M5,Bid,18.97,18.97,18.96,18.97,6,20,0,MT5_PY_API_UNIX_SECONDS,UNRESOLVED_REQUIRES_MANUAL_BINDING
1779677100,1779677400,VIX,VIX,M5,Bid,18.98,19.03,18.97,19.03,17,20,0,MT5_PY_API_UNIX_SECONDS,UNRESOLVED_REQUIRES_MANUAL_BINDING
1779677400,1779677700,VIX,VIX,M5,Bid,19.07,19.07,19.03,19.07,3,21,0,MT5_PY_API_UNIX_SECONDS,UNRESOLVED_REQUIRES_MANUAL_BINDING
1779678000,1779678300,VIX,VIX,M5,Bid,19.05,19.07,19.02,19.02,28,21,0,MT5_PY_API_UNIX_SECONDS,UNRESOLVED_REQUIRES_MANUAL_BINDING
1779678300,1779678600,VIX,VIX,M5,Bid,19.0,19.02,18.97,18.98,23,20,0,MT5_PY_API_UNIX_SECONDS,UNRESOLVED_REQUIRES_MANUAL_BINDING
1779678600,1779678900,VIX,VIX,M5,Bid,18.97,18.98,18.97,18.97,9,20,0,MT5_PY_API_UNIX_SECONDS,UNRESOLVED_REQUIRES_MANUAL_BINDING
1779678900,1779679200,VIX,VIX,M5,Bid,18.98,19.02,18.98,18.98,20,20,0,MT5_PY_API_UNIX_SECONDS,UNRESOLVED_REQUIRES_MANUAL_BINDING
1779679200,1779679500,VIX,VIX,M5,Bid,18.99,19.0,18.91,18.91,13,20,0,MT5_PY_API_UNIX_SECONDS,UNRESOLVED_REQUIRES_MANUAL_BINDING
1779679500,1779679800,VIX,VIX,M5,Bid,18.96,18.97,18.96,18.96,7,20,0,MT5_PY_API_UNIX_SECONDS,UNRESOLVED_REQUIRES_MANUAL_BINDING
1779679800,1779680100,VIX,VIX,M5,Bid,18.91,18.96,18.91,18.93,14,20,0,MT5_PY_API_UNIX_SECONDS,UNRESOLVED_REQUIRES_MANUAL_BINDING
1779680700,1779681000,VIX,VIX,M5,Bid,18.96,18.96,18.86,18.87,8,21,0,MT5_PY_API_UNIX_SECONDS,UNRESOLVED_REQUIRES_MANUAL_BINDING
1779681000,1779681300,VIX,VIX,M5,Bid,18.88,18.93,18.87,18.91,9,21,0,MT5_PY_API_UNIX_SECONDS,UNRESOLVED_REQUIRES_MANUAL_BINDING
1779681300,1779681600,VIX,VIX,M5,Bid,18.92,18.93,18.92,18.93,10,20,0,MT5_PY_API_UNIX_SECONDS,UNRESOLVED_REQUIRES_MANUAL_BINDING
1779681600,1779681900,VIX,VIX,M5,Bid,18.91,18.94,18.91,18.92,8,20,0,MT5_PY_API_UNIX_SECONDS,UNRESOLVED_REQUIRES_MANUAL_BINDING
1779681900,1779682200,VIX,VIX,M5,Bid,18.93,18.93,18.92,18.93,3,21,0,MT5_PY_API_UNIX_SECONDS,UNRESOLVED_REQUIRES_MANUAL_BINDING
1779682200,1779682500,VIX,VIX,M5,Bid,18.92,18.93,18.92,18.92,5,21,0,MT5_PY_API_UNIX_SECONDS,UNRESOLVED_REQUIRES_MANUAL_BINDING
1779682500,1779682800,VIX,VIX,M5,Bid,18.91,18.93,18.91,18.92,10,20,0,MT5_PY_API_UNIX_SECONDS,UNRESOLVED_REQUIRES_MANUAL_BINDING
1779682800,1779683100,VIX,VIX,M5,Bid,18.91,18.92,18.88,18.91,20,20,0,MT5_PY_API_UNIX_SECONDS,UNRESOLVED_REQUIRES_MANUAL_BINDING
1779683100,1779683400,VIX,VIX,M5,Bid,18.92,18.92,18.91,18.91,8,20,0,MT5_PY_API_UNIX_SECONDS,UNRESOLVED_REQUIRES_MANUAL_BINDING
1779683400,1779683700,VIX,VIX,M5,Bid,18.92,18.92,18.91,18.92,7,20,0,MT5_PY_API_UNIX_SECONDS,UNRESOLVED_REQUIRES_MANUAL_BINDING
1779683700,1779684000,VIX,VIX,M5,Bid,18.91,18.92,18.91,18.92,2,20,0,MT5_PY_API_UNIX_SECONDS,UNRESOLVED_REQUIRES_MANUAL_BINDING
1779684000,1779684300,VIX,VIX,M5,Bid,18.91,18.92,18.91,18.91,3,21,0,MT5_PY_API_UNIX_SECONDS,UNRESOLVED_REQUIRES_MANUAL_BINDING
1779684300,1779684600,VIX,VIX,M5,Bid,18.92,18.93,18.91,18.93,5,20,0,MT5_PY_API_UNIX_SECONDS,UNRESOLVED_REQUIRES_MANUAL_BINDING
1779684600,1779684900,VIX,VIX,M5,Bid,18.92,18.92,18.92,18.92,1,21,0,MT5_PY_API_UNIX_SECONDS,UNRESOLVED_REQUIRES_MANUAL_BINDING
1779684900,1779685200,VIX,VIX,M5,Bid,18.93,18.93,18.92,18.92,2,21,0,MT5_PY_API_UNIX_SECONDS,UNRESOLVED_REQUIRES_MANUAL_BINDING
1779685200,1779685500,VIX,VIX,M5,Bid,18.93,18.93,18.93,18.93,1,21,0,MT5_PY_API_UNIX_SECONDS,UNRESOLVED_REQUIRES_MANUAL_BINDING
1779685500,1779685800,VIX,VIX,M5,Bid,18.92,18.93,18.91,18.93,4,21,0,MT5_PY_API_UNIX_SECONDS,UNRESOLVED_REQUIRES_MANUAL_BINDING
1779685800,1779686100,VIX,VIX,M5,Bid,18.92,18.93,18.92,18.93,4,21,0,MT5_PY_API_UNIX_SECONDS,UNRESOLVED_REQUIRES_MANUAL_BINDING
1779686100,1779686400,VIX,VIX,M5,Bid,18.96,18.96,18.93,18.96,27,20,0,MT5_PY_API_UNIX_SECONDS,UNRESOLVED_REQUIRES_MANUAL_BINDING
1779686400,1779686700,VIX,VIX,M5,Bid,18.97,18.97,18.96,18.97,5,20,0,MT5_PY_API_UNIX_SECONDS,UNRESOLVED_REQUIRES_MANUAL_BINDING
1779687000,1779687300,VIX,VIX,M5,Bid,18.98,18.98,18.97,18.97,2,20,0,MT5_PY_API_UNIX_SECONDS,UNRESOLVED_REQUIRES_MANUAL_BINDING
1779687300,1779687600,VIX,VIX,M5,Bid,18.98,18.98,18.97,18.97,2,20,0,MT5_PY_API_UNIX_SECONDS,UNRESOLVED_REQUIRES_MANUAL_BINDING
1779687600,1779687900,VIX,VIX,M5,Bid,18.98,18.98,18.97,18.97,4,20,0,MT5_PY_API_UNIX_SECONDS,UNRESOLVED_REQUIRES_MANUAL_BINDING
1779687900,1779688200,VIX,VIX,M5,Bid,18.96,18.97,18.93,18.97,10,20,0,MT5_PY_API_UNIX_SECONDS,UNRESOLVED_REQUIRES_MANUAL_BINDING
1779688500,1779688800,VIX,VIX,M5,Bid,18.96,18.97,18.96,18.96,3,21,0,MT5_PY_API_UNIX_SECONDS,UNRESOLVED_REQUIRES_MANUAL_BINDING
1779688800,1779689100,VIX,VIX,M5,Bid,18.93,18.97,18.93,18.96,6,20,0,MT5_PY_API_UNIX_SECONDS,UNRESOLVED_REQUIRES_MANUAL_BINDING
1779689100,1779689400,VIX,VIX,M5,Bid,18.97,18.97,18.96,18.97,11,20,0,MT5_PY_API_UNIX_SECONDS,UNRESOLVED_REQUIRES_MANUAL_BINDING
1779689400,1779689700,VIX,VIX,M5,Bid,18.98,19.02,18.98,19.02,9,21,0,MT5_PY_API_UNIX_SECONDS,UNRESOLVED_REQUIRES_MANUAL_BINDING
1779689700,1779690000,VIX,VIX,M5,Bid,19.02,19.02,19.01,19.02,6,20,0,MT5_PY_API_UNIX_SECONDS,UNRESOLVED_REQUIRES_MANUAL_BINDING
1779690000,1779690300,VIX,VIX,M5,Bid,19.01,19.02,18.98,19.02,12,20,0,MT5_PY_API_UNIX_SECONDS,UNRESOLVED_REQUIRES_MANUAL_BINDING
1779690300,1779690600,VIX,VIX,M5,Bid,19.03,19.03,19.03,19.03,1,21,0,MT5_PY_API_UNIX_SECONDS,UNRESOLVED_REQUIRES_MANUAL_BINDING
1779690600,1779690900,VIX,VIX,M5,Bid,19.02,19.03,19.01,19.01,4,20,0,MT5_PY_API_UNIX_SECONDS,UNRESOLVED_REQUIRES_MANUAL_BINDING
1779690900,1779691200,VIX,VIX,M5,Bid,18.99,19.02,18.99,19.02,5,21,0,MT5_PY_API_UNIX_SECONDS,UNRESOLVED_REQUIRES_MANUAL_BINDING
1779691200,1779691500,VIX,VIX,M5,Bid,19.01,19.01,18.98,18.98,3,21,0,MT5_PY_API_UNIX_SECONDS,UNRESOLVED_REQUIRES_MANUAL_BINDING
1779691500,1779691800,VIX,VIX,M5,Bid,18.99,18.99,18.98,18.98,2,21,0,MT5_PY_API_UNIX_SECONDS,UNRESOLVED_REQUIRES_MANUAL_BINDING
1779691800,1779692100,VIX,VIX,M5,Bid,18.98,18.98,18.98,18.98,3,20,0,MT5_PY_API_UNIX_SECONDS,UNRESOLVED_REQUIRES_MANUAL_BINDING
1779692100,1779692400,VIX,VIX,M5,Bid,18.98,18.98,18.97,18.98,5,20,0,MT5_PY_API_UNIX_SECONDS,UNRESOLVED_REQUIRES_MANUAL_BINDING
1779692400,1779692700,VIX,VIX,M5,Bid,18.97,18.97,18.97,18.97,1,21,0,MT5_PY_API_UNIX_SECONDS,UNRESOLVED_REQUIRES_MANUAL_BINDING
1779693000,1779693300,VIX,VIX,M5,Bid,18.98,18.98,18.97,18.97,2,21,0,MT5_PY_API_UNIX_SECONDS,UNRESOLVED_REQUIRES_MANUAL_BINDING
1779693300,1779693600,VIX,VIX,M5,Bid,18.98,18.98,18.98,18.98,1,21,0,MT5_PY_API_UNIX_SECONDS,UNRESOLVED_REQUIRES_MANUAL_BINDING
1779693600,1779693900,VIX,VIX,M5,Bid,18.97,18.98,18.97,18.98,4,21,0,MT5_PY_API_UNIX_SECONDS,UNRESOLVED_REQUIRES_MANUAL_BINDING
1779693900,1779694200,VIX,VIX,M5,Bid,18.98,18.98,18.97,18.98,3,20,0,MT5_PY_API_UNIX_SECONDS,UNRESOLVED_REQUIRES_MANUAL_BINDING
1779694200,1779694500,VIX,VIX,M5,Bid,18.98,18.98,18.98,18.98,2,20,0,MT5_PY_API_UNIX_SECONDS,UNRESOLVED_REQUIRES_MANUAL_BINDING
1779694500,1779694800,VIX,VIX,M5,Bid,18.97,18.98,18.97,18.98,2,20,0,MT5_PY_API_UNIX_SECONDS,UNRESOLVED_REQUIRES_MANUAL_BINDING
1779694800,1779695100,VIX,VIX,M5,Bid,18.97,18.97,18.97,18.97,1,21,0,MT5_PY_API_UNIX_SECONDS,UNRESOLVED_REQUIRES_MANUAL_BINDING
1779695100,1779695400,VIX,VIX,M5,Bid,18.96,18.97,18.96,18.97,2,21,0,MT5_PY_API_UNIX_SECONDS,UNRESOLVED_REQUIRES_MANUAL_BINDING
1779695400,1779695700,VIX,VIX,M5,Bid,18.96,18.97,18.96,18.97,2,20,0,MT5_PY_API_UNIX_SECONDS,UNRESOLVED_REQUIRES_MANUAL_BINDING
1779695700,1779696000,VIX,VIX,M5,Bid,18.96,18.97,18.96,18.97,5,20,0,MT5_PY_API_UNIX_SECONDS,UNRESOLVED_REQUIRES_MANUAL_BINDING
1779696000,1779696300,VIX,VIX,M5,Bid,18.97,18.97,18.93,18.93,7,20,0,MT5_PY_API_UNIX_SECONDS,UNRESOLVED_REQUIRES_MANUAL_BINDING
1779696600,1779696900,VIX,VIX,M5,Bid,18.92,18.93,18.92,18.92,3,21,0,MT5_PY_API_UNIX_SECONDS,UNRESOLVED_REQUIRES_MANUAL_BINDING
1779696900,1779697200,VIX,VIX,M5,Bid,18.93,18.93,18.92,18.92,4,21,0,MT5_PY_API_UNIX_SECONDS,UNRESOLVED_REQUIRES_MANUAL_BINDING
1779697200,1779697500,VIX,VIX,M5,Bid,18.93,18.93,18.92,18.93,3,21,0,MT5_PY_API_UNIX_SECONDS,UNRESOLVED_REQUIRES_MANUAL_BINDING
1779697800,1779698100,VIX,VIX,M5,Bid,18.92,18.93,18.92,18.92,3,21,0,MT5_PY_API_UNIX_SECONDS,UNRESOLVED_REQUIRES_MANUAL_BINDING
1779698100,1779698400,VIX,VIX,M5,Bid,18.91,18.93,18.91,18.93,5,20,0,MT5_PY_API_UNIX_SECONDS,UNRESOLVED_REQUIRES_MANUAL_BINDING
1779698400,1779698700,VIX,VIX,M5,Bid,18.92,18.92,18.92,18.92,1,21,0,MT5_PY_API_UNIX_SECONDS,UNRESOLVED_REQUIRES_MANUAL_BINDING
1779698700,1779699000,VIX,VIX,M5,Bid,18.93,18.93,18.93,18.93,1,21,0,MT5_PY_API_UNIX_SECONDS,UNRESOLVED_REQUIRES_MANUAL_BINDING
1779699300,1779699600,VIX,VIX,M5,Bid,18.92,18.93,18.92,18.93,2,21,0,MT5_PY_API_UNIX_SECONDS,UNRESOLVED_REQUIRES_MANUAL_BINDING
1779699600,1779699900,VIX,VIX,M5,Bid,18.96,18.96,18.93,18.96,9,21,0,MT5_PY_API_UNIX_SECONDS,UNRESOLVED_REQUIRES_MANUAL_BINDING
1779699900,1779700200,VIX,VIX,M5,Bid,18.95,18.96,18.95,18.96,4,21,0,MT5_PY_API_UNIX_SECONDS,UNRESOLVED_REQUIRES_MANUAL_BINDING
1779700200,1779700500,VIX,VIX,M5,Bid,18.95,18.96,18.93,18.96,4,21,0,MT5_PY_API_UNIX_SECONDS,UNRESOLVED_REQUIRES_MANUAL_BINDING
1779700800,1779701100,VIX,VIX,M5,Bid,18.97,18.97,18.96,18.96,3,20,0,MT5_PY_API_UNIX_SECONDS,UNRESOLVED_REQUIRES_MANUAL_BINDING
1779701100,1779701400,VIX,VIX,M5,Bid,18.93,18.93,18.93,18.93,1,21,0,MT5_PY_API_UNIX_SECONDS,UNRESOLVED_REQUIRES_MANUAL_BINDING
1779701400,1779701700,VIX,VIX,M5,Bid,18.95,18.96,18.93,18.93,6,21,0,MT5_PY_API_UNIX_SECONDS,UNRESOLVED_REQUIRES_MANUAL_BINDING
1779701700,1779702000,VIX,VIX,M5,Bid,18.92,18.93,18.92,18.92,3,21,0,MT5_PY_API_UNIX_SECONDS,UNRESOLVED_REQUIRES_MANUAL_BINDING
1779702000,1779702300,VIX,VIX,M5,Bid,18.92,18.93,18.92,18.93,3,20,0,MT5_PY_API_UNIX_SECONDS,UNRESOLVED_REQUIRES_MANUAL_BINDING
1779702300,1779702600,VIX,VIX,M5,Bid,18.92,18.93,18.92,18.92,3,20,0,MT5_PY_API_UNIX_SECONDS,UNRESOLVED_REQUIRES_MANUAL_BINDING
1779702600,1779702900,VIX,VIX,M5,Bid,18.93,18.93,18.92,18.92,3,20,0,MT5_PY_API_UNIX_SECONDS,UNRESOLVED_REQUIRES_MANUAL_BINDING
1779703500,1779703800,VIX,VIX,M5,Bid,18.93,18.93,18.92,18.92,3,20,0,MT5_PY_API_UNIX_SECONDS,UNRESOLVED_REQUIRES_MANUAL_BINDING
1779703800,1779704100,VIX,VIX,M5,Bid,18.92,18.93,18.92,18.93,4,20,0,MT5_PY_API_UNIX_SECONDS,UNRESOLVED_REQUIRES_MANUAL_BINDING
1779704100,1779704400,VIX,VIX,M5,Bid,18.93,19.08,18.92,19.01,38,20,0,MT5_PY_API_UNIX_SECONDS,UNRESOLVED_REQUIRES_MANUAL_BINDING
1779704400,1779704700,VIX,VIX,M5,Bid,19.02,19.02,18.92,18.92,27,20,0,MT5_PY_API_UNIX_SECONDS,UNRESOLVED_REQUIRES_MANUAL_BINDING
1779704700,1779705000,VIX,VIX,M5,Bid,18.92,18.92,18.92,18.92,1,21,0,MT5_PY_API_UNIX_SECONDS,UNRESOLVED_REQUIRES_MANUAL_BINDING
1779705000,1779705300,VIX,VIX,M5,Bid,18.92,18.92,18.81,18.86,38,20,0,MT5_PY_API_UNIX_SECONDS,UNRESOLVED_REQUIRES_MANUAL_BINDING
1779705300,1779705600,VIX,VIX,M5,Bid,18.84,18.88,18.84,18.86,9,20,0,MT5_PY_API_UNIX_SECONDS,UNRESOLVED_REQUIRES_MANUAL_BINDING
1779705600,1779705900,VIX,VIX,M5,Bid,18.87,18.87,18.84,18.86,6,20,0,MT5_PY_API_UNIX_SECONDS,UNRESOLVED_REQUIRES_MANUAL_BINDING
1779705900,1779706200,VIX,VIX,M5,Bid,18.87,18.87,18.86,18.86,4,20,0,MT5_PY_API_UNIX_SECONDS,UNRESOLVED_REQUIRES_MANUAL_BINDING
1779706200,1779706500,VIX,VIX,M5,Bid,18.87,18.87,18.86,18.86,2,20,0,MT5_PY_API_UNIX_SECONDS,UNRESOLVED_REQUIRES_MANUAL_BINDING
1779706800,1779707100,VIX,VIX,M5,Bid,18.87,18.91,18.86,18.87,8,20,0,MT5_PY_API_UNIX_SECONDS,UNRESOLVED_REQUIRES_MANUAL_BINDING
1779707100,1779707400,VIX,VIX,M5,Bid,18.88,18.88,18.86,18.86,5,20,0,MT5_PY_API_UNIX_SECONDS,UNRESOLVED_REQUIRES_MANUAL_BINDING
1779707400,1779707700,VIX,VIX,M5,Bid,18.85,18.87,18.83,18.86,8,20,0,MT5_PY_API_UNIX_SECONDS,UNRESOLVED_REQUIRES_MANUAL_BINDING
1779707700,1779708000,VIX,VIX,M5,Bid,18.87,18.88,18.86,18.86,5,20,0,MT5_PY_API_UNIX_SECONDS,UNRESOLVED_REQUIRES_MANUAL_BINDING
1779708000,1779708300,VIX,VIX,M5,Bid,18.85,18.86,18.83,18.86,4,21,0,MT5_PY_API_UNIX_SECONDS,UNRESOLVED_REQUIRES_MANUAL_BINDING
1779708300,1779708600,VIX,VIX,M5,Bid,18.87,18.88,18.86,18.86,10,20,0,MT5_PY_API_UNIX_SECONDS,UNRESOLVED_REQUIRES_MANUAL_BINDING
1779708600,1779708900,VIX,VIX,M5,Bid,18.87,18.87,18.81,18.81,5,21,0,MT5_PY_API_UNIX_SECONDS,UNRESOLVED_REQUIRES_MANUAL_BINDING
1779708900,1779709200,VIX,VIX,M5,Bid,18.82,18.82,18.81,18.82,4,20,0,MT5_PY_API_UNIX_SECONDS,UNRESOLVED_REQUIRES_MANUAL_BINDING
1779709200,1779709500,VIX,VIX,M5,Bid,18.82,18.82,18.82,18.82,1,21,0,MT5_PY_API_UNIX_SECONDS,UNRESOLVED_REQUIRES_MANUAL_BINDING
1779709800,1779710100,VIX,VIX,M5,Bid,18.81,18.82,18.81,18.82,2,21,0,MT5_PY_API_UNIX_SECONDS,UNRESOLVED_REQUIRES_MANUAL_BINDING
1779710100,1779710400,VIX,VIX,M5,Bid,18.81,18.82,18.81,18.82,2,20,0,MT5_PY_API_UNIX_SECONDS,UNRESOLVED_REQUIRES_MANUAL_BINDING
1779710400,1779710700,VIX,VIX,M5,Bid,18.81,18.81,18.77,18.78,11,20,0,MT5_PY_API_UNIX_SECONDS,UNRESOLVED_REQUIRES_MANUAL_BINDING
1779710700,1779711000,VIX,VIX,M5,Bid,18.78,18.78,18.77,18.78,5,20,0,MT5_PY_API_UNIX_SECONDS,UNRESOLVED_REQUIRES_MANUAL_BINDING
1779711000,1779711300,VIX,VIX,M5,Bid,18.78,18.78,18.77,18.78,5,20,0,MT5_PY_API_UNIX_SECONDS,UNRESOLVED_REQUIRES_MANUAL_BINDING
1779711300,1779711600,VIX,VIX,M5,Bid,18.78,18.78,18.77,18.77,2,20,0,MT5_PY_API_UNIX_SECONDS,UNRESOLVED_REQUIRES_MANUAL_BINDING
1779711600,1779711900,VIX,VIX,M5,Bid,18.78,18.78,18.77,18.78,4,20,0,MT5_PY_API_UNIX_SECONDS,UNRESOLVED_REQUIRES_MANUAL_BINDING
1779711900,1779712200,VIX,VIX,M5,Bid,18.78,18.81,18.78,18.81,2,21,0,MT5_PY_API_UNIX_SECONDS,UNRESOLVED_REQUIRES_MANUAL_BINDING
1779712200,1779712500,VIX,VIX,M5,Bid,18.79,18.81,18.78,18.78,8,21,0,MT5_PY_API_UNIX_SECONDS,UNRESOLVED_REQUIRES_MANUAL_BINDING
1779712500,1779712800,VIX,VIX,M5,Bid,18.79,18.79,18.77,18.78,5,20,0,MT5_PY_API_UNIX_SECONDS,UNRESOLVED_REQUIRES_MANUAL_BINDING
1779712800,1779713100,VIX,VIX,M5,Bid,18.77,18.78,18.77,18.78,6,20,0,MT5_PY_API_UNIX_SECONDS,UNRESOLVED_REQUIRES_MANUAL_BINDING
1779713100,1779713400,VIX,VIX,M5,Bid,18.78,18.78,18.78,18.78,1,21,0,MT5_PY_API_UNIX_SECONDS,UNRESOLVED_REQUIRES_MANUAL_BINDING
1779713400,1779713700,VIX,VIX,M5,Bid,18.79,18.79,18.78,18.78,2,21,0,MT5_PY_API_UNIX_SECONDS,UNRESOLVED_REQUIRES_MANUAL_BINDING
1779714000,1779714300,VIX,VIX,M5,Bid,18.79,18.79,18.78,18.78,2,21,0,MT5_PY_API_UNIX_SECONDS,UNRESOLVED_REQUIRES_MANUAL_BINDING
1779714300,1779714600,VIX,VIX,M5,Bid,18.79,18.81,18.78,18.78,6,20,0,MT5_PY_API_UNIX_SECONDS,UNRESOLVED_REQUIRES_MANUAL_BINDING
1779714600,1779714900,VIX,VIX,M5,Bid,18.78,18.78,18.77,18.77,9,20,0,MT5_PY_API_UNIX_SECONDS,UNRESOLVED_REQUIRES_MANUAL_BINDING
1779714900,1779715200,VIX,VIX,M5,Bid,18.78,18.78,18.78,18.78,1,21,0,MT5_PY_API_UNIX_SECONDS,UNRESOLVED_REQUIRES_MANUAL_BINDING
1779715200,1779715500,VIX,VIX,M5,Bid,18.79,18.79,18.78,18.78,2,21,0,MT5_PY_API_UNIX_SECONDS,UNRESOLVED_REQUIRES_MANUAL_BINDING
1779715500,1779715800,VIX,VIX,M5,Bid,18.79,18.82,18.79,18.82,5,20,0,MT5_PY_API_UNIX_SECONDS,UNRESOLVED_REQUIRES_MANUAL_BINDING
1779715800,1779716100,VIX,VIX,M5,Bid,18.81,18.82,18.81,18.81,3,20,0,MT5_PY_API_UNIX_SECONDS,UNRESOLVED_REQUIRES_MANUAL_BINDING
1779716100,1779716400,VIX,VIX,M5,Bid,18.82,18.82,18.81,18.81,6,20,0,MT5_PY_API_UNIX_SECONDS,UNRESOLVED_REQUIRES_MANUAL_BINDING
1779717000,1779717300,VIX,VIX,M5,Bid,18.8,18.8,18.78,18.78,2,20,0,MT5_PY_API_UNIX_SECONDS,UNRESOLVED_REQUIRES_MANUAL_BINDING
1779717600,1779717900,VIX,VIX,M5,Bid,18.79,18.81,18.78,18.79,11,20,0,MT5_PY_API_UNIX_SECONDS,UNRESOLVED_REQUIRES_MANUAL_BINDING
1779717900,1779718200,VIX,VIX,M5,Bid,18.8,18.82,18.79,18.81,8,20,0,MT5_PY_API_UNIX_SECONDS,UNRESOLVED_REQUIRES_MANUAL_BINDING
1779718500,1779718800,VIX,VIX,M5,Bid,18.8,18.8,18.78,18.78,2,20,0,MT5_PY_API_UNIX_SECONDS,UNRESOLVED_REQUIRES_MANUAL_BINDING
1779718800,1779719100,VIX,VIX,M5,Bid,18.79,18.79,18.78,18.78,2,21,0,MT5_PY_API_UNIX_SECONDS,UNRESOLVED_REQUIRES_MANUAL_BINDING
1779719400,1779719700,VIX,VIX,M5,Bid,18.77,18.78,18.77,18.78,10,20,0,MT5_PY_API_UNIX_SECONDS,UNRESOLVED_REQUIRES_MANUAL_BINDING
1779719700,1779720000,VIX,VIX,M5,Bid,18.78,18.78,18.77,18.77,4,20,0,MT5_PY_API_UNIX_SECONDS,UNRESOLVED_REQUIRES_MANUAL_BINDING
1779720300,1779720600,VIX,VIX,M5,Bid,18.76,18.77,18.76,18.77,2,21,0,MT5_PY_API_UNIX_SECONDS,UNRESOLVED_REQUIRES_MANUAL_BINDING
1779720900,1779721200,VIX,VIX,M5,Bid,18.78,18.78,18.77,18.78,4,20,0,MT5_PY_API_UNIX_SECONDS,UNRESOLVED_REQUIRES_MANUAL_BINDING
1779721200,1779721500,VIX,VIX,M5,Bid,18.78,18.87,18.78,18.87,15,20,0,MT5_PY_API_UNIX_SECONDS,UNRESOLVED_REQUIRES_MANUAL_BINDING
1779721500,1779721800,VIX,VIX,M5,Bid,18.87,18.91,18.87,18.91,22,20,0,MT5_PY_API_UNIX_SECONDS,UNRESOLVED_REQUIRES_MANUAL_BINDING
1779721800,1779722100,VIX,VIX,M5,Bid,18.92,18.92,18.88,18.88,17,20,0,MT5_PY_API_UNIX_SECONDS,UNRESOLVED_REQUIRES_MANUAL_BINDING
1779722100,1779722400,VIX,VIX,M5,Bid,18.9,18.92,18.88,18.91,6,20,0,MT5_PY_API_UNIX_SECONDS,UNRESOLVED_REQUIRES_MANUAL_BINDING
1779722400,1779722700,VIX,VIX,M5,Bid,18.92,18.92,18.83,18.87,19,20,0,MT5_PY_API_UNIX_SECONDS,UNRESOLVED_REQUIRES_MANUAL_BINDING
1779722700,1779723000,VIX,VIX,M5,Bid,18.88,18.93,18.87,18.92,11,20,0,MT5_PY_API_UNIX_SECONDS,UNRESOLVED_REQUIRES_MANUAL_BINDING
1779723000,1779723300,VIX,VIX,M5,Bid,18.93,18.93,18.92,18.92,6,20,0,MT5_PY_API_UNIX_SECONDS,UNRESOLVED_REQUIRES_MANUAL_BINDING
1779723300,1779723600,VIX,VIX,M5,Bid,18.93,18.93,18.92,18.92,10,20,0,MT5_PY_API_UNIX_SECONDS,UNRESOLVED_REQUIRES_MANUAL_BINDING
1779723600,1779723900,VIX,VIX,M5,Bid,18.93,18.93,18.92,18.93,5,20,0,MT5_PY_API_UNIX_SECONDS,UNRESOLVED_REQUIRES_MANUAL_BINDING
1779723900,1779724200,VIX,VIX,M5,Bid,18.92,18.93,18.92,18.93,4,20,0,MT5_PY_API_UNIX_SECONDS,UNRESOLVED_REQUIRES_MANUAL_BINDING
1779724200,1779724500,VIX,VIX,M5,Bid,18.93,18.93,18.92,18.92,2,20,0,MT5_PY_API_UNIX_SECONDS,UNRESOLVED_REQUIRES_MANUAL_BINDING
1779724500,1779724800,VIX,VIX,M5,Bid,18.93,18.93,18.92,18.93,9,20,0,MT5_PY_API_UNIX_SECONDS,UNRESOLVED_REQUIRES_MANUAL_BINDING
1779724800,1779725100,VIX,VIX,M5,Bid,18.92,18.93,18.92,18.93,7,20,0,MT5_PY_API_UNIX_SECONDS,UNRESOLVED_REQUIRES_MANUAL_BINDING
1779725100,1779725400,VIX,VIX,M5,Bid,18.92,18.93,18.92,18.92,4,20,0,MT5_PY_API_UNIX_SECONDS,UNRESOLVED_REQUIRES_MANUAL_BINDING
1779725700,1779726000,VIX,VIX,M5,Bid,18.93,18.93,18.91,18.92,7,20,0,MT5_PY_API_UNIX_SECONDS,UNRESOLVED_REQUIRES_MANUAL_BINDING
1779726000,1779726300,VIX,VIX,M5,Bid,18.92,18.93,18.92,18.93,5,20,0,MT5_PY_API_UNIX_SECONDS,UNRESOLVED_REQUIRES_MANUAL_BINDING
1779726600,1779726900,VIX,VIX,M5,Bid,18.92,18.93,18.92,18.93,20,20,0,MT5_PY_API_UNIX_SECONDS,UNRESOLVED_REQUIRES_MANUAL_BINDING
1779726900,1779727200,VIX,VIX,M5,Bid,18.92,18.93,18.92,18.92,11,20,0,MT5_PY_API_UNIX_SECONDS,UNRESOLVED_REQUIRES_MANUAL_BINDING
1779727200,1779727500,VIX,VIX,M5,Bid,18.93,18.93,18.92,18.92,4,20,0,MT5_PY_API_UNIX_SECONDS,UNRESOLVED_REQUIRES_MANUAL_BINDING
1779727500,1779727800,VIX,VIX,M5,Bid,18.93,18.93,18.92,18.92,7,20,0,MT5_PY_API_UNIX_SECONDS,UNRESOLVED_REQUIRES_MANUAL_BINDING
1779727800,1779728100,VIX,VIX,M5,Bid,18.93,18.93,18.87,18.87,6,20,0,MT5_PY_API_UNIX_SECONDS,UNRESOLVED_REQUIRES_MANUAL_BINDING
1779728100,1779728400,VIX,VIX,M5,Bid,18.87,18.87,18.87,18.87,3,20,0,MT5_PY_API_UNIX_SECONDS,UNRESOLVED_REQUIRES_MANUAL_BINDING
1779728400,1779728700,VIX,VIX,M5,Bid,18.87,18.87,18.87,18.87,2,21,0,MT5_PY_API_UNIX_SECONDS,UNRESOLVED_REQUIRES_MANUAL_BINDING
1779729000,1779729300,VIX,VIX,M5,Bid,18.88,18.88,18.87,18.88,3,21,0,MT5_PY_API_UNIX_SECONDS,UNRESOLVED_REQUIRES_MANUAL_BINDING
1779729300,1779729600,VIX,VIX,M5,Bid,18.87,18.87,18.81,18.81,6,21,0,MT5_PY_API_UNIX_SECONDS,UNRESOLVED_REQUIRES_MANUAL_BINDING
1779729600,1779729900,VIX,VIX,M5,Bid,18.82,18.82,18.82,18.82,1,21,0,MT5_PY_API_UNIX_SECONDS,UNRESOLVED_REQUIRES_MANUAL_BINDING
1779729900,1779730200,VIX,VIX,M5,Bid,18.82,18.82,18.81,18.82,4,20,0,MT5_PY_API_UNIX_SECONDS,UNRESOLVED_REQUIRES_MANUAL_BINDING
1779730200,1779730500,VIX,VIX,M5,Bid,18.82,18.82,18.82,18.82,1,21,0,MT5_PY_API_UNIX_SECONDS,UNRESOLVED_REQUIRES_MANUAL_BINDING
1779730500,1779730800,VIX,VIX,M5,Bid,18.82,18.82,18.82,18.82,2,20,0,MT5_PY_API_UNIX_SECONDS,UNRESOLVED_REQUIRES_MANUAL_BINDING
1779732000,1779732300,VIX,VIX,M5,Bid,18.87,18.88,18.86,18.87,7,20,0,MT5_PY_API_UNIX_SECONDS,UNRESOLVED_REQUIRES_MANUAL_BINDING
1779732300,1779732600,VIX,VIX,M5,Bid,18.88,18.88,18.87,18.87,3,20,0,MT5_PY_API_UNIX_SECONDS,UNRESOLVED_REQUIRES_MANUAL_BINDING
1779732600,1779732900,VIX,VIX,M5,Bid,18.87,18.87,18.71,18.77,92,20,0,MT5_PY_API_UNIX_SECONDS,UNRESOLVED_REQUIRES_MANUAL_BINDING
1779732900,1779733200,VIX,VIX,M5,Bid,18.76,18.81,18.76,18.76,16,20,0,MT5_PY_API_UNIX_SECONDS,UNRESOLVED_REQUIRES_MANUAL_BINDING
1779733200,1779733500,VIX,VIX,M5,Bid,18.77,18.77,18.75,18.76,12,20,0,MT5_PY_API_UNIX_SECONDS,UNRESOLVED_REQUIRES_MANUAL_BINDING
1779733500,1779733800,VIX,VIX,M5,Bid,18.75,18.75,18.71,18.72,22,20,0,MT5_PY_API_UNIX_SECONDS,UNRESOLVED_REQUIRES_MANUAL_BINDING
