profile_id,profile_role,split,granularity,period,tier_scope,record_view,max_hold_bars,atr_stop_multiplier,atr_take_profit_multiplier,cooldown_bars,early_adverse_exit_enabled,trade_count,days_in_scope,trades_per_day,long_trade_count,short_trade_count,net_profit,profit_factor,expectancy,win_rate,max_drawdown_percent,max_monthly_drawdown_percent,dd_risk_percent,underwater_ratio,max_loss_streak,equity_trend_r2,sparse_flag,pf999_sparse_flag,density_axis_distance,pf_axis_distance,dd_axis_distance,smoothness_axis_distance,aspiration_distance_score,proxy_cost_log_return
f21b_sim_baseline_hold12_no_stop,repair_reference_baseline(수리 참조 비교 행),train,month,2022-09,Tier A(티어 A),Tier A separate(티어 A 분리),12,0.0,0.0,0,False,38,17,2.235294117647059,38,0,-0.0022196551328397076,0.9776152518197089,-5.8411977179992305e-05,0.5526315789473685,4.487940718842253,4.487940718842253,4.487940718842253,0.7631578947368421,3,0.2643877144473899,False,False,0.5529411764705883,0.5111923740901456,0.0,1.7044465811302534,2.768580131690987,5e-05
f21b_sim_baseline_hold12_no_stop,repair_reference_baseline(수리 참조 비교 행),train,month,2022-10,Tier A(티어 A),Tier A separate(티어 A 분리),12,0.0,0.0,0,False,45,19,2.3684210526315788,45,0,0.016031208278125396,1.1029993407198058,0.000356249072847231,0.6,7.448253991401921,7.448253991401921,7.448253991401921,0.9111111111111111,4,0.05119566754329789,False,False,0.5263157894736843,0.4485003296400971,0.0,0.876961949605516,1.8517780687192973,5e-05
f21b_sim_baseline_hold12_no_stop,repair_reference_baseline(수리 참조 비교 행),train,month,2022-11,Tier A(티어 A),Tier A separate(티어 A 분리),12,0.0,0.0,0,False,32,15,2.1333333333333333,32,0,0.012899235237057213,1.164750314668412,0.0004031011011580379,0.46875,3.4497629252815853,3.4497629252815853,3.4497629252815853,0.90625,4,0.0034588444437658288,False,False,0.5733333333333334,0.417624842665794,0.0,0.8962560200003054,1.8872141959994329,5e-05
f21b_sim_baseline_hold12_no_stop,repair_reference_baseline(수리 참조 비교 행),train,month,2022-12,Tier A(티어 A),Tier A separate(티어 A 분리),12,0.0,0.0,0,False,29,14,2.0714285714285716,29,0,-0.09325285362532457,0.2005614435628819,-0.0032156156422525712,0.3103448275862069,8.903686915767839,8.903686915767839,8.903686915767839,1.0,7,0.9134418078208927,False,False,0.5857142857142856,0.899719278218559,0.0,1.5589511864805983,3.044384750413443,5e-05
f21b_sim_baseline_hold12_no_stop,repair_reference_baseline(수리 참조 비교 행),train,month,2023-01,Tier A(티어 A),Tier A separate(티어 A 분리),12,0.0,0.0,0,False,52,19,2.736842105263158,52,0,0.019878460800771318,1.2408463496234667,0.00038227809232252533,0.5961538461538461,3.1419649761460944,3.1419649761460944,3.1419649761460944,0.9038461538461539,5,0.6812660305958927,False,False,0.4526315789473684,0.37957682518826663,0.0,0.6001610554626176,1.4323694595982526,5e-05
f21b_sim_baseline_hold12_no_stop,repair_reference_baseline(수리 참조 비교 행),train,month,2023-02,Tier A(티어 A),Tier A separate(티어 A 분리),12,0.0,0.0,0,False,32,15,2.1333333333333333,32,0,-0.03453160902843084,0.6960148737645079,-0.0010791127821384637,0.34375,8.492497059041238,8.492497059041238,8.492497059041238,0.90625,4,0.7221070892790336,False,False,0.5733333333333334,0.6519925631177461,0.0,1.572864309824435,2.7981902062755144,5e-05
f21b_sim_baseline_hold12_no_stop,repair_reference_baseline(수리 참조 비교 행),train,month,2023-03,Tier A(티어 A),Tier A separate(티어 A 분리),12,0.0,0.0,0,False,47,18,2.611111111111111,47,0,0.09401704635446773,2.5388837282315806,0.0020003626883929302,0.7021276595744681,1.5058613611187877,1.5058613611187877,1.5058613611187877,0.425531914893617,2,0.9333982019135452,False,False,0.47777777777777775,0.0,0.0,0.24146017084103233,0.7192379486188101,5e-05
f21b_sim_baseline_hold12_no_stop,repair_reference_baseline(수리 참조 비교 행),train,month,2023-04,Tier A(티어 A),Tier A separate(티어 A 분리),12,0.0,0.0,0,False,34,15,2.2666666666666666,34,0,0.012923131492632176,1.2998035803643693,0.00038009210272447574,0.6176470588235294,1.257909850052663,1.257909850052663,1.257909850052663,0.7941176470588235,3,0.5502314282670533,False,False,0.5466666666666666,0.35009820981781536,0.0,0.5897487984562967,1.4865136749407788,5e-05
f21b_sim_baseline_hold12_no_stop,repair_reference_baseline(수리 참조 비교 행),train,month,2023-05,Tier A(티어 A),Tier A separate(티어 A 분리),12,0.0,0.0,0,False,36,15,2.4,36,0,0.010776167984235556,1.2518843694750126,0.0002993379995620988,0.5,1.429904177108543,1.429904177108543,1.429904177108543,0.8611111111111112,3,0.6595429479876549,False,False,0.52,0.3740578152624937,0.0,0.5707056734055553,1.4647634886680492,5e-05
f21b_sim_baseline_hold12_no_stop,repair_reference_baseline(수리 참조 비교 행),train,month,2023-06,Tier A(티어 A),Tier A separate(티어 A 분리),12,0.0,0.0,0,False,44,19,2.3157894736842106,44,0,-0.004728625215884255,0.9385269779222093,-0.00010746875490646035,0.4772727272727273,2.8839510669310564,2.8839510669310564,2.8839510669310564,0.8636363636363636,3,0.6137606298578921,False,False,0.5368421052631579,0.5307365110388953,0.0,1.5924440802003121,2.6600226965023652,5e-05
f21b_sim_baseline_hold12_no_stop,repair_reference_baseline(수리 참조 비교 행),train,month,2023-07,Tier A(티어 A),Tier A separate(티어 A 분리),12,0.0,0.0,0,False,23,13,1.7692307692307692,23,0,-0.0022964075710261277,0.9377728038009346,-9.98438074359186e-05,0.391304347826087,1.660773424419093,1.660773424419093,1.660773424419093,0.9565217391304348,3,0.022879663992598605,False,False,0.6461538461538462,0.5311135980995327,0.0,1.9001389338120263,3.0774063780654055,5e-05
f21b_sim_baseline_hold12_no_stop,repair_reference_baseline(수리 참조 비교 행),train,month,2023-08,Tier A(티어 A),Tier A separate(티어 A 분리),12,0.0,0.0,0,False,41,20,2.05,41,0,-0.012454666707280787,0.8341141053315823,-0.0003037723587141655,0.4634146341463415,3.7318818781114316,3.7318818781114316,3.7318818781114316,1.0,6,0.026008909420669222,False,False,0.5900000000000001,0.5829429473342089,0.0,1.948295990760699,3.121238938094908,5e-05
f21b_sim_baseline_hold12_no_stop,repair_reference_baseline(수리 참조 비교 행),train,month,2023-09,Tier A(티어 A),Tier A separate(티어 A 분리),12,0.0,0.0,0,False,32,14,2.2857142857142856,32,0,-0.012019407439876235,0.7423388478969423,-0.00037560648249613236,0.40625,2.4111437653525525,2.4111437653525525,2.4111437653525525,1.0,4,0.552623391433286,False,False,0.5428571428571429,0.6288305760515289,0.0,1.6913194738550212,2.863007192763693,5e-05
f21b_sim_baseline_hold12_no_stop,repair_reference_baseline(수리 참조 비교 행),train,month,2023-10,Tier A(티어 A),Tier A separate(티어 A 분리),12,0.0,0.0,0,False,51,20,2.55,51,0,-0.0713994644771982,0.5084417556534473,-0.0013999894995529057,0.43137254901960786,7.590545144477268,7.590545144477268,7.590545144477268,1.0,5,0.7238162621317263,False,False,0.49000000000000005,0.7457791221732764,0.0,1.6242826820407232,2.8600618042139994,5e-05
f21b_sim_baseline_hold12_no_stop,repair_reference_baseline(수리 참조 비교 행),train,month,2023-11,Tier A(티어 A),Tier A separate(티어 A 분리),12,0.0,0.0,0,False,29,16,1.8125,29,0,0.0057490912455977015,1.1767675058618337,0.00019824452571026556,0.4827586206896552,1.3179629390320802,1.3179629390320802,1.3179629390320802,0.7931034482758621,5,0.013847386931588348,False,False,0.6375,0.4116162470690832,0.0,0.8506652276049232,1.8997814746740063,5e-05
f21b_sim_baseline_hold12_no_stop,repair_reference_baseline(수리 참조 비교 행),train,month,2023-12,Tier A(티어 A),Tier A separate(티어 A 분리),12,0.0,0.0,0,False,24,12,2.0,24,0,0.027805815475155576,3.1600053529042564,0.001158575644798149,0.625,0.4739501229740206,0.4739501229740206,0.4739501229740206,0.5833333333333334,2,0.7927199763814486,False,False,0.6,0.0,0.0,0.37577601062834814,0.9757760106283482,5e-05
f21b_sim_baseline_hold12_no_stop,repair_reference_baseline(수리 참조 비교 행),train,month,2024-01,Tier A(티어 A),Tier A separate(티어 A 분리),12,0.0,0.0,0,False,25,15,1.6666666666666667,25,0,0.03125057198077094,2.0684522724469385,0.0012500228792308376,0.72,1.0000929374816003,1.0000929374816003,1.0000929374816003,0.48,2,0.9158904528180407,False,False,0.6666666666666666,0.0,0.0,0.2738492962318817,0.9405159628985483,5e-05
f21b_sim_baseline_hold12_no_stop,repair_reference_baseline(수리 참조 비교 행),train,month,2024-02,Tier A(티어 A),Tier A separate(티어 A 분리),12,0.0,0.0,0,False,15,10,1.5,15,0,-0.00872696342616305,0.6592626183739322,-0.0005817975617442033,0.3333333333333333,1.456581496792142,1.456581496792142,1.456581496792142,0.8666666666666667,4,0.04108112085687945,False,False,0.7,0.670368690813034,0.0,1.8615134956144042,3.231882186427438,5e-05
f21b_sim_baseline_hold12_no_stop,repair_reference_baseline(수리 참조 비교 행),train,month,2024-03,Tier A(티어 A),Tier A separate(티어 A 분리),12,0.0,0.0,0,False,12,10,1.2,12,0,-0.008332418443497476,0.6762101005830461,-0.0006943682036247897,0.5,1.2484313083278797,1.2484313083278797,1.2484313083278797,0.9166666666666666,2,0.22137352768214746,False,False,0.76,0.661894949708477,0.0,1.7828819125430337,3.204776862251511,5e-05
f21b_sim_baseline_hold12_no_stop,repair_reference_baseline(수리 참조 비교 행),train,month,2024-04,Tier A(티어 A),Tier A separate(티어 A 분리),12,0.0,0.0,0,False,31,15,2.066666666666667,31,0,-0.010688782193250698,0.8276970226412144,-0.0003447994255887322,0.4838709677419355,3.7342339724265816,3.7342339724265816,3.7342339724265816,0.9032258064516129,6,0.4673156456066584,False,False,0.5866666666666667,0.5861514886793928,0.0,1.7061595723802296,2.878977727726289,5e-05
f21b_sim_baseline_hold12_no_stop,repair_reference_baseline(수리 참조 비교 행),train,month,2024-05,Tier A(티어 A),Tier A separate(티어 A 분리),12,0.0,0.0,0,False,21,13,1.6153846153846154,21,0,0.009129155955441387,1.5054441818381452,0.0004347217121638756,0.6190476190476191,1.2539075910235176,1.2539075910235176,1.2539075910235176,0.42857142857142855,4,0.7013430950623317,False,False,0.676923076923077,0.2472779090809274,0.0,0.36725275007909364,1.291453736083098,5e-05
f21b_sim_baseline_hold12_no_stop,repair_reference_baseline(수리 참조 비교 행),train,month,2024-06,Tier A(티어 A),Tier A separate(티어 A 분리),12,0.0,0.0,0,False,24,12,2.0,24,0,0.02339122821150572,2.281449575463121,0.0009746345088127383,0.625,0.8297881530880735,0.8297881530880735,0.8297881530880735,0.5833333333333334,3,0.8021506367274457,False,False,0.6,0.0,0.0,0.38153221347264943,0.9815322134726494,5e-05
f21b_sim_baseline_hold12_no_stop,repair_reference_baseline(수리 참조 비교 행),train,month,2024-07,Tier A(티어 A),Tier A separate(티어 A 분리),12,0.0,0.0,0,False,29,13,2.230769230769231,29,0,0.016160874028100913,1.3973384462189926,0.0005572715182103763,0.5862068965517241,2.019604434340061,2.019604434340061,2.019604434340061,0.7241379310344828,3,0.07667629326442385,False,False,0.5538461538461539,0.3013307768905037,0.0,0.7713577369965265,1.6265346677331842,5e-05
f21b_sim_baseline_hold12_no_stop,repair_reference_baseline(수리 참조 비교 행),train,month,2024-08,Tier A(티어 A),Tier A separate(티어 A 분리),12,0.0,0.0,0,False,42,18,2.3333333333333335,42,0,0.008910523342783076,1.149369127592319,0.00021215531768531133,0.5238095238095238,1.7481145988170965,1.7481145988170965,1.7481145988170965,0.7380952380952381,4,0.2215220077240849,False,False,0.5333333333333333,0.4253154362038405,0.0,0.722457953667019,1.6811067232041927,5e-05
f21b_sim_baseline_hold12_no_stop,repair_reference_baseline(수리 참조 비교 행),train,month,2024-09,Tier A(티어 A),Tier A separate(티어 A 분리),12,0.0,0.0,0,False,33,15,2.2,33,0,0.03472856897479886,1.8704330289134048,0.001052380878024208,0.5757575757575758,2.1915856092553754,2.1915856092553754,2.1915856092553754,0.6363636363636364,4,0.7374608143713058,False,False,0.5599999999999999,0.0647834855432976,0.0,0.44450626989654873,1.0692897554398462,5e-05
f21b_sim_baseline_hold12_no_stop,repair_reference_baseline(수리 참조 비교 행),train,month,2024-10,Tier A(티어 A),Tier A separate(티어 A 분리),12,0.0,0.0,0,False,32,16,2.0,32,0,0.0015028076948178587,1.0315691844780857,4.6962740463058085e-05,0.53125,2.2605170899531957,2.2605170899531957,2.2605170899531957,0.9375,5,0.07727006170034971,False,False,0.6,0.4842154077609572,0.0,0.8871034722348428,1.9713188799958,5e-05
f21b_sim_baseline_hold12_no_stop,repair_reference_baseline(수리 참조 비교 행),train,month,2024-11,Tier A(티어 A),Tier A separate(티어 A 분리),12,0.0,0.0,0,False,27,13,2.076923076923077,27,0,0.0062252335776702035,1.2344860283200598,0.0002305642065803779,0.5555555555555556,1.5758100556524046,1.5758100556524046,1.5758100556524046,0.5925925925925926,5,0.6260917894256236,False,False,0.5846153846153845,0.3827569858399701,0.0,0.48492536142513604,1.4522977318804906,5e-05
f21b_sim_baseline_hold12_no_stop,repair_reference_baseline(수리 참조 비교 행),train,month,2024-12,Tier A(티어 A),Tier A separate(티어 A 분리),12,0.0,0.0,0,False,24,14,1.7142857142857142,24,0,0.03401972175533073,1.9670217057912303,0.0014174884064721137,0.6666666666666666,1.4421717229030184,1.4421717229030184,1.4421717229030184,0.5,2,0.8182975002931312,False,False,0.6571428571428571,0.01648914710438487,0.0,0.326766124868091,1.000398129115333,5e-05
f21b_sim_baseline_hold12_no_stop,repair_reference_baseline(수리 참조 비교 행),train,quarter,2022Q3,Tier A(티어 A),Tier A separate(티어 A 분리),12,0.0,0.0,0,False,38,17,2.235294117647059,38,0,-0.0022196551328397076,0.9776152518197089,-5.8411977179992305e-05,0.5526315789473685,4.487940718842253,4.487940718842253,4.487940718842253,0.7631578947368421,3,0.2643877144473899,False,False,0.5529411764705883,0.5111923740901456,0.0,1.7044465811302534,2.768580131690987,5e-05
f21b_sim_baseline_hold12_no_stop,repair_reference_baseline(수리 참조 비교 행),train,quarter,2022Q4,Tier A(티어 A),Tier A separate(티어 A 분리),12,0.0,0.0,0,False,106,48,2.2083333333333335,106,0,-0.06432241011014202,0.8165295958422959,-0.0006068151897183209,0.4811320754716981,9.915650436032275,8.903686915767839,9.915650436032275,0.9622641509433962,7,0.17273951068853163,False,False,0.5583333333333333,0.591735202078852,0.0,1.875286088114689,3.0253546235268747,5e-05
f21b_sim_baseline_hold12_no_stop,repair_reference_baseline(수리 참조 비교 행),train,quarter,2023Q1,Tier A(티어 A),Tier A separate(티어 A 분리),12,0.0,0.0,0,False,131,52,2.519230769230769,131,0,0.07936389812680816,1.3085369585528548,0.0006058312834107493,0.5725190839694656,8.492497059041238,8.492497059041238,8.492497059041238,0.8854961832061069,5,0.5994266455011733,False,False,0.49615384615384617,0.3457315207235726,0.0,0.6287312919672201,1.470616658844639,5e-05
f21b_sim_baseline_hold12_no_stop,repair_reference_baseline(수리 참조 비교 행),train,quarter,2023Q2,Tier A(티어 A),Tier A separate(티어 A 분리),12,0.0,0.0,0,False,114,49,2.326530612244898,114,0,0.01897067426098344,1.1165206928059654,0.00016640942334196,0.5263157894736842,2.8839510669310675,2.8839510669310564,2.8839510669310675,0.868421052631579,3,0.5804169404232149,False,False,0.5346938775510204,0.4417396535970173,0.0,0.6096018504937639,1.5860353816418016,5e-05
f21b_sim_baseline_hold12_no_stop,repair_reference_baseline(수리 참조 비교 행),train,quarter,2023Q3,Tier A(티어 A),Tier A separate(티어 A 분리),12,0.0,0.0,0,False,96,47,2.0425531914893615,96,0,-0.02677048171818316,0.8312410069127213,-0.0002788591845644079,0.4270833333333333,4.054887758161829,3.7318818781114316,4.054887758161829,0.9895833333333334,6,0.5139007374399224,False,False,0.5914893617021277,0.5843794965436393,0.0,1.724057168152035,2.899926026397802,5e-05
f21b_sim_baseline_hold12_no_stop,repair_reference_baseline(수리 참조 비교 행),train,quarter,2023Q4,Tier A(티어 A),Tier A separate(티어 A 분리),12,0.0,0.0,0,False,104,48,2.1666666666666665,104,0,-0.037844557756444935,0.8014948871666558,-0.00036388997842735514,0.49038461538461536,7.590545144477268,7.590545144477268,7.590545144477268,1.0,5,0.41043774453491394,False,False,0.5666666666666667,0.5992525564166721,0.0,1.7653030149592888,2.9312222380426274,5e-05
f21b_sim_baseline_hold12_no_stop,repair_reference_baseline(수리 참조 비교 행),train,quarter,2024Q1,Tier A(티어 A),Tier A separate(티어 A 분리),12,0.0,0.0,0,False,52,35,1.4857142857142858,52,0,0.014191190111110415,1.176081436198818,0.00027290750213673873,0.5576923076923077,2.8663346329762085,1.456581496792142,2.8663346329762085,0.75,4,0.13177861595937554,False,False,0.7028571428571428,0.41195928190059095,0.0,0.768199622818281,1.8830160475760147,5e-05
f21b_sim_baseline_hold12_no_stop,repair_reference_baseline(수리 참조 비교 행),train,quarter,2024Q2,Tier A(티어 A),Tier A separate(티어 A 분리),12,0.0,0.0,0,False,76,40,1.9,76,0,0.021831601973696407,1.2219782534157824,0.00028725792070653165,0.5657894736842105,3.7342339724265816,3.7342339724265816,3.7342339724265816,0.868421052631579,6,0.5099375967200598,False,False,0.62,0.3890108732921088,0.0,0.6713175551601838,1.6803284284522926,5e-05
f21b_sim_baseline_hold12_no_stop,repair_reference_baseline(수리 참조 비교 행),train,quarter,2024Q3,Tier A(티어 A),Tier A separate(티어 A 분리),12,0.0,0.0,0,False,104,46,2.260869565217391,104,0,0.059799966345682846,1.426456514127918,0.0005749996764007966,0.5576923076923077,2.948150859785592,2.1915856092553754,2.948150859785592,0.75,4,0.5958968401991347,False,False,0.5478260869565218,0.286771742936041,0.0,0.5593464219103894,1.3939442518029521,5e-05
f21b_sim_baseline_hold12_no_stop,repair_reference_baseline(수리 참조 비교 행),train,quarter,2024Q4,Tier A(티어 A),Tier A separate(티어 A 분리),12,0.0,0.0,0,False,83,43,1.930232558139535,83,0,0.04174776302781879,1.3818441547742912,0.0005029850967207083,0.5783132530120482,2.2605170899531957,2.2605170899531957,2.2605170899531957,0.8192771084337349,5,0.8018379361192274,False,False,0.6139534883720931,0.3090779226128544,0.0,0.5078476275415285,1.4308790385264758,5e-05
f21b_sim_baseline_hold12_no_stop,repair_reference_baseline(수리 참조 비교 행),validation,month,2025-01,Tier A(티어 A),Tier A separate(티어 A 분리),12,0.0,0.0,0,False,34,14,2.4285714285714284,34,0,0.007601563481926685,1.123307508760649,0.00022357539652725542,0.5588235294117647,2.2465053577571337,2.2465053577571337,2.2465053577571337,0.8529411764705882,3,0.003919163386880638,False,False,0.5142857142857143,0.4383462456196755,0.0,0.8620599058876685,1.8146918657930584,5e-05
f21b_sim_baseline_hold12_no_stop,repair_reference_baseline(수리 참조 비교 행),validation,month,2025-02,Tier A(티어 A),Tier A separate(티어 A 분리),12,0.0,0.0,0,False,31,14,2.2142857142857144,31,0,0.0193028724685646,1.584795671276378,0.0006226733054375677,0.4838709677419355,1.5590814194558322,1.5590814194558322,1.5590814194558322,0.8064516129032258,4,0.054916539950127706,False,False,0.5571428571428572,0.207602164361811,0.0,0.8281907828288941,1.5929358043335622,5e-05
f21b_sim_baseline_hold12_no_stop,repair_reference_baseline(수리 참조 비교 행),validation,month,2025-03,Tier A(티어 A),Tier A separate(티어 A 분리),12,0.0,0.0,0,False,31,15,2.066666666666667,31,0,-0.0022118858391451685,0.9690553570075051,-7.135115610145705e-05,0.4838709677419355,3.833749353586946,3.833749353586946,3.833749353586946,0.9354838709677419,5,0.09682323989091485,False,False,0.5866666666666667,0.5154723214962474,0.0,1.8773972839845723,2.9795362721474863,5e-05
f21b_sim_baseline_hold12_no_stop,repair_reference_baseline(수리 참조 비교 행),validation,month,2025-04,Tier A(티어 A),Tier A separate(티어 A 분리),12,0.0,0.0,0,False,49,19,2.5789473684210527,49,0,0.0831801560883512,1.5575075324030172,0.0016975542058847186,0.5306122448979592,5.851789593900358,5.851789593900358,5.851789593900358,0.7551020408163265,5,0.6905613307147253,False,False,0.4842105263157895,0.2212462337984914,0.0,0.5290433195457206,1.2345000796600014,5e-05
f21b_sim_baseline_hold12_no_stop,repair_reference_baseline(수리 참조 비교 행),validation,month,2025-05,Tier A(티어 A),Tier A separate(티어 A 분리),12,0.0,0.0,0,False,38,17,2.235294117647059,38,0,-0.0028274978604185645,0.9605692314342218,-7.440783843206749e-05,0.5263157894736842,3.066750802193152,3.066750802193152,3.066750802193152,0.8947368421052632,3,0.0035539778944741036,False,False,0.5529411764705883,0.5197153842828891,0.0,1.8810322888948552,2.9536888496483327,5e-05
f21b_sim_baseline_hold12_no_stop,repair_reference_baseline(수리 참조 비교 행),validation,month,2025-06,Tier A(티어 A),Tier A separate(티어 A 분리),12,0.0,0.0,0,False,33,17,1.9411764705882353,33,0,-0.0007715300494165055,0.981658743721891,-2.3379698467166833e-05,0.5454545454545454,1.7357924512157896,1.7357924512157896,1.7357924512157896,0.9090909090909091,3,0.16833478319992073,False,False,0.6117647058823529,0.5091706281390544,0.0,1.813340256650945,2.9342755906723523,5e-05
f21b_sim_baseline_hold12_no_stop,repair_reference_baseline(수리 참조 비교 행),validation,month,2025-07,Tier A(티어 A),Tier A separate(티어 A 분리),12,0.0,0.0,0,False,17,11,1.5454545454545454,17,0,0.005645156557940975,1.6327122825389542,0.00033206803282005736,0.5294117647058824,0.35459187373880763,0.35459187373880763,0.35459187373880763,0.6470588235294118,3,0.4102030419834077,False,False,0.6909090909090909,0.1836438587305229,0.0,0.5865851016957019,1.4611380513353156,5e-05
f21b_sim_baseline_hold12_no_stop,repair_reference_baseline(수리 참조 비교 행),validation,month,2025-08,Tier A(티어 A),Tier A separate(티어 A 분리),12,0.0,0.0,0,False,33,14,2.357142857142857,33,0,0.01951992941842533,1.751687107388204,0.0005915130126795554,0.48484848484848486,1.2452770685515535,1.2452770685515535,1.2452770685515535,0.7272727272727273,6,0.6820858949333036,False,False,0.5285714285714286,0.12415644630589795,0.0,0.5303340745527407,1.1830619494300674,5e-05
f21b_sim_baseline_hold12_no_stop,repair_reference_baseline(수리 참조 비교 행),validation,month,2025-09,Tier A(티어 A),Tier A separate(티어 A 분리),12,0.0,0.0,0,False,20,12,1.6666666666666667,20,0,0.015025695557662094,1.847348799821402,0.0007512847778831047,0.5,0.826491806431795,0.826491806431795,0.826491806431795,0.65,3,0.7212998680362971,False,False,0.6666666666666666,0.076325600089299,0.0,0.4479150593836664,1.190907326139632,5e-05
f21b_sim_baseline_hold12_no_stop,repair_reference_baseline(수리 참조 비교 행),validation,quarter,2025Q1,Tier A(티어 A),Tier A separate(티어 A 분리),12,0.0,0.0,0,False,96,43,2.2325581395348837,96,0,0.02469255011134611,1.1486304167626766,0.0002572140636598553,0.5104166666666666,3.833749353586946,3.833749353586946,3.833749353586946,0.90625,5,0.12767381046931106,False,False,0.5534883720930233,0.4256847916186617,0.0,0.8503592852888101,1.829532449000495,5e-05
f21b_sim_baseline_hold12_no_stop,repair_reference_baseline(수리 참조 비교 행),validation,quarter,2025Q2,Tier A(티어 A),Tier A separate(티어 A 분리),12,0.0,0.0,0,False,120,53,2.2641509433962264,120,0,0.07958112817851605,1.3026206294587896,0.0006631760681543004,0.5333333333333333,5.851789593900358,5.851789593900358,5.851789593900358,0.9,5,0.30347255114311544,False,False,0.5471698113207547,0.3486896852706052,0.0,0.7684373519855981,1.664296848576958,5e-05
f21b_sim_baseline_hold12_no_stop,repair_reference_baseline(수리 참조 비교 행),validation,quarter,2025Q3,Tier A(티어 A),Tier A separate(티어 A 분리),12,0.0,0.0,0,False,70,37,1.8918918918918919,70,0,0.040190781534028386,1.7637506476496159,0.0005741540219146912,0.5,1.2452770685515535,1.2452770685515535,1.2452770685515535,0.6857142857142857,6,0.9122075803336108,False,False,0.6216216216216216,0.11812467617519207,0.0,0.40807801742130373,1.1478243152181173,5e-05
f21b_sim_baseline_hold12_no_stop,repair_reference_baseline(수리 참조 비교 행),oos,month,2025-10,Tier A(티어 A),Tier A separate(티어 A 분리),12,0.0,0.0,0,False,29,11,2.6363636363636362,29,0,0.01662604863555135,1.4818677380378573,0.0005733120219155637,0.6551724137931034,2.105346351010906,2.105346351010906,2.105346351010906,0.6896551724137931,4,0.048574796532896494,False,False,0.4727272727272728,0.25906613098107134,0.0,0.7784861691464036,1.5102795728547478,5e-05
f21b_sim_baseline_hold12_no_stop,repair_reference_baseline(수리 참조 비교 행),oos,month,2025-11,Tier A(티어 A),Tier A separate(티어 A 분리),12,0.0,0.0,0,False,38,15,2.533333333333333,38,0,0.04715727519643044,1.8739724171363994,0.0012409809262218536,0.6052631578947368,2.2480780074985773,2.2480780074985773,2.2480780074985773,0.5526315789473685,4,0.7713350241987014,False,False,0.49333333333333335,0.0630137914318003,0.0,0.39158344963690017,0.9479305744020339,5e-05
f21b_sim_baseline_hold12_no_stop,repair_reference_baseline(수리 참조 비교 행),oos,month,2025-12,Tier A(티어 A),Tier A separate(티어 A 분리),12,0.0,0.0,0,False,27,12,2.25,27,0,-0.022208636051515948,0.5571323335957065,-0.0008225420759820722,0.48148148148148145,2.8912861276569224,2.8912861276569224,2.8912861276569224,0.8888888888888888,4,0.79489841955924,False,False,0.55,0.7214338332021468,0.0,1.532295711198342,2.803729544400489,5e-05
f21b_sim_baseline_hold12_no_stop,repair_reference_baseline(수리 참조 비교 행),oos,month,2026-01,Tier A(티어 A),Tier A separate(티어 A 분리),12,0.0,0.0,0,False,26,12,2.1666666666666665,26,0,0.019740466775966487,1.749926732410753,0.0007592487221525572,0.6153846153846154,0.7707054139950764,0.7707054139950764,0.7707054139950764,0.46153846153846156,3,0.6937707393588587,False,False,0.5666666666666667,0.1250366337946235,0.0,0.37549547498082136,1.0671987754421115,5e-05
f21b_sim_baseline_hold12_no_stop,repair_reference_baseline(수리 참조 비교 행),oos,month,2026-02,Tier A(티어 A),Tier A separate(티어 A 분리),12,0.0,0.0,0,False,42,17,2.4705882352941178,42,0,-0.008839139495955724,0.8798303198694739,-0.00021045570228466008,0.5,2.7640199173310287,2.7640199173310287,2.7640199173310287,0.9523809523809523,5,0.0005313299366901038,False,False,0.5058823529411764,0.560084840065263,0.0,1.9283323300999182,2.9942995231063576,5e-05
f21b_sim_baseline_hold12_no_stop,repair_reference_baseline(수리 참조 비교 행),oos,month,2026-03,Tier A(티어 A),Tier A separate(티어 A 분리),12,0.0,0.0,0,False,37,17,2.176470588235294,37,0,-0.04997553451568922,0.5394257689296501,-0.0013506901220456547,0.40540540540540543,7.590296595738433,7.590296595738433,7.590296595738433,0.918918918918919,6,0.8683835807654269,False,False,0.5647058823529412,0.7302871155351749,0.0,1.5327409021690714,2.8277339000571873,5e-05
f21b_sim_baseline_hold12_no_stop,repair_reference_baseline(수리 참조 비교 행),oos,month,2026-04,Tier A(티어 A),Tier A separate(티어 A 분리),12,0.0,0.0,0,False,20,8,2.5,20,0,0.021160985582035052,1.8921183966672102,0.0010580492791017527,0.55,1.3987875563611474,1.3987875563611474,1.3987875563611474,0.8,2,0.24427120174895905,False,False,0.5,0.05394080166639492,0.0,0.7200779592129685,1.2740187608793634,5e-05
f21b_sim_baseline_hold12_no_stop,repair_reference_baseline(수리 참조 비교 행),oos,quarter,2025Q4,Tier A(티어 A),Tier A separate(티어 A 분리),12,0.0,0.0,0,False,94,38,2.473684210526316,94,0,0.04157468778046583,1.2999441835212096,0.0004422839125581471,0.5851063829787234,2.8912861276569224,2.8912861276569224,2.8912861276569224,0.6914893617021277,4,0.7470986194137691,False,False,0.5052631578947369,0.3500279082393952,0.0,0.4649758340297614,1.3202669001638934,5e-05
f21b_sim_baseline_hold12_no_stop,repair_reference_baseline(수리 참조 비교 행),oos,quarter,2026Q1,Tier A(티어 A),Tier A separate(티어 A 분리),12,0.0,0.0,0,False,105,46,2.282608695652174,105,0,-0.03907420723567849,0.8124909340310658,-0.0003721353070064618,0.49523809523809526,8.94133672476245,7.590296595738433,8.94133672476245,0.8476190476190476,6,0.45507469496737,False,False,0.5434782608695652,0.5937545329844671,0.0,1.686644958693255,2.823877752547287,5e-05
f21b_sim_baseline_hold12_no_stop,repair_reference_baseline(수리 참조 비교 행),oos,quarter,2026Q2,Tier A(티어 A),Tier A separate(티어 A 분리),12,0.0,0.0,0,False,20,8,2.5,20,0,0.021160985582035052,1.8921183966672102,0.0010580492791017527,0.55,1.3987875563611474,1.3987875563611474,1.3987875563611474,0.8,2,0.24427120174895905,False,False,0.5,0.05394080166639492,0.0,0.7200779592129685,1.2740187608793634,5e-05
f21c_hold1_atr0p6_tp1p0_cd0_early,density_repair(빈도 수리),train,month,2022-09,Tier A(티어 A),Tier A separate(티어 A 분리),1,0.6,1.0,0,True,132,17,7.764705882352941,132,0,-0.004241287718131762,0.9443733094293825,-3.213096756160426e-05,0.44696969696969696,2.3154510662710237,2.3154510662710237,2.3154510662710237,0.8787878787878788,8,0.284417789510891,False,False,0.0,0.5278133452853088,0.0,1.7974665401746446,2.3252798854599535,5e-05
f21c_hold1_atr0p6_tp1p0_cd0_early,density_repair(빈도 수리),train,month,2022-10,Tier A(티어 A),Tier A separate(티어 A 분리),1,0.6,1.0,0,True,160,19,8.421052631578947,160,0,0.002224228801330783,1.0219918015493061,1.3901430008317393e-05,0.49375,1.5235231880516897,1.5235231880516897,1.5235231880516897,0.91875,6,0.09843306187812598,False,False,0.0,0.48900409922534693,0.0,0.8791426221548433,1.3681467213801901,5e-05
f21c_hold1_atr0p6_tp1p0_cd0_early,density_repair(빈도 수리),train,month,2022-11,Tier A(티어 A),Tier A separate(티어 A 분리),1,0.6,1.0,0,True,79,15,5.266666666666667,79,0,0.006525923394093202,1.1655035425602098,8.26066252416861e-05,0.5316455696202531,1.0285960086020896,1.0285960086020896,1.0285960086020896,0.9113924050632911,8,0.006819181542766981,False,False,0.0,0.4172482287198951,0.0,0.937057950584236,1.354306179304131,5e-05
f21c_hold1_atr0p6_tp1p0_cd0_early,density_repair(빈도 수리),train,month,2022-12,Tier A(티어 A),Tier A separate(티어 A 분리),1,0.6,1.0,0,True,81,14,5.785714285714286,81,0,-0.015830266445621022,0.6826818018843255,-0.00019543538821754347,0.3950617283950617,1.5705626339820422,1.5705626339820422,1.5705626339820422,1.0,6,0.8920038548232462,False,False,0.0,0.6586590990578373,0.0,1.5585982653295392,2.2172573643873763,5e-05
f21c_hold1_atr0p6_tp1p0_cd0_early,density_repair(빈도 수리),train,month,2023-01,Tier A(티어 A),Tier A separate(티어 A 분리),1,0.6,1.0,0,True,159,19,8.368421052631579,159,0,-0.014955142726868027,0.8201682503949188,-9.405750142684294e-05,0.4339622641509434,3.0293066892082443,3.0293066892082443,3.0293066892082443,0.9874213836477987,12,0.2706186234304714,False,False,0.0,0.5899158748025406,0.0,1.8725612420977975,2.462477116900338,5e-05
f21c_hold1_atr0p6_tp1p0_cd0_early,density_repair(빈도 수리),train,month,2023-02,Tier A(티어 A),Tier A separate(티어 A 분리),1,0.6,1.0,0,True,94,15,6.266666666666667,94,0,-0.0030417796188511714,0.9361929120952875,-3.235935764735289e-05,0.40425531914893614,1.7678483597073136,1.7678483597073136,1.7678483597073136,0.9468085106382979,8,0.536173390625349,False,False,0.0,0.5319035439523563,0.0,1.7147858040058273,2.2466893479581835,5e-05
f21c_hold1_atr0p6_tp1p0_cd0_early,density_repair(빈도 수리),train,month,2023-03,Tier A(티어 A),Tier A separate(티어 A 분리),1,0.6,1.0,0,True,142,18,7.888888888888889,142,0,0.002202831146994706,1.0345567991974998,1.5512895401371168e-05,0.4647887323943662,1.0275407999227215,1.0275407999227215,1.0275407999227215,0.9154929577464789,5,0.23343521252720179,False,False,0.0,0.4827216004012501,0.0,0.8069259853486748,1.289647585749925,5e-05
f21c_hold1_atr0p6_tp1p0_cd0_early,density_repair(빈도 수리),train,month,2023-04,Tier A(티어 A),Tier A separate(티어 A 분리),1,0.6,1.0,0,True,102,15,6.8,102,0,-0.0008151838346955958,0.9771301305678797,-7.991998379368586e-06,0.46078431372549017,0.967807687344735,0.967807687344735,0.967807687344735,0.8921568627450981,6,0.4247032209543142,False,False,0.0,0.5114349347160602,0.0,1.720354138805853,2.231789073521913,5e-05
f21c_hold1_atr0p6_tp1p0_cd0_early,density_repair(빈도 수리),train,month,2023-05,Tier A(티어 A),Tier A separate(티어 A 분리),1,0.6,1.0,0,True,100,15,6.666666666666667,100,0,0.007846809672591774,1.2742934798023957,7.846809672591774e-05,0.53,0.6435885836762467,0.6435885836762467,0.6435885836762467,0.81,3,0.16669014509960506,False,False,0.0,0.36285326009880214,0.0,0.7694894347051778,1.13234269480398,5e-05
f21c_hold1_atr0p6_tp1p0_cd0_early,density_repair(빈도 수리),train,month,2023-06,Tier A(티어 A),Tier A separate(티어 A 분리),1,0.6,1.0,0,True,116,19,6.105263157894737,116,0,0.014659130857650726,1.4213494315905169,0.00012637181773836833,0.5689655172413793,0.6315638678558222,0.6315638678558222,0.6315638678558222,0.7931034482758621,4,0.7710615363660742,False,False,0.0,0.2893252842047416,0.0,0.4999188603594046,0.7892441445641462,5e-05
f21c_hold1_atr0p6_tp1p0_cd0_early,density_repair(빈도 수리),train,month,2023-07,Tier A(티어 A),Tier A separate(티어 A 분리),1,0.6,1.0,0,True,55,13,4.230769230769231,55,0,0.001171930027248165,1.0637971369335322,2.1307818677239364e-05,0.4909090909090909,0.4495938499188945,0.4495938499188945,0.4495938499188945,0.9272727272727272,6,0.13255707606549466,False,False,0.15384615384615383,0.4681014315332339,0.0,0.8676220430432549,1.4895696284226427,5e-05
f21c_hold1_atr0p6_tp1p0_cd0_early,density_repair(빈도 수리),train,month,2023-08,Tier A(티어 A),Tier A separate(티어 A 분리),1,0.6,1.0,0,True,128,20,6.4,128,0,-0.00722399635307872,0.8543834566535483,-5.64374715084275e-05,0.46875,1.6392654774030402,1.6392654774030402,1.6392654774030402,0.9921875,7,0.3761952923648928,False,False,0.0,0.5728082716732259,0.0,1.7971964934357985,2.3700047651090244,5e-05
f21c_hold1_atr0p6_tp1p0_cd0_early,density_repair(빈도 수리),train,month,2023-09,Tier A(티어 A),Tier A separate(티어 A 분리),1,0.6,1.0,0,True,98,14,7.0,98,0,0.00466389671126523,1.1618415485769618,4.759078276801255e-05,0.5,0.4380276765703517,0.4380276765703517,0.4380276765703517,0.8163265306122449,6,0.8017855709646603,False,False,0.0,0.4190792257115191,0.0,0.516543431841413,0.9356226575529322,5e-05
f21c_hold1_atr0p6_tp1p0_cd0_early,density_repair(빈도 수리),train,month,2023-10,Tier A(티어 A),Tier A separate(티어 A 분리),1,0.6,1.0,0,True,163,20,8.15,163,0,-0.01874675818901162,0.7516620783741139,-0.00011501078643565412,0.4171779141104294,1.8574180884422309,1.8574180884422309,1.8574180884422309,1.0,7,0.3325553832300702,False,False,0.0,0.624168960812943,0.0,1.8203500775464683,2.4445190383594113,5e-05
f21c_hold1_atr0p6_tp1p0_cd0_early,density_repair(빈도 수리),train,month,2023-11,Tier A(티어 A),Tier A separate(티어 A 분리),1,0.6,1.0,0,True,74,16,4.625,74,0,0.005043023809884675,1.2295860551212185,6.814897040384696e-05,0.4864864864864865,0.43018427223459055,0.43018427223459055,0.43018427223459055,0.8243243243243243,4,0.4159901293025292,False,False,0.075,0.3852069724393907,0.0,0.6737503877598079,1.1339573601991986,5e-05
f21c_hold1_atr0p6_tp1p0_cd0_early,density_repair(빈도 수리),train,month,2023-12,Tier A(티어 A),Tier A separate(티어 A 분리),1,0.6,1.0,0,True,39,12,3.25,39,0,-0.0012302064392183325,0.9216447622589281,-3.1543754851752115e-05,0.4358974358974359,0.5142638574696212,0.5142638574696212,0.5142638574696212,0.9487179487179487,6,0.44171514128357336,False,False,0.35,0.539177618870536,0.0,1.738151263345469,2.627328882216005,5e-05
f21c_hold1_atr0p6_tp1p0_cd0_early,density_repair(빈도 수리),train,month,2024-01,Tier A(티어 A),Tier A separate(티어 A 분리),1,0.6,1.0,0,True,80,15,5.333333333333333,80,0,0.00018435966454921713,1.007204942520056,2.304495806865214e-06,0.4875,0.6522127492464169,0.6522127492464169,0.6522127492464169,0.9,4,0.003006558088821958,False,False,0.0,0.496397528739972,0.0,0.8936470488600301,1.390044577600002,5e-05
f21c_hold1_atr0p6_tp1p0_cd0_early,density_repair(빈도 수리),train,month,2024-02,Tier A(티어 A),Tier A separate(티어 A 분리),1,0.6,1.0,0,True,36,10,3.6,36,0,-0.0024789431588121183,0.7958592505445479,-6.885953218922551e-05,0.3611111111111111,0.4551796065944691,0.4551796065944691,0.4551796065944691,0.8611111111111112,7,0.001321851467527881,False,False,0.27999999999999997,0.6020703747277261,0.0,1.9069051668396124,2.7889755415673383,5e-05
f21c_hold1_atr0p6_tp1p0_cd0_early,density_repair(빈도 수리),train,month,2024-03,Tier A(티어 A),Tier A separate(티어 A 분리),1,0.6,1.0,0,True,25,10,2.5,25,0,-0.005031382411009559,0.5666685952741876,-0.00020125529644038234,0.4,0.5621592687991672,0.5621592687991672,0.5621592687991672,0.96,4,0.820085124643959,False,False,0.5,0.7166657023629062,0.0,1.5529616939102184,2.7696273962731244,5e-05
f21c_hold1_atr0p6_tp1p0_cd0_early,density_repair(빈도 수리),train,month,2024-04,Tier A(티어 A),Tier A separate(티어 A 분리),1,0.6,1.0,0,True,85,15,5.666666666666667,85,0,-0.006943218053396505,0.7692870973391425,-8.168491827525301e-05,0.4470588235294118,0.8007146703518764,0.8007146703518764,0.8007146703518764,0.9529411764705882,6,0.5972859383308284,False,False,0.0,0.6153564513304288,0.0,1.670044857162892,2.285401308493321,5e-05
f21c_hold1_atr0p6_tp1p0_cd0_early,density_repair(빈도 수리),train,month,2024-05,Tier A(티어 A),Tier A separate(티어 A 분리),1,0.6,1.0,0,True,48,13,3.6923076923076925,48,0,0.0019800355103407165,1.1529979689633332,4.1250739798764925e-05,0.4375,0.27811627413960593,0.27811627413960593,0.27811627413960593,0.8958333333333334,7,0.3266483394547367,False,False,0.2615384615384615,0.4235010155183334,0.0,0.7761332472453685,1.4611727243021635,5e-05
f21c_hold1_atr0p6_tp1p0_cd0_early,density_repair(빈도 수리),train,month,2024-06,Tier A(티어 A),Tier A separate(티어 A 분리),1,0.6,1.0,0,True,45,12,3.75,45,0,0.0010400283562167212,1.0703146424229684,2.311174124926047e-05,0.5111111111111111,0.48839696996104687,0.48839696996104687,0.48839696996104687,0.7555555555555555,5,0.3087677732133016,False,False,0.25,0.4648426787885158,0.0,0.7010545020540144,1.4158971808425302,5e-05
f21c_hold1_atr0p6_tp1p0_cd0_early,density_repair(빈도 수리),train,month,2024-07,Tier A(티어 A),Tier A separate(티어 A 분리),1,0.6,1.0,0,True,67,13,5.153846153846154,67,0,-0.0036139000092585763,0.8863891254742402,-5.393880610833696e-05,0.44776119402985076,1.1092285775980204,1.1092285775980204,1.1092285775980204,0.8656716417910447,6,0.49188033592436975,False,False,0.0,0.5568054372628799,0.0,1.678206087640004,2.235011524902884,5e-05
f21c_hold1_atr0p6_tp1p0_cd0_early,density_repair(빈도 수리),train,month,2024-08,Tier A(티어 A),Tier A separate(티어 A 분리),1,0.6,1.0,0,True,141,19,7.421052631578948,141,0,-0.020797853339813425,0.7339715706125921,-0.00014750250595612358,0.3971631205673759,2.2198550254749594,2.2198550254749594,2.2198550254749594,0.9858156028368794,10,0.8504335323086588,False,False,0.0,0.6330142146937039,0.0,1.6109219317376993,2.243936146431403,5e-05
f21c_hold1_atr0p6_tp1p0_cd0_early,density_repair(빈도 수리),train,month,2024-09,Tier A(티어 A),Tier A separate(티어 A 분리),1,0.6,1.0,0,True,115,16,7.1875,115,0,0.007031264975039626,1.1643336441287389,6.114143456556196e-05,0.5043478260869565,0.6178231088626029,0.6178231088626029,0.6178231088626029,0.8608695652173913,4,0.3964055667050315,False,False,0.0,0.4178331779356306,0.0,0.699008799330562,1.1168419772661926,5e-05
f21c_hold1_atr0p6_tp1p0_cd0_early,density_repair(빈도 수리),train,month,2024-10,Tier A(티어 A),Tier A separate(티어 A 분리),1,0.6,1.0,0,True,82,16,5.125,82,0,0.001152203548472778,1.0479810187028835,1.405126278625339e-05,0.4878048780487805,0.5893936371255348,0.5893936371255348,0.5893936371255348,0.9512195121951219,4,0.3164155770439261,False,False,0.0,0.47600949064855824,0.0,0.7756617708180382,1.2516712614665964,5e-05
f21c_hold1_atr0p6_tp1p0_cd0_early,density_repair(빈도 수리),train,month,2024-11,Tier A(티어 A),Tier A separate(티어 A 분리),1,0.6,1.0,0,True,85,13,6.538461538461538,85,0,-0.0074696140207680915,0.7601649718157089,-8.787781200903637e-05,0.4,1.0405610787020736,1.0405610787020736,1.0405610787020736,0.9764705882352941,9,0.21340120010213737,False,False,0.0,0.6199175140921456,0.0,1.8833812246599206,2.503298738752066,5e-05
f21c_hold1_atr0p6_tp1p0_cd0_early,density_repair(빈도 수리),train,month,2024-12,Tier A(티어 A),Tier A separate(티어 A 분리),1,0.6,1.0,0,True,73,14,5.214285714285714,73,0,0.005426610474961554,1.2621647365785253,7.433712979399389e-05,0.4520547945205479,0.2998880194257536,0.2998880194257536,0.2998880194257536,0.8767123287671232,5,0.7684730421730741,False,False,0.0,0.3689176317107373,0.0,0.5487076789673222,0.9176253106780595,5e-05
f21c_hold1_atr0p6_tp1p0_cd0_early,density_repair(빈도 수리),train,quarter,2022Q3,Tier A(티어 A),Tier A separate(티어 A 분리),1,0.6,1.0,0,True,132,17,7.764705882352941,132,0,-0.004241287718131762,0.9443733094293825,-3.213096756160426e-05,0.44696969696969696,2.3154510662710237,2.3154510662710237,2.3154510662710237,0.8787878787878788,8,0.284417789510891,False,False,0.0,0.5278133452853088,0.0,1.7974665401746446,2.3252798854599535,5e-05
f21c_hold1_atr0p6_tp1p0_cd0_early,density_repair(빈도 수리),train,quarter,2022Q4,Tier A(티어 A),Tier A separate(티어 A 분리),1,0.6,1.0,0,True,320,48,6.666666666666667,320,0,-0.007080114250197037,0.9628257308717533,-2.212535703186574e-05,0.478125,1.5705626339820422,1.5705626339820422,1.5705626339820422,0.95625,8,0.021359027173993357,False,False,0.0,0.5185871345641233,0.0,1.950700937771703,2.4692880723358264,5e-05
f21c_hold1_atr0p6_tp1p0_cd0_early,density_repair(빈도 수리),train,quarter,2023Q1,Tier A(티어 A),Tier A separate(티어 A 분리),1,0.6,1.0,0,True,395,52,7.596153846153846,395,0,-0.015794091198724484,0.918829244732551,-3.998504100942907e-05,0.4379746835443038,3.0293066892082443,3.0293066892082443,3.0293066892082443,0.9949367088607595,12,0.0005721397237194157,False,False,0.0,0.5405853776337245,0.0,1.997464056111668,2.5380494337453925,5e-05
f21c_hold1_atr0p6_tp1p0_cd0_early,density_repair(빈도 수리),train,quarter,2023Q2,Tier A(티어 A),Tier A separate(티어 A 분리),1,0.6,1.0,0,True,318,49,6.489795918367347,318,0,0.021690756695546907,1.2190040745821913,6.820992671555631e-05,0.5220125786163522,0.967807687344735,0.967807687344735,0.967807687344735,0.8522012578616353,6,0.7911869511270124,False,False,0.0,0.39049796270890436,0.0,0.5374564380305802,0.9279544007394845,5e-05
f21c_hold1_atr0p6_tp1p0_cd0_early,density_repair(빈도 수리),train,quarter,2023Q3,Tier A(티어 A),Tier A separate(티어 A 분리),1,0.6,1.0,0,True,281,47,5.9787234042553195,281,0,-0.0013881696145653325,0.9856589646021966,-4.940105389912215e-06,0.48398576512455516,1.6392654774030402,1.6392654774030402,1.6392654774030402,0.9822064056939501,7,0.019331161238997443,False,False,0.0,0.5071705176989016,0.0,1.953293860004729,2.4604643777036306,5e-05
f21c_hold1_atr0p6_tp1p0_cd0_early,density_repair(빈도 수리),train,quarter,2023Q4,Tier A(티어 A),Tier A separate(티어 A 분리),1,0.6,1.0,0,True,276,48,5.75,276,0,-0.014933940818345284,0.8680222665294621,-5.410848122588871e-05,0.4384057971014493,1.9560187973221344,1.8574180884422309,1.9560187973221344,1.0,7,0.4806715328397438,False,False,0.0,0.5659888667352689,0.0,1.7536978102221155,2.3196866769573843,5e-05
f21c_hold1_atr0p6_tp1p0_cd0_early,density_repair(빈도 수리),train,quarter,2024Q1,Tier A(티어 A),Tier A separate(티어 A 분리),1,0.6,1.0,0,True,141,35,4.0285714285714285,141,0,-0.007325965905272456,0.8515273215860243,-5.195720500193231e-05,0.4397163120567376,1.2039150794656672,0.6522127492464169,1.2039150794656672,0.9432624113475178,7,0.36505668856092366,False,False,0.1942857142857143,0.5742363392069878,0.0,1.7801925752539673,2.5487146287466693,5e-05
f21c_hold1_atr0p6_tp1p0_cd0_early,density_repair(빈도 수리),train,quarter,2024Q2,Tier A(티어 A),Tier A separate(티어 A 분리),1,0.6,1.0,0,True,178,40,4.45,178,0,-0.003923154186839069,0.9321573659179596,-2.2040192060893647e-05,0.4606741573033708,0.9304347563233839,0.8007146703518764,0.9304347563233839,0.9719101123595506,7,0.017833417645252012,False,False,0.10999999999999996,0.5339213170410202,0.0,1.9493345126214343,2.5932558296624544,5e-05
f21c_hold1_atr0p6_tp1p0_cd0_early,density_repair(빈도 수리),train,quarter,2024Q3,Tier A(티어 A),Tier A separate(티어 A 분리),1,0.6,1.0,0,True,323,48,6.729166666666667,323,0,-0.017380488374032384,0.8862347642748912,-5.380956152951203e-05,0.4458204334365325,2.9376290557927787,2.2198550254749594,2.9376290557927787,0.9721362229102167,10,0.7258056867325396,False,False,0.0,0.5568826178625543,0.0,1.6608487412799549,2.217731359142509,5e-05
f21c_hold1_atr0p6_tp1p0_cd0_early,density_repair(빈도 수리),train,quarter,2024Q4,Tier A(티어 A),Tier A separate(티어 A 분리),1,0.6,1.0,0,True,240,43,5.5813953488372094,240,0,-0.0008907999973337614,0.9882569718052848,-3.7116666555573395e-06,0.44583333333333336,1.1015444527257445,1.0405610787020736,1.1015444527257445,0.9791666666666666,9,0.3880073915251438,False,False,0.0,0.5058715140973575,0.0,1.8060216738136854,2.3118931879110427,5e-05
f21c_hold1_atr0p6_tp1p0_cd0_early,density_repair(빈도 수리),validation,month,2025-01,Tier A(티어 A),Tier A separate(티어 A 분리),1,0.6,1.0,0,True,113,14,8.071428571428571,113,0,-0.003989318358242521,0.9066040317842617,-3.5303702285332045e-05,0.5221238938053098,0.9956558020660422,0.9956558020660422,0.9956558020660422,0.9734513274336283,6,0.02022383155326581,False,False,0.0,0.5466979841078692,0.0,1.9389523731461633,2.4856503572540323,5e-05
f21c_hold1_atr0p6_tp1p0_cd0_early,density_repair(빈도 수리),validation,month,2025-02,Tier A(티어 A),Tier A separate(티어 A 분리),1,0.6,1.0,0,True,94,14,6.714285714285714,94,0,0.003721330351666254,1.1106156446333688,3.958862076240696e-05,0.4574468085106383,0.6040548185405892,0.6040548185405892,0.6040548185405892,0.9361702127659575,4,0.4956475826577965,False,False,0.0,0.4446921776833156,0.0,0.6882351835486724,1.132927361231988,5e-05
f21c_hold1_atr0p6_tp1p0_cd0_early,density_repair(빈도 수리),validation,month,2025-03,Tier A(티어 A),Tier A separate(티어 A 분리),1,0.6,1.0,0,True,126,15,8.4,126,0,-0.008511644832666324,0.8845064083697897,-6.755273676719304e-05,0.49206349206349204,1.7592561269413998,1.7592561269413998,1.7592561269413998,0.9523809523809523,4,0.42466319977337336,False,False,0.0,0.5577467958151052,0.0,1.7274729886734106,2.2852197844885156,5e-05
f21c_hold1_atr0p6_tp1p0_cd0_early,density_repair(빈도 수리),validation,month,2025-04,Tier A(티어 A),Tier A separate(티어 A 분리),1,0.6,1.0,0,True,187,19,9.842105263157896,187,0,-0.011845086762923635,0.9256242536566326,-6.334270996215847e-05,0.44385026737967914,4.473928429329421,4.473928429329421,4.473928429329421,0.946524064171123,7,0.5783782807133084,False,False,0.0,0.5371878731716837,0.0,1.6856656025560166,2.2228534757277005,5e-05
f21c_hold1_atr0p6_tp1p0_cd0_early,density_repair(빈도 수리),validation,month,2025-05,Tier A(티어 A),Tier A separate(티어 A 분리),1,0.6,1.0,0,True,122,17,7.176470588235294,122,0,-0.0058377718349369515,0.8724342185285221,-4.785058881095862e-05,0.4426229508196721,0.7809021293165186,0.7809021293165186,0.7809021293165186,0.9918032786885246,7,0.1498898905378622,False,False,0.0,0.563782890735739,0.0,1.8988610246677982,2.462643915403537,5e-05
f21c_hold1_atr0p6_tp1p0_cd0_early,density_repair(빈도 수리),validation,month,2025-06,Tier A(티어 A),Tier A separate(티어 A 분리),1,0.6,1.0,0,True,94,17,5.529411764705882,94,0,0.0016407563509816337,1.0611809027150674,1.7454854797676953e-05,0.46808510638297873,0.98701132210125,0.98701132210125,0.98701132210125,0.8085106382978723,4,0.2217824009067375,False,False,0.0,0.4694095486424663,0.0,0.7540277068260106,1.223437255468477,5e-05
f21c_hold1_atr0p6_tp1p0_cd0_early,density_repair(빈도 수리),validation,month,2025-07,Tier A(티어 A),Tier A separate(티어 A 분리),1,0.6,1.0,0,True,42,11,3.8181818181818183,42,0,0.0019964326455679145,1.2147288377338237,4.7534110608759865e-05,0.5,0.26310968600739004,0.26310968600739004,0.26310968600739004,0.7857142857142857,6,0.1635994387657506,False,False,0.23636363636363633,0.39263558113308816,0.0,0.7899516811268408,1.4189508986235653,5e-05
f21c_hold1_atr0p6_tp1p0_cd0_early,density_repair(빈도 수리),validation,month,2025-08,Tier A(티어 A),Tier A separate(티어 A 분리),1,0.6,1.0,0,True,90,14,6.428571428571429,90,0,-0.0029227767942890366,0.8939434495960769,-3.2475297714322626e-05,0.4444444444444444,0.7835193448686328,0.7835193448686328,0.7835193448686328,0.9555555555555556,9,0.5349949084035899,False,False,0.0,0.5530282752019615,0.0,1.7292522912183845,2.2822805664203463,5e-05
f21c_hold1_atr0p6_tp1p0_cd0_early,density_repair(빈도 수리),validation,month,2025-09,Tier A(티어 A),Tier A separate(티어 A 분리),1,0.6,1.0,0,True,53,12,4.416666666666667,53,0,-0.007590530862382884,0.5323892164570887,-0.00014321756344118648,0.37735849056603776,0.8828168363007038,0.8828168363007038,0.8828168363007038,1.0,7,0.8254807324302925,False,False,0.11666666666666661,0.7338053917714557,0.0,1.5985336704063684,2.4490057288444906,5e-05
f21c_hold1_atr0p6_tp1p0_cd0_early,density_repair(빈도 수리),validation,quarter,2025Q1,Tier A(티어 A),Tier A separate(티어 A 분리),1,0.6,1.0,0,True,333,43,7.744186046511628,333,0,-0.008779632839242595,0.941490179883165,-2.6365263781509293e-05,0.4924924924924925,1.7592561269413998,1.7592561269413998,1.7592561269413998,0.975975975975976,6,0.052212646305974574,False,False,0.0,0.5292549100584175,0.0,1.9256934983515008,2.4549484084099182,5e-05
f21c_hold1_atr0p6_tp1p0_cd0_early,density_repair(빈도 수리),validation,quarter,2025Q2,Tier A(티어 A),Tier A separate(티어 A 분리),1,0.6,1.0,0,True,403,53,7.60377358490566,403,0,-0.016042102246878954,0.9308055916775241,-3.980670532724306e-05,0.4491315136476427,4.967085743878918,4.473928429329421,4.967085743878918,0.9751861042183623,7,0.4916624536580259,False,False,0.0,0.5345972041612379,0.0,1.7375856427521514,2.272182846913389,5e-05
f21c_hold1_atr0p6_tp1p0_cd0_early,density_repair(빈도 수리),validation,quarter,2025Q3,Tier A(티어 A),Tier A separate(티어 A 분리),1,0.6,1.0,0,True,185,37,5.0,185,0,-0.00851687501110401,0.8395727518012077,-4.603716222218384e-05,0.43783783783783786,1.3962509508809173,0.8828168363007038,1.3962509508809173,0.9459459459459459,9,0.7401599629992918,False,False,0.0,0.5802136240993961,0.0,1.6326036923259943,2.2128173164253906,5e-05
f21c_hold1_atr0p6_tp1p0_cd0_early,density_repair(빈도 수리),oos,month,2025-10,Tier A(티어 A),Tier A separate(티어 A 분리),1,0.6,1.0,0,True,113,11,10.272727272727273,113,0,0.0040038045537624115,1.1301002252641015,3.543189870586205e-05,0.5221238938053098,0.5121023932407209,0.5121023932407209,0.5121023932407209,0.911504424778761,4,0.01064414161303252,False,False,0.027272727272727337,0.43494988736794926,0.0,0.8953871274245779,1.3576097420652546,5e-05
f21c_hold1_atr0p6_tp1p0_cd0_early,density_repair(빈도 수리),oos,month,2025-11,Tier A(티어 A),Tier A separate(티어 A 분리),1,0.6,1.0,0,True,135,15,9.0,135,0,0.008723210358313953,1.1590915341034054,6.461637302454781e-05,0.5185185185185185,1.6719083667702028,1.6719083667702028,1.6719083667702028,0.8962962962962963,5,0.018663346958054265,False,False,0.0,0.4204542329482973,0.0,0.894934827202209,1.3153890601505063,5e-05
f21c_hold1_atr0p6_tp1p0_cd0_early,density_repair(빈도 수리),oos,month,2025-12,Tier A(티어 A),Tier A separate(티어 A 분리),1,0.6,1.0,0,True,71,12,5.916666666666667,71,0,-0.007012811305981361,0.6958723574444816,-9.87719902250896e-05,0.4507042253521127,1.0903712830402812,1.0903712830402812,1.0903712830402812,0.9014084507042254,9,0.8720012574260859,False,False,0.0,0.6520638212777592,0.0,1.553233236975163,2.2052970582529223,5e-05
f21c_hold1_atr0p6_tp1p0_cd0_early,density_repair(빈도 수리),oos,month,2026-01,Tier A(티어 A),Tier A separate(티어 A 분리),1,0.6,1.0,0,True,89,12,7.416666666666667,89,0,0.00014940185231566343,1.0050606982872345,1.6786724979288025e-06,0.42696629213483145,1.0523880964445786,1.0523880964445786,1.0523880964445786,0.8539325842696629,14,0.009291316171036908,False,False,0.0,0.49746965085638273,0.0,0.9300885706443817,1.4275582215007643,5e-05
f21c_hold1_atr0p6_tp1p0_cd0_early,density_repair(빈도 수리),oos,month,2026-02,Tier A(티어 A),Tier A separate(티어 A 분리),1,0.6,1.0,0,True,145,17,8.529411764705882,145,0,-0.013457000531786016,0.7822122787691932,-9.28069002192139e-05,0.45517241379310347,1.5417884863723197,1.5417884863723197,1.5417884863723197,0.9655172413793104,6,0.6710931353499568,False,False,0.0,0.6088938606154034,0.0,1.6424908477132092,2.2513847083286125,5e-05
f21c_hold1_atr0p6_tp1p0_cd0_early,density_repair(빈도 수리),oos,month,2026-03,Tier A(티어 A),Tier A separate(티어 A 분리),1,0.6,1.0,0,True,126,17,7.411764705882353,126,0,0.00653790142787034,1.1246280626280756,5.188810657039953e-05,0.4523809523809524,1.2898905881091216,1.2898905881091216,1.2898905881091216,0.873015873015873,11,0.3546648495948897,False,False,0.0,0.4376859686859622,0.0,0.7832579605394425,1.2209439292254047,5e-05
f21c_hold1_atr0p6_tp1p0_cd0_early,density_repair(빈도 수리),oos,month,2026-04,Tier A(티어 A),Tier A separate(티어 A 분리),1,0.6,1.0,0,True,73,8,9.125,73,0,0.0027919487057474364,1.1057927351053833,3.8245872681471734e-05,0.4794520547945205,1.3683344388666363,1.3683344388666363,1.3683344388666363,0.821917808219178,10,0.3016413509403684,False,False,0.0,0.44710363244730833,0.0,0.7841244057754643,1.2312280382227727,5e-05
f21c_hold1_atr0p6_tp1p0_cd0_early,density_repair(빈도 수리),oos,quarter,2025Q4,Tier A(티어 A),Tier A separate(티어 A 분리),1,0.6,1.0,0,True,319,38,8.394736842105264,319,0,0.005714203606095003,1.0525855316660904,1.7912863968949853e-05,0.5047021943573667,1.671908366770214,1.6719083667702028,1.671908366770214,0.9247648902821317,9,0.32147880470389895,False,False,0.0,0.4737072341669548,0.0,0.8114787385102047,1.2851859726771595,5e-05
f21c_hold1_atr0p6_tp1p0_cd0_early,density_repair(빈도 수리),oos,quarter,2026Q1,Tier A(티어 A),Tier A separate(티어 A 분리),1,0.6,1.0,0,True,360,46,7.826086956521739,360,0,-0.006769697251600018,0.9529132723459086,-1.8804714587777827e-05,0.44722222222222224,2.0373396525655174,1.5417884863723197,2.0373396525655174,0.9638888888888889,14,0.5024475123149701,False,False,0.0,0.5235433638270457,0.0,1.7576486194582637,2.2811919832853094,5e-05
f21c_hold1_atr0p6_tp1p0_cd0_early,density_repair(빈도 수리),oos,quarter,2026Q2,Tier A(티어 A),Tier A separate(티어 A 분리),1,0.6,1.0,0,True,73,8,9.125,73,0,0.0027919487057474364,1.1057927351053833,3.8245872681471734e-05,0.4794520547945205,1.3683344388666363,1.3683344388666363,1.3683344388666363,0.821917808219178,10,0.3016413509403684,False,False,0.0,0.44710363244730833,0.0,0.7841244057754643,1.2312280382227727,5e-05
f21c_hold1_atr0p8_tp1p2_cd0,density_repair(빈도 수리),train,month,2022-09,Tier A(티어 A),Tier A separate(티어 A 분리),1,0.8,1.2,0,False,132,17,7.764705882352941,132,0,0.0006419009513673451,1.0086134461245992,4.8628859952071595e-06,0.4621212121212121,1.847928498980811,1.847928498980811,1.847928498980811,0.9090909090909091,7,0.18087695634077552,False,False,0.0,0.4956932769377004,0.0,0.84769627873756,1.3433895556752604,5e-05
f21c_hold1_atr0p8_tp1p2_cd0,density_repair(빈도 수리),train,month,2022-10,Tier A(티어 A),Tier A separate(티어 A 분리),1,0.8,1.2,0,False,160,19,8.421052631578947,160,0,-0.0013002849342606988,0.9879559306987197,-8.126780839129368e-06,0.49375,1.7735379192046041,1.7735379192046041,1.7735379192046041,0.925,6,0.24880904065637646,False,False,0.0,0.5060220346506401,0.0,1.8142859317046307,2.320307966355271,5e-05
f21c_hold1_atr0p8_tp1p2_cd0,density_repair(빈도 수리),train,month,2022-11,Tier A(티어 A),Tier A separate(티어 A 분리),1,0.8,1.2,0,False,79,15,5.266666666666667,79,0,0.008733263037068574,1.2168461004229993,0.00011054763338061485,0.5443037974683544,1.139150844280723,1.139150844280723,1.139150844280723,0.9113924050632911,8,0.0010932324156988835,False,False,0.0,0.39157694978850033,0.0,0.9396346276914165,1.331211577479917,5e-05
f21c_hold1_atr0p8_tp1p2_cd0,density_repair(빈도 수리),train,month,2022-12,Tier A(티어 A),Tier A separate(티어 A 분리),1,0.8,1.2,0,False,81,14,5.785714285714286,81,0,-0.02355123652271074,0.565597745079282,-0.000290756006453219,0.3950617283950617,2.327607055101011,2.327607055101011,2.327607055101011,1.0,7,0.9260712041329855,False,False,0.0,0.717201127460359,0.0,1.5532679581401565,2.2704690856005154,5e-05
f21c_hold1_atr0p8_tp1p2_cd0,density_repair(빈도 수리),train,month,2023-01,Tier A(티어 A),Tier A separate(티어 A 분리),1,0.8,1.2,0,False,159,19,8.368421052631579,159,0,-0.013984203320812277,0.8379804604218419,-8.795096428183821e-05,0.44025157232704404,3.3645809845340047,3.3645809845340047,3.3645809845340047,0.9874213836477987,12,0.15179038659000801,False,False,0.0,0.581009769789079,0.0,1.926033948676006,2.507043718465085,5e-05
f21c_hold1_atr0p8_tp1p2_cd0,density_repair(빈도 수리),train,month,2023-02,Tier A(티어 A),Tier A separate(티어 A 분리),1,0.8,1.2,0,False,94,15,6.266666666666667,94,0,-0.0024805978792879625,0.9508382547504194,-2.6389339141361303e-05,0.425531914893617,1.9079524309165707,1.9079524309165707,1.9079524309165707,0.9574468085106383,8,0.5206132010040417,False,False,0.0,0.5245808726247903,0.0,1.7265751233779687,2.251155996002759,5e-05
f21c_hold1_atr0p8_tp1p2_cd0,density_repair(빈도 수리),train,month,2023-03,Tier A(티어 A),Tier A separate(티어 A 분리),1,0.8,1.2,0,False,142,18,7.888888888888889,142,0,0.0013800856775100184,1.0203109125727723,9.718913221901538e-06,0.4788732394366197,1.555724196917052,1.555724196917052,1.555724196917052,0.9154929577464789,5,0.01907703600512999,False,False,0.0,0.48984454371361386,0.0,0.903387164783607,1.393231708497221,5e-05
f21c_hold1_atr0p8_tp1p2_cd0,density_repair(빈도 수리),train,month,2023-04,Tier A(티어 A),Tier A separate(티어 A 분리),1,0.8,1.2,0,False,102,15,6.8,102,0,-0.00023356804696329238,0.9935448591134167,-2.2898828133656117e-06,0.46078431372549017,1.0043151137741013,1.0043151137741013,1.0043151137741013,0.8921568627450981,6,0.30897471937940757,False,False,0.0,0.5032275704432916,0.0,1.7724319645145608,2.2756595349578523,5e-05
f21c_hold1_atr0p8_tp1p2_cd0,density_repair(빈도 수리),train,month,2023-05,Tier A(티어 A),Tier A separate(티어 A 분리),1,0.8,1.2,0,False,100,15,6.666666666666667,100,0,0.010159497250667898,1.3444178739803843,0.00010159497250667898,0.53,0.7703742032730831,0.7703742032730831,0.7703742032730831,0.78,3,0.18707675581667094,False,False,0.0,0.32779106300980787,0.0,0.7468154598824981,1.074606522892306,5e-05
f21c_hold1_atr0p8_tp1p2_cd0,density_repair(빈도 수리),train,month,2023-06,Tier A(티어 A),Tier A separate(티어 A 분리),1,0.8,1.2,0,False,116,19,6.105263157894737,116,0,0.019851080183305198,1.5541280859885063,0.0001711300015802172,0.603448275862069,0.5880450283846317,0.5880450283846317,0.5880450283846317,0.7586206896551724,4,0.8034541873781316,False,False,0.0,0.22293595700574687,0.0,0.4698249260246684,0.6927608830304153,5e-05
f21c_hold1_atr0p8_tp1p2_cd0,density_repair(빈도 수리),train,month,2023-07,Tier A(티어 A),Tier A separate(티어 A 분리),1,0.8,1.2,0,False,55,13,4.230769230769231,55,0,-0.0003206524784104797,0.9834669424716704,-5.830045062008721e-06,0.509090909090909,0.5486279026162388,0.5486279026162388,0.5486279026162388,0.9454545454545454,6,0.001853058305036918,False,False,0.15384615384615383,0.5082665287641648,0.0,1.934620669217279,2.5967333518275977,5e-05
f21c_hold1_atr0p8_tp1p2_cd0,density_repair(빈도 수리),train,month,2023-08,Tier A(티어 A),Tier A separate(티어 A 분리),1,0.8,1.2,0,False,128,20,6.4,128,0,-0.011145127850609872,0.794101982414388,-8.707131133288962e-05,0.4765625,1.9357492497865114,1.9357492497865114,1.9357492497865114,0.9921875,7,0.5380902157927473,False,False,0.0,0.602949008792806,0.0,1.7243437778932638,2.32729278668607,5e-05
f21c_hold1_atr0p8_tp1p2_cd0,density_repair(빈도 수리),train,month,2023-09,Tier A(티어 A),Tier A separate(티어 A 분리),1,0.8,1.2,0,False,98,14,7.0,98,0,-0.00018192045434415856,0.9947195123267841,-1.8563311667771283e-06,0.5,0.5484906795908295,0.5484906795908295,0.5484906795908295,0.9489795918367347,6,0.17356263839053576,False,False,0.0,0.502640243836608,0.0,1.8589376290507897,2.3615778728873975,5e-05
f21c_hold1_atr0p8_tp1p2_cd0,density_repair(빈도 수리),train,month,2023-10,Tier A(티어 A),Tier A separate(티어 A 분리),1,0.8,1.2,0,False,163,20,8.15,163,0,-0.012074530213447848,0.8384374424052741,-7.407687247514018e-05,0.4539877300613497,1.3729908395987533,1.3729908395987533,1.3729908395987533,0.9877300613496932,7,0.026048207584092913,False,False,0.0,0.580781278797363,0.0,1.9527568341945203,2.5335381129918835,5e-05
f21c_hold1_atr0p8_tp1p2_cd0,density_repair(빈도 수리),train,month,2023-11,Tier A(티어 A),Tier A separate(티어 A 분리),1,0.8,1.2,0,False,74,16,4.625,74,0,0.008220769832679312,1.364398921165754,0.0001110914842253961,0.5135135135135135,0.45761101054518916,0.45761101054518916,0.45761101054518916,0.7837837837837838,4,0.5511195232243165,False,False,0.075,0.31780053941712305,0.0,0.5946989172517604,0.9874994566688835,5e-05
f21c_hold1_atr0p8_tp1p2_cd0,density_repair(빈도 수리),train,month,2023-12,Tier A(티어 A),Tier A separate(티어 A 분리),1,0.8,1.2,0,False,39,12,3.25,39,0,-0.002141143153204009,0.8875770762236211,-5.490110649241048e-05,0.4358974358974359,0.6789684261712448,0.6789684261712448,0.6789684261712448,0.9743589743589743,6,0.29864077376470943,False,False,0.35,0.5562114618881895,0.0,1.8140731902674192,2.7202846521556086,5e-05
f21c_hold1_atr0p8_tp1p2_cd0,density_repair(빈도 수리),train,month,2024-01,Tier A(티어 A),Tier A separate(티어 A 분리),1,0.8,1.2,0,False,80,15,5.333333333333333,80,0,0.002241239173895962,1.0843948767227027,2.8015489673699526e-05,0.525,0.6878936360738774,0.6878936360738774,0.6878936360738774,0.8875,4,0.003165292856014774,False,False,0.0,0.45780256163864863,0.0,0.8879506182147934,1.3457531798534421,5e-05
f21c_hold1_atr0p8_tp1p2_cd0,density_repair(빈도 수리),train,month,2024-02,Tier A(티어 A),Tier A separate(티어 A 분리),1,0.8,1.2,0,False,36,10,3.6,36,0,-0.003985031194722243,0.7098150515956454,-0.00011069531096450675,0.3611111111111111,0.5749217765930514,0.5749217765930514,0.5749217765930514,0.8888888888888888,7,0.0833888752713967,False,False,0.27999999999999997,0.6450924742021773,0.0,1.8824750061278714,2.8075674803300488,5e-05
f21c_hold1_atr0p8_tp1p2_cd0,density_repair(빈도 수리),train,month,2024-03,Tier A(티어 A),Tier A separate(티어 A 분리),1,0.8,1.2,0,False,25,10,2.5,25,0,-0.006828483409914625,0.46508440106150417,-0.000273139336396585,0.4,0.7298042716482933,0.7298042716482933,0.7298042716482933,1.0,4,0.7569187810513267,False,False,0.5,0.767457799469248,0.0,1.599386548526903,2.866844347996151,5e-05
f21c_hold1_atr0p8_tp1p2_cd0,density_repair(빈도 수리),train,month,2024-04,Tier A(티어 A),Tier A separate(티어 A 분리),1,0.8,1.2,0,False,85,15,5.666666666666667,85,0,-0.0092262747255162,0.7265354410987847,-0.00010854440853548471,0.4588235294117647,1.0621032640356742,1.0621032640356742,1.0621032640356742,0.9176470588235294,5,0.7227265053843134,False,False,0.0,0.6367322794506076,0.0,1.5877142490476472,2.224446528498255,5e-05
f21c_hold1_atr0p8_tp1p2_cd0,density_repair(빈도 수리),train,month,2024-05,Tier A(티어 A),Tier A separate(티어 A 분리),1,0.8,1.2,0,False,48,13,3.6923076923076925,48,0,0.0008170530278836636,1.0519207366359906,1.702193808090966e-05,0.4375,0.343519070807885,0.343519070807885,0.343519070807885,0.9375,7,0.1559180058938364,False,False,0.2615384615384615,0.4740396316820047,0.0,0.8717118973477735,1.6072899905682396,5e-05
f21c_hold1_atr0p8_tp1p2_cd0,density_repair(빈도 수리),train,month,2024-06,Tier A(티어 A),Tier A separate(티어 A 분리),1,0.8,1.2,0,False,45,12,3.75,45,0,2.8050220127171215e-05,1.0017585785764864,6.233382250482492e-07,0.5111111111111111,0.5798375305394177,0.5798375305394177,0.5798375305394177,0.8444444444444444,5,0.10384016248843676,False,False,0.25,0.4991207107117568,0.0,0.8332719268802036,1.5823926375919604,5e-05
f21c_hold1_atr0p8_tp1p2_cd0,density_repair(빈도 수리),train,month,2024-07,Tier A(티어 A),Tier A separate(티어 A 분리),1,0.8,1.2,0,False,67,13,5.153846153846154,67,0,-0.005904237545695059,0.8306722112183509,-8.812294844320984e-05,0.4925373134328358,1.5613860930676293,1.5613860930676293,1.5613860930676293,0.8507462686567164,6,0.6394015204230592,False,False,0.0,0.5846638943908246,0.0,1.6051051367051459,2.1897690310959703,5e-05
f21c_hold1_atr0p8_tp1p2_cd0,density_repair(빈도 수리),train,month,2024-08,Tier A(티어 A),Tier A separate(티어 A 분리),1,0.8,1.2,0,False,141,19,7.421052631578948,141,0,-0.018284203000251235,0.777370085930955,-0.0001296751985833421,0.41843971631205673,1.9992562274866121,1.9992562274866121,1.9992562274866121,0.9787234042553191,10,0.6677390804802044,False,False,0.0,0.6113149570345224,0.0,1.6899429456988015,2.301257902733324,5e-05
f21c_hold1_atr0p8_tp1p2_cd0,density_repair(빈도 수리),train,month,2024-09,Tier A(티어 A),Tier A separate(티어 A 분리),1,0.8,1.2,0,False,115,16,7.1875,115,0,0.008901121174138037,1.1937748996929076,7.740105368815684e-05,0.5217391304347826,0.85569654409966,0.85569654409966,0.85569654409966,0.8695652173913043,4,0.33410294027613613,False,False,0.0,0.4031125501535462,0.0,0.7309580247018257,1.1340705748553719,5e-05
f21c_hold1_atr0p8_tp1p2_cd0,density_repair(빈도 수리),train,month,2024-10,Tier A(티어 A),Tier A separate(티어 A 분리),1,0.8,1.2,0,False,82,16,5.125,82,0,0.0002732980737551953,1.010542257397395,3.3329033384779916e-06,0.4878048780487805,0.6786653975822787,0.6786653975822787,0.6786653975822787,0.9512195121951219,4,0.3015474645167332,False,False,0.0,0.4947288713013025,0.0,0.782352421455275,1.2770812927565776,5e-05
f21c_hold1_atr0p8_tp1p2_cd0,density_repair(빈도 수리),train,month,2024-11,Tier A(티어 A),Tier A separate(티어 A 분리),1,0.8,1.2,0,False,85,13,6.538461538461538,85,0,-0.001308507496047851,0.9568903620845172,-1.5394205835857072e-05,0.4470588235294118,0.7428086087214902,0.7428086087214902,0.7428086087214902,0.9764705882352941,7,0.06515458008811041,False,False,0.0,0.5215548189577415,0.0,1.9300922036662327,2.451647022623974,5e-05
f21c_hold1_atr0p8_tp1p2_cd0,density_repair(빈도 수리),train,month,2024-12,Tier A(티어 A),Tier A separate(티어 A 분리),1,0.8,1.2,0,False,73,14,5.214285714285714,73,0,0.0035543902115979104,1.162201921936107,4.869027687120425e-05,0.4383561643835616,0.31401661534511405,0.31401661534511405,0.31401661534511405,0.9041095890410958,5,0.7223381621296644,False,False,0.0,0.4188990390319465,0.0,0.5817971421101442,1.0006961811420907,5e-05
f21c_hold1_atr0p8_tp1p2_cd0,density_repair(빈도 수리),train,quarter,2022Q3,Tier A(티어 A),Tier A separate(티어 A 분리),1,0.8,1.2,0,False,132,17,7.764705882352941,132,0,0.0006419009513673451,1.0086134461245992,4.8628859952071595e-06,0.4621212121212121,1.847928498980811,1.847928498980811,1.847928498980811,0.9090909090909091,7,0.18087695634077552,False,False,0.0,0.4956932769377004,0.0,0.84769627873756,1.3433895556752604,5e-05
f21c_hold1_atr0p8_tp1p2_cd0,density_repair(빈도 수리),train,quarter,2022Q4,Tier A(티어 A),Tier A separate(티어 A 분리),1,0.8,1.2,0,False,320,48,6.666666666666667,320,0,-0.016118258419902862,0.920383958946919,-5.0369557562196444e-05,0.48125,2.3567614918118207,2.327607055101011,2.3567614918118207,0.9625,8,0.08048599915746307,False,False,0.0,0.5398080205265405,0.0,1.9269063003791418,2.466714320905682,5e-05
f21c_hold1_atr0p8_tp1p2_cd0,density_repair(빈도 수리),train,quarter,2023Q1,Tier A(티어 A),Tier A separate(티어 A 분리),1,0.8,1.2,0,False,395,52,7.596153846153846,395,0,-0.0150847155225902,0.9263145554726004,-3.8189153221747345e-05,0.4506329113924051,3.3645809845340047,3.3645809845340047,3.3645809845340047,0.9949367088607595,12,0.02581421026464589,False,False,0.0,0.5368427222636998,0.0,1.9861051243682513,2.522947846631951,5e-05
f21c_hold1_atr0p8_tp1p2_cd0,density_repair(빈도 수리),train,quarter,2023Q2,Tier A(티어 A),Tier A separate(티어 A 분리),1,0.8,1.2,0,False,318,49,6.489795918367347,318,0,0.029777009387009813,1.2933555531347745,9.3638394298773e-05,0.5345911949685535,1.0043151137741013,1.0043151137741013,1.0043151137741013,0.8270440251572327,6,0.8049521624228106,False,False,0.0,0.35332222343261277,0.0,0.5199413382304899,0.8732635616631027,5e-05
f21c_hold1_atr0p8_tp1p2_cd0,density_repair(빈도 수리),train,quarter,2023Q3,Tier A(티어 A),Tier A separate(티어 A 분리),1,0.8,1.2,0,False,281,47,5.9787234042553195,281,0,-0.011647700783364516,0.892126383248363,-4.145089246748938e-05,0.49110320284697506,2.0443288723079767,1.9357492497865114,2.0443288723079767,0.9893238434163701,7,0.5037529044058191,False,False,0.0,0.5539368083758185,0.0,1.738506922554748,2.2924437309305663,5e-05
f21c_hold1_atr0p8_tp1p2_cd0,density_repair(빈도 수리),train,quarter,2023Q4,Tier A(티어 A),Tier A separate(티어 A 분리),1,0.8,1.2,0,False,276,48,5.75,276,0,-0.005994903533972546,0.9484713553613721,-2.1720664978161398e-05,0.4673913043478261,1.3729908395987533,1.3729908395987533,1.3729908395987533,0.9927536231884058,7,0.00011582635853393976,False,False,0.0,0.525764322319314,0.0,1.9666870085734425,2.4924513308927567,5e-05
f21c_hold1_atr0p8_tp1p2_cd0,density_repair(빈도 수리),train,quarter,2024Q1,Tier A(티어 A),Tier A separate(티어 A 분리),1,0.8,1.2,0,False,141,35,4.0285714285714285,141,0,-0.008572275430740902,0.8384261422889963,-6.0796279650644694e-05,0.46099290780141844,1.3938954272982418,0.7298042716482933,1.3938954272982418,0.9361702127659575,7,0.27704216459492015,False,False,0.1942857142857143,0.5807869288555019,0.0,1.8166076216769669,2.591680264818183,5e-05
f21c_hold1_atr0p8_tp1p2_cd0,density_repair(빈도 수리),train,quarter,2024Q2,Tier A(티어 A),Tier A separate(티어 A 분리),1,0.8,1.2,0,False,178,40,4.45,178,0,-0.008381171477505368,0.8718975154096922,-4.708523301969308e-05,0.46629213483146065,1.2486165299546825,1.0621032640356742,1.2486165299546825,0.9606741573033708,7,0.36773072670071916,False,False,0.10999999999999996,0.5640512422951539,0.0,1.7868245437711934,2.4608757860663473,5e-05
f21c_hold1_atr0p8_tp1p2_cd0,density_repair(빈도 수리),train,quarter,2024Q3,Tier A(티어 A),Tier A separate(티어 A 분리),1,0.8,1.2,0,False,323,48,6.729166666666667,323,0,-0.015287319371808265,0.9061737912745187,-4.732916214182126e-05,0.47058823529411764,3.1676364235611487,1.9992562274866121,3.1676364235611487,0.9690402476780186,10,0.7148854893726149,False,False,0.0,0.5469131043627407,0.0,1.6643696412374318,2.2112827456001725,5e-05
f21c_hold1_atr0p8_tp1p2_cd0,density_repair(빈도 수리),train,quarter,2024Q4,Tier A(티어 A),Tier A separate(티어 A 분리),1,0.8,1.2,0,False,240,43,5.5813953488372094,240,0,0.002519180789305253,1.0322185275435722,1.049658662210522e-05,0.4583333333333333,0.7428086087214902,0.7428086087214902,0.7428086087214902,0.9708333333333333,7,0.06161616637739461,False,False,0.0,0.4838907362282139,0.0,0.9291477251301724,1.4130384613583864,5e-05
f21c_hold1_atr0p8_tp1p2_cd0,density_repair(빈도 수리),validation,month,2025-01,Tier A(티어 A),Tier A separate(티어 A 분리),1,0.8,1.2,0,False,113,14,8.071428571428571,113,0,-0.004316634886044234,0.9020901318210697,-3.820030872605517e-05,0.5309734513274337,0.9188718130796358,0.9188718130796358,0.9188718130796358,1.0,4,0.08604400840276108,False,False,0.0,0.5489549340894652,0.0,1.9012801962187575,2.4502351303082226,5e-05
f21c_hold1_atr0p8_tp1p2_cd0,density_repair(빈도 수리),validation,month,2025-02,Tier A(티어 A),Tier A separate(티어 A 분리),1,0.8,1.2,0,False,94,14,6.714285714285714,94,0,-0.0005763969714432573,0.9848000597082586,-6.131882674928269e-06,0.4574468085106383,0.6778441838459326,0.6778441838459326,0.6778441838459326,0.9787234042553191,4,0.04569447445618915,False,False,0.0,0.5075999701458707,0.0,1.9098630184096084,2.417462988555479,5e-05
f21c_hold1_atr0p8_tp1p2_cd0,density_repair(빈도 수리),validation,month,2025-03,Tier A(티어 A),Tier A separate(티어 A 분리),1,0.8,1.2,0,False,126,15,8.4,126,0,-0.011913516050223298,0.844872336767694,-9.455171468431189e-05,0.49206349206349204,2.100556257358843,2.100556257358843,2.100556257358843,0.9365079365079365,4,0.5735642435684234,False,False,0.0,0.577563831616153,0.0,1.653324661822781,2.230888493438934,5e-05
f21c_hold1_atr0p8_tp1p2_cd0,density_repair(빈도 수리),validation,month,2025-04,Tier A(티어 A),Tier A separate(티어 A 분리),1,0.8,1.2,0,False,187,19,9.842105263157896,187,0,-0.009007892633132753,0.9488983772055104,-4.81705488402821e-05,0.46524064171123,4.934727255007177,4.934727255007177,4.934727255007177,0.946524064171123,5,0.5401768286270361,False,False,0.0,0.5255508113972448,0.0,1.6828562559948392,2.208407067392084,5e-05
f21c_hold1_atr0p8_tp1p2_cd0,density_repair(빈도 수리),validation,month,2025-05,Tier A(티어 A),Tier A separate(티어 A 분리),1,0.8,1.2,0,False,122,17,7.176470588235294,122,0,-0.004982446226501126,0.8955433520232295,-4.083972316804202e-05,0.45081967213114754,0.875667665135571,0.875667665135571,0.875667665135571,0.9918032786885246,7,0.24888111718891595,False,False,0.0,0.5522283239883852,0.0,1.854314972674824,2.406543296663209,5e-05
f21c_hold1_atr0p8_tp1p2_cd0,density_repair(빈도 수리),validation,month,2025-06,Tier A(티어 A),Tier A separate(티어 A 분리),1,0.8,1.2,0,False,94,17,5.529411764705882,94,0,0.002238556751263646,1.0808480404044156,2.3814433524081342e-05,0.48936170212765956,1.135726243562929,1.135726243562929,1.135726243562929,0.7978723404255319,4,0.2562484475791177,False,False,0.0,0.4595759797977922,0.0,0.7337307517808864,1.1933067315786787,5e-05
f21c_hold1_atr0p8_tp1p2_cd0,density_repair(빈도 수리),validation,month,2025-07,Tier A(티어 A),Tier A separate(티어 A 분리),1,0.8,1.2,0,False,42,11,3.8181818181818183,42,0,0.003031882435996715,1.3299989247609876,7.218767704754083e-05,0.5238095238095238,0.260137596652521,0.260137596652521,0.260137596652521,0.8571428571428571,4,0.2532913780594134,False,False,0.23636363636363633,0.3350005376195062,0.0,0.7617331655875497,1.3330973395706922,5e-05
f21c_hold1_atr0p8_tp1p2_cd0,density_repair(빈도 수리),validation,month,2025-08,Tier A(티어 A),Tier A separate(티어 A 분리),1,0.8,1.2,0,False,90,14,6.428571428571429,90,0,0.00014651142173444326,1.0052723378684347,1.6279046859382585e-06,0.4777777777777778,0.9032594859029519,0.9032594859029519,0.9032594859029519,0.9,8,0.08853620443229583,False,False,0.0,0.49736383106578264,0.0,0.895158708005467,1.3925225390712497,5e-05
f21c_hold1_atr0p8_tp1p2_cd0,density_repair(빈도 수리),validation,month,2025-09,Tier A(티어 A),Tier A separate(티어 A 분리),1,0.8,1.2,0,False,53,12,4.416666666666667,53,0,-0.006227556609661412,0.6000787834419079,-0.00011750106810681909,0.39622641509433965,0.8233658733156735,0.8233658733156735,0.8233658733156735,1.0,7,0.8673578357740017,False,False,0.11666666666666661,0.699960608279046,0.0,1.5796889739016993,2.3963162488474117,5e-05
f21c_hold1_atr0p8_tp1p2_cd0,density_repair(빈도 수리),validation,quarter,2025Q1,Tier A(티어 A),Tier A separate(티어 A 분리),1,0.8,1.2,0,False,333,43,7.744186046511628,333,0,-0.016806547907710793,0.8941699708778307,-5.047011383696935e-05,0.4954954954954955,2.1005562573588543,2.100556257358843,2.1005562573588543,0.996996996996997,4,0.5665661016774464,False,False,0.0,0.5529150145610846,0.0,1.6836939028937978,2.236608917454882,5e-05
f21c_hold1_atr0p8_tp1p2_cd0,density_repair(빈도 수리),validation,quarter,2025Q2,Tier A(티어 A),Tier A separate(티어 A 분리),1,0.8,1.2,0,False,403,53,7.60377358490566,403,0,-0.011751782108370237,0.9533031716759445,-2.9160749648561382e-05,0.4665012406947891,5.243486806647802,4.934727255007177,5.243486806647802,0.9751861042183623,7,0.3864876571517991,False,False,0.0,0.5233484141620277,0.0,1.7849143011799535,2.3082627153419812,5e-05
f21c_hold1_atr0p8_tp1p2_cd0,density_repair(빈도 수리),validation,quarter,2025Q3,Tier A(티어 A),Tier A separate(티어 A 분리),1,0.8,1.2,0,False,185,37,5.0,185,0,-0.003049162751930252,0.9419739964132589,-1.6481960821244605e-05,0.4648648648648649,1.455862775734984,0.9032594859029519,1.455862775734984,0.9243243243243243,8,0.22775094868890516,False,False,0.0,0.5290130017933705,0.0,1.8434580190359389,2.3724710208293094,5e-05
f21c_hold1_atr0p8_tp1p2_cd0,density_repair(빈도 수리),oos,month,2025-10,Tier A(티어 A),Tier A separate(티어 A 분리),1,0.8,1.2,0,False,113,11,10.272727272727273,113,0,0.000980489206308709,1.0284645768685197,8.676895631050523e-06,0.5309734513274337,0.9820253872966145,0.9820253872966145,0.9820253872966145,0.911504424778761,4,0.4714324251301987,False,False,0.027272727272727337,0.48576771156574017,0.0,0.6880323998418532,1.2010728386803207,5e-05
f21c_hold1_atr0p8_tp1p2_cd0,density_repair(빈도 수리),oos,month,2025-11,Tier A(티어 A),Tier A separate(티어 A 분리),1,0.8,1.2,0,False,135,15,9.0,135,0,0.017091210567940864,1.3296249548466463,0.0001266015597625249,0.5555555555555556,1.7873908617757728,1.7873908617757728,1.7873908617757728,0.8296296296296296,5,0.2284311612696118,False,False,0.0,0.33518752257667683,0.0,0.7705393107620081,1.105726833338685,5e-05
f21c_hold1_atr0p8_tp1p2_cd0,density_repair(빈도 수리),oos,month,2025-12,Tier A(티어 A),Tier A separate(티어 A 분리),1,0.8,1.2,0,False,71,12,5.916666666666667,71,0,-0.009257298021430771,0.6461269251774789,-0.00013038447917508128,0.4647887323943662,1.3420043577279217,1.3420043577279217,1.3420043577279217,0.9154929577464789,9,0.8834205029560234,False,False,0.0,0.6769365374112606,0.0,1.554432604655705,2.2313691420669657,5e-05
f21c_hold1_atr0p8_tp1p2_cd0,density_repair(빈도 수리),oos,month,2026-01,Tier A(티어 A),Tier A separate(티어 A 분리),1,0.8,1.2,0,False,89,12,7.416666666666667,89,0,-0.0007564732743198715,0.9761503299532935,-8.49969971145923e-06,0.449438202247191,1.1910165591324073,1.1910165591324073,1.1910165591324073,0.8651685393258427,14,0.024319470992648473,False,False,0.0,0.5119248350233532,0.0,1.9283820807499377,2.4403069157732906,5e-05
f21c_hold1_atr0p8_tp1p2_cd0,density_repair(빈도 수리),oos,month,2026-02,Tier A(티어 A),Tier A separate(티어 A 분리),1,0.8,1.2,0,False,145,17,8.529411764705882,145,0,-0.0061055125774425335,0.9000781872348611,-4.2106983292707124e-05,0.4896551724137931,1.0310752841008353,1.0310752841008353,1.0310752841008353,0.9586206896551724,6,0.1602645733947768,False,False,0.0,0.5499609063825694,0.0,1.8692602523171782,2.419221158699748,5e-05
f21c_hold1_atr0p8_tp1p2_cd0,density_repair(빈도 수리),oos,month,2026-03,Tier A(티어 A),Tier A separate(티어 A 분리),1,0.8,1.2,0,False,126,17,7.411764705882353,126,0,0.013267113655426746,1.2560811814917916,0.00010529455282084719,0.48412698412698413,1.3220376773154796,1.3220376773154796,1.3220376773154796,0.8253968253968254,6,0.6309082821369745,False,False,0.0,0.3719594092541042,0.0,0.597519844466933,0.9694792537210372,5e-05
f21c_hold1_atr0p8_tp1p2_cd0,density_repair(빈도 수리),oos,month,2026-04,Tier A(티어 A),Tier A separate(티어 A 분리),1,0.8,1.2,0,False,73,8,9.125,73,0,0.005912743538340967,1.2300535129757826,8.099648682658859e-05,0.4931506849315068,1.3583132279735288,1.3583132279735288,1.3583132279735288,0.821917808219178,10,0.11616620959778108,False,False,0.0,0.3849732435121087,0.0,0.8675882193796286,1.2525614628917374,5e-05
f21c_hold1_atr0p8_tp1p2_cd0,density_repair(빈도 수리),oos,quarter,2025Q4,Tier A(티어 A),Tier A separate(티어 A 분리),1,0.8,1.2,0,False,319,38,8.394736842105264,319,0,0.00881440175281881,1.0783806441475603,2.763135345711226e-05,0.5266457680250783,1.7873908617757728,1.7873908617757728,1.7873908617757728,0.9122257053291536,9,0.5254631427163274,False,False,0.0,0.46080967792621985,0.0,0.7140431531757717,1.1748528311019917,5e-05
f21c_hold1_atr0p8_tp1p2_cd0,density_repair(빈도 수리),oos,quarter,2026Q1,Tier A(티어 A),Tier A separate(티어 A 분리),1,0.8,1.2,0,False,360,46,7.826086956521739,360,0,0.006405127803664332,1.0442864456050391,1.7792021676845365e-05,0.4777777777777778,1.5791804903776852,1.3220376773154796,1.5791804903776852,0.9555555555555556,14,0.014830629133400814,False,False,0.0,0.47785677719748043,0.0,0.9733262168899697,1.45118299408745,5e-05
f21c_hold1_atr0p8_tp1p2_cd0,density_repair(빈도 수리),oos,quarter,2026Q2,Tier A(티어 A),Tier A separate(티어 A 분리),1,0.8,1.2,0,False,73,8,9.125,73,0,0.005912743538340967,1.2300535129757826,8.099648682658859e-05,0.4931506849315068,1.3583132279735288,1.3583132279735288,1.3583132279735288,0.821917808219178,10,0.11616620959778108,False,False,0.0,0.3849732435121087,0.0,0.8675882193796286,1.2525614628917374,5e-05
f21c_hold2_atr0p6_tp1p2_cd0_early,density_repair(빈도 수리),train,month,2022-09,Tier A(티어 A),Tier A separate(티어 A 분리),2,0.6,1.2,0,True,111,17,6.529411764705882,111,0,-0.008105050652041746,0.9015093678348339,-7.301847434271844e-05,0.38738738738738737,2.049042513410748,2.049042513410748,2.049042513410748,0.954954954954955,8,0.46721359048461597,False,False,0.0,0.549245316082583,0.0,1.7494836140116528,2.298728930094236,5e-05
f21c_hold2_atr0p6_tp1p2_cd0_early,density_repair(빈도 수리),train,month,2022-10,Tier A(티어 A),Tier A separate(티어 A 분리),2,0.6,1.2,0,True,130,19,6.842105263157895,130,0,0.0035803159330151813,1.032407780171279,2.754089179242447e-05,0.4153846153846154,2.905831022091021,2.905831022091021,2.905831022091021,0.9384615384615385,9,0.12039842376654303,False,False,0.0,0.4837961099143605,0.0,0.908128401612748,1.3919245115271086,5e-05
f21c_hold2_atr0p6_tp1p2_cd0_early,density_repair(빈도 수리),train,month,2022-11,Tier A(티어 A),Tier A separate(티어 A 분리),2,0.6,1.2,0,True,65,15,4.333333333333333,65,0,0.014225469819700612,1.3701186293623004,0.00021885338184154788,0.5230769230769231,0.6046204645589803,0.6046204645589803,0.6046204645589803,0.8307692307692308,4,0.6632573766992336,False,False,0.1333333333333334,0.3149406853188498,0.0,0.5653803343314988,1.0136543529836821,5e-05
f21c_hold2_atr0p6_tp1p2_cd0_early,density_repair(빈도 수리),train,month,2022-12,Tier A(티어 A),Tier A separate(티어 A 분리),2,0.6,1.2,0,True,67,14,4.785714285714286,67,0,-0.008155706435147878,0.830205067378854,-0.00012172696171862504,0.3582089552238806,1.2675832808288323,1.2675832808288323,1.2675832808288323,1.0,5,0.24653866277849643,False,False,0.042857142857142885,0.584897466310573,0.0,1.8390576017496767,2.466812210917393,5e-05
f21c_hold2_atr0p6_tp1p2_cd0_early,density_repair(빈도 수리),train,month,2023-01,Tier A(티어 A),Tier A separate(티어 A 분리),2,0.6,1.2,0,True,136,19,7.157894736842105,136,0,-0.019064270850275587,0.7748523945096761,-0.00014017846213437932,0.41911764705882354,2.4790024912323294,2.4790024912323294,2.4790024912323294,0.9779411764705882,8,0.7781151641391124,False,False,0.0,0.6125738027451619,0.0,1.6199217055491641,2.232495508294326,5e-05
f21c_hold2_atr0p6_tp1p2_cd0_early,density_repair(빈도 수리),train,month,2023-02,Tier A(티어 A),Tier A separate(티어 A 분리),2,0.6,1.2,0,True,79,15,5.266666666666667,79,0,-0.011594629068346721,0.7825252931915193,-0.00014676745656135089,0.3670886075949367,1.726822010575546,1.726822010575546,1.726822010575546,0.9746835443037974,8,0.7991497074479698,False,False,0.0,0.6087373534042404,0.0,1.6089902265851226,2.217727579989363,5e-05
f21c_hold2_atr0p6_tp1p2_cd0_early,density_repair(빈도 수리),train,month,2023-03,Tier A(티어 A),Tier A separate(티어 A 분리),2,0.6,1.2,0,True,121,18,6.722222222222222,121,0,-0.0017215333643923986,0.9761010756057075,-1.4227548466052881e-05,0.48760330578512395,2.165881676632131,2.165881676632131,2.165881676632131,0.9338842975206612,8,0.002750013338501867,False,False,0.0,0.5119494621971463,0.0,1.9490104278819718,2.460959890079118,5e-05
f21c_hold2_atr0p6_tp1p2_cd0_early,density_repair(빈도 수리),train,month,2023-04,Tier A(티어 A),Tier A separate(티어 A 분리),2,0.6,1.2,0,True,87,15,5.8,87,0,0.001598985634532279,1.045930903415073,1.8379145224508954e-05,0.4827586206896552,0.7010486891668721,0.7010486891668721,0.7010486891668721,0.896551724137931,4,0.009401641173406198,False,False,0.0,0.4770345482924635,0.0,0.8892175373340363,1.3662520856265,5e-05
f21c_hold2_atr0p6_tp1p2_cd0_early,density_repair(빈도 수리),train,month,2023-05,Tier A(티어 A),Tier A separate(티어 A 분리),2,0.6,1.2,0,True,85,15,5.666666666666667,85,0,0.014112490881559168,1.4867778408399643,0.00016602930448893138,0.5058823529411764,0.4950851064186135,0.4950851064186135,0.4950851064186135,0.8,6,0.6693132112986125,False,False,0.0,0.25661107958001783,0.0,0.5688090549156244,0.8254201344956422,5e-05
f21c_hold2_atr0p6_tp1p2_cd0_early,density_repair(빈도 수리),train,month,2023-06,Tier A(티어 A),Tier A separate(티어 A 분리),2,0.6,1.2,0,True,101,19,5.315789473684211,101,0,0.00893436364553746,1.2264485008569186,8.845904599542039e-05,0.504950495049505,1.044359267698769,1.044359267698769,1.044359267698769,0.8118811881188119,5,0.2729945838896607,False,False,0.0,0.3867757495715407,0.0,0.7424989719031181,1.1292747214746588,5e-05
f21c_hold2_atr0p6_tp1p2_cd0_early,density_repair(빈도 수리),train,month,2023-07,Tier A(티어 A),Tier A separate(티어 A 분리),2,0.6,1.2,0,True,47,13,3.6153846153846154,47,0,-0.008099070055799164,0.612289108031973,-0.00017232063948508858,0.3617021276595745,0.8716127134452911,0.8716127134452911,0.8716127134452911,1.0,10,0.2908681245057207,False,False,0.27692307692307694,0.6938554459840135,0.0,1.8691093439724258,2.839887866879516,5e-05
f21c_hold2_atr0p6_tp1p2_cd0_early,density_repair(빈도 수리),train,month,2023-08,Tier A(티어 A),Tier A separate(티어 A 분리),2,0.6,1.2,0,True,107,20,5.35,107,0,-0.00807299599716774,0.8474438413049044,-7.544856072119383e-05,0.3925233644859813,1.4383393362794372,1.4383393362794372,1.4383393362794372,1.0,9,0.17998175161635446,False,False,0.0,0.5762780793475478,0.0,1.9090082117726406,2.4852862911201883,5e-05
f21c_hold2_atr0p6_tp1p2_cd0_early,density_repair(빈도 수리),train,month,2023-09,Tier A(티어 A),Tier A separate(티어 A 분리),2,0.6,1.2,0,True,78,14,5.571428571428571,78,0,0.0040131652929653785,1.1201186334864282,5.145083708929972e-05,0.44871794871794873,0.7891076271705488,0.7891076271705488,0.7891076271705488,0.8589743589743589,4,0.28629406261314405,False,False,0.0,0.4399406832567859,0.0,0.7477061333625468,1.1876468166193326,5e-05
f21c_hold2_atr0p6_tp1p2_cd0_early,density_repair(빈도 수리),train,month,2023-10,Tier A(티어 A),Tier A separate(티어 A 분리),2,0.6,1.2,0,True,133,20,6.65,133,0,0.011906854798342576,1.1831301825287637,8.952522404768854e-05,0.48120300751879697,0.8912304250868308,0.8912304250868308,0.8912304250868308,0.9097744360902256,7,0.7277692562348657,False,False,0.0,0.40843490873561816,0.0,0.601902330934912,1.0103372396705301,5e-05
f21c_hold2_atr0p6_tp1p2_cd0_early,density_repair(빈도 수리),train,month,2023-11,Tier A(티어 A),Tier A separate(티어 A 분리),2,0.6,1.2,0,True,68,16,4.25,68,0,0.0010673447629044462,1.0401812654686242,1.5696246513300678e-05,0.4264705882352941,0.5291707871196816,0.5291707871196816,0.5291707871196816,0.8823529411764706,4,0.5444592854730614,False,False,0.15,0.4799093672656879,0.0,0.6420521450665342,1.271961512332222,5e-05
f21c_hold2_atr0p6_tp1p2_cd0_early,density_repair(빈도 수리),train,month,2023-12,Tier A(티어 A),Tier A separate(티어 A 분리),2,0.6,1.2,0,True,36,12,3.0,36,0,0.0018738537422102984,1.1217647856701134,5.2051492839174954e-05,0.3888888888888889,0.3409348931527889,0.3409348931527889,0.3409348931527889,0.8611111111111112,6,0.7448208156527251,False,False,0.4,0.4391176071649433,0.0,0.5623306329562738,1.4014482401212172,5e-05
f21c_hold2_atr0p6_tp1p2_cd0_early,density_repair(빈도 수리),train,month,2024-01,Tier A(티어 A),Tier A separate(티어 A 분리),2,0.6,1.2,0,True,71,15,4.733333333333333,71,0,-0.0011445010587281565,0.9564585079072662,-1.6119733221523332e-05,0.4225352112676056,0.4215004945623213,0.4215004945623213,0.4215004945623213,0.9577464788732394,4,0.11739715828791128,False,False,0.05333333333333332,0.521770746046367,0.0,1.8681571942633974,2.4432612736430976,5e-05
f21c_hold2_atr0p6_tp1p2_cd0_early,density_repair(빈도 수리),train,month,2024-02,Tier A(티어 A),Tier A separate(티어 A 분리),2,0.6,1.2,0,True,28,10,2.8,28,0,-0.00541512390697789,0.5571621575194878,-0.0001933972823920675,0.32142857142857145,0.6231326326760933,0.6231326326760933,0.6231326326760933,0.8928571428571429,8,0.16791531109161895,False,False,0.44000000000000006,0.7214189212402561,0.0,1.856223824294486,3.017642745534742,5e-05
f21c_hold2_atr0p6_tp1p2_cd0_early,density_repair(빈도 수리),train,month,2024-03,Tier A(티어 A),Tier A separate(티어 A 분리),2,0.6,1.2,0,True,23,10,2.3,23,0,-0.0011037787125838397,0.8919742168262048,-4.799037880799303e-05,0.43478260869565216,0.4894622712668495,0.4894622712668495,0.4894622712668495,1.0,4,0.004815530013993751,False,False,0.54,0.5540128915868976,0.0,1.9378330114937028,3.0318459030806,5e-05
f21c_hold2_atr0p6_tp1p2_cd0_early,density_repair(빈도 수리),train,month,2024-04,Tier A(티어 A),Tier A separate(티어 A 분리),2,0.6,1.2,0,True,71,15,4.733333333333333,71,0,0.005684968784678444,1.2162026969806679,8.006998288279499e-05,0.5070422535211268,0.7094580291531538,0.7094580291531538,0.7094580291531538,0.8732394366197183,4,0.0063180095501956775,False,False,0.05333333333333332,0.3918986515096661,0.0,0.8801146421812852,1.3253466270242846,5e-05
f21c_hold2_atr0p6_tp1p2_cd0_early,density_repair(빈도 수리),train,month,2024-05,Tier A(티어 A),Tier A separate(티어 A 분리),2,0.6,1.2,0,True,42,13,3.230769230769231,42,0,-0.0011338757354813036,0.9262657714759907,-2.6997041320983418e-05,0.42857142857142855,0.5083355943367507,0.5083355943367507,0.5083355943367507,0.9761904761904762,5,0.2606385662935779,False,False,0.3538461538461538,0.5368671142620047,0.0,1.8219983594536042,2.7127116275617627,5e-05
f21c_hold2_atr0p6_tp1p2_cd0_early,density_repair(빈도 수리),train,month,2024-06,Tier A(티어 A),Tier A separate(티어 A 분리),2,0.6,1.2,0,True,42,12,3.5,42,0,0.003253305037422372,1.2235904818389176,7.745964374815171e-05,0.5,0.3286331346442073,0.3286331346442073,0.3286331346442073,0.7619047619047619,4,0.7717970768175821,False,False,0.3,0.3882047590805412,0.0,0.4855484582892309,1.173753217369772,5e-05
f21c_hold2_atr0p6_tp1p2_cd0_early,density_repair(빈도 수리),train,month,2024-07,Tier A(티어 A),Tier A separate(티어 A 분리),2,0.6,1.2,0,True,60,13,4.615384615384615,60,0,0.0072863795269723156,1.2568943037859883,0.00012143965878287192,0.4666666666666667,0.624738547927417,0.624738547927417,0.624738547927417,0.7666666666666667,5,0.4972720084756931,False,False,0.07692307692307701,0.37155284810700584,0.0,0.6212275961859381,1.069703521216021,5e-05
f21c_hold2_atr0p6_tp1p2_cd0_early,density_repair(빈도 수리),train,month,2024-08,Tier A(티어 A),Tier A separate(티어 A 분리),2,0.6,1.2,0,True,119,19,6.2631578947368425,119,0,-0.03650757395614655,0.604165381653839,-0.00030678633576593743,0.3445378151260504,3.5849208567143354,3.5849208567143354,3.5849208567143354,1.0,11,0.8787609814439289,False,False,0.0,0.6979173091730805,0.0,1.604557558350232,2.3024748675233124,5e-05
f21c_hold2_atr0p6_tp1p2_cd0_early,density_repair(빈도 수리),train,month,2024-09,Tier A(티어 A),Tier A separate(티어 A 분리),2,0.6,1.2,0,True,96,16,6.0,96,0,0.013588602339690866,1.3169877185859271,0.00014154794103844653,0.4791666666666667,1.0717794160966188,1.0717794160966188,1.0717794160966188,0.7708333333333334,8,0.6362664436955449,False,False,0.0,0.34150614070703644,0.0,0.5905551003370049,0.9320612410440413,5e-05
f21c_hold2_atr0p6_tp1p2_cd0_early,density_repair(빈도 수리),train,month,2024-10,Tier A(티어 A),Tier A separate(티어 A 분리),2,0.6,1.2,0,True,70,16,4.375,70,0,0.010988519200623883,1.564771707605658,0.00015697884572319831,0.4857142857142857,0.5073062647346749,0.5073062647346749,0.5073062647346749,0.8571428571428571,4,0.0785167215468615,False,False,0.125,0.217614146197171,0.0,0.8403817610181981,1.182995907215369,5e-05
f21c_hold2_atr0p6_tp1p2_cd0_early,density_repair(빈도 수리),train,month,2024-11,Tier A(티어 A),Tier A separate(티어 A 분리),2,0.6,1.2,0,True,70,13,5.384615384615385,70,0,-0.007343367143810281,0.767320130632816,-0.00010490524491157545,0.4,1.1380009000494629,1.1380009000494629,1.1380009000494629,0.9714285714285714,10,0.09772949475265091,False,False,0.0,0.616339934683592,0.0,1.9431645845041645,2.5595045191877563,5e-05
f21c_hold2_atr0p6_tp1p2_cd0_early,density_repair(빈도 수리),train,month,2024-12,Tier A(티어 A),Tier A separate(티어 A 분리),2,0.6,1.2,0,True,62,14,4.428571428571429,62,0,0.013601836946284133,1.6993242388087437,0.00021938446687555055,0.5161290322580645,0.48383182819121684,0.48383182819121684,0.48383182819121684,0.8387096774193549,5,0.7363287766942349,False,False,0.11428571428571424,0.15033788059562814,0.0,0.546071405326304,0.8106950002076464,5e-05
f21c_hold2_atr0p6_tp1p2_cd0_early,density_repair(빈도 수리),train,quarter,2022Q3,Tier A(티어 A),Tier A separate(티어 A 분리),2,0.6,1.2,0,True,111,17,6.529411764705882,111,0,-0.008105050652041746,0.9015093678348339,-7.301847434271844e-05,0.38738738738738737,2.049042513410748,2.049042513410748,2.049042513410748,0.954954954954955,8,0.46721359048461597,False,False,0.0,0.549245316082583,0.0,1.7494836140116528,2.298728930094236,5e-05
f21c_hold2_atr0p6_tp1p2_cd0_early,density_repair(빈도 수리),train,quarter,2022Q4,Tier A(티어 A),Tier A separate(티어 A 분리),2,0.6,1.2,0,True,262,48,5.458333333333333,262,0,0.009650079317567919,1.0489989469486365,3.683236380751114e-05,0.42748091603053434,2.905831022091021,2.905831022091021,2.905831022091021,0.9427480916030534,9,0.40217525389273284,False,False,0.0,0.47550052652568175,0.0,0.7832577769696443,1.258758303495326,5e-05
f21c_hold2_atr0p6_tp1p2_cd0_early,density_repair(빈도 수리),train,quarter,2023Q1,Tier A(티어 A),Tier A separate(티어 A 분리),2,0.6,1.2,0,True,336,52,6.461538461538462,336,0,-0.03238043328301471,0.8458245740694496,-9.637033715182949e-05,0.43154761904761907,4.520234297876846,2.4790024912323294,4.520234297876846,0.9910714285714286,12,0.7785333878447306,False,False,0.0,0.5770877129652752,0.0,1.6456421183270142,2.2227298312922894,5e-05
f21c_hold2_atr0p6_tp1p2_cd0_early,density_repair(빈도 수리),train,quarter,2023Q2,Tier A(티어 A),Tier A separate(티어 A 분리),2,0.6,1.2,0,True,273,49,5.571428571428571,273,0,0.024645840161628903,1.2386803333968304,9.027780278984947e-05,0.4981684981684982,1.04435926769878,1.044359267698769,1.04435926769878,0.8498168498168498,6,0.8456307093909061,False,False,0.0,0.3806598333015848,0.0,0.5118837631916746,0.8925435964932594,5e-05
f21c_hold2_atr0p6_tp1p2_cd0_early,density_repair(빈도 수리),train,quarter,2023Q3,Tier A(티어 A),Tier A separate(티어 A 분리),2,0.6,1.2,0,True,232,47,4.9361702127659575,232,0,-0.012158900760001529,0.8865961035113225,-5.240905500000659e-05,0.4051724137931034,2.2333732672139117,1.4383393362794372,2.2333732672139117,1.0,10,0.14302040750264955,False,False,0.012765957446808507,0.5567019482443387,0.0,1.9356408166238077,2.505108722314955,5e-05
f21c_hold2_atr0p6_tp1p2_cd0_early,density_repair(빈도 수리),train,quarter,2023Q4,Tier A(티어 A),Tier A separate(티어 A 분리),2,0.6,1.2,0,True,237,48,4.9375,237,0,0.014848053303457329,1.1388046049484275,6.265001393863852e-05,0.45147679324894513,0.8912304250868308,0.8912304250868308,0.8912304250868308,0.919831223628692,7,0.6839914446742905,False,False,0.0125,0.43059769752578625,0.0,0.6261279005294806,1.069225598055267,5e-05
f21c_hold2_atr0p6_tp1p2_cd0_early,density_repair(빈도 수리),train,quarter,2024Q1,Tier A(티어 A),Tier A separate(티어 A 분리),2,0.6,1.2,0,True,122,35,3.4857142857142858,122,0,-0.007663403678289882,0.8427415343510689,-6.281478424827771e-05,0.4016393442622951,1.197732313003308,0.6231326326760933,1.197732313003308,0.9754098360655737,10,0.40325631250881105,False,False,0.3028571428571428,0.5786292328244655,0.0,1.8074690856005433,2.6889554612821516,5e-05
f21c_hold2_atr0p6_tp1p2_cd0_early,density_repair(빈도 수리),train,quarter,2024Q2,Tier A(티어 A),Tier A separate(티어 A 분리),2,0.6,1.2,0,True,155,40,3.875,155,0,0.00780439808661951,1.138812018494522,5.035095539754523e-05,0.4838709677419355,0.7094580291531538,0.7094580291531538,0.7094580291531538,0.8903225806451613,5,0.5400049244839944,False,False,0.225,0.43059399075273896,0.0,0.6576429452725252,1.3132369360252643,5e-05
f21c_hold2_atr0p6_tp1p2_cd0_early,density_repair(빈도 수리),train,quarter,2024Q3,Tier A(티어 A),Tier A separate(티어 A 분리),2,0.6,1.2,0,True,275,48,5.729166666666667,275,0,-0.015632592089483373,0.9043647767372436,-5.6845789416303175e-05,0.41818181818181815,3.827261305311813,3.5849208567143354,3.827261305311813,0.9490909090909091,11,0.561800405647474,False,False,0.0,0.5478176116313782,0.0,1.7242807265495457,2.272098338180924,5e-05
f21c_hold2_atr0p6_tp1p2_cd0_early,density_repair(빈도 수리),train,quarter,2024Q4,Tier A(티어 A),Tier A separate(티어 A 분리),2,0.6,1.2,0,True,202,43,4.6976744186046515,202,0,0.01724698900309773,1.244754446199091,8.538113367870164e-05,0.46534653465346537,1.2121814005684906,1.1380009000494629,1.2121814005684906,0.9207920792079208,10,0.16560264793030116,False,False,0.0604651162790697,0.37762277690045454,0.0,0.8898352440749288,1.3279231372544529,5e-05
f21c_hold2_atr0p6_tp1p2_cd0_early,density_repair(빈도 수리),validation,month,2025-01,Tier A(티어 A),Tier A separate(티어 A 분리),2,0.6,1.2,0,True,91,14,6.5,91,0,-0.01185713210730904,0.762528966092957,-0.00013029815502537407,0.43956043956043955,1.1787113330263277,1.1787113330263277,1.1787113330263277,1.0,7,0.028120813263773616,False,False,0.0,0.6187355169535216,0.0,1.9573456340313018,2.576081150984823,5e-05
f21c_hold2_atr0p6_tp1p2_cd0_early,density_repair(빈도 수리),validation,month,2025-02,Tier A(티어 A),Tier A separate(티어 A 분리),2,0.6,1.2,0,True,79,14,5.642857142857143,79,0,0.010248455424510926,1.3234941129774307,0.0001297272838545687,0.46835443037974683,0.6703833634796541,0.6703833634796541,0.6703833634796541,0.8607594936708861,4,0.33307120272806595,False,False,0.0,0.33825294351128465,0.0,0.7274597309242691,1.0657126744355536,5e-05
f21c_hold2_atr0p6_tp1p2_cd0_early,density_repair(빈도 수리),validation,month,2025-03,Tier A(티어 A),Tier A separate(티어 A 분리),2,0.6,1.2,0,True,102,15,6.8,102,0,-0.01002938068859949,0.8763390230607674,-9.832726165293618e-05,0.38235294117647056,3.1585577271090015,3.1585577271090015,3.1585577271090015,0.9215686274509803,8,0.48468622729405586,False,False,0.0,0.5618304884696164,0.0,1.7265970800706159,2.288427568540232,5e-05
f21c_hold2_atr0p6_tp1p2_cd0_early,density_repair(빈도 수리),validation,month,2025-04,Tier A(티어 A),Tier A separate(티어 A 분리),2,0.6,1.2,0,True,149,19,7.842105263157895,149,0,0.032103024361016044,1.2153293287703903,0.00021545653933567816,0.4429530201342282,2.689423104328792,2.689423104328792,2.689423104328792,0.9261744966442953,5,0.42933358511977354,False,False,0.0,0.3923353356148048,0.0,0.7235784101860349,1.1159137458008397,5e-05
f21c_hold2_atr0p6_tp1p2_cd0_early,density_repair(빈도 수리),validation,month,2025-05,Tier A(티어 A),Tier A separate(티어 A 분리),2,0.6,1.2,0,True,107,17,6.294117647058823,107,0,0.0020231891368922257,1.0454606440401089,1.890830969058155e-05,0.4392523364485981,0.8743694658806977,0.8743694658806977,0.8743694658806977,0.9439252336448598,6,0.1773052510932904,False,False,0.0,0.4772696779799456,0.0,0.8549789921482063,1.332248670128152,5e-05
f21c_hold2_atr0p6_tp1p2_cd0_early,density_repair(빈도 수리),validation,month,2025-06,Tier A(티어 A),Tier A separate(티어 A 분리),2,0.6,1.2,0,True,78,17,4.588235294117647,78,0,0.004924393982935775,1.1947584373566082,6.31332561914843e-05,0.48717948717948717,0.6755322017726328,0.6755322017726328,0.6755322017726328,0.8846153846153846,5,0.1315070822394242,False,False,0.08235294117647066,0.4026207813216959,0.0,0.8388987360691822,1.3238724585673487,5e-05
f21c_hold2_atr0p6_tp1p2_cd0_early,density_repair(빈도 수리),validation,month,2025-07,Tier A(티어 A),Tier A separate(티어 A 분리),2,0.6,1.2,0,True,35,11,3.1818181818181817,35,0,0.001221262371277205,1.1468790195607257,3.489321060792014e-05,0.45714285714285713,0.19523032340902358,0.19523032340902358,0.19523032340902358,0.7714285714285715,4,0.2599681314612697,False,False,0.36363636363636365,0.42656049021963716,0.0,0.7201571979852859,1.5103540518412868,5e-05
f21c_hold2_atr0p6_tp1p2_cd0_early,density_repair(빈도 수리),validation,month,2025-08,Tier A(티어 A),Tier A separate(티어 A 분리),2,0.6,1.2,0,True,79,14,5.642857142857143,79,0,-0.0009644143883761244,0.9660917222317303,-1.2207777068052207e-05,0.379746835443038,0.6804360738519977,0.6804360738519977,0.6804360738519977,0.9493670886075949,9,0.0025328776923329746,False,False,0.0,0.5169541388841348,0.0,1.966075394911868,2.4830295337960027,5e-05
f21c_hold2_atr0p6_tp1p2_cd0_early,density_repair(빈도 수리),validation,month,2025-09,Tier A(티어 A),Tier A separate(티어 A 분리),2,0.6,1.2,0,True,47,12,3.9166666666666665,47,0,-0.008083554022205211,0.568567475762758,-0.00017199051111074917,0.3404255319148936,0.8330171464324909,0.8330171464324909,0.8330171464324909,1.0,5,0.830189767406623,False,False,0.2166666666666667,0.715716262118621,0.0,1.5764146046670198,2.5087975334523076,5e-05
f21c_hold2_atr0p6_tp1p2_cd0_early,density_repair(빈도 수리),validation,quarter,2025Q1,Tier A(티어 A),Tier A separate(티어 A 분리),2,0.6,1.2,0,True,272,43,6.325581395348837,272,0,-0.011638057371397599,0.928475906136773,-4.278697563013823e-05,0.4264705882352941,3.1585577271090015,3.1585577271090015,3.1585577271090015,0.9669117647058824,8,0.06167573445294046,False,False,0.0,0.5357620469316136,0.0,1.9373562136138238,2.473118260545437,5e-05
f21c_hold2_atr0p6_tp1p2_cd0_early,density_repair(빈도 수리),validation,quarter,2025Q2,Tier A(티어 A),Tier A separate(티어 A 분리),2,0.6,1.2,0,True,334,53,6.30188679245283,334,0,0.03905060748084405,1.1784136117347137,0.00011691798646959297,0.45209580838323354,2.7517914668309884,2.689423104328792,2.7517914668309884,0.9670658682634731,6,0.19381262033945643,False,False,0.0,0.41079319413264315,0.0,0.8579639615658075,1.2687571556984505,5e-05
f21c_hold2_atr0p6_tp1p2_cd0_early,density_repair(빈도 수리),validation,quarter,2025Q3,Tier A(티어 A),Tier A separate(티어 A 분리),2,0.6,1.2,0,True,161,37,4.351351351351352,161,0,-0.007826706039304134,0.8589608627361885,-4.861308098946667e-05,0.38509316770186336,1.116183589596953,0.8330171464324909,1.116183589596953,0.9440993788819876,9,0.5515604506929922,False,False,0.12972972972972965,0.5705195686319058,0.0,1.716642517685048,2.4168918160466832,5e-05
f21c_hold2_atr0p6_tp1p2_cd0_early,density_repair(빈도 수리),oos,month,2025-10,Tier A(티어 A),Tier A separate(티어 A 분리),2,0.6,1.2,0,True,87,11,7.909090909090909,87,0,0.005511724970399171,1.1812840224246457,6.335316057930081e-05,0.4827586206896552,0.48743295159309197,0.48743295159309197,0.48743295159309197,0.8620689655172413,4,0.3340887275761845,False,False,0.0,0.40935798878767715,0.0,0.7275911070734756,1.1369490958611528,5e-05
f21c_hold2_atr0p6_tp1p2_cd0_early,density_repair(빈도 수리),oos,month,2025-11,Tier A(티어 A),Tier A separate(티어 A 분리),2,0.6,1.2,0,True,110,15,7.333333333333333,110,0,0.010420500344815745,1.195328594152299,9.473182131650677e-05,0.4727272727272727,1.3517561337411999,1.3517561337411999,1.3517561337411999,0.9,5,0.41474285299393016,False,False,0.0,0.40233570292385046,0.0,0.7183657161527315,1.1207014190765818,5e-05
f21c_hold2_atr0p6_tp1p2_cd0_early,density_repair(빈도 수리),oos,month,2025-12,Tier A(티어 A),Tier A separate(티어 A 분리),2,0.6,1.2,0,True,62,12,5.166666666666667,62,0,-0.009809869528288336,0.660917353290889,-0.0001582237020691667,0.3870967741935484,1.1898409700946355,1.1898409700946355,1.1898409700946355,0.9193548387096774,8,0.8730290152947758,False,False,0.0,0.6695413233545555,0.0,1.550846620536706,2.2203879438912617,5e-05
f21c_hold2_atr0p6_tp1p2_cd0_early,density_repair(빈도 수리),oos,month,2026-01,Tier A(티어 A),Tier A separate(티어 A 분리),2,0.6,1.2,0,True,71,12,5.916666666666667,71,0,0.008764188335977861,1.343277331427418,0.00012343927233771635,0.4788732394366197,1.0252654594515187,1.0252654594515187,1.0252654594515187,0.7464788732394366,8,0.2886400631354877,False,False,0.0,0.328361334286291,0.0,0.736027464546777,1.064388798833068,5e-05
f21c_hold2_atr0p6_tp1p2_cd0_early,density_repair(빈도 수리),oos,month,2026-02,Tier A(티어 A),Tier A separate(티어 A 분리),2,0.6,1.2,0,True,119,17,7.0,119,0,-0.004340845779239191,0.9326406990862229,-3.6477695623858744e-05,0.44537815126050423,1.3267335405350078,1.3267335405350078,1.3267335405350078,0.9495798319327731,6,0.0023805357917377977,False,False,0.0,0.5336796504568886,0.0,1.936239683263466,2.4699193337203544,5e-05
f21c_hold2_atr0p6_tp1p2_cd0_early,density_repair(빈도 수리),oos,month,2026-03,Tier A(티어 A),Tier A separate(티어 A 분리),2,0.6,1.2,0,True,106,17,6.235294117647059,106,0,-0.007749618297152509,0.8824474127167405,-7.310960657691047e-05,0.39622641509433965,2.049622036713139,2.049622036713139,2.049622036713139,0.9056603773584906,12,0.15103889351642685,False,False,0.0,0.5587762936416297,0.0,1.889579667728929,2.4483559613705586,5e-05
f21c_hold2_atr0p6_tp1p2_cd0_early,density_repair(빈도 수리),oos,month,2026-04,Tier A(티어 A),Tier A separate(티어 A 분리),2,0.6,1.2,0,True,55,8,6.875,55,0,0.011425233582077952,1.5960992415870425,0.00020773151967414457,0.5454545454545454,0.5619229931795089,0.5619229931795089,0.5619229931795089,0.7818181818181819,5,0.2047515991291881,False,False,0.0,0.20195037920647874,0.0,0.7596799622100472,0.9616303414165259,5e-05
f21c_hold2_atr0p6_tp1p2_cd0_early,density_repair(빈도 수리),oos,quarter,2025Q4,Tier A(티어 A),Tier A separate(티어 A 분리),2,0.6,1.2,0,True,259,38,6.815789473684211,259,0,0.006122355786926567,1.0543325638091212,2.3638439331762806e-05,0.4555984555984556,1.3517561337411999,1.3517561337411999,1.3517561337411999,0.9227799227799228,8,0.49177599895969604,False,False,0.0,0.4728337180954394,0.0,0.7239517657191021,1.1967854838145415,5e-05
f21c_hold2_atr0p6_tp1p2_cd0_early,density_repair(빈도 수리),oos,quarter,2026Q1,Tier A(티어 A),Tier A separate(티어 A 분리),2,0.6,1.2,0,True,296,46,6.434782608695652,296,0,-0.003326275740413843,0.978663874902262,-1.1237418041938659e-05,0.4358108108108108,2.457285517305585,2.049622036713139,2.457285517305585,0.9358108108108109,12,0.13642741369727948,False,False,0.0,0.510668062548869,0.0,1.909722528701089,2.420390591249958,5e-05
f21c_hold2_atr0p6_tp1p2_cd0_early,density_repair(빈도 수리),oos,quarter,2026Q2,Tier A(티어 A),Tier A separate(티어 A 분리),2,0.6,1.2,0,True,55,8,6.875,55,0,0.011425233582077952,1.5960992415870425,0.00020773151967414457,0.5454545454545454,0.5619229931795089,0.5619229931795089,0.5619229931795089,0.7818181818181819,5,0.2047515991291881,False,False,0.0,0.20195037920647874,0.0,0.7596799622100472,0.9616303414165259,5e-05
f21c_hold2_atr0p8_tp1p6_cd0,density_repair(빈도 수리),train,month,2022-09,Tier A(티어 A),Tier A separate(티어 A 분리),2,0.8,1.6,0,False,104,17,6.117647058823529,104,0,-0.01858337632627606,0.7918799302955866,-0.0001786863108295775,0.38461538461538464,4.048443400939927,4.048443400939927,4.048443400939927,0.9423076923076923,8,0.8276185434089105,False,False,0.0,0.6040600348522067,0.0,1.5816101170044519,2.185670151856659,5e-05
f21c_hold2_atr0p8_tp1p6_cd0,density_repair(빈도 수리),train,month,2022-10,Tier A(티어 A),Tier A separate(티어 A 분리),2,0.8,1.6,0,False,123,19,6.473684210526316,123,0,0.009562309103513184,1.0824065424732972,7.774235043506653e-05,0.45528455284552843,2.3871891135112233,2.3871891135112233,2.3871891135112233,0.9186991869918699,9,0.0008623823859407397,False,False,0.0,0.4587967287633514,0.0,0.9530265620726682,1.4118232908360198,5e-05
f21c_hold2_atr0p8_tp1p6_cd0,density_repair(빈도 수리),train,month,2022-11,Tier A(티어 A),Tier A separate(티어 A 분리),2,0.8,1.6,0,False,64,15,4.266666666666667,64,0,0.009517347921073598,1.2219435809732575,0.00014870856126677497,0.546875,0.7963453097990403,0.7963453097990403,0.7963453097990403,0.84375,3,0.3605529037611163,False,False,0.14666666666666667,0.38902820951337125,0.0,0.6974386933074976,1.2331335694875356,5e-05
f21c_hold2_atr0p8_tp1p6_cd0,density_repair(빈도 수리),train,month,2022-12,Tier A(티어 A),Tier A separate(티어 A 분리),2,0.8,1.6,0,False,65,14,4.642857142857143,65,0,-0.0057720041717410865,0.8800337499519256,-8.88000641806321e-05,0.4,1.027748500914183,1.027748500914183,1.027748500914183,1.0,5,0.00030416361993642916,False,False,0.07142857142857136,0.5599831250240372,0.0,1.9498631263710287,2.5812748228236373,5e-05
f21c_hold2_atr0p8_tp1p6_cd0,density_repair(빈도 수리),train,month,2023-01,Tier A(티어 A),Tier A separate(티어 A 분리),2,0.8,1.6,0,False,131,19,6.894736842105263,131,0,-0.015335439591173724,0.8283197283825172,-0.00011706442436010476,0.46564885496183206,2.4754822448159963,2.4754822448159963,2.4754822448159963,0.9618320610687023,6,0.6365578930248694,False,False,0.0,0.5858401358087414,0.0,1.656373375619725,2.2422135114284663,5e-05
f21c_hold2_atr0p8_tp1p6_cd0,density_repair(빈도 수리),train,month,2023-02,Tier A(티어 A),Tier A separate(티어 A 분리),2,0.8,1.6,0,False,75,15,5.0,75,0,-0.0017913763837798722,0.9672585873721701,-2.3885018450398296e-05,0.38666666666666666,1.620408219837055,1.620408219837055,1.620408219837055,0.9466666666666667,8,0.40153348955198936,False,False,0.0,0.5163707063139149,0.0,1.7753099297016048,2.2916806360155197,5e-05
f21c_hold2_atr0p8_tp1p6_cd0,density_repair(빈도 수리),train,month,2023-03,Tier A(티어 A),Tier A separate(티어 A 분리),2,0.8,1.6,0,False,114,18,6.333333333333333,114,0,-0.0037483939153259544,0.9497540634756406,-3.2880648380052234e-05,0.5,1.5528637365548548,1.5528637365548548,1.5528637365548548,0.9649122807017544,8,0.0005288110263400505,False,False,0.0,0.5251229682621796,0.0,1.9639725613539367,2.489095529616116,5e-05
f21c_hold2_atr0p8_tp1p6_cd0,density_repair(빈도 수리),train,month,2023-04,Tier A(티어 A),Tier A separate(티어 A 분리),2,0.8,1.6,0,False,81,15,5.4,81,0,0.010903974472165399,1.3686737682473988,0.00013461696879216541,0.5802469135802469,0.42127967886436135,0.42127967886436135,0.42127967886436135,0.7530864197530864,3,0.911599925929552,False,False,0.0,0.3156631158763006,0.0,0.4086689222205905,0.7243320380968911,5e-05
f21c_hold2_atr0p8_tp1p6_cd0,density_repair(빈도 수리),train,month,2023-05,Tier A(티어 A),Tier A separate(티어 A 분리),2,0.8,1.6,0,False,80,15,5.333333333333333,80,0,0.018508675026188037,1.690003865865983,0.00023135843782735047,0.5375,0.5996537533338175,0.5996537533338175,0.5996537533338175,0.7625,5,0.6710982364427482,False,False,0.0,0.15499806706700847,0.0,0.5411307936007633,0.6961288606677718,5e-05
f21c_hold2_atr0p8_tp1p6_cd0,density_repair(빈도 수리),train,month,2023-06,Tier A(티어 A),Tier A separate(티어 A 분리),2,0.8,1.6,0,False,97,19,5.105263157894737,97,0,0.01484732537700431,1.3736140446123741,0.00015306521007220938,0.5567010309278351,0.7910242836239756,0.7910242836239756,0.7910242836239756,0.8041237113402062,6,0.38799734970328564,False,False,0.0,0.31319297769381294,0.0,0.6972568627366142,1.0104498404304272,5e-05
f21c_hold2_atr0p8_tp1p6_cd0,density_repair(빈도 수리),train,month,2023-07,Tier A(티어 A),Tier A separate(티어 A 분리),2,0.8,1.6,0,False,45,13,3.4615384615384617,45,0,-0.008887065941811571,0.6098033935972134,-0.00019749035426247936,0.4,1.0149862025569556,1.0149862025569556,1.0149862025569556,0.9777777777777777,10,0.055425640195452125,False,False,0.30769230769230765,0.6950983032013933,0.0,1.9650584619120466,2.9678490728057474,5e-05
f21c_hold2_atr0p8_tp1p6_cd0,density_repair(빈도 수리),train,month,2023-08,Tier A(티어 A),Tier A separate(티어 A 분리),2,0.8,1.6,0,False,101,20,5.05,101,0,0.004841073041307769,1.0992024800021227,4.7931416250571974e-05,0.46534653465346537,0.9671112382415359,0.9671112382415359,0.9671112382415359,0.8910891089108911,9,0.256653799372465,False,False,0.0,0.45039875999893864,0.0,0.8254958892922918,1.2758946492912304,5e-05
f21c_hold2_atr0p8_tp1p6_cd0,density_repair(빈도 수리),train,month,2023-09,Tier A(티어 A),Tier A separate(티어 A 분리),2,0.8,1.6,0,False,77,14,5.5,77,0,0.002269106184540258,1.0614447599853423,2.946891148753582e-05,0.4675324675324675,0.5008867000729555,0.5008867000729555,0.5008867000729555,0.8831168831168831,4,0.4684303456518898,False,False,0.0,0.46927762000732887,0.0,0.676608941859247,1.145886561866576,5e-05
f21c_hold2_atr0p8_tp1p6_cd0,density_repair(빈도 수리),train,month,2023-10,Tier A(티어 A),Tier A separate(티어 A 분리),2,0.8,1.6,0,False,125,20,6.25,125,0,0.01262905557960147,1.191065061537556,0.00010103244463681175,0.56,1.630073907128704,1.630073907128704,1.630073907128704,0.792,6,0.4702590406580948,False,False,0.0,0.404467469231222,0.0,0.6547834317038574,1.0592509009350795,5e-05
f21c_hold2_atr0p8_tp1p6_cd0,density_repair(빈도 수리),train,month,2023-11,Tier A(티어 A),Tier A separate(티어 A 분리),2,0.8,1.6,0,False,65,16,4.0625,65,0,0.003913543968381704,1.1427378665368362,6.0208368744333906e-05,0.46153846153846156,0.48337552187343036,0.48337552187343036,0.48337552187343036,0.8615384615384616,4,0.3873137549232031,False,False,0.1875,0.4286310667315819,0.0,0.7034011179768664,1.3195321847084482,5e-05
f21c_hold2_atr0p8_tp1p6_cd0,density_repair(빈도 수리),train,month,2023-12,Tier A(티어 A),Tier A separate(티어 A 분리),2,0.8,1.6,0,False,36,12,3.0,36,0,0.004610739566696579,1.2510747654101473,0.000128076099074905,0.4444444444444444,0.48301658544902537,0.48301658544902537,0.48301658544902537,0.8611111111111112,3,0.7230594757128648,False,False,0.4,0.37446261729492636,0.0,0.5421232359292109,1.3165858532241372,5e-05
f21c_hold2_atr0p8_tp1p6_cd0,density_repair(빈도 수리),train,month,2024-01,Tier A(티어 A),Tier A separate(티어 A 분리),2,0.8,1.6,0,False,69,15,4.6,69,0,0.003154774027765714,1.1142269168654142,4.5721362721242234e-05,0.4782608695652174,0.3723902469445095,0.3723902469445095,0.3723902469445095,0.9420289855072463,4,0.27787629224764254,False,False,0.08000000000000007,0.4428865415672929,0.0,0.7888687119668218,1.3117552535341148,5e-05
f21c_hold2_atr0p8_tp1p6_cd0,density_repair(빈도 수리),train,month,2024-02,Tier A(티어 A),Tier A separate(티어 A 분리),2,0.8,1.6,0,False,27,10,2.7,27,0,-0.006793292677840715,0.42029657530266445,-0.00025160343251261907,0.3333333333333333,0.6770270426932568,0.6770270426932568,0.6770270426932568,1.0,7,0.4858466773305571,False,False,0.45999999999999996,0.7898517123486678,0.0,1.7513689952012492,3.001220707549917,5e-05
f21c_hold2_atr0p8_tp1p6_cd0,density_repair(빈도 수리),train,month,2024-03,Tier A(티어 A),Tier A separate(티어 A 분리),2,0.8,1.6,0,False,23,10,2.3,23,0,0.0014006046414243153,1.1456150386294768,6.089585397497023e-05,0.5217391304347826,0.4297674173623034,0.4297674173623034,0.4297674173623034,0.8695652173913043,3,0.35986202647023835,False,False,0.54,0.4271924806852616,0.0,0.7093664359144798,1.6765589165997414,5e-05
f21c_hold2_atr0p8_tp1p6_cd0,density_repair(빈도 수리),train,month,2024-04,Tier A(티어 A),Tier A separate(티어 A 분리),2,0.8,1.6,0,False,69,15,4.6,69,0,0.00775711119179774,1.265678927040214,0.00011242190133040202,0.5362318840579711,0.623242081422215,0.623242081422215,0.623242081422215,0.8260869565217391,4,0.40540013243410156,False,False,0.08000000000000007,0.367160536479893,0.0,0.6793090708394369,1.12646960731933,5e-05
f21c_hold2_atr0p8_tp1p6_cd0,density_repair(빈도 수리),train,month,2024-05,Tier A(티어 A),Tier A separate(티어 A 분리),2,0.8,1.6,0,False,41,13,3.1538461538461537,41,0,-0.001994937998941797,0.8813571440575535,-4.865702436443407e-05,0.4878048780487805,0.6837972422528704,0.6837972422528704,0.6837972422528704,0.975609756097561,3,0.23320474636525865,False,False,0.36923076923076925,0.5593214279712233,0.0,1.814082254379536,2.7426344515815284,5e-05
f21c_hold2_atr0p8_tp1p6_cd0,density_repair(빈도 수리),train,month,2024-06,Tier A(티어 A),Tier A separate(티어 A 분리),2,0.8,1.6,0,False,40,12,3.3333333333333335,40,0,0.006895949437350836,1.4582708579182375,0.0001723987359337709,0.525,0.428068941921933,0.428068941921933,0.428068941921933,0.65,3,0.7734599067423324,False,False,0.3333333333333333,0.27086457104088124,0.0,0.4244430419659504,1.028640946340165,5e-05
f21c_hold2_atr0p8_tp1p6_cd0,density_repair(빈도 수리),train,month,2024-07,Tier A(티어 A),Tier A separate(티어 A 분리),2,0.8,1.6,0,False,59,13,4.538461538461538,59,0,0.005659613800906859,1.1794347777604666,9.592565764248913e-05,0.4745762711864407,0.91112440484028,0.91112440484028,0.91112440484028,0.864406779661017,5,0.11239373013093301,False,False,0.09230769230769234,0.4102826111197667,0.0,0.8384058722885379,1.340996175715997,5e-05
f21c_hold2_atr0p8_tp1p6_cd0,density_repair(빈도 수리),train,month,2024-08,Tier A(티어 A),Tier A separate(티어 A 분리),2,0.8,1.6,0,False,115,18,6.388888888888889,115,0,-0.025756064710241118,0.7124555305756003,-0.0002239657800890532,0.41739130434782606,2.542720668786258,2.542720668786258,2.542720668786258,1.0,7,0.1465775327571432,False,False,0.0,0.6437722347121999,0.0,1.9040401102592854,2.5478123449714856,5e-05
f21c_hold2_atr0p8_tp1p6_cd0,density_repair(빈도 수리),train,month,2024-09,Tier A(티어 A),Tier A separate(티어 A 분리),2,0.8,1.6,0,False,91,16,5.6875,91,0,0.016976415378646744,1.3916104380968422,0.00018655401514996423,0.5274725274725275,0.9976148517165551,0.9976148517165551,0.9976148517165551,0.7692307692307693,6,0.7699463950747508,False,False,0.0,0.3041947809515789,0.0,0.5096779683702084,0.8138727493217873,5e-05
f21c_hold2_atr0p8_tp1p6_cd0,density_repair(빈도 수리),train,month,2024-10,Tier A(티어 A),Tier A separate(티어 A 분리),2,0.8,1.6,0,False,68,16,4.25,68,0,0.01193430665975466,1.5802837281985416,0.0001755045097022744,0.5,0.5854500687023867,0.5854500687023867,0.5854500687023867,0.8382352941176471,4,0.11325187243985473,False,False,0.15,0.20985813590072921,0.0,0.8162425397550066,1.1761006756557357,5e-05
f21c_hold2_atr0p8_tp1p6_cd0,density_repair(빈도 수리),train,month,2024-11,Tier A(티어 A),Tier A separate(티어 A 분리),2,0.8,1.6,0,False,66,13,5.076923076923077,66,0,-0.002378207222565239,0.92163147491557,-3.603344276613999e-05,0.4696969696969697,1.0396827032795208,1.0396827032795208,1.0396827032795208,0.8333333333333334,7,0.28038165109667956,False,False,0.0,0.539184262542215,0.0,1.7688282570064942,2.308012519548709,5e-05
f21c_hold2_atr0p8_tp1p6_cd0,density_repair(빈도 수리),train,month,2024-12,Tier A(티어 A),Tier A separate(티어 A 분리),2,0.8,1.6,0,False,59,14,4.214285714285714,59,0,0.014077251242632602,1.6563415125630507,0.00023859747868868817,0.5084745762711864,0.6579356564616612,0.6579356564616612,0.6579356564616612,0.8135593220338984,5,0.7196086785117585,False,False,0.1571428571428571,0.17182924371847463,0.0,0.542277789584963,0.8712498904462948,5e-05
f21c_hold2_atr0p8_tp1p6_cd0,density_repair(빈도 수리),train,quarter,2022Q3,Tier A(티어 A),Tier A separate(티어 A 분리),2,0.8,1.6,0,False,104,17,6.117647058823529,104,0,-0.01858337632627606,0.7918799302955866,-0.0001786863108295775,0.38461538461538464,4.048443400939927,4.048443400939927,4.048443400939927,0.9423076923076923,8,0.8276185434089105,False,False,0.0,0.6040600348522067,0.0,1.5816101170044519,2.185670151856659,5e-05
f21c_hold2_atr0p8_tp1p6_cd0,density_repair(빈도 수리),train,quarter,2022Q4,Tier A(티어 A),Tier A separate(티어 A 분리),2,0.8,1.6,0,False,252,48,5.25,252,0,0.013307652852845693,1.064277735692633,5.2808146241451166e-05,0.4642857142857143,2.3871891135112233,2.3871891135112233,2.3871891135112233,0.9325396825396826,9,0.5068845930988518,False,False,0.0,0.4678611321536835,0.0,0.7315447902483738,1.1994059224020575,5e-05
f21c_hold2_atr0p8_tp1p6_cd0,density_repair(빈도 수리),train,quarter,2023Q1,Tier A(티어 A),Tier A separate(티어 A 분리),2,0.8,1.6,0,False,320,52,6.153846153846154,320,0,-0.02087520989027955,0.9045221853469834,-6.523503090712359e-05,0.459375,3.5161419119752124,2.4754822448159963,3.5161419119752124,0.984375,12,0.5340269063988227,False,False,0.0,0.5477389073265083,0.0,1.75265664212053,2.3003955494470385,5e-05
f21c_hold2_atr0p8_tp1p6_cd0,density_repair(빈도 수리),train,quarter,2023Q2,Tier A(티어 A),Tier A separate(티어 A 분리),2,0.8,1.6,0,False,258,49,5.26530612244898,258,0,0.04425997487535774,1.4603701660468318,0.00017155029021456489,0.5581395348837209,0.7910242836239756,0.7910242836239756,0.7910242836239756,0.7945736434108527,6,0.9473561497889789,False,False,0.0,0.2698149169765841,0.0,0.4412478721298432,0.7110627891064273,5e-05
f21c_hold2_atr0p8_tp1p6_cd0,density_repair(빈도 수리),train,quarter,2023Q3,Tier A(티어 A),Tier A separate(티어 A 분리),2,0.8,1.6,0,False,223,47,4.74468085106383,223,0,-0.0017768867159635438,0.9836239173762558,-7.968101865307372e-06,0.452914798206278,1.9180183020683583,1.0149862025569556,1.9180183020683583,0.9865470852017937,10,0.1301890118115792,False,False,0.051063829787234026,0.5081880413118721,0.0,1.9353611330255966,2.4946130041247025,5e-05
f21c_hold2_atr0p8_tp1p6_cd0,density_repair(빈도 수리),train,quarter,2023Q4,Tier A(티어 A),Tier A separate(티어 A 분리),2,0.8,1.6,0,False,226,48,4.708333333333333,226,0,0.021153339114679752,1.1890718375853229,9.359884564017589e-05,0.5132743362831859,1.630073907128704,1.630073907128704,1.630073907128704,0.8849557522123894,6,0.38770782061158005,False,False,0.05833333333333339,0.40546408120733857,0.0,0.7337615692203643,1.1975589837610363,5e-05
f21c_hold2_atr0p8_tp1p6_cd0,density_repair(빈도 수리),train,quarter,2024Q1,Tier A(티어 A),Tier A separate(티어 A 분리),2,0.8,1.6,0,False,119,35,3.4,119,0,-0.0022379140086506875,0.9542868558486618,-1.8806000072694854e-05,0.453781512605042,1.1038848184193428,0.6770270426932568,1.1038848184193428,0.9663865546218487,9,0.16175234220587464,False,False,0.32,0.522856572075669,0.0,1.9020853955871884,2.7449419676628573,5e-05
f21c_hold2_atr0p8_tp1p6_cd0,density_repair(빈도 수리),train,quarter,2024Q2,Tier A(티어 A),Tier A separate(티어 A 분리),2,0.8,1.6,0,False,150,40,3.75,150,0,0.01265812263020678,1.2073072406815923,8.438748420137853e-05,0.52,0.6837972422528704,0.6837972422528704,0.6837972422528704,0.8466666666666667,4,0.7273321759603207,False,False,0.25,0.39634637965920383,0.0,0.5437005208178557,1.1900469004770595,5e-05
f21c_hold2_atr0p8_tp1p6_cd0,density_repair(빈도 수리),train,quarter,2024Q3,Tier A(티어 A),Tier A separate(티어 A 분리),2,0.8,1.6,0,False,265,47,5.638297872340425,265,0,-0.003120035530687513,0.9810290741901875,-1.1773718983726465e-05,0.4679245283018868,2.9187521047317255,2.542720668786258,2.9187521047317255,0.969811320754717,7,0.38561077732853505,False,False,0.0,0.5094854629049063,0.0,1.7828902445417818,2.292375707446688,5e-05
f21c_hold2_atr0p8_tp1p6_cd0,density_repair(빈도 수리),train,quarter,2024Q4,Tier A(티어 A),Tier A separate(티어 A 분리),2,0.8,1.6,0,False,193,43,4.488372093023256,193,0,0.023633350679822022,1.3266041166209852,0.00012245259419596904,0.49222797927461137,1.0540184663972885,1.0396827032795208,1.0540184663972885,0.8549222797927462,7,0.6322715090545137,False,False,0.10232558139534884,0.3366979416895074,0.0,0.6201928468322045,1.0592163699170607,5e-05
f21c_hold2_atr0p8_tp1p6_cd0,density_repair(빈도 수리),validation,month,2025-01,Tier A(티어 A),Tier A separate(티어 A 분리),2,0.8,1.6,0,False,91,14,6.5,91,0,-0.009819907033769166,0.8040301773703001,-0.00010791106630515567,0.4835164835164835,1.4538858616236716,1.4538858616236716,1.4538858616236716,1.0,4,0.4808540849829188,False,False,0.0,0.5979849113148499,0.0,1.7236156617576865,2.321600573072536,5e-05
f21c_hold2_atr0p8_tp1p6_cd0,density_repair(빈도 수리),validation,month,2025-02,Tier A(티어 A),Tier A separate(티어 A 분리),2,0.8,1.6,0,False,77,14,5.5,77,0,0.007920889930271978,1.225819930767171,0.00010286870039314258,0.4805194805194805,0.8471955480695459,0.8471955480695459,0.8471955480695459,0.8701298701298701,4,0.06133957157440316,False,False,0.0,0.38709003461641445,0.0,0.8539556343499601,1.2410456689663745,5e-05
f21c_hold2_atr0p8_tp1p6_cd0,density_repair(빈도 수리),validation,month,2025-03,Tier A(티어 A),Tier A separate(티어 A 분리),2,0.8,1.6,0,False,97,15,6.466666666666667,97,0,0.0003880586150366898,1.0053192038865892,4.000604278728761e-06,0.4639175257731959,2.221378235985394,2.221378235985394,2.221378235985394,0.9175257731958762,6,0.026201438470342033,False,False,0.0,0.4973403980567054,0.0,0.9110959506264904,1.4084363486831957,5e-05
f21c_hold2_atr0p8_tp1p6_cd0,density_repair(빈도 수리),validation,month,2025-04,Tier A(티어 A),Tier A separate(티어 A 분리),2,0.8,1.6,0,False,142,19,7.473684210526316,142,0,0.0625878069829392,1.4559533154659265,0.0004407592041052056,0.5211267605633803,2.299607415163074,2.299607415163074,2.299607415163074,0.8873239436619719,5,0.6944766980084414,False,False,0.0,0.2720233422670367,0.0,0.5867812605440887,0.8588046028111255,5e-05
f21c_hold2_atr0p8_tp1p6_cd0,density_repair(빈도 수리),validation,month,2025-05,Tier A(티어 A),Tier A separate(티어 A 분리),2,0.8,1.6,0,False,99,17,5.823529411764706,99,0,0.008277042869056412,1.1911485652960625,8.360649362683244e-05,0.46464646464646464,0.6446261110421792,0.6446261110421792,0.6446261110421792,0.8484848484848485,6,0.6376542627005108,False,False,0.0,0.40442571735196875,0.0,0.604873763602952,1.0092994809549207,5e-05
f21c_hold2_atr0p8_tp1p6_cd0,density_repair(빈도 수리),validation,month,2025-06,Tier A(티어 A),Tier A separate(티어 A 분리),2,0.8,1.6,0,False,76,17,4.470588235294118,76,0,0.008166192011742653,1.2906665612524795,0.0001074498948913507,0.5131578947368421,0.8236726674824779,0.8236726674824779,0.8236726674824779,0.8289473684210527,5,0.33291665997718883,False,False,0.10588235294117646,0.35466671937376026,0.0,0.7232138187997388,1.1837628911146756,5e-05
f21c_hold2_atr0p8_tp1p6_cd0,density_repair(빈도 수리),validation,month,2025-07,Tier A(티어 A),Tier A separate(티어 A 분리),2,0.8,1.6,0,False,33,11,3.0,33,0,0.0015005582577331373,1.1616099648820748,4.547146235554962e-05,0.48484848484848486,0.2742339936459781,0.2742339936459781,0.2742339936459781,0.7878787878787878,4,0.22601411514959194,False,False,0.4,0.4191950175589626,0.0,0.7428391027281382,1.5620341202871009,5e-05
f21c_hold2_atr0p8_tp1p6_cd0,density_repair(빈도 수리),validation,month,2025-08,Tier A(티어 A),Tier A separate(티어 A 분리),2,0.8,1.6,0,False,75,14,5.357142857142857,75,0,-1.4032738171320053e-05,0.9995245660994936,-1.871031756176007e-07,0.41333333333333333,1.043054183125558,1.043054183125558,1.043054183125558,0.8533333333333334,7,0.28943292872229787,False,False,0.0,0.5002377169502532,0.0,1.773755182074966,2.2739928990252194,5e-05
f21c_hold2_atr0p8_tp1p6_cd0,density_repair(빈도 수리),validation,month,2025-09,Tier A(티어 A),Tier A separate(티어 A 분리),2,0.8,1.6,0,False,47,12,3.9166666666666665,47,0,-0.00809078645385967,0.598746431082536,-0.00017214439263531212,0.3829787234042553,0.8935488770024369,0.8935488770024369,0.8935488770024369,1.0,4,0.8706944122593009,False,False,0.2166666666666667,0.7006267844587319,0.0,1.5481875144833146,2.4654809656087133,5e-05
f21c_hold2_atr0p8_tp1p6_cd0,density_repair(빈도 수리),validation,quarter,2025Q1,Tier A(티어 A),Tier A separate(티어 A 분리),2,0.8,1.6,0,False,265,43,6.162790697674419,265,0,-0.0015109584884604999,0.9904454183630701,-5.701730145133962e-06,0.47547169811320755,2.221378235985394,2.221378235985394,2.221378235985394,0.9622641509433962,6,0.33584754883292167,False,False,0.0,0.5047772908184649,0.0,1.7918874709497137,2.2966647617681786,5e-05
f21c_hold2_atr0p8_tp1p6_cd0,density_repair(빈도 수리),validation,quarter,2025Q2,Tier A(티어 A),Tier A separate(티어 A 분리),2,0.8,1.6,0,False,317,53,5.981132075471698,317,0,0.07903104186373826,1.3787472258422566,0.00024930928032725004,0.501577287066246,2.299607415163074,2.299607415163074,2.299607415163074,0.8927444794952681,6,0.6745744977711746,False,False,0.0,0.3106263870788717,0.0,0.6081764917758421,0.9188028788547138,5e-05
f21c_hold2_atr0p8_tp1p6_cd0,density_repair(빈도 수리),validation,quarter,2025Q3,Tier A(티어 A),Tier A separate(티어 A 분리),2,0.8,1.6,0,False,155,37,4.1891891891891895,155,0,-0.006604260934297855,0.8879959428879055,-4.260813505998616e-05,0.41935483870967744,1.6849556613559802,1.043054183125558,1.6849556613559802,0.896774193548387,7,0.45715391701749475,False,False,0.16216216216216212,0.5560020285560472,0.0,1.7178291244389017,2.435993315157111,5e-05
f21c_hold2_atr0p8_tp1p6_cd0,density_repair(빈도 수리),oos,month,2025-10,Tier A(티어 A),Tier A separate(티어 A 분리),2,0.8,1.6,0,False,86,11,7.818181818181818,86,0,0.005114543030439762,1.1500528490000477,5.947143058650886e-05,0.5116279069767442,0.6830580761021388,0.6830580761021388,0.6830580761021388,0.8953488372093024,4,0.007862912151641374,False,False,0.0,0.42497357549997616,0.0,0.8893686662759475,1.3143422417759236,5e-05
f21c_hold2_atr0p8_tp1p6_cd0,density_repair(빈도 수리),oos,month,2025-11,Tier A(티어 A),Tier A separate(티어 A 분리),2,0.8,1.6,0,False,108,15,7.2,108,0,0.02106805559105658,1.3878764622953161,0.00019507458880607946,0.5555555555555556,1.3847188993229564,1.3847188993229564,1.3847188993229564,0.8148148148148148,5,0.6160065098335036,False,False,0.0,0.30606176885234193,0.0,0.5894637372415901,0.895525506093932,5e-05
f21c_hold2_atr0p8_tp1p6_cd0,density_repair(빈도 수리),oos,month,2025-12,Tier A(티어 A),Tier A separate(티어 A 분리),2,0.8,1.6,0,False,60,12,5.0,60,0,-0.008690130240129318,0.7039602350591535,-0.0001448355040021553,0.4,1.2482699456833557,1.2482699456833557,1.2482699456833557,0.9333333333333333,8,0.8379336691381337,False,False,0.0,0.6480198824704233,0.0,1.5729298488878398,2.220949731358263,5e-05
f21c_hold2_atr0p8_tp1p6_cd0,density_repair(빈도 수리),oos,month,2026-01,Tier A(티어 A),Tier A separate(티어 A 분리),2,0.8,1.6,0,False,67,12,5.583333333333333,67,0,0.012372359987201174,1.4775641477083283,0.00018466208936121156,0.5074626865671642,0.962301224285278,0.962301224285278,0.962301224285278,0.7313432835820896,8,0.47123846000105885,False,False,0.0,0.26121792614583583,0.0,0.6470471706114638,0.9082650967572996,5e-05
f21c_hold2_atr0p8_tp1p6_cd0,density_repair(빈도 수리),oos,month,2026-02,Tier A(티어 A),Tier A separate(티어 A 분리),2,0.8,1.6,0,False,112,17,6.588235294117647,112,0,-0.00461793172720765,0.9269780443260764,-4.123153327863973e-05,0.5,1.556627571473168,1.556627571473168,1.556627571473168,0.9375,8,0.16494374300376816,False,False,0.0,0.5365109778369618,0.0,1.8776503156483044,2.4141612934852663,5e-05
f21c_hold2_atr0p8_tp1p6_cd0,density_repair(빈도 수리),oos,month,2026-03,Tier A(티어 A),Tier A separate(티어 A 분리),2,0.8,1.6,0,False,100,17,5.882352941176471,100,0,-0.012895470747850895,0.8131663026275634,-0.00012895470747850896,0.44,2.1857371710605977,2.1857371710605977,2.1857371710605977,0.96,6,0.3731575871094824,False,False,0.0,0.5934168486862184,0.0,1.774079085800733,2.3674959344869513,5e-05
f21c_hold2_atr0p8_tp1p6_cd0,density_repair(빈도 수리),oos,month,2026-04,Tier A(티어 A),Tier A separate(티어 A 분리),2,0.8,1.6,0,False,53,8,6.625,53,0,0.011063442730532324,1.540536263081845,0.00020874420246287404,0.5471698113207547,0.5416698509897122,0.5416698509897122,0.5416698509897122,0.7735849056603774,4,0.28696260210079627,False,False,0.0,0.22973186845907745,0.0,0.7089800366018115,0.938711905060889,5e-05
f21c_hold2_atr0p8_tp1p6_cd0,density_repair(빈도 수리),oos,quarter,2025Q4,Tier A(티어 A),Tier A separate(티어 A 분리),2,0.8,1.6,0,False,254,38,6.684210526315789,254,0,0.017492468381367032,1.1485484814540796,6.886798575341351e-05,0.5039370078740157,1.3847188993229564,1.3847188993229564,1.3847188993229564,0.8818897637795275,8,0.7575037117137532,False,False,0.0,0.4257257592729602,0.0,0.5859737234295985,1.0116994827025587,5e-05
f21c_hold2_atr0p8_tp1p6_cd0,density_repair(빈도 수리),oos,quarter,2026Q1,Tier A(티어 A),Tier A separate(티어 A 분리),2,0.8,1.6,0,False,279,46,6.065217391304348,279,0,-0.00514104248785738,0.9674964524932692,-1.8426675583718206e-05,0.48028673835125446,3.233934467876476,2.1857371710605977,3.233934467876476,0.9283154121863799,8,0.24823976973963557,False,False,0.0,0.5162517737533654,0.0,1.836034039101035,2.3522858128544004,5e-05
f21c_hold2_atr0p8_tp1p6_cd0,density_repair(빈도 수리),oos,quarter,2026Q2,Tier A(티어 A),Tier A separate(티어 A 분리),2,0.8,1.6,0,False,53,8,6.625,53,0,0.011063442730532324,1.540536263081845,0.00020874420246287404,0.5471698113207547,0.5416698509897122,0.5416698509897122,0.5416698509897122,0.7735849056603774,4,0.28696260210079627,False,False,0.0,0.22973186845907745,0.0,0.7089800366018115,0.938711905060889,5e-05
f21c_hold3_atr0p8_tp1p6_cd0_early,density_repair(빈도 수리),train,month,2022-09,Tier A(티어 A),Tier A separate(티어 A 분리),3,0.8,1.6,0,True,91,17,5.352941176470588,91,0,-0.022739980665178842,0.7688132265326143,-0.00024988989741954774,0.3626373626373626,3.5019182918690217,3.5019182918690217,3.5019182918690217,0.945054945054945,10,0.780070749452714,False,False,0.0,0.6155933867336929,0.0,1.624242888021004,2.2398362747546967,5e-05
f21c_hold3_atr0p8_tp1p6_cd0_early,density_repair(빈도 수리),train,month,2022-10,Tier A(티어 A),Tier A separate(티어 A 분리),3,0.8,1.6,0,True,107,19,5.631578947368421,107,0,0.015640687103068943,1.1352325537542303,0.00014617464582307422,0.42990654205607476,2.6604397396248536,2.6604397396248536,2.6604397396248536,0.9065420560747663,11,0.33237433462443194,False,False,0.0,0.43238372312288487,0.0,0.8083754746526505,1.2407591977755352,5e-05
f21c_hold3_atr0p8_tp1p6_cd0_early,density_repair(빈도 수리),train,month,2022-11,Tier A(티어 A),Tier A separate(티어 A 분리),3,0.8,1.6,0,True,57,15,3.8,57,0,0.01330269711453138,1.3015343978113507,0.00023338065113212946,0.47368421052631576,1.028974607448263,1.028974607448263,1.028974607448263,0.8596491228070176,5,0.10329597180796274,False,False,0.24000000000000005,0.34923280109432464,0.0,0.8403589179495747,1.4295917190438994,5e-05
f21c_hold3_atr0p8_tp1p6_cd0_early,density_repair(빈도 수리),train,month,2022-12,Tier A(티어 A),Tier A separate(티어 A 분리),3,0.8,1.6,0,True,61,14,4.357142857142857,61,0,-0.02598195772290169,0.5476745797043062,-0.00042593373316232277,0.3442622950819672,2.5647331008991747,2.5647331008991747,2.5647331008991747,1.0,6,0.7779078517308318,False,False,0.12857142857142864,0.726162710147847,0.0,1.6099414667211258,2.4646756054404015,5e-05
f21c_hold3_atr0p8_tp1p6_cd0_early,density_repair(빈도 수리),train,month,2023-01,Tier A(티어 A),Tier A separate(티어 A 분리),3,0.8,1.6,0,True,113,19,5.947368421052632,113,0,0.014469588288258334,1.188903970958006,0.00012804945387839234,0.5132743362831859,1.1852316809217722,1.1852316809217722,1.1852316809217722,0.9026548672566371,6,0.5606123066354354,False,False,0.0,0.405548014520997,0.0,0.6639191522795409,1.0694671668005378,5e-05
f21c_hold3_atr0p8_tp1p6_cd0_early,density_repair(빈도 수리),train,month,2023-02,Tier A(티어 A),Tier A separate(티어 A 분리),3,0.8,1.6,0,True,67,15,4.466666666666667,67,0,0.004941300559639232,1.0881098623908463,7.375075462148107e-05,0.40298507462686567,1.8270965702837594,1.8270965702837594,1.8270965702837594,0.9402985074626866,7,0.18755795953479235,False,False,0.10666666666666665,0.45594506880457686,0.0,0.8587332465675523,1.421344982038796,5e-05
f21c_hold3_atr0p8_tp1p6_cd0_early,density_repair(빈도 수리),train,month,2023-03,Tier A(티어 A),Tier A separate(티어 A 분리),3,0.8,1.6,0,True,103,18,5.722222222222222,103,0,0.0049782856747033685,1.0649372211630632,4.8332870628188044e-05,0.42718446601941745,1.2173626076939503,1.2173626076939503,1.2173626076939503,0.9320388349514563,8,0.5250350600555101,False,False,0.0,0.4675313894184684,0.0,0.7131516987031759,1.1806830881216444,5e-05
f21c_hold3_atr0p8_tp1p6_cd0_early,density_repair(빈도 수리),train,month,2023-04,Tier A(티어 A),Tier A separate(티어 A 분리),3,0.8,1.6,0,True,72,15,4.8,72,0,0.005873787235286581,1.1701926544017733,8.158037826786918e-05,0.4722222222222222,0.5586087901819581,0.5586087901819581,0.5586087901819581,0.8194444444444444,5,0.29468525203314616,False,False,0.040000000000000036,0.41490367279911333,0.0,0.7361416365850844,1.1910453093841977,5e-05
f21c_hold3_atr0p8_tp1p6_cd0_early,density_repair(빈도 수리),train,month,2023-05,Tier A(티어 A),Tier A separate(티어 A 분리),3,0.8,1.6,0,True,71,15,4.733333333333333,71,0,0.006073829634584525,1.1879411589204794,8.554689626175387e-05,0.4647887323943662,1.110968113051758,1.110968113051758,1.110968113051758,0.8873239436619719,5,0.13729667406766877,False,False,0.05333333333333332,0.4060294205397603,0.0,0.8375122713174364,1.29687502519053,5e-05
f21c_hold3_atr0p8_tp1p6_cd0_early,density_repair(빈도 수리),train,month,2023-06,Tier A(티어 A),Tier A separate(티어 A 분리),3,0.8,1.6,0,True,87,19,4.578947368421052,87,0,0.013754200737171898,1.3287134017373767,0.00015809426134680342,0.4827586206896552,0.7901600927936681,0.7901600927936681,0.7901600927936681,0.8390804597701149,7,0.2772564134618076,False,False,0.08421052631578956,0.33564329913131163,0.0,0.7728208208387383,1.1926746462858395,5e-05
f21c_hold3_atr0p8_tp1p6_cd0_early,density_repair(빈도 수리),train,month,2023-07,Tier A(티어 A),Tier A separate(티어 A 분리),3,0.8,1.6,0,True,42,13,3.230769230769231,42,0,-0.009469796653330594,0.6211491853437777,-0.00022547134888882366,0.35714285714285715,1.0776749646192574,1.0776749646192574,1.0776749646192574,1.0,10,0.2641829497333516,False,False,0.3538461538461538,0.6894254073281112,0.0,1.8811176726199919,2.924389233794257,5e-05
f21c_hold3_atr0p8_tp1p6_cd0_early,density_repair(빈도 수리),train,month,2023-08,Tier A(티어 A),Tier A separate(티어 A 분리),3,0.8,1.6,0,True,89,20,4.45,89,0,-0.002565894788993424,0.9519400193402577,-2.8830278528016e-05,0.42696629213483145,1.5755357028396588,1.5755357028396588,1.5755357028396588,0.9775280898876404,9,0.06592631450665334,False,False,0.10999999999999996,0.5240299903298711,0.0,1.9502207989214442,2.5842507892513154,5e-05
f21c_hold3_atr0p8_tp1p6_cd0_early,density_repair(빈도 수리),train,month,2023-09,Tier A(티어 A),Tier A separate(티어 A 분리),3,0.8,1.6,0,True,67,14,4.785714285714286,67,0,-0.0015906874913323228,0.9571153898614092,-2.3741604348243624e-05,0.44776119402985076,0.7189077637316243,0.7189077637316243,0.7189077637316243,0.9253731343283582,5,0.10419154694460754,False,False,0.042857142857142885,0.5214423050692953,0.0,1.869531714322688,2.433831162249126,5e-05
f21c_hold3_atr0p8_tp1p6_cd0_early,density_repair(빈도 수리),train,month,2023-10,Tier A(티어 A),Tier A separate(티어 A 분리),3,0.8,1.6,0,True,112,20,5.6,112,0,-0.006906986923486511,0.9088489793148655,-6.166952610255813e-05,0.44642857142857145,1.6963123489789567,1.6963123489789567,1.6963123489789567,0.9375,7,0.0058656739010905685,False,False,0.0,0.5455755103425672,0.0,1.9392354467445092,2.4848109570870767,5e-05
f21c_hold3_atr0p8_tp1p6_cd0_early,density_repair(빈도 수리),train,month,2023-11,Tier A(티어 A),Tier A separate(티어 A 분리),3,0.8,1.6,0,True,61,16,3.8125,61,0,0.004684694114715169,1.1714906350369503,7.679826417565851e-05,0.4426229508196721,0.4584742451311019,0.4584742451311019,0.4584742451311019,0.8524590163934426,5,0.5073258425093027,False,False,0.2375,0.41425468248152486,0.0,0.655309928247863,1.307064610729388,5e-05
f21c_hold3_atr0p8_tp1p6_cd0_early,density_repair(빈도 수리),train,month,2023-12,Tier A(티어 A),Tier A separate(티어 A 분리),3,0.8,1.6,0,True,34,12,2.8333333333333335,34,0,0.00789597788142297,1.4490489189543363,0.0002322346435712638,0.47058823529411764,0.4306070230490011,0.4306070230490011,0.4306070230490011,0.7647058823529411,3,0.863068236533385,False,False,0.4333333333333333,0.27547554052283185,0.0,0.4357369406188003,1.1445458144749654,5e-05
f21c_hold3_atr0p8_tp1p6_cd0_early,density_repair(빈도 수리),train,month,2024-01,Tier A(티어 A),Tier A separate(티어 A 분리),3,0.8,1.6,0,True,62,15,4.133333333333334,62,0,0.005042531540828559,1.1714637057787434,8.13311538843316e-05,0.4838709677419355,0.7147937536413962,0.7147937536413962,0.7147937536413962,0.9193548387096774,6,0.4132152215895472,False,False,0.17333333333333326,0.4142681471106283,0.0,0.7377628277040587,1.3253643081480202,5e-05
f21c_hold3_atr0p8_tp1p6_cd0_early,density_repair(빈도 수리),train,month,2024-02,Tier A(티어 A),Tier A separate(티어 A 분리),3,0.8,1.6,0,True,23,10,2.3,23,0,-0.004304040189942363,0.6439552630426008,-0.0001871321821714071,0.43478260869565216,0.6318533694000372,0.6318533694000372,0.6318533694000372,0.8695652173913043,4,0.12677708213583824,False,False,0.54,0.6780223684786997,0.0,1.8242546608649597,3.0422770293436594,5e-05
f21c_hold3_atr0p8_tp1p6_cd0_early,density_repair(빈도 수리),train,month,2024-03,Tier A(티어 A),Tier A separate(티어 A 분리),3,0.8,1.6,0,True,22,10,2.2,22,0,0.003730432682700448,1.4097334860021056,0.00016956512194092946,0.5454545454545454,0.4704734627336893,0.4704734627336893,0.4704734627336893,0.8181818181818182,5,0.5838355462668094,False,False,0.5599999999999999,0.2951332569989472,0.0,0.605455822361754,1.4605890793607013,5e-05
f21c_hold3_atr0p8_tp1p6_cd0_early,density_repair(빈도 수리),train,month,2024-04,Tier A(티어 A),Tier A separate(티어 A 분리),3,0.8,1.6,0,True,61,15,4.066666666666666,61,0,0.01537533326841256,1.5799079483137692,0.0002520546437444682,0.5573770491803278,0.5857634267884437,0.5857634267884437,0.5857634267884437,0.7049180327868853,4,0.7246766338234021,False,False,0.1866666666666667,0.21004602584311538,0.0,0.4811086295335675,0.8778213220433495,5e-05
f21c_hold3_atr0p8_tp1p6_cd0_early,density_repair(빈도 수리),train,month,2024-05,Tier A(티어 A),Tier A separate(티어 A 분리),3,0.8,1.6,0,True,38,13,2.923076923076923,38,0,-0.0004559076365770879,0.9735450805494841,-1.1997569383607576e-05,0.5,0.6130726496933137,0.6130726496933137,0.6130726496933137,0.9210526315789473,3,0.31213453260355906,False,False,0.4153846153846154,0.513227459725258,0.0,1.7540131445389249,2.6826252196487985,5e-05
f21c_hold3_atr0p8_tp1p6_cd0_early,density_repair(빈도 수리),train,month,2024-06,Tier A(티어 A),Tier A separate(티어 A 분리),3,0.8,1.6,0,True,39,12,3.25,39,0,0.0032340876399005276,1.1961095412467646,8.292532410001353e-05,0.46153846153846156,0.562052930063206,0.562052930063206,0.562052930063206,0.7435897435897436,3,0.48676486127216273,False,False,0.35,0.4019452293766177,0.0,0.5955711970429115,1.3475164264195292,5e-05
f21c_hold3_atr0p8_tp1p6_cd0_early,density_repair(빈도 수리),train,month,2024-07,Tier A(티어 A),Tier A separate(티어 A 분리),3,0.8,1.6,0,True,56,13,4.3076923076923075,56,0,-0.0025516978760732074,0.9276003554708386,-4.5566033501307276e-05,0.42857142857142855,1.4519740786105628,1.4519740786105628,1.4519740786105628,0.875,7,0.4254419905539089,False,False,0.1384615384615385,0.5361998222645807,0.0,1.7223011042507412,2.3969624649768604,5e-05
f21c_hold3_atr0p8_tp1p6_cd0_early,density_repair(빈도 수리),train,month,2024-08,Tier A(티어 A),Tier A separate(티어 A 분리),3,0.8,1.6,0,True,99,18,5.5,99,0,-0.0011528384428531628,0.9852398467045932,-1.1644832756092552e-05,0.45454545454545453,1.9046687372959337,1.9046687372959337,1.9046687372959337,0.8888888888888888,7,0.0638735406125692,False,False,0.0,0.5073800766477035,0.0,1.8912569067243439,2.3986369833720476,5e-05
f21c_hold3_atr0p8_tp1p6_cd0_early,density_repair(빈도 수리),train,month,2024-09,Tier A(티어 A),Tier A separate(티어 A 분리),3,0.8,1.6,0,True,82,16,5.125,82,0,0.017195823191190167,1.3645667589868695,0.00020970516086817276,0.4878048780487805,1.1529276496166196,1.1529276496166196,1.1529276496166196,0.7926829268292683,6,0.6445328876407114,False,False,0.0,0.31771662050656524,0.0,0.5766675176348506,0.8943841381414158,5e-05
f21c_hold3_atr0p8_tp1p6_cd0_early,density_repair(빈도 수리),train,month,2024-10,Tier A(티어 A),Tier A separate(티어 A 분리),3,0.8,1.6,0,True,65,16,4.0625,65,0,-0.0052373780349204355,0.8372320316111718,-8.057504669108362e-05,0.47692307692307695,1.291419410488348,1.291419410488348,1.291419410488348,0.9538461538461539,6,0.37896903131938253,False,False,0.1875,0.5813839841944142,0.0,1.7686947051370472,2.537578689331461,5e-05
f21c_hold3_atr0p8_tp1p6_cd0_early,density_repair(빈도 수리),train,month,2024-11,Tier A(티어 A),Tier A separate(티어 A 분리),3,0.8,1.6,0,True,59,13,4.538461538461538,59,0,0.0035088076346350234,1.1287634568490275,5.947131584127158e-05,0.5084745762711864,0.6702559541203801,0.6702559541203801,0.6702559541203801,0.8135593220338984,6,0.6760529487119713,False,False,0.09230769230769234,0.43561827157548627,0.0,0.5718778679948673,1.0998038318780459,5e-05
f21c_hold3_atr0p8_tp1p6_cd0_early,density_repair(빈도 수리),train,month,2024-12,Tier A(티어 A),Tier A separate(티어 A 분리),3,0.8,1.6,0,True,53,14,3.7857142857142856,53,0,0.018771016657953367,1.877200912948161,0.00035417012562176164,0.5283018867924528,0.402424198054252,0.402424198054252,0.402424198054252,0.7169811320754716,5,0.8340044067579335,False,False,0.24285714285714288,0.061399543525919476,0.0,0.44733952639289215,0.7515962127759546,5e-05
f21c_hold3_atr0p8_tp1p6_cd0_early,density_repair(빈도 수리),train,quarter,2022Q3,Tier A(티어 A),Tier A separate(티어 A 분리),3,0.8,1.6,0,True,91,17,5.352941176470588,91,0,-0.022739980665178842,0.7688132265326143,-0.00024988989741954774,0.3626373626373626,3.5019182918690217,3.5019182918690217,3.5019182918690217,0.945054945054945,10,0.780070749452714,False,False,0.0,0.6155933867336929,0.0,1.624242888021004,2.2398362747546967,5e-05
f21c_hold3_atr0p8_tp1p6_cd0_early,density_repair(빈도 수리),train,quarter,2022Q4,Tier A(티어 A),Tier A separate(티어 A 분리),3,0.8,1.6,0,True,225,48,4.6875,225,0,0.0029614264946986324,1.0136336035803781,1.3161895531993921e-05,0.4177777777777778,2.6604397396248536,2.6604397396248536,2.6604397396248536,0.9244444444444444,11,0.5731419304867795,False,False,0.0625,0.49318319820981094,0.0,0.7080861312809492,1.2637693294907602,5e-05
f21c_hold3_atr0p8_tp1p6_cd0_early,density_repair(빈도 수리),train,quarter,2023Q1,Tier A(티어 A),Tier A separate(티어 A 분리),3,0.8,1.6,0,True,283,52,5.4423076923076925,283,0,0.02438917452260093,1.1165041004093499,8.618082870177008e-05,0.4558303886925795,2.49373998549679,1.8270965702837594,2.49373998549679,0.950530035335689,12,0.5674965535197874,False,False,0.0,0.44174794979532506,0.0,0.7223650668171556,1.1641130166124807,5e-05
f21c_hold3_atr0p8_tp1p6_cd0_early,density_repair(빈도 수리),train,quarter,2023Q2,Tier A(티어 A),Tier A separate(티어 A 분리),3,0.8,1.6,0,True,230,49,4.6938775510204085,230,0,0.025701817607042998,1.2365063834146346,0.00011174703307409999,0.47391304347826085,1.110968113051758,1.110968113051758,1.110968113051758,0.8565217391304348,7,0.7944928029365551,False,False,0.061224489795918303,0.3817468082926827,0.0,0.5479130212872458,0.9908843193758469,5e-05
f21c_hold3_atr0p8_tp1p6_cd0_early,density_repair(빈도 수리),train,quarter,2023Q3,Tier A(티어 A),Tier A separate(티어 A 분리),3,0.8,1.6,0,True,198,47,4.212765957446808,198,0,-0.013626378933656341,0.8820000179294364,-6.882009562452698e-05,0.41919191919191917,2.269041582750164,1.5755357028396588,2.269041582750164,1.0,10,0.35389833543894944,False,False,0.15744680851063836,0.5589999910352819,0.0,1.8407457490524728,2.557192548598393,5e-05
f21c_hold3_atr0p8_tp1p6_cd0_early,density_repair(빈도 수리),train,quarter,2023Q4,Tier A(티어 A),Tier A separate(티어 A 분리),3,0.8,1.6,0,True,207,48,4.3125,207,0,0.005673685072651631,1.0470156680805365,2.74091066311673e-05,0.4492753623188406,1.736121700883031,1.6963123489789567,1.736121700883031,0.966183574879227,7,0.03978659221134147,False,False,0.1375,0.47649216595973176,0.0,0.9368786422005485,1.5508708081602802,5e-05
f21c_hold3_atr0p8_tp1p6_cd0_early,density_repair(빈도 수리),train,quarter,2024Q1,Tier A(티어 A),Tier A separate(티어 A 분리),3,0.8,1.6,0,True,107,35,3.057142857142857,107,0,0.004468924033586645,1.0883155919705991,4.176564517370696e-05,0.48598130841121495,1.0993541297073195,0.7147937536413962,1.0993541297073195,0.9345794392523364,7,0.07405022669315463,False,False,0.3885714285714286,0.45584220401470044,0.0,0.9072381456516317,1.7516517782377607,5e-05
f21c_hold3_atr0p8_tp1p6_cd0_early,density_repair(빈도 수리),train,quarter,2024Q2,Tier A(티어 A),Tier A separate(티어 A 분리),3,0.8,1.6,0,True,138,40,3.45,138,0,0.018153513271736005,1.301363087072921,0.0001315471976212754,0.5144927536231884,0.6130726496933137,0.6130726496933137,0.6130726496933137,0.8043478260869565,4,0.9216862756781967,False,False,0.30999999999999994,0.34931845646353954,0.0,0.4371976976839419,1.0965161541474813,5e-05
f21c_hold3_atr0p8_tp1p6_cd0_early,density_repair(빈도 수리),train,quarter,2024Q3,Tier A(티어 A),Tier A separate(티어 A 분리),3,0.8,1.6,0,True,237,47,5.042553191489362,237,0,0.013491286872263794,1.0840488424677923,5.692526106440419e-05,0.459915611814346,2.0747093087801427,1.9046687372959337,2.0747093087801427,0.919831223628692,8,0.34083834964858295,False,False,0.0,0.45797557876610384,0.0,0.790546793291049,1.248522372057153,5e-05
f21c_hold3_atr0p8_tp1p6_cd0_early,density_repair(빈도 수리),train,quarter,2024Q4,Tier A(티어 A),Tier A separate(티어 A 분리),3,0.8,1.6,0,True,177,43,4.116279069767442,177,0,0.017042446257667963,1.2108541680741574,9.628500710546871e-05,0.5028248587570622,1.46110401080487,1.291419410488348,1.46110401080487,0.9265536723163842,6,0.4594860473045183,False,False,0.1767441860465116,0.3945729159629213,0.0,0.7201804312553397,1.2914975332647727,5e-05
f21c_hold3_atr0p8_tp1p6_cd0_early,density_repair(빈도 수리),validation,month,2025-01,Tier A(티어 A),Tier A separate(티어 A 분리),3,0.8,1.6,0,True,77,14,5.5,77,0,-0.011174231335502412,0.7602525739128456,-0.0001451198874740573,0.4155844155844156,1.5432557823847892,1.5432557823847892,1.5432557823847892,0.922077922077922,10,0.5127752067253413,False,False,0.0,0.6198737130435772,0.0,1.7341862219086615,2.3540599349522386,5e-05
f21c_hold3_atr0p8_tp1p6_cd0_early,density_repair(빈도 수리),validation,month,2025-02,Tier A(티어 A),Tier A separate(티어 A 분리),3,0.8,1.6,0,True,66,14,4.714285714285714,66,0,-0.007319508047059968,0.8176149071106872,-0.00011090163707666618,0.3939393939393939,1.3287488602748088,1.3287488602748088,1.3287488602748088,0.9848484848484849,7,0.38378870713885244,False,False,0.05714285714285712,0.5911925464446564,0.0,1.7904768999693346,2.438812303556848,5e-05
f21c_hold3_atr0p8_tp1p6_cd0_early,density_repair(빈도 수리),validation,month,2025-03,Tier A(티어 A),Tier A separate(티어 A 분리),3,0.8,1.6,0,True,80,15,5.333333333333333,80,0,-0.00930943447376231,0.8721322278713901,-0.00011636793092202888,0.4375,2.158803400150866,2.158803400150866,2.158803400150866,0.95,6,0.09650548316443941,False,False,0.0,0.563933886064305,0.0,1.8940725325760024,2.4580064186403074,5e-05
f21c_hold3_atr0p8_tp1p6_cd0_early,density_repair(빈도 수리),validation,month,2025-04,Tier A(티어 A),Tier A separate(티어 A 분리),3,0.8,1.6,0,True,125,19,6.578947368421052,125,0,0.03982967421867437,1.2430595569382035,0.000318637393749395,0.512,3.97473871091395,3.97473871091395,3.97473871091395,0.896,7,0.19267938053941502,False,False,0.0,0.37847022153089827,0.0,0.8364942787572632,1.2149645002881615,5e-05
f21c_hold3_atr0p8_tp1p6_cd0_early,density_repair(빈도 수리),validation,month,2025-05,Tier A(티어 A),Tier A separate(티어 A 분리),3,0.8,1.6,0,True,92,17,5.411764705882353,92,0,-0.0037623025924223325,0.926120869289697,-4.089459339589492e-05,0.40217391304347827,1.0370907541931818,1.0370907541931818,1.0370907541931818,1.0,7,0.1579682085371471,False,False,0.0,0.5369395653551515,0.0,1.8989143061582838,2.4358538715134355,5e-05
f21c_hold3_atr0p8_tp1p6_cd0_early,density_repair(빈도 수리),validation,month,2025-06,Tier A(티어 A),Tier A separate(티어 A 분리),3,0.8,1.6,0,True,69,17,4.0588235294117645,69,0,0.00843698828120849,1.302900174271681,0.00012227519248128246,0.463768115942029,0.7650184906664026,0.7650184906664026,0.7650184906664026,0.8695652173913043,5,0.3534995844784701,False,False,0.1882352941176471,0.3485499128641595,0.0,0.7322295348107755,1.2690147417925821,5e-05
f21c_hold3_atr0p8_tp1p6_cd0_early,density_repair(빈도 수리),validation,month,2025-07,Tier A(티어 A),Tier A separate(티어 A 분리),3,0.8,1.6,0,True,29,11,2.6363636363636362,29,0,0.0041579027690270085,1.5658320179356386,0.00014337595755265547,0.5517241379310345,0.26972024159828134,0.26972024159828134,0.26972024159828134,0.7931034482758621,4,0.059832214655819935,False,False,0.4727272727272728,0.21708399103218068,0.0,0.819972055129019,1.5097833188884726,5e-05
f21c_hold3_atr0p8_tp1p6_cd0_early,density_repair(빈도 수리),validation,month,2025-08,Tier A(티어 A),Tier A separate(티어 A 분리),3,0.8,1.6,0,True,71,14,5.071428571428571,71,0,0.00101208194411545,1.0337991562380726,1.4254675269231692e-05,0.4225352112676056,0.8907898600201913,0.8907898600201913,0.8907898600201913,0.8732394366197183,7,0.14818069660541444,False,False,0.0,0.4831004218809637,0.0,0.8462764330064366,1.3293768548874003,5e-05
f21c_hold3_atr0p8_tp1p6_cd0_early,density_repair(빈도 수리),validation,month,2025-09,Tier A(티어 A),Tier A separate(티어 A 분리),3,0.8,1.6,0,True,43,12,3.5833333333333335,43,0,-0.006256719839791494,0.678793452490814,-0.00014550511255329056,0.4186046511627907,0.7417357721923423,0.7417357721923423,0.7417357721923423,0.9767441860465116,4,0.6330431809496851,False,False,0.2833333333333333,0.660603273754593,0.0,1.644665452293572,2.5886020593814982,5e-05
f21c_hold3_atr0p8_tp1p6_cd0_early,density_repair(빈도 수리),validation,quarter,2025Q1,Tier A(티어 A),Tier A separate(티어 A 분리),3,0.8,1.6,0,True,223,43,5.186046511627907,223,0,-0.0278031738563247,0.8257353344776048,-0.00012467790966961748,0.4170403587443946,3.76927681271233,2.158803400150866,3.76927681271233,0.9730941704035875,10,0.8112374022530352,False,False,0.0,0.5871323327611976,0.0,1.6228355456677486,2.2099678784289463,5e-05
f21c_hold3_atr0p8_tp1p6_cd0_early,density_repair(빈도 수리),validation,quarter,2025Q2,Tier A(티어 A),Tier A separate(티어 A 분리),3,0.8,1.6,0,True,286,53,5.39622641509434,286,0,0.04450435990746057,1.1834118832859701,0.00015560965002608593,0.46503496503496505,3.97473871091395,3.97473871091395,3.97473871091395,0.9545454545454546,7,0.1621764579883528,False,False,0.0,0.40829405835701493,0.0,0.8765660484506957,1.2848601068077108,5e-05
f21c_hold3_atr0p8_tp1p6_cd0_early,density_repair(빈도 수리),validation,quarter,2025Q3,Tier A(티어 A),Tier A separate(티어 A 분리),3,0.8,1.6,0,True,143,37,3.864864864864865,143,0,-0.0010867351266490351,0.9808576011517806,-7.599546340203043e-06,0.44755244755244755,1.4793354988879348,0.8907898600201913,1.4793354988879348,0.9090909090909091,7,0.08704301725683138,False,False,0.227027027027027,0.5095711994241097,0.0,1.8899215513253351,2.6265197777764717,5e-05
f21c_hold3_atr0p8_tp1p6_cd0_early,density_repair(빈도 수리),oos,month,2025-10,Tier A(티어 A),Tier A separate(티어 A 분리),3,0.8,1.6,0,True,74,11,6.7272727272727275,74,0,0.007199819127585533,1.2097997136744563,9.729485307548018e-05,0.5135135135135135,0.7024821631878453,0.7024821631878453,0.7024821631878453,0.8378378378378378,5,0.17708938606069477,False,False,0.0,0.39510014316277187,0.0,0.7973368032997143,1.1924369464624862,5e-05
f21c_hold3_atr0p8_tp1p6_cd0_early,density_repair(빈도 수리),oos,month,2025-11,Tier A(티어 A),Tier A separate(티어 A 분리),3,0.8,1.6,0,True,93,15,6.2,93,0,0.0380538055749911,1.8082929345247458,0.0004091807051074312,0.5376344086021505,1.5315837235001517,1.5315837235001517,1.5315837235001517,0.6559139784946236,6,0.8532034478982524,False,False,0.0,0.09585353273762709,0.0,0.42121973876836705,0.5170732715059941,5e-05
f21c_hold3_atr0p8_tp1p6_cd0_early,density_repair(빈도 수리),oos,month,2025-12,Tier A(티어 A),Tier A separate(티어 A 분리),3,0.8,1.6,0,True,52,12,4.333333333333333,52,0,-0.008673409289776064,0.7100652796303747,-0.00016679633249569356,0.38461538461538464,1.0163993864275578,1.0163993864275578,1.0163993864275578,0.9615384615384616,7,0.8221363687467402,False,False,0.1333333333333334,0.6449673601848127,0.0,1.5827309417562747,2.3610316352744207,5e-05
f21c_hold3_atr0p8_tp1p6_cd0_early,density_repair(빈도 수리),oos,month,2026-01,Tier A(티어 A),Tier A separate(티어 A 분리),3,0.8,1.6,0,True,59,12,4.916666666666667,59,0,0.002613755046928524,1.079008351142035,4.4300932998788545e-05,0.4067796610169492,1.544009443668093,1.544009443668093,1.544009443668093,0.7966101694915254,11,0.017631971614213978,False,False,0.016666666666666607,0.4604958244289825,0.0,0.9005401890447902,1.3777026801404393,5e-05
f21c_hold3_atr0p8_tp1p6_cd0_early,density_repair(빈도 수리),oos,month,2026-02,Tier A(티어 A),Tier A separate(티어 A 분리),3,0.8,1.6,0,True,101,17,5.9411764705882355,101,0,-0.011196617445105913,0.8386629103161412,-0.00011085759846639517,0.46534653465346537,1.901391390477325,1.901391390477325,1.901391390477325,0.9405940594059405,11,0.11410718300918064,False,False,0.0,0.5806685448419294,0.0,1.921919094378542,2.5025876392204713,5e-05
f21c_hold3_atr0p8_tp1p6_cd0_early,density_repair(빈도 수리),oos,month,2026-03,Tier A(티어 A),Tier A separate(티어 A 분리),3,0.8,1.6,0,True,86,17,5.0588235294117645,86,0,-0.01354861317496272,0.7956454895373625,-0.0001575420136623572,0.38372093023255816,2.516095931979623,2.516095931979623,2.516095931979623,0.9883720930232558,12,0.6927229397677646,False,False,0.0,0.6021772552313187,0.0,1.6830421189649711,2.2852193741962896,5e-05
f21c_hold3_atr0p8_tp1p6_cd0_early,density_repair(빈도 수리),oos,month,2026-04,Tier A(티어 A),Tier A separate(티어 A 분리),3,0.8,1.6,0,True,48,8,6.0,48,0,-0.0028383037138584454,0.8951907748160602,-5.913132737205094e-05,0.4375,1.6146266761907224,1.6146266761907224,1.6146266761907224,0.8958333333333334,6,0.5811545086522987,False,False,0.0,0.5524046125919699,0.0,1.6516054711064656,2.2040100836984355,5e-05
f21c_hold3_atr0p8_tp1p6_cd0_early,density_repair(빈도 수리),oos,quarter,2025Q4,Tier A(티어 A),Tier A separate(티어 A 분리),3,0.8,1.6,0,True,219,38,5.7631578947368425,219,0,0.03658021541280057,1.328628220099111,0.00016703294709041356,0.4931506849315068,1.5315837235001517,1.5315837235001517,1.5315837235001517,0.7990867579908676,7,0.8412077950437287,False,False,0.0,0.33568588995044446,0.0,0.5010455333262125,0.836731423276657,5e-05
f21c_hold3_atr0p8_tp1p6_cd0_early,density_repair(빈도 수리),oos,quarter,2026Q1,Tier A(티어 A),Tier A separate(티어 A 분리),3,0.8,1.6,0,True,246,46,5.3478260869565215,246,0,-0.022131475573140116,0.8688741921054458,-8.996534785829315e-05,0.42276422764227645,4.529210274776851,2.516095931979623,4.529210274776851,0.9512195121951219,12,0.7568513820877647,False,False,0.0,0.5655629039472772,0.0,1.6374656585483107,2.2030285624955877,5e-05
f21c_hold3_atr0p8_tp1p6_cd0_early,density_repair(빈도 수리),oos,quarter,2026Q2,Tier A(티어 A),Tier A separate(티어 A 분리),3,0.8,1.6,0,True,48,8,6.0,48,0,-0.0028383037138584454,0.8951907748160602,-5.913132737205094e-05,0.4375,1.6146266761907224,1.6146266761907224,1.6146266761907224,0.8958333333333334,6,0.5811545086522987,False,False,0.0,0.5524046125919699,0.0,1.6516054711064656,2.2040100836984355,5e-05
f21c_hold3_atr1p0_tp2p0_cd0,density_repair(빈도 수리),train,month,2022-09,Tier A(티어 A),Tier A separate(티어 A 분리),3,1.0,2.0,0,False,84,17,4.9411764705882355,84,0,-0.026591087703658388,0.7156130656778252,-0.0003165605679006951,0.40476190476190477,3.719564289494093,3.719564289494093,3.719564289494093,0.9523809523809523,6,0.8179936304543735,False,False,0.0117647058823529,0.6421934671610874,0.0,1.5704742948669606,2.224432467910401,5e-05
f21c_hold3_atr1p0_tp2p0_cd0,density_repair(빈도 수리),train,month,2022-10,Tier A(티어 A),Tier A separate(티어 A 분리),3,1.0,2.0,0,False,102,19,5.368421052631579,102,0,0.018158894408945338,1.1585938626638321,0.00017802837655828761,0.4411764705882353,2.819433040524544,2.819433040524544,2.819433040524544,0.8529411764705882,10,0.41508712290937366,False,False,0.0,0.42070306866808393,0.0,0.7470343241025464,1.1677373927706305,5e-05
f21c_hold3_atr1p0_tp2p0_cd0,density_repair(빈도 수리),train,month,2022-11,Tier A(티어 A),Tier A separate(티어 A 분리),3,1.0,2.0,0,False,53,15,3.533333333333333,53,0,0.030814599879957646,1.7801157852045224,0.0005814075449048613,0.5283018867924528,0.6552372279576169,0.6552372279576169,0.6552372279576169,0.7547169811320755,4,0.6058812983094928,False,False,0.29333333333333333,0.1099421073977388,0.0,0.5569760572701623,0.9602514980012344,5e-05
f21c_hold3_atr1p0_tp2p0_cd0,density_repair(빈도 수리),train,month,2022-12,Tier A(티어 A),Tier A separate(티어 A 분리),3,1.0,2.0,0,False,58,14,4.142857142857143,58,0,-0.02717594290032964,0.5311216203829104,-0.0004685507396608558,0.3793103448275862,2.6809999410810303,2.6809999410810303,2.6809999410810303,1.0,6,0.7511606820160375,False,False,0.17142857142857135,0.7344391898085447,0.0,1.6219776930927832,2.527845454329899,5e-05
f21c_hold3_atr1p0_tp2p0_cd0,density_repair(빈도 수리),train,month,2023-01,Tier A(티어 A),Tier A separate(티어 A 분리),3,1.0,2.0,0,False,108,19,5.684210526315789,108,0,0.020766166262472154,1.3060513629079256,0.00019227931724511254,0.5462962962962963,0.9735304582738857,0.9735304582738857,0.9735304582738857,0.8148148148148148,5,0.8274426519591522,False,False,0.0,0.3469743185460372,0.0,0.4943174732850481,0.8412917918310854,5e-05
f21c_hold3_atr1p0_tp2p0_cd0,density_repair(빈도 수리),train,month,2023-02,Tier A(티어 A),Tier A separate(티어 A 분리),3,1.0,2.0,0,False,65,15,4.333333333333333,65,0,-0.01202818317439249,0.8193360361001535,-0.00018504897191373062,0.38461538461538464,2.865286057615102,2.865286057615102,2.865286057615102,0.9692307692307692,7,0.7570843198149435,False,False,0.1333333333333334,0.5903319819499233,0.0,1.6154659022371216,2.3391312175203782,5e-05
f21c_hold3_atr1p0_tp2p0_cd0,density_repair(빈도 수리),train,month,2023-03,Tier A(티어 A),Tier A separate(티어 A 분리),3,1.0,2.0,0,False,97,18,5.388888888888889,97,0,0.022161498645290288,1.3128252917972878,0.00022846905819886895,0.5154639175257731,1.2200204943132342,1.2200204943132342,1.2200204943132342,0.7938144329896907,7,0.8499672270408527,False,False,0.0,0.3435873541013561,0.0,0.49473124267697716,0.8383185967783333,5e-05
f21c_hold3_atr1p0_tp2p0_cd0,density_repair(빈도 수리),train,month,2023-04,Tier A(티어 A),Tier A separate(티어 A 분리),3,1.0,2.0,0,False,67,15,4.466666666666667,67,0,0.006073469140573462,1.1750814620350374,9.06487931428875e-05,0.47761194029850745,0.7938526451177985,0.7938526451177985,0.7938526451177985,0.835820895522388,5,0.37357032725186334,False,False,0.10666666666666665,0.4124592689824813,0.0,0.7080127557217362,1.2271386913708842,5e-05
f21c_hold3_atr1p0_tp2p0_cd0,density_repair(빈도 수리),train,month,2023-05,Tier A(티어 A),Tier A separate(티어 A 분리),3,1.0,2.0,0,False,68,15,4.533333333333333,68,0,0.0036602274557778385,1.1054633052872842,5.382687434967409e-05,0.45588235294117646,1.394967126200397,1.394967126200397,1.394967126200397,0.9117647058823529,4,0.01340225913764923,False,False,0.09333333333333335,0.4472683473563579,0.0,0.8942631010351167,1.4348647817248081,5e-05
f21c_hold3_atr1p0_tp2p0_cd0,density_repair(빈도 수리),train,month,2023-06,Tier A(티어 A),Tier A separate(티어 A 분리),3,1.0,2.0,0,False,86,19,4.526315789473684,86,0,0.010838221125502232,1.2251564455732753,0.00012602582704072363,0.4883720930232558,1.3789686823415637,1.3789686823415637,1.3789686823415637,0.872093023255814,8,0.20996024350951478,False,False,0.09473684210526319,0.38742177721336235,0.0,0.8279597508858347,1.3101183702044603,5e-05
f21c_hold3_atr1p0_tp2p0_cd0,density_repair(빈도 수리),train,month,2023-07,Tier A(티어 A),Tier A separate(티어 A 분리),3,1.0,2.0,0,False,41,13,3.1538461538461537,41,0,-0.009228997653250361,0.654108956635438,-0.00022509750373781367,0.3902439024390244,1.1979816800638754,1.1979816800638754,1.1979816800638754,0.9024390243902439,10,0.24504009706916063,False,False,0.36923076923076925,0.6729455216822811,0.0,1.8458295172944874,2.888005808207538,5e-05
f21c_hold3_atr1p0_tp2p0_cd0,density_repair(빈도 수리),train,month,2023-08,Tier A(티어 A),Tier A separate(티어 A 분리),3,1.0,2.0,0,False,87,20,4.35,87,0,-0.004272707506350145,0.9290189387878023,-4.911158053276028e-05,0.4367816091954023,1.9205581073478695,1.9205581073478695,1.9205581073478695,0.9770114942528736,9,0.09464409887366831,False,False,0.13000000000000006,0.5354905306060989,0.0,1.9370653279206425,2.6025558585267414,5e-05
f21c_hold3_atr1p0_tp2p0_cd0,density_repair(빈도 수리),train,month,2023-09,Tier A(티어 A),Tier A separate(티어 A 분리),3,1.0,2.0,0,False,65,14,4.642857142857143,65,0,-0.0051380569697827795,0.8774439757257899,-7.904703030435045e-05,0.4307692307692308,0.8605897671742913,0.8605897671742913,0.8605897671742913,1.0,5,0.047140770672595964,False,False,0.07142857142857136,0.561278012137105,0.0,1.928786653197332,2.5614932367630083,5e-05
f21c_hold3_atr1p0_tp2p0_cd0,density_repair(빈도 수리),train,month,2023-10,Tier A(티어 A),Tier A separate(티어 A 분리),3,1.0,2.0,0,False,106,20,5.3,106,0,0.0005738242659082153,1.0076919364051011,5.413436470832219e-06,0.49056603773584906,1.887242495081165,1.887242495081165,1.887242495081165,0.8773584905660378,5,0.05482382245962746,False,False,0.0,0.49615403179744944,0.0,0.8701406006478847,1.3662946324453342,5e-05
f21c_hold3_atr1p0_tp2p0_cd0,density_repair(빈도 수리),train,month,2023-11,Tier A(티어 A),Tier A separate(티어 A 분리),3,1.0,2.0,0,False,58,16,3.625,58,0,0.007782122849319244,1.2712724154584598,0.00013417453188481455,0.5,0.583841745938396,0.583841745938396,0.583841745938396,0.7586206896551724,4,0.5787276437152925,False,False,0.275,0.3643637922707701,0.0,0.570951870672946,1.210315662943716,5e-05
f21c_hold3_atr1p0_tp2p0_cd0,density_repair(빈도 수리),train,month,2023-12,Tier A(티어 A),Tier A separate(티어 A 분리),3,1.0,2.0,0,False,31,12,2.5833333333333335,31,0,0.012782839799834574,1.7683955619257417,0.0004123496709624056,0.5161290322580645,0.2939981035871564,0.2939981035871564,0.2939981035871564,0.6451612903225806,3,0.8705073814524215,False,False,0.4833333333333333,0.11580221903712917,0.0,0.3785942589915716,0.9777298113620341,5e-05
f21c_hold3_atr1p0_tp2p0_cd0,density_repair(빈도 수리),train,month,2024-01,Tier A(티어 A),Tier A separate(티어 A 분리),3,1.0,2.0,0,False,57,15,3.8,57,0,0.004084369151535338,1.1390160258034083,7.165559914974278e-05,0.5087719298245614,0.6290100894313366,0.6290100894313366,0.6290100894313366,0.8421052631578947,5,0.7913698924808424,False,False,0.24000000000000005,0.43049198709829584,0.0,0.5228309168046735,1.1933229039029696,5e-05
f21c_hold3_atr1p0_tp2p0_cd0,density_repair(빈도 수리),train,month,2024-02,Tier A(티어 A),Tier A separate(티어 A 분리),3,1.0,2.0,0,False,22,10,2.2,22,0,-0.004971180984855725,0.6102753046214467,-0.0002259627720388966,0.45454545454545453,0.5759687125024615,0.5759687125024615,0.5759687125024615,0.9090909090909091,3,0.05484201388610963,False,False,0.5599999999999999,0.6948623476892766,0.0,1.8644120028421598,3.1192743505314366,5e-05
f21c_hold3_atr1p0_tp2p0_cd0,density_repair(빈도 수리),train,month,2024-03,Tier A(티어 A),Tier A separate(티어 A 분리),3,1.0,2.0,0,False,21,10,2.1,21,0,0.000799268592113874,1.0710453574863108,3.8060409148279714e-05,0.5238095238095238,0.5847130700416758,0.5847130700416758,0.5847130700416758,0.9047619047619048,5,0.2921887623123611,False,False,0.58,0.4644773212568446,0.0,0.7756579141022947,1.8201352353591393,5e-05
f21c_hold3_atr1p0_tp2p0_cd0,density_repair(빈도 수리),train,month,2024-04,Tier A(티어 A),Tier A separate(티어 A 분리),3,1.0,2.0,0,False,59,15,3.933333333333333,59,0,0.007291752172664322,1.2329674213742279,0.00012358901987566647,0.5423728813559322,0.6960320755320271,0.6960320755320271,0.6960320755320271,0.8135593220338984,5,0.10162754572908138,False,False,0.21333333333333337,0.38351628931288606,0.0,0.8203692993371677,1.417218921983387,5e-05
f21c_hold3_atr1p0_tp2p0_cd0,density_repair(빈도 수리),train,month,2024-05,Tier A(티어 A),Tier A separate(티어 A 분리),3,1.0,2.0,0,False,37,13,2.8461538461538463,37,0,-0.0012936970395454985,0.9334503843926343,-3.496478485258104e-05,0.4864864864864865,0.764099341592106,0.764099341592106,0.764099341592106,0.972972972972973,3,0.16644907288401753,False,False,0.43076923076923074,0.5332748078036829,0.0,1.84293575504003,2.8069797936129435,5e-05
f21c_hold3_atr1p0_tp2p0_cd0,density_repair(빈도 수리),train,month,2024-06,Tier A(티어 A),Tier A separate(티어 A 분리),3,1.0,2.0,0,False,38,12,3.1666666666666665,38,0,0.004108593594771132,1.2281006434332438,0.00010812088407292453,0.5,0.5697713655690717,0.5697713655690717,0.5697713655690717,0.6842105263157895,3,0.6890879002969675,False,False,0.3666666666666667,0.3859496782833781,0.0,0.47780518170846986,1.2304215266585148,5e-05
f21c_hold3_atr1p0_tp2p0_cd0,density_repair(빈도 수리),train,month,2024-07,Tier A(티어 A),Tier A separate(티어 A 분리),3,1.0,2.0,0,False,56,13,4.3076923076923075,56,0,0.009854518491526547,1.2975082248358303,0.00017597354449154547,0.5178571428571429,0.8228199864040109,0.8228199864040109,0.8228199864040109,0.8035714285714286,4,0.47304825785815574,False,False,0.1384615384615385,0.35124588758208486,0.0,0.6387354268209728,1.1284428528645962,5e-05
f21c_hold3_atr1p0_tp2p0_cd0,density_repair(빈도 수리),train,month,2024-08,Tier A(티어 A),Tier A separate(티어 A 분리),3,1.0,2.0,0,False,95,18,5.277777777777778,95,0,-0.0245135815503201,0.7424247512967076,-0.0002580377005296853,0.45263157894736844,2.703309914579388,2.703309914579388,2.703309914579388,0.9894736842105263,7,0.3045619540764216,False,False,0.0,0.6287876243516461,0.0,1.8282102785603471,2.4569979029119935,5e-05
f21c_hold3_atr1p0_tp2p0_cd0,density_repair(빈도 수리),train,month,2024-09,Tier A(티어 A),Tier A separate(티어 A 분리),3,1.0,2.0,0,False,78,16,4.875,78,0,0.004231433049662472,1.0753667071300397,5.424914166233938e-05,0.4358974358974359,1.5329953928335471,1.5329953928335471,1.5329953928335471,0.8205128205128205,6,0.06198333943743717,False,False,0.025,0.46231664643498016,0.0,0.8513382664839226,1.3386549129189027,5e-05
f21c_hold3_atr1p0_tp2p0_cd0,density_repair(빈도 수리),train,month,2024-10,Tier A(티어 A),Tier A separate(티어 A 분리),3,1.0,2.0,0,False,64,16,4.0,64,0,-0.0032276426730465544,0.903615701665711,-5.043191676635241e-05,0.5,1.1707163763999384,1.1707163763999384,1.1707163763999384,0.953125,4,0.148220453097741,False,False,0.2,0.5481921491671444,0.0,1.8522070461060165,2.6003991952731607,5e-05
f21c_hold3_atr1p0_tp2p0_cd0,density_repair(빈도 수리),train,month,2024-11,Tier A(티어 A),Tier A separate(티어 A 분리),3,1.0,2.0,0,False,55,13,4.230769230769231,55,0,0.0017893815684846587,1.0625033592212474,3.25342103360847e-05,0.4727272727272727,0.8260040633292887,0.8260040633292887,0.8260040633292887,0.8363636363636363,7,0.3984309592601239,False,False,0.15384615384615383,0.4687483203893763,0.0,0.7170697046965806,1.3396641789321109,5e-05
f21c_hold3_atr1p0_tp2p0_cd0,density_repair(빈도 수리),train,month,2024-12,Tier A(티어 A),Tier A separate(티어 A 분리),3,1.0,2.0,0,False,51,14,3.642857142857143,51,0,0.01396717271731279,1.5882186802222786,0.0002738661317120155,0.5294117647058824,0.5430918236113302,0.5430918236113302,0.5430918236113302,0.7647058823529411,4,0.7687975560516865,False,False,0.27142857142857146,0.20589065988886068,0.0,0.4881587468355646,0.9654779781529967,5e-05
f21c_hold3_atr1p0_tp2p0_cd0,density_repair(빈도 수리),train,quarter,2022Q3,Tier A(티어 A),Tier A separate(티어 A 분리),3,1.0,2.0,0,False,84,17,4.9411764705882355,84,0,-0.026591087703658388,0.7156130656778252,-0.0003165605679006951,0.40476190476190477,3.719564289494093,3.719564289494093,3.719564289494093,0.9523809523809523,6,0.8179936304543735,False,False,0.0117647058823529,0.6421934671610874,0.0,1.5704742948669606,2.224432467910401,5e-05
f21c_hold3_atr1p0_tp2p0_cd0,density_repair(빈도 수리),train,quarter,2022Q4,Tier A(티어 A),Tier A separate(티어 A 분리),3,1.0,2.0,0,False,213,48,4.4375,213,0,0.021797551388573373,1.1028385969298427,0.00010233592201208157,0.4460093896713615,2.819433040524544,2.819433040524544,2.819433040524544,0.8779342723004695,10,0.7577487504521421,False,False,0.1125,0.4485807015350787,0.0,0.6040834848317473,1.165164186366826,5e-05
f21c_hold3_atr1p0_tp2p0_cd0,density_repair(빈도 수리),train,quarter,2023Q1,Tier A(티어 A),Tier A separate(티어 A 분리),3,1.0,2.0,0,False,270,52,5.1923076923076925,270,0,0.030899481733369955,1.1505290066719949,0.00011444252493840724,0.4962962962962963,3.1461857085601563,2.865286057615102,3.1461857085601563,0.9074074074074074,10,0.4150307903010274,False,False,0.0,0.42473549666400257,0.0,0.7715694776978711,1.1963049743618737,5e-05
f21c_hold3_atr1p0_tp2p0_cd0,density_repair(빈도 수리),train,quarter,2023Q2,Tier A(티어 A),Tier A separate(티어 A 분리),3,1.0,2.0,0,False,221,49,4.510204081632653,221,0,0.02057191772185353,1.1750325383871263,9.308560055137344e-05,0.4751131221719457,1.6209304746690578,1.394967126200397,1.6209304746690578,0.9049773755656109,8,0.3706296861793051,False,False,0.09795918367346931,0.41248373080643685,0.0,0.7704564602238377,1.2808993747037438,5e-05
f21c_hold3_atr1p0_tp2p0_cd0,density_repair(빈도 수리),train,quarter,2023Q3,Tier A(티어 A),Tier A separate(티어 A 분리),3,1.0,2.0,0,False,193,47,4.1063829787234045,193,0,-0.018639762129383286,0.8552824622570319,-9.657907839058697e-05,0.42487046632124353,2.778948078250254,1.9205581073478695,2.778948078250254,0.9792746113989638,10,0.48008058794421876,False,False,0.1787234042553191,0.5723587688714841,0.0,1.7746373105546354,2.5257194836814385,5e-05
f21c_hold3_atr1p0_tp2p0_cd0,density_repair(빈도 수리),train,quarter,2023Q4,Tier A(티어 A),Tier A separate(티어 A 분리),3,1.0,2.0,0,False,195,48,4.0625,195,0,0.021138786915062033,1.1762682046741326,0.00010840403546185658,0.49743589743589745,1.887242495081165,1.887242495081165,1.887242495081165,0.9076923076923077,5,0.32316916750396746,False,False,0.1875,0.4118658976629337,0.0,0.7630354130847532,1.3624013107476869,5e-05
f21c_hold3_atr1p0_tp2p0_cd0,density_repair(빈도 수리),train,quarter,2024Q1,Tier A(티어 A),Tier A separate(티어 A 분리),3,1.0,2.0,0,False,100,35,2.857142857142857,100,0,-8.754324120651303e-05,0.9983601928431655,-8.754324120651302e-07,0.5,1.520576699314924,0.6290100894313366,1.520576699314924,0.91,7,0.01909177650130423,False,False,0.42857142857142855,0.5008199035784173,0.0,1.9209087005744132,2.850300032724259,5e-05
f21c_hold3_atr1p0_tp2p0_cd0,density_repair(빈도 수리),train,quarter,2024Q2,Tier A(티어 A),Tier A separate(티어 A 분리),3,1.0,2.0,0,False,134,40,3.35,134,0,0.010106648727889954,1.1470031622771235,7.54227517006713e-05,0.5149253731343284,0.764099341592106,0.764099341592106,0.764099341592106,0.8656716417910447,5,0.6813155786747618,False,False,0.32999999999999996,0.42649841886143824,0.0,0.5829602284023274,1.3394586472637657,5e-05
f21c_hold3_atr1p0_tp2p0_cd0,density_repair(빈도 수리),train,quarter,2024Q3,Tier A(티어 A),Tier A separate(티어 A 분리),3,1.0,2.0,0,False,229,47,4.872340425531915,229,0,-0.01042763000913108,0.9434628871608056,-4.5535502223279826e-05,0.462882096069869,2.869336308285897,2.703309914579388,2.869336308285897,0.9475982532751092,7,0.46936650286367404,False,False,0.025531914893617013,0.5282685564195972,0.0,1.7352042876851461,2.2890047589983604,5e-05
f21c_hold3_atr1p0_tp2p0_cd0,density_repair(빈도 수리),train,quarter,2024Q4,Tier A(티어 A),Tier A separate(티어 A 분리),3,1.0,2.0,0,False,170,43,3.953488372093023,170,0,0.012528911612750897,1.1459214530446973,7.369948007500528e-05,0.5,1.1726383403179552,1.1707163763999384,1.1726383403179552,0.9470588235294117,7,0.5082232947627127,False,False,0.20930232558139536,0.42703927347765136,0.0,0.7174759879450145,1.3538175870040612,5e-05
f21c_hold3_atr1p0_tp2p0_cd0,density_repair(빈도 수리),validation,month,2025-01,Tier A(티어 A),Tier A separate(티어 A 분리),3,1.0,2.0,0,False,73,14,5.214285714285714,73,0,-0.0013708321961352747,0.9692678050200694,-1.877852323472979e-05,0.4931506849315068,1.4248705632689207,1.4248705632689207,1.4248705632689207,0.8904109589041096,8,0.18659548565945314,False,False,0.0,0.5153660974899653,0.0,1.8467169629600955,2.3620830604500607,5e-05
f21c_hold3_atr1p0_tp2p0_cd0,density_repair(빈도 수리),validation,month,2025-02,Tier A(티어 A),Tier A separate(티어 A 분리),3,1.0,2.0,0,False,64,14,4.571428571428571,64,0,-0.009334637494206172,0.7746653377863487,-0.00014585371084697144,0.421875,1.5852486255231724,1.5852486255231724,1.5852486255231724,0.984375,7,0.6552275192358602,False,False,0.08571428571428577,0.6126673311068256,0.0,1.668116366343863,2.366497983164974,5e-05
f21c_hold3_atr1p0_tp2p0_cd0,density_repair(빈도 수리),validation,month,2025-03,Tier A(티어 A),Tier A separate(티어 A 분리),3,1.0,2.0,0,False,77,15,5.133333333333334,77,0,-0.00919982364531799,0.8733192494866697,-0.00011947822915997388,0.4675324675324675,1.9815514144770008,1.9815514144770008,1.9815514144770008,0.961038961038961,4,0.1281479046545741,False,False,0.0,0.5633403752566651,0.0,1.8648009753729742,2.428141350629639,5e-05
f21c_hold3_atr1p0_tp2p0_cd0,density_repair(빈도 수리),validation,month,2025-04,Tier A(티어 A),Tier A separate(티어 A 분리),3,1.0,2.0,0,False,117,19,6.157894736842105,117,0,0.06453290072049767,1.4295476703753756,0.0005515632540213476,0.5470085470085471,5.80178512818299,5.80178512818299,5.80178512818299,0.8205128205128205,11,0.12864490700021544,False,False,0.0,0.2852261648123122,0.0,0.8613405610806723,1.1465667258929844,5e-05
f21c_hold3_atr1p0_tp2p0_cd0,density_repair(빈도 수리),validation,month,2025-05,Tier A(티어 A),Tier A separate(티어 A 분리),3,1.0,2.0,0,False,87,17,5.117647058823529,87,0,0.0002732652745743554,1.0054922030039797,3.1409801675213266e-06,0.4367816091954023,1.2710384634206706,1.2710384634206706,1.2710384634206706,0.9655172413793104,5,0.08942391742582707,False,False,0.0,0.49725389849801016,0.0,0.8942419957790675,1.3914958942770776,5e-05
f21c_hold3_atr1p0_tp2p0_cd0,density_repair(빈도 수리),validation,month,2025-06,Tier A(티어 A),Tier A separate(티어 A 분리),3,1.0,2.0,0,False,65,17,3.823529411764706,65,0,0.007901288322908573,1.287803058149644,0.00012155828189090111,0.46153846153846156,0.9042479814742377,0.9042479814742377,0.9042479814742377,0.8615384615384616,5,0.13718317726597523,False,False,0.2352941176470588,0.356098470925178,0.0,0.8259598779226189,1.4173524664948558,5e-05
f21c_hold3_atr1p0_tp2p0_cd0,density_repair(빈도 수리),validation,month,2025-07,Tier A(티어 A),Tier A separate(티어 A 분리),3,1.0,2.0,0,False,28,11,2.5454545454545454,28,0,0.004854611651383969,1.6509227890498586,0.00017337898754942748,0.5714285714285714,0.3074789961967972,0.3074789961967972,0.3074789961967972,0.75,4,0.06944594878889207,False,False,0.4909090909090909,0.17453860547507072,0.0,0.7962493230449986,1.46169701942916,5e-05
f21c_hold3_atr1p0_tp2p0_cd0,density_repair(빈도 수리),validation,month,2025-08,Tier A(티어 A),Tier A separate(티어 A 분리),3,1.0,2.0,0,False,68,14,4.857142857142857,68,0,-0.00017010937390874998,0.9948280985949529,-2.5016084398345584e-06,0.4411764705882353,1.213429708715974,1.213429708715974,1.213429708715974,0.8529411764705882,7,0.007836932075440759,False,False,0.028571428571428647,0.5025859507025235,0.0,1.9002969099778164,2.4314542892517688,5e-05
f21c_hold3_atr1p0_tp2p0_cd0,density_repair(빈도 수리),validation,month,2025-09,Tier A(티어 A),Tier A separate(티어 A 분리),3,1.0,2.0,0,False,42,12,3.5,42,0,-0.005582463682177082,0.7264417733606138,-0.0001329158019565972,0.4523809523809524,0.7531643399193433,0.7531643399193433,0.7531643399193433,0.9523809523809523,4,0.38042648545307883,False,False,0.3,0.6367791133196932,0.0,1.7473795101175431,2.684158623437236,5e-05
f21c_hold3_atr1p0_tp2p0_cd0,density_repair(빈도 수리),validation,quarter,2025Q1,Tier A(티어 A),Tier A separate(티어 A 분리),3,1.0,2.0,0,False,214,43,4.976744186046512,214,0,-0.019905293335659442,0.8745360673511174,-9.301538941896935e-05,0.46261682242990654,3.2918626147808605,1.9815514144770008,3.2918626147808605,0.9626168224299065,8,0.7400519103354549,False,False,0.004651162790697683,0.5627319663244412,0.0,1.6301542104425033,2.197537339557642,5e-05
f21c_hold3_atr1p0_tp2p0_cd0,density_repair(빈도 수리),validation,quarter,2025Q2,Tier A(티어 A),Tier A separate(티어 A 분리),3,1.0,2.0,0,False,269,53,5.0754716981132075,269,0,0.07270745431798056,1.3196726223383417,0.00027028793426758574,0.49070631970260226,5.80178512818299,5.80178512818299,5.80178512818299,0.9219330855018587,11,0.123790826552626,False,False,0.0,0.34016368883082915,0.0,0.9091640165271547,1.2493277053579839,5e-05
f21c_hold3_atr1p0_tp2p0_cd0,density_repair(빈도 수리),validation,quarter,2025Q3,Tier A(티어 A),Tier A separate(티어 A 분리),3,1.0,2.0,0,False,138,37,3.72972972972973,138,0,-0.0008979614047018702,0.9852201954977157,-6.50696670073819e-06,0.47101449275362317,1.7465564043071313,1.213429708715974,1.7465564043071313,0.8840579710144928,7,0.1486789443762616,False,False,0.254054054054054,0.5073899022511421,0.0,1.850920561987204,2.6123645182924,5e-05
f21c_hold3_atr1p0_tp2p0_cd0,density_repair(빈도 수리),oos,month,2025-10,Tier A(티어 A),Tier A separate(티어 A 분리),3,1.0,2.0,0,False,67,11,6.090909090909091,67,0,0.0058770015918778356,1.190634497189993,8.771644166981845e-05,0.5373134328358209,0.8667213256958628,0.8667213256958628,0.8667213256958628,0.8656716417910447,5,0.00910404579444175,False,False,0.0,0.40468275140500354,0.0,0.8854554181984713,1.2901381696034748,5e-05
f21c_hold3_atr1p0_tp2p0_cd0,density_repair(빈도 수리),oos,month,2025-11,Tier A(티어 A),Tier A separate(티어 A 분리),3,1.0,2.0,0,False,89,15,5.933333333333334,89,0,0.03274133025276912,1.6793935483811926,0.000367880115199653,0.5168539325842697,0.7958046391489448,0.7958046391489448,0.7958046391489448,0.6966292134831461,6,0.9199651324130494,False,False,0.0,0.1603032258094037,0.0,0.40949883648154345,0.5698020622909472,5e-05
f21c_hold3_atr1p0_tp2p0_cd0,density_repair(빈도 수리),oos,month,2025-12,Tier A(티어 A),Tier A separate(티어 A 분리),3,1.0,2.0,0,False,49,12,4.083333333333333,49,0,-0.014124108613069833,0.6060054222344745,-0.00028824711455244554,0.3877551020408163,1.4995184307019516,1.4995184307019516,1.4995184307019516,0.9591836734693877,4,0.8235453523465988,False,False,0.1833333333333334,0.6969972888827627,0.0,1.551037244505255,2.431367866721351,5e-05
f21c_hold3_atr1p0_tp2p0_cd0,density_repair(빈도 수리),oos,month,2026-01,Tier A(티어 A),Tier A separate(티어 A 분리),3,1.0,2.0,0,False,57,12,4.75,57,0,0.0031980236006768016,1.0959413868034478,5.610567720485617e-05,0.45614035087719296,1.614645303422868,1.614645303422868,1.614645303422868,0.6842105263157895,11,0.06652590673808416,False,False,0.05,0.4520293065982761,0.0,0.8279580788099674,1.3299873854082436,5e-05
f21c_hold3_atr1p0_tp2p0_cd0,density_repair(빈도 수리),oos,month,2026-02,Tier A(티어 A),Tier A separate(티어 A 분리),3,1.0,2.0,0,False,99,17,5.823529411764706,99,0,-0.006248247133922457,0.9140581877018132,-6.311360741335815e-05,0.5050505050505051,1.5816674586697999,1.5816674586697999,1.5816674586697999,0.9393939393939394,7,0.18201678357874312,False,False,0.0,0.5429709061490934,0.0,1.8608197201168386,2.403790626265932,5e-05
f21c_hold3_atr1p0_tp2p0_cd0,density_repair(빈도 수리),oos,month,2026-03,Tier A(티어 A),Tier A separate(티어 A 분리),3,1.0,2.0,0,False,82,17,4.823529411764706,82,0,-0.027711254654140267,0.63018287009796,-0.00033794212992853986,0.3780487804878049,3.6371253805846826,3.6371253805846826,3.6371253805846826,0.975609756097561,12,0.8917640180419106,False,False,0.03529411764705888,0.68490856495102,0.0,1.5877305821250427,2.307933264723122,5e-05
f21c_hold3_atr1p0_tp2p0_cd0,density_repair(빈도 수리),oos,month,2026-04,Tier A(티어 A),Tier A separate(티어 A 분리),3,1.0,2.0,0,False,47,8,5.875,47,0,0.0020288513987994574,1.0815748055007455,4.3167051038286324e-05,0.5106382978723404,1.5216285927719286,1.5216285927719286,1.5216285927719286,0.8085106382978723,6,0.43631352210602126,False,False,0.0,0.45921259724962726,0.0,0.677488702286333,1.1367012995359602,5e-05
f21c_hold3_atr1p0_tp2p0_cd0,density_repair(빈도 수리),oos,quarter,2025Q4,Tier A(티어 A),Tier A separate(티어 A 분리),3,1.0,2.0,0,False,205,38,5.394736842105263,205,0,0.02449422323157712,1.213235934373283,0.00011948401576379084,0.4926829268292683,2.0082478002104276,1.4995184307019516,2.0082478002104276,0.824390243902439,6,0.7773895271833727,False,False,0.0,0.3933820328133585,0.0,0.5311503225235799,0.9245323553369383,5e-05
f21c_hold3_atr1p0_tp2p0_cd0,density_repair(빈도 수리),oos,quarter,2026Q1,Tier A(티어 A),Tier A separate(티어 A 분리),3,1.0,2.0,0,False,238,46,5.173913043478261,238,0,-0.03076147818738593,0.8300176332773673,-0.00012924990835036106,0.4495798319327731,4.928882127602641,3.6371253805846826,4.928882127602641,0.9243697478991597,12,0.6563835003244174,False,False,0.0,0.5849911833613164,0.0,1.6705938114086343,2.2555849947699507,5e-05
f21c_hold3_atr1p0_tp2p0_cd0,density_repair(빈도 수리),oos,quarter,2026Q2,Tier A(티어 A),Tier A separate(티어 A 분리),3,1.0,2.0,0,False,47,8,5.875,47,0,0.0020288513987994574,1.0815748055007455,4.3167051038286324e-05,0.5106382978723404,1.5216285927719286,1.5216285927719286,1.5216285927719286,0.8085106382978723,6,0.43631352210602126,False,False,0.0,0.45921259724962726,0.0,0.677488702286333,1.1367012995359602,5e-05
