attempt_name,axis,bucket,trade_count,net_profit,profit_factor,expectancy,win_rate,claim_boundary
m48_bal_rf,direction,sell,61,-54.97,0.795193740686,-0.901147540984,0.409836065574,research_development_only_stage336O_repaired_forward_attribution_cost_stress_same_onnx_same_feature_order_same_threshold_same_risk_same_lot_no_training_no_threshold_retuning_no_lot_optimization_no_candidate_selection_no_forward_passed_no_forward_failed_no_live_readiness_no_deployment_no_operating_promotion_no_runtime_authority_no_goal_achieve
m48_bal_rf,direction,buy,221,104.93,1.22919988642,0.47479638009,0.529411764706,research_development_only_stage336O_repaired_forward_attribution_cost_stress_same_onnx_same_feature_order_same_threshold_same_risk_same_lot_no_training_no_threshold_retuning_no_lot_optimization_no_candidate_selection_no_forward_passed_no_forward_failed_no_live_readiness_no_deployment_no_operating_promotion_no_runtime_authority_no_goal_achieve
m48_bal_rf,session_bucket,outside_cash_session,138,-42.76,0.862953110477,-0.309855072464,0.485507246377,research_development_only_stage336O_repaired_forward_attribution_cost_stress_same_onnx_same_feature_order_same_threshold_same_risk_same_lot_no_training_no_threshold_retuning_no_lot_optimization_no_candidate_selection_no_forward_passed_no_forward_failed_no_live_readiness_no_deployment_no_operating_promotion_no_runtime_authority_no_goal_achieve
m48_bal_rf,session_bucket,cash_close_30,1,-17.61,0,-17.61,0,research_development_only_stage336O_repaired_forward_attribution_cost_stress_same_onnx_same_feature_order_same_threshold_same_risk_same_lot_no_training_no_threshold_retuning_no_lot_optimization_no_candidate_selection_no_forward_passed_no_forward_failed_no_live_readiness_no_deployment_no_operating_promotion_no_runtime_authority_no_goal_achieve
m48_bal_rf,session_bucket,cash_open_0_30,23,-7.53,0.939639278557,-0.327391304348,0.434782608696,research_development_only_stage336O_repaired_forward_attribution_cost_stress_same_onnx_same_feature_order_same_threshold_same_risk_same_lot_no_training_no_threshold_retuning_no_lot_optimization_no_candidate_selection_no_forward_passed_no_forward_failed_no_live_readiness_no_deployment_no_operating_promotion_no_runtime_authority_no_goal_achieve
m48_bal_rf,session_bucket,cash_or_overlap_unknown,74,-5.05,0.971378372251,-0.0682432432432,0.5,research_development_only_stage336O_repaired_forward_attribution_cost_stress_same_onnx_same_feature_order_same_threshold_same_risk_same_lot_no_training_no_threshold_retuning_no_lot_optimization_no_candidate_selection_no_forward_passed_no_forward_failed_no_live_readiness_no_deployment_no_operating_promotion_no_runtime_authority_no_goal_achieve
m48_bal_rf,session_bucket,cash_late,16,26.05,1.54946213879,1.628125,0.5625,research_development_only_stage336O_repaired_forward_attribution_cost_stress_same_onnx_same_feature_order_same_threshold_same_risk_same_lot_no_training_no_threshold_retuning_no_lot_optimization_no_candidate_selection_no_forward_passed_no_forward_failed_no_live_readiness_no_deployment_no_operating_promotion_no_runtime_authority_no_goal_achieve
m48_bal_rf,session_bucket,cash_mid,30,96.86,3.01833715357,3.22866666667,0.633333333333,research_development_only_stage336O_repaired_forward_attribution_cost_stress_same_onnx_same_feature_order_same_threshold_same_risk_same_lot_no_training_no_threshold_retuning_no_lot_optimization_no_candidate_selection_no_forward_passed_no_forward_failed_no_live_readiness_no_deployment_no_operating_promotion_no_runtime_authority_no_goal_achieve
m48_bal_rf,open_hour,23,3,-34.65,0.287623355263,-11.55,0.333333333333,research_development_only_stage336O_repaired_forward_attribution_cost_stress_same_onnx_same_feature_order_same_threshold_same_risk_same_lot_no_training_no_threshold_retuning_no_lot_optimization_no_candidate_selection_no_forward_passed_no_forward_failed_no_live_readiness_no_deployment_no_operating_promotion_no_runtime_authority_no_goal_achieve
m48_bal_rf,open_hour,7,28,-32.51,0.580082665978,-1.16107142857,0.464285714286,research_development_only_stage336O_repaired_forward_attribution_cost_stress_same_onnx_same_feature_order_same_threshold_same_risk_same_lot_no_training_no_threshold_retuning_no_lot_optimization_no_candidate_selection_no_forward_passed_no_forward_failed_no_live_readiness_no_deployment_no_operating_promotion_no_runtime_authority_no_goal_achieve
m48_bal_rf,open_hour,22,4,-30.46,0.153888888889,-7.615,0.25,research_development_only_stage336O_repaired_forward_attribution_cost_stress_same_onnx_same_feature_order_same_threshold_same_risk_same_lot_no_training_no_threshold_retuning_no_lot_optimization_no_candidate_selection_no_forward_passed_no_forward_failed_no_live_readiness_no_deployment_no_operating_promotion_no_runtime_authority_no_goal_achieve
m48_bal_rf,open_hour,10,22,-21.29,0.605521586066,-0.967727272727,0.454545454545,research_development_only_stage336O_repaired_forward_attribution_cost_stress_same_onnx_same_feature_order_same_threshold_same_risk_same_lot_no_training_no_threshold_retuning_no_lot_optimization_no_candidate_selection_no_forward_passed_no_forward_failed_no_live_readiness_no_deployment_no_operating_promotion_no_runtime_authority_no_goal_achieve
m48_bal_rf,open_hour,15,21,-8.19,0.860381861575,-0.39,0.333333333333,research_development_only_stage336O_repaired_forward_attribution_cost_stress_same_onnx_same_feature_order_same_threshold_same_risk_same_lot_no_training_no_threshold_retuning_no_lot_optimization_no_candidate_selection_no_forward_passed_no_forward_failed_no_live_readiness_no_deployment_no_operating_promotion_no_runtime_authority_no_goal_achieve
m48_bal_rf,open_hour,19,5,-6.38,0.728395061728,-1.276,0.4,research_development_only_stage336O_repaired_forward_attribution_cost_stress_same_onnx_same_feature_order_same_threshold_same_risk_same_lot_no_training_no_threshold_retuning_no_lot_optimization_no_candidate_selection_no_forward_passed_no_forward_failed_no_live_readiness_no_deployment_no_operating_promotion_no_runtime_authority_no_goal_achieve
m48_bal_rf,open_hour,12,21,-5.82,0.873588184188,-0.277142857143,0.47619047619,research_development_only_stage336O_repaired_forward_attribution_cost_stress_same_onnx_same_feature_order_same_threshold_same_risk_same_lot_no_training_no_threshold_retuning_no_lot_optimization_no_candidate_selection_no_forward_passed_no_forward_failed_no_live_readiness_no_deployment_no_operating_promotion_no_runtime_authority_no_goal_achieve
m48_bal_rf,open_hour,14,27,-4.03,0.947265113845,-0.149259259259,0.518518518519,research_development_only_stage336O_repaired_forward_attribution_cost_stress_same_onnx_same_feature_order_same_threshold_same_risk_same_lot_no_training_no_threshold_retuning_no_lot_optimization_no_candidate_selection_no_forward_passed_no_forward_failed_no_live_readiness_no_deployment_no_operating_promotion_no_runtime_authority_no_goal_achieve
m48_bal_rf,open_hour,16,26,7.47,1.06240601504,0.287307692308,0.5,research_development_only_stage336O_repaired_forward_attribution_cost_stress_same_onnx_same_feature_order_same_threshold_same_risk_same_lot_no_training_no_threshold_retuning_no_lot_optimization_no_candidate_selection_no_forward_passed_no_forward_failed_no_live_readiness_no_deployment_no_operating_promotion_no_runtime_authority_no_goal_achieve
m48_bal_rf,open_hour,8,13,11.01,1.66046790642,0.846923076923,0.461538461538,research_development_only_stage336O_repaired_forward_attribution_cost_stress_same_onnx_same_feature_order_same_threshold_same_risk_same_lot_no_training_no_threshold_retuning_no_lot_optimization_no_candidate_selection_no_forward_passed_no_forward_failed_no_live_readiness_no_deployment_no_operating_promotion_no_runtime_authority_no_goal_achieve
m48_bal_rf,open_hour,21,5,14.19,2.17857142857,2.838,0.4,research_development_only_stage336O_repaired_forward_attribution_cost_stress_same_onnx_same_feature_order_same_threshold_same_risk_same_lot_no_training_no_threshold_retuning_no_lot_optimization_no_candidate_selection_no_forward_passed_no_forward_failed_no_live_readiness_no_deployment_no_operating_promotion_no_runtime_authority_no_goal_achieve
m48_bal_rf,open_hour,11,27,14.27,1.3467800729,0.528518518519,0.555555555556,research_development_only_stage336O_repaired_forward_attribution_cost_stress_same_onnx_same_feature_order_same_threshold_same_risk_same_lot_no_training_no_threshold_retuning_no_lot_optimization_no_candidate_selection_no_forward_passed_no_forward_failed_no_live_readiness_no_deployment_no_operating_promotion_no_runtime_authority_no_goal_achieve
m48_bal_rf,open_hour,20,6,19.41,3.19570135747,3.235,0.833333333333,research_development_only_stage336O_repaired_forward_attribution_cost_stress_same_onnx_same_feature_order_same_threshold_same_risk_same_lot_no_training_no_threshold_retuning_no_lot_optimization_no_candidate_selection_no_forward_passed_no_forward_failed_no_live_readiness_no_deployment_no_operating_promotion_no_runtime_authority_no_goal_achieve
m48_bal_rf,open_hour,13,21,19.45,2.0167276529,0.92619047619,0.619047619048,research_development_only_stage336O_repaired_forward_attribution_cost_stress_same_onnx_same_feature_order_same_threshold_same_risk_same_lot_no_training_no_threshold_retuning_no_lot_optimization_no_candidate_selection_no_forward_passed_no_forward_failed_no_live_readiness_no_deployment_no_operating_promotion_no_runtime_authority_no_goal_achieve
m48_bal_rf,open_hour,9,24,26.23,1.93278805121,1.09291666667,0.5,research_development_only_stage336O_repaired_forward_attribution_cost_stress_same_onnx_same_feature_order_same_threshold_same_risk_same_lot_no_training_no_threshold_retuning_no_lot_optimization_no_candidate_selection_no_forward_passed_no_forward_failed_no_live_readiness_no_deployment_no_operating_promotion_no_runtime_authority_no_goal_achieve
m48_bal_rf,open_hour,18,15,26.79,2.6577970297,1.786,0.6,research_development_only_stage336O_repaired_forward_attribution_cost_stress_same_onnx_same_feature_order_same_threshold_same_risk_same_lot_no_training_no_threshold_retuning_no_lot_optimization_no_candidate_selection_no_forward_passed_no_forward_failed_no_live_readiness_no_deployment_no_operating_promotion_no_runtime_authority_no_goal_achieve
m48_bal_rf,open_hour,17,14,54.47,2.2447440585,3.89071428571,0.642857142857,research_development_only_stage336O_repaired_forward_attribution_cost_stress_same_onnx_same_feature_order_same_threshold_same_risk_same_lot_no_training_no_threshold_retuning_no_lot_optimization_no_candidate_selection_no_forward_passed_no_forward_failed_no_live_readiness_no_deployment_no_operating_promotion_no_runtime_authority_no_goal_achieve
m48_bal_rf,close_month,2026-04,115,-79.83,0.730458858088,-0.694173913043,0.486956521739,research_development_only_stage336O_repaired_forward_attribution_cost_stress_same_onnx_same_feature_order_same_threshold_same_risk_same_lot_no_training_no_threshold_retuning_no_lot_optimization_no_candidate_selection_no_forward_passed_no_forward_failed_no_live_readiness_no_deployment_no_operating_promotion_no_runtime_authority_no_goal_achieve
m48_bal_rf,close_month,2026-05,167,129.79,1.30180913403,0.777185628743,0.51497005988,research_development_only_stage336O_repaired_forward_attribution_cost_stress_same_onnx_same_feature_order_same_threshold_same_risk_same_lot_no_training_no_threshold_retuning_no_lot_optimization_no_candidate_selection_no_forward_passed_no_forward_failed_no_live_readiness_no_deployment_no_operating_promotion_no_runtime_authority_no_goal_achieve
m48_bal_rf,weekday,Mon,53,-26.2,0.812455261274,-0.494339622642,0.415094339623,research_development_only_stage336O_repaired_forward_attribution_cost_stress_same_onnx_same_feature_order_same_threshold_same_risk_same_lot_no_training_no_threshold_retuning_no_lot_optimization_no_candidate_selection_no_forward_passed_no_forward_failed_no_live_readiness_no_deployment_no_operating_promotion_no_runtime_authority_no_goal_achieve
m48_bal_rf,weekday,Tue,69,-25.97,0.873748176957,-0.376376811594,0.463768115942,research_development_only_stage336O_repaired_forward_attribution_cost_stress_same_onnx_same_feature_order_same_threshold_same_risk_same_lot_no_training_no_threshold_retuning_no_lot_optimization_no_candidate_selection_no_forward_passed_no_forward_failed_no_live_readiness_no_deployment_no_operating_promotion_no_runtime_authority_no_goal_achieve
m48_bal_rf,weekday,Thu,57,-7.8,0.945500279486,-0.136842105263,0.456140350877,research_development_only_stage336O_repaired_forward_attribution_cost_stress_same_onnx_same_feature_order_same_threshold_same_risk_same_lot_no_training_no_threshold_retuning_no_lot_optimization_no_candidate_selection_no_forward_passed_no_forward_failed_no_live_readiness_no_deployment_no_operating_promotion_no_runtime_authority_no_goal_achieve
m48_bal_rf,weekday,Wed,53,42.16,1.31845305537,0.795471698113,0.622641509434,research_development_only_stage336O_repaired_forward_attribution_cost_stress_same_onnx_same_feature_order_same_threshold_same_risk_same_lot_no_training_no_threshold_retuning_no_lot_optimization_no_candidate_selection_no_forward_passed_no_forward_failed_no_live_readiness_no_deployment_no_operating_promotion_no_runtime_authority_no_goal_achieve
m48_bal_rf,weekday,Fri,50,67.77,1.64358974359,1.3554,0.58,research_development_only_stage336O_repaired_forward_attribution_cost_stress_same_onnx_same_feature_order_same_threshold_same_risk_same_lot_no_training_no_threshold_retuning_no_lot_optimization_no_candidate_selection_no_forward_passed_no_forward_failed_no_live_readiness_no_deployment_no_operating_promotion_no_runtime_authority_no_goal_achieve
m48_bal_rf,volatility_bucket,histvol20_unknown,3,-1.28,0.780821917808,-0.426666666667,0.666666666667,research_development_only_stage336O_repaired_forward_attribution_cost_stress_same_onnx_same_feature_order_same_threshold_same_risk_same_lot_no_training_no_threshold_retuning_no_lot_optimization_no_candidate_selection_no_forward_passed_no_forward_failed_no_live_readiness_no_deployment_no_operating_promotion_no_runtime_authority_no_goal_achieve
m48_bal_rf,volatility_bucket,histvol20_high,279,51.24,1.07113011369,0.183655913978,0.501792114695,research_development_only_stage336O_repaired_forward_attribution_cost_stress_same_onnx_same_feature_order_same_threshold_same_risk_same_lot_no_training_no_threshold_retuning_no_lot_optimization_no_candidate_selection_no_forward_passed_no_forward_failed_no_live_readiness_no_deployment_no_operating_promotion_no_runtime_authority_no_goal_achieve
m48_bal_rf,adx_bucket,adx_20_25,68,-42.29,0.767445697003,-0.621911764706,0.5,research_development_only_stage336O_repaired_forward_attribution_cost_stress_same_onnx_same_feature_order_same_threshold_same_risk_same_lot_no_training_no_threshold_retuning_no_lot_optimization_no_candidate_selection_no_forward_passed_no_forward_failed_no_live_readiness_no_deployment_no_operating_promotion_no_runtime_authority_no_goal_achieve
m48_bal_rf,adx_bucket,adx_unknown,3,-1.28,0.780821917808,-0.426666666667,0.666666666667,research_development_only_stage336O_repaired_forward_attribution_cost_stress_same_onnx_same_feature_order_same_threshold_same_risk_same_lot_no_training_no_threshold_retuning_no_lot_optimization_no_candidate_selection_no_forward_passed_no_forward_failed_no_live_readiness_no_deployment_no_operating_promotion_no_runtime_authority_no_goal_achieve
m48_bal_rf,adx_bucket,adx_25_30,43,0.74,1.00648042736,0.0172093023256,0.46511627907,research_development_only_stage336O_repaired_forward_attribution_cost_stress_same_onnx_same_feature_order_same_threshold_same_risk_same_lot_no_training_no_threshold_retuning_no_lot_optimization_no_candidate_selection_no_forward_passed_no_forward_failed_no_live_readiness_no_deployment_no_operating_promotion_no_runtime_authority_no_goal_achieve
m48_bal_rf,adx_bucket,adx_lt15,29,16.46,1.2715723478,0.567586206897,0.586206896552,research_development_only_stage336O_repaired_forward_attribution_cost_stress_same_onnx_same_feature_order_same_threshold_same_risk_same_lot_no_training_no_threshold_retuning_no_lot_optimization_no_candidate_selection_no_forward_passed_no_forward_failed_no_live_readiness_no_deployment_no_operating_promotion_no_runtime_authority_no_goal_achieve
m48_bal_rf,adx_bucket,adx_15_20,55,16.57,1.10364023017,0.301272727273,0.545454545455,research_development_only_stage336O_repaired_forward_attribution_cost_stress_same_onnx_same_feature_order_same_threshold_same_risk_same_lot_no_training_no_threshold_retuning_no_lot_optimization_no_candidate_selection_no_forward_passed_no_forward_failed_no_live_readiness_no_deployment_no_operating_promotion_no_runtime_authority_no_goal_achieve
m48_bal_rf,adx_bucket,adx_ge30,84,59.76,1.2931711146,0.711428571429,0.464285714286,research_development_only_stage336O_repaired_forward_attribution_cost_stress_same_onnx_same_feature_order_same_threshold_same_risk_same_lot_no_training_no_threshold_retuning_no_lot_optimization_no_candidate_selection_no_forward_passed_no_forward_failed_no_live_readiness_no_deployment_no_operating_promotion_no_runtime_authority_no_goal_achieve
m48_bal_rf,di_spread_sign,di_flat_or_missing,3,-1.28,0.780821917808,-0.426666666667,0.666666666667,research_development_only_stage336O_repaired_forward_attribution_cost_stress_same_onnx_same_feature_order_same_threshold_same_risk_same_lot_no_training_no_threshold_retuning_no_lot_optimization_no_candidate_selection_no_forward_passed_no_forward_failed_no_live_readiness_no_deployment_no_operating_promotion_no_runtime_authority_no_goal_achieve
m48_bal_rf,di_spread_sign,di_negative,152,16.35,1.0394384543,0.107565789474,0.480263157895,research_development_only_stage336O_repaired_forward_attribution_cost_stress_same_onnx_same_feature_order_same_threshold_same_risk_same_lot_no_training_no_threshold_retuning_no_lot_optimization_no_candidate_selection_no_forward_passed_no_forward_failed_no_live_readiness_no_deployment_no_operating_promotion_no_runtime_authority_no_goal_achieve
m48_bal_rf,di_spread_sign,di_positive,127,34.89,1.1140941792,0.274724409449,0.527559055118,research_development_only_stage336O_repaired_forward_attribution_cost_stress_same_onnx_same_feature_order_same_threshold_same_risk_same_lot_no_training_no_threshold_retuning_no_lot_optimization_no_candidate_selection_no_forward_passed_no_forward_failed_no_live_readiness_no_deployment_no_operating_promotion_no_runtime_authority_no_goal_achieve
m48_bal_rf,vix_level_bucket,vix_level_high,99,2.72,1.01062002186,0.0274747474747,0.545454545455,research_development_only_stage336O_repaired_forward_attribution_cost_stress_same_onnx_same_feature_order_same_threshold_same_risk_same_lot_no_training_no_threshold_retuning_no_lot_optimization_no_candidate_selection_no_forward_passed_no_forward_failed_no_live_readiness_no_deployment_no_operating_promotion_no_runtime_authority_no_goal_achieve
m48_bal_rf,vix_level_bucket,vix_level_mid,109,6.97,1.02344906473,0.0639449541284,0.477064220183,research_development_only_stage336O_repaired_forward_attribution_cost_stress_same_onnx_same_feature_order_same_threshold_same_risk_same_lot_no_training_no_threshold_retuning_no_lot_optimization_no_candidate_selection_no_forward_passed_no_forward_failed_no_live_readiness_no_deployment_no_operating_promotion_no_runtime_authority_no_goal_achieve
m48_bal_rf,vix_level_bucket,vix_level_low,74,40.27,1.23297656928,0.544189189189,0.486486486486,research_development_only_stage336O_repaired_forward_attribution_cost_stress_same_onnx_same_feature_order_same_threshold_same_risk_same_lot_no_training_no_threshold_retuning_no_lot_optimization_no_candidate_selection_no_forward_passed_no_forward_failed_no_live_readiness_no_deployment_no_operating_promotion_no_runtime_authority_no_goal_achieve
m48_bal_rf,vix_change_bucket,vix_change_flat,99,-52.89,0.759459705294,-0.534242424242,0.434343434343,research_development_only_stage336O_repaired_forward_attribution_cost_stress_same_onnx_same_feature_order_same_threshold_same_risk_same_lot_no_training_no_threshold_retuning_no_lot_optimization_no_candidate_selection_no_forward_passed_no_forward_failed_no_live_readiness_no_deployment_no_operating_promotion_no_runtime_authority_no_goal_achieve
m48_bal_rf,vix_change_bucket,vix_change_up,101,35.77,1.12157982394,0.354158415842,0.514851485149,research_development_only_stage336O_repaired_forward_attribution_cost_stress_same_onnx_same_feature_order_same_threshold_same_risk_same_lot_no_training_no_threshold_retuning_no_lot_optimization_no_candidate_selection_no_forward_passed_no_forward_failed_no_live_readiness_no_deployment_no_operating_promotion_no_runtime_authority_no_goal_achieve
m48_bal_rf,vix_change_bucket,vix_change_down,82,67.08,1.31623609278,0.818048780488,0.573170731707,research_development_only_stage336O_repaired_forward_attribution_cost_stress_same_onnx_same_feature_order_same_threshold_same_risk_same_lot_no_training_no_threshold_retuning_no_lot_optimization_no_candidate_selection_no_forward_passed_no_forward_failed_no_live_readiness_no_deployment_no_operating_promotion_no_runtime_authority_no_goal_achieve
m48_bal_rf,usdx_level_bucket,usdx_level_low,73,-28.86,0.829422542703,-0.395342465753,0.493150684932,research_development_only_stage336O_repaired_forward_attribution_cost_stress_same_onnx_same_feature_order_same_threshold_same_risk_same_lot_no_training_no_threshold_retuning_no_lot_optimization_no_candidate_selection_no_forward_passed_no_forward_failed_no_live_readiness_no_deployment_no_operating_promotion_no_runtime_authority_no_goal_achieve
m48_bal_rf,usdx_level_bucket,usdx_level_high,107,-2.62,0.992540925267,-0.0244859813084,0.504672897196,research_development_only_stage336O_repaired_forward_attribution_cost_stress_same_onnx_same_feature_order_same_threshold_same_risk_same_lot_no_training_no_threshold_retuning_no_lot_optimization_no_candidate_selection_no_forward_passed_no_forward_failed_no_live_readiness_no_deployment_no_operating_promotion_no_runtime_authority_no_goal_achieve
m48_bal_rf,usdx_level_bucket,usdx_level_mid,102,81.44,1.39578169801,0.798431372549,0.509803921569,research_development_only_stage336O_repaired_forward_attribution_cost_stress_same_onnx_same_feature_order_same_threshold_same_risk_same_lot_no_training_no_threshold_retuning_no_lot_optimization_no_candidate_selection_no_forward_passed_no_forward_failed_no_live_readiness_no_deployment_no_operating_promotion_no_runtime_authority_no_goal_achieve
m48_bal_rf,usdx_change_bucket,usdx_change_flat,19,-26.11,0.656266456029,-1.37421052632,0.368421052632,research_development_only_stage336O_repaired_forward_attribution_cost_stress_same_onnx_same_feature_order_same_threshold_same_risk_same_lot_no_training_no_threshold_retuning_no_lot_optimization_no_candidate_selection_no_forward_passed_no_forward_failed_no_live_readiness_no_deployment_no_operating_promotion_no_runtime_authority_no_goal_achieve
m48_bal_rf,usdx_change_bucket,usdx_change_down,113,-0.08,0.999702392024,-0.00070796460177,0.477876106195,research_development_only_stage336O_repaired_forward_attribution_cost_stress_same_onnx_same_feature_order_same_threshold_same_risk_same_lot_no_training_no_threshold_retuning_no_lot_optimization_no_candidate_selection_no_forward_passed_no_forward_failed_no_live_readiness_no_deployment_no_operating_promotion_no_runtime_authority_no_goal_achieve
m48_bal_rf,usdx_change_bucket,usdx_change_up,150,76.15,1.19963821309,0.507666666667,0.54,research_development_only_stage336O_repaired_forward_attribution_cost_stress_same_onnx_same_feature_order_same_threshold_same_risk_same_lot_no_training_no_threshold_retuning_no_lot_optimization_no_candidate_selection_no_forward_passed_no_forward_failed_no_live_readiness_no_deployment_no_operating_promotion_no_runtime_authority_no_goal_achieve
m48_bal_rf,us10yr_level_bucket,us10yr_level_high,81,-30.05,0.817391832766,-0.370987654321,0.506172839506,research_development_only_stage336O_repaired_forward_attribution_cost_stress_same_onnx_same_feature_order_same_threshold_same_risk_same_lot_no_training_no_threshold_retuning_no_lot_optimization_no_candidate_selection_no_forward_passed_no_forward_failed_no_live_readiness_no_deployment_no_operating_promotion_no_runtime_authority_no_goal_achieve
m48_bal_rf,us10yr_level_bucket,us10yr_level_mid,102,22.06,1.0862898494,0.216274509804,0.509803921569,research_development_only_stage336O_repaired_forward_attribution_cost_stress_same_onnx_same_feature_order_same_threshold_same_risk_same_lot_no_training_no_threshold_retuning_no_lot_optimization_no_candidate_selection_no_forward_passed_no_forward_failed_no_live_readiness_no_deployment_no_operating_promotion_no_runtime_authority_no_goal_achieve
m48_bal_rf,us10yr_level_bucket,us10yr_level_low,99,57.95,1.18937908497,0.585353535354,0.494949494949,research_development_only_stage336O_repaired_forward_attribution_cost_stress_same_onnx_same_feature_order_same_threshold_same_risk_same_lot_no_training_no_threshold_retuning_no_lot_optimization_no_candidate_selection_no_forward_passed_no_forward_failed_no_live_readiness_no_deployment_no_operating_promotion_no_runtime_authority_no_goal_achieve
m48_bal_rf,us10yr_change_bucket,us10yr_change_flat,94,-27.29,0.886528066528,-0.290319148936,0.457446808511,research_development_only_stage336O_repaired_forward_attribution_cost_stress_same_onnx_same_feature_order_same_threshold_same_risk_same_lot_no_training_no_threshold_retuning_no_lot_optimization_no_candidate_selection_no_forward_passed_no_forward_failed_no_live_readiness_no_deployment_no_operating_promotion_no_runtime_authority_no_goal_achieve
m48_bal_rf,us10yr_change_bucket,us10yr_change_down,99,-25.85,0.916982465155,-0.261111111111,0.494949494949,research_development_only_stage336O_repaired_forward_attribution_cost_stress_same_onnx_same_feature_order_same_threshold_same_risk_same_lot_no_training_no_threshold_retuning_no_lot_optimization_no_candidate_selection_no_forward_passed_no_forward_failed_no_live_readiness_no_deployment_no_operating_promotion_no_runtime_authority_no_goal_achieve
m48_bal_rf,us10yr_change_bucket,us10yr_change_up,89,103.1,1.59140710147,1.15842696629,0.561797752809,research_development_only_stage336O_repaired_forward_attribution_cost_stress_same_onnx_same_feature_order_same_threshold_same_risk_same_lot_no_training_no_threshold_retuning_no_lot_optimization_no_candidate_selection_no_forward_passed_no_forward_failed_no_live_readiness_no_deployment_no_operating_promotion_no_runtime_authority_no_goal_achieve
m48_plain_rf,direction,sell,31,40.34,1.47581976881,1.30129032258,0.548387096774,research_development_only_stage336O_repaired_forward_attribution_cost_stress_same_onnx_same_feature_order_same_threshold_same_risk_same_lot_no_training_no_threshold_retuning_no_lot_optimization_no_candidate_selection_no_forward_passed_no_forward_failed_no_live_readiness_no_deployment_no_operating_promotion_no_runtime_authority_no_goal_achieve
m48_plain_rf,direction,buy,243,228.17,1.4824094042,0.938971193416,0.567901234568,research_development_only_stage336O_repaired_forward_attribution_cost_stress_same_onnx_same_feature_order_same_threshold_same_risk_same_lot_no_training_no_threshold_retuning_no_lot_optimization_no_candidate_selection_no_forward_passed_no_forward_failed_no_live_readiness_no_deployment_no_operating_promotion_no_runtime_authority_no_goal_achieve
m48_plain_rf,session_bucket,cash_open_0_30,21,-16.91,0.826901422868,-0.805238095238,0.47619047619,research_development_only_stage336O_repaired_forward_attribution_cost_stress_same_onnx_same_feature_order_same_threshold_same_risk_same_lot_no_training_no_threshold_retuning_no_lot_optimization_no_candidate_selection_no_forward_passed_no_forward_failed_no_live_readiness_no_deployment_no_operating_promotion_no_runtime_authority_no_goal_achieve
m48_plain_rf,session_bucket,cash_close_30,2,-16.09,0.0863145939807,-8.045,0.5,research_development_only_stage336O_repaired_forward_attribution_cost_stress_same_onnx_same_feature_order_same_threshold_same_risk_same_lot_no_training_no_threshold_retuning_no_lot_optimization_no_candidate_selection_no_forward_passed_no_forward_failed_no_live_readiness_no_deployment_no_operating_promotion_no_runtime_authority_no_goal_achieve
m48_plain_rf,session_bucket,outside_cash_session,129,19.27,1.08301025243,0.149379844961,0.503875968992,research_development_only_stage336O_repaired_forward_attribution_cost_stress_same_onnx_same_feature_order_same_threshold_same_risk_same_lot_no_training_no_threshold_retuning_no_lot_optimization_no_candidate_selection_no_forward_passed_no_forward_failed_no_live_readiness_no_deployment_no_operating_promotion_no_runtime_authority_no_goal_achieve
m48_plain_rf,session_bucket,cash_late,18,30.09,2.03937823834,1.67166666667,0.611111111111,research_development_only_stage336O_repaired_forward_attribution_cost_stress_same_onnx_same_feature_order_same_threshold_same_risk_same_lot_no_training_no_threshold_retuning_no_lot_optimization_no_candidate_selection_no_forward_passed_no_forward_failed_no_live_readiness_no_deployment_no_operating_promotion_no_runtime_authority_no_goal_achieve
m48_plain_rf,session_bucket,cash_or_overlap_unknown,77,98.69,1.70027673313,1.28168831169,0.623376623377,research_development_only_stage336O_repaired_forward_attribution_cost_stress_same_onnx_same_feature_order_same_threshold_same_risk_same_lot_no_training_no_threshold_retuning_no_lot_optimization_no_candidate_selection_no_forward_passed_no_forward_failed_no_live_readiness_no_deployment_no_operating_promotion_no_runtime_authority_no_goal_achieve
m48_plain_rf,session_bucket,cash_mid,27,153.46,4.79475766568,5.6837037037,0.740740740741,research_development_only_stage336O_repaired_forward_attribution_cost_stress_same_onnx_same_feature_order_same_threshold_same_risk_same_lot_no_training_no_threshold_retuning_no_lot_optimization_no_candidate_selection_no_forward_passed_no_forward_failed_no_live_readiness_no_deployment_no_operating_promotion_no_runtime_authority_no_goal_achieve
m48_plain_rf,open_hour,7,28,-25.41,0.638651877133,-0.9075,0.464285714286,research_development_only_stage336O_repaired_forward_attribution_cost_stress_same_onnx_same_feature_order_same_threshold_same_risk_same_lot_no_training_no_threshold_retuning_no_lot_optimization_no_candidate_selection_no_forward_passed_no_forward_failed_no_live_readiness_no_deployment_no_operating_promotion_no_runtime_authority_no_goal_achieve
m48_plain_rf,open_hour,22,4,-3.83,0.782509937535,-0.9575,0.75,research_development_only_stage336O_repaired_forward_attribution_cost_stress_same_onnx_same_feature_order_same_threshold_same_risk_same_lot_no_training_no_threshold_retuning_no_lot_optimization_no_candidate_selection_no_forward_passed_no_forward_failed_no_live_readiness_no_deployment_no_operating_promotion_no_runtime_authority_no_goal_achieve
m48_plain_rf,open_hour,8,11,-3.71,0.831133363678,-0.337272727273,0.454545454545,research_development_only_stage336O_repaired_forward_attribution_cost_stress_same_onnx_same_feature_order_same_threshold_same_risk_same_lot_no_training_no_threshold_retuning_no_lot_optimization_no_candidate_selection_no_forward_passed_no_forward_failed_no_live_readiness_no_deployment_no_operating_promotion_no_runtime_authority_no_goal_achieve
m48_plain_rf,open_hour,21,5,-3.46,0.727559055118,-0.692,0.2,research_development_only_stage336O_repaired_forward_attribution_cost_stress_same_onnx_same_feature_order_same_threshold_same_risk_same_lot_no_training_no_threshold_retuning_no_lot_optimization_no_candidate_selection_no_forward_passed_no_forward_failed_no_live_readiness_no_deployment_no_operating_promotion_no_runtime_authority_no_goal_achieve
m48_plain_rf,open_hour,10,20,-2.18,0.943406022845,-0.109,0.6,research_development_only_stage336O_repaired_forward_attribution_cost_stress_same_onnx_same_feature_order_same_threshold_same_risk_same_lot_no_training_no_threshold_retuning_no_lot_optimization_no_candidate_selection_no_forward_passed_no_forward_failed_no_live_readiness_no_deployment_no_operating_promotion_no_runtime_authority_no_goal_achieve
m48_plain_rf,open_hour,12,21,-0.31,0.992911045049,-0.0147619047619,0.47619047619,research_development_only_stage336O_repaired_forward_attribution_cost_stress_same_onnx_same_feature_order_same_threshold_same_risk_same_lot_no_training_no_threshold_retuning_no_lot_optimization_no_candidate_selection_no_forward_passed_no_forward_failed_no_live_readiness_no_deployment_no_operating_promotion_no_runtime_authority_no_goal_achieve
m48_plain_rf,open_hour,15,17,1.05,1.02154730146,0.0617647058824,0.411764705882,research_development_only_stage336O_repaired_forward_attribution_cost_stress_same_onnx_same_feature_order_same_threshold_same_risk_same_lot_no_training_no_threshold_retuning_no_lot_optimization_no_candidate_selection_no_forward_passed_no_forward_failed_no_live_readiness_no_deployment_no_operating_promotion_no_runtime_authority_no_goal_achieve
m48_plain_rf,open_hour,23,2,9.96,3.47146401985,4.98,0.5,research_development_only_stage336O_repaired_forward_attribution_cost_stress_same_onnx_same_feature_order_same_threshold_same_risk_same_lot_no_training_no_threshold_retuning_no_lot_optimization_no_candidate_selection_no_forward_passed_no_forward_failed_no_live_readiness_no_deployment_no_operating_promotion_no_runtime_authority_no_goal_achieve
m48_plain_rf,open_hour,14,27,11.65,1.18045229244,0.431481481481,0.592592592593,research_development_only_stage336O_repaired_forward_attribution_cost_stress_same_onnx_same_feature_order_same_threshold_same_risk_same_lot_no_training_no_threshold_retuning_no_lot_optimization_no_candidate_selection_no_forward_passed_no_forward_failed_no_live_readiness_no_deployment_no_operating_promotion_no_runtime_authority_no_goal_achieve
m48_plain_rf,open_hour,11,23,12.42,1.37877401647,0.54,0.521739130435,research_development_only_stage336O_repaired_forward_attribution_cost_stress_same_onnx_same_feature_order_same_threshold_same_risk_same_lot_no_training_no_threshold_retuning_no_lot_optimization_no_candidate_selection_no_forward_passed_no_forward_failed_no_live_readiness_no_deployment_no_operating_promotion_no_runtime_authority_no_goal_achieve
m48_plain_rf,open_hour,16,27,14.31,1.13906705539,0.53,0.62962962963,research_development_only_stage336O_repaired_forward_attribution_cost_stress_same_onnx_same_feature_order_same_threshold_same_risk_same_lot_no_training_no_threshold_retuning_no_lot_optimization_no_candidate_selection_no_forward_passed_no_forward_failed_no_live_readiness_no_deployment_no_operating_promotion_no_runtime_authority_no_goal_achieve
m48_plain_rf,open_hour,20,7,14.55,3.05218617772,2.07857142857,0.714285714286,research_development_only_stage336O_repaired_forward_attribution_cost_stress_same_onnx_same_feature_order_same_threshold_same_risk_same_lot_no_training_no_threshold_retuning_no_lot_optimization_no_candidate_selection_no_forward_passed_no_forward_failed_no_live_readiness_no_deployment_no_operating_promotion_no_runtime_authority_no_goal_achieve
m48_plain_rf,open_hour,9,24,28.5,2.37151106833,1.1875,0.5,research_development_only_stage336O_repaired_forward_attribution_cost_stress_same_onnx_same_feature_order_same_threshold_same_risk_same_lot_no_training_no_threshold_retuning_no_lot_optimization_no_candidate_selection_no_forward_passed_no_forward_failed_no_live_readiness_no_deployment_no_operating_promotion_no_runtime_authority_no_goal_achieve
m48_plain_rf,open_hour,19,8,45.57,4.49731389102,5.69625,0.75,research_development_only_stage336O_repaired_forward_attribution_cost_stress_same_onnx_same_feature_order_same_threshold_same_risk_same_lot_no_training_no_threshold_retuning_no_lot_optimization_no_candidate_selection_no_forward_passed_no_forward_failed_no_live_readiness_no_deployment_no_operating_promotion_no_runtime_authority_no_goal_achieve
m48_plain_rf,open_hour,13,24,52.21,4.83897058824,2.17541666667,0.708333333333,research_development_only_stage336O_repaired_forward_attribution_cost_stress_same_onnx_same_feature_order_same_threshold_same_risk_same_lot_no_training_no_threshold_retuning_no_lot_optimization_no_candidate_selection_no_forward_passed_no_forward_failed_no_live_readiness_no_deployment_no_operating_promotion_no_runtime_authority_no_goal_achieve
m48_plain_rf,open_hour,18,14,54.09,7.7276119403,3.86357142857,0.714285714286,research_development_only_stage336O_repaired_forward_attribution_cost_stress_same_onnx_same_feature_order_same_threshold_same_risk_same_lot_no_training_no_threshold_retuning_no_lot_optimization_no_candidate_selection_no_forward_passed_no_forward_failed_no_live_readiness_no_deployment_no_operating_promotion_no_runtime_authority_no_goal_achieve
m48_plain_rf,open_hour,17,12,63.1,2.68897216274,5.25833333333,0.666666666667,research_development_only_stage336O_repaired_forward_attribution_cost_stress_same_onnx_same_feature_order_same_threshold_same_risk_same_lot_no_training_no_threshold_retuning_no_lot_optimization_no_candidate_selection_no_forward_passed_no_forward_failed_no_live_readiness_no_deployment_no_operating_promotion_no_runtime_authority_no_goal_achieve
m48_plain_rf,close_month,2026-04,108,26.46,1.11903904985,0.245,0.555555555556,research_development_only_stage336O_repaired_forward_attribution_cost_stress_same_onnx_same_feature_order_same_threshold_same_risk_same_lot_no_training_no_threshold_retuning_no_lot_optimization_no_candidate_selection_no_forward_passed_no_forward_failed_no_live_readiness_no_deployment_no_operating_promotion_no_runtime_authority_no_goal_achieve
m48_plain_rf,close_month,2026-05,166,242.05,1.72150351735,1.45813253012,0.572289156627,research_development_only_stage336O_repaired_forward_attribution_cost_stress_same_onnx_same_feature_order_same_threshold_same_risk_same_lot_no_training_no_threshold_retuning_no_lot_optimization_no_candidate_selection_no_forward_passed_no_forward_failed_no_live_readiness_no_deployment_no_operating_promotion_no_runtime_authority_no_goal_achieve
m48_plain_rf,weekday,Mon,53,-1.09,0.990753308449,-0.0205660377358,0.490566037736,research_development_only_stage336O_repaired_forward_attribution_cost_stress_same_onnx_same_feature_order_same_threshold_same_risk_same_lot_no_training_no_threshold_retuning_no_lot_optimization_no_candidate_selection_no_forward_passed_no_forward_failed_no_live_readiness_no_deployment_no_operating_promotion_no_runtime_authority_no_goal_achieve
m48_plain_rf,weekday,Tue,58,35.56,1.26058918364,0.613103448276,0.586206896552,research_development_only_stage336O_repaired_forward_attribution_cost_stress_same_onnx_same_feature_order_same_threshold_same_risk_same_lot_no_training_no_threshold_retuning_no_lot_optimization_no_candidate_selection_no_forward_passed_no_forward_failed_no_live_readiness_no_deployment_no_operating_promotion_no_runtime_authority_no_goal_achieve
m48_plain_rf,weekday,Thu,60,50.04,1.37871792931,0.834,0.533333333333,research_development_only_stage336O_repaired_forward_attribution_cost_stress_same_onnx_same_feature_order_same_threshold_same_risk_same_lot_no_training_no_threshold_retuning_no_lot_optimization_no_candidate_selection_no_forward_passed_no_forward_failed_no_live_readiness_no_deployment_no_operating_promotion_no_runtime_authority_no_goal_achieve
m48_plain_rf,weekday,Wed,53,72.21,1.78651563011,1.36245283019,0.603773584906,research_development_only_stage336O_repaired_forward_attribution_cost_stress_same_onnx_same_feature_order_same_threshold_same_risk_same_lot_no_training_no_threshold_retuning_no_lot_optimization_no_candidate_selection_no_forward_passed_no_forward_failed_no_live_readiness_no_deployment_no_operating_promotion_no_runtime_authority_no_goal_achieve
m48_plain_rf,weekday,Fri,50,111.79,2.40651736286,2.2358,0.62,research_development_only_stage336O_repaired_forward_attribution_cost_stress_same_onnx_same_feature_order_same_threshold_same_risk_same_lot_no_training_no_threshold_retuning_no_lot_optimization_no_candidate_selection_no_forward_passed_no_forward_failed_no_live_readiness_no_deployment_no_operating_promotion_no_runtime_authority_no_goal_achieve
m48_plain_rf,volatility_bucket,histvol20_unknown,2,-2.52,0.568493150685,-1.26,0.5,research_development_only_stage336O_repaired_forward_attribution_cost_stress_same_onnx_same_feature_order_same_threshold_same_risk_same_lot_no_training_no_threshold_retuning_no_lot_optimization_no_candidate_selection_no_forward_passed_no_forward_failed_no_live_readiness_no_deployment_no_operating_promotion_no_runtime_authority_no_goal_achieve
m48_plain_rf,volatility_bucket,histvol20_high,272,271.03,1.49106754602,0.996433823529,0.566176470588,research_development_only_stage336O_repaired_forward_attribution_cost_stress_same_onnx_same_feature_order_same_threshold_same_risk_same_lot_no_training_no_threshold_retuning_no_lot_optimization_no_candidate_selection_no_forward_passed_no_forward_failed_no_live_readiness_no_deployment_no_operating_promotion_no_runtime_authority_no_goal_achieve
m48_plain_rf,adx_bucket,adx_20_25,69,-42.34,0.780848861284,-0.613623188406,0.565217391304,research_development_only_stage336O_repaired_forward_attribution_cost_stress_same_onnx_same_feature_order_same_threshold_same_risk_same_lot_no_training_no_threshold_retuning_no_lot_optimization_no_candidate_selection_no_forward_passed_no_forward_failed_no_live_readiness_no_deployment_no_operating_promotion_no_runtime_authority_no_goal_achieve
m48_plain_rf,adx_bucket,adx_unknown,2,-2.52,0.568493150685,-1.26,0.5,research_development_only_stage336O_repaired_forward_attribution_cost_stress_same_onnx_same_feature_order_same_threshold_same_risk_same_lot_no_training_no_threshold_retuning_no_lot_optimization_no_candidate_selection_no_forward_passed_no_forward_failed_no_live_readiness_no_deployment_no_operating_promotion_no_runtime_authority_no_goal_achieve
m48_plain_rf,adx_bucket,adx_25_30,42,31.36,1.34945397816,0.746666666667,0.52380952381,research_development_only_stage336O_repaired_forward_attribution_cost_stress_same_onnx_same_feature_order_same_threshold_same_risk_same_lot_no_training_no_threshold_retuning_no_lot_optimization_no_candidate_selection_no_forward_passed_no_forward_failed_no_live_readiness_no_deployment_no_operating_promotion_no_runtime_authority_no_goal_achieve
m48_plain_rf,adx_bucket,adx_ge30,75,41.29,1.23904359405,0.550533333333,0.48,research_development_only_stage336O_repaired_forward_attribution_cost_stress_same_onnx_same_feature_order_same_threshold_same_risk_same_lot_no_training_no_threshold_retuning_no_lot_optimization_no_candidate_selection_no_forward_passed_no_forward_failed_no_live_readiness_no_deployment_no_operating_promotion_no_runtime_authority_no_goal_achieve
m48_plain_rf,adx_bucket,adx_lt15,34,100.38,3.60051813472,2.95235294118,0.617647058824,research_development_only_stage336O_repaired_forward_attribution_cost_stress_same_onnx_same_feature_order_same_threshold_same_risk_same_lot_no_training_no_threshold_retuning_no_lot_optimization_no_candidate_selection_no_forward_passed_no_forward_failed_no_live_readiness_no_deployment_no_operating_promotion_no_runtime_authority_no_goal_achieve
m48_plain_rf,adx_bucket,adx_15_20,52,140.34,3.43434518647,2.69884615385,0.692307692308,research_development_only_stage336O_repaired_forward_attribution_cost_stress_same_onnx_same_feature_order_same_threshold_same_risk_same_lot_no_training_no_threshold_retuning_no_lot_optimization_no_candidate_selection_no_forward_passed_no_forward_failed_no_live_readiness_no_deployment_no_operating_promotion_no_runtime_authority_no_goal_achieve
m48_plain_rf,di_spread_sign,di_flat_or_missing,2,-2.52,0.568493150685,-1.26,0.5,research_development_only_stage336O_repaired_forward_attribution_cost_stress_same_onnx_same_feature_order_same_threshold_same_risk_same_lot_no_training_no_threshold_retuning_no_lot_optimization_no_candidate_selection_no_forward_passed_no_forward_failed_no_live_readiness_no_deployment_no_operating_promotion_no_runtime_authority_no_goal_achieve
m48_plain_rf,di_spread_sign,di_negative,133,92.29,1.31897832924,0.693909774436,0.563909774436,research_development_only_stage336O_repaired_forward_attribution_cost_stress_same_onnx_same_feature_order_same_threshold_same_risk_same_lot_no_training_no_threshold_retuning_no_lot_optimization_no_candidate_selection_no_forward_passed_no_forward_failed_no_live_readiness_no_deployment_no_operating_promotion_no_runtime_authority_no_goal_achieve
m48_plain_rf,di_spread_sign,di_positive,139,178.74,1.6806809094,1.28589928058,0.568345323741,research_development_only_stage336O_repaired_forward_attribution_cost_stress_same_onnx_same_feature_order_same_threshold_same_risk_same_lot_no_training_no_threshold_retuning_no_lot_optimization_no_candidate_selection_no_forward_passed_no_forward_failed_no_live_readiness_no_deployment_no_operating_promotion_no_runtime_authority_no_goal_achieve
m48_plain_rf,vix_level_bucket,vix_level_mid,104,48.63,1.18917026491,0.467596153846,0.519230769231,research_development_only_stage336O_repaired_forward_attribution_cost_stress_same_onnx_same_feature_order_same_threshold_same_risk_same_lot_no_training_no_threshold_retuning_no_lot_optimization_no_candidate_selection_no_forward_passed_no_forward_failed_no_live_readiness_no_deployment_no_operating_promotion_no_runtime_authority_no_goal_achieve
m48_plain_rf,vix_level_bucket,vix_level_high,97,102.49,1.56122001971,1.05659793814,0.60824742268,research_development_only_stage336O_repaired_forward_attribution_cost_stress_same_onnx_same_feature_order_same_threshold_same_risk_same_lot_no_training_no_threshold_retuning_no_lot_optimization_no_candidate_selection_no_forward_passed_no_forward_failed_no_live_readiness_no_deployment_no_operating_promotion_no_runtime_authority_no_goal_achieve
m48_plain_rf,vix_level_bucket,vix_level_low,73,117.39,1.99424070467,1.60808219178,0.575342465753,research_development_only_stage336O_repaired_forward_attribution_cost_stress_same_onnx_same_feature_order_same_threshold_same_risk_same_lot_no_training_no_threshold_retuning_no_lot_optimization_no_candidate_selection_no_forward_passed_no_forward_failed_no_live_readiness_no_deployment_no_operating_promotion_no_runtime_authority_no_goal_achieve
m48_plain_rf,vix_change_bucket,vix_change_down,81,56.53,1.3543978434,0.697901234568,0.567901234568,research_development_only_stage336O_repaired_forward_attribution_cost_stress_same_onnx_same_feature_order_same_threshold_same_risk_same_lot_no_training_no_threshold_retuning_no_lot_optimization_no_candidate_selection_no_forward_passed_no_forward_failed_no_live_readiness_no_deployment_no_operating_promotion_no_runtime_authority_no_goal_achieve
m48_plain_rf,vix_change_bucket,vix_change_flat,95,78.84,1.47611570747,0.829894736842,0.526315789474,research_development_only_stage336O_repaired_forward_attribution_cost_stress_same_onnx_same_feature_order_same_threshold_same_risk_same_lot_no_training_no_threshold_retuning_no_lot_optimization_no_candidate_selection_no_forward_passed_no_forward_failed_no_live_readiness_no_deployment_no_operating_promotion_no_runtime_authority_no_goal_achieve
m48_plain_rf,vix_change_bucket,vix_change_up,98,133.14,1.57225135391,1.35857142857,0.602040816327,research_development_only_stage336O_repaired_forward_attribution_cost_stress_same_onnx_same_feature_order_same_threshold_same_risk_same_lot_no_training_no_threshold_retuning_no_lot_optimization_no_candidate_selection_no_forward_passed_no_forward_failed_no_live_readiness_no_deployment_no_operating_promotion_no_runtime_authority_no_goal_achieve
m48_plain_rf,usdx_level_bucket,usdx_level_low,71,61.1,1.53889574881,0.860563380282,0.56338028169,research_development_only_stage336O_repaired_forward_attribution_cost_stress_same_onnx_same_feature_order_same_threshold_same_risk_same_lot_no_training_no_threshold_retuning_no_lot_optimization_no_candidate_selection_no_forward_passed_no_forward_failed_no_live_readiness_no_deployment_no_operating_promotion_no_runtime_authority_no_goal_achieve
m48_plain_rf,usdx_level_bucket,usdx_level_high,103,100.05,1.3987167736,0.971359223301,0.543689320388,research_development_only_stage336O_repaired_forward_attribution_cost_stress_same_onnx_same_feature_order_same_threshold_same_risk_same_lot_no_training_no_threshold_retuning_no_lot_optimization_no_candidate_selection_no_forward_passed_no_forward_failed_no_live_readiness_no_deployment_no_operating_promotion_no_runtime_authority_no_goal_achieve
m48_plain_rf,usdx_level_bucket,usdx_level_mid,100,107.36,1.55497544585,1.0736,0.59,research_development_only_stage336O_repaired_forward_attribution_cost_stress_same_onnx_same_feature_order_same_threshold_same_risk_same_lot_no_training_no_threshold_retuning_no_lot_optimization_no_candidate_selection_no_forward_passed_no_forward_failed_no_live_readiness_no_deployment_no_operating_promotion_no_runtime_authority_no_goal_achieve
m48_plain_rf,usdx_change_bucket,usdx_change_flat,20,-3.01,0.941371250487,-0.1505,0.45,research_development_only_stage336O_repaired_forward_attribution_cost_stress_same_onnx_same_feature_order_same_threshold_same_risk_same_lot_no_training_no_threshold_retuning_no_lot_optimization_no_candidate_selection_no_forward_passed_no_forward_failed_no_live_readiness_no_deployment_no_operating_promotion_no_runtime_authority_no_goal_achieve
m48_plain_rf,usdx_change_bucket,usdx_change_down,117,130.3,1.59932845775,1.11367521368,0.598290598291,research_development_only_stage336O_repaired_forward_attribution_cost_stress_same_onnx_same_feature_order_same_threshold_same_risk_same_lot_no_training_no_threshold_retuning_no_lot_optimization_no_candidate_selection_no_forward_passed_no_forward_failed_no_live_readiness_no_deployment_no_operating_promotion_no_runtime_authority_no_goal_achieve
m48_plain_rf,usdx_change_bucket,usdx_change_up,137,141.22,1.48863361129,1.03080291971,0.554744525547,research_development_only_stage336O_repaired_forward_attribution_cost_stress_same_onnx_same_feature_order_same_threshold_same_risk_same_lot_no_training_no_threshold_retuning_no_lot_optimization_no_candidate_selection_no_forward_passed_no_forward_failed_no_live_readiness_no_deployment_no_operating_promotion_no_runtime_authority_no_goal_achieve
m48_plain_rf,us10yr_level_bucket,us10yr_level_high,77,25.75,1.2025963808,0.334415584416,0.571428571429,research_development_only_stage336O_repaired_forward_attribution_cost_stress_same_onnx_same_feature_order_same_threshold_same_risk_same_lot_no_training_no_threshold_retuning_no_lot_optimization_no_candidate_selection_no_forward_passed_no_forward_failed_no_live_readiness_no_deployment_no_operating_promotion_no_runtime_authority_no_goal_achieve
m48_plain_rf,us10yr_level_bucket,us10yr_level_low,100,95.37,1.3584395084,0.9537,0.53,research_development_only_stage336O_repaired_forward_attribution_cost_stress_same_onnx_same_feature_order_same_threshold_same_risk_same_lot_no_training_no_threshold_retuning_no_lot_optimization_no_candidate_selection_no_forward_passed_no_forward_failed_no_live_readiness_no_deployment_no_operating_promotion_no_runtime_authority_no_goal_achieve
m48_plain_rf,us10yr_level_bucket,us10yr_level_mid,97,147.39,1.89549790388,1.51948453608,0.59793814433,research_development_only_stage336O_repaired_forward_attribution_cost_stress_same_onnx_same_feature_order_same_threshold_same_risk_same_lot_no_training_no_threshold_retuning_no_lot_optimization_no_candidate_selection_no_forward_passed_no_forward_failed_no_live_readiness_no_deployment_no_operating_promotion_no_runtime_authority_no_goal_achieve
m48_plain_rf,us10yr_change_bucket,us10yr_change_flat,99,-13.77,0.944017563117,-0.139090909091,0.464646464646,research_development_only_stage336O_repaired_forward_attribution_cost_stress_same_onnx_same_feature_order_same_threshold_same_risk_same_lot_no_training_no_threshold_retuning_no_lot_optimization_no_candidate_selection_no_forward_passed_no_forward_failed_no_live_readiness_no_deployment_no_operating_promotion_no_runtime_authority_no_goal_achieve
m48_plain_rf,us10yr_change_bucket,us10yr_change_up,81,103.41,1.65874633711,1.27666666667,0.62962962963,research_development_only_stage336O_repaired_forward_attribution_cost_stress_same_onnx_same_feature_order_same_threshold_same_risk_same_lot_no_training_no_threshold_retuning_no_lot_optimization_no_candidate_selection_no_forward_passed_no_forward_failed_no_live_readiness_no_deployment_no_operating_promotion_no_runtime_authority_no_goal_achieve
m48_plain_rf,us10yr_change_bucket,us10yr_change_down,94,178.87,2.15541631678,1.90287234043,0.617021276596,research_development_only_stage336O_repaired_forward_attribution_cost_stress_same_onnx_same_feature_order_same_threshold_same_risk_same_lot_no_training_no_threshold_retuning_no_lot_optimization_no_candidate_selection_no_forward_passed_no_forward_failed_no_live_readiness_no_deployment_no_operating_promotion_no_runtime_authority_no_goal_achieve
u42_bal_rf,direction,sell,58,-60.81,0.776557045747,-1.04844827586,0.396551724138,research_development_only_stage336O_repaired_forward_attribution_cost_stress_same_onnx_same_feature_order_same_threshold_same_risk_same_lot_no_training_no_threshold_retuning_no_lot_optimization_no_candidate_selection_no_forward_passed_no_forward_failed_no_live_readiness_no_deployment_no_operating_promotion_no_runtime_authority_no_goal_achieve
u42_bal_rf,direction,buy,275,65.7,1.11730467076,0.238909090909,0.534545454545,research_development_only_stage336O_repaired_forward_attribution_cost_stress_same_onnx_same_feature_order_same_threshold_same_risk_same_lot_no_training_no_threshold_retuning_no_lot_optimization_no_candidate_selection_no_forward_passed_no_forward_failed_no_live_readiness_no_deployment_no_operating_promotion_no_runtime_authority_no_goal_achieve
u42_bal_rf,session_bucket,cash_open_0_30,29,-54.08,0.66728189984,-1.86482758621,0.413793103448,research_development_only_stage336O_repaired_forward_attribution_cost_stress_same_onnx_same_feature_order_same_threshold_same_risk_same_lot_no_training_no_threshold_retuning_no_lot_optimization_no_candidate_selection_no_forward_passed_no_forward_failed_no_live_readiness_no_deployment_no_operating_promotion_no_runtime_authority_no_goal_achieve
u42_bal_rf,session_bucket,outside_cash_session,184,-27.27,0.92304870478,-0.148206521739,0.5,research_development_only_stage336O_repaired_forward_attribution_cost_stress_same_onnx_same_feature_order_same_threshold_same_risk_same_lot_no_training_no_threshold_retuning_no_lot_optimization_no_candidate_selection_no_forward_passed_no_forward_failed_no_live_readiness_no_deployment_no_operating_promotion_no_runtime_authority_no_goal_achieve
u42_bal_rf,session_bucket,cash_close_30,1,-14.66,0,-14.66,0,research_development_only_stage336O_repaired_forward_attribution_cost_stress_same_onnx_same_feature_order_same_threshold_same_risk_same_lot_no_training_no_threshold_retuning_no_lot_optimization_no_candidate_selection_no_forward_passed_no_forward_failed_no_live_readiness_no_deployment_no_operating_promotion_no_runtime_authority_no_goal_achieve
u42_bal_rf,session_bucket,cash_late,18,-7.17,0.90560821485,-0.398333333333,0.444444444444,research_development_only_stage336O_repaired_forward_attribution_cost_stress_same_onnx_same_feature_order_same_threshold_same_risk_same_lot_no_training_no_threshold_retuning_no_lot_optimization_no_candidate_selection_no_forward_passed_no_forward_failed_no_live_readiness_no_deployment_no_operating_promotion_no_runtime_authority_no_goal_achieve
u42_bal_rf,session_bucket,cash_or_overlap_unknown,77,15.55,1.08453384072,0.201948051948,0.519480519481,research_development_only_stage336O_repaired_forward_attribution_cost_stress_same_onnx_same_feature_order_same_threshold_same_risk_same_lot_no_training_no_threshold_retuning_no_lot_optimization_no_candidate_selection_no_forward_passed_no_forward_failed_no_live_readiness_no_deployment_no_operating_promotion_no_runtime_authority_no_goal_achieve
u42_bal_rf,session_bucket,cash_mid,24,92.52,3.27098674521,3.855,0.75,research_development_only_stage336O_repaired_forward_attribution_cost_stress_same_onnx_same_feature_order_same_threshold_same_risk_same_lot_no_training_no_threshold_retuning_no_lot_optimization_no_candidate_selection_no_forward_passed_no_forward_failed_no_live_readiness_no_deployment_no_operating_promotion_no_runtime_authority_no_goal_achieve
u42_bal_rf,open_hour,16,30,-87.66,0.530552134097,-2.922,0.366666666667,research_development_only_stage336O_repaired_forward_attribution_cost_stress_same_onnx_same_feature_order_same_threshold_same_risk_same_lot_no_training_no_threshold_retuning_no_lot_optimization_no_candidate_selection_no_forward_passed_no_forward_failed_no_live_readiness_no_deployment_no_operating_promotion_no_runtime_authority_no_goal_achieve
u42_bal_rf,open_hour,22,4,-34.52,0.244473626614,-8.63,0.25,research_development_only_stage336O_repaired_forward_attribution_cost_stress_same_onnx_same_feature_order_same_threshold_same_risk_same_lot_no_training_no_threshold_retuning_no_lot_optimization_no_candidate_selection_no_forward_passed_no_forward_failed_no_live_readiness_no_deployment_no_operating_promotion_no_runtime_authority_no_goal_achieve
u42_bal_rf,open_hour,8,30,-20.48,0.650153741032,-0.682666666667,0.466666666667,research_development_only_stage336O_repaired_forward_attribution_cost_stress_same_onnx_same_feature_order_same_threshold_same_risk_same_lot_no_training_no_threshold_retuning_no_lot_optimization_no_candidate_selection_no_forward_passed_no_forward_failed_no_live_readiness_no_deployment_no_operating_promotion_no_runtime_authority_no_goal_achieve
u42_bal_rf,open_hour,12,31,-18.31,0.7149750934,-0.59064516129,0.451612903226,research_development_only_stage336O_repaired_forward_attribution_cost_stress_same_onnx_same_feature_order_same_threshold_same_risk_same_lot_no_training_no_threshold_retuning_no_lot_optimization_no_candidate_selection_no_forward_passed_no_forward_failed_no_live_readiness_no_deployment_no_operating_promotion_no_runtime_authority_no_goal_achieve
u42_bal_rf,open_hour,10,30,-17.64,0.74293208977,-0.588,0.4,research_development_only_stage336O_repaired_forward_attribution_cost_stress_same_onnx_same_feature_order_same_threshold_same_risk_same_lot_no_training_no_threshold_retuning_no_lot_optimization_no_candidate_selection_no_forward_passed_no_forward_failed_no_live_readiness_no_deployment_no_operating_promotion_no_runtime_authority_no_goal_achieve
u42_bal_rf,open_hour,23,2,-16.47,0.458757804798,-8.235,0.5,research_development_only_stage336O_repaired_forward_attribution_cost_stress_same_onnx_same_feature_order_same_threshold_same_risk_same_lot_no_training_no_threshold_retuning_no_lot_optimization_no_candidate_selection_no_forward_passed_no_forward_failed_no_live_readiness_no_deployment_no_operating_promotion_no_runtime_authority_no_goal_achieve
u42_bal_rf,open_hour,20,6,-16.42,0.388454376164,-2.73666666667,0.333333333333,research_development_only_stage336O_repaired_forward_attribution_cost_stress_same_onnx_same_feature_order_same_threshold_same_risk_same_lot_no_training_no_threshold_retuning_no_lot_optimization_no_candidate_selection_no_forward_passed_no_forward_failed_no_live_readiness_no_deployment_no_operating_promotion_no_runtime_authority_no_goal_achieve
u42_bal_rf,open_hour,7,30,-14.58,0.69757311761,-0.486,0.566666666667,research_development_only_stage336O_repaired_forward_attribution_cost_stress_same_onnx_same_feature_order_same_threshold_same_risk_same_lot_no_training_no_threshold_retuning_no_lot_optimization_no_candidate_selection_no_forward_passed_no_forward_failed_no_live_readiness_no_deployment_no_operating_promotion_no_runtime_authority_no_goal_achieve
u42_bal_rf,open_hour,15,18,-5.4,0.910876382241,-0.3,0.444444444444,research_development_only_stage336O_repaired_forward_attribution_cost_stress_same_onnx_same_feature_order_same_threshold_same_risk_same_lot_no_training_no_threshold_retuning_no_lot_optimization_no_candidate_selection_no_forward_passed_no_forward_failed_no_live_readiness_no_deployment_no_operating_promotion_no_runtime_authority_no_goal_achieve
u42_bal_rf,open_hour,1,1,1.14,,1.14,1,research_development_only_stage336O_repaired_forward_attribution_cost_stress_same_onnx_same_feature_order_same_threshold_same_risk_same_lot_no_training_no_threshold_retuning_no_lot_optimization_no_candidate_selection_no_forward_passed_no_forward_failed_no_live_readiness_no_deployment_no_operating_promotion_no_runtime_authority_no_goal_achieve
u42_bal_rf,open_hour,19,7,5.46,1.35431537962,0.78,0.571428571429,research_development_only_stage336O_repaired_forward_attribution_cost_stress_same_onnx_same_feature_order_same_threshold_same_risk_same_lot_no_training_no_threshold_retuning_no_lot_optimization_no_candidate_selection_no_forward_passed_no_forward_failed_no_live_readiness_no_deployment_no_operating_promotion_no_runtime_authority_no_goal_achieve
u42_bal_rf,open_hour,11,29,23.4,1.61417322835,0.806896551724,0.586206896552,research_development_only_stage336O_repaired_forward_attribution_cost_stress_same_onnx_same_feature_order_same_threshold_same_risk_same_lot_no_training_no_threshold_retuning_no_lot_optimization_no_candidate_selection_no_forward_passed_no_forward_failed_no_live_readiness_no_deployment_no_operating_promotion_no_runtime_authority_no_goal_achieve
u42_bal_rf,open_hour,14,25,23.76,1.46497064579,0.9504,0.6,research_development_only_stage336O_repaired_forward_attribution_cost_stress_same_onnx_same_feature_order_same_threshold_same_risk_same_lot_no_training_no_threshold_retuning_no_lot_optimization_no_candidate_selection_no_forward_passed_no_forward_failed_no_live_readiness_no_deployment_no_operating_promotion_no_runtime_authority_no_goal_achieve
u42_bal_rf,open_hour,18,8,25.93,3.48848368522,3.24125,0.75,research_development_only_stage336O_repaired_forward_attribution_cost_stress_same_onnx_same_feature_order_same_threshold_same_risk_same_lot_no_training_no_threshold_retuning_no_lot_optimization_no_candidate_selection_no_forward_passed_no_forward_failed_no_live_readiness_no_deployment_no_operating_promotion_no_runtime_authority_no_goal_achieve
u42_bal_rf,open_hour,21,6,27.26,3.26411960133,4.54333333333,0.5,research_development_only_stage336O_repaired_forward_attribution_cost_stress_same_onnx_same_feature_order_same_threshold_same_risk_same_lot_no_training_no_threshold_retuning_no_lot_optimization_no_candidate_selection_no_forward_passed_no_forward_failed_no_live_readiness_no_deployment_no_operating_promotion_no_runtime_authority_no_goal_achieve
u42_bal_rf,open_hour,9,31,35.67,1.7714100346,1.15064516129,0.516129032258,research_development_only_stage336O_repaired_forward_attribution_cost_stress_same_onnx_same_feature_order_same_threshold_same_risk_same_lot_no_training_no_threshold_retuning_no_lot_optimization_no_candidate_selection_no_forward_passed_no_forward_failed_no_live_readiness_no_deployment_no_operating_promotion_no_runtime_authority_no_goal_achieve
u42_bal_rf,open_hour,13,30,36.93,2.13560885609,1.231,0.566666666667,research_development_only_stage336O_repaired_forward_attribution_cost_stress_same_onnx_same_feature_order_same_threshold_same_risk_same_lot_no_training_no_threshold_retuning_no_lot_optimization_no_candidate_selection_no_forward_passed_no_forward_failed_no_live_readiness_no_deployment_no_operating_promotion_no_runtime_authority_no_goal_achieve
u42_bal_rf,open_hour,17,15,56.82,2.55671232877,3.788,0.733333333333,research_development_only_stage336O_repaired_forward_attribution_cost_stress_same_onnx_same_feature_order_same_threshold_same_risk_same_lot_no_training_no_threshold_retuning_no_lot_optimization_no_candidate_selection_no_forward_passed_no_forward_failed_no_live_readiness_no_deployment_no_operating_promotion_no_runtime_authority_no_goal_achieve
u42_bal_rf,close_month,2026-04,136,-116.79,0.677099173325,-0.85875,0.477941176471,research_development_only_stage336O_repaired_forward_attribution_cost_stress_same_onnx_same_feature_order_same_threshold_same_risk_same_lot_no_training_no_threshold_retuning_no_lot_optimization_no_candidate_selection_no_forward_passed_no_forward_failed_no_live_readiness_no_deployment_no_operating_promotion_no_runtime_authority_no_goal_achieve
u42_bal_rf,close_month,2026-05,197,121.68,1.25859650614,0.617664974619,0.532994923858,research_development_only_stage336O_repaired_forward_attribution_cost_stress_same_onnx_same_feature_order_same_threshold_same_risk_same_lot_no_training_no_threshold_retuning_no_lot_optimization_no_candidate_selection_no_forward_passed_no_forward_failed_no_live_readiness_no_deployment_no_operating_promotion_no_runtime_authority_no_goal_achieve
u42_bal_rf,weekday,Thu,69,-30.97,0.825353860035,-0.44884057971,0.449275362319,research_development_only_stage336O_repaired_forward_attribution_cost_stress_same_onnx_same_feature_order_same_threshold_same_risk_same_lot_no_training_no_threshold_retuning_no_lot_optimization_no_candidate_selection_no_forward_passed_no_forward_failed_no_live_readiness_no_deployment_no_operating_promotion_no_runtime_authority_no_goal_achieve
u42_bal_rf,weekday,Tue,69,-18.12,0.90863251311,-0.262608695652,0.478260869565,research_development_only_stage336O_repaired_forward_attribution_cost_stress_same_onnx_same_feature_order_same_threshold_same_risk_same_lot_no_training_no_threshold_retuning_no_lot_optimization_no_candidate_selection_no_forward_passed_no_forward_failed_no_live_readiness_no_deployment_no_operating_promotion_no_runtime_authority_no_goal_achieve
u42_bal_rf,weekday,Mon,63,-15.74,0.896249423242,-0.249841269841,0.492063492063,research_development_only_stage336O_repaired_forward_attribution_cost_stress_same_onnx_same_feature_order_same_threshold_same_risk_same_lot_no_training_no_threshold_retuning_no_lot_optimization_no_candidate_selection_no_forward_passed_no_forward_failed_no_live_readiness_no_deployment_no_operating_promotion_no_runtime_authority_no_goal_achieve
u42_bal_rf,weekday,Wed,66,2.39,1.0142363593,0.0362121212121,0.545454545455,research_development_only_stage336O_repaired_forward_attribution_cost_stress_same_onnx_same_feature_order_same_threshold_same_risk_same_lot_no_training_no_threshold_retuning_no_lot_optimization_no_candidate_selection_no_forward_passed_no_forward_failed_no_live_readiness_no_deployment_no_operating_promotion_no_runtime_authority_no_goal_achieve
u42_bal_rf,weekday,Fri,66,67.33,1.49149572962,1.02015151515,0.590909090909,research_development_only_stage336O_repaired_forward_attribution_cost_stress_same_onnx_same_feature_order_same_threshold_same_risk_same_lot_no_training_no_threshold_retuning_no_lot_optimization_no_candidate_selection_no_forward_passed_no_forward_failed_no_live_readiness_no_deployment_no_operating_promotion_no_runtime_authority_no_goal_achieve
u42_bal_rf,volatility_bucket,histvol20_unknown,2,-8.12,0,-4.06,0,research_development_only_stage336O_repaired_forward_attribution_cost_stress_same_onnx_same_feature_order_same_threshold_same_risk_same_lot_no_training_no_threshold_retuning_no_lot_optimization_no_candidate_selection_no_forward_passed_no_forward_failed_no_live_readiness_no_deployment_no_operating_promotion_no_runtime_authority_no_goal_achieve
u42_bal_rf,volatility_bucket,histvol20_high,331,13.01,1.0157867275,0.0393051359517,0.513595166163,research_development_only_stage336O_repaired_forward_attribution_cost_stress_same_onnx_same_feature_order_same_threshold_same_risk_same_lot_no_training_no_threshold_retuning_no_lot_optimization_no_candidate_selection_no_forward_passed_no_forward_failed_no_live_readiness_no_deployment_no_operating_promotion_no_runtime_authority_no_goal_achieve
u42_bal_rf,adx_bucket,adx_20_25,83,-39.66,0.813285626854,-0.477831325301,0.518072289157,research_development_only_stage336O_repaired_forward_attribution_cost_stress_same_onnx_same_feature_order_same_threshold_same_risk_same_lot_no_training_no_threshold_retuning_no_lot_optimization_no_candidate_selection_no_forward_passed_no_forward_failed_no_live_readiness_no_deployment_no_operating_promotion_no_runtime_authority_no_goal_achieve
u42_bal_rf,adx_bucket,adx_ge30,91,-36.12,0.87483106352,-0.396923076923,0.461538461538,research_development_only_stage336O_repaired_forward_attribution_cost_stress_same_onnx_same_feature_order_same_threshold_same_risk_same_lot_no_training_no_threshold_retuning_no_lot_optimization_no_candidate_selection_no_forward_passed_no_forward_failed_no_live_readiness_no_deployment_no_operating_promotion_no_runtime_authority_no_goal_achieve
u42_bal_rf,adx_bucket,adx_unknown,2,-8.12,0,-4.06,0,research_development_only_stage336O_repaired_forward_attribution_cost_stress_same_onnx_same_feature_order_same_threshold_same_risk_same_lot_no_training_no_threshold_retuning_no_lot_optimization_no_candidate_selection_no_forward_passed_no_forward_failed_no_live_readiness_no_deployment_no_operating_promotion_no_runtime_authority_no_goal_achieve
u42_bal_rf,adx_bucket,adx_25_30,54,18.23,1.14014452645,0.337592592593,0.537037037037,research_development_only_stage336O_repaired_forward_attribution_cost_stress_same_onnx_same_feature_order_same_threshold_same_risk_same_lot_no_training_no_threshold_retuning_no_lot_optimization_no_candidate_selection_no_forward_passed_no_forward_failed_no_live_readiness_no_deployment_no_operating_promotion_no_runtime_authority_no_goal_achieve
u42_bal_rf,adx_bucket,adx_lt15,35,23.45,1.46946946947,0.67,0.542857142857,research_development_only_stage336O_repaired_forward_attribution_cost_stress_same_onnx_same_feature_order_same_threshold_same_risk_same_lot_no_training_no_threshold_retuning_no_lot_optimization_no_candidate_selection_no_forward_passed_no_forward_failed_no_live_readiness_no_deployment_no_operating_promotion_no_runtime_authority_no_goal_achieve
u42_bal_rf,adx_bucket,adx_15_20,68,47.11,1.32921034242,0.692794117647,0.544117647059,research_development_only_stage336O_repaired_forward_attribution_cost_stress_same_onnx_same_feature_order_same_threshold_same_risk_same_lot_no_training_no_threshold_retuning_no_lot_optimization_no_candidate_selection_no_forward_passed_no_forward_failed_no_live_readiness_no_deployment_no_operating_promotion_no_runtime_authority_no_goal_achieve
u42_bal_rf,di_spread_sign,di_positive,154,-10.14,0.970527539602,-0.0658441558442,0.525974025974,research_development_only_stage336O_repaired_forward_attribution_cost_stress_same_onnx_same_feature_order_same_threshold_same_risk_same_lot_no_training_no_threshold_retuning_no_lot_optimization_no_candidate_selection_no_forward_passed_no_forward_failed_no_live_readiness_no_deployment_no_operating_promotion_no_runtime_authority_no_goal_achieve
u42_bal_rf,di_spread_sign,di_flat_or_missing,2,-8.12,0,-4.06,0,research_development_only_stage336O_repaired_forward_attribution_cost_stress_same_onnx_same_feature_order_same_threshold_same_risk_same_lot_no_training_no_threshold_retuning_no_lot_optimization_no_candidate_selection_no_forward_passed_no_forward_failed_no_live_readiness_no_deployment_no_operating_promotion_no_runtime_authority_no_goal_achieve
u42_bal_rf,di_spread_sign,di_negative,177,23.15,1.04822313877,0.130790960452,0.502824858757,research_development_only_stage336O_repaired_forward_attribution_cost_stress_same_onnx_same_feature_order_same_threshold_same_risk_same_lot_no_training_no_threshold_retuning_no_lot_optimization_no_candidate_selection_no_forward_passed_no_forward_failed_no_live_readiness_no_deployment_no_operating_promotion_no_runtime_authority_no_goal_achieve
u42_bal_rf,vix_level_bucket,vix_level_mid,122,-54.14,0.862672483766,-0.443770491803,0.475409836066,research_development_only_stage336O_repaired_forward_attribution_cost_stress_same_onnx_same_feature_order_same_threshold_same_risk_same_lot_no_training_no_threshold_retuning_no_lot_optimization_no_candidate_selection_no_forward_passed_no_forward_failed_no_live_readiness_no_deployment_no_operating_promotion_no_runtime_authority_no_goal_achieve
u42_bal_rf,vix_level_bucket,vix_level_high,113,-20.37,0.92532717475,-0.180265486726,0.495575221239,research_development_only_stage336O_repaired_forward_attribution_cost_stress_same_onnx_same_feature_order_same_threshold_same_risk_same_lot_no_training_no_threshold_retuning_no_lot_optimization_no_candidate_selection_no_forward_passed_no_forward_failed_no_live_readiness_no_deployment_no_operating_promotion_no_runtime_authority_no_goal_achieve
u42_bal_rf,vix_level_bucket,vix_level_low,98,79.4,1.48062953995,0.810204081633,0.571428571429,research_development_only_stage336O_repaired_forward_attribution_cost_stress_same_onnx_same_feature_order_same_threshold_same_risk_same_lot_no_training_no_threshold_retuning_no_lot_optimization_no_candidate_selection_no_forward_passed_no_forward_failed_no_live_readiness_no_deployment_no_operating_promotion_no_runtime_authority_no_goal_achieve
u42_bal_rf,vix_change_bucket,vix_change_down,111,-40.07,0.874648063568,-0.360990990991,0.477477477477,research_development_only_stage336O_repaired_forward_attribution_cost_stress_same_onnx_same_feature_order_same_threshold_same_risk_same_lot_no_training_no_threshold_retuning_no_lot_optimization_no_candidate_selection_no_forward_passed_no_forward_failed_no_live_readiness_no_deployment_no_operating_promotion_no_runtime_authority_no_goal_achieve
u42_bal_rf,vix_change_bucket,vix_change_up,99,9.83,1.03238346236,0.0992929292929,0.464646464646,research_development_only_stage336O_repaired_forward_attribution_cost_stress_same_onnx_same_feature_order_same_threshold_same_risk_same_lot_no_training_no_threshold_retuning_no_lot_optimization_no_candidate_selection_no_forward_passed_no_forward_failed_no_live_readiness_no_deployment_no_operating_promotion_no_runtime_authority_no_goal_achieve
u42_bal_rf,vix_change_bucket,vix_change_flat,123,35.13,1.16807004114,0.285609756098,0.577235772358,research_development_only_stage336O_repaired_forward_attribution_cost_stress_same_onnx_same_feature_order_same_threshold_same_risk_same_lot_no_training_no_threshold_retuning_no_lot_optimization_no_candidate_selection_no_forward_passed_no_forward_failed_no_live_readiness_no_deployment_no_operating_promotion_no_runtime_authority_no_goal_achieve
u42_bal_rf,usdx_level_bucket,usdx_level_low,98,-28.39,0.855049525171,-0.289693877551,0.5,research_development_only_stage336O_repaired_forward_attribution_cost_stress_same_onnx_same_feature_order_same_threshold_same_risk_same_lot_no_training_no_threshold_retuning_no_lot_optimization_no_candidate_selection_no_forward_passed_no_forward_failed_no_live_readiness_no_deployment_no_operating_promotion_no_runtime_authority_no_goal_achieve
u42_bal_rf,usdx_level_bucket,usdx_level_mid,117,12.09,1.04635380722,0.103333333333,0.547008547009,research_development_only_stage336O_repaired_forward_attribution_cost_stress_same_onnx_same_feature_order_same_threshold_same_risk_same_lot_no_training_no_threshold_retuning_no_lot_optimization_no_candidate_selection_no_forward_passed_no_forward_failed_no_live_readiness_no_deployment_no_operating_promotion_no_runtime_authority_no_goal_achieve
u42_bal_rf,usdx_level_bucket,usdx_level_high,118,21.19,1.0564239116,0.179576271186,0.483050847458,research_development_only_stage336O_repaired_forward_attribution_cost_stress_same_onnx_same_feature_order_same_threshold_same_risk_same_lot_no_training_no_threshold_retuning_no_lot_optimization_no_candidate_selection_no_forward_passed_no_forward_failed_no_live_readiness_no_deployment_no_operating_promotion_no_runtime_authority_no_goal_achieve
u42_bal_rf,usdx_change_bucket,usdx_change_flat,30,-38.07,0.644571001774,-1.269,0.433333333333,research_development_only_stage336O_repaired_forward_attribution_cost_stress_same_onnx_same_feature_order_same_threshold_same_risk_same_lot_no_training_no_threshold_retuning_no_lot_optimization_no_candidate_selection_no_forward_passed_no_forward_failed_no_live_readiness_no_deployment_no_operating_promotion_no_runtime_authority_no_goal_achieve
u42_bal_rf,usdx_change_bucket,usdx_change_up,160,-16.91,0.955356671419,-0.1056875,0.50625,research_development_only_stage336O_repaired_forward_attribution_cost_stress_same_onnx_same_feature_order_same_threshold_same_risk_same_lot_no_training_no_threshold_retuning_no_lot_optimization_no_candidate_selection_no_forward_passed_no_forward_failed_no_live_readiness_no_deployment_no_operating_promotion_no_runtime_authority_no_goal_achieve
u42_bal_rf,usdx_change_bucket,usdx_change_down,143,59.87,1.17286481492,0.418671328671,0.531468531469,research_development_only_stage336O_repaired_forward_attribution_cost_stress_same_onnx_same_feature_order_same_threshold_same_risk_same_lot_no_training_no_threshold_retuning_no_lot_optimization_no_candidate_selection_no_forward_passed_no_forward_failed_no_live_readiness_no_deployment_no_operating_promotion_no_runtime_authority_no_goal_achieve
u42_bal_rf,us10yr_level_bucket,us10yr_level_high,99,-41.95,0.788622392422,-0.423737373737,0.484848484848,research_development_only_stage336O_repaired_forward_attribution_cost_stress_same_onnx_same_feature_order_same_threshold_same_risk_same_lot_no_training_no_threshold_retuning_no_lot_optimization_no_candidate_selection_no_forward_passed_no_forward_failed_no_live_readiness_no_deployment_no_operating_promotion_no_runtime_authority_no_goal_achieve
u42_bal_rf,us10yr_level_bucket,us10yr_level_mid,119,3.9,1.0134357667,0.0327731092437,0.546218487395,research_development_only_stage336O_repaired_forward_attribution_cost_stress_same_onnx_same_feature_order_same_threshold_same_risk_same_lot_no_training_no_threshold_retuning_no_lot_optimization_no_candidate_selection_no_forward_passed_no_forward_failed_no_live_readiness_no_deployment_no_operating_promotion_no_runtime_authority_no_goal_achieve
u42_bal_rf,us10yr_level_bucket,us10yr_level_low,115,42.94,1.12500727802,0.373391304348,0.495652173913,research_development_only_stage336O_repaired_forward_attribution_cost_stress_same_onnx_same_feature_order_same_threshold_same_risk_same_lot_no_training_no_threshold_retuning_no_lot_optimization_no_candidate_selection_no_forward_passed_no_forward_failed_no_live_readiness_no_deployment_no_operating_promotion_no_runtime_authority_no_goal_achieve
u42_bal_rf,us10yr_change_bucket,us10yr_change_flat,137,-118.94,0.660384900919,-0.868175182482,0.423357664234,research_development_only_stage336O_repaired_forward_attribution_cost_stress_same_onnx_same_feature_order_same_threshold_same_risk_same_lot_no_training_no_threshold_retuning_no_lot_optimization_no_candidate_selection_no_forward_passed_no_forward_failed_no_live_readiness_no_deployment_no_operating_promotion_no_runtime_authority_no_goal_achieve
u42_bal_rf,us10yr_change_bucket,us10yr_change_up,109,37.48,1.13193466629,0.343853211009,0.550458715596,research_development_only_stage336O_repaired_forward_attribution_cost_stress_same_onnx_same_feature_order_same_threshold_same_risk_same_lot_no_training_no_threshold_retuning_no_lot_optimization_no_candidate_selection_no_forward_passed_no_forward_failed_no_live_readiness_no_deployment_no_operating_promotion_no_runtime_authority_no_goal_achieve
u42_bal_rf,us10yr_change_bucket,us10yr_change_down,87,86.35,1.43626534633,0.992528735632,0.597701149425,research_development_only_stage336O_repaired_forward_attribution_cost_stress_same_onnx_same_feature_order_same_threshold_same_risk_same_lot_no_training_no_threshold_retuning_no_lot_optimization_no_candidate_selection_no_forward_passed_no_forward_failed_no_live_readiness_no_deployment_no_operating_promotion_no_runtime_authority_no_goal_achieve
u42_plain_rf,direction,sell,30,-36.52,0.711190193752,-1.21733333333,0.566666666667,research_development_only_stage336O_repaired_forward_attribution_cost_stress_same_onnx_same_feature_order_same_threshold_same_risk_same_lot_no_training_no_threshold_retuning_no_lot_optimization_no_candidate_selection_no_forward_passed_no_forward_failed_no_live_readiness_no_deployment_no_operating_promotion_no_runtime_authority_no_goal_achieve
u42_plain_rf,direction,buy,306,152.66,1.25927750132,0.498888888889,0.562091503268,research_development_only_stage336O_repaired_forward_attribution_cost_stress_same_onnx_same_feature_order_same_threshold_same_risk_same_lot_no_training_no_threshold_retuning_no_lot_optimization_no_candidate_selection_no_forward_passed_no_forward_failed_no_live_readiness_no_deployment_no_operating_promotion_no_runtime_authority_no_goal_achieve
u42_plain_rf,session_bucket,outside_cash_session,180,-40.57,0.883640222566,-0.225388888889,0.522222222222,research_development_only_stage336O_repaired_forward_attribution_cost_stress_same_onnx_same_feature_order_same_threshold_same_risk_same_lot_no_training_no_threshold_retuning_no_lot_optimization_no_candidate_selection_no_forward_passed_no_forward_failed_no_live_readiness_no_deployment_no_operating_promotion_no_runtime_authority_no_goal_achieve
u42_plain_rf,session_bucket,cash_close_30,2,-17.35,0,-8.675,0,research_development_only_stage336O_repaired_forward_attribution_cost_stress_same_onnx_same_feature_order_same_threshold_same_risk_same_lot_no_training_no_threshold_retuning_no_lot_optimization_no_candidate_selection_no_forward_passed_no_forward_failed_no_live_readiness_no_deployment_no_operating_promotion_no_runtime_authority_no_goal_achieve
u42_plain_rf,session_bucket,cash_or_overlap_unknown,84,26.76,1.14618956569,0.318571428571,0.583333333333,research_development_only_stage336O_repaired_forward_attribution_cost_stress_same_onnx_same_feature_order_same_threshold_same_risk_same_lot_no_training_no_threshold_retuning_no_lot_optimization_no_candidate_selection_no_forward_passed_no_forward_failed_no_live_readiness_no_deployment_no_operating_promotion_no_runtime_authority_no_goal_achieve
u42_plain_rf,session_bucket,cash_late,18,35.54,2.18230206254,1.97444444444,0.611111111111,research_development_only_stage336O_repaired_forward_attribution_cost_stress_same_onnx_same_feature_order_same_threshold_same_risk_same_lot_no_training_no_threshold_retuning_no_lot_optimization_no_candidate_selection_no_forward_passed_no_forward_failed_no_live_readiness_no_deployment_no_operating_promotion_no_runtime_authority_no_goal_achieve
u42_plain_rf,session_bucket,cash_mid,28,52.01,1.66594110115,1.8575,0.714285714286,research_development_only_stage336O_repaired_forward_attribution_cost_stress_same_onnx_same_feature_order_same_threshold_same_risk_same_lot_no_training_no_threshold_retuning_no_lot_optimization_no_candidate_selection_no_forward_passed_no_forward_failed_no_live_readiness_no_deployment_no_operating_promotion_no_runtime_authority_no_goal_achieve
u42_plain_rf,session_bucket,cash_open_0_30,24,59.75,2.02981730438,2.48958333333,0.625,research_development_only_stage336O_repaired_forward_attribution_cost_stress_same_onnx_same_feature_order_same_threshold_same_risk_same_lot_no_training_no_threshold_retuning_no_lot_optimization_no_candidate_selection_no_forward_passed_no_forward_failed_no_live_readiness_no_deployment_no_operating_promotion_no_runtime_authority_no_goal_achieve
u42_plain_rf,open_hour,8,30,-22.24,0.59724737414,-0.741333333333,0.466666666667,research_development_only_stage336O_repaired_forward_attribution_cost_stress_same_onnx_same_feature_order_same_threshold_same_risk_same_lot_no_training_no_threshold_retuning_no_lot_optimization_no_candidate_selection_no_forward_passed_no_forward_failed_no_live_readiness_no_deployment_no_operating_promotion_no_runtime_authority_no_goal_achieve
u42_plain_rf,open_hour,15,21,-20.25,0.712112595962,-0.964285714286,0.428571428571,research_development_only_stage336O_repaired_forward_attribution_cost_stress_same_onnx_same_feature_order_same_threshold_same_risk_same_lot_no_training_no_threshold_retuning_no_lot_optimization_no_candidate_selection_no_forward_passed_no_forward_failed_no_live_readiness_no_deployment_no_operating_promotion_no_runtime_authority_no_goal_achieve
u42_plain_rf,open_hour,23,2,-18.62,0.38810384489,-9.31,0.5,research_development_only_stage336O_repaired_forward_attribution_cost_stress_same_onnx_same_feature_order_same_threshold_same_risk_same_lot_no_training_no_threshold_retuning_no_lot_optimization_no_candidate_selection_no_forward_passed_no_forward_failed_no_live_readiness_no_deployment_no_operating_promotion_no_runtime_authority_no_goal_achieve
u42_plain_rf,open_hour,10,30,-15.49,0.780190151838,-0.516333333333,0.4,research_development_only_stage336O_repaired_forward_attribution_cost_stress_same_onnx_same_feature_order_same_threshold_same_risk_same_lot_no_training_no_threshold_retuning_no_lot_optimization_no_candidate_selection_no_forward_passed_no_forward_failed_no_live_readiness_no_deployment_no_operating_promotion_no_runtime_authority_no_goal_achieve
u42_plain_rf,open_hour,7,29,-12.12,0.735081967213,-0.417931034483,0.586206896552,research_development_only_stage336O_repaired_forward_attribution_cost_stress_same_onnx_same_feature_order_same_threshold_same_risk_same_lot_no_training_no_threshold_retuning_no_lot_optimization_no_candidate_selection_no_forward_passed_no_forward_failed_no_live_readiness_no_deployment_no_operating_promotion_no_runtime_authority_no_goal_achieve
u42_plain_rf,open_hour,21,5,-6.78,0.57625,-1.356,0.2,research_development_only_stage336O_repaired_forward_attribution_cost_stress_same_onnx_same_feature_order_same_threshold_same_risk_same_lot_no_training_no_threshold_retuning_no_lot_optimization_no_candidate_selection_no_forward_passed_no_forward_failed_no_live_readiness_no_deployment_no_operating_promotion_no_runtime_authority_no_goal_achieve
u42_plain_rf,open_hour,12,29,-3.6,0.931727669258,-0.124137931034,0.551724137931,research_development_only_stage336O_repaired_forward_attribution_cost_stress_same_onnx_same_feature_order_same_threshold_same_risk_same_lot_no_training_no_threshold_retuning_no_lot_optimization_no_candidate_selection_no_forward_passed_no_forward_failed_no_live_readiness_no_deployment_no_operating_promotion_no_runtime_authority_no_goal_achieve
u42_plain_rf,open_hour,14,29,-0.28,0.996146435453,-0.00965517241379,0.655172413793,research_development_only_stage336O_repaired_forward_attribution_cost_stress_same_onnx_same_feature_order_same_threshold_same_risk_same_lot_no_training_no_threshold_retuning_no_lot_optimization_no_candidate_selection_no_forward_passed_no_forward_failed_no_live_readiness_no_deployment_no_operating_promotion_no_runtime_authority_no_goal_achieve
u42_plain_rf,open_hour,1,1,1.14,,1.14,1,research_development_only_stage336O_repaired_forward_attribution_cost_stress_same_onnx_same_feature_order_same_threshold_same_risk_same_lot_no_training_no_threshold_retuning_no_lot_optimization_no_candidate_selection_no_forward_passed_no_forward_failed_no_live_readiness_no_deployment_no_operating_promotion_no_runtime_authority_no_goal_achieve
u42_plain_rf,open_hour,18,12,12.07,2.22289766971,1.00583333333,0.666666666667,research_development_only_stage336O_repaired_forward_attribution_cost_stress_same_onnx_same_feature_order_same_threshold_same_risk_same_lot_no_training_no_threshold_retuning_no_lot_optimization_no_candidate_selection_no_forward_passed_no_forward_failed_no_live_readiness_no_deployment_no_operating_promotion_no_runtime_authority_no_goal_achieve
u42_plain_rf,open_hour,11,29,12.34,1.32871603623,0.425517241379,0.586206896552,research_development_only_stage336O_repaired_forward_attribution_cost_stress_same_onnx_same_feature_order_same_threshold_same_risk_same_lot_no_training_no_threshold_retuning_no_lot_optimization_no_candidate_selection_no_forward_passed_no_forward_failed_no_live_readiness_no_deployment_no_operating_promotion_no_runtime_authority_no_goal_achieve
u42_plain_rf,open_hour,20,5,13.66,5.12688821752,2.732,0.8,research_development_only_stage336O_repaired_forward_attribution_cost_stress_same_onnx_same_feature_order_same_threshold_same_risk_same_lot_no_training_no_threshold_retuning_no_lot_optimization_no_candidate_selection_no_forward_passed_no_forward_failed_no_live_readiness_no_deployment_no_operating_promotion_no_runtime_authority_no_goal_achieve
u42_plain_rf,open_hour,22,6,14.3,1.8242074928,2.38333333333,0.666666666667,research_development_only_stage336O_repaired_forward_attribution_cost_stress_same_onnx_same_feature_order_same_threshold_same_risk_same_lot_no_training_no_threshold_retuning_no_lot_optimization_no_candidate_selection_no_forward_passed_no_forward_failed_no_live_readiness_no_deployment_no_operating_promotion_no_runtime_authority_no_goal_achieve
u42_plain_rf,open_hour,9,30,18.02,1.31882519462,0.600666666667,0.533333333333,research_development_only_stage336O_repaired_forward_attribution_cost_stress_same_onnx_same_feature_order_same_threshold_same_risk_same_lot_no_training_no_threshold_retuning_no_lot_optimization_no_candidate_selection_no_forward_passed_no_forward_failed_no_live_readiness_no_deployment_no_operating_promotion_no_runtime_authority_no_goal_achieve
u42_plain_rf,open_hour,17,16,21.98,1.31062747315,1.37375,0.75,research_development_only_stage336O_repaired_forward_attribution_cost_stress_same_onnx_same_feature_order_same_threshold_same_risk_same_lot_no_training_no_threshold_retuning_no_lot_optimization_no_candidate_selection_no_forward_passed_no_forward_failed_no_live_readiness_no_deployment_no_operating_promotion_no_runtime_authority_no_goal_achieve
u42_plain_rf,open_hour,19,7,27.51,3.34927412468,3.93,0.571428571429,research_development_only_stage336O_repaired_forward_attribution_cost_stress_same_onnx_same_feature_order_same_threshold_same_risk_same_lot_no_training_no_threshold_retuning_no_lot_optimization_no_candidate_selection_no_forward_passed_no_forward_failed_no_live_readiness_no_deployment_no_operating_promotion_no_runtime_authority_no_goal_achieve
u42_plain_rf,open_hour,13,30,29.58,1.73857677903,0.986,0.566666666667,research_development_only_stage336O_repaired_forward_attribution_cost_stress_same_onnx_same_feature_order_same_threshold_same_risk_same_lot_no_training_no_threshold_retuning_no_lot_optimization_no_candidate_selection_no_forward_passed_no_forward_failed_no_live_readiness_no_deployment_no_operating_promotion_no_runtime_authority_no_goal_achieve
u42_plain_rf,open_hour,16,25,64.92,2.19053731891,2.5968,0.68,research_development_only_stage336O_repaired_forward_attribution_cost_stress_same_onnx_same_feature_order_same_threshold_same_risk_same_lot_no_training_no_threshold_retuning_no_lot_optimization_no_candidate_selection_no_forward_passed_no_forward_failed_no_live_readiness_no_deployment_no_operating_promotion_no_runtime_authority_no_goal_achieve
u42_plain_rf,close_month,2026-04,137,8.48,1.03129382242,0.061897810219,0.547445255474,research_development_only_stage336O_repaired_forward_attribution_cost_stress_same_onnx_same_feature_order_same_threshold_same_risk_same_lot_no_training_no_threshold_retuning_no_lot_optimization_no_candidate_selection_no_forward_passed_no_forward_failed_no_live_readiness_no_deployment_no_operating_promotion_no_runtime_authority_no_goal_achieve
u42_plain_rf,close_month,2026-05,199,107.66,1.24233556926,0.541005025126,0.572864321608,research_development_only_stage336O_repaired_forward_attribution_cost_stress_same_onnx_same_feature_order_same_threshold_same_risk_same_lot_no_training_no_threshold_retuning_no_lot_optimization_no_candidate_selection_no_forward_passed_no_forward_failed_no_live_readiness_no_deployment_no_operating_promotion_no_runtime_authority_no_goal_achieve
u42_plain_rf,weekday,Mon,68,-93.99,0.549100503718,-1.38220588235,0.485294117647,research_development_only_stage336O_repaired_forward_attribution_cost_stress_same_onnx_same_feature_order_same_threshold_same_risk_same_lot_no_training_no_threshold_retuning_no_lot_optimization_no_candidate_selection_no_forward_passed_no_forward_failed_no_live_readiness_no_deployment_no_operating_promotion_no_runtime_authority_no_goal_achieve
u42_plain_rf,weekday,Tue,69,-18.91,0.884193765693,-0.274057971014,0.536231884058,research_development_only_stage336O_repaired_forward_attribution_cost_stress_same_onnx_same_feature_order_same_threshold_same_risk_same_lot_no_training_no_threshold_retuning_no_lot_optimization_no_candidate_selection_no_forward_passed_no_forward_failed_no_live_readiness_no_deployment_no_operating_promotion_no_runtime_authority_no_goal_achieve
u42_plain_rf,weekday,Thu,70,52.58,1.41859724544,0.751142857143,0.542857142857,research_development_only_stage336O_repaired_forward_attribution_cost_stress_same_onnx_same_feature_order_same_threshold_same_risk_same_lot_no_training_no_threshold_retuning_no_lot_optimization_no_candidate_selection_no_forward_passed_no_forward_failed_no_live_readiness_no_deployment_no_operating_promotion_no_runtime_authority_no_goal_achieve
u42_plain_rf,weekday,Wed,64,69.16,1.60045146727,1.080625,0.609375,research_development_only_stage336O_repaired_forward_attribution_cost_stress_same_onnx_same_feature_order_same_threshold_same_risk_same_lot_no_training_no_threshold_retuning_no_lot_optimization_no_candidate_selection_no_forward_passed_no_forward_failed_no_live_readiness_no_deployment_no_operating_promotion_no_runtime_authority_no_goal_achieve
u42_plain_rf,weekday,Fri,65,107.3,2.04468893,1.65076923077,0.646153846154,research_development_only_stage336O_repaired_forward_attribution_cost_stress_same_onnx_same_feature_order_same_threshold_same_risk_same_lot_no_training_no_threshold_retuning_no_lot_optimization_no_candidate_selection_no_forward_passed_no_forward_failed_no_live_readiness_no_deployment_no_operating_promotion_no_runtime_authority_no_goal_achieve
u42_plain_rf,volatility_bucket,histvol20_unknown,2,-8.12,0,-4.06,0,research_development_only_stage336O_repaired_forward_attribution_cost_stress_same_onnx_same_feature_order_same_threshold_same_risk_same_lot_no_training_no_threshold_retuning_no_lot_optimization_no_candidate_selection_no_forward_passed_no_forward_failed_no_live_readiness_no_deployment_no_operating_promotion_no_runtime_authority_no_goal_achieve
u42_plain_rf,volatility_bucket,histvol20_high,334,124.26,1.17572689218,0.372035928144,0.565868263473,research_development_only_stage336O_repaired_forward_attribution_cost_stress_same_onnx_same_feature_order_same_threshold_same_risk_same_lot_no_training_no_threshold_retuning_no_lot_optimization_no_candidate_selection_no_forward_passed_no_forward_failed_no_live_readiness_no_deployment_no_operating_promotion_no_runtime_authority_no_goal_achieve
u42_plain_rf,adx_bucket,adx_20_25,87,-14.02,0.928139415684,-0.161149425287,0.551724137931,research_development_only_stage336O_repaired_forward_attribution_cost_stress_same_onnx_same_feature_order_same_threshold_same_risk_same_lot_no_training_no_threshold_retuning_no_lot_optimization_no_candidate_selection_no_forward_passed_no_forward_failed_no_live_readiness_no_deployment_no_operating_promotion_no_runtime_authority_no_goal_achieve
u42_plain_rf,adx_bucket,adx_unknown,2,-8.12,0,-4.06,0,research_development_only_stage336O_repaired_forward_attribution_cost_stress_same_onnx_same_feature_order_same_threshold_same_risk_same_lot_no_training_no_threshold_retuning_no_lot_optimization_no_candidate_selection_no_forward_passed_no_forward_failed_no_live_readiness_no_deployment_no_operating_promotion_no_runtime_authority_no_goal_achieve
u42_plain_rf,adx_bucket,adx_ge30,90,13.64,1.06164414516,0.151555555556,0.555555555556,research_development_only_stage336O_repaired_forward_attribution_cost_stress_same_onnx_same_feature_order_same_threshold_same_risk_same_lot_no_training_no_threshold_retuning_no_lot_optimization_no_candidate_selection_no_forward_passed_no_forward_failed_no_live_readiness_no_deployment_no_operating_promotion_no_runtime_authority_no_goal_achieve
u42_plain_rf,adx_bucket,adx_15_20,72,20.51,1.12993348115,0.284861111111,0.569444444444,research_development_only_stage336O_repaired_forward_attribution_cost_stress_same_onnx_same_feature_order_same_threshold_same_risk_same_lot_no_training_no_threshold_retuning_no_lot_optimization_no_candidate_selection_no_forward_passed_no_forward_failed_no_live_readiness_no_deployment_no_operating_promotion_no_runtime_authority_no_goal_achieve
u42_plain_rf,adx_bucket,adx_lt15,35,43.93,1.81276595745,1.25514285714,0.571428571429,research_development_only_stage336O_repaired_forward_attribution_cost_stress_same_onnx_same_feature_order_same_threshold_same_risk_same_lot_no_training_no_threshold_retuning_no_lot_optimization_no_candidate_selection_no_forward_passed_no_forward_failed_no_live_readiness_no_deployment_no_operating_promotion_no_runtime_authority_no_goal_achieve
u42_plain_rf,adx_bucket,adx_25_30,50,60.2,1.76347495244,1.204,0.6,research_development_only_stage336O_repaired_forward_attribution_cost_stress_same_onnx_same_feature_order_same_threshold_same_risk_same_lot_no_training_no_threshold_retuning_no_lot_optimization_no_candidate_selection_no_forward_passed_no_forward_failed_no_live_readiness_no_deployment_no_operating_promotion_no_runtime_authority_no_goal_achieve
u42_plain_rf,di_spread_sign,di_flat_or_missing,2,-8.12,0,-4.06,0,research_development_only_stage336O_repaired_forward_attribution_cost_stress_same_onnx_same_feature_order_same_threshold_same_risk_same_lot_no_training_no_threshold_retuning_no_lot_optimization_no_candidate_selection_no_forward_passed_no_forward_failed_no_live_readiness_no_deployment_no_operating_promotion_no_runtime_authority_no_goal_achieve
u42_plain_rf,di_spread_sign,di_positive,159,44.24,1.12984649702,0.278238993711,0.559748427673,research_development_only_stage336O_repaired_forward_attribution_cost_stress_same_onnx_same_feature_order_same_threshold_same_risk_same_lot_no_training_no_threshold_retuning_no_lot_optimization_no_candidate_selection_no_forward_passed_no_forward_failed_no_live_readiness_no_deployment_no_operating_promotion_no_runtime_authority_no_goal_achieve
u42_plain_rf,di_spread_sign,di_negative,175,80.02,1.2183892361,0.457257142857,0.571428571429,research_development_only_stage336O_repaired_forward_attribution_cost_stress_same_onnx_same_feature_order_same_threshold_same_risk_same_lot_no_training_no_threshold_retuning_no_lot_optimization_no_candidate_selection_no_forward_passed_no_forward_failed_no_live_readiness_no_deployment_no_operating_promotion_no_runtime_authority_no_goal_achieve
u42_plain_rf,vix_level_bucket,vix_level_mid,119,-22.32,0.932414837245,-0.18756302521,0.529411764706,research_development_only_stage336O_repaired_forward_attribution_cost_stress_same_onnx_same_feature_order_same_threshold_same_risk_same_lot_no_training_no_threshold_retuning_no_lot_optimization_no_candidate_selection_no_forward_passed_no_forward_failed_no_live_readiness_no_deployment_no_operating_promotion_no_runtime_authority_no_goal_achieve
u42_plain_rf,vix_level_bucket,vix_level_high,116,8.06,1.03227485685,0.0694827586207,0.560344827586,research_development_only_stage336O_repaired_forward_attribution_cost_stress_same_onnx_same_feature_order_same_threshold_same_risk_same_lot_no_training_no_threshold_retuning_no_lot_optimization_no_candidate_selection_no_forward_passed_no_forward_failed_no_live_readiness_no_deployment_no_operating_promotion_no_runtime_authority_no_goal_achieve
u42_plain_rf,vix_level_bucket,vix_level_low,101,130.4,1.96406920006,1.29108910891,0.60396039604,research_development_only_stage336O_repaired_forward_attribution_cost_stress_same_onnx_same_feature_order_same_threshold_same_risk_same_lot_no_training_no_threshold_retuning_no_lot_optimization_no_candidate_selection_no_forward_passed_no_forward_failed_no_live_readiness_no_deployment_no_operating_promotion_no_runtime_authority_no_goal_achieve
u42_plain_rf,vix_change_bucket,vix_change_down,113,-40.96,0.861378096656,-0.362477876106,0.513274336283,research_development_only_stage336O_repaired_forward_attribution_cost_stress_same_onnx_same_feature_order_same_threshold_same_risk_same_lot_no_training_no_threshold_retuning_no_lot_optimization_no_candidate_selection_no_forward_passed_no_forward_failed_no_live_readiness_no_deployment_no_operating_promotion_no_runtime_authority_no_goal_achieve
u42_plain_rf,vix_change_bucket,vix_change_up,99,21.63,1.091104372,0.218484848485,0.515151515152,research_development_only_stage336O_repaired_forward_attribution_cost_stress_same_onnx_same_feature_order_same_threshold_same_risk_same_lot_no_training_no_threshold_retuning_no_lot_optimization_no_candidate_selection_no_forward_passed_no_forward_failed_no_live_readiness_no_deployment_no_operating_promotion_no_runtime_authority_no_goal_achieve
u42_plain_rf,vix_change_bucket,vix_change_flat,124,135.47,1.74295272568,1.0925,0.645161290323,research_development_only_stage336O_repaired_forward_attribution_cost_stress_same_onnx_same_feature_order_same_threshold_same_risk_same_lot_no_training_no_threshold_retuning_no_lot_optimization_no_candidate_selection_no_forward_passed_no_forward_failed_no_live_readiness_no_deployment_no_operating_promotion_no_runtime_authority_no_goal_achieve
u42_plain_rf,usdx_level_bucket,usdx_level_high,116,-9.11,0.975646920445,-0.0785344827586,0.51724137931,research_development_only_stage336O_repaired_forward_attribution_cost_stress_same_onnx_same_feature_order_same_threshold_same_risk_same_lot_no_training_no_threshold_retuning_no_lot_optimization_no_candidate_selection_no_forward_passed_no_forward_failed_no_live_readiness_no_deployment_no_operating_promotion_no_runtime_authority_no_goal_achieve
u42_plain_rf,usdx_level_bucket,usdx_level_low,102,58.05,1.41378572956,0.569117647059,0.549019607843,research_development_only_stage336O_repaired_forward_attribution_cost_stress_same_onnx_same_feature_order_same_threshold_same_risk_same_lot_no_training_no_threshold_retuning_no_lot_optimization_no_candidate_selection_no_forward_passed_no_forward_failed_no_live_readiness_no_deployment_no_operating_promotion_no_runtime_authority_no_goal_achieve
u42_plain_rf,usdx_level_bucket,usdx_level_mid,118,67.2,1.33454473042,0.569491525424,0.618644067797,research_development_only_stage336O_repaired_forward_attribution_cost_stress_same_onnx_same_feature_order_same_threshold_same_risk_same_lot_no_training_no_threshold_retuning_no_lot_optimization_no_candidate_selection_no_forward_passed_no_forward_failed_no_live_readiness_no_deployment_no_operating_promotion_no_runtime_authority_no_goal_achieve
u42_plain_rf,usdx_change_bucket,usdx_change_flat,20,-46.73,0.364736269712,-2.3365,0.4,research_development_only_stage336O_repaired_forward_attribution_cost_stress_same_onnx_same_feature_order_same_threshold_same_risk_same_lot_no_training_no_threshold_retuning_no_lot_optimization_no_candidate_selection_no_forward_passed_no_forward_failed_no_live_readiness_no_deployment_no_operating_promotion_no_runtime_authority_no_goal_achieve
u42_plain_rf,usdx_change_bucket,usdx_change_down,145,7.34,1.02294682215,0.0506206896552,0.558620689655,research_development_only_stage336O_repaired_forward_attribution_cost_stress_same_onnx_same_feature_order_same_threshold_same_risk_same_lot_no_training_no_threshold_retuning_no_lot_optimization_no_candidate_selection_no_forward_passed_no_forward_failed_no_live_readiness_no_deployment_no_operating_promotion_no_runtime_authority_no_goal_achieve
u42_plain_rf,usdx_change_bucket,usdx_change_up,171,155.53,1.48329759796,0.909532163743,0.584795321637,research_development_only_stage336O_repaired_forward_attribution_cost_stress_same_onnx_same_feature_order_same_threshold_same_risk_same_lot_no_training_no_threshold_retuning_no_lot_optimization_no_candidate_selection_no_forward_passed_no_forward_failed_no_live_readiness_no_deployment_no_operating_promotion_no_runtime_authority_no_goal_achieve
u42_plain_rf,us10yr_level_bucket,us10yr_level_low,114,-12.27,0.964026034948,-0.107631578947,0.517543859649,research_development_only_stage336O_repaired_forward_attribution_cost_stress_same_onnx_same_feature_order_same_threshold_same_risk_same_lot_no_training_no_threshold_retuning_no_lot_optimization_no_candidate_selection_no_forward_passed_no_forward_failed_no_live_readiness_no_deployment_no_operating_promotion_no_runtime_authority_no_goal_achieve
u42_plain_rf,us10yr_level_bucket,us10yr_level_high,101,52.25,1.39730818949,0.517326732673,0.554455445545,research_development_only_stage336O_repaired_forward_attribution_cost_stress_same_onnx_same_feature_order_same_threshold_same_risk_same_lot_no_training_no_threshold_retuning_no_lot_optimization_no_candidate_selection_no_forward_passed_no_forward_failed_no_live_readiness_no_deployment_no_operating_promotion_no_runtime_authority_no_goal_achieve
u42_plain_rf,us10yr_level_bucket,us10yr_level_mid,121,76.16,1.31386771069,0.629421487603,0.611570247934,research_development_only_stage336O_repaired_forward_attribution_cost_stress_same_onnx_same_feature_order_same_threshold_same_risk_same_lot_no_training_no_threshold_retuning_no_lot_optimization_no_candidate_selection_no_forward_passed_no_forward_failed_no_live_readiness_no_deployment_no_operating_promotion_no_runtime_authority_no_goal_achieve
u42_plain_rf,us10yr_change_bucket,us10yr_change_up,105,-45.08,0.835348259615,-0.429333333333,0.580952380952,research_development_only_stage336O_repaired_forward_attribution_cost_stress_same_onnx_same_feature_order_same_threshold_same_risk_same_lot_no_training_no_threshold_retuning_no_lot_optimization_no_candidate_selection_no_forward_passed_no_forward_failed_no_live_readiness_no_deployment_no_operating_promotion_no_runtime_authority_no_goal_achieve
u42_plain_rf,us10yr_change_bucket,us10yr_change_flat,136,34.89,1.12947157488,0.256544117647,0.514705882353,research_development_only_stage336O_repaired_forward_attribution_cost_stress_same_onnx_same_feature_order_same_threshold_same_risk_same_lot_no_training_no_threshold_retuning_no_lot_optimization_no_candidate_selection_no_forward_passed_no_forward_failed_no_live_readiness_no_deployment_no_operating_promotion_no_runtime_authority_no_goal_achieve
u42_plain_rf,us10yr_change_bucket,us10yr_change_down,95,126.33,1.73460487294,1.32978947368,0.610526315789,research_development_only_stage336O_repaired_forward_attribution_cost_stress_same_onnx_same_feature_order_same_threshold_same_risk_same_lot_no_training_no_threshold_retuning_no_lot_optimization_no_candidate_selection_no_forward_passed_no_forward_failed_no_live_readiness_no_deployment_no_operating_promotion_no_runtime_authority_no_goal_achieve
