{
  "run_id": "run03A_extratrees_fwd18_inverse_context_scout_v1",
  "stage_id": "12_model_family_challenge__extratrees_training_effect",
  "status": "completed_payload",
  "judgment": "inconclusive_extratrees_structural_scout_payload",
  "selected_threshold_id": "a_tier_a_rankq0.960_short0.431_long0.398_margin0.120__b_tier_b_rankq0.960_short0.351_long0.394_margin0.080__hold9__slice_mid_second_overlap_200_220__model_extratrees_rank_target_inverse__ctx_di_spread_abs_lte8_adx_lte25",
  "model_family": "sklearn_extratreesclassifier_multiclass",
  "model_metrics": {
    "tier_a": {
      "train": {
        "rows": 26613,
        "accuracy": 0.5204223499793335,
        "balanced_accuracy": 0.525598269498427,
        "macro_f1": 0.5188817346945046,
        "log_loss": 1.0368420276190695,
        "predicted_class_distribution": {
          "short": 9415,
          "flat": 10982,
          "long": 6216
        },
        "true_class_distribution": {
          "short": 8171,
          "flat": 8782,
          "long": 9660
        },
        "mean_probability": {
          "p_short": 0.3325227051831767,
          "p_flat": 0.33334504530536424,
          "p_long": 0.3341322495114593
        }
      },
      "validation": {
        "rows": 9014,
        "accuracy": 0.44142445085422677,
        "balanced_accuracy": 0.43421747042577313,
        "macro_f1": 0.4300686111949923,
        "log_loss": 1.057102222845719,
        "predicted_class_distribution": {
          "short": 3131,
          "flat": 3570,
          "long": 2313
        },
        "true_class_distribution": {
          "short": 2687,
          "flat": 3340,
          "long": 2987
        },
        "mean_probability": {
          "p_short": 0.3357394821021124,
          "p_flat": 0.325047486525831,
          "p_long": 0.33921303137205683
        }
      },
      "oos": {
        "rows": 6940,
        "accuracy": 0.4597982708933718,
        "balanced_accuracy": 0.45502533600308565,
        "macro_f1": 0.4548831160530626,
        "log_loss": 1.0586846602460342,
        "predicted_class_distribution": {
          "short": 2486,
          "flat": 2292,
          "long": 2162
        },
        "true_class_distribution": {
          "short": 2033,
          "flat": 2766,
          "long": 2141
        },
        "mean_probability": {
          "p_short": 0.3383276245320062,
          "p_flat": 0.3181704869822832,
          "p_long": 0.3435018884857108
        }
      }
    },
    "tier_b": {
      "train": {
        "rows": 34720,
        "accuracy": 0.5332661290322581,
        "balanced_accuracy": 0.5357003851909282,
        "macro_f1": 0.5309820158565003,
        "log_loss": 1.0252140962672904,
        "predicted_class_distribution": {
          "short": 12424,
          "flat": 14208,
          "long": 8088
        },
        "true_class_distribution": {
          "short": 10279,
          "flat": 12311,
          "long": 12130
        },
        "mean_probability": {
          "p_short": 0.33160004377318486,
          "p_flat": 0.33475617494708193,
          "p_long": 0.3336437812797384
        }
      },
      "validation": {
        "rows": 11100,
        "accuracy": 0.4727927927927928,
        "balanced_accuracy": 0.4548215901883652,
        "macro_f1": 0.4506878234451533,
        "log_loss": 1.0429744196161908,
        "predicted_class_distribution": {
          "short": 3844,
          "flat": 4646,
          "long": 2610
        },
        "true_class_distribution": {
          "short": 3095,
          "flat": 4569,
          "long": 3436
        },
        "mean_probability": {
          "p_short": 0.33338963714337094,
          "p_flat": 0.3300039047728421,
          "p_long": 0.3366064580837921
        }
      },
      "oos": {
        "rows": 7860,
        "accuracy": 0.45572519083969465,
        "balanced_accuracy": 0.45339092967933475,
        "macro_f1": 0.4512003614589483,
        "log_loss": 1.0551114990289097,
        "predicted_class_distribution": {
          "short": 3007,
          "flat": 2446,
          "long": 2407
        },
        "true_class_distribution": {
          "short": 2254,
          "flat": 3238,
          "long": 2368
        },
        "mean_probability": {
          "p_short": 0.34344561125760603,
          "p_flat": 0.31039143413669484,
          "p_long": 0.346162954605704
        }
      }
    }
  },
  "tier_records": {
    "tier_a_separate": {
      "tier_scope": "Tier A",
      "metrics": {
        "rows": 1020,
        "signal_count": 1,
        "short_count": 0,
        "long_count": 1,
        "signal_coverage": 0.000980392156862745,
        "directional_hit_rate": 0.0,
        "directional_correct_count": 0,
        "by_split": {
          "oos": {
            "rows": 160,
            "signal_count": 0,
            "short_count": 0,
            "long_count": 0,
            "signal_coverage": 0.0,
            "directional_hit_rate": null,
            "directional_correct_count": 0
          },
          "train": {
            "rows": 649,
            "signal_count": 1,
            "short_count": 0,
            "long_count": 1,
            "signal_coverage": 0.0015408320493066256,
            "directional_hit_rate": 0.0,
            "directional_correct_count": 0
          },
          "validation": {
            "rows": 211,
            "signal_count": 0,
            "short_count": 0,
            "long_count": 0,
            "signal_coverage": 0.0,
            "directional_hit_rate": null,
            "directional_correct_count": 0
          }
        },
        "probability_row_sum_max_abs_error": 2.4424906541753444e-15,
        "mean_probability": {
          "p_short": 0.31082994343444525,
          "p_flat": 0.37991419558500705,
          "p_long": 0.3092558609805484
        },
        "partial_context_subtype_counts": {
          "Tier_A_full_context": 1020
        }
      }
    },
    "tier_b_separate": {
      "tier_scope": "Tier B",
      "metrics": {
        "rows": 273,
        "signal_count": 1,
        "short_count": 0,
        "long_count": 1,
        "signal_coverage": 0.003663003663003663,
        "directional_hit_rate": 0.0,
        "directional_correct_count": 0,
        "by_split": {
          "oos": {
            "rows": 28,
            "signal_count": 1,
            "short_count": 0,
            "long_count": 1,
            "signal_coverage": 0.03571428571428571,
            "directional_hit_rate": 0.0,
            "directional_correct_count": 0
          },
          "train": {
            "rows": 175,
            "signal_count": 0,
            "short_count": 0,
            "long_count": 0,
            "signal_coverage": 0.0,
            "directional_hit_rate": null,
            "directional_correct_count": 0
          },
          "validation": {
            "rows": 70,
            "signal_count": 0,
            "short_count": 0,
            "long_count": 0,
            "signal_coverage": 0.0,
            "directional_hit_rate": null,
            "directional_correct_count": 0
          }
        },
        "probability_row_sum_max_abs_error": 7.549516567451064e-15,
        "mean_probability": {
          "p_short": 0.28459764828324785,
          "p_flat": 0.42960918881041554,
          "p_long": 0.2857931629063428
        },
        "partial_context_subtype_counts": {
          "B_macro_missing": 266,
          "B_full_context_outside_tier_a_scope": 7
        }
      }
    },
    "tier_ab_combined": {
      "tier_scope": "Tier A+B",
      "metrics": {
        "rows": 1293,
        "signal_count": 2,
        "short_count": 0,
        "long_count": 2,
        "signal_coverage": 0.0015467904098994587,
        "directional_hit_rate": 0.0,
        "directional_correct_count": 0,
        "by_split": {
          "oos": {
            "rows": 188,
            "signal_count": 1,
            "short_count": 0,
            "long_count": 1,
            "signal_coverage": 0.005319148936170213,
            "directional_hit_rate": 0.0,