run_id,candidate_id,family_id,seed_source,hours,p_short_floor,margin_floor,selection_mode,intent,net_profit,profit_factor,expectancy,trade_count,trade_density_per_business_day,closed_drawdown_amount,closed_drawdown_percent,recovery_factor,long_trade_count,short_trade_count,short_share,win_rate_percent,synthetic_short_net_profit,synthetic_short_profit_factor,synthetic_short_trade_count,synthetic_short_expectancy,synthetic_short_win_rate_percent,synthetic_added_short_count,displaced_parent_trade_count,displaced_parent_net_profit,synthetic_overlap_count,quarter_bad_count,month_bad_count,min_quarter_net,min_month_net,min_month_profit_factor,feature_boundary,claim_boundary,candidate_status,core_pass,package_like_proxy_row,selection_score
run364BQ_train_broad_clean_short_share_lift_scout_without_db_v1,bq04_h19_bridge_short_share_lift__h17_19_20__ps4375__m0750__chronological_no_overlap,bq04_h19_bridge_short_share_lift,bo90_plus_h19_session_bridge,17|19|20,0.4375,0.075,chronological_no_overlap,test h19 bridge for short-share lift(19시 브리지로 숏비중 상승 시험),1047.85,1.4129932946,1.0193064202,1028,3.0870870871,67.67,12.1332564702,15.4846608541,903,125,0.1215953307,53.1128404669,33.15,1.2349834469,47,0.7052553191,46.8085106383,47,25,-55.06,0,0,1,23.29,-2.4,0.9849854547,"entry_hour, p_short, short_margin_vs_long only; no exact month, no outcome-priority, no top_n(진입시점 시간, p_short, 숏-롱 마진만 사용, 정확 월/결과값 우선순위/top_n 없음)",research_development_proxy_scout_only_rule_surface_no_new_model_artifact_no_new_mt5_execution_no_forward_pass_no_live_readiness_no_operating_promotion_no_runtime_authority_no_goal_claim,"proxy_review_candidate_stress_watch_no_package(프록시 검토 후보, 스트레스 관찰, 패키지 아님)",True,False,221.2499394115
run364BQ_train_broad_clean_short_share_lift_scout_without_db_v1,bq04_h19_bridge_short_share_lift__h17_19_20__ps4375__m0750__raw,bq04_h19_bridge_short_share_lift,bo90_plus_h19_session_bridge,17|19|20,0.4375,0.075,raw,test h19 bridge for short-share lift(19시 브리지로 숏비중 상승 시험),1047.85,1.4129932946,1.0193064202,1028,3.0870870871,67.67,12.1332564702,15.4846608541,903,125,0.1215953307,53.1128404669,33.15,1.2349834469,47,0.7052553191,46.8085106383,47,25,-55.06,0,0,1,23.29,-2.4,0.9849854547,"entry_hour, p_short, short_margin_vs_long only; no exact month, no outcome-priority, no top_n(진입시점 시간, p_short, 숏-롱 마진만 사용, 정확 월/결과값 우선순위/top_n 없음)",research_development_proxy_scout_only_rule_surface_no_new_model_artifact_no_new_mt5_execution_no_forward_pass_no_live_readiness_no_operating_promotion_no_runtime_authority_no_goal_claim,"proxy_review_candidate_stress_watch_no_package(프록시 검토 후보, 스트레스 관찰, 패키지 아님)",True,False,218.2499394115
run364BQ_train_broad_clean_short_share_lift_scout_without_db_v1,bq04_h19_bridge_short_share_lift__h17_19_20__ps4325__m0750__chronological_no_overlap,bq04_h19_bridge_short_share_lift,bo90_plus_h19_session_bridge,17|19|20,0.4325,0.075,chronological_no_overlap,test h19 bridge for short-share lift(19시 브리지로 숏비중 상승 시험),1042.48,1.4087291319,1.0121165049,1030,3.0930930931,67.67,12.1332564702,15.4053494902,903,127,0.1233009709,53.2038834951,26.3,1.1687195278,50,0.526,48.0,50,26,-56.54,0,0,1,23.29,-2.4,0.9849854547,"entry_hour, p_short, short_margin_vs_long only; no exact month, no outcome-priority, no top_n(진입시점 시간, p_short, 숏-롱 마진만 사용, 정확 월/결과값 우선순위/top_n 없음)",research_development_proxy_scout_only_rule_surface_no_new_model_artifact_no_new_mt5_execution_no_forward_pass_no_live_readiness_no_operating_promotion_no_runtime_authority_no_goal_claim,"proxy_review_candidate_stress_watch_no_package(프록시 검토 후보, 스트레스 관찰, 패키지 아님)",True,False,212.977142636
run364BQ_train_broad_clean_short_share_lift_scout_without_db_v1,bq04_h19_bridge_short_share_lift__h17_19_20__ps4350__m0750__chronological_no_overlap,bq04_h19_bridge_short_share_lift,bo90_plus_h19_session_bridge,17|19|20,0.435,0.075,chronological_no_overlap,test h19 bridge for short-share lift(19시 브리지로 숏비중 상승 시험),1042.48,1.4087291319,1.0121165049,1030,3.0930930931,67.67,12.1332564702,15.4053494902,903,127,0.1233009709,53.2038834951,26.3,1.1687195278,50,0.526,48.0,50,26,-56.54,0,0,1,23.29,-2.4,0.9849854547,"entry_hour, p_short, short_margin_vs_long only; no exact month, no outcome-priority, no top_n(진입시점 시간, p_short, 숏-롱 마진만 사용, 정확 월/결과값 우선순위/top_n 없음)",research_development_proxy_scout_only_rule_surface_no_new_model_artifact_no_new_mt5_execution_no_forward_pass_no_live_readiness_no_operating_promotion_no_runtime_authority_no_goal_claim,"proxy_review_candidate_stress_watch_no_package(프록시 검토 후보, 스트레스 관찰, 패키지 아님)",True,False,212.977142636
run364BQ_train_broad_clean_short_share_lift_scout_without_db_v1,bq06_h16_h19_bridge_overlap_guard__h16_17_19_20__ps4425__m0800__chronological_no_overlap,bq06_h16_h19_bridge_overlap_guard,bo91_plus_h19_overlap_guard,16|17|19|20,0.4425,0.08,chronological_no_overlap,combine h16 and h19 lift without synthetic overlap(16/19시 상승을 합성 겹침 없이 결합),1046.61,1.4082685494,1.0171088435,1029,3.0900900901,67.67,12.4837930252,15.4663070785,904,125,0.1214771623,52.8668610301,44.95,1.2912058364,46,0.9770652174,43.4782608696,46,23,-42.02,0,0,2,21.89,-4.05,0.9660914877,"entry_hour, p_short, short_margin_vs_long only; no exact month, no outcome-priority, no top_n(진입시점 시간, p_short, 숏-롱 마진만 사용, 정확 월/결과값 우선순위/top_n 없음)",research_development_proxy_scout_only_rule_surface_no_new_model_artifact_no_new_mt5_execution_no_forward_pass_no_live_readiness_no_operating_promotion_no_runtime_authority_no_goal_claim,"proxy_review_candidate_stress_watch_no_package(프록시 검토 후보, 스트레스 관찰, 패키지 아님)",True,False,175.290641042
run364BQ_train_broad_clean_short_share_lift_scout_without_db_v1,bq05_extreme_multi_hour_overlap_guard__h16_17_18_20__ps4425__m0800__chronological_no_overlap,bq05_extreme_multi_hour_overlap_guard,bo91_extreme_overlap_guard,16|17|18|20,0.4425,0.08,chronological_no_overlap,extreme broad hours with chronological guard(시간순 가드가 있는 극단 넓은 시간),1032.58,1.4008634712,1.0015295829,1031,3.0960960961,70.55,10.0700814863,14.6361020553,904,127,0.1231813773,52.861299709,50.63,1.3484740023,44,1.1506136364,45.4545454545,44,19,-22.31,0,0,2,21.89,-11.01,0.9346412989,"entry_hour, p_short, short_margin_vs_long only; no exact month, no outcome-priority, no top_n(진입시점 시간, p_short, 숏-롱 마진만 사용, 정확 월/결과값 우선순위/top_n 없음)",research_development_proxy_scout_only_rule_surface_no_new_model_artifact_no_new_mt5_execution_no_forward_pass_no_live_readiness_no_operating_promotion_no_runtime_authority_no_goal_claim,"proxy_review_candidate_stress_watch_no_package(프록시 검토 후보, 스트레스 관찰, 패키지 아님)",True,False,174.9822478445
run364BQ_train_broad_clean_short_share_lift_scout_without_db_v1,bq06_h16_h19_bridge_overlap_guard__h16_17_19_20__ps4400__m0800__chronological_no_overlap,bq06_h16_h19_bridge_overlap_guard,bo91_plus_h19_overlap_guard,16|17|19|20,0.44,0.08,chronological_no_overlap,combine h16 and h19 lift without synthetic overlap(16/19시 상승을 합성 겹침 없이 결합),1037.34,1.4014966232,1.0042013553,1033,3.1021021021,67.67,12.4837930252,15.3293926408,904,129,0.1248789932,52.8557599226,32.98,1.1861142306,51,0.6466666667,43.137254902,51,24,-44.72,0,0,2,21.89,-4.05,0.9660914877,"entry_hour, p_short, short_margin_vs_long only; no exact month, no outcome-priority, no top_n(진입시점 시간, p_short, 숏-롱 마진만 사용, 정확 월/결과값 우선순위/top_n 없음)",research_development_proxy_scout_only_rule_surface_no_new_model_artifact_no_new_mt5_execution_no_forward_pass_no_live_readiness_no_operating_promotion_no_runtime_authority_no_goal_claim,"proxy_review_candidate_stress_watch_no_package(프록시 검토 후보, 스트레스 관찰, 패키지 아님)",True,False,162.123748547
run364BQ_train_broad_clean_short_share_lift_scout_without_db_v1,bq06_h16_h19_bridge_overlap_guard__h16_17_19_20__ps4425__m0750__chronological_no_overlap,bq06_h16_h19_bridge_overlap_guard,bo91_plus_h19_overlap_guard,16|17|19|20,0.4425,0.075,chronological_no_overlap,combine h16 and h19 lift without synthetic overlap(16/19시 상승을 합성 겹침 없이 결합),1035.27,1.3975129379,0.9992915058,1036,3.1111111111,67.67,12.4837930252,15.2987439042,904,132,0.1274131274,52.7027027027,33.61,1.1721812909,53,0.6340754717,41.5094339623,53,23,-42.02,0,0,2,21.89,-4.05,0.9660914877,"entry_hour, p_short, short_margin_vs_long only; no exact month, no outcome-priority, no top_n(진입시점 시간, p_short, 숏-롱 마진만 사용, 정확 월/결과값 우선순위/top_n 없음)",research_development_proxy_scout_only_rule_surface_no_new_model_artifact_no_new_mt5_execution_no_forward_pass_no_live_readiness_no_operating_promotion_no_runtime_authority_no_goal_claim,"proxy_review_candidate_stress_watch_no_package(프록시 검토 후보, 스트레스 관찰, 패키지 아님)",True,False,160.0810939605
run364BQ_train_broad_clean_short_share_lift_scout_without_db_v1,bq06_h16_h19_bridge_overlap_guard__h16_17_19_20__ps4450__m0750__chronological_no_overlap,bq06_h16_h19_bridge_overlap_guard,bo91_plus_h19_overlap_guard,16|17|19|20,0.445,0.075,chronological_no_overlap,combine h16 and h19 lift without synthetic overlap(16/19시 상승을 합성 겹침 없이 결합),1028.63,1.3959968678,0.995767667,1033,3.1021021021,67.67,12.4837930252,15.2006502143,904,129,0.1248789932,52.7589545015,34.75,1.1923967089,49,0.7091428571,42.8571428571,49,22,-34.24,0,0,2,22.84,-4.05,0.9660914877,"entry_hour, p_short, short_margin_vs_long only; no exact month, no outcome-priority, no top_n(진입시점 시간, p_short, 숏-롱 마진만 사용, 정확 월/결과값 우선순위/top_n 없음)",research_development_proxy_scout_only_rule_surface_no_new_model_artifact_no_new_mt5_execution_no_forward_pass_no_live_readiness_no_operating_promotion_no_runtime_authority_no_goal_claim,"proxy_review_candidate_stress_watch_no_package(프록시 검토 후보, 스트레스 관찰, 패키지 아님)",True,False,159.0626304595
run364BQ_train_broad_clean_short_share_lift_scout_without_db_v1,bq06_h16_h19_bridge_overlap_guard__h16_17_19_20__ps4350__m0850__chronological_no_overlap,bq06_h16_h19_bridge_overlap_guard,bo91_plus_h19_overlap_guard,16|17|19|20,0.435,0.085,chronological_no_overlap,combine h16 and h19 lift without synthetic overlap(16/19시 상승을 합성 겹침 없이 결합),1030.61,1.4012069524,1.0005961165,1030,3.0930930931,83.025,17.1536420886,12.4132971996,904,126,0.1223300971,52.8155339806,23.65,1.1500659798,46,0.5142173913,39.1304347826,46,22,-47.32,0,0,2,23.29,-2.4,0.9849854547,"entry_hour, p_short, short_margin_vs_long only; no exact month, no outcome-priority, no top_n(진입시점 시간, p_short, 숏-롱 마진만 사용, 정확 월/결과값 우선순위/top_n 없음)",research_development_proxy_scout_only_rule_surface_no_new_model_artifact_no_new_mt5_execution_no_forward_pass_no_live_readiness_no_operating_promotion_no_runtime_authority_no_goal_claim,"proxy_review_candidate_stress_watch_no_package(프록시 검토 후보, 스트레스 관찰, 패키지 아님)",True,False,152.891414283
run364BQ_train_broad_clean_short_share_lift_scout_without_db_v1,bq02_h16_extension_overlap_safe__h16_17_20__ps4350__m0800__chronological_no_overlap,bq02_h16_extension_overlap_safe,bo91_broad_h16_17_20_ps0445_margin080_control,16|17|20,0.435,0.08,chronological_no_overlap,retry bo91 h16 lift with overlap guard(bo91 16시 상승을 겹침 가드로 재시도),1051.55,1.4107725602,1.0219135083,1029,3.0900900901,67.67,10.0700814863,15.5393675188,904,125,0.1214771623,53.0612244898,60.07,1.432586778,44,1.3652045455,47.7272727273,44,21,-31.84,0,0,3,21.89,-9.62,0.7660293831,"entry_hour, p_short, short_margin_vs_long only; no exact month, no outcome-priority, no top_n(진입시점 시간, p_short, 숏-롱 마진만 사용, 정확 월/결과값 우선순위/top_n 없음)",research_development_proxy_scout_only_rule_surface_no_new_model_artifact_no_new_mt5_execution_no_forward_pass_no_live_readiness_no_operating_promotion_no_runtime_authority_no_goal_claim,"proxy_review_candidate_stress_watch_no_package(프록시 검토 후보, 스트레스 관찰, 패키지 아님)",True,False,145.679592546
run364BQ_train_broad_clean_short_share_lift_scout_without_db_v1,bq02_h16_extension_overlap_safe__h16_17_20__ps4400__m0800__chronological_no_overlap,bq02_h16_extension_overlap_safe,bo91_broad_h16_17_20_ps0445_margin080_control,16|17|20,0.44,0.08,chronological_no_overlap,retry bo91 h16 lift with overlap guard(bo91 16시 상승을 겹침 가드로 재시도),1044.52,1.4070512358,1.01607393,1028,3.0870870871,67.67,10.0700814863,15.4355548988,904,124,0.1206225681,53.0155642023,59.87,1.4333200651,42,1.4255714286,47.619047619,42,20,-25.01,0,0,3,21.89,-9.62,0.7660293831,"entry_hour, p_short, short_margin_vs_long only; no exact month, no outcome-priority, no top_n(진입시점 시간, p_short, 숏-롱 마진만 사용, 정확 월/결과값 우선순위/top_n 없음)",research_development_proxy_scout_only_rule_surface_no_new_model_artifact_no_new_mt5_execution_no_forward_pass_no_live_readiness_no_operating_promotion_no_runtime_authority_no_goal_claim,"proxy_review_candidate_stress_watch_no_package(프록시 검토 후보, 스트레스 관찰, 패키지 아님)",True,False,142.7110086925
run364BQ_train_broad_clean_short_share_lift_scout_without_db_v1,bq02_h16_extension_overlap_safe__h16_17_20__ps4450__m0750__chronological_no_overlap,bq02_h16_extension_overlap_safe,bo91_broad_h16_17_20_ps0445_margin080_control,16|17|20,0.445,0.075,chronological_no_overlap,retry bo91 h16 lift with overlap guard(bo91 16시 상승을 겹침 가드로 재시도),1038.64,1.4018681066,1.0083932039,1030,3.0930930931,67.67,10.0700814863,15.3486774051,904,126,0.1223300971,52.9126213592,56.7,1.3682880565,43,1.3184883721,46.511627907,43,19,-22.31,0,0,3,22.84,-4.35,0.89111913,"entry_hour, p_short, short_margin_vs_long only; no exact month, no outcome-priority, no top_n(진입시점 시간, p_short, 숏-롱 마진만 사용, 정확 월/결과값 우선순위/top_n 없음)",research_development_proxy_scout_only_rule_surface_no_new_model_artifact_no_new_mt5_execution_no_forward_pass_no_live_readiness_no_operating_promotion_no_runtime_authority_no_goal_claim,"proxy_review_candidate_stress_watch_no_package(프록시 검토 후보, 스트레스 관찰, 패키지 아님)",True,False,134.2281308675
run364BQ_train_broad_clean_short_share_lift_scout_without_db_v1,bq02_h16_extension_overlap_safe__h16_17_20__ps4425__m0750__chronological_no_overlap,bq02_h16_extension_overlap_safe,bo91_broad_h16_17_20_ps0445_margin080_control,16|17|20,0.4425,0.075,chronological_no_overlap,retry bo91 h16 lift with overlap guard(bo91 16시 상승을 겹침 가드로 재시도),1037.7,1.4013557214,1.0064985451,1031,3.0960960961,67.67,10.0700814863,15.3347125757,904,127,0.1231813773,52.861299709,55.75,1.3599398271,44,1.2670454545,45.4545454545,44,19,-22.31,0,0,3,21.89,-4.35,0.89111913,"entry_hour, p_short, short_margin_vs_long only; no exact month, no outcome-priority, no top_n(진입시점 시간, p_short, 숏-롱 마진만 사용, 정확 월/결과값 우선순위/top_n 없음)",research_development_proxy_scout_only_rule_surface_no_new_model_artifact_no_new_mt5_execution_no_forward_pass_no_live_readiness_no_operating_promotion_no_runtime_authority_no_goal_claim,"proxy_review_candidate_stress_watch_no_package(프록시 검토 후보, 스트레스 관찰, 패키지 아님)",True,False,133.2770287385
run364BQ_train_broad_clean_short_share_lift_scout_without_db_v1,bq05_extreme_multi_hour_overlap_guard__h16_17_18_20__ps4350__m0800__chronological_no_overlap,bq05_extreme_multi_hour_overlap_guard,bo91_extreme_overlap_guard,16|17|18|20,0.435,0.08,chronological_no_overlap,extreme broad hours with chronological guard(시간순 가드가 있는 극단 넓은 시간),1040.56,1.4033604976,1.0063481625,1034,3.1051051051,70.55,10.0700814863,14.7493125443,903,131,0.1266924565,52.998065764,49.87,1.2963979865,52,0.9591153846,46.1538461538,52,24,-31.05,0,0,3,21.89,-11.01,0.7660293831,"entry_hour, p_short, short_margin_vs_long only; no exact month, no outcome-priority, no top_n(진입시점 시간, p_short, 숏-롱 마진만 사용, 정확 월/결과값 우선순위/top_n 없음)",research_development_proxy_scout_only_rule_surface_no_new_model_artifact_no_new_mt5_execution_no_forward_pass_no_live_readiness_no_operating_promotion_no_runtime_authority_no_goal_claim,"proxy_review_candidate_stress_watch_no_package(프록시 검토 후보, 스트레스 관찰, 패키지 아님)",True,False,128.8163419515
run364BQ_train_broad_clean_short_share_lift_scout_without_db_v1,bq02_h16_extension_overlap_safe__h16_17_20__ps4350__m0750__chronological_no_overlap,bq02_h16_extension_overlap_safe,bo91_broad_h16_17_20_ps0445_margin080_control,16|17|20,0.435,0.075,chronological_no_overlap,retry bo91 h16 lift with overlap guard(bo91 16시 상승을 겹침 가드로 재시도),1036.03,1.399774727,1.0019584139,1034,3.1051051051,67.67,10.0700814863,15.3099601005,904,130,0.1257253385,52.9013539652,44.55,1.2613345693,49,0.9090816327,44.8979591837,49,21,-31.84,0,0,3,21.89,-15.54,0.6958963621,"entry_hour, p_short, short_margin_vs_long only; no exact month, no outcome-priority, no top_n(진입시점 시간, p_short, 숏-롱 마진만 사용, 정확 월/결과값 우선순위/top_n 없음)",research_development_proxy_scout_only_rule_surface_no_new_model_artifact_no_new_mt5_execution_no_forward_pass_no_live_readiness_no_operating_promotion_no_runtime_authority_no_goal_claim,"proxy_review_candidate_stress_watch_no_package(프록시 검토 후보, 스트레스 관찰, 패키지 아님)",True,False,123.7695702235
run364BQ_train_broad_clean_short_share_lift_scout_without_db_v1,bq05_extreme_multi_hour_overlap_guard__h16_17_18_20__ps4450__m0750__chronological_no_overlap,bq05_extreme_multi_hour_overlap_guard,bo91_extreme_overlap_guard,16|17|18|20,0.445,0.075,chronological_no_overlap,extreme broad hours with chronological guard(시간순 가드가 있는 극단 넓은 시간),1029.92,1.3969453586,0.9970164569,1033,3.1021021021,70.55,10.0700814863,14.5984124734,904,129,0.1248789932,52.8557599226,47.97,1.2924717546,46,1.0427826087,45.652173913,46,19,-22.31,0,0,3,22.84,-11.01,0.89111913,"entry_hour, p_short, short_margin_vs_long only; no exact month, no outcome-priority, no top_n(진입시점 시간, p_short, 숏-롱 마진만 사용, 정확 월/결과값 우선순위/top_n 없음)",research_development_proxy_scout_only_rule_surface_no_new_model_artifact_no_new_mt5_execution_no_forward_pass_no_live_readiness_no_operating_promotion_no_runtime_authority_no_goal_claim,"proxy_review_candidate_stress_watch_no_package(프록시 검토 후보, 스트레스 관찰, 패키지 아님)",True,False,123.560973053
run364BQ_train_broad_clean_short_share_lift_scout_without_db_v1,bq05_extreme_multi_hour_overlap_guard__h16_17_18_20__ps4350__m0850__chronological_no_overlap,bq05_extreme_multi_hour_overlap_guard,bo91_extreme_overlap_guard,16|17|18|20,0.435,0.085,chronological_no_overlap,extreme broad hours with chronological guard(시간순 가드가 있는 극단 넓은 시간),1028.26,1.3987370095,0.9983135922,1030,3.0930930931,71.78,14.8303333829,14.3252020061,904,126,0.1223300971,52.9126213592,42.67,1.2917413003,44,0.9698409091,43.1818181818,44,20,-25.95,0,0,3,23.29,-11.01,0.9346412989,"entry_hour, p_short, short_margin_vs_long only; no exact month, no outcome-priority, no top_n(진입시점 시간, p_short, 숏-롱 마진만 사용, 정확 월/결과값 우선순위/top_n 없음)",research_development_proxy_scout_only_rule_surface_no_new_model_artifact_no_new_mt5_execution_no_forward_pass_no_live_readiness_no_operating_promotion_no_runtime_authority_no_goal_claim,"proxy_review_candidate_stress_watch_no_package(프록시 검토 후보, 스트레스 관찰, 패키지 아님)",True,False,122.4252805795
run364BQ_train_broad_clean_short_share_lift_scout_without_db_v1,bq02_h16_extension_overlap_safe__h16_17_20__ps4400__m0750__chronological_no_overlap,bq02_h16_extension_overlap_safe,bo91_broad_h16_17_20_ps0445_margin080_control,16|17|20,0.44,0.075,chronological_no_overlap,retry bo91 h16 lift with overlap guard(bo91 16시 상승을 겹침 가드로 재시도),1029.0,1.3961246765,0.9961277832,1033,3.1021021021,67.67,10.0700814863,15.2061474804,904,129,0.1248789932,52.8557599226,44.35,1.261240406,47,0.9436170213,44.6808510638,47,20,-25.01,0,0,3,21.89,-15.54,0.6958963621,"entry_hour, p_short, short_margin_vs_long only; no exact month, no outcome-priority, no top_n(진입시점 시간, p_short, 숏-롱 마진만 사용, 정확 월/결과값 우선순위/top_n 없음)",research_development_proxy_scout_only_rule_surface_no_new_model_artifact_no_new_mt5_execution_no_forward_pass_no_live_readiness_no_operating_promotion_no_runtime_authority_no_goal_claim,"proxy_review_candidate_stress_watch_no_package(프록시 검토 후보, 스트레스 관찰, 패키지 아님)",True,False,120.738065337
run364BQ_train_broad_clean_short_share_lift_scout_without_db_v1,bq05_extreme_multi_hour_overlap_guard__h16_17_18_20__ps4400__m0800__chronological_no_overlap,bq05_extreme_multi_hour_overlap_guard,bo91_extreme_overlap_guard,16|17|18|20,0.44,0.08,chronological_no_overlap,extreme broad hours with chronological guard(시간순 가드가 있는 극단 넓은 시간),1026.01,1.3967648801,0.9932303969,1033,3.1021021021,70.55,10.0700814863,14.5429766123,903,130,0.1258470474,52.8557599226,31.81,1.1897996205,48,0.6626458333,43.75,48,21,-34.56,0,0,3,21.89,-11.01,0.7660293831,"entry_hour, p_short, short_margin_vs_long only; no exact month, no outcome-priority, no top_n(진입시점 시간, p_short, 숏-롱 마진만 사용, 정확 월/결과값 우선순위/top_n 없음)",research_development_proxy_scout_only_rule_surface_no_new_model_artifact_no_new_mt5_execution_no_forward_pass_no_live_readiness_no_operating_promotion_no_runtime_authority_no_goal_claim,"proxy_review_candidate_stress_watch_no_package(프록시 검토 후보, 스트레스 관찰, 패키지 아님)",True,False,112.8515234905
run364BQ_train_broad_clean_short_share_lift_scout_without_db_v1,bq05_extreme_multi_hour_overlap_guard__h16_17_18_20__ps4425__m0750__chronological_no_overlap,bq05_extreme_multi_hour_overlap_guard,bo91_extreme_overlap_guard,16|17|18|20,0.4425,0.075,chronological_no_overlap,extreme broad hours with chronological guard(시간순 가드가 있는 극단 넓은 시간),1017.05,1.3900529785,0.98171139,1036,3.1111111111,70.55,10.0700814863,14.4160595322,904,132,0.1274131274,52.7027027027,35.1,1.1984633129,49,0.7163877551,42.8571428571,49,19,-22.31,0,0,3,21.89,-11.01,0.89111913,"entry_hour, p_short, short_margin_vs_long only; no exact month, no outcome-priority, no top_n(진입시점 시간, p_short, 숏-롱 마진만 사용, 정확 월/결과값 우선순위/top_n 없음)",research_development_proxy_scout_only_rule_surface_no_new_model_artifact_no_new_mt5_execution_no_forward_pass_no_live_readiness_no_operating_promotion_no_runtime_authority_no_goal_claim,"proxy_review_candidate_stress_watch_no_package(프록시 검토 후보, 스트레스 관찰, 패키지 아님)",True,False,110.1184937645
run364BQ_train_broad_clean_short_share_lift_scout_without_db_v1,bq05_extreme_multi_hour_overlap_guard__h16_17_18_20__ps4400__m0850__chronological_no_overlap,bq05_extreme_multi_hour_overlap_guard,bo91_extreme_overlap_guard,16|17|18|20,0.44,0.085,chronological_no_overlap,extreme broad hours with chronological guard(시간순 가드가 있는 극단 넓은 시간),1010.15,1.3907729028,0.9816773567,1029,3.0900900901,71.78,14.8303333829,14.0728057955,904,125,0.1214771623,52.7696793003,31.44,1.2159288388,41,0.7667317073,41.4634146341,41,18,-19.07,0,0,3,23.29,-11.01,0.9346412989,"entry_hour, p_short, short_margin_vs_long only; no exact month, no outcome-priority, no top_n(진입시점 시간, p_short, 숏-롱 마진만 사용, 정확 월/결과값 우선순위/top_n 없음)",research_development_proxy_scout_only_rule_surface_no_new_model_artifact_no_new_mt5_execution_no_forward_pass_no_live_readiness_no_operating_promotion_no_runtime_authority_no_goal_claim,"proxy_review_candidate_stress_watch_no_package(프록시 검토 후보, 스트레스 관찰, 패키지 아님)",True,False,108.055153416
run364BQ_train_broad_clean_short_share_lift_scout_without_db_v1,bq05_extreme_multi_hour_overlap_guard__h16_17_18_20__ps4425__m0850__chronological_no_overlap,bq05_extreme_multi_hour_overlap_guard,bo91_extreme_overlap_guard,16|17|18|20,0.4425,0.085,chronological_no_overlap,extreme broad hours with chronological guard(시간순 가드가 있는 극단 넓은 시간),1007.65,1.3899563082,0.9802052529,1028,3.0870870871,71.78,14.8303333829,14.0380468097,904,124,0.1206225681,52.7237354086,31.64,1.2229809725,39,0.8113076923,41.0256410256,39,17,-16.37,0,0,3,23.29,-11.01,0.9346412989,"entry_hour, p_short, short_margin_vs_long only; no exact month, no outcome-priority, no top_n(진입시점 시간, p_short, 숏-롱 마진만 사용, 정확 월/결과값 우선순위/top_n 없음)",research_development_proxy_scout_only_rule_surface_no_new_model_artifact_no_new_mt5_execution_no_forward_pass_no_live_readiness_no_operating_promotion_no_runtime_authority_no_goal_claim,"proxy_review_candidate_stress_watch_no_package(프록시 검토 후보, 스트레스 관찰, 패키지 아님)",True,False,107.5977586515
run364BQ_train_broad_clean_short_share_lift_scout_without_db_v1,bq01_broad_clean_h17_20__h17_20__ps4450__m0750__chronological_no_overlap,bq01_broad_clean_h17_20,bo90_broad_h17_20_ps0440_margin080_control,17|20,0.445,0.075,chronological_no_overlap,expand bo90 clean h17/h20 source(bo90 클린 17/20시 원천 확장),1044.68,1.4163458768,1.029244335,1015,3.048048048,67.67,9.789310892,15.4379045367,904,111,0.1093596059,53.3004926108,67.75,1.9211703444,27,2.5093703704,59.2592592593,27,18,-17.29,0,0,1,23.29,-2.4,0.9849854547,"entry_hour, p_short, short_margin_vs_long only; no exact month, no outcome-priority, no top_n(진입시점 시간, p_short, 숏-롱 마진만 사용, 정확 월/결과값 우선순위/top_n 없음)",research_development_proxy_scout_only_rule_surface_no_new_model_artifact_no_new_mt5_execution_no_forward_pass_no_live_readiness_no_operating_promotion_no_runtime_authority_no_goal_claim,"watch_short_share_below_target(관찰, 숏 비중 목표 미달)",False,False,60.70889931
run364BQ_train_broad_clean_short_share_lift_scout_without_db_v1,bq03_high_short_pf_guardrail__h17_20__ps4450__m0750__chronological_no_overlap,bq03_high_short_pf_guardrail,bo05_h17_margin_075_105_or_h20_margin_08_10,17|20,0.445,0.075,chronological_no_overlap,keep bo05 high synthetic PF as guardrail(bo05 높은 합성 PF를 가드레일로 유지),1044.68,1.4163458768,1.029244335,1015,3.048048048,67.67,9.789310892,15.4379045367,904,111,0.1093596059,53.3004926108,67.75,1.9211703444,27,2.5093703704,59.2592592593,27,18,-17.29,0,0,1,23.29,-2.4,0.9849854547,"entry_hour, p_short, short_margin_vs_long only; no exact month, no outcome-priority, no top_n(진입시점 시간, p_short, 숏-롱 마진만 사용, 정확 월/결과값 우선순위/top_n 없음)",research_development_proxy_scout_only_rule_surface_no_new_model_artifact_no_new_mt5_execution_no_forward_pass_no_live_readiness_no_operating_promotion_no_runtime_authority_no_goal_claim,"watch_short_share_below_target(관찰, 숏 비중 목표 미달)",False,False,60.70889931
run364BQ_train_broad_clean_short_share_lift_scout_without_db_v1,bq01_broad_clean_h17_20__h17_20__ps4450__m0750__raw,bq01_broad_clean_h17_20,bo90_broad_h17_20_ps0440_margin080_control,17|20,0.445,0.075,raw,expand bo90 clean h17/h20 source(bo90 클린 17/20시 원천 확장),1044.68,1.4163458768,1.029244335,1015,3.048048048,67.67,9.789310892,15.4379045367,904,111,0.1093596059,53.3004926108,67.75,1.9211703444,27,2.5093703704,59.2592592593,27,18,-17.29,0,0,1,23.29,-2.4,0.9849854547,"entry_hour, p_short, short_margin_vs_long only; no exact month, no outcome-priority, no top_n(진입시점 시간, p_short, 숏-롱 마진만 사용, 정확 월/결과값 우선순위/top_n 없음)",research_development_proxy_scout_only_rule_surface_no_new_model_artifact_no_new_mt5_execution_no_forward_pass_no_live_readiness_no_operating_promotion_no_runtime_authority_no_goal_claim,"watch_short_share_below_target(관찰, 숏 비중 목표 미달)",False,False,57.70889931
run364BQ_train_broad_clean_short_share_lift_scout_without_db_v1,bq03_high_short_pf_guardrail__h17_20__ps4450__m0750__raw,bq03_high_short_pf_guardrail,bo05_h17_margin_075_105_or_h20_margin_08_10,17|20,0.445,0.075,raw,keep bo05 high synthetic PF as guardrail(bo05 높은 합성 PF를 가드레일로 유지),1044.68,1.4163458768,1.029244335,1015,3.048048048,67.67,9.789310892,15.4379045367,904,111,0.1093596059,53.3004926108,67.75,1.9211703444,27,2.5093703704,59.2592592593,27,18,-17.29,0,0,1,23.29,-2.4,0.9849854547,"entry_hour, p_short, short_margin_vs_long only; no exact month, no outcome-priority, no top_n(진입시점 시간, p_short, 숏-롱 마진만 사용, 정확 월/결과값 우선순위/top_n 없음)",research_development_proxy_scout_only_rule_surface_no_new_model_artifact_no_new_mt5_execution_no_forward_pass_no_live_readiness_no_operating_promotion_no_runtime_authority_no_goal_claim,"watch_short_share_below_target(관찰, 숏 비중 목표 미달)",False,False,57.70889931
run364BQ_train_broad_clean_short_share_lift_scout_without_db_v1,bq01_broad_clean_h17_20__h17_20__ps4375__m0750__chronological_no_overlap,bq01_broad_clean_h17_20,bo90_broad_h17_20_ps0440_margin080_control,17|20,0.4375,0.075,chronological_no_overlap,expand bo90 clean h17/h20 source(bo90 클린 17/20시 원천 확장),1055.72,1.4213670803,1.0360382728,1019,3.0600600601,67.67,9.789310892,15.6010492094,903,116,0.1138370952,53.3856722277,60.73,1.6908464242,34,1.7862647059,55.8823529412,34,21,-35.35,0,0,1,23.29,-2.4,0.9849854547,"entry_hour, p_short, short_margin_vs_long only; no exact month, no outcome-priority, no top_n(진입시점 시간, p_short, 숏-롱 마진만 사용, 정확 월/결과값 우선순위/top_n 없음)",research_development_proxy_scout_only_rule_surface_no_new_model_artifact_no_new_mt5_execution_no_forward_pass_no_live_readiness_no_operating_promotion_no_runtime_authority_no_goal_claim,"watch_short_share_below_target(관찰, 숏 비중 목표 미달)",False,False,43.094155556
run364BQ_train_broad_clean_short_share_lift_scout_without_db_v1,bq01_broad_clean_h17_20__h17_20__ps4425__m0750__chronological_no_overlap,bq01_broad_clean_h17_20,bo90_broad_h17_20_ps0440_margin080_control,17|20,0.4425,0.075,chronological_no_overlap,expand bo90 clean h17/h20 source(bo90 클린 17/20시 원천 확장),1046.2,1.4167091859,1.0287148476,1017,3.0540540541,67.67,9.789310892,15.4603664844,903,114,0.1120943953,53.2940019666,60.74,1.7271040567,30,2.0247666667,56.6666666667,30,19,-25.82,0,0,1,23.29,-2.4,0.9849854547,"entry_hour, p_short, short_margin_vs_long only; no exact month, no outcome-priority, no top_n(진입시점 시간, p_short, 숏-롱 마진만 사용, 정확 월/결과값 우선순위/top_n 없음)",research_development_proxy_scout_only_rule_surface_no_new_model_artifact_no_new_mt5_execution_no_forward_pass_no_live_readiness_no_operating_promotion_no_runtime_authority_no_goal_claim,"watch_short_share_below_target(관찰, 숏 비중 목표 미달)",False,False,42.7976307075
run364BQ_train_broad_clean_short_share_lift_scout_without_db_v1,bq03_high_short_pf_guardrail__h17_20__ps4425__m0750__chronological_no_overlap,bq03_high_short_pf_guardrail,bo05_h17_margin_075_105_or_h20_margin_08_10,17|20,0.4425,0.075,chronological_no_overlap,keep bo05 high synthetic PF as guardrail(bo05 높은 합성 PF를 가드레일로 유지),1046.2,1.4167091859,1.0287148476,1017,3.0540540541,67.67,9.789310892,15.4603664844,903,114,0.1120943953,53.2940019666,60.74,1.7271040567,30,2.0247666667,56.6666666667,30,19,-25.82,0,0,1,23.29,-2.4,0.9849854547,"entry_hour, p_short, short_margin_vs_long only; no exact month, no outcome-priority, no top_n(진입시점 시간, p_short, 숏-롱 마진만 사용, 정확 월/결과값 우선순위/top_n 없음)",research_development_proxy_scout_only_rule_surface_no_new_model_artifact_no_new_mt5_execution_no_forward_pass_no_live_readiness_no_operating_promotion_no_runtime_authority_no_goal_claim,"watch_short_share_below_target(관찰, 숏 비중 목표 미달)",False,False,42.7976307075
run364BQ_train_broad_clean_short_share_lift_scout_without_db_v1,bq01_broad_clean_h17_20__h17_20__ps4400__m0750__chronological_no_overlap,bq01_broad_clean_h17_20,bo90_broad_h17_20_ps0440_margin080_control,17|20,0.44,0.075,chronological_no_overlap,expand bo90 clean h17/h20 source(bo90 클린 17/20시 원천 확장),1048.7,1.4175391461,1.0301552063,1018,3.0570570571,67.67,9.789310892,15.4972365893,903,115,0.1129666012,53.3398821218,60.54,1.6940361819,32,1.8918125,56.25,32,20,-28.52,0,0,1,23.29,-2.4,0.9849854547,"entry_hour, p_short, short_margin_vs_long only; no exact month, no outcome-priority, no top_n(진입시점 시간, p_short, 숏-롱 마진만 사용, 정확 월/결과값 우선순위/top_n 없음)",research_development_proxy_scout_only_rule_surface_no_new_model_artifact_no_new_mt5_execution_no_forward_pass_no_live_readiness_no_operating_promotion_no_runtime_authority_no_goal_claim,"watch_short_share_below_target(관찰, 숏 비중 목표 미달)",False,False,40.5638750395
run364BQ_train_broad_clean_short_share_lift_scout_without_db_v1,bq03_high_short_pf_guardrail__h17_20__ps4400__m0750__chronological_no_overlap,bq03_high_short_pf_guardrail,bo05_h17_margin_075_105_or_h20_margin_08_10,17|20,0.44,0.075,chronological_no_overlap,keep bo05 high synthetic PF as guardrail(bo05 높은 합성 PF를 가드레일로 유지),1048.7,1.4175391461,1.0301552063,1018,3.0570570571,67.67,9.789310892,15.4972365893,903,115,0.1129666012,53.3398821218,60.54,1.6940361819,32,1.8918125,56.25,32,20,-28.52,0,0,1,23.29,-2.4,0.9849854547,"entry_hour, p_short, short_margin_vs_long only; no exact month, no outcome-priority, no top_n(진입시점 시간, p_short, 숏-롱 마진만 사용, 정확 월/결과값 우선순위/top_n 없음)",research_development_proxy_scout_only_rule_surface_no_new_model_artifact_no_new_mt5_execution_no_forward_pass_no_live_readiness_no_operating_promotion_no_runtime_authority_no_goal_claim,"watch_short_share_below_target(관찰, 숏 비중 목표 미달)",False,False,40.5638750395
run364BQ_train_broad_clean_short_share_lift_scout_without_db_v1,bq01_broad_clean_h17_20__h17_20__ps4375__m0750__raw,bq01_broad_clean_h17_20,bo90_broad_h17_20_ps0440_margin080_control,17|20,0.4375,0.075,raw,expand bo90 clean h17/h20 source(bo90 클린 17/20시 원천 확장),1055.72,1.4213670803,1.0360382728,1019,3.0600600601,67.67,9.789310892,15.6010492094,903,116,0.1138370952,53.3856722277,60.73,1.6908464242,34,1.7862647059,55.8823529412,34,21,-35.35,0,0,1,23.29,-2.4,0.9849854547,"entry_hour, p_short, short_margin_vs_long only; no exact month, no outcome-priority, no top_n(진입시점 시간, p_short, 숏-롱 마진만 사용, 정확 월/결과값 우선순위/top_n 없음)",research_development_proxy_scout_only_rule_surface_no_new_model_artifact_no_new_mt5_execution_no_forward_pass_no_live_readiness_no_operating_promotion_no_runtime_authority_no_goal_claim,"watch_short_share_below_target(관찰, 숏 비중 목표 미달)",False,False,40.094155556
run364BQ_train_broad_clean_short_share_lift_scout_without_db_v1,bq01_broad_clean_h17_20__h17_20__ps4425__m0750__raw,bq01_broad_clean_h17_20,bo90_broad_h17_20_ps0440_margin080_control,17|20,0.4425,0.075,raw,expand bo90 clean h17/h20 source(bo90 클린 17/20시 원천 확장),1046.2,1.4167091859,1.0287148476,1017,3.0540540541,67.67,9.789310892,15.4603664844,903,114,0.1120943953,53.2940019666,60.74,1.7271040567,30,2.0247666667,56.6666666667,30,19,-25.82,0,0,1,23.29,-2.4,0.9849854547,"entry_hour, p_short, short_margin_vs_long only; no exact month, no outcome-priority, no top_n(진입시점 시간, p_short, 숏-롱 마진만 사용, 정확 월/결과값 우선순위/top_n 없음)",research_development_proxy_scout_only_rule_surface_no_new_model_artifact_no_new_mt5_execution_no_forward_pass_no_live_readiness_no_operating_promotion_no_runtime_authority_no_goal_claim,"watch_short_share_below_target(관찰, 숏 비중 목표 미달)",False,False,39.7976307075
run364BQ_train_broad_clean_short_share_lift_scout_without_db_v1,bq03_high_short_pf_guardrail__h17_20__ps4425__m0750__raw,bq03_high_short_pf_guardrail,bo05_h17_margin_075_105_or_h20_margin_08_10,17|20,0.4425,0.075,raw,keep bo05 high synthetic PF as guardrail(bo05 높은 합성 PF를 가드레일로 유지),1046.2,1.4167091859,1.0287148476,1017,3.0540540541,67.67,9.789310892,15.4603664844,903,114,0.1120943953,53.2940019666,60.74,1.7271040567,30,2.0247666667,56.6666666667,30,19,-25.82,0,0,1,23.29,-2.4,0.9849854547,"entry_hour, p_short, short_margin_vs_long only; no exact month, no outcome-priority, no top_n(진입시점 시간, p_short, 숏-롱 마진만 사용, 정확 월/결과값 우선순위/top_n 없음)",research_development_proxy_scout_only_rule_surface_no_new_model_artifact_no_new_mt5_execution_no_forward_pass_no_live_readiness_no_operating_promotion_no_runtime_authority_no_goal_claim,"watch_short_share_below_target(관찰, 숏 비중 목표 미달)",False,False,39.7976307075
run364BQ_train_broad_clean_short_share_lift_scout_without_db_v1,bq01_broad_clean_h17_20__h17_20__ps4400__m0750__raw,bq01_broad_clean_h17_20,bo90_broad_h17_20_ps0440_margin080_control,17|20,0.44,0.075,raw,expand bo90 clean h17/h20 source(bo90 클린 17/20시 원천 확장),1048.7,1.4175391461,1.0301552063,1018,3.0570570571,67.67,9.789310892,15.4972365893,903,115,0.1129666012,53.3398821218,60.54,1.6940361819,32,1.8918125,56.25,32,20,-28.52,0,0,1,23.29,-2.4,0.9849854547,"entry_hour, p_short, short_margin_vs_long only; no exact month, no outcome-priority, no top_n(진입시점 시간, p_short, 숏-롱 마진만 사용, 정확 월/결과값 우선순위/top_n 없음)",research_development_proxy_scout_only_rule_surface_no_new_model_artifact_no_new_mt5_execution_no_forward_pass_no_live_readiness_no_operating_promotion_no_runtime_authority_no_goal_claim,"watch_short_share_below_target(관찰, 숏 비중 목표 미달)",False,False,37.5638750395
run364BQ_train_broad_clean_short_share_lift_scout_without_db_v1,bq03_high_short_pf_guardrail__h17_20__ps4400__m0750__raw,bq03_high_short_pf_guardrail,bo05_h17_margin_075_105_or_h20_margin_08_10,17|20,0.44,0.075,raw,keep bo05 high synthetic PF as guardrail(bo05 높은 합성 PF를 가드레일로 유지),1048.7,1.4175391461,1.0301552063,1018,3.0570570571,67.67,9.789310892,15.4972365893,903,115,0.1129666012,53.3398821218,60.54,1.6940361819,32,1.8918125,56.25,32,20,-28.52,0,0,1,23.29,-2.4,0.9849854547,"entry_hour, p_short, short_margin_vs_long only; no exact month, no outcome-priority, no top_n(진입시점 시간, p_short, 숏-롱 마진만 사용, 정확 월/결과값 우선순위/top_n 없음)",research_development_proxy_scout_only_rule_surface_no_new_model_artifact_no_new_mt5_execution_no_forward_pass_no_live_readiness_no_operating_promotion_no_runtime_authority_no_goal_claim,"watch_short_share_below_target(관찰, 숏 비중 목표 미달)",False,False,37.5638750395
run364BQ_train_broad_clean_short_share_lift_scout_without_db_v1,bq01_broad_clean_h17_20__h17_20__ps4350__m0750__chronological_no_overlap,bq01_broad_clean_h17_20,bo90_broad_h17_20_ps0440_margin080_control,17|20,0.435,0.075,chronological_no_overlap,expand bo90 clean h17/h20 source(bo90 클린 17/20시 원천 확장),1051.48,1.4176352132,1.0308588235,1020,3.0630630631,67.67,9.789310892,15.5382887542,903,117,0.1147058824,53.5294117647,55.01,1.5413443559,36,1.5279444444,58.3333333333,36,22,-36.83,0,0,1,23.29,-2.4,0.9849854547,"entry_hour, p_short, short_margin_vs_long only; no exact month, no outcome-priority, no top_n(진입시점 시간, p_short, 숏-롱 마진만 사용, 정확 월/결과값 우선순위/top_n 없음)",research_development_proxy_scout_only_rule_surface_no_new_model_artifact_no_new_mt5_execution_no_forward_pass_no_live_readiness_no_operating_promotion_no_runtime_authority_no_goal_claim,"watch_short_share_below_target(관찰, 숏 비중 목표 미달)",False,False,26.9104043185
run364BQ_train_broad_clean_short_share_lift_scout_without_db_v1,bq04_h19_bridge_short_share_lift__h17_19_20__ps4450__m0800__chronological_no_overlap,bq04_h19_bridge_short_share_lift,bo90_plus_h19_session_bridge,17|19|20,0.445,0.08,chronological_no_overlap,test h19 bridge for short-share lift(19시 브리지로 숏비중 상승 시험),1030.45,1.4085316877,1.0142273622,1016,3.0510510511,67.67,12.1332564702,15.2276488843,905,111,0.1092519685,53.1496062992,48.46,1.5182463796,30,1.6151666667,53.3333333333,30,20,-22.36,0,0,1,23.29,-2.4,0.9849854547,"entry_hour, p_short, short_margin_vs_long only; no exact month, no outcome-priority, no top_n(진입시점 시간, p_short, 숏-롱 마진만 사용, 정확 월/결과값 우선순위/top_n 없음)",research_development_proxy_scout_only_rule_surface_no_new_model_artifact_no_new_mt5_execution_no_forward_pass_no_live_readiness_no_operating_promotion_no_runtime_authority_no_goal_claim,"watch_short_share_below_target(관찰, 숏 비중 목표 미달)",False,False,21.677426725
run364BQ_train_broad_clean_short_share_lift_scout_without_db_v1,bq04_h19_bridge_short_share_lift__h17_19_20__ps4450__m0800__raw,bq04_h19_bridge_short_share_lift,bo90_plus_h19_session_bridge,17|19|20,0.445,0.08,raw,test h19 bridge for short-share lift(19시 브리지로 숏비중 상승 시험),1030.45,1.4085316877,1.0142273622,1016,3.0510510511,67.67,12.1332564702,15.2276488843,905,111,0.1092519685,53.1496062992,48.46,1.5182463796,30,1.6151666667,53.3333333333,30,20,-22.36,0,0,1,23.29,-2.4,0.9849854547,"entry_hour, p_short, short_margin_vs_long only; no exact month, no outcome-priority, no top_n(진입시점 시간, p_short, 숏-롱 마진만 사용, 정확 월/결과값 우선순위/top_n 없음)",research_development_proxy_scout_only_rule_surface_no_new_model_artifact_no_new_mt5_execution_no_forward_pass_no_live_readiness_no_operating_promotion_no_runtime_authority_no_goal_claim,"watch_short_share_below_target(관찰, 숏 비중 목표 미달)",False,False,18.677426725
run364BQ_train_broad_clean_short_share_lift_scout_without_db_v1,bq04_h19_bridge_short_share_lift__h17_19_20__ps4450__m0750__chronological_no_overlap,bq04_h19_bridge_short_share_lift,bo90_plus_h19_session_bridge,17|19|20,0.445,0.075,chronological_no_overlap,test h19 bridge for short-share lift(19시 브리지로 숏비중 상승 시험),1034.67,1.4102244275,1.0163713163,1018,3.0570570571,67.67,12.1332564702,15.2898773459,904,114,0.1119842829,53.1434184676,45.81,1.4570772838,33,1.3880606061,51.5151515152,33,21,-29.22,0,0,1,23.29,-2.4,0.9849854547,"entry_hour, p_short, short_margin_vs_long only; no exact month, no outcome-priority, no top_n(진입시점 시간, p_short, 숏-롱 마진만 사용, 정확 월/결과값 우선순위/top_n 없음)",research_development_proxy_scout_only_rule_surface_no_new_model_artifact_no_new_mt5_execution_no_forward_pass_no_live_readiness_no_operating_promotion_no_runtime_authority_no_goal_claim,"watch_short_share_below_target(관찰, 숏 비중 목표 미달)",False,False,17.453983186
run364BQ_train_broad_clean_short_share_lift_scout_without_db_v1,bq04_h19_bridge_short_share_lift__h17_19_20__ps4450__m0750__raw,bq04_h19_bridge_short_share_lift,bo90_plus_h19_session_bridge,17|19|20,0.445,0.075,raw,test h19 bridge for short-share lift(19시 브리지로 숏비중 상승 시험),1034.67,1.4102244275,1.0163713163,1018,3.0570570571,67.67,12.1332564702,15.2898773459,904,114,0.1119842829,53.1434184676,45.81,1.4570772838,33,1.3880606061,51.5151515152,33,21,-29.22,0,0,1,23.29,-2.4,0.9849854547,"entry_hour, p_short, short_margin_vs_long only; no exact month, no outcome-priority, no top_n(진입시점 시간, p_short, 숏-롱 마진만 사용, 정확 월/결과값 우선순위/top_n 없음)",research_development_proxy_scout_only_rule_surface_no_new_model_artifact_no_new_mt5_execution_no_forward_pass_no_live_readiness_no_operating_promotion_no_runtime_authority_no_goal_claim,"watch_short_share_below_target(관찰, 숏 비중 목표 미달)",False,False,14.453983186
run364BQ_train_broad_clean_short_share_lift_scout_without_db_v1,bq04_h19_bridge_short_share_lift__h17_19_20__ps4425__m0800__chronological_no_overlap,bq04_h19_bridge_short_share_lift,bo90_plus_h19_session_bridge,17|19|20,0.4425,0.08,chronological_no_overlap,test h19 bridge for short-share lift(19시 브리지로 숏비중 상승 시험),1035.37,1.4107970957,1.0170658153,1018,3.0570570571,67.67,12.1332564702,15.3003251071,904,114,0.1119842829,53.1434184676,37.06,1.3435895059,34,1.0900882353,50.0,34,22,-38.67,0,0,1,23.29,-2.4,0.9849854547,"entry_hour, p_short, short_margin_vs_long only; no exact month, no outcome-priority, no top_n(진입시점 시간, p_short, 숏-롱 마진만 사용, 정확 월/결과값 우선순위/top_n 없음)",research_development_proxy_scout_only_rule_surface_no_new_model_artifact_no_new_mt5_execution_no_forward_pass_no_live_readiness_no_operating_promotion_no_runtime_authority_no_goal_claim,"watch_short_share_below_target(관찰, 숏 비중 목표 미달)",False,False,6.9914512435
run364BQ_train_broad_clean_short_share_lift_scout_without_db_v1,bq04_h19_bridge_short_share_lift__h17_19_20__ps4425__m0750__chronological_no_overlap,bq04_h19_bridge_short_share_lift,bo90_plus_h19_session_bridge,17|19|20,0.4425,0.075,chronological_no_overlap,test h19 bridge for short-share lift(19시 브리지로 숏비중 상승 시험),1043.77,1.4126381398,1.0213003914,1022,3.0690690691,67.67,12.1332564702,15.4243978129,903,119,0.1164383562,53.1311154599,38.6,1.3117045675,39,0.9897179487,48.7179487179,39,23,-45.53,0,0,1,23.29,-2.4,0.9849854547,"entry_hour, p_short, short_margin_vs_long only; no exact month, no outcome-priority, no top_n(진입시점 시간, p_short, 숏-롱 마진만 사용, 정확 월/결과값 우선순위/top_n 없음)",research_development_proxy_scout_only_rule_surface_no_new_model_artifact_no_new_mt5_execution_no_forward_pass_no_live_readiness_no_operating_promotion_no_runtime_authority_no_goal_claim,"watch_short_share_below_target(관찰, 숏 비중 목표 미달)",False,False,6.8321804745
run364BQ_train_broad_clean_short_share_lift_scout_without_db_v1,bq04_h19_bridge_short_share_lift__h17_19_20__ps4400__m0750__chronological_no_overlap,bq04_h19_bridge_short_share_lift,bo90_plus_h19_session_bridge,17|19|20,0.44,0.075,chronological_no_overlap,test h19 bridge for short-share lift(19시 브리지로 숏비중 상승 시험),1045.7,1.4119408194,1.0201941463,1025,3.0780780781,67.67,12.1332564702,15.4529185754,903,122,0.1190243902,53.1707317073,37.83,1.2791828722,43,0.879744186,48.8372093023,43,24,-48.23,0,0,1,23.29,-2.4,0.9849854547,"entry_hour, p_short, short_margin_vs_long only; no exact month, no outcome-priority, no top_n(진입시점 시간, p_short, 숏-롱 마진만 사용, 정확 월/결과값 우선순위/top_n 없음)",research_development_proxy_scout_only_rule_surface_no_new_model_artifact_no_new_mt5_execution_no_forward_pass_no_live_readiness_no_operating_promotion_no_runtime_authority_no_goal_claim,"watch_short_share_below_target(관찰, 숏 비중 목표 미달)",False,False,4.189128545
run364BQ_train_broad_clean_short_share_lift_scout_without_db_v1,bq04_h19_bridge_short_share_lift__h17_19_20__ps4425__m0800__raw,bq04_h19_bridge_short_share_lift,bo90_plus_h19_session_bridge,17|19|20,0.4425,0.08,raw,test h19 bridge for short-share lift(19시 브리지로 숏비중 상승 시험),1035.37,1.4107970957,1.0170658153,1018,3.0570570571,67.67,12.1332564702,15.3003251071,904,114,0.1119842829,53.1434184676,37.06,1.3435895059,34,1.0900882353,50.0,34,22,-38.67,0,0,1,23.29,-2.4,0.9849854547,"entry_hour, p_short, short_margin_vs_long only; no exact month, no outcome-priority, no top_n(진입시점 시간, p_short, 숏-롱 마진만 사용, 정확 월/결과값 우선순위/top_n 없음)",research_development_proxy_scout_only_rule_surface_no_new_model_artifact_no_new_mt5_execution_no_forward_pass_no_live_readiness_no_operating_promotion_no_runtime_authority_no_goal_claim,"watch_short_share_below_target(관찰, 숏 비중 목표 미달)",False,False,3.9914512435
run364BQ_train_broad_clean_short_share_lift_scout_without_db_v1,bq04_h19_bridge_short_share_lift__h17_19_20__ps4425__m0750__raw,bq04_h19_bridge_short_share_lift,bo90_plus_h19_session_bridge,17|19|20,0.4425,0.075,raw,test h19 bridge for short-share lift(19시 브리지로 숏비중 상승 시험),1043.77,1.4126381398,1.0213003914,1022,3.0690690691,67.67,12.1332564702,15.4243978129,903,119,0.1164383562,53.1311154599,38.6,1.3117045675,39,0.9897179487,48.7179487179,39,23,-45.53,0,0,1,23.29,-2.4,0.9849854547,"entry_hour, p_short, short_margin_vs_long only; no exact month, no outcome-priority, no top_n(진입시점 시간, p_short, 숏-롱 마진만 사용, 정확 월/결과값 우선순위/top_n 없음)",research_development_proxy_scout_only_rule_surface_no_new_model_artifact_no_new_mt5_execution_no_forward_pass_no_live_readiness_no_operating_promotion_no_runtime_authority_no_goal_claim,"watch_short_share_below_target(관찰, 숏 비중 목표 미달)",False,False,3.8321804745
run364BQ_train_broad_clean_short_share_lift_scout_without_db_v1,bq04_h19_bridge_short_share_lift__h17_19_20__ps4400__m0800__chronological_no_overlap,bq04_h19_bridge_short_share_lift,bo90_plus_h19_session_bridge,17|19|20,0.44,0.08,chronological_no_overlap,test h19 bridge for short-share lift(19시 브리지로 숏비중 상승 시험),1037.3,1.4101037928,1.0159676787,1021,3.0660660661,67.67,12.1332564702,15.3288458697,904,117,0.1145935357,53.1831537708,36.29,1.3036131072,38,0.9550789474,50.0,38,23,-41.37,0,0,1,23.29,-2.4,0.9849854547,"entry_hour, p_short, short_margin_vs_long only; no exact month, no outcome-priority, no top_n(진입시점 시간, p_short, 숏-롱 마진만 사용, 정확 월/결과값 우선순위/top_n 없음)",research_development_proxy_scout_only_rule_surface_no_new_model_artifact_no_new_mt5_execution_no_forward_pass_no_live_readiness_no_operating_promotion_no_runtime_authority_no_goal_claim,"watch_short_share_below_target(관찰, 숏 비중 목표 미달)",False,False,3.640965816
run364BQ_train_broad_clean_short_share_lift_scout_without_db_v1,bq02_h16_extension_overlap_safe__h16_17_20__ps4450__m0900__chronological_no_overlap,bq02_h16_extension_overlap_safe,bo91_broad_h16_17_20_ps0445_margin080_control,16|17|20,0.445,0.09,chronological_no_overlap,retry bo91 h16 lift with overlap guard(bo91 16시 상승을 겹침 가드로 재시도),1019.46,1.4018552593,1.0034104331,1016,3.0510510511,77.615,14.8303333829,13.134896605,904,112,0.1102362205,53.0511811024,41.76,1.4406241428,26,1.6063461538,46.1538461538,26,16,-18.06,0,0,1,23.29,-18.08,0.8869217054,"entry_hour, p_short, short_margin_vs_long only; no exact month, no outcome-priority, no top_n(진입시점 시간, p_short, 숏-롱 마진만 사용, 정확 월/결과값 우선순위/top_n 없음)",research_development_proxy_scout_only_rule_surface_no_new_model_artifact_no_new_mt5_execution_no_forward_pass_no_live_readiness_no_operating_promotion_no_runtime_authority_no_goal_claim,"watch_short_share_below_target(관찰, 숏 비중 목표 미달)",False,False,2.748792833
run364BQ_train_broad_clean_short_share_lift_scout_without_db_v1,bq04_h19_bridge_short_share_lift__h17_19_20__ps4450__m0850__chronological_no_overlap,bq04_h19_bridge_short_share_lift,bo90_plus_h19_session_bridge,17|19|20,0.445,0.085,chronological_no_overlap,test h19 bridge for short-share lift(19시 브리지로 숏비중 상승 시험),1011.41,1.3998841563,0.9964679803,1015,3.048048048,83.025,16.6753700617,12.1820535983,905,110,0.1083743842,53.1034482759,35.8,1.4125273712,25,1.4318,52.0,25,16,-15.98,0,0,1,23.29,-2.4,0.9849854547,"entry_hour, p_short, short_margin_vs_long only; no exact month, no outcome-priority, no top_n(진입시점 시간, p_short, 숏-롱 마진만 사용, 정확 월/결과값 우선순위/top_n 없음)",research_development_proxy_scout_only_rule_surface_no_new_model_artifact_no_new_mt5_execution_no_forward_pass_no_live_readiness_no_operating_promotion_no_runtime_authority_no_goal_claim,"watch_short_share_below_target(관찰, 숏 비중 목표 미달)",False,False,1.208089961
run364BQ_train_broad_clean_short_share_lift_scout_without_db_v1,bq04_h19_bridge_short_share_lift__h17_19_20__ps4400__m0750__raw,bq04_h19_bridge_short_share_lift,bo90_plus_h19_session_bridge,17|19|20,0.44,0.075,raw,test h19 bridge for short-share lift(19시 브리지로 숏비중 상승 시험),1045.7,1.4119408194,1.0201941463,1025,3.0780780781,67.67,12.1332564702,15.4529185754,903,122,0.1190243902,53.1707317073,37.83,1.2791828722,43,0.879744186,48.8372093023,43,24,-48.23,0,0,1,23.29,-2.4,0.9849854547,"entry_hour, p_short, short_margin_vs_long only; no exact month, no outcome-priority, no top_n(진입시점 시간, p_short, 숏-롱 마진만 사용, 정확 월/결과값 우선순위/top_n 없음)",research_development_proxy_scout_only_rule_surface_no_new_model_artifact_no_new_mt5_execution_no_forward_pass_no_live_readiness_no_operating_promotion_no_runtime_authority_no_goal_claim,"watch_short_share_below_target(관찰, 숏 비중 목표 미달)",False,False,1.189128545
run364BQ_train_broad_clean_short_share_lift_scout_without_db_v1,bq04_h19_bridge_short_share_lift__h17_19_20__ps4400__m0800__raw,bq04_h19_bridge_short_share_lift,bo90_plus_h19_session_bridge,17|19|20,0.44,0.08,raw,test h19 bridge for short-share lift(19시 브리지로 숏비중 상승 시험),1037.3,1.4101037928,1.0159676787,1021,3.0660660661,67.67,12.1332564702,15.3288458697,904,117,0.1145935357,53.1831537708,36.29,1.3036131072,38,0.9550789474,50.0,38,23,-41.37,0,0,1,23.29,-2.4,0.9849854547,"entry_hour, p_short, short_margin_vs_long only; no exact month, no outcome-priority, no top_n(진입시점 시간, p_short, 숏-롱 마진만 사용, 정확 월/결과값 우선순위/top_n 없음)",research_development_proxy_scout_only_rule_surface_no_new_model_artifact_no_new_mt5_execution_no_forward_pass_no_live_readiness_no_operating_promotion_no_runtime_authority_no_goal_claim,"watch_short_share_below_target(관찰, 숏 비중 목표 미달)",False,False,0.640965816
run364BQ_train_broad_clean_short_share_lift_scout_without_db_v1,bq04_h19_bridge_short_share_lift__h17_19_20__ps4375__m0800__chronological_no_overlap,bq04_h19_bridge_short_share_lift,bo90_plus_h19_session_bridge,17|19|20,0.4375,0.08,chronological_no_overlap,test h19 bridge for short-share lift(19시 브리지로 숏비중 상승 시험),1039.45,1.4111591358,1.0150888672,1024,3.0750750751,67.67,12.1332564702,15.3605881484,904,120,0.1171875,53.125,31.61,1.2526878712,42,0.7526428571,47.619047619,42,24,-48.2,0,0,1,23.29,-2.4,0.9849854547,"entry_hour, p_short, short_margin_vs_long only; no exact month, no outcome-priority, no top_n(진입시점 시간, p_short, 숏-롱 마진만 사용, 정확 월/결과값 우선순위/top_n 없음)",research_development_proxy_scout_only_rule_surface_no_new_model_artifact_no_new_mt5_execution_no_forward_pass_no_live_readiness_no_operating_promotion_no_runtime_authority_no_goal_claim,"watch_short_share_below_target(관찰, 숏 비중 목표 미달)",False,False,-0.351416434
run364BQ_train_broad_clean_short_share_lift_scout_without_db_v1,bq02_h16_extension_overlap_safe__h16_17_20__ps4350__m0900__chronological_no_overlap,bq02_h16_extension_overlap_safe,bo91_broad_h16_17_20_ps0445_margin080_control,16|17|20,0.435,0.09,chronological_no_overlap,retry bo91 h16 lift with overlap guard(bo91 16시 상승을 겹침 가드로 재시도),1031.89,1.4080529859,1.0146460177,1017,3.0540540541,77.615,14.8303333829,13.2950460607,903,114,0.1120943953,53.1956735497,36.13,1.3448785982,30,1.2045,46.6666666667,30,19,-36.12,0,0,1,23.29,-18.08,0.8869217054,"entry_hour, p_short, short_margin_vs_long only; no exact month, no outcome-priority, no top_n(진입시점 시간, p_short, 숏-롱 마진만 사용, 정확 월/결과값 우선순위/top_n 없음)",research_development_proxy_scout_only_rule_surface_no_new_model_artifact_no_new_mt5_execution_no_forward_pass_no_live_readiness_no_operating_promotion_no_runtime_authority_no_goal_claim,"watch_short_share_below_target(관찰, 숏 비중 목표 미달)",False,False,-1.44046585
run364BQ_train_broad_clean_short_share_lift_scout_without_db_v1,bq04_h19_bridge_short_share_lift__h17_19_20__ps4450__m0850__raw,bq04_h19_bridge_short_share_lift,bo90_plus_h19_session_bridge,17|19|20,0.445,0.085,raw,test h19 bridge for short-share lift(19시 브리지로 숏비중 상승 시험),1011.41,1.3998841563,0.9964679803,1015,3.048048048,83.025,16.6753700617,12.1820535983,905,110,0.1083743842,53.1034482759,35.8,1.4125273712,25,1.4318,52.0,25,16,-15.98,0,0,1,23.29,-2.4,0.9849854547,"entry_hour, p_short, short_margin_vs_long only; no exact month, no outcome-priority, no top_n(진입시점 시간, p_short, 숏-롱 마진만 사용, 정확 월/결과값 우선순위/top_n 없음)",research_development_proxy_scout_only_rule_surface_no_new_model_artifact_no_new_mt5_execution_no_forward_pass_no_live_readiness_no_operating_promotion_no_runtime_authority_no_goal_claim,"watch_short_share_below_target(관찰, 숏 비중 목표 미달)",False,False,-1.791910039
run364BQ_train_broad_clean_short_share_lift_scout_without_db_v1,bq04_h19_bridge_short_share_lift__h17_19_20__ps4375__m0800__raw,bq04_h19_bridge_short_share_lift,bo90_plus_h19_session_bridge,17|19|20,0.4375,0.08,raw,test h19 bridge for short-share lift(19시 브리지로 숏비중 상승 시험),1039.45,1.4111591358,1.0150888672,1024,3.0750750751,67.67,12.1332564702,15.3605881484,904,120,0.1171875,53.125,31.61,1.2526878712,42,0.7526428571,47.619047619,42,24,-48.2,0,0,1,23.29,-2.4,0.9849854547,"entry_hour, p_short, short_margin_vs_long only; no exact month, no outcome-priority, no top_n(진입시점 시간, p_short, 숏-롱 마진만 사용, 정확 월/결과값 우선순위/top_n 없음)",research_development_proxy_scout_only_rule_surface_no_new_model_artifact_no_new_mt5_execution_no_forward_pass_no_live_readiness_no_operating_promotion_no_runtime_authority_no_goal_claim,"watch_short_share_below_target(관찰, 숏 비중 목표 미달)",False,False,-3.351416434
run364BQ_train_broad_clean_short_share_lift_scout_without_db_v1,bq02_h16_extension_overlap_safe__h16_17_20__ps4400__m0900__chronological_no_overlap,bq02_h16_extension_overlap_safe,bo91_broad_h16_17_20_ps0445_margin080_control,16|17|20,0.44,0.09,chronological_no_overlap,retry bo91 h16 lift with overlap guard(bo91 16시 상승을 겹침 가드로 재시도),1024.18,1.403913228,1.0070648968,1017,3.0540540541,77.615,14.8303333829,13.1957095922,903,114,0.1120943953,53.0973451327,35.25,1.3364797282,29,1.2156896552,44.8275862069,29,18,-29.29,0,0,1,23.29,-18.08,0.8869217054,"entry_hour, p_short, short_margin_vs_long only; no exact month, no outcome-priority, no top_n(진입시점 시간, p_short, 숏-롱 마진만 사용, 정확 월/결과값 우선순위/top_n 없음)",research_development_proxy_scout_only_rule_surface_no_new_model_artifact_no_new_mt5_execution_no_forward_pass_no_live_readiness_no_operating_promotion_no_runtime_authority_no_goal_claim,"watch_short_share_below_target(관찰, 숏 비중 목표 미달)",False,False,-5.337912501
run364BQ_train_broad_clean_short_share_lift_scout_without_db_v1,bq02_h16_extension_overlap_safe__h16_17_20__ps4425__m0900__chronological_no_overlap,bq02_h16_extension_overlap_safe,bo91_broad_h16_17_20_ps0445_margin080_control,16|17|20,0.4425,0.09,chronological_no_overlap,retry bo91 h16 lift with overlap guard(bo91 16시 상승을 겹침 가드로 재시도),1018.0,1.4010489466,1.0009882006,1017,3.0540540541,77.615,14.8303333829,13.1160858082,903,114,0.1120943953,52.9990167158,31.78,1.3032660151,28,1.1348214286,42.8571428571,28,17,-26.59,0,0,1,23.29,-18.08,0.8869217054,"entry_hour, p_short, short_margin_vs_long only; no exact month, no outcome-priority, no top_n(진입시점 시간, p_short, 숏-롱 마진만 사용, 정확 월/결과값 우선순위/top_n 없음)",research_development_proxy_scout_only_rule_surface_no_new_model_artifact_no_new_mt5_execution_no_forward_pass_no_live_readiness_no_operating_promotion_no_runtime_authority_no_goal_claim,"watch_short_share_below_target(관찰, 숏 비중 목표 미달)",False,False,-10.8914287115
run364BQ_train_broad_clean_short_share_lift_scout_without_db_v1,bq01_broad_clean_h17_20__h17_20__ps4475__m0750__chronological_no_overlap,bq01_broad_clean_h17_20,bo90_broad_h17_20_ps0440_margin080_control,17|20,0.4475,0.075,chronological_no_overlap,expand bo90 clean h17/h20 source(bo90 클린 17/20시 원천 확장),1010.63,1.4028060873,0.9966765286,1014,3.045045045,72.695,9.789310892,13.9023316597,905,109,0.107495069,53.2544378698,18.17,1.2658609388,22,0.8259090909,54.5454545455,22,14,-32.82,0,0,1,23.29,-18.08,0.8869217054,"entry_hour, p_short, short_margin_vs_long only; no exact month, no outcome-priority, no top_n(진입시점 시간, p_short, 숏-롱 마진만 사용, 정확 월/결과값 우선순위/top_n 없음)",research_development_proxy_scout_only_rule_surface_no_new_model_artifact_no_new_mt5_execution_no_forward_pass_no_live_readiness_no_operating_promotion_no_runtime_authority_no_goal_claim,"watch_short_share_below_target(관찰, 숏 비중 목표 미달)",False,False,-15.338054227
run364BQ_train_broad_clean_short_share_lift_scout_without_db_v1,bq03_high_short_pf_guardrail__h17_20__ps4475__m0750__chronological_no_overlap,bq03_high_short_pf_guardrail,bo05_h17_margin_075_105_or_h20_margin_08_10,17|20,0.4475,0.075,chronological_no_overlap,keep bo05 high synthetic PF as guardrail(bo05 높은 합성 PF를 가드레일로 유지),1010.63,1.4028060873,0.9966765286,1014,3.045045045,72.695,9.789310892,13.9023316597,905,109,0.107495069,53.2544378698,18.17,1.2658609388,22,0.8259090909,54.5454545455,22,14,-32.82,0,0,1,23.29,-18.08,0.8869217054,"entry_hour, p_short, short_margin_vs_long only; no exact month, no outcome-priority, no top_n(진입시점 시간, p_short, 숏-롱 마진만 사용, 정확 월/결과값 우선순위/top_n 없음)",research_development_proxy_scout_only_rule_surface_no_new_model_artifact_no_new_mt5_execution_no_forward_pass_no_live_readiness_no_operating_promotion_no_runtime_authority_no_goal_claim,"watch_short_share_below_target(관찰, 숏 비중 목표 미달)",False,False,-15.338054227
run364BQ_train_broad_clean_short_share_lift_scout_without_db_v1,bq01_broad_clean_h17_20__h17_20__ps4500__m0750__chronological_no_overlap,bq01_broad_clean_h17_20,bo90_broad_h17_20_ps0440_margin080_control,17|20,0.45,0.075,chronological_no_overlap,expand bo90 clean h17/h20 source(bo90 클린 17/20시 원천 확장),989.95,1.393129965,0.9772458045,1013,3.042042042,73.945,14.4168390608,13.3876529853,906,107,0.1056268509,53.2082922014,19.41,1.3492640443,17,1.1417647059,64.7058823529,17,10,-10.9,0,0,1,23.29,-18.08,0.8869217054,"entry_hour, p_short, short_margin_vs_long only; no exact month, no outcome-priority, no top_n(진입시점 시간, p_short, 숏-롱 마진만 사용, 정확 월/결과값 우선순위/top_n 없음)",research_development_proxy_scout_only_rule_surface_no_new_model_artifact_no_new_mt5_execution_no_forward_pass_no_live_readiness_no_operating_promotion_no_runtime_authority_no_goal_claim,"watch_short_share_below_target(관찰, 숏 비중 목표 미달)",False,False,-15.7072224415
run364BQ_train_broad_clean_short_share_lift_scout_without_db_v1,bq03_high_short_pf_guardrail__h17_20__ps4500__m0750__chronological_no_overlap,bq03_high_short_pf_guardrail,bo05_h17_margin_075_105_or_h20_margin_08_10,17|20,0.45,0.075,chronological_no_overlap,keep bo05 high synthetic PF as guardrail(bo05 높은 합성 PF를 가드레일로 유지),989.95,1.393129965,0.9772458045,1013,3.042042042,73.945,14.4168390608,13.3876529853,906,107,0.1056268509,53.2082922014,19.41,1.3492640443,17,1.1417647059,64.7058823529,17,10,-10.9,0,0,1,23.29,-18.08,0.8869217054,"entry_hour, p_short, short_margin_vs_long only; no exact month, no outcome-priority, no top_n(진입시점 시간, p_short, 숏-롱 마진만 사용, 정확 월/결과값 우선순위/top_n 없음)",research_development_proxy_scout_only_rule_surface_no_new_model_artifact_no_new_mt5_execution_no_forward_pass_no_live_readiness_no_operating_promotion_no_runtime_authority_no_goal_claim,"watch_short_share_below_target(관찰, 숏 비중 목표 미달)",False,False,-15.7072224415
run364BQ_train_broad_clean_short_share_lift_scout_without_db_v1,bq04_h19_bridge_short_share_lift__h17_19_20__ps4400__m0850__chronological_no_overlap,bq04_h19_bridge_short_share_lift,bo90_plus_h19_session_bridge,17|19|20,0.44,0.085,chronological_no_overlap,test h19 bridge for short-share lift(19시 브리지로 숏비중 상승 시험),1015.85,1.4017882251,0.9988672566,1017,3.0540540541,83.025,16.6753700617,12.2354471545,904,113,0.1111111111,53.0973451327,21.22,1.2024096845,30,0.7072666667,46.6666666667,30,19,-34.99,0,0,1,23.29,-2.4,0.9849854547,"entry_hour, p_short, short_margin_vs_long only; no exact month, no outcome-priority, no top_n(진입시점 시간, p_short, 숏-롱 마진만 사용, 정확 월/결과값 우선순위/top_n 없음)",research_development_proxy_scout_only_rule_surface_no_new_model_artifact_no_new_mt5_execution_no_forward_pass_no_live_readiness_no_operating_promotion_no_runtime_authority_no_goal_claim,"watch_short_share_below_target(관찰, 숏 비중 목표 미달)",False,False,-17.0593172035
run364BQ_train_broad_clean_short_share_lift_scout_without_db_v1,bq04_h19_bridge_short_share_lift__h17_19_20__ps4425__m0850__chronological_no_overlap,bq04_h19_bridge_short_share_lift,bo90_plus_h19_session_bridge,17|19|20,0.4425,0.085,chronological_no_overlap,test h19 bridge for short-share lift(19시 브리지로 숏비중 상승 시험),1013.35,1.4009576106,0.997394685,1016,3.0510510511,83.025,16.6753700617,12.2053959651,904,112,0.1102362205,53.0511811024,21.42,1.211811117,28,0.7651071429,46.4285714286,28,18,-32.29,0,0,1,23.29,-2.4,0.9849854547,"entry_hour, p_short, short_margin_vs_long only; no exact month, no outcome-priority, no top_n(진입시점 시간, p_short, 숏-롱 마진만 사용, 정확 월/결과값 우선순위/top_n 없음)",research_development_proxy_scout_only_rule_surface_no_new_model_artifact_no_new_mt5_execution_no_forward_pass_no_live_readiness_no_operating_promotion_no_runtime_authority_no_goal_claim,"watch_short_share_below_target(관찰, 숏 비중 목표 미달)",False,False,-17.073997871
run364BQ_train_broad_clean_short_share_lift_scout_without_db_v1,bq01_broad_clean_h17_20__h17_20__ps4475__m0750__raw,bq01_broad_clean_h17_20,bo90_broad_h17_20_ps0440_margin080_control,17|20,0.4475,0.075,raw,expand bo90 clean h17/h20 source(bo90 클린 17/20시 원천 확장),1010.63,1.4028060873,0.9966765286,1014,3.045045045,72.695,9.789310892,13.9023316597,905,109,0.107495069,53.2544378698,18.17,1.2658609388,22,0.8259090909,54.5454545455,22,14,-32.82,0,0,1,23.29,-18.08,0.8869217054,"entry_hour, p_short, short_margin_vs_long only; no exact month, no outcome-priority, no top_n(진입시점 시간, p_short, 숏-롱 마진만 사용, 정확 월/결과값 우선순위/top_n 없음)",research_development_proxy_scout_only_rule_surface_no_new_model_artifact_no_new_mt5_execution_no_forward_pass_no_live_readiness_no_operating_promotion_no_runtime_authority_no_goal_claim,"watch_short_share_below_target(관찰, 숏 비중 목표 미달)",False,False,-18.338054227
run364BQ_train_broad_clean_short_share_lift_scout_without_db_v1,bq03_high_short_pf_guardrail__h17_20__ps4475__m0750__raw,bq03_high_short_pf_guardrail,bo05_h17_margin_075_105_or_h20_margin_08_10,17|20,0.4475,0.075,raw,keep bo05 high synthetic PF as guardrail(bo05 높은 합성 PF를 가드레일로 유지),1010.63,1.4028060873,0.9966765286,1014,3.045045045,72.695,9.789310892,13.9023316597,905,109,0.107495069,53.2544378698,18.17,1.2658609388,22,0.8259090909,54.5454545455,22,14,-32.82,0,0,1,23.29,-18.08,0.8869217054,"entry_hour, p_short, short_margin_vs_long only; no exact month, no outcome-priority, no top_n(진입시점 시간, p_short, 숏-롱 마진만 사용, 정확 월/결과값 우선순위/top_n 없음)",research_development_proxy_scout_only_rule_surface_no_new_model_artifact_no_new_mt5_execution_no_forward_pass_no_live_readiness_no_operating_promotion_no_runtime_authority_no_goal_claim,"watch_short_share_below_target(관찰, 숏 비중 목표 미달)",False,False,-18.338054227
run364BQ_train_broad_clean_short_share_lift_scout_without_db_v1,bq04_h19_bridge_short_share_lift__h17_19_20__ps4375__m0850__chronological_no_overlap,bq04_h19_bridge_short_share_lift,bo90_plus_h19_session_bridge,17|19|20,0.4375,0.085,chronological_no_overlap,test h19 bridge for short-share lift(19시 브리지로 숏비중 상승 시험),1019.9,1.4038992659,1.0008861629,1019,3.0600600601,83.025,16.6753700617,12.2842878651,904,115,0.1128557409,53.091265947,18.44,1.1700097712,33,0.5588787879,45.4545454545,33,20,-41.82,0,0,1,23.29,-2.4,0.9849854547,"entry_hour, p_short, short_margin_vs_long only; no exact month, no outcome-priority, no top_n(진입시점 시간, p_short, 숏-롱 마진만 사용, 정확 월/결과값 우선순위/top_n 없음)",research_development_proxy_scout_only_rule_surface_no_new_model_artifact_no_new_mt5_execution_no_forward_pass_no_live_readiness_no_operating_promotion_no_runtime_authority_no_goal_claim,"watch_short_share_below_target(관찰, 숏 비중 목표 미달)",False,False,-18.521211215
run364BQ_train_broad_clean_short_share_lift_scout_without_db_v1,bq01_broad_clean_h17_20__h17_20__ps4500__m0750__raw,bq01_broad_clean_h17_20,bo90_broad_h17_20_ps0440_margin080_control,17|20,0.45,0.075,raw,expand bo90 clean h17/h20 source(bo90 클린 17/20시 원천 확장),989.95,1.393129965,0.9772458045,1013,3.042042042,73.945,14.4168390608,13.3876529853,906,107,0.1056268509,53.2082922014,19.41,1.3492640443,17,1.1417647059,64.7058823529,17,10,-10.9,0,0,1,23.29,-18.08,0.8869217054,"entry_hour, p_short, short_margin_vs_long only; no exact month, no outcome-priority, no top_n(진입시점 시간, p_short, 숏-롱 마진만 사용, 정확 월/결과값 우선순위/top_n 없음)",research_development_proxy_scout_only_rule_surface_no_new_model_artifact_no_new_mt5_execution_no_forward_pass_no_live_readiness_no_operating_promotion_no_runtime_authority_no_goal_claim,"watch_short_share_below_target(관찰, 숏 비중 목표 미달)",False,False,-18.7072224415
run364BQ_train_broad_clean_short_share_lift_scout_without_db_v1,bq03_high_short_pf_guardrail__h17_20__ps4500__m0750__raw,bq03_high_short_pf_guardrail,bo05_h17_margin_075_105_or_h20_margin_08_10,17|20,0.45,0.075,raw,keep bo05 high synthetic PF as guardrail(bo05 높은 합성 PF를 가드레일로 유지),989.95,1.393129965,0.9772458045,1013,3.042042042,73.945,14.4168390608,13.3876529853,906,107,0.1056268509,53.2082922014,19.41,1.3492640443,17,1.1417647059,64.7058823529,17,10,-10.9,0,0,1,23.29,-18.08,0.8869217054,"entry_hour, p_short, short_margin_vs_long only; no exact month, no outcome-priority, no top_n(진입시점 시간, p_short, 숏-롱 마진만 사용, 정확 월/결과값 우선순위/top_n 없음)",research_development_proxy_scout_only_rule_surface_no_new_model_artifact_no_new_mt5_execution_no_forward_pass_no_live_readiness_no_operating_promotion_no_runtime_authority_no_goal_claim,"watch_short_share_below_target(관찰, 숏 비중 목표 미달)",False,False,-18.7072224415
run364BQ_train_broad_clean_short_share_lift_scout_without_db_v1,bq04_h19_bridge_short_share_lift__h17_19_20__ps4400__m0850__raw,bq04_h19_bridge_short_share_lift,bo90_plus_h19_session_bridge,17|19|20,0.44,0.085,raw,test h19 bridge for short-share lift(19시 브리지로 숏비중 상승 시험),1015.85,1.4017882251,0.9988672566,1017,3.0540540541,83.025,16.6753700617,12.2354471545,904,113,0.1111111111,53.0973451327,21.22,1.2024096845,30,0.7072666667,46.6666666667,30,19,-34.99,0,0,1,23.29,-2.4,0.9849854547,"entry_hour, p_short, short_margin_vs_long only; no exact month, no outcome-priority, no top_n(진입시점 시간, p_short, 숏-롱 마진만 사용, 정확 월/결과값 우선순위/top_n 없음)",research_development_proxy_scout_only_rule_surface_no_new_model_artifact_no_new_mt5_execution_no_forward_pass_no_live_readiness_no_operating_promotion_no_runtime_authority_no_goal_claim,"watch_short_share_below_target(관찰, 숏 비중 목표 미달)",False,False,-20.0593172035
run364BQ_train_broad_clean_short_share_lift_scout_without_db_v1,bq04_h19_bridge_short_share_lift__h17_19_20__ps4425__m0850__raw,bq04_h19_bridge_short_share_lift,bo90_plus_h19_session_bridge,17|19|20,0.4425,0.085,raw,test h19 bridge for short-share lift(19시 브리지로 숏비중 상승 시험),1013.35,1.4009576106,0.997394685,1016,3.0510510511,83.025,16.6753700617,12.2053959651,904,112,0.1102362205,53.0511811024,21.42,1.211811117,28,0.7651071429,46.4285714286,28,18,-32.29,0,0,1,23.29,-2.4,0.9849854547,"entry_hour, p_short, short_margin_vs_long only; no exact month, no outcome-priority, no top_n(진입시점 시간, p_short, 숏-롱 마진만 사용, 정확 월/결과값 우선순위/top_n 없음)",research_development_proxy_scout_only_rule_surface_no_new_model_artifact_no_new_mt5_execution_no_forward_pass_no_live_readiness_no_operating_promotion_no_runtime_authority_no_goal_claim,"watch_short_share_below_target(관찰, 숏 비중 목표 미달)",False,False,-20.073997871
run364BQ_train_broad_clean_short_share_lift_scout_without_db_v1,bq04_h19_bridge_short_share_lift__h17_19_20__ps4375__m0850__raw,bq04_h19_bridge_short_share_lift,bo90_plus_h19_session_bridge,17|19|20,0.4375,0.085,raw,test h19 bridge for short-share lift(19시 브리지로 숏비중 상승 시험),1019.9,1.4038992659,1.0008861629,1019,3.0600600601,83.025,16.6753700617,12.2842878651,904,115,0.1128557409,53.091265947,18.44,1.1700097712,33,0.5588787879,45.4545454545,33,20,-41.82,0,0,1,23.29,-2.4,0.9849854547,"entry_hour, p_short, short_margin_vs_long only; no exact month, no outcome-priority, no top_n(진입시점 시간, p_short, 숏-롱 마진만 사용, 정확 월/결과값 우선순위/top_n 없음)",research_development_proxy_scout_only_rule_surface_no_new_model_artifact_no_new_mt5_execution_no_forward_pass_no_live_readiness_no_operating_promotion_no_runtime_authority_no_goal_claim,"watch_short_share_below_target(관찰, 숏 비중 목표 미달)",False,False,-21.521211215
run364BQ_train_broad_clean_short_share_lift_scout_without_db_v1,bq04_h19_bridge_short_share_lift__h17_19_20__ps4325__m0800__chronological_no_overlap,bq04_h19_bridge_short_share_lift,bo90_plus_h19_session_bridge,17|19|20,0.4325,0.08,chronological_no_overlap,test h19 bridge for short-share lift(19시 브리지로 숏비중 상승 시험),1023.11,1.4017910195,0.9971822612,1026,3.0810810811,67.67,12.1332564702,15.1190926555,904,122,0.1189083821,53.1189083821,13.79,1.0951943721,45,0.3064222222,46.6666666667,45,25,-49.68,0,0,1,23.29,-2.4,0.9849854547,"entry_hour, p_short, short_margin_vs_long only; no exact month, no outcome-priority, no top_n(진입시점 시간, p_short, 숏-롱 마진만 사용, 정확 월/결과값 우선순위/top_n 없음)",research_development_proxy_scout_only_rule_surface_no_new_model_artifact_no_new_mt5_execution_no_forward_pass_no_live_readiness_no_operating_promotion_no_runtime_authority_no_goal_claim,"watch_short_share_below_target(관찰, 숏 비중 목표 미달)",False,False,-21.9952409455
run364BQ_train_broad_clean_short_share_lift_scout_without_db_v1,bq04_h19_bridge_short_share_lift__h17_19_20__ps4350__m0800__chronological_no_overlap,bq04_h19_bridge_short_share_lift,bo90_plus_h19_session_bridge,17|19|20,0.435,0.08,chronological_no_overlap,test h19 bridge for short-share lift(19시 브리지로 숏비중 상승 시험),1023.11,1.4017910195,0.9971822612,1026,3.0810810811,67.67,12.1332564702,15.1190926555,904,122,0.1189083821,53.1189083821,13.79,1.0951943721,45,0.3064222222,46.6666666667,45,25,-49.68,0,0,1,23.29,-2.4,0.9849854547,"entry_hour, p_short, short_margin_vs_long only; no exact month, no outcome-priority, no top_n(진입시점 시간, p_short, 숏-롱 마진만 사용, 정확 월/결과값 우선순위/top_n 없음)",research_development_proxy_scout_only_rule_surface_no_new_model_artifact_no_new_mt5_execution_no_forward_pass_no_live_readiness_no_operating_promotion_no_runtime_authority_no_goal_claim,"watch_short_share_below_target(관찰, 숏 비중 목표 미달)",False,False,-21.9952409455
run364BQ_train_broad_clean_short_share_lift_scout_without_db_v1,bq04_h19_bridge_short_share_lift__h17_19_20__ps4325__m0850__chronological_no_overlap,bq04_h19_bridge_short_share_lift,bo90_plus_h19_session_bridge,17|19|20,0.4325,0.085,chronological_no_overlap,test h19 bridge for short-share lift(19시 브리지로 숏비중 상승 시험),1017.36,1.4024846411,0.9974078431,1020,3.0630630631,83.025,16.6753700617,12.2536103583,904,116,0.1137254902,53.0392156863,14.42,1.1281319717,35,0.4118857143,42.8571428571,35,21,-43.3,0,0,1,23.29,-2.4,0.9849854547,"entry_hour, p_short, short_margin_vs_long only; no exact month, no outcome-priority, no top_n(진입시점 시간, p_short, 숏-롱 마진만 사용, 정확 월/결과값 우선순위/top_n 없음)",research_development_proxy_scout_only_rule_surface_no_new_model_artifact_no_new_mt5_execution_no_forward_pass_no_live_readiness_no_operating_promotion_no_runtime_authority_no_goal_claim,"watch_short_share_below_target(관찰, 숏 비중 목표 미달)",False,False,-23.5303808795
run364BQ_train_broad_clean_short_share_lift_scout_without_db_v1,bq04_h19_bridge_short_share_lift__h17_19_20__ps4350__m0850__chronological_no_overlap,bq04_h19_bridge_short_share_lift,bo90_plus_h19_session_bridge,17|19|20,0.435,0.085,chronological_no_overlap,test h19 bridge for short-share lift(19시 브리지로 숏비중 상승 시험),1017.36,1.4024846411,0.9974078431,1020,3.0630630631,83.025,16.6753700617,12.2536103583,904,116,0.1137254902,53.0392156863,14.42,1.1281319717,35,0.4118857143,42.8571428571,35,21,-43.3,0,0,1,23.29,-2.4,0.9849854547,"entry_hour, p_short, short_margin_vs_long only; no exact month, no outcome-priority, no top_n(진입시점 시간, p_short, 숏-롱 마진만 사용, 정확 월/결과값 우선순위/top_n 없음)",research_development_proxy_scout_only_rule_surface_no_new_model_artifact_no_new_mt5_execution_no_forward_pass_no_live_readiness_no_operating_promotion_no_runtime_authority_no_goal_claim,"watch_short_share_below_target(관찰, 숏 비중 목표 미달)",False,False,-23.5303808795
run364BQ_train_broad_clean_short_share_lift_scout_without_db_v1,bq04_h19_bridge_short_share_lift__h17_19_20__ps4325__m0850__raw,bq04_h19_bridge_short_share_lift,bo90_plus_h19_session_bridge,17|19|20,0.4325,0.085,raw,test h19 bridge for short-share lift(19시 브리지로 숏비중 상승 시험),1017.36,1.4024846411,0.9974078431,1020,3.0630630631,83.025,16.6753700617,12.2536103583,904,116,0.1137254902,53.0392156863,14.42,1.1281319717,35,0.4118857143,42.8571428571,35,21,-43.3,0,0,1,23.29,-2.4,0.9849854547,"entry_hour, p_short, short_margin_vs_long only; no exact month, no outcome-priority, no top_n(진입시점 시간, p_short, 숏-롱 마진만 사용, 정확 월/결과값 우선순위/top_n 없음)",research_development_proxy_scout_only_rule_surface_no_new_model_artifact_no_new_mt5_execution_no_forward_pass_no_live_readiness_no_operating_promotion_no_runtime_authority_no_goal_claim,"watch_short_share_below_target(관찰, 숏 비중 목표 미달)",False,False,-26.5303808795
run364BQ_train_broad_clean_short_share_lift_scout_without_db_v1,bq04_h19_bridge_short_share_lift__h17_19_20__ps4350__m0850__raw,bq04_h19_bridge_short_share_lift,bo90_plus_h19_session_bridge,17|19|20,0.435,0.085,raw,test h19 bridge for short-share lift(19시 브리지로 숏비중 상승 시험),1017.36,1.4024846411,0.9974078431,1020,3.0630630631,83.025,16.6753700617,12.2536103583,904,116,0.1137254902,53.0392156863,14.42,1.1281319717,35,0.4118857143,42.8571428571,35,21,-43.3,0,0,1,23.29,-2.4,0.9849854547,"entry_hour, p_short, short_margin_vs_long only; no exact month, no outcome-priority, no top_n(진입시점 시간, p_short, 숏-롱 마진만 사용, 정확 월/결과값 우선순위/top_n 없음)",research_development_proxy_scout_only_rule_surface_no_new_model_artifact_no_new_mt5_execution_no_forward_pass_no_live_readiness_no_operating_promotion_no_runtime_authority_no_goal_claim,"watch_short_share_below_target(관찰, 숏 비중 목표 미달)",False,False,-26.5303808795
run364BQ_train_broad_clean_short_share_lift_scout_without_db_v1,bq02_h16_extension_overlap_safe__h16_17_20__ps4500__m0900__chronological_no_overlap,bq02_h16_extension_overlap_safe,bo91_broad_h16_17_20_ps0445_margin080_control,16|17|20,0.45,0.09,chronological_no_overlap,retry bo91 h16 lift with overlap guard(bo91 16시 상승을 겹침 가드로 재시도),1008.83,1.3976180604,0.9929399606,1016,3.0510510511,77.615,14.8303333829,12.9978354699,904,112,0.1102362205,53.0511811024,13.68,1.1460188329,23,0.5946521739,43.4782608696,23,13,-35.51,0,0,1,23.29,-18.08,0.8869217054,"entry_hour, p_short, short_margin_vs_long only; no exact month, no outcome-priority, no top_n(진입시점 시간, p_short, 숏-롱 마진만 사용, 정확 월/결과값 우선순위/top_n 없음)",research_development_proxy_scout_only_rule_surface_no_new_model_artifact_no_new_mt5_execution_no_forward_pass_no_live_readiness_no_operating_promotion_no_runtime_authority_no_goal_claim,"watch_short_share_below_target(관찰, 숏 비중 목표 미달)",False,False,-29.2327793985
run364BQ_train_broad_clean_short_share_lift_scout_without_db_v1,bq02_h16_extension_overlap_safe__h16_17_20__ps4550__m0900__chronological_no_overlap,bq02_h16_extension_overlap_safe,bo91_broad_h16_17_20_ps0445_margin080_control,16|17|20,0.455,0.09,chronological_no_overlap,retry bo91 h16 lift with overlap guard(bo91 16시 상승을 겹침 가드로 재시도),1008.83,1.3976180604,0.9929399606,1016,3.0510510511,77.615,14.8303333829,12.9978354699,904,112,0.1102362205,53.0511811024,13.68,1.1460188329,23,0.5946521739,43.4782608696,23,13,-35.51,0,0,1,23.29,-18.08,0.8869217054,"entry_hour, p_short, short_margin_vs_long only; no exact month, no outcome-priority, no top_n(진입시점 시간, p_short, 숏-롱 마진만 사용, 정확 월/결과값 우선순위/top_n 없음)",research_development_proxy_scout_only_rule_surface_no_new_model_artifact_no_new_mt5_execution_no_forward_pass_no_live_readiness_no_operating_promotion_no_runtime_authority_no_goal_claim,"watch_short_share_below_target(관찰, 숏 비중 목표 미달)",False,False,-29.2327793985
run364BQ_train_broad_clean_short_share_lift_scout_without_db_v1,bq01_broad_clean_h17_20__h17_20__ps4550__m0750__chronological_no_overlap,bq01_broad_clean_h17_20,bo90_broad_h17_20_ps0440_margin080_control,17|20,0.455,0.075,chronological_no_overlap,expand bo90 clean h17/h20 source(bo90 클린 17/20시 원천 확장),987.66,1.3922213521,0.9759505929,1012,3.039039039,73.945,14.4168390608,13.356711069,906,106,0.104743083,53.162055336,11.55,1.2078669882,15,0.7701333333,60.0,15,9,-16.47,0,0,1,23.29,-18.08,0.8869217054,"entry_hour, p_short, short_margin_vs_long only; no exact month, no outcome-priority, no top_n(진입시점 시간, p_short, 숏-롱 마진만 사용, 정확 월/결과값 우선순위/top_n 없음)",research_development_proxy_scout_only_rule_surface_no_new_model_artifact_no_new_mt5_execution_no_forward_pass_no_live_readiness_no_operating_promotion_no_runtime_authority_no_goal_claim,"watch_short_share_below_target(관찰, 숏 비중 목표 미달)",False,False,-29.999579222
run364BQ_train_broad_clean_short_share_lift_scout_without_db_v1,bq03_high_short_pf_guardrail__h17_20__ps4550__m0750__chronological_no_overlap,bq03_high_short_pf_guardrail,bo05_h17_margin_075_105_or_h20_margin_08_10,17|20,0.455,0.075,chronological_no_overlap,keep bo05 high synthetic PF as guardrail(bo05 높은 합성 PF를 가드레일로 유지),987.66,1.3922213521,0.9759505929,1012,3.039039039,73.945,14.4168390608,13.356711069,906,106,0.104743083,53.162055336,11.55,1.2078669882,15,0.7701333333,60.0,15,9,-16.47,0,0,1,23.29,-18.08,0.8869217054,"entry_hour, p_short, short_margin_vs_long only; no exact month, no outcome-priority, no top_n(진입시점 시간, p_short, 숏-롱 마진만 사용, 정확 월/결과값 우선순위/top_n 없음)",research_development_proxy_scout_only_rule_surface_no_new_model_artifact_no_new_mt5_execution_no_forward_pass_no_live_readiness_no_operating_promotion_no_runtime_authority_no_goal_claim,"watch_short_share_below_target(관찰, 숏 비중 목표 미달)",False,False,-29.999579222
run364BQ_train_broad_clean_short_share_lift_scout_without_db_v1,bq02_h16_extension_overlap_safe__h16_17_20__ps4475__m0900__chronological_no_overlap,bq02_h16_extension_overlap_safe,bo91_broad_h16_17_20_ps0445_margin080_control,16|17|20,0.4475,0.09,chronological_no_overlap,retry bo91 h16 lift with overlap guard(bo91 16시 상승을 겹침 가드로 재시도),1009.11,1.397772317,0.9932155512,1016,3.0510510511,77.615,14.8303333829,13.00144302,904,112,0.1102362205,53.0511811024,12.56,1.1324773701,24,0.5232083333,41.6666666667,24,14,-36.91,0,0,1,23.29,-18.08,0.8869217054,"entry_hour, p_short, short_margin_vs_long only; no exact month, no outcome-priority, no top_n(진입시점 시간, p_short, 숏-롱 마진만 사용, 정확 월/결과값 우선순위/top_n 없음)",research_development_proxy_scout_only_rule_surface_no_new_model_artifact_no_new_mt5_execution_no_forward_pass_no_live_readiness_no_operating_promotion_no_runtime_authority_no_goal_claim,"watch_short_share_below_target(관찰, 숏 비중 목표 미달)",False,False,-30.4059096105
run364BQ_train_broad_clean_short_share_lift_scout_without_db_v1,bq01_broad_clean_h17_20__h17_20__ps4550__m0750__raw,bq01_broad_clean_h17_20,bo90_broad_h17_20_ps0440_margin080_control,17|20,0.455,0.075,raw,expand bo90 clean h17/h20 source(bo90 클린 17/20시 원천 확장),987.66,1.3922213521,0.9759505929,1012,3.039039039,73.945,14.4168390608,13.356711069,906,106,0.104743083,53.162055336,11.55,1.2078669882,15,0.7701333333,60.0,15,9,-16.47,0,0,1,23.29,-18.08,0.8869217054,"entry_hour, p_short, short_margin_vs_long only; no exact month, no outcome-priority, no top_n(진입시점 시간, p_short, 숏-롱 마진만 사용, 정확 월/결과값 우선순위/top_n 없음)",research_development_proxy_scout_only_rule_surface_no_new_model_artifact_no_new_mt5_execution_no_forward_pass_no_live_readiness_no_operating_promotion_no_runtime_authority_no_goal_claim,"watch_short_share_below_target(관찰, 숏 비중 목표 미달)",False,False,-32.999579222
run364BQ_train_broad_clean_short_share_lift_scout_without_db_v1,bq03_high_short_pf_guardrail__h17_20__ps4550__m0750__raw,bq03_high_short_pf_guardrail,bo05_h17_margin_075_105_or_h20_margin_08_10,17|20,0.455,0.075,raw,keep bo05 high synthetic PF as guardrail(bo05 높은 합성 PF를 가드레일로 유지),987.66,1.3922213521,0.9759505929,1012,3.039039039,73.945,14.4168390608,13.356711069,906,106,0.104743083,53.162055336,11.55,1.2078669882,15,0.7701333333,60.0,15,9,-16.47,0,0,1,23.29,-18.08,0.8869217054,"entry_hour, p_short, short_margin_vs_long only; no exact month, no outcome-priority, no top_n(진입시점 시간, p_short, 숏-롱 마진만 사용, 정확 월/결과값 우선순위/top_n 없음)",research_development_proxy_scout_only_rule_surface_no_new_model_artifact_no_new_mt5_execution_no_forward_pass_no_live_readiness_no_operating_promotion_no_runtime_authority_no_goal_claim,"watch_short_share_below_target(관찰, 숏 비중 목표 미달)",False,False,-32.999579222
run364BQ_train_broad_clean_short_share_lift_scout_without_db_v1,bq02_h16_extension_overlap_safe__h16_17_20__ps4450__m0950__chronological_no_overlap,bq02_h16_extension_overlap_safe,bo91_broad_h16_17_20_ps0445_margin080_control,16|17|20,0.445,0.095,chronological_no_overlap,retry bo91 h16 lift with overlap guard(bo91 16시 상승을 겹침 가드로 재시도),993.91,1.3937109026,0.9782568898,1016,3.0510510511,77.615,14.4168390608,12.805630355,905,111,0.1092519685,52.9527559055,4.03,1.0580681425,21,0.1918571429,42.8571428571,21,11,-30.24,0,0,1,23.29,-18.08,0.8869217054,"entry_hour, p_short, short_margin_vs_long only; no exact month, no outcome-priority, no top_n(진입시점 시간, p_short, 숏-롱 마진만 사용, 정확 월/결과값 우선순위/top_n 없음)",research_development_proxy_scout_only_rule_surface_no_new_model_artifact_no_new_mt5_execution_no_forward_pass_no_live_readiness_no_operating_promotion_no_runtime_authority_no_goal_claim,"watch_short_share_below_target(관찰, 숏 비중 목표 미달)",False,False,-42.8064549685
run364BQ_train_broad_clean_short_share_lift_scout_without_db_v1,bq02_h16_extension_overlap_safe__h16_17_20__ps4475__m0950__chronological_no_overlap,bq02_h16_extension_overlap_safe,bo91_broad_h16_17_20_ps0445_margin080_control,16|17|20,0.4475,0.095,chronological_no_overlap,retry bo91 h16 lift with overlap guard(bo91 16시 상승을 겹침 가드로 재시도),992.43,1.3931234512,0.9767972441,1016,3.0510510511,77.615,14.4168390608,12.7865232236,905,111,0.1092519685,52.9527559055,0.74,1.0106076329,20,0.0368,40.0,20,10,-32.05,0,0,1,23.29,-18.08,0.8869217054,"entry_hour, p_short, short_margin_vs_long only; no exact month, no outcome-priority, no top_n(진입시점 시간, p_short, 숏-롱 마진만 사용, 정확 월/결과값 우선순위/top_n 없음)",research_development_proxy_scout_only_rule_surface_no_new_model_artifact_no_new_mt5_execution_no_forward_pass_no_live_readiness_no_operating_promotion_no_runtime_authority_no_goal_claim,"watch_short_share_below_target(관찰, 숏 비중 목표 미달)",False,False,-47.8708191465
run364BQ_train_broad_clean_short_share_lift_scout_without_db_v1,bq02_h16_extension_overlap_safe__h16_17_20__ps4500__m0950__chronological_no_overlap,bq02_h16_extension_overlap_safe,bo91_broad_h16_17_20_ps0445_margin080_control,16|17|20,0.45,0.095,chronological_no_overlap,retry bo91 h16 lift with overlap guard(bo91 16시 상승을 겹침 가드로 재시도),992.43,1.3931234512,0.9767972441,1016,3.0510510511,77.615,14.4168390608,12.7865232236,905,111,0.1092519685,52.9527559055,0.74,1.0106076329,20,0.0368,40.0,20,10,-32.05,0,0,1,23.29,-18.08,0.8869217054,"entry_hour, p_short, short_margin_vs_long only; no exact month, no outcome-priority, no top_n(진입시점 시간, p_short, 숏-롱 마진만 사용, 정확 월/결과값 우선순위/top_n 없음)",research_development_proxy_scout_only_rule_surface_no_new_model_artifact_no_new_mt5_execution_no_forward_pass_no_live_readiness_no_operating_promotion_no_runtime_authority_no_goal_claim,"watch_short_share_below_target(관찰, 숏 비중 목표 미달)",False,False,-47.8708191465
run364BQ_train_broad_clean_short_share_lift_scout_without_db_v1,bq02_h16_extension_overlap_safe__h16_17_20__ps4550__m0950__chronological_no_overlap,bq02_h16_extension_overlap_safe,bo91_broad_h16_17_20_ps0445_margin080_control,16|17|20,0.455,0.095,chronological_no_overlap,retry bo91 h16 lift with overlap guard(bo91 16시 상승을 겹침 가드로 재시도),992.43,1.3931234512,0.9767972441,1016,3.0510510511,77.615,14.4168390608,12.7865232236,905,111,0.1092519685,52.9527559055,0.74,1.0106076329,20,0.0368,40.0,20,10,-32.05,0,0,1,23.29,-18.08,0.8869217054,"entry_hour, p_short, short_margin_vs_long only; no exact month, no outcome-priority, no top_n(진입시점 시간, p_short, 숏-롱 마진만 사용, 정확 월/결과값 우선순위/top_n 없음)",research_development_proxy_scout_only_rule_surface_no_new_model_artifact_no_new_mt5_execution_no_forward_pass_no_live_readiness_no_operating_promotion_no_runtime_authority_no_goal_claim,"watch_short_share_below_target(관찰, 숏 비중 목표 미달)",False,False,-47.8708191465
run364BQ_train_broad_clean_short_share_lift_scout_without_db_v1,bq02_h16_extension_overlap_safe__h16_17_20__ps4350__m0950__chronological_no_overlap,bq02_h16_extension_overlap_safe,bo91_broad_h16_17_20_ps0445_margin080_control,16|17|20,0.435,0.095,chronological_no_overlap,retry bo91 h16 lift with overlap guard(bo91 16시 상승을 겹침 가드로 재시도),999.57,1.3962979512,0.9838326772,1016,3.0510510511,77.615,14.4168390608,12.8786188237,904,112,0.1102362205,53.0511811024,-1.54,0.9804154076,23,-0.0667826087,43.4782608696,23,13,-41.47,0,0,1,23.29,-18.08,0.8869217054,"entry_hour, p_short, short_margin_vs_long only; no exact month, no outcome-priority, no top_n(진입시점 시간, p_short, 숏-롱 마진만 사용, 정확 월/결과값 우선순위/top_n 없음)",research_development_proxy_scout_only_rule_surface_no_new_model_artifact_no_new_mt5_execution_no_forward_pass_no_live_readiness_no_operating_promotion_no_runtime_authority_no_goal_claim,"watch_short_share_below_target(관찰, 숏 비중 목표 미달)",False,False,-47.99392555
run364BQ_train_broad_clean_short_share_lift_scout_without_db_v1,bq02_h16_extension_overlap_safe__h16_17_20__ps4400__m0950__chronological_no_overlap,bq02_h16_extension_overlap_safe,bo91_broad_h16_17_20_ps0445_margin080_control,16|17|20,0.44,0.095,chronological_no_overlap,retry bo91 h16 lift with overlap guard(bo91 16시 상승을 겹침 가드로 재시도),999.57,1.3962979512,0.9838326772,1016,3.0510510511,77.615,14.4168390608,12.8786188237,904,112,0.1102362205,53.0511811024,-1.54,0.9804154076,23,-0.0667826087,43.4782608696,23,13,-41.47,0,0,1,23.29,-18.08,0.8869217054,"entry_hour, p_short, short_margin_vs_long only; no exact month, no outcome-priority, no top_n(진입시점 시간, p_short, 숏-롱 마진만 사용, 정확 월/결과값 우선순위/top_n 없음)",research_development_proxy_scout_only_rule_surface_no_new_model_artifact_no_new_mt5_execution_no_forward_pass_no_live_readiness_no_operating_promotion_no_runtime_authority_no_goal_claim,"watch_short_share_below_target(관찰, 숏 비중 목표 미달)",False,False,-47.99392555
run364BQ_train_broad_clean_short_share_lift_scout_without_db_v1,bq02_h16_extension_overlap_safe__h16_17_20__ps4425__m0950__chronological_no_overlap,bq02_h16_extension_overlap_safe,bo91_broad_h16_17_20_ps0445_margin080_control,16|17|20,0.4425,0.095,chronological_no_overlap,retry bo91 h16 lift with overlap guard(bo91 16시 상승을 겹침 가드로 재시도),993.39,1.3934266384,0.97775,1016,3.0510510511,77.615,14.4168390608,12.7989950396,904,112,0.1102362205,52.9527559055,-5.02,0.9360440653,22,-0.228,40.9090909091,22,12,-38.77,0,0,1,23.29,-18.08,0.8869217054,"entry_hour, p_short, short_margin_vs_long only; no exact month, no outcome-priority, no top_n(진입시점 시간, p_short, 숏-롱 마진만 사용, 정확 월/결과값 우선순위/top_n 없음)",research_development_proxy_scout_only_rule_surface_no_new_model_artifact_no_new_mt5_execution_no_forward_pass_no_live_readiness_no_operating_promotion_no_runtime_authority_no_goal_claim,"watch_short_share_below_target(관찰, 숏 비중 목표 미달)",False,False,-54.6087525005
run364BQ_train_broad_clean_short_share_lift_scout_without_db_v1,bq03_high_short_pf_guardrail__h17_20__ps4450__m1000__chronological_no_overlap,bq03_high_short_pf_guardrail,bo05_h17_margin_075_105_or_h20_margin_08_10,17|20,0.445,0.1,chronological_no_overlap,keep bo05 high synthetic PF as guardrail(bo05 높은 합성 PF를 가드레일로 유지),974.15,1.3890640657,0.9683359841,1006,3.021021021,73.945,14.4168390608,13.173926567,906,100,0.0994035785,53.0815109344,-19.72,0.5081174094,6,-3.2873333333,50.0,6,6,-34.23,0,0,1,23.29,-18.08,0.8869217054,"entry_hour, p_short, short_margin_vs_long only; no exact month, no outcome-priority, no top_n(진입시점 시간, p_short, 숏-롱 마진만 사용, 정확 월/결과값 우선순위/top_n 없음)",research_development_proxy_scout_only_rule_surface_no_new_model_artifact_no_new_mt5_execution_no_forward_pass_no_live_readiness_no_operating_promotion_no_runtime_authority_no_goal_claim,"watch_short_share_below_target(관찰, 숏 비중 목표 미달)",False,False,-101.128673624
run364BQ_train_broad_clean_short_share_lift_scout_without_db_v1,bq03_high_short_pf_guardrail__h17_20__ps4475__m1000__chronological_no_overlap,bq03_high_short_pf_guardrail,bo05_h17_margin_075_105_or_h20_margin_08_10,17|20,0.4475,0.1,chronological_no_overlap,keep bo05 high synthetic PF as guardrail(bo05 높은 합성 PF를 가드레일로 유지),974.15,1.3890640657,0.9683359841,1006,3.021021021,73.945,14.4168390608,13.173926567,906,100,0.0994035785,53.0815109344,-19.72,0.5081174094,6,-3.2873333333,50.0,6,6,-34.23,0,0,1,23.29,-18.08,0.8869217054,"entry_hour, p_short, short_margin_vs_long only; no exact month, no outcome-priority, no top_n(진입시점 시간, p_short, 숏-롱 마진만 사용, 정확 월/결과값 우선순위/top_n 없음)",research_development_proxy_scout_only_rule_surface_no_new_model_artifact_no_new_mt5_execution_no_forward_pass_no_live_readiness_no_operating_promotion_no_runtime_authority_no_goal_claim,"watch_short_share_below_target(관찰, 숏 비중 목표 미달)",False,False,-101.128673624
run364BQ_train_broad_clean_short_share_lift_scout_without_db_v1,bq03_high_short_pf_guardrail__h17_20__ps4500__m1000__chronological_no_overlap,bq03_high_short_pf_guardrail,bo05_h17_margin_075_105_or_h20_margin_08_10,17|20,0.45,0.1,chronological_no_overlap,keep bo05 high synthetic PF as guardrail(bo05 높은 합성 PF를 가드레일로 유지),974.15,1.3890640657,0.9683359841,1006,3.021021021,73.945,14.4168390608,13.173926567,906,100,0.0994035785,53.0815109344,-19.72,0.5081174094,6,-3.2873333333,50.0,6,6,-34.23,0,0,1,23.29,-18.08,0.8869217054,"entry_hour, p_short, short_margin_vs_long only; no exact month, no outcome-priority, no top_n(진입시점 시간, p_short, 숏-롱 마진만 사용, 정확 월/결과값 우선순위/top_n 없음)",research_development_proxy_scout_only_rule_surface_no_new_model_artifact_no_new_mt5_execution_no_forward_pass_no_live_readiness_no_operating_promotion_no_runtime_authority_no_goal_claim,"watch_short_share_below_target(관찰, 숏 비중 목표 미달)",False,False,-101.128673624
run364BQ_train_broad_clean_short_share_lift_scout_without_db_v1,bq03_high_short_pf_guardrail__h17_20__ps4550__m1000__chronological_no_overlap,bq03_high_short_pf_guardrail,bo05_h17_margin_075_105_or_h20_margin_08_10,17|20,0.455,0.1,chronological_no_overlap,keep bo05 high synthetic PF as guardrail(bo05 높은 합성 PF를 가드레일로 유지),974.15,1.3890640657,0.9683359841,1006,3.021021021,73.945,14.4168390608,13.173926567,906,100,0.0994035785,53.0815109344,-19.72,0.5081174094,6,-3.2873333333,50.0,6,6,-34.23,0,0,1,23.29,-18.08,0.8869217054,"entry_hour, p_short, short_margin_vs_long only; no exact month, no outcome-priority, no top_n(진입시점 시간, p_short, 숏-롱 마진만 사용, 정확 월/결과값 우선순위/top_n 없음)",research_development_proxy_scout_only_rule_surface_no_new_model_artifact_no_new_mt5_execution_no_forward_pass_no_live_readiness_no_operating_promotion_no_runtime_authority_no_goal_claim,"watch_short_share_below_target(관찰, 숏 비중 목표 미달)",False,False,-101.128673624
run364BQ_train_broad_clean_short_share_lift_scout_without_db_v1,bq03_high_short_pf_guardrail__h17_20__ps4600__m1000__chronological_no_overlap,bq03_high_short_pf_guardrail,bo05_h17_margin_075_105_or_h20_margin_08_10,17|20,0.46,0.1,chronological_no_overlap,keep bo05 high synthetic PF as guardrail(bo05 높은 합성 PF를 가드레일로 유지),974.15,1.3890640657,0.9683359841,1006,3.021021021,73.945,14.4168390608,13.173926567,906,100,0.0994035785,53.0815109344,-19.72,0.5081174094,6,-3.2873333333,50.0,6,6,-34.23,0,0,1,23.29,-18.08,0.8869217054,"entry_hour, p_short, short_margin_vs_long only; no exact month, no outcome-priority, no top_n(진입시점 시간, p_short, 숏-롱 마진만 사용, 정확 월/결과값 우선순위/top_n 없음)",research_development_proxy_scout_only_rule_surface_no_new_model_artifact_no_new_mt5_execution_no_forward_pass_no_live_readiness_no_operating_promotion_no_runtime_authority_no_goal_claim,"watch_short_share_below_target(관찰, 숏 비중 목표 미달)",False,False,-101.128673624
run364BQ_train_broad_clean_short_share_lift_scout_without_db_v1,bq03_high_short_pf_guardrail__h17_20__ps4650__m1000__chronological_no_overlap,bq03_high_short_pf_guardrail,bo05_h17_margin_075_105_or_h20_margin_08_10,17|20,0.465,0.1,chronological_no_overlap,keep bo05 high synthetic PF as guardrail(bo05 높은 합성 PF를 가드레일로 유지),974.15,1.3890640657,0.9683359841,1006,3.021021021,73.945,14.4168390608,13.173926567,906,100,0.0994035785,53.0815109344,-19.72,0.5081174094,6,-3.2873333333,50.0,6,6,-34.23,0,0,1,23.29,-18.08,0.8869217054,"entry_hour, p_short, short_margin_vs_long only; no exact month, no outcome-priority, no top_n(진입시점 시간, p_short, 숏-롱 마진만 사용, 정확 월/결과값 우선순위/top_n 없음)",research_development_proxy_scout_only_rule_surface_no_new_model_artifact_no_new_mt5_execution_no_forward_pass_no_live_readiness_no_operating_promotion_no_runtime_authority_no_goal_claim,"watch_short_share_below_target(관찰, 숏 비중 목표 미달)",False,False,-101.128673624
run364BQ_train_broad_clean_short_share_lift_scout_without_db_v1,bq03_high_short_pf_guardrail__h17_20__ps4450__m1000__raw,bq03_high_short_pf_guardrail,bo05_h17_margin_075_105_or_h20_margin_08_10,17|20,0.445,0.1,raw,keep bo05 high synthetic PF as guardrail(bo05 높은 합성 PF를 가드레일로 유지),974.15,1.3890640657,0.9683359841,1006,3.021021021,73.945,14.4168390608,13.173926567,906,100,0.0994035785,53.0815109344,-19.72,0.5081174094,6,-3.2873333333,50.0,6,6,-34.23,0,0,1,23.29,-18.08,0.8869217054,"entry_hour, p_short, short_margin_vs_long only; no exact month, no outcome-priority, no top_n(진입시점 시간, p_short, 숏-롱 마진만 사용, 정확 월/결과값 우선순위/top_n 없음)",research_development_proxy_scout_only_rule_surface_no_new_model_artifact_no_new_mt5_execution_no_forward_pass_no_live_readiness_no_operating_promotion_no_runtime_authority_no_goal_claim,"watch_short_share_below_target(관찰, 숏 비중 목표 미달)",False,False,-104.128673624
run364BQ_train_broad_clean_short_share_lift_scout_without_db_v1,bq03_high_short_pf_guardrail__h17_20__ps4475__m1000__raw,bq03_high_short_pf_guardrail,bo05_h17_margin_075_105_or_h20_margin_08_10,17|20,0.4475,0.1,raw,keep bo05 high synthetic PF as guardrail(bo05 높은 합성 PF를 가드레일로 유지),974.15,1.3890640657,0.9683359841,1006,3.021021021,73.945,14.4168390608,13.173926567,906,100,0.0994035785,53.0815109344,-19.72,0.5081174094,6,-3.2873333333,50.0,6,6,-34.23,0,0,1,23.29,-18.08,0.8869217054,"entry_hour, p_short, short_margin_vs_long only; no exact month, no outcome-priority, no top_n(진입시점 시간, p_short, 숏-롱 마진만 사용, 정확 월/결과값 우선순위/top_n 없음)",research_development_proxy_scout_only_rule_surface_no_new_model_artifact_no_new_mt5_execution_no_forward_pass_no_live_readiness_no_operating_promotion_no_runtime_authority_no_goal_claim,"watch_short_share_below_target(관찰, 숏 비중 목표 미달)",False,False,-104.128673624
run364BQ_train_broad_clean_short_share_lift_scout_without_db_v1,bq03_high_short_pf_guardrail__h17_20__ps4500__m1000__raw,bq03_high_short_pf_guardrail,bo05_h17_margin_075_105_or_h20_margin_08_10,17|20,0.45,0.1,raw,keep bo05 high synthetic PF as guardrail(bo05 높은 합성 PF를 가드레일로 유지),974.15,1.3890640657,0.9683359841,1006,3.021021021,73.945,14.4168390608,13.173926567,906,100,0.0994035785,53.0815109344,-19.72,0.5081174094,6,-3.2873333333,50.0,6,6,-34.23,0,0,1,23.29,-18.08,0.8869217054,"entry_hour, p_short, short_margin_vs_long only; no exact month, no outcome-priority, no top_n(진입시점 시간, p_short, 숏-롱 마진만 사용, 정확 월/결과값 우선순위/top_n 없음)",research_development_proxy_scout_only_rule_surface_no_new_model_artifact_no_new_mt5_execution_no_forward_pass_no_live_readiness_no_operating_promotion_no_runtime_authority_no_goal_claim,"watch_short_share_below_target(관찰, 숏 비중 목표 미달)",False,False,-104.128673624
run364BQ_train_broad_clean_short_share_lift_scout_without_db_v1,bq03_high_short_pf_guardrail__h17_20__ps4550__m1000__raw,bq03_high_short_pf_guardrail,bo05_h17_margin_075_105_or_h20_margin_08_10,17|20,0.455,0.1,raw,keep bo05 high synthetic PF as guardrail(bo05 높은 합성 PF를 가드레일로 유지),974.15,1.3890640657,0.9683359841,1006,3.021021021,73.945,14.4168390608,13.173926567,906,100,0.0994035785,53.0815109344,-19.72,0.5081174094,6,-3.2873333333,50.0,6,6,-34.23,0,0,1,23.29,-18.08,0.8869217054,"entry_hour, p_short, short_margin_vs_long only; no exact month, no outcome-priority, no top_n(진입시점 시간, p_short, 숏-롱 마진만 사용, 정확 월/결과값 우선순위/top_n 없음)",research_development_proxy_scout_only_rule_surface_no_new_model_artifact_no_new_mt5_execution_no_forward_pass_no_live_readiness_no_operating_promotion_no_runtime_authority_no_goal_claim,"watch_short_share_below_target(관찰, 숏 비중 목표 미달)",False,False,-104.128673624
run364BQ_train_broad_clean_short_share_lift_scout_without_db_v1,bq03_high_short_pf_guardrail__h17_20__ps4600__m1000__raw,bq03_high_short_pf_guardrail,bo05_h17_margin_075_105_or_h20_margin_08_10,17|20,0.46,0.1,raw,keep bo05 high synthetic PF as guardrail(bo05 높은 합성 PF를 가드레일로 유지),974.15,1.3890640657,0.9683359841,1006,3.021021021,73.945,14.4168390608,13.173926567,906,100,0.0994035785,53.0815109344,-19.72,0.5081174094,6,-3.2873333333,50.0,6,6,-34.23,0,0,1,23.29,-18.08,0.8869217054,"entry_hour, p_short, short_margin_vs_long only; no exact month, no outcome-priority, no top_n(진입시점 시간, p_short, 숏-롱 마진만 사용, 정확 월/결과값 우선순위/top_n 없음)",research_development_proxy_scout_only_rule_surface_no_new_model_artifact_no_new_mt5_execution_no_forward_pass_no_live_readiness_no_operating_promotion_no_runtime_authority_no_goal_claim,"watch_short_share_below_target(관찰, 숏 비중 목표 미달)",False,False,-104.128673624
run364BQ_train_broad_clean_short_share_lift_scout_without_db_v1,bq03_high_short_pf_guardrail__h17_20__ps4650__m1000__raw,bq03_high_short_pf_guardrail,bo05_h17_margin_075_105_or_h20_margin_08_10,17|20,0.465,0.1,raw,keep bo05 high synthetic PF as guardrail(bo05 높은 합성 PF를 가드레일로 유지),974.15,1.3890640657,0.9683359841,1006,3.021021021,73.945,14.4168390608,13.173926567,906,100,0.0994035785,53.0815109344,-19.72,0.5081174094,6,-3.2873333333,50.0,6,6,-34.23,0,0,1,23.29,-18.08,0.8869217054,"entry_hour, p_short, short_margin_vs_long only; no exact month, no outcome-priority, no top_n(진입시점 시간, p_short, 숏-롱 마진만 사용, 정확 월/결과값 우선순위/top_n 없음)",research_development_proxy_scout_only_rule_surface_no_new_model_artifact_no_new_mt5_execution_no_forward_pass_no_live_readiness_no_operating_promotion_no_runtime_authority_no_goal_claim,"watch_short_share_below_target(관찰, 숏 비중 목표 미달)",False,False,-104.128673624
run364BQ_train_broad_clean_short_share_lift_scout_without_db_v1,bq04_h19_bridge_short_share_lift__h17_19_20__ps4325__m0800__raw,bq04_h19_bridge_short_share_lift,bo90_plus_h19_session_bridge,17|19|20,0.4325,0.08,raw,test h19 bridge for short-share lift(19시 브리지로 숏비중 상승 시험),1021.99,1.4011747245,0.99512074,1027,3.0840840841,67.67,12.1332564702,15.1025417467,904,123,0.1197663096,53.0671859786,12.67,1.086791212,46,0.2754130435,45.652173913,46,26,-51.08,1,0,1,23.29,-2.4,0.9849854547,"entry_hour, p_short, short_margin_vs_long only; no exact month, no outcome-priority, no top_n(진입시점 시간, p_short, 숏-롱 마진만 사용, 정확 월/결과값 우선순위/top_n 없음)",research_development_proxy_scout_only_rule_surface_no_new_model_artifact_no_new_mt5_execution_no_forward_pass_no_live_readiness_no_operating_promotion_no_runtime_authority_no_goal_claim,"rejected_synthetic_overlap(거절, 합성 거래 겹침)",False,False,-106.246637205
run364BQ_train_broad_clean_short_share_lift_scout_without_db_v1,bq04_h19_bridge_short_share_lift__h17_19_20__ps4350__m0800__raw,bq04_h19_bridge_short_share_lift,bo90_plus_h19_session_bridge,17|19|20,0.435,0.08,raw,test h19 bridge for short-share lift(19시 브리지로 숏비중 상승 시험),1021.99,1.4011747245,0.99512074,1027,3.0840840841,67.67,12.1332564702,15.1025417467,904,123,0.1197663096,53.0671859786,12.67,1.086791212,46,0.2754130435,45.652173913,46,26,-51.08,1,0,1,23.29,-2.4,0.9849854547,"entry_hour, p_short, short_margin_vs_long only; no exact month, no outcome-priority, no top_n(진입시점 시간, p_short, 숏-롱 마진만 사용, 정확 월/결과값 우선순위/top_n 없음)",research_development_proxy_scout_only_rule_surface_no_new_model_artifact_no_new_mt5_execution_no_forward_pass_no_live_readiness_no_operating_promotion_no_runtime_authority_no_goal_claim,"rejected_synthetic_overlap(거절, 합성 거래 겹침)",False,False,-106.246637205
run364BQ_train_broad_clean_short_share_lift_scout_without_db_v1,bq03_high_short_pf_guardrail__h17_20__ps4400__m1000__chronological_no_overlap,bq03_high_short_pf_guardrail,bo05_h17_margin_075_105_or_h20_margin_08_10,17|20,0.44,0.1,chronological_no_overlap,keep bo05 high synthetic PF as guardrail(bo05 높은 합성 PF를 가드레일로 유지),973.63,1.3887784137,0.9678240557,1006,3.021021021,73.945,14.4168390608,13.1669619312,905,101,0.1003976143,53.0815109344,-28.77,0.4145979163,7,-4.1098571429,42.8571428571,7,7,-42.76,0,0,1,23.29,-18.08,0.8869217054,"entry_hour, p_short, short_margin_vs_long only; no exact month, no outcome-priority, no top_n(진입시점 시간, p_short, 숏-롱 마진만 사용, 정확 월/결과값 우선순위/top_n 없음)",research_development_proxy_scout_only_rule_surface_no_new_model_artifact_no_new_mt5_execution_no_forward_pass_no_live_readiness_no_operating_promotion_no_runtime_authority_no_goal_claim,"watch_short_share_below_target(관찰, 숏 비중 목표 미달)",False,False,-110.2232993485
run364BQ_train_broad_clean_short_share_lift_scout_without_db_v1,bq03_high_short_pf_guardrail__h17_20__ps4425__m1000__chronological_no_overlap,bq03_high_short_pf_guardrail,bo05_h17_margin_075_105_or_h20_margin_08_10,17|20,0.4425,0.1,chronological_no_overlap,keep bo05 high synthetic PF as guardrail(bo05 높은 합성 PF를 가드레일로 유지),973.63,1.3887784137,0.9678240557,1006,3.021021021,73.945,14.4168390608,13.1669619312,905,101,0.1003976143,53.0815109344,-28.77,0.4145979163,7,-4.1098571429,42.8571428571,7,7,-42.76,0,0,1,23.29,-18.08,0.8869217054,"entry_hour, p_short, short_margin_vs_long only; no exact month, no outcome-priority, no top_n(진입시점 시간, p_short, 숏-롱 마진만 사용, 정확 월/결과값 우선순위/top_n 없음)",research_development_proxy_scout_only_rule_surface_no_new_model_artifact_no_new_mt5_execution_no_forward_pass_no_live_readiness_no_operating_promotion_no_runtime_authority_no_goal_claim,"watch_short_share_below_target(관찰, 숏 비중 목표 미달)",False,False,-110.2232993485
run364BQ_train_broad_clean_short_share_lift_scout_without_db_v1,bq03_high_short_pf_guardrail__h17_20__ps4400__m1000__raw,bq03_high_short_pf_guardrail,bo05_h17_margin_075_105_or_h20_margin_08_10,17|20,0.44,0.1,raw,keep bo05 high synthetic PF as guardrail(bo05 높은 합성 PF를 가드레일로 유지),973.63,1.3887784137,0.9678240557,1006,3.021021021,73.945,14.4168390608,13.1669619312,905,101,0.1003976143,53.0815109344,-28.77,0.4145979163,7,-4.1098571429,42.8571428571,7,7,-42.76,0,0,1,23.29,-18.08,0.8869217054,"entry_hour, p_short, short_margin_vs_long only; no exact month, no outcome-priority, no top_n(진입시점 시간, p_short, 숏-롱 마진만 사용, 정확 월/결과값 우선순위/top_n 없음)",research_development_proxy_scout_only_rule_surface_no_new_model_artifact_no_new_mt5_execution_no_forward_pass_no_live_readiness_no_operating_promotion_no_runtime_authority_no_goal_claim,"watch_short_share_below_target(관찰, 숏 비중 목표 미달)",False,False,-113.2232993485
run364BQ_train_broad_clean_short_share_lift_scout_without_db_v1,bq03_high_short_pf_guardrail__h17_20__ps4425__m1000__raw,bq03_high_short_pf_guardrail,bo05_h17_margin_075_105_or_h20_margin_08_10,17|20,0.4425,0.1,raw,keep bo05 high synthetic PF as guardrail(bo05 높은 합성 PF를 가드레일로 유지),973.63,1.3887784137,0.9678240557,1006,3.021021021,73.945,14.4168390608,13.1669619312,905,101,0.1003976143,53.0815109344,-28.77,0.4145979163,7,-4.1098571429,42.8571428571,7,7,-42.76,0,0,1,23.29,-18.08,0.8869217054,"entry_hour, p_short, short_margin_vs_long only; no exact month, no outcome-priority, no top_n(진입시점 시간, p_short, 숏-롱 마진만 사용, 정확 월/결과값 우선순위/top_n 없음)",research_development_proxy_scout_only_rule_surface_no_new_model_artifact_no_new_mt5_execution_no_forward_pass_no_live_readiness_no_operating_promotion_no_runtime_authority_no_goal_claim,"watch_short_share_below_target(관찰, 숏 비중 목표 미달)",False,False,-113.2232993485
run364BQ_train_broad_clean_short_share_lift_scout_without_db_v1,bq01_broad_clean_h17_20__h17_20__ps4350__m0750__raw,bq01_broad_clean_h17_20,bo90_broad_h17_20_ps0440_margin080_control,17|20,0.435,0.075,raw,expand bo90 clean h17/h20 source(bo90 클린 17/20시 원천 확장),1045.42,1.4142351262,1.0229187867,1022,3.0690690691,67.67,9.789310892,15.4488399586,903,119,0.1164383562,53.4246575342,48.95,1.4546873113,38,1.2882368421,55.2631578947,38,24,-40.38,2,0,1,23.29,-2.4,0.9849854547,"entry_hour, p_short, short_margin_vs_long only; no exact month, no outcome-priority, no top_n(진입시점 시간, p_short, 숏-롱 마진만 사용, 정확 월/결과값 우선순위/top_n 없음)",research_development_proxy_scout_only_rule_surface_no_new_model_artifact_no_new_mt5_execution_no_forward_pass_no_live_readiness_no_operating_promotion_no_runtime_authority_no_goal_claim,"rejected_synthetic_overlap(거절, 합성 거래 겹침)",False,False,-146.7860314485
run364BQ_train_broad_clean_short_share_lift_scout_without_db_v1,bq04_h19_bridge_short_share_lift__h17_19_20__ps4325__m0750__raw,bq04_h19_bridge_short_share_lift,bo90_plus_h19_session_bridge,17|19|20,0.4325,0.075,raw,test h19 bridge for short-share lift(19시 브리지로 숏비중 상승 시험),1036.43,1.405393819,1.0042897287,1032,3.0990990991,67.67,12.1332564702,15.3159006945,903,129,0.125,53.1007751938,20.25,1.1250331927,52,0.3893653846,46.1538461538,52,28,-60.09,2,0,1,23.29,-2.4,0.9849854547,"entry_hour, p_short, short_margin_vs_long only; no exact month, no outcome-priority, no top_n(진입시점 시간, p_short, 숏-롱 마진만 사용, 정확 월/결과값 우선순위/top_n 없음)",research_development_proxy_scout_only_rule_surface_no_new_model_artifact_no_new_mt5_execution_no_forward_pass_no_live_readiness_no_operating_promotion_no_runtime_authority_no_goal_claim,"rejected_synthetic_overlap(거절, 합성 거래 겹침)",False,False,-176.1800210835
run364BQ_train_broad_clean_short_share_lift_scout_without_db_v1,bq04_h19_bridge_short_share_lift__h17_19_20__ps4350__m0750__raw,bq04_h19_bridge_short_share_lift,bo90_plus_h19_session_bridge,17|19|20,0.435,0.075,raw,test h19 bridge for short-share lift(19시 브리지로 숏비중 상승 시험),1036.43,1.405393819,1.0042897287,1032,3.0990990991,67.67,12.1332564702,15.3159006945,903,129,0.125,53.1007751938,20.25,1.1250331927,52,0.3893653846,46.1538461538,52,28,-60.09,2,0,1,23.29,-2.4,0.9849854547,"entry_hour, p_short, short_margin_vs_long only; no exact month, no outcome-priority, no top_n(진입시점 시간, p_short, 숏-롱 마진만 사용, 정확 월/결과값 우선순위/top_n 없음)",research_development_proxy_scout_only_rule_surface_no_new_model_artifact_no_new_mt5_execution_no_forward_pass_no_live_readiness_no_operating_promotion_no_runtime_authority_no_goal_claim,"rejected_synthetic_overlap(거절, 합성 거래 겹침)",False,False,-176.1800210835
run364BQ_train_broad_clean_short_share_lift_scout_without_db_v1,bq02_h16_extension_overlap_safe__h16_17_20__ps4475__m0950__raw,bq02_h16_extension_overlap_safe,bo91_broad_h16_17_20_ps0445_margin080_control,16|17|20,0.4475,0.095,raw,retry bo91 h16 lift with overlap guard(bo91 16시 상승을 겹침 가드로 재시도),981.38,1.3858651739,0.9630804711,1019,3.0600600601,77.615,14.4168390608,12.6441924886,905,114,0.1118743867,52.9931305201,-10.31,0.8831495563,23,-0.4483043478,43.4782608696,23,13,-46.6,3,0,1,23.29,-18.08,0.8869217054,"entry_hour, p_short, short_margin_vs_long only; no exact month, no outcome-priority, no top_n(진입시점 시간, p_short, 숏-롱 마진만 사용, 정확 월/결과값 우선순위/top_n 없음)",research_development_proxy_scout_only_rule_surface_no_new_model_artifact_no_new_mt5_execution_no_forward_pass_no_live_readiness_no_operating_promotion_no_runtime_authority_no_goal_claim,"rejected_synthetic_overlap(거절, 합성 거래 겹침)",False,False,-307.6734091105
run364BQ_train_broad_clean_short_share_lift_scout_without_db_v1,bq02_h16_extension_overlap_safe__h16_17_20__ps4500__m0950__raw,bq02_h16_extension_overlap_safe,bo91_broad_h16_17_20_ps0445_margin080_control,16|17|20,0.45,0.095,raw,retry bo91 h16 lift with overlap guard(bo91 16시 상승을 겹침 가드로 재시도),981.38,1.3858651739,0.9630804711,1019,3.0600600601,77.615,14.4168390608,12.6441924886,905,114,0.1118743867,52.9931305201,-10.31,0.8831495563,23,-0.4483043478,43.4782608696,23,13,-46.6,3,0,1,23.29,-18.08,0.8869217054,"entry_hour, p_short, short_margin_vs_long only; no exact month, no outcome-priority, no top_n(진입시점 시간, p_short, 숏-롱 마진만 사용, 정확 월/결과값 우선순위/top_n 없음)",research_development_proxy_scout_only_rule_surface_no_new_model_artifact_no_new_mt5_execution_no_forward_pass_no_live_readiness_no_operating_promotion_no_runtime_authority_no_goal_claim,"rejected_synthetic_overlap(거절, 합성 거래 겹침)",False,False,-307.6734091105
run364BQ_train_broad_clean_short_share_lift_scout_without_db_v1,bq02_h16_extension_overlap_safe__h16_17_20__ps4550__m0950__raw,bq02_h16_extension_overlap_safe,bo91_broad_h16_17_20_ps0445_margin080_control,16|17|20,0.455,0.095,raw,retry bo91 h16 lift with overlap guard(bo91 16시 상승을 겹침 가드로 재시도),981.38,1.3858651739,0.9630804711,1019,3.0600600601,77.615,14.4168390608,12.6441924886,905,114,0.1118743867,52.9931305201,-10.31,0.8831495563,23,-0.4483043478,43.4782608696,23,13,-46.6,3,0,1,23.29,-18.08,0.8869217054,"entry_hour, p_short, short_margin_vs_long only; no exact month, no outcome-priority, no top_n(진입시점 시간, p_short, 숏-롱 마진만 사용, 정확 월/결과값 우선순위/top_n 없음)",research_development_proxy_scout_only_rule_surface_no_new_model_artifact_no_new_mt5_execution_no_forward_pass_no_live_readiness_no_operating_promotion_no_runtime_authority_no_goal_claim,"rejected_synthetic_overlap(거절, 합성 거래 겹침)",False,False,-307.6734091105
run364BQ_train_broad_clean_short_share_lift_scout_without_db_v1,bq02_h16_extension_overlap_safe__h16_17_20__ps4500__m0900__raw,bq02_h16_extension_overlap_safe,bo91_broad_h16_17_20_ps0445_margin080_control,16|17|20,0.45,0.09,raw,retry bo91 h16 lift with overlap guard(bo91 16시 상승을 겹침 가드로 재시도),1010.35,1.395278543,0.9905343137,1020,3.0630630631,77.615,14.8303333829,13.0173935451,904,116,0.1137254902,53.137254902,15.2,1.1350390587,27,0.5627777778,48.1481481481,27,17,-40.44,4,0,1,23.29,-18.08,0.8869217054,"entry_hour, p_short, short_margin_vs_long only; no exact month, no outcome-priority, no top_n(진입시점 시간, p_short, 숏-롱 마진만 사용, 정확 월/결과값 우선순위/top_n 없음)",research_development_proxy_scout_only_rule_surface_no_new_model_artifact_no_new_mt5_execution_no_forward_pass_no_live_readiness_no_operating_promotion_no_runtime_authority_no_goal_claim,"rejected_synthetic_overlap(거절, 합성 거래 겹침)",False,False,-353.2643662535
run364BQ_train_broad_clean_short_share_lift_scout_without_db_v1,bq02_h16_extension_overlap_safe__h16_17_20__ps4550__m0900__raw,bq02_h16_extension_overlap_safe,bo91_broad_h16_17_20_ps0445_margin080_control,16|17|20,0.455,0.09,raw,retry bo91 h16 lift with overlap guard(bo91 16시 상승을 겹침 가드로 재시도),1010.35,1.395278543,0.9905343137,1020,3.0630630631,77.615,14.8303333829,13.0173935451,904,116,0.1137254902,53.137254902,15.2,1.1350390587,27,0.5627777778,48.1481481481,27,17,-40.44,4,0,1,23.29,-18.08,0.8869217054,"entry_hour, p_short, short_margin_vs_long only; no exact month, no outcome-priority, no top_n(진입시점 시간, p_short, 숏-롱 마진만 사용, 정확 월/결과값 우선순위/top_n 없음)",research_development_proxy_scout_only_rule_surface_no_new_model_artifact_no_new_mt5_execution_no_forward_pass_no_live_readiness_no_operating_promotion_no_runtime_authority_no_goal_claim,"rejected_synthetic_overlap(거절, 합성 거래 겹침)",False,False,-353.2643662535
run364BQ_train_broad_clean_short_share_lift_scout_without_db_v1,bq02_h16_extension_overlap_safe__h16_17_20__ps4475__m0900__raw,bq02_h16_extension_overlap_safe,bo91_broad_h16_17_20_ps0445_margin080_control,16|17|20,0.4475,0.09,raw,retry bo91 h16 lift with overlap guard(bo91 16시 상승을 겹침 가드로 재시도),1010.62,1.3954314051,0.9908088235,1020,3.0630630631,77.615,14.8303333829,13.0210010951,904,116,0.1137254902,53.137254902,14.08,1.123852767,28,0.5026785714,46.4285714286,28,18,-41.84,4,0,1,23.29,-18.08,0.8869217054,"entry_hour, p_short, short_margin_vs_long only; no exact month, no outcome-priority, no top_n(진입시점 시간, p_short, 숏-롱 마진만 사용, 정확 월/결과값 우선순위/top_n 없음)",research_development_proxy_scout_only_rule_surface_no_new_model_artifact_no_new_mt5_execution_no_forward_pass_no_live_readiness_no_operating_promotion_no_runtime_authority_no_goal_claim,"rejected_synthetic_overlap(거절, 합성 거래 겹침)",False,False,-354.217020166
run364BQ_train_broad_clean_short_share_lift_scout_without_db_v1,bq02_h16_extension_overlap_safe__h16_17_20__ps4550__m0750__raw,bq02_h16_extension_overlap_safe,bo91_broad_h16_17_20_ps0445_margin080_control,16|17|20,0.455,0.075,raw,retry bo91 h16 lift with overlap guard(bo91 16시 상승을 겹침 가드로 재시도),1001.41,1.3888668194,0.9769863415,1025,3.0780780781,77.615,14.8303333829,12.9022869291,904,121,0.1180487805,53.0731707317,4.86,1.0365233333,33,0.1473030303,45.4545454545,33,18,-41.84,4,0,1,23.29,-18.08,0.8869217054,"entry_hour, p_short, short_margin_vs_long only; no exact month, no outcome-priority, no top_n(진입시점 시간, p_short, 숏-롱 마진만 사용, 정확 월/결과값 우선순위/top_n 없음)",research_development_proxy_scout_only_rule_surface_no_new_model_artifact_no_new_mt5_execution_no_forward_pass_no_live_readiness_no_operating_promotion_no_runtime_authority_no_goal_claim,"rejected_synthetic_overlap(거절, 합성 거래 겹침)",False,False,-366.5235876505
run364BQ_train_broad_clean_short_share_lift_scout_without_db_v1,bq02_h16_extension_overlap_safe__h16_17_20__ps4500__m0800__raw,bq02_h16_extension_overlap_safe,bo91_broad_h16_17_20_ps0445_margin080_control,16|17|20,0.45,0.08,raw,retry bo91 h16 lift with overlap guard(bo91 16시 상승을 겹침 가드로 재시도),994.9,1.3856294829,0.9696871345,1026,3.0810810811,77.615,14.8303333829,12.8183856213,904,122,0.1189083821,53.0214424951,3.92,1.0284346091,35,0.1119714286,45.7142857143,35,19,-36.27,4,0,1,23.29,-18.08,0.8869217054,"entry_hour, p_short, short_margin_vs_long only; no exact month, no outcome-priority, no top_n(진입시점 시간, p_short, 숏-롱 마진만 사용, 정확 월/결과값 우선순위/top_n 없음)",research_development_proxy_scout_only_rule_surface_no_new_model_artifact_no_new_mt5_execution_no_forward_pass_no_live_readiness_no_operating_promotion_no_runtime_authority_no_goal_claim,"rejected_synthetic_overlap(거절, 합성 거래 겹침)",False,False,-369.8601103845
run364BQ_train_broad_clean_short_share_lift_scout_without_db_v1,bq02_h16_extension_overlap_safe__h16_17_20__ps4550__m0800__raw,bq02_h16_extension_overlap_safe,bo91_broad_h16_17_20_ps0445_margin080_control,16|17|20,0.455,0.08,raw,retry bo91 h16 lift with overlap guard(bo91 16시 상승을 겹침 가드로 재시도),997.34,1.3872871381,0.9739677734,1024,3.0750750751,77.615,14.8303333829,12.84987438,904,120,0.1171875,53.02734375,0.79,1.0059582397,32,0.02478125,43.75,32,18,-41.84,4,0,1,23.29,-18.08,0.8869217054,"entry_hour, p_short, short_margin_vs_long only; no exact month, no outcome-priority, no top_n(진입시점 시간, p_short, 숏-롱 마진만 사용, 정확 월/결과값 우선순위/top_n 없음)",research_development_proxy_scout_only_rule_surface_no_new_model_artifact_no_new_mt5_execution_no_forward_pass_no_live_readiness_no_operating_promotion_no_runtime_authority_no_goal_claim,"rejected_synthetic_overlap(거절, 합성 거래 겹침)",False,False,-370.9484109895
run364BQ_train_broad_clean_short_share_lift_scout_without_db_v1,bq02_h16_extension_overlap_safe__h16_17_20__ps4550__m0825__raw,bq02_h16_extension_overlap_safe,bo91_broad_h16_17_20_ps0445_margin080_control,16|17|20,0.455,0.0825,raw,retry bo91 h16 lift with overlap guard(bo91 16시 상승을 겹침 가드로 재시도),997.34,1.3872871381,0.9739677734,1024,3.0750750751,77.615,14.8303333829,12.84987438,904,120,0.1171875,53.02734375,0.79,1.0059582397,32,0.02478125,43.75,32,18,-41.84,4,0,1,23.29,-18.08,0.8869217054,"entry_hour, p_short, short_margin_vs_long only; no exact month, no outcome-priority, no top_n(진입시점 시간, p_short, 숏-롱 마진만 사용, 정확 월/결과값 우선순위/top_n 없음)",research_development_proxy_scout_only_rule_surface_no_new_model_artifact_no_new_mt5_execution_no_forward_pass_no_live_readiness_no_operating_promotion_no_runtime_authority_no_goal_claim,"rejected_synthetic_overlap(거절, 합성 거래 겹침)",False,False,-370.9484109895
run364BQ_train_broad_clean_short_share_lift_scout_without_db_v1,bq02_h16_extension_overlap_safe__h16_17_20__ps4550__m0850__raw,bq02_h16_extension_overlap_safe,bo91_broad_h16_17_20_ps0445_margin080_control,16|17|20,0.455,0.085,raw,retry bo91 h16 lift with overlap guard(bo91 16시 상승을 겹침 가드로 재시도),997.34,1.3872871381,0.9739677734,1024,3.0750750751,77.615,14.8303333829,12.84987438,904,120,0.1171875,53.02734375,0.79,1.0059582397,32,0.02478125,43.75,32,18,-41.84,4,0,1,23.29,-18.08,0.8869217054,"entry_hour, p_short, short_margin_vs_long only; no exact month, no outcome-priority, no top_n(진입시점 시간, p_short, 숏-롱 마진만 사용, 정확 월/결과값 우선순위/top_n 없음)",research_development_proxy_scout_only_rule_surface_no_new_model_artifact_no_new_mt5_execution_no_forward_pass_no_live_readiness_no_operating_promotion_no_runtime_authority_no_goal_claim,"rejected_synthetic_overlap(거절, 합성 거래 겹침)",False,False,-370.9484109895
run364BQ_train_broad_clean_short_share_lift_scout_without_db_v1,bq02_h16_extension_overlap_safe__h16_17_20__ps4450__m0950__raw,bq02_h16_extension_overlap_safe,bo91_broad_h16_17_20_ps0445_margin080_control,16|17|20,0.445,0.095,raw,retry bo91 h16 lift with overlap guard(bo91 16시 상승을 겹침 가드로 재시도),977.65,1.3836155616,0.9584852941,1020,3.0630630631,77.615,14.4168390608,12.5962120724,905,115,0.112745098,52.9411764706,-12.23,0.8691785806,25,-0.489,44.0,25,15,-49.8,4,0,1,23.29,-18.08,0.8869217054,"entry_hour, p_short, short_margin_vs_long only; no exact month, no outcome-priority, no top_n(진입시점 시간, p_short, 숏-롱 마진만 사용, 정확 월/결과값 우선순위/top_n 없음)",research_development_proxy_scout_only_rule_surface_no_new_model_artifact_no_new_mt5_execution_no_forward_pass_no_live_readiness_no_operating_promotion_no_runtime_authority_no_goal_claim,"rejected_synthetic_overlap(거절, 합성 거래 겹침)",False,False,-390.547078139
run364BQ_train_broad_clean_short_share_lift_scout_without_db_v1,bq02_h16_extension_overlap_safe__h16_17_20__ps4400__m0950__raw,bq02_h16_extension_overlap_safe,bo91_broad_h16_17_20_ps0445_margin080_control,16|17|20,0.44,0.095,raw,retry bo91 h16 lift with overlap guard(bo91 16시 상승을 겹침 가드로 재시도),983.32,1.3861694988,0.9640392157,1020,3.0630630631,77.615,14.4168390608,12.6692005411,904,116,0.1137254902,53.0392156863,-17.79,0.8264271706,27,-0.6588888889,44.4444444444,27,17,-61.03,4,0,1,23.29,-18.08,0.8869217054,"entry_hour, p_short, short_margin_vs_long only; no exact month, no outcome-priority, no top_n(진입시점 시간, p_short, 숏-롱 마진만 사용, 정확 월/결과값 우선순위/top_n 없음)",research_development_proxy_scout_only_rule_surface_no_new_model_artifact_no_new_mt5_execution_no_forward_pass_no_live_readiness_no_operating_promotion_no_runtime_authority_no_goal_claim,"rejected_synthetic_overlap(거절, 합성 거래 겹침)",False,False,-392.422214021
run364BQ_train_broad_clean_short_share_lift_scout_without_db_v1,bq02_h16_extension_overlap_safe__h16_17_20__ps4425__m0950__raw,bq02_h16_extension_overlap_safe,bo91_broad_h16_17_20_ps0445_margin080_control,16|17|20,0.4425,0.095,raw,retry bo91 h16 lift with overlap guard(bo91 16시 상승을 겹침 가드로 재시도),977.14,1.3833360206,0.9579803922,1020,3.0630630631,77.615,14.4168390608,12.5895767571,904,116,0.1137254902,52.9411764706,-21.27,0.7924736323,26,-0.8180769231,42.3076923077,26,16,-58.33,4,0,1,23.29,-18.08,0.8869217054,"entry_hour, p_short, short_margin_vs_long only; no exact month, no outcome-priority, no top_n(진입시점 시간, p_short, 숏-롱 마진만 사용, 정확 월/결과값 우선순위/top_n 없음)",research_development_proxy_scout_only_rule_surface_no_new_model_artifact_no_new_mt5_execution_no_forward_pass_no_live_readiness_no_operating_promotion_no_runtime_authority_no_goal_claim,"rejected_synthetic_overlap(거절, 합성 거래 겹침)",False,False,-398.0401610175
run364BQ_train_broad_clean_short_share_lift_scout_without_db_v1,bq02_h16_extension_overlap_safe__h16_17_20__ps4450__m0900__raw,bq02_h16_extension_overlap_safe,bo91_broad_h16_17_20_ps0445_margin080_control,16|17|20,0.445,0.09,raw,retry bo91 h16 lift with overlap guard(bo91 16시 상승을 겹침 가드로 재시도),1015.78,1.3966387605,0.9948834476,1021,3.0660660661,77.615,14.8303333829,13.0873671326,904,117,0.1145935357,53.0852105779,38.08,1.3203702146,31,1.2282580645,48.3870967742,31,21,-28.0,5,0,1,23.29,-18.08,0.8869217054,"entry_hour, p_short, short_margin_vs_long only; no exact month, no outcome-priority, no top_n(진입시점 시간, p_short, 숏-롱 마진만 사용, 정확 월/결과값 우선순위/top_n 없음)",research_development_proxy_scout_only_rule_surface_no_new_model_artifact_no_new_mt5_execution_no_forward_pass_no_live_readiness_no_operating_promotion_no_runtime_authority_no_goal_claim,"rejected_synthetic_overlap(거절, 합성 거래 겹침)",False,False,-413.770465118
run364BQ_train_broad_clean_short_share_lift_scout_without_db_v1,bq02_h16_extension_overlap_safe__h16_17_20__ps4400__m0900__raw,bq02_h16_extension_overlap_safe,bo91_broad_h16_17_20_ps0445_margin080_control,16|17|20,0.44,0.09,raw,retry bo91 h16 lift with overlap guard(bo91 16시 상승을 겹침 가드로 재시도),1020.5,1.3986748551,0.9985283757,1022,3.0690690691,77.615,14.8303333829,13.1481801198,903,119,0.1164383562,53.1311154599,31.57,1.2450015523,34,0.9284117647,47.0588235294,34,23,-39.23,5,0,1,23.29,-18.08,0.8869217054,"entry_hour, p_short, short_margin_vs_long only; no exact month, no outcome-priority, no top_n(진입시점 시간, p_short, 숏-롱 마진만 사용, 정확 월/결과값 우선순위/top_n 없음)",research_development_proxy_scout_only_rule_surface_no_new_model_artifact_no_new_mt5_execution_no_forward_pass_no_live_readiness_no_operating_promotion_no_runtime_authority_no_goal_claim,"rejected_synthetic_overlap(거절, 합성 거래 겹침)",False,False,-419.1276300625
run364BQ_train_broad_clean_short_share_lift_scout_without_db_v1,bq02_h16_extension_overlap_safe__h16_17_20__ps4425__m0900__raw,bq02_h16_extension_overlap_safe,bo91_broad_h16_17_20_ps0445_margin080_control,16|17|20,0.4425,0.09,raw,retry bo91 h16 lift with overlap guard(bo91 16시 상승을 겹침 가드로 재시도),1014.32,1.3958429922,0.992481409,1022,3.0690690691,77.615,14.8303333829,13.0685563358,903,119,0.1164383562,53.0332681018,28.09,1.217991307,33,0.8510909091,45.4545454545,33,22,-36.53,5,0,1,23.29,-18.08,0.8869217054,"entry_hour, p_short, short_margin_vs_long only; no exact month, no outcome-priority, no top_n(진입시점 시간, p_short, 숏-롱 마진만 사용, 정확 월/결과값 우선순위/top_n 없음)",research_development_proxy_scout_only_rule_surface_no_new_model_artifact_no_new_mt5_execution_no_forward_pass_no_live_readiness_no_operating_promotion_no_runtime_authority_no_goal_claim,"rejected_synthetic_overlap(거절, 합성 거래 겹침)",False,False,-424.085657317
run364BQ_train_broad_clean_short_share_lift_scout_without_db_v1,bq02_h16_extension_overlap_safe__h16_17_20__ps4350__m0950__raw,bq02_h16_extension_overlap_safe,bo91_broad_h16_17_20_ps0445_margin080_control,16|17|20,0.435,0.095,raw,retry bo91 h16 lift with overlap guard(bo91 16시 상승을 겹침 가드로 재시도),980.41,1.3845888006,0.9602477963,1021,3.0660660661,77.615,14.4168390608,12.6317464408,904,117,0.1145935357,52.9872673849,-20.7,0.8036337761,28,-0.7391785714,42.8571428571,28,18,-62.51,5,0,1,23.29,-18.08,0.8869217054,"entry_hour, p_short, short_margin_vs_long only; no exact month, no outcome-priority, no top_n(진입시점 시간, p_short, 숏-롱 마진만 사용, 정확 월/결과값 우선순위/top_n 없음)",research_development_proxy_scout_only_rule_surface_no_new_model_artifact_no_new_mt5_execution_no_forward_pass_no_live_readiness_no_operating_promotion_no_runtime_authority_no_goal_claim,"rejected_synthetic_overlap(거절, 합성 거래 겹침)",False,False,-475.7609191565
run364BQ_train_broad_clean_short_share_lift_scout_without_db_v1,bq02_h16_extension_overlap_safe__h16_17_20__ps4350__m0900__raw,bq02_h16_extension_overlap_safe,bo91_broad_h16_17_20_ps0445_margin080_control,16|17|20,0.435,0.09,raw,retry bo91 h16 lift with overlap guard(bo91 16시 상승을 겹침 가드로 재시도),1025.3,1.4011660551,1.0022473118,1023,3.0720720721,77.615,14.8303333829,13.2100624879,903,120,0.1173020528,53.1769305963,29.54,1.2242100389,36,0.8205277778,47.2222222222,36,25,-47.54,6,0,1,23.29,-18.08,0.8869217054,"entry_hour, p_short, short_margin_vs_long only; no exact month, no outcome-priority, no top_n(진입시점 시간, p_short, 숏-롱 마진만 사용, 정확 월/결과값 우선순위/top_n 없음)",research_development_proxy_scout_only_rule_surface_no_new_model_artifact_no_new_mt5_execution_no_forward_pass_no_live_readiness_no_operating_promotion_no_runtime_authority_no_goal_claim,"rejected_synthetic_overlap(거절, 합성 거래 겹침)",False,False,-499.1894958355
run364BQ_train_broad_clean_short_share_lift_scout_without_db_v1,bq02_h16_extension_overlap_safe__h16_17_20__ps4475__m0800__raw,bq02_h16_extension_overlap_safe,bo91_broad_h16_17_20_ps0445_margin080_control,16|17|20,0.4475,0.08,raw,retry bo91 h16 lift with overlap guard(bo91 16시 상승을 겹침 가드로 재시도),1011.89,1.3930451144,0.9843249027,1028,3.0870870871,77.615,10.0700814863,13.0372479546,904,124,0.1206225681,53.0155642023,9.4,1.0653053281,38,0.2472631579,44.7368421053,38,22,-51.33,6,0,1,23.29,-18.08,0.8869217054,"entry_hour, p_short, short_margin_vs_long only; no exact month, no outcome-priority, no top_n(진입시점 시간, p_short, 숏-롱 마진만 사용, 정확 월/결과값 우선순위/top_n 없음)",research_development_proxy_scout_only_rule_surface_no_new_model_artifact_no_new_mt5_execution_no_forward_pass_no_live_readiness_no_operating_promotion_no_runtime_authority_no_goal_claim,"rejected_synthetic_overlap(거절, 합성 거래 겹침)",False,False,-519.6895543885
run364BQ_train_broad_clean_short_share_lift_scout_without_db_v1,bq01_broad_clean_h17_20__h17_20__ps4450__m0800__chronological_no_overlap,bq01_broad_clean_h17_20,bo90_broad_h17_20_ps0440_margin080_control,17|20,0.445,0.08,chronological_no_overlap,expand bo90 clean h17/h20 source(bo90 클린 17/20시 원천 확장),1040.47,1.4146440023,1.0271194472,1013,3.042042042,67.67,9.789310892,15.3756760751,905,108,0.1066140178,53.3070088845,70.4,2.0533860011,24,2.9334166667,62.5,24,17,-10.43,0,0,2,23.29,-2.4,0.982111382,"entry_hour, p_short, short_margin_vs_long only; no exact month, no outcome-priority, no top_n(진입시점 시간, p_short, 숏-롱 마진만 사용, 정확 월/결과값 우선순위/top_n 없음)",research_development_proxy_scout_only_rule_surface_no_new_model_artifact_no_new_mt5_execution_no_forward_pass_no_live_readiness_no_operating_promotion_no_runtime_authority_no_goal_claim,"watch_short_share_below_target(관찰, 숏 비중 목표 미달)",False,False,26.6830305415
run364BQ_train_broad_clean_short_share_lift_scout_without_db_v1,bq03_high_short_pf_guardrail__h17_20__ps4450__m0800__chronological_no_overlap,bq03_high_short_pf_guardrail,bo05_h17_margin_075_105_or_h20_margin_08_10,17|20,0.445,0.08,chronological_no_overlap,keep bo05 high synthetic PF as guardrail(bo05 높은 합성 PF를 가드레일로 유지),1040.47,1.4146440023,1.0271194472,1013,3.042042042,67.67,9.789310892,15.3756760751,905,108,0.1066140178,53.3070088845,70.4,2.0533860011,24,2.9334166667,62.5,24,17,-10.43,0,0,2,23.29,-2.4,0.982111382,"entry_hour, p_short, short_margin_vs_long only; no exact month, no outcome-priority, no top_n(진입시점 시간, p_short, 숏-롱 마진만 사용, 정확 월/결과값 우선순위/top_n 없음)",research_development_proxy_scout_only_rule_surface_no_new_model_artifact_no_new_mt5_execution_no_forward_pass_no_live_readiness_no_operating_promotion_no_runtime_authority_no_goal_claim,"watch_short_share_below_target(관찰, 숏 비중 목표 미달)",False,False,26.6830305415
run364BQ_train_broad_clean_short_share_lift_scout_without_db_v1,bq01_broad_clean_h17_20__h17_20__ps4450__m0800__raw,bq01_broad_clean_h17_20,bo90_broad_h17_20_ps0440_margin080_control,17|20,0.445,0.08,raw,expand bo90 clean h17/h20 source(bo90 클린 17/20시 원천 확장),1040.47,1.4146440023,1.0271194472,1013,3.042042042,67.67,9.789310892,15.3756760751,905,108,0.1066140178,53.3070088845,70.4,2.0533860011,24,2.9334166667,62.5,24,17,-10.43,0,0,2,23.29,-2.4,0.982111382,"entry_hour, p_short, short_margin_vs_long only; no exact month, no outcome-priority, no top_n(진입시점 시간, p_short, 숏-롱 마진만 사용, 정확 월/결과값 우선순위/top_n 없음)",research_development_proxy_scout_only_rule_surface_no_new_model_artifact_no_new_mt5_execution_no_forward_pass_no_live_readiness_no_operating_promotion_no_runtime_authority_no_goal_claim,"watch_short_share_below_target(관찰, 숏 비중 목표 미달)",False,False,23.6830305415
run364BQ_train_broad_clean_short_share_lift_scout_without_db_v1,bq03_high_short_pf_guardrail__h17_20__ps4450__m0800__raw,bq03_high_short_pf_guardrail,bo05_h17_margin_075_105_or_h20_margin_08_10,17|20,0.445,0.08,raw,keep bo05 high synthetic PF as guardrail(bo05 높은 합성 PF를 가드레일로 유지),1040.47,1.4146440023,1.0271194472,1013,3.042042042,67.67,9.789310892,15.3756760751,905,108,0.1066140178,53.3070088845,70.4,2.0533860011,24,2.9334166667,62.5,24,17,-10.43,0,0,2,23.29,-2.4,0.982111382,"entry_hour, p_short, short_margin_vs_long only; no exact month, no outcome-priority, no top_n(진입시점 시간, p_short, 숏-롱 마진만 사용, 정확 월/결과값 우선순위/top_n 없음)",research_development_proxy_scout_only_rule_surface_no_new_model_artifact_no_new_mt5_execution_no_forward_pass_no_live_readiness_no_operating_promotion_no_runtime_authority_no_goal_claim,"watch_short_share_below_target(관찰, 숏 비중 목표 미달)",False,False,23.6830305415
run364BQ_train_broad_clean_short_share_lift_scout_without_db_v1,bq01_broad_clean_h17_20__h17_20__ps4450__m0875__chronological_no_overlap,bq01_broad_clean_h17_20,bo90_broad_h17_20_ps0440_margin080_control,17|20,0.445,0.0875,chronological_no_overlap,expand bo90 clean h17/h20 source(bo90 클린 17/20시 원천 확장),1019.79,1.4052915907,1.0086913947,1011,3.036036036,71.78,14.4168390608,14.2071189746,905,106,0.1048466864,53.2146389713,57.81,1.9627920921,19,3.0424736842,63.1578947368,19,14,-2.34,0,0,2,23.29,-2.4,0.913744609,"entry_hour, p_short, short_margin_vs_long only; no exact month, no outcome-priority, no top_n(진입시점 시간, p_short, 숏-롱 마진만 사용, 정확 월/결과값 우선순위/top_n 없음)",research_development_proxy_scout_only_rule_surface_no_new_model_artifact_no_new_mt5_execution_no_forward_pass_no_live_readiness_no_operating_promotion_no_runtime_authority_no_goal_claim,"watch_short_share_below_target(관찰, 숏 비중 목표 미달)",False,False,9.2736509825
run364BQ_train_broad_clean_short_share_lift_scout_without_db_v1,bq01_broad_clean_h17_20__h17_20__ps4450__m0875__raw,bq01_broad_clean_h17_20,bo90_broad_h17_20_ps0440_margin080_control,17|20,0.445,0.0875,raw,expand bo90 clean h17/h20 source(bo90 클린 17/20시 원천 확장),1019.79,1.4052915907,1.0086913947,1011,3.036036036,71.78,14.4168390608,14.2071189746,905,106,0.1048466864,53.2146389713,57.81,1.9627920921,19,3.0424736842,63.1578947368,19,14,-2.34,0,0,2,23.29,-2.4,0.913744609,"entry_hour, p_short, short_margin_vs_long only; no exact month, no outcome-priority, no top_n(진입시점 시간, p_short, 숏-롱 마진만 사용, 정확 월/결과값 우선순위/top_n 없음)",research_development_proxy_scout_only_rule_surface_no_new_model_artifact_no_new_mt5_execution_no_forward_pass_no_live_readiness_no_operating_promotion_no_runtime_authority_no_goal_claim,"watch_short_share_below_target(관찰, 숏 비중 목표 미달)",False,False,6.2736509825
run364BQ_train_broad_clean_short_share_lift_scout_without_db_v1,bq01_broad_clean_h17_20__h17_20__ps4425__m0800__chronological_no_overlap,bq01_broad_clean_h17_20,bo90_broad_h17_20_ps0440_margin080_control,17|20,0.4425,0.08,chronological_no_overlap,expand bo90 clean h17/h20 source(bo90 클린 17/20시 원천 확장),1041.99,1.4150082803,1.0265931034,1015,3.048048048,67.67,9.789310892,15.3981380228,904,111,0.1093596059,53.3004926108,63.39,1.8251588045,27,2.3478518519,59.2592592593,27,18,-18.96,0,0,2,23.29,-2.4,0.982111382,"entry_hour, p_short, short_margin_vs_long only; no exact month, no outcome-priority, no top_n(진입시점 시간, p_short, 숏-롱 마진만 사용, 정확 월/결과값 우선순위/top_n 없음)",research_development_proxy_scout_only_rule_surface_no_new_model_artifact_no_new_mt5_execution_no_forward_pass_no_live_readiness_no_operating_promotion_no_runtime_authority_no_goal_claim,"watch_short_share_below_target(관찰, 숏 비중 목표 미달)",False,False,5.5266596845
run364BQ_train_broad_clean_short_share_lift_scout_without_db_v1,bq03_high_short_pf_guardrail__h17_20__ps4425__m0800__chronological_no_overlap,bq03_high_short_pf_guardrail,bo05_h17_margin_075_105_or_h20_margin_08_10,17|20,0.4425,0.08,chronological_no_overlap,keep bo05 high synthetic PF as guardrail(bo05 높은 합성 PF를 가드레일로 유지),1041.99,1.4150082803,1.0265931034,1015,3.048048048,67.67,9.789310892,15.3981380228,904,111,0.1093596059,53.3004926108,63.39,1.8251588045,27,2.3478518519,59.2592592593,27,18,-18.96,0,0,2,23.29,-2.4,0.982111382,"entry_hour, p_short, short_margin_vs_long only; no exact month, no outcome-priority, no top_n(진입시점 시간, p_short, 숏-롱 마진만 사용, 정확 월/결과값 우선순위/top_n 없음)",research_development_proxy_scout_only_rule_surface_no_new_model_artifact_no_new_mt5_execution_no_forward_pass_no_live_readiness_no_operating_promotion_no_runtime_authority_no_goal_claim,"watch_short_share_below_target(관찰, 숏 비중 목표 미달)",False,False,5.5266596845
run364BQ_train_broad_clean_short_share_lift_scout_without_db_v1,bq01_broad_clean_h17_20__h17_20__ps4375__m0800__chronological_no_overlap,bq01_broad_clean_h17_20,bo90_broad_h17_20_ps0440_margin080_control,17|20,0.4375,0.08,chronological_no_overlap,expand bo90 clean h17/h20 source(bo90 클린 17/20시 원천 확장),1051.51,1.4196624061,1.0339351032,1017,3.0540540541,67.67,9.789310892,15.5388207477,904,113,0.1111111111,53.3923303835,63.38,1.7806241841,31,2.0445806452,58.064516129,31,20,-28.49,0,0,2,23.29,-2.4,0.982111382,"entry_hour, p_short, short_margin_vs_long only; no exact month, no outcome-priority, no top_n(진입시점 시간, p_short, 숏-롱 마진만 사용, 정확 월/결과값 우선순위/top_n 없음)",research_development_proxy_scout_only_rule_surface_no_new_model_artifact_no_new_mt5_execution_no_forward_pass_no_live_readiness_no_operating_promotion_no_runtime_authority_no_goal_claim,"watch_short_share_below_target(관찰, 숏 비중 목표 미달)",False,False,5.0361546485
run364BQ_train_broad_clean_short_share_lift_scout_without_db_v1,bq01_broad_clean_h17_20__h17_20__ps4450__m0850__chronological_no_overlap,bq01_broad_clean_h17_20,bo90_broad_h17_20_ps0440_margin080_control,17|20,0.445,0.085,chronological_no_overlap,expand bo90 clean h17/h20 source(bo90 클린 17/20시 원천 확장),1017.93,1.4042535447,1.0058567194,1012,3.039039039,71.78,14.4168390608,14.1812064642,905,107,0.1057312253,53.162055336,55.95,1.9038141549,20,2.79735,60.0,20,14,-2.34,0,0,2,23.29,-2.4,0.913744609,"entry_hour, p_short, short_margin_vs_long only; no exact month, no outcome-priority, no top_n(진입시점 시간, p_short, 숏-롱 마진만 사용, 정확 월/결과값 우선순위/top_n 없음)",research_development_proxy_scout_only_rule_surface_no_new_model_artifact_no_new_mt5_execution_no_forward_pass_no_live_readiness_no_operating_promotion_no_runtime_authority_no_goal_claim,"watch_short_share_below_target(관찰, 숏 비중 목표 미달)",False,False,2.9155182085
run364BQ_train_broad_clean_short_share_lift_scout_without_db_v1,bq03_high_short_pf_guardrail__h17_20__ps4450__m0850__chronological_no_overlap,bq03_high_short_pf_guardrail,bo05_h17_margin_075_105_or_h20_margin_08_10,17|20,0.445,0.085,chronological_no_overlap,keep bo05 high synthetic PF as guardrail(bo05 높은 합성 PF를 가드레일로 유지),1017.93,1.4042535447,1.0058567194,1012,3.039039039,71.78,14.4168390608,14.1812064642,905,107,0.1057312253,53.162055336,55.95,1.9038141549,20,2.79735,60.0,20,14,-2.34,0,0,2,23.29,-2.4,0.913744609,"entry_hour, p_short, short_margin_vs_long only; no exact month, no outcome-priority, no top_n(진입시점 시간, p_short, 숏-롱 마진만 사용, 정확 월/결과값 우선순위/top_n 없음)",research_development_proxy_scout_only_rule_surface_no_new_model_artifact_no_new_mt5_execution_no_forward_pass_no_live_readiness_no_operating_promotion_no_runtime_authority_no_goal_claim,"watch_short_share_below_target(관찰, 숏 비중 목표 미달)",False,False,2.9155182085
run364BQ_train_broad_clean_short_share_lift_scout_without_db_v1,bq01_broad_clean_h17_20__h17_20__ps4400__m0800__chronological_no_overlap,bq01_broad_clean_h17_20,bo90_broad_h17_20_ps0440_margin080_control,17|20,0.44,0.08,chronological_no_overlap,expand bo90 clean h17/h20 source(bo90 클린 17/20시 원천 확장),1044.49,1.4158388603,1.0280383858,1016,3.0510510511,67.67,9.789310892,15.4350081277,904,112,0.1102362205,53.3464566929,63.19,1.7848439305,29,2.178862069,58.6206896552,29,19,-21.66,0,0,2,23.29,-2.4,0.982111382,"entry_hour, p_short, short_margin_vs_long only; no exact month, no outcome-priority, no top_n(진입시점 시간, p_short, 숏-롱 마진만 사용, 정확 월/결과값 우선순위/top_n 없음)",research_development_proxy_scout_only_rule_surface_no_new_model_artifact_no_new_mt5_execution_no_forward_pass_no_live_readiness_no_operating_promotion_no_runtime_authority_no_goal_claim,"watch_short_share_below_target(관찰, 숏 비중 목표 미달)",False,False,2.6045568545
run364BQ_train_broad_clean_short_share_lift_scout_without_db_v1,bq03_high_short_pf_guardrail__h17_20__ps4400__m0800__chronological_no_overlap,bq03_high_short_pf_guardrail,bo05_h17_margin_075_105_or_h20_margin_08_10,17|20,0.44,0.08,chronological_no_overlap,keep bo05 high synthetic PF as guardrail(bo05 높은 합성 PF를 가드레일로 유지),1044.49,1.4158388603,1.0280383858,1016,3.0510510511,67.67,9.789310892,15.4350081277,904,112,0.1102362205,53.3464566929,63.19,1.7848439305,29,2.178862069,58.6206896552,29,19,-21.66,0,0,2,23.29,-2.4,0.982111382,"entry_hour, p_short, short_margin_vs_long only; no exact month, no outcome-priority, no top_n(진입시점 시간, p_short, 숏-롱 마진만 사용, 정확 월/결과값 우선순위/top_n 없음)",research_development_proxy_scout_only_rule_surface_no_new_model_artifact_no_new_mt5_execution_no_forward_pass_no_live_readiness_no_operating_promotion_no_runtime_authority_no_goal_claim,"watch_short_share_below_target(관찰, 숏 비중 목표 미달)",False,False,2.6045568545
run364BQ_train_broad_clean_short_share_lift_scout_without_db_v1,bq01_broad_clean_h17_20__h17_20__ps4425__m0800__raw,bq01_broad_clean_h17_20,bo90_broad_h17_20_ps0440_margin080_control,17|20,0.4425,0.08,raw,expand bo90 clean h17/h20 source(bo90 클린 17/20시 원천 확장),1041.99,1.4150082803,1.0265931034,1015,3.048048048,67.67,9.789310892,15.3981380228,904,111,0.1093596059,53.3004926108,63.39,1.8251588045,27,2.3478518519,59.2592592593,27,18,-18.96,0,0,2,23.29,-2.4,0.982111382,"entry_hour, p_short, short_margin_vs_long only; no exact month, no outcome-priority, no top_n(진입시점 시간, p_short, 숏-롱 마진만 사용, 정확 월/결과값 우선순위/top_n 없음)",research_development_proxy_scout_only_rule_surface_no_new_model_artifact_no_new_mt5_execution_no_forward_pass_no_live_readiness_no_operating_promotion_no_runtime_authority_no_goal_claim,"watch_short_share_below_target(관찰, 숏 비중 목표 미달)",False,False,2.5266596845
run364BQ_train_broad_clean_short_share_lift_scout_without_db_v1,bq03_high_short_pf_guardrail__h17_20__ps4425__m0800__raw,bq03_high_short_pf_guardrail,bo05_h17_margin_075_105_or_h20_margin_08_10,17|20,0.4425,0.08,raw,keep bo05 high synthetic PF as guardrail(bo05 높은 합성 PF를 가드레일로 유지),1041.99,1.4150082803,1.0265931034,1015,3.048048048,67.67,9.789310892,15.3981380228,904,111,0.1093596059,53.3004926108,63.39,1.8251588045,27,2.3478518519,59.2592592593,27,18,-18.96,0,0,2,23.29,-2.4,0.982111382,"entry_hour, p_short, short_margin_vs_long only; no exact month, no outcome-priority, no top_n(진입시점 시간, p_short, 숏-롱 마진만 사용, 정확 월/결과값 우선순위/top_n 없음)",research_development_proxy_scout_only_rule_surface_no_new_model_artifact_no_new_mt5_execution_no_forward_pass_no_live_readiness_no_operating_promotion_no_runtime_authority_no_goal_claim,"watch_short_share_below_target(관찰, 숏 비중 목표 미달)",False,False,2.5266596845
run364BQ_train_broad_clean_short_share_lift_scout_without_db_v1,bq01_broad_clean_h17_20__h17_20__ps4375__m0800__raw,bq01_broad_clean_h17_20,bo90_broad_h17_20_ps0440_margin080_control,17|20,0.4375,0.08,raw,expand bo90 clean h17/h20 source(bo90 클린 17/20시 원천 확장),1051.51,1.4196624061,1.0339351032,1017,3.0540540541,67.67,9.789310892,15.5388207477,904,113,0.1111111111,53.3923303835,63.38,1.7806241841,31,2.0445806452,58.064516129,31,20,-28.49,0,0,2,23.29,-2.4,0.982111382,"entry_hour, p_short, short_margin_vs_long only; no exact month, no outcome-priority, no top_n(진입시점 시간, p_short, 숏-롱 마진만 사용, 정확 월/결과값 우선순위/top_n 없음)",research_development_proxy_scout_only_rule_surface_no_new_model_artifact_no_new_mt5_execution_no_forward_pass_no_live_readiness_no_operating_promotion_no_runtime_authority_no_goal_claim,"watch_short_share_below_target(관찰, 숏 비중 목표 미달)",False,False,2.0361546485
run364BQ_train_broad_clean_short_share_lift_scout_without_db_v1,bq01_broad_clean_h17_20__h17_20__ps4450__m0850__raw,bq01_broad_clean_h17_20,bo90_broad_h17_20_ps0440_margin080_control,17|20,0.445,0.085,raw,expand bo90 clean h17/h20 source(bo90 클린 17/20시 원천 확장),1017.93,1.4042535447,1.0058567194,1012,3.039039039,71.78,14.4168390608,14.1812064642,905,107,0.1057312253,53.162055336,55.95,1.9038141549,20,2.79735,60.0,20,14,-2.34,0,0,2,23.29,-2.4,0.913744609,"entry_hour, p_short, short_margin_vs_long only; no exact month, no outcome-priority, no top_n(진입시점 시간, p_short, 숏-롱 마진만 사용, 정확 월/결과값 우선순위/top_n 없음)",research_development_proxy_scout_only_rule_surface_no_new_model_artifact_no_new_mt5_execution_no_forward_pass_no_live_readiness_no_operating_promotion_no_runtime_authority_no_goal_claim,"watch_short_share_below_target(관찰, 숏 비중 목표 미달)",False,False,-0.0844817915
run364BQ_train_broad_clean_short_share_lift_scout_without_db_v1,bq03_high_short_pf_guardrail__h17_20__ps4450__m0850__raw,bq03_high_short_pf_guardrail,bo05_h17_margin_075_105_or_h20_margin_08_10,17|20,0.445,0.085,raw,keep bo05 high synthetic PF as guardrail(bo05 높은 합성 PF를 가드레일로 유지),1017.93,1.4042535447,1.0058567194,1012,3.039039039,71.78,14.4168390608,14.1812064642,905,107,0.1057312253,53.162055336,55.95,1.9038141549,20,2.79735,60.0,20,14,-2.34,0,0,2,23.29,-2.4,0.913744609,"entry_hour, p_short, short_margin_vs_long only; no exact month, no outcome-priority, no top_n(진입시점 시간, p_short, 숏-롱 마진만 사용, 정확 월/결과값 우선순위/top_n 없음)",research_development_proxy_scout_only_rule_surface_no_new_model_artifact_no_new_mt5_execution_no_forward_pass_no_live_readiness_no_operating_promotion_no_runtime_authority_no_goal_claim,"watch_short_share_below_target(관찰, 숏 비중 목표 미달)",False,False,-0.0844817915
run364BQ_train_broad_clean_short_share_lift_scout_without_db_v1,bq01_broad_clean_h17_20__h17_20__ps4400__m0800__raw,bq01_broad_clean_h17_20,bo90_broad_h17_20_ps0440_margin080_control,17|20,0.44,0.08,raw,expand bo90 clean h17/h20 source(bo90 클린 17/20시 원천 확장),1044.49,1.4158388603,1.0280383858,1016,3.0510510511,67.67,9.789310892,15.4350081277,904,112,0.1102362205,53.3464566929,63.19,1.7848439305,29,2.178862069,58.6206896552,29,19,-21.66,0,0,2,23.29,-2.4,0.982111382,"entry_hour, p_short, short_margin_vs_long only; no exact month, no outcome-priority, no top_n(진입시점 시간, p_short, 숏-롱 마진만 사용, 정확 월/결과값 우선순위/top_n 없음)",research_development_proxy_scout_only_rule_surface_no_new_model_artifact_no_new_mt5_execution_no_forward_pass_no_live_readiness_no_operating_promotion_no_runtime_authority_no_goal_claim,"watch_short_share_below_target(관찰, 숏 비중 목표 미달)",False,False,-0.3954431455
run364BQ_train_broad_clean_short_share_lift_scout_without_db_v1,bq03_high_short_pf_guardrail__h17_20__ps4400__m0800__raw,bq03_high_short_pf_guardrail,bo05_h17_margin_075_105_or_h20_margin_08_10,17|20,0.44,0.08,raw,keep bo05 high synthetic PF as guardrail(bo05 높은 합성 PF를 가드레일로 유지),1044.49,1.4158388603,1.0280383858,1016,3.0510510511,67.67,9.789310892,15.4350081277,904,112,0.1102362205,53.3464566929,63.19,1.7848439305,29,2.178862069,58.6206896552,29,19,-21.66,0,0,2,23.29,-2.4,0.982111382,"entry_hour, p_short, short_margin_vs_long only; no exact month, no outcome-priority, no top_n(진입시점 시간, p_short, 숏-롱 마진만 사용, 정확 월/결과값 우선순위/top_n 없음)",research_development_proxy_scout_only_rule_surface_no_new_model_artifact_no_new_mt5_execution_no_forward_pass_no_live_readiness_no_operating_promotion_no_runtime_authority_no_goal_claim,"watch_short_share_below_target(관찰, 숏 비중 목표 미달)",False,False,-0.3954431455
run364BQ_train_broad_clean_short_share_lift_scout_without_db_v1,bq01_broad_clean_h17_20__h17_20__ps4450__m0825__chronological_no_overlap,bq01_broad_clean_h17_20,bo90_broad_h17_20_ps0440_margin080_control,17|20,0.445,0.0825,chronological_no_overlap,expand bo90 clean h17/h20 source(bo90 클린 17/20시 원천 확장),1015.61,1.4028877066,1.0025755183,1013,3.042042042,71.78,14.4168390608,14.1489133463,905,108,0.1066140178,53.2082922014,51.48,1.7702516683,22,2.3399545455,59.0909090909,22,15,-4.49,0,0,2,23.29,-2.4,0.913744609,"entry_hour, p_short, short_margin_vs_long only; no exact month, no outcome-priority, no top_n(진입시점 시간, p_short, 숏-롱 마진만 사용, 정확 월/결과값 우선순위/top_n 없음)",research_development_proxy_scout_only_rule_surface_no_new_model_artifact_no_new_mt5_execution_no_forward_pass_no_live_readiness_no_operating_promotion_no_runtime_authority_no_goal_claim,"watch_short_share_below_target(관찰, 숏 비중 목표 미달)",False,False,-10.7284272575
run364BQ_train_broad_clean_short_share_lift_scout_without_db_v1,bq01_broad_clean_h17_20__h17_20__ps4450__m0825__raw,bq01_broad_clean_h17_20,bo90_broad_h17_20_ps0440_margin080_control,17|20,0.445,0.0825,raw,expand bo90 clean h17/h20 source(bo90 클린 17/20시 원천 확장),1015.61,1.4028877066,1.0025755183,1013,3.042042042,71.78,14.4168390608,14.1489133463,905,108,0.1066140178,53.2082922014,51.48,1.7702516683,22,2.3399545455,59.0909090909,22,15,-4.49,0,0,2,23.29,-2.4,0.913744609,"entry_hour, p_short, short_margin_vs_long only; no exact month, no outcome-priority, no top_n(진입시점 시간, p_short, 숏-롱 마진만 사용, 정확 월/결과값 우선순위/top_n 없음)",research_development_proxy_scout_only_rule_surface_no_new_model_artifact_no_new_mt5_execution_no_forward_pass_no_live_readiness_no_operating_promotion_no_runtime_authority_no_goal_claim,"watch_short_share_below_target(관찰, 숏 비중 목표 미달)",False,False,-13.7284272575
run364BQ_train_broad_clean_short_share_lift_scout_without_db_v1,bq02_h16_extension_overlap_safe__h16_17_20__ps4425__m0800__chronological_no_overlap,bq02_h16_extension_overlap_safe,bo91_broad_h16_17_20_ps0445_margin080_control,16|17|20,0.4425,0.08,chronological_no_overlap,retry bo91 h16 lift with overlap guard(bo91 16시 상승을 겹침 가드로 재시도),1053.22,1.4123991002,1.0265341131,1026,3.0810810811,67.67,10.0700814863,15.5641199941,904,122,0.1189083821,53.0214424951,71.27,1.5780769699,39,1.8275384615,48.7179487179,39,19,-22.31,0,0,2,21.89,-4.05,0.9660914877,"entry_hour, p_short, short_margin_vs_long only; no exact month, no outcome-priority, no top_n(진입시점 시간, p_short, 숏-롱 마진만 사용, 정확 월/결과값 우선순위/top_n 없음)",research_development_proxy_scout_only_rule_surface_no_new_model_artifact_no_new_mt5_execution_no_forward_pass_no_live_readiness_no_operating_promotion_no_runtime_authority_no_goal_claim,"watch_short_share_below_target(관찰, 숏 비중 목표 미달)",False,False,-15.0728588215
run364BQ_train_broad_clean_short_share_lift_scout_without_db_v1,bq02_h16_extension_overlap_safe__h16_17_20__ps4450__m0800__chronological_no_overlap,bq02_h16_extension_overlap_safe,bo91_broad_h16_17_20_ps0445_margin080_control,16|17|20,0.445,0.08,chronological_no_overlap,retry bo91 h16 lift with overlap guard(bo91 16시 상승을 겹침 가드로 재시도),1051.19,1.4117546368,1.0265517578,1024,3.0750750751,67.67,10.0700814863,15.5340475839,904,120,0.1171875,53.02734375,69.24,1.5659092767,37,1.8713243243,48.6486486486,37,19,-22.31,0,0,2,22.84,-4.05,0.9660914877,"entry_hour, p_short, short_margin_vs_long only; no exact month, no outcome-priority, no top_n(진입시점 시간, p_short, 숏-롱 마진만 사용, 정확 월/결과값 우선순위/top_n 없음)",research_development_proxy_scout_only_rule_surface_no_new_model_artifact_no_new_mt5_execution_no_forward_pass_no_live_readiness_no_operating_promotion_no_runtime_authority_no_goal_claim,"watch_short_share_below_target(관찰, 숏 비중 목표 미달)",False,False,-16.9602377215
run364BQ_train_broad_clean_short_share_lift_scout_without_db_v1,bq01_broad_clean_h17_20__h17_20__ps4425__m0875__chronological_no_overlap,bq01_broad_clean_h17_20,bo90_broad_h17_20_ps0440_margin080_control,17|20,0.4425,0.0875,chronological_no_overlap,expand bo90 clean h17/h20 source(bo90 클린 17/20시 원천 확장),1018.33,1.404476651,1.0062519763,1012,3.039039039,71.78,14.4168390608,14.1867790471,904,108,0.1067193676,53.162055336,47.82,1.6827976182,21,2.277,57.1428571429,21,15,-10.87,0,0,2,23.29,-2.4,0.913744609,"entry_hour, p_short, short_margin_vs_long only; no exact month, no outcome-priority, no top_n(진입시점 시간, p_short, 숏-롱 마진만 사용, 정확 월/결과값 우선순위/top_n 없음)",research_development_proxy_scout_only_rule_surface_no_new_model_artifact_no_new_mt5_execution_no_forward_pass_no_live_readiness_no_operating_promotion_no_runtime_authority_no_goal_claim,"watch_short_share_below_target(관찰, 숏 비중 목표 미달)",False,False,-17.918662581
run364BQ_train_broad_clean_short_share_lift_scout_without_db_v1,bq01_broad_clean_h17_20__h17_20__ps4375__m0875__chronological_no_overlap,bq01_broad_clean_h17_20,bo90_broad_h17_20_ps0440_margin080_control,17|20,0.4375,0.0875,chronological_no_overlap,expand bo90 clean h17/h20 source(bo90 클린 17/20시 원천 확장),1027.85,1.409096427,1.0136558185,1014,3.045045045,71.78,14.4168390608,14.3194065199,904,110,0.1084812623,53.2544378698,47.81,1.6425585678,25,1.91228,56.0,25,17,-20.4,0,0,2,23.29,-2.4,0.913744609,"entry_hour, p_short, short_margin_vs_long only; no exact month, no outcome-priority, no top_n(진입시점 시간, p_short, 숏-롱 마진만 사용, 정확 월/결과값 우선순위/top_n 없음)",research_development_proxy_scout_only_rule_surface_no_new_model_artifact_no_new_mt5_execution_no_forward_pass_no_live_readiness_no_operating_promotion_no_runtime_authority_no_goal_claim,"watch_short_share_below_target(관찰, 숏 비중 목표 미달)",False,False,-18.007614929
run364BQ_train_broad_clean_short_share_lift_scout_without_db_v1,bq01_broad_clean_h17_20__h17_20__ps4400__m0875__chronological_no_overlap,bq01_broad_clean_h17_20,bo90_broad_h17_20_ps0440_margin080_control,17|20,0.44,0.0875,chronological_no_overlap,expand bo90 clean h17/h20 source(bo90 클린 17/20시 원천 확장),1020.82,1.4053090852,1.007721619,1013,3.042042042,71.78,14.4168390608,14.2215380329,904,109,0.1076011846,53.2082922014,47.61,1.6458842042,23,2.0700869565,56.5217391304,23,16,-13.57,0,0,2,23.29,-2.4,0.913744609,"entry_hour, p_short, short_margin_vs_long only; no exact month, no outcome-priority, no top_n(진입시점 시간, p_short, 숏-롱 마진만 사용, 정확 월/결과값 우선순위/top_n 없음)",research_development_proxy_scout_only_rule_surface_no_new_model_artifact_no_new_mt5_execution_no_forward_pass_no_live_readiness_no_operating_promotion_no_runtime_authority_no_goal_claim,"watch_short_share_below_target(관찰, 숏 비중 목표 미달)",False,False,-20.520274413
run364BQ_train_broad_clean_short_share_lift_scout_without_db_v1,bq01_broad_clean_h17_20__h17_20__ps4425__m0875__raw,bq01_broad_clean_h17_20,bo90_broad_h17_20_ps0440_margin080_control,17|20,0.4425,0.0875,raw,expand bo90 clean h17/h20 source(bo90 클린 17/20시 원천 확장),1018.33,1.404476651,1.0062519763,1012,3.039039039,71.78,14.4168390608,14.1867790471,904,108,0.1067193676,53.162055336,47.82,1.6827976182,21,2.277,57.1428571429,21,15,-10.87,0,0,2,23.29,-2.4,0.913744609,"entry_hour, p_short, short_margin_vs_long only; no exact month, no outcome-priority, no top_n(진입시점 시간, p_short, 숏-롱 마진만 사용, 정확 월/결과값 우선순위/top_n 없음)",research_development_proxy_scout_only_rule_surface_no_new_model_artifact_no_new_mt5_execution_no_forward_pass_no_live_readiness_no_operating_promotion_no_runtime_authority_no_goal_claim,"watch_short_share_below_target(관찰, 숏 비중 목표 미달)",False,False,-20.918662581
run364BQ_train_broad_clean_short_share_lift_scout_without_db_v1,bq01_broad_clean_h17_20__h17_20__ps4375__m0875__raw,bq01_broad_clean_h17_20,bo90_broad_h17_20_ps0440_margin080_control,17|20,0.4375,0.0875,raw,expand bo90 clean h17/h20 source(bo90 클린 17/20시 원천 확장),1027.85,1.409096427,1.0136558185,1014,3.045045045,71.78,14.4168390608,14.3194065199,904,110,0.1084812623,53.2544378698,47.81,1.6425585678,25,1.91228,56.0,25,17,-20.4,0,0,2,23.29,-2.4,0.913744609,"entry_hour, p_short, short_margin_vs_long only; no exact month, no outcome-priority, no top_n(진입시점 시간, p_short, 숏-롱 마진만 사용, 정확 월/결과값 우선순위/top_n 없음)",research_development_proxy_scout_only_rule_surface_no_new_model_artifact_no_new_mt5_execution_no_forward_pass_no_live_readiness_no_operating_promotion_no_runtime_authority_no_goal_claim,"watch_short_share_below_target(관찰, 숏 비중 목표 미달)",False,False,-21.007614929
run364BQ_train_broad_clean_short_share_lift_scout_without_db_v1,bq01_broad_clean_h17_20__h17_20__ps4375__m0850__chronological_no_overlap,bq01_broad_clean_h17_20,bo90_broad_h17_20_ps0440_margin080_control,17|20,0.4375,0.085,chronological_no_overlap,expand bo90 clean h17/h20 source(bo90 클린 17/20시 원천 확장),1025.99,1.4080540388,1.0108246305,1015,3.048048048,71.78,14.4168390608,14.2934940095,904,111,0.1093596059,53.2019704433,45.95,1.602496689,26,1.7671923077,53.8461538462,26,17,-20.4,0,0,2,23.29,-2.4,0.913744609,"entry_hour, p_short, short_margin_vs_long only; no exact month, no outcome-priority, no top_n(진입시점 시간, p_short, 숏-롱 마진만 사용, 정확 월/결과값 우선순위/top_n 없음)",research_development_proxy_scout_only_rule_surface_no_new_model_artifact_no_new_mt5_execution_no_forward_pass_no_live_readiness_no_operating_promotion_no_runtime_authority_no_goal_claim,"watch_short_share_below_target(관찰, 숏 비중 목표 미달)",False,False,-22.569547173
run364BQ_train_broad_clean_short_share_lift_scout_without_db_v1,bq01_broad_clean_h17_20__h17_20__ps4425__m0850__chronological_no_overlap,bq01_broad_clean_h17_20,bo90_broad_h17_20_ps0440_margin080_control,17|20,0.4425,0.085,chronological_no_overlap,expand bo90 clean h17/h20 source(bo90 클린 17/20시 원천 확장),1016.47,1.4034398081,1.0034225074,1013,3.042042042,71.78,14.4168390608,14.1608665366,904,109,0.1076011846,53.1095755183,45.96,1.6392594344,22,2.0889545455,54.5454545455,22,15,-10.87,0,0,2,23.29,-2.4,0.913744609,"entry_hour, p_short, short_margin_vs_long only; no exact month, no outcome-priority, no top_n(진입시점 시간, p_short, 숏-롱 마진만 사용, 정확 월/결과값 우선순위/top_n 없음)",research_development_proxy_scout_only_rule_surface_no_new_model_artifact_no_new_mt5_execution_no_forward_pass_no_live_readiness_no_operating_promotion_no_runtime_authority_no_goal_claim,"watch_short_share_below_target(관찰, 숏 비중 목표 미달)",False,False,-22.809790193
run364BQ_train_broad_clean_short_share_lift_scout_without_db_v1,bq03_high_short_pf_guardrail__h17_20__ps4425__m0850__chronological_no_overlap,bq03_high_short_pf_guardrail,bo05_h17_margin_075_105_or_h20_margin_08_10,17|20,0.4425,0.085,chronological_no_overlap,keep bo05 high synthetic PF as guardrail(bo05 높은 합성 PF를 가드레일로 유지),1016.47,1.4034398081,1.0034225074,1013,3.042042042,71.78,14.4168390608,14.1608665366,904,109,0.1076011846,53.1095755183,45.96,1.6392594344,22,2.0889545455,54.5454545455,22,15,-10.87,0,0,2,23.29,-2.4,0.913744609,"entry_hour, p_short, short_margin_vs_long only; no exact month, no outcome-priority, no top_n(진입시점 시간, p_short, 숏-롱 마진만 사용, 정확 월/결과값 우선순위/top_n 없음)",research_development_proxy_scout_only_rule_surface_no_new_model_artifact_no_new_mt5_execution_no_forward_pass_no_live_readiness_no_operating_promotion_no_runtime_authority_no_goal_claim,"watch_short_share_below_target(관찰, 숏 비중 목표 미달)",False,False,-22.809790193
run364BQ_train_broad_clean_short_share_lift_scout_without_db_v1,bq01_broad_clean_h17_20__h17_20__ps4400__m0875__raw,bq01_broad_clean_h17_20,bo90_broad_h17_20_ps0440_margin080_control,17|20,0.44,0.0875,raw,expand bo90 clean h17/h20 source(bo90 클린 17/20시 원천 확장),1020.82,1.4053090852,1.007721619,1013,3.042042042,71.78,14.4168390608,14.2215380329,904,109,0.1076011846,53.2082922014,47.61,1.6458842042,23,2.0700869565,56.5217391304,23,16,-13.57,0,0,2,23.29,-2.4,0.913744609,"entry_hour, p_short, short_margin_vs_long only; no exact month, no outcome-priority, no top_n(진입시점 시간, p_short, 숏-롱 마진만 사용, 정확 월/결과값 우선순위/top_n 없음)",research_development_proxy_scout_only_rule_surface_no_new_model_artifact_no_new_mt5_execution_no_forward_pass_no_live_readiness_no_operating_promotion_no_runtime_authority_no_goal_claim,"watch_short_share_below_target(관찰, 숏 비중 목표 미달)",False,False,-23.520274413
run364BQ_train_broad_clean_short_share_lift_scout_without_db_v1,bq01_broad_clean_h17_20__h17_20__ps4350__m0875__chronological_no_overlap,bq01_broad_clean_h17_20,bo90_broad_h17_20_ps0440_margin080_control,17|20,0.435,0.0875,chronological_no_overlap,expand bo90 clean h17/h20 source(bo90 클린 17/20시 원천 확장),1026.42,1.4082965646,1.0122485207,1014,3.045045045,71.78,14.4168390608,14.2995263305,904,110,0.1084812623,53.2544378698,44.9,1.5807937083,26,1.7269230769,53.8461538462,26,18,-21.88,0,0,2,23.29,-3.73,0.8673287769,"entry_hour, p_short, short_margin_vs_long only; no exact month, no outcome-priority, no top_n(진입시점 시간, p_short, 숏-롱 마진만 사용, 정확 월/결과값 우선순위/top_n 없음)",research_development_proxy_scout_only_rule_surface_no_new_model_artifact_no_new_mt5_execution_no_forward_pass_no_live_readiness_no_operating_promotion_no_runtime_authority_no_goal_claim,"watch_short_share_below_target(관찰, 숏 비중 목표 미달)",False,False,-24.4562504375
run364BQ_train_broad_clean_short_share_lift_scout_without_db_v1,bq01_broad_clean_h17_20__h17_20__ps4400__m0850__chronological_no_overlap,bq01_broad_clean_h17_20,bo90_broad_h17_20_ps0440_margin080_control,17|20,0.44,0.085,chronological_no_overlap,expand bo90 clean h17/h20 source(bo90 클린 17/20시 원천 확장),1018.96,1.4042720333,1.0048934911,1014,3.045045045,71.78,14.4168390608,14.1956255224,904,110,0.1084812623,53.1558185404,45.75,1.6053773685,24,1.9063333333,54.1666666667,24,16,-13.57,0,0,2,23.29,-2.4,0.913744609,"entry_hour, p_short, short_margin_vs_long only; no exact month, no outcome-priority, no top_n(진입시점 시간, p_short, 숏-롱 마진만 사용, 정확 월/결과값 우선순위/top_n 없음)",research_development_proxy_scout_only_rule_surface_no_new_model_artifact_no_new_mt5_execution_no_forward_pass_no_live_readiness_no_operating_promotion_no_runtime_authority_no_goal_claim,"watch_short_share_below_target(관찰, 숏 비중 목표 미달)",False,False,-25.1234636655
run364BQ_train_broad_clean_short_share_lift_scout_without_db_v1,bq03_high_short_pf_guardrail__h17_20__ps4400__m0850__chronological_no_overlap,bq03_high_short_pf_guardrail,bo05_h17_margin_075_105_or_h20_margin_08_10,17|20,0.44,0.085,chronological_no_overlap,keep bo05 high synthetic PF as guardrail(bo05 높은 합성 PF를 가드레일로 유지),1018.96,1.4042720333,1.0048934911,1014,3.045045045,71.78,14.4168390608,14.1956255224,904,110,0.1084812623,53.1558185404,45.75,1.6053773685,24,1.9063333333,54.1666666667,24,16,-13.57,0,0,2,23.29,-2.4,0.913744609,"entry_hour, p_short, short_margin_vs_long only; no exact month, no outcome-priority, no top_n(진입시점 시간, p_short, 숏-롱 마진만 사용, 정확 월/결과값 우선순위/top_n 없음)",research_development_proxy_scout_only_rule_surface_no_new_model_artifact_no_new_mt5_execution_no_forward_pass_no_live_readiness_no_operating_promotion_no_runtime_authority_no_goal_claim,"watch_short_share_below_target(관찰, 숏 비중 목표 미달)",False,False,-25.1234636655
run364BQ_train_broad_clean_short_share_lift_scout_without_db_v1,bq01_broad_clean_h17_20__h17_20__ps4375__m0850__raw,bq01_broad_clean_h17_20,bo90_broad_h17_20_ps0440_margin080_control,17|20,0.4375,0.085,raw,expand bo90 clean h17/h20 source(bo90 클린 17/20시 원천 확장),1025.99,1.4080540388,1.0108246305,1015,3.048048048,71.78,14.4168390608,14.2934940095,904,111,0.1093596059,53.2019704433,45.95,1.602496689,26,1.7671923077,53.8461538462,26,17,-20.4,0,0,2,23.29,-2.4,0.913744609,"entry_hour, p_short, short_margin_vs_long only; no exact month, no outcome-priority, no top_n(진입시점 시간, p_short, 숏-롱 마진만 사용, 정확 월/결과값 우선순위/top_n 없음)",research_development_proxy_scout_only_rule_surface_no_new_model_artifact_no_new_mt5_execution_no_forward_pass_no_live_readiness_no_operating_promotion_no_runtime_authority_no_goal_claim,"watch_short_share_below_target(관찰, 숏 비중 목표 미달)",False,False,-25.569547173
run364BQ_train_broad_clean_short_share_lift_scout_without_db_v1,bq01_broad_clean_h17_20__h17_20__ps4425__m0850__raw,bq01_broad_clean_h17_20,bo90_broad_h17_20_ps0440_margin080_control,17|20,0.4425,0.085,raw,expand bo90 clean h17/h20 source(bo90 클린 17/20시 원천 확장),1016.47,1.4034398081,1.0034225074,1013,3.042042042,71.78,14.4168390608,14.1608665366,904,109,0.1076011846,53.1095755183,45.96,1.6392594344,22,2.0889545455,54.5454545455,22,15,-10.87,0,0,2,23.29,-2.4,0.913744609,"entry_hour, p_short, short_margin_vs_long only; no exact month, no outcome-priority, no top_n(진입시점 시간, p_short, 숏-롱 마진만 사용, 정확 월/결과값 우선순위/top_n 없음)",research_development_proxy_scout_only_rule_surface_no_new_model_artifact_no_new_mt5_execution_no_forward_pass_no_live_readiness_no_operating_promotion_no_runtime_authority_no_goal_claim,"watch_short_share_below_target(관찰, 숏 비중 목표 미달)",False,False,-25.809790193
run364BQ_train_broad_clean_short_share_lift_scout_without_db_v1,bq03_high_short_pf_guardrail__h17_20__ps4425__m0850__raw,bq03_high_short_pf_guardrail,bo05_h17_margin_075_105_or_h20_margin_08_10,17|20,0.4425,0.085,raw,keep bo05 high synthetic PF as guardrail(bo05 높은 합성 PF를 가드레일로 유지),1016.47,1.4034398081,1.0034225074,1013,3.042042042,71.78,14.4168390608,14.1608665366,904,109,0.1076011846,53.1095755183,45.96,1.6392594344,22,2.0889545455,54.5454545455,22,15,-10.87,0,0,2,23.29,-2.4,0.913744609,"entry_hour, p_short, short_margin_vs_long only; no exact month, no outcome-priority, no top_n(진입시점 시간, p_short, 숏-롱 마진만 사용, 정확 월/결과값 우선순위/top_n 없음)",research_development_proxy_scout_only_rule_surface_no_new_model_artifact_no_new_mt5_execution_no_forward_pass_no_live_readiness_no_operating_promotion_no_runtime_authority_no_goal_claim,"watch_short_share_below_target(관찰, 숏 비중 목표 미달)",False,False,-25.809790193
run364BQ_train_broad_clean_short_share_lift_scout_without_db_v1,bq01_broad_clean_h17_20__h17_20__ps4350__m0875__raw,bq01_broad_clean_h17_20,bo90_broad_h17_20_ps0440_margin080_control,17|20,0.435,0.0875,raw,expand bo90 clean h17/h20 source(bo90 클린 17/20시 원천 확장),1026.42,1.4082965646,1.0122485207,1014,3.045045045,71.78,14.4168390608,14.2995263305,904,110,0.1084812623,53.2544378698,44.9,1.5807937083,26,1.7269230769,53.8461538462,26,18,-21.88,0,0,2,23.29,-3.73,0.8673287769,"entry_hour, p_short, short_margin_vs_long only; no exact month, no outcome-priority, no top_n(진입시점 시간, p_short, 숏-롱 마진만 사용, 정확 월/결과값 우선순위/top_n 없음)",research_development_proxy_scout_only_rule_surface_no_new_model_artifact_no_new_mt5_execution_no_forward_pass_no_live_readiness_no_operating_promotion_no_runtime_authority_no_goal_claim,"watch_short_share_below_target(관찰, 숏 비중 목표 미달)",False,False,-27.4562504375
run364BQ_train_broad_clean_short_share_lift_scout_without_db_v1,bq01_broad_clean_h17_20__h17_20__ps4400__m0850__raw,bq01_broad_clean_h17_20,bo90_broad_h17_20_ps0440_margin080_control,17|20,0.44,0.085,raw,expand bo90 clean h17/h20 source(bo90 클린 17/20시 원천 확장),1018.96,1.4042720333,1.0048934911,1014,3.045045045,71.78,14.4168390608,14.1956255224,904,110,0.1084812623,53.1558185404,45.75,1.6053773685,24,1.9063333333,54.1666666667,24,16,-13.57,0,0,2,23.29,-2.4,0.913744609,"entry_hour, p_short, short_margin_vs_long only; no exact month, no outcome-priority, no top_n(진입시점 시간, p_short, 숏-롱 마진만 사용, 정확 월/결과값 우선순위/top_n 없음)",research_development_proxy_scout_only_rule_surface_no_new_model_artifact_no_new_mt5_execution_no_forward_pass_no_live_readiness_no_operating_promotion_no_runtime_authority_no_goal_claim,"watch_short_share_below_target(관찰, 숏 비중 목표 미달)",False,False,-28.1234636655
run364BQ_train_broad_clean_short_share_lift_scout_without_db_v1,bq03_high_short_pf_guardrail__h17_20__ps4400__m0850__raw,bq03_high_short_pf_guardrail,bo05_h17_margin_075_105_or_h20_margin_08_10,17|20,0.44,0.085,raw,keep bo05 high synthetic PF as guardrail(bo05 높은 합성 PF를 가드레일로 유지),1018.96,1.4042720333,1.0048934911,1014,3.045045045,71.78,14.4168390608,14.1956255224,904,110,0.1084812623,53.1558185404,45.75,1.6053773685,24,1.9063333333,54.1666666667,24,16,-13.57,0,0,2,23.29,-2.4,0.913744609,"entry_hour, p_short, short_margin_vs_long only; no exact month, no outcome-priority, no top_n(진입시점 시간, p_short, 숏-롱 마진만 사용, 정확 월/결과값 우선순위/top_n 없음)",research_development_proxy_scout_only_rule_surface_no_new_model_artifact_no_new_mt5_execution_no_forward_pass_no_live_readiness_no_operating_promotion_no_runtime_authority_no_goal_claim,"watch_short_share_below_target(관찰, 숏 비중 목표 미달)",False,False,-28.1234636655
run364BQ_train_broad_clean_short_share_lift_scout_without_db_v1,bq01_broad_clean_h17_20__h17_20__ps4350__m0850__chronological_no_overlap,bq01_broad_clean_h17_20,bo90_broad_h17_20_ps0440_margin080_control,17|20,0.435,0.085,chronological_no_overlap,expand bo90 clean h17/h20 source(bo90 클린 17/20시 원천 확장),1024.56,1.407255359,1.0094187192,1015,3.048048048,71.78,14.4168390608,14.27361382,904,111,0.1093596059,53.2019704433,43.04,1.5436540016,27,1.5940740741,51.8518518519,27,18,-21.88,0,0,2,23.29,-3.73,0.8673287769,"entry_hour, p_short, short_margin_vs_long only; no exact month, no outcome-priority, no top_n(진입시점 시간, p_short, 숏-롱 마진만 사용, 정확 월/결과값 우선순위/top_n 없음)",research_development_proxy_scout_only_rule_surface_no_new_model_artifact_no_new_mt5_execution_no_forward_pass_no_live_readiness_no_operating_promotion_no_runtime_authority_no_goal_claim,"watch_short_share_below_target(관찰, 숏 비중 목표 미달)",False,False,-28.740351638
run364BQ_train_broad_clean_short_share_lift_scout_without_db_v1,bq01_broad_clean_h17_20__h17_20__ps4350__m0800__chronological_no_overlap,bq01_broad_clean_h17_20,bo90_broad_h17_20_ps0440_margin080_control,17|20,0.435,0.08,chronological_no_overlap,expand bo90 clean h17/h20 source(bo90 클린 17/20시 원천 확장),1036.29,1.4107753157,1.0179666012,1018,3.0570570571,67.67,9.789310892,15.3138761637,904,114,0.1119842829,53.4381139489,46.68,1.4676136477,33,1.4145454545,57.5757575758,33,21,-29.97,0,0,2,23.29,-2.4,0.9322226969,"entry_hour, p_short, short_margin_vs_long only; no exact month, no outcome-priority, no top_n(진입시점 시간, p_short, 숏-롱 마진만 사용, 정확 월/결과값 우선순위/top_n 없음)",research_development_proxy_scout_only_rule_surface_no_new_model_artifact_no_new_mt5_execution_no_forward_pass_no_live_readiness_no_operating_promotion_no_runtime_authority_no_goal_claim,"watch_short_share_below_target(관찰, 숏 비중 목표 미달)",False,False,-30.9543934855
run364BQ_train_broad_clean_short_share_lift_scout_without_db_v1,bq05_extreme_multi_hour_overlap_guard__h16_17_18_20__ps4450__m0800__chronological_no_overlap,bq05_extreme_multi_hour_overlap_guard,bo91_extreme_overlap_guard,16|17|18|20,0.445,0.08,chronological_no_overlap,extreme broad hours with chronological guard(시간순 가드가 있는 극단 넓은 시간),1042.46,1.4067323783,1.0150555015,1027,3.0840840841,70.55,10.0700814863,14.77621545,904,123,0.1197663096,52.9698149951,60.51,1.4569805992,40,1.5128,47.5,40,19,-22.31,0,0,2,22.84,-11.01,0.9346412989,"entry_hour, p_short, short_margin_vs_long only; no exact month, no outcome-priority, no top_n(진입시점 시간, p_short, 숏-롱 마진만 사용, 정확 월/결과값 우선순위/top_n 없음)",research_development_proxy_scout_only_rule_surface_no_new_model_artifact_no_new_mt5_execution_no_forward_pass_no_live_readiness_no_operating_promotion_no_runtime_authority_no_goal_claim,"watch_short_share_below_target(관찰, 숏 비중 목표 미달)",False,False,-31.457691199
run364BQ_train_broad_clean_short_share_lift_scout_without_db_v1,bq01_broad_clean_h17_20__h17_20__ps4350__m0850__raw,bq01_broad_clean_h17_20,bo90_broad_h17_20_ps0440_margin080_control,17|20,0.435,0.085,raw,expand bo90 clean h17/h20 source(bo90 클린 17/20시 원천 확장),1024.56,1.407255359,1.0094187192,1015,3.048048048,71.78,14.4168390608,14.27361382,904,111,0.1093596059,53.2019704433,43.04,1.5436540016,27,1.5940740741,51.8518518519,27,18,-21.88,0,0,2,23.29,-3.73,0.8673287769,"entry_hour, p_short, short_margin_vs_long only; no exact month, no outcome-priority, no top_n(진입시점 시간, p_short, 숏-롱 마진만 사용, 정확 월/결과값 우선순위/top_n 없음)",research_development_proxy_scout_only_rule_surface_no_new_model_artifact_no_new_mt5_execution_no_forward_pass_no_live_readiness_no_operating_promotion_no_runtime_authority_no_goal_claim,"watch_short_share_below_target(관찰, 숏 비중 목표 미달)",False,False,-31.740351638
run364BQ_train_broad_clean_short_share_lift_scout_without_db_v1,bq01_broad_clean_h17_20__h17_20__ps4375__m0825__chronological_no_overlap,bq01_broad_clean_h17_20,bo90_broad_h17_20_ps0440_margin080_control,17|20,0.4375,0.0825,chronological_no_overlap,expand bo90 clean h17/h20 source(bo90 클린 17/20시 원천 확장),1023.67,1.406681991,1.0075482283,1016,3.0510510511,71.78,14.4168390608,14.2612008916,904,112,0.1102362205,53.2480314961,41.48,1.5108628716,28,1.4813928571,53.5714285714,28,18,-22.55,0,0,2,23.29,-2.4,0.913744609,"entry_hour, p_short, short_margin_vs_long only; no exact month, no outcome-priority, no top_n(진입시점 시간, p_short, 숏-롱 마진만 사용, 정확 월/결과값 우선순위/top_n 없음)",research_development_proxy_scout_only_rule_surface_no_new_model_artifact_no_new_mt5_execution_no_forward_pass_no_live_readiness_no_operating_promotion_no_runtime_authority_no_goal_claim,"watch_short_share_below_target(관찰, 숏 비중 목표 미달)",False,False,-32.231448908
run364BQ_train_broad_clean_short_share_lift_scout_without_db_v1,bq01_broad_clean_h17_20__h17_20__ps4425__m0825__chronological_no_overlap,bq01_broad_clean_h17_20,bo90_broad_h17_20_ps0440_margin080_control,17|20,0.4425,0.0825,chronological_no_overlap,expand bo90 clean h17/h20 source(bo90 클린 17/20시 원천 확장),1014.15,1.4020756584,1.0001469428,1014,3.045045045,71.78,14.4168390608,14.1285734188,904,110,0.1084812623,53.1558185404,41.49,1.5400525877,24,1.7287083333,54.1666666667,24,16,-13.02,0,0,2,23.29,-2.4,0.913744609,"entry_hour, p_short, short_margin_vs_long only; no exact month, no outcome-priority, no top_n(진입시점 시간, p_short, 숏-롱 마진만 사용, 정확 월/결과값 우선순위/top_n 없음)",research_development_proxy_scout_only_rule_surface_no_new_model_artifact_no_new_mt5_execution_no_forward_pass_no_live_readiness_no_operating_promotion_no_runtime_authority_no_goal_claim,"watch_short_share_below_target(관찰, 숏 비중 목표 미달)",False,False,-33.1896290725
run364BQ_train_broad_clean_short_share_lift_scout_without_db_v1,bq01_broad_clean_h17_20__h17_20__ps4400__m0825__chronological_no_overlap,bq01_broad_clean_h17_20,bo90_broad_h17_20_ps0440_margin080_control,17|20,0.44,0.0825,chronological_no_overlap,expand bo90 clean h17/h20 source(bo90 클린 17/20시 원천 확장),1016.64,1.4029074982,1.0016197044,1015,3.048048048,71.78,14.4168390608,14.1633324046,904,111,0.1093596059,53.2019704433,41.28,1.5127873902,26,1.5878461538,53.8461538462,26,17,-15.72,0,0,2,23.29,-2.4,0.913744609,"entry_hour, p_short, short_margin_vs_long only; no exact month, no outcome-priority, no top_n(진입시점 시간, p_short, 숏-롱 마진만 사용, 정확 월/결과값 우선순위/top_n 없음)",research_development_proxy_scout_only_rule_surface_no_new_model_artifact_no_new_mt5_execution_no_forward_pass_no_live_readiness_no_operating_promotion_no_runtime_authority_no_goal_claim,"watch_short_share_below_target(관찰, 숏 비중 목표 미달)",False,False,-34.874773273
run364BQ_train_broad_clean_short_share_lift_scout_without_db_v1,bq01_broad_clean_h17_20__h17_20__ps4375__m0825__raw,bq01_broad_clean_h17_20,bo90_broad_h17_20_ps0440_margin080_control,17|20,0.4375,0.0825,raw,expand bo90 clean h17/h20 source(bo90 클린 17/20시 원천 확장),1023.67,1.406681991,1.0075482283,1016,3.0510510511,71.78,14.4168390608,14.2612008916,904,112,0.1102362205,53.2480314961,41.48,1.5108628716,28,1.4813928571,53.5714285714,28,18,-22.55,0,0,2,23.29,-2.4,0.913744609,"entry_hour, p_short, short_margin_vs_long only; no exact month, no outcome-priority, no top_n(진입시점 시간, p_short, 숏-롱 마진만 사용, 정확 월/결과값 우선순위/top_n 없음)",research_development_proxy_scout_only_rule_surface_no_new_model_artifact_no_new_mt5_execution_no_forward_pass_no_live_readiness_no_operating_promotion_no_runtime_authority_no_goal_claim,"watch_short_share_below_target(관찰, 숏 비중 목표 미달)",False,False,-35.231448908
run364BQ_train_broad_clean_short_share_lift_scout_without_db_v1,bq01_broad_clean_h17_20__h17_20__ps4425__m0825__raw,bq01_broad_clean_h17_20,bo90_broad_h17_20_ps0440_margin080_control,17|20,0.4425,0.0825,raw,expand bo90 clean h17/h20 source(bo90 클린 17/20시 원천 확장),1014.15,1.4020756584,1.0001469428,1014,3.045045045,71.78,14.4168390608,14.1285734188,904,110,0.1084812623,53.1558185404,41.49,1.5400525877,24,1.7287083333,54.1666666667,24,16,-13.02,0,0,2,23.29,-2.4,0.913744609,"entry_hour, p_short, short_margin_vs_long only; no exact month, no outcome-priority, no top_n(진입시점 시간, p_short, 숏-롱 마진만 사용, 정확 월/결과값 우선순위/top_n 없음)",research_development_proxy_scout_only_rule_surface_no_new_model_artifact_no_new_mt5_execution_no_forward_pass_no_live_readiness_no_operating_promotion_no_runtime_authority_no_goal_claim,"watch_short_share_below_target(관찰, 숏 비중 목표 미달)",False,False,-36.1896290725
run364BQ_train_broad_clean_short_share_lift_scout_without_db_v1,bq01_broad_clean_h17_20__h17_20__ps4350__m0825__chronological_no_overlap,bq01_broad_clean_h17_20,bo90_broad_h17_20_ps0440_margin080_control,17|20,0.435,0.0825,chronological_no_overlap,expand bo90 clean h17/h20 source(bo90 클린 17/20시 원천 확장),1022.24,1.4058849712,1.0061437008,1016,3.0510510511,71.78,14.4168390608,14.2413207021,904,112,0.1102362205,53.2480314961,38.57,1.4586390174,29,1.3300689655,51.724137931,29,19,-24.03,0,0,2,23.29,-3.73,0.8673287769,"entry_hour, p_short, short_margin_vs_long only; no exact month, no outcome-priority, no top_n(진입시점 시간, p_short, 숏-롱 마진만 사용, 정확 월/결과값 우선순위/top_n 없음)",research_development_proxy_scout_only_rule_surface_no_new_model_artifact_no_new_mt5_execution_no_forward_pass_no_live_readiness_no_operating_promotion_no_runtime_authority_no_goal_claim,"watch_short_share_below_target(관찰, 숏 비중 목표 미달)",False,False,-37.773148819
run364BQ_train_broad_clean_short_share_lift_scout_without_db_v1,bq01_broad_clean_h17_20__h17_20__ps4400__m0825__raw,bq01_broad_clean_h17_20,bo90_broad_h17_20_ps0440_margin080_control,17|20,0.44,0.0825,raw,expand bo90 clean h17/h20 source(bo90 클린 17/20시 원천 확장),1016.64,1.4029074982,1.0016197044,1015,3.048048048,71.78,14.4168390608,14.1633324046,904,111,0.1093596059,53.2019704433,41.28,1.5127873902,26,1.5878461538,53.8461538462,26,17,-15.72,0,0,2,23.29,-2.4,0.913744609,"entry_hour, p_short, short_margin_vs_long only; no exact month, no outcome-priority, no top_n(진입시점 시간, p_short, 숏-롱 마진만 사용, 정확 월/결과값 우선순위/top_n 없음)",research_development_proxy_scout_only_rule_surface_no_new_model_artifact_no_new_mt5_execution_no_forward_pass_no_live_readiness_no_operating_promotion_no_runtime_authority_no_goal_claim,"watch_short_share_below_target(관찰, 숏 비중 목표 미달)",False,False,-37.874773273
run364BQ_train_broad_clean_short_share_lift_scout_without_db_v1,bq01_broad_clean_h17_20__h17_20__ps4450__m0900__chronological_no_overlap,bq01_broad_clean_h17_20,bo90_broad_h17_20_ps0440_margin080_control,17|20,0.445,0.09,chronological_no_overlap,expand bo90 clean h17/h20 source(bo90 클린 17/20시 원천 확장),995.89,1.3957962484,0.9860346535,1010,3.033033033,73.945,14.4168390608,13.4680505781,905,105,0.103960396,53.1683168317,32.23,1.536716577,17,1.8955882353,58.8235294118,17,13,-4.03,0,0,2,23.29,-18.08,0.8869217054,"entry_hour, p_short, short_margin_vs_long only; no exact month, no outcome-priority, no top_n(진입시점 시간, p_short, 숏-롱 마진만 사용, 정확 월/결과값 우선순위/top_n 없음)",research_development_proxy_scout_only_rule_surface_no_new_model_artifact_no_new_mt5_execution_no_forward_pass_no_live_readiness_no_operating_promotion_no_runtime_authority_no_goal_claim,"watch_short_share_below_target(관찰, 숏 비중 목표 미달)",False,False,-40.610637989
run364BQ_train_broad_clean_short_share_lift_scout_without_db_v1,bq03_high_short_pf_guardrail__h17_20__ps4450__m0900__chronological_no_overlap,bq03_high_short_pf_guardrail,bo05_h17_margin_075_105_or_h20_margin_08_10,17|20,0.445,0.09,chronological_no_overlap,keep bo05 high synthetic PF as guardrail(bo05 높은 합성 PF를 가드레일로 유지),995.89,1.3957962484,0.9860346535,1010,3.033033033,73.945,14.4168390608,13.4680505781,905,105,0.103960396,53.1683168317,32.23,1.536716577,17,1.8955882353,58.8235294118,17,13,-4.03,0,0,2,23.29,-18.08,0.8869217054,"entry_hour, p_short, short_margin_vs_long only; no exact month, no outcome-priority, no top_n(진입시점 시간, p_short, 숏-롱 마진만 사용, 정확 월/결과값 우선순위/top_n 없음)",research_development_proxy_scout_only_rule_surface_no_new_model_artifact_no_new_mt5_execution_no_forward_pass_no_live_readiness_no_operating_promotion_no_runtime_authority_no_goal_claim,"watch_short_share_below_target(관찰, 숏 비중 목표 미달)",False,False,-40.610637989
run364BQ_train_broad_clean_short_share_lift_scout_without_db_v1,bq01_broad_clean_h17_20__h17_20__ps4350__m0825__raw,bq01_broad_clean_h17_20,bo90_broad_h17_20_ps0440_margin080_control,17|20,0.435,0.0825,raw,expand bo90 clean h17/h20 source(bo90 클린 17/20시 원천 확장),1022.24,1.4058849712,1.0061437008,1016,3.0510510511,71.78,14.4168390608,14.2413207021,904,112,0.1102362205,53.2480314961,38.57,1.4586390174,29,1.3300689655,51.724137931,29,19,-24.03,0,0,2,23.29,-3.73,0.8673287769,"entry_hour, p_short, short_margin_vs_long only; no exact month, no outcome-priority, no top_n(진입시점 시간, p_short, 숏-롱 마진만 사용, 정확 월/결과값 우선순위/top_n 없음)",research_development_proxy_scout_only_rule_surface_no_new_model_artifact_no_new_mt5_execution_no_forward_pass_no_live_readiness_no_operating_promotion_no_runtime_authority_no_goal_claim,"watch_short_share_below_target(관찰, 숏 비중 목표 미달)",False,False,-40.773148819
run364BQ_train_broad_clean_short_share_lift_scout_without_db_v1,bq01_broad_clean_h17_20__h17_20__ps4450__m0900__raw,bq01_broad_clean_h17_20,bo90_broad_h17_20_ps0440_margin080_control,17|20,0.445,0.09,raw,expand bo90 clean h17/h20 source(bo90 클린 17/20시 원천 확장),995.89,1.3957962484,0.9860346535,1010,3.033033033,73.945,14.4168390608,13.4680505781,905,105,0.103960396,53.1683168317,32.23,1.536716577,17,1.8955882353,58.8235294118,17,13,-4.03,0,0,2,23.29,-18.08,0.8869217054,"entry_hour, p_short, short_margin_vs_long only; no exact month, no outcome-priority, no top_n(진입시점 시간, p_short, 숏-롱 마진만 사용, 정확 월/결과값 우선순위/top_n 없음)",research_development_proxy_scout_only_rule_surface_no_new_model_artifact_no_new_mt5_execution_no_forward_pass_no_live_readiness_no_operating_promotion_no_runtime_authority_no_goal_claim,"watch_short_share_below_target(관찰, 숏 비중 목표 미달)",False,False,-43.610637989
run364BQ_train_broad_clean_short_share_lift_scout_without_db_v1,bq03_high_short_pf_guardrail__h17_20__ps4450__m0900__raw,bq03_high_short_pf_guardrail,bo05_h17_margin_075_105_or_h20_margin_08_10,17|20,0.445,0.09,raw,keep bo05 high synthetic PF as guardrail(bo05 높은 합성 PF를 가드레일로 유지),995.89,1.3957962484,0.9860346535,1010,3.033033033,73.945,14.4168390608,13.4680505781,905,105,0.103960396,53.1683168317,32.23,1.536716577,17,1.8955882353,58.8235294118,17,13,-4.03,0,0,2,23.29,-18.08,0.8869217054,"entry_hour, p_short, short_margin_vs_long only; no exact month, no outcome-priority, no top_n(진입시점 시간, p_short, 숏-롱 마진만 사용, 정확 월/결과값 우선순위/top_n 없음)",research_development_proxy_scout_only_rule_surface_no_new_model_artifact_no_new_mt5_execution_no_forward_pass_no_live_readiness_no_operating_promotion_no_runtime_authority_no_goal_claim,"watch_short_share_below_target(관찰, 숏 비중 목표 미달)",False,False,-43.610637989
run364BQ_train_broad_clean_short_share_lift_scout_without_db_v1,bq06_h16_h19_bridge_overlap_guard__h16_17_19_20__ps4450__m0800__chronological_no_overlap,bq06_h16_h19_bridge_overlap_guard,bo91_plus_h19_overlap_guard,16|17|19|20,0.445,0.08,chronological_no_overlap,combine h16 and h19 lift without synthetic overlap(16/19시 상승을 합성 겹침 없이 결합),1041.17,1.4057609313,1.0137994158,1027,3.0840840841,67.67,12.4837930252,15.3860203931,904,123,0.1197663096,52.8724440117,47.29,1.3173661535,43,1.0998139535,44.1860465116,43,22,-34.24,0,0,2,22.84,-4.05,0.9660914877,"entry_hour, p_short, short_margin_vs_long only; no exact month, no outcome-priority, no top_n(진입시점 시간, p_short, 숏-롱 마진만 사용, 정확 월/결과값 우선순위/top_n 없음)",research_development_proxy_scout_only_rule_surface_no_new_model_artifact_no_new_mt5_execution_no_forward_pass_no_live_readiness_no_operating_promotion_no_runtime_authority_no_goal_claim,"watch_short_share_below_target(관찰, 숏 비중 목표 미달)",False,False,-44.7166384705
run364BQ_train_broad_clean_short_share_lift_scout_without_db_v1,bq01_broad_clean_h17_20__h17_20__ps4375__m0900__chronological_no_overlap,bq01_broad_clean_h17_20,bo90_broad_h17_20_ps0440_margin080_control,17|20,0.4375,0.09,chronological_no_overlap,expand bo90 clean h17/h20 source(bo90 클린 17/20시 원천 확장),1008.33,1.4020256679,0.9973541048,1011,3.036036036,73.945,14.4168390608,13.6361484887,904,107,0.1058358061,53.3135509397,26.6,1.3797603918,21,1.2664285714,57.1428571429,21,16,-22.09,0,0,2,23.29,-18.08,0.8869217054,"entry_hour, p_short, short_margin_vs_long only; no exact month, no outcome-priority, no top_n(진입시점 시간, p_short, 숏-롱 마진만 사용, 정확 월/결과값 우선순위/top_n 없음)",research_development_proxy_scout_only_rule_surface_no_new_model_artifact_no_new_mt5_execution_no_forward_pass_no_live_readiness_no_operating_promotion_no_runtime_authority_no_goal_claim,"watch_short_share_below_target(관찰, 숏 비중 목표 미달)",False,False,-50.605885878
run364BQ_train_broad_clean_short_share_lift_scout_without_db_v1,bq01_broad_clean_h17_20__h17_20__ps4375__m0900__raw,bq01_broad_clean_h17_20,bo90_broad_h17_20_ps0440_margin080_control,17|20,0.4375,0.09,raw,expand bo90 clean h17/h20 source(bo90 클린 17/20시 원천 확장),1008.33,1.4020256679,0.9973541048,1011,3.036036036,73.945,14.4168390608,13.6361484887,904,107,0.1058358061,53.3135509397,26.6,1.3797603918,21,1.2664285714,57.1428571429,21,16,-22.09,0,0,2,23.29,-18.08,0.8869217054,"entry_hour, p_short, short_margin_vs_long only; no exact month, no outcome-priority, no top_n(진입시점 시간, p_short, 숏-롱 마진만 사용, 정확 월/결과값 우선순위/top_n 없음)",research_development_proxy_scout_only_rule_surface_no_new_model_artifact_no_new_mt5_execution_no_forward_pass_no_live_readiness_no_operating_promotion_no_runtime_authority_no_goal_claim,"watch_short_share_below_target(관찰, 숏 비중 목표 미달)",False,False,-53.605885878
run364BQ_train_broad_clean_short_share_lift_scout_without_db_v1,bq01_broad_clean_h17_20__h17_20__ps4400__m0900__chronological_no_overlap,bq01_broad_clean_h17_20,bo90_broad_h17_20_ps0440_margin080_control,17|20,0.44,0.09,chronological_no_overlap,expand bo90 clean h17/h20 source(bo90 클린 17/20시 원천 확장),1000.62,1.3978681806,0.9897279921,1011,3.036036036,73.945,14.4168390608,13.531881804,904,107,0.1058358061,53.2146389713,25.72,1.3671945281,20,1.28575,55.0,20,15,-15.26,0,0,2,23.29,-18.08,0.8869217054,"entry_hour, p_short, short_margin_vs_long only; no exact month, no outcome-priority, no top_n(진입시점 시간, p_short, 숏-롱 마진만 사용, 정확 월/결과값 우선순위/top_n 없음)",research_development_proxy_scout_only_rule_surface_no_new_model_artifact_no_new_mt5_execution_no_forward_pass_no_live_readiness_no_operating_promotion_no_runtime_authority_no_goal_claim,"watch_short_share_below_target(관찰, 숏 비중 목표 미달)",False,False,-54.9025655165
run364BQ_train_broad_clean_short_share_lift_scout_without_db_v1,bq03_high_short_pf_guardrail__h17_20__ps4400__m0900__chronological_no_overlap,bq03_high_short_pf_guardrail,bo05_h17_margin_075_105_or_h20_margin_08_10,17|20,0.44,0.09,chronological_no_overlap,keep bo05 high synthetic PF as guardrail(bo05 높은 합성 PF를 가드레일로 유지),1000.62,1.3978681806,0.9897279921,1011,3.036036036,73.945,14.4168390608,13.531881804,904,107,0.1058358061,53.2146389713,25.72,1.3671945281,20,1.28575,55.0,20,15,-15.26,0,0,2,23.29,-18.08,0.8869217054,"entry_hour, p_short, short_margin_vs_long only; no exact month, no outcome-priority, no top_n(진입시점 시간, p_short, 숏-롱 마진만 사용, 정확 월/결과값 우선순위/top_n 없음)",research_development_proxy_scout_only_rule_surface_no_new_model_artifact_no_new_mt5_execution_no_forward_pass_no_live_readiness_no_operating_promotion_no_runtime_authority_no_goal_claim,"watch_short_share_below_target(관찰, 숏 비중 목표 미달)",False,False,-54.9025655165
run364BQ_train_broad_clean_short_share_lift_scout_without_db_v1,bq01_broad_clean_h17_20__h17_20__ps4475__m0800__chronological_no_overlap,bq01_broad_clean_h17_20,bo90_broad_h17_20_ps0440_margin080_control,17|20,0.4475,0.08,chronological_no_overlap,expand bo90 clean h17/h20 source(bo90 클린 17/20시 원천 확장),1006.42,1.4011048508,0.9944851779,1012,3.039039039,73.945,9.8006274024,13.6103725742,906,106,0.104743083,53.2608695652,20.82,1.3378227076,19,1.0957368421,57.8947368421,19,13,-25.96,0,0,2,23.29,-18.08,0.8869217054,"entry_hour, p_short, short_margin_vs_long only; no exact month, no outcome-priority, no top_n(진입시점 시간, p_short, 숏-롱 마진만 사용, 정확 월/결과값 우선순위/top_n 없음)",research_development_proxy_scout_only_rule_surface_no_new_model_artifact_no_new_mt5_execution_no_forward_pass_no_live_readiness_no_operating_promotion_no_runtime_authority_no_goal_claim,"watch_short_share_below_target(관찰, 숏 비중 목표 미달)",False,False,-55.337921126
run364BQ_train_broad_clean_short_share_lift_scout_without_db_v1,bq03_high_short_pf_guardrail__h17_20__ps4475__m0800__chronological_no_overlap,bq03_high_short_pf_guardrail,bo05_h17_margin_075_105_or_h20_margin_08_10,17|20,0.4475,0.08,chronological_no_overlap,keep bo05 high synthetic PF as guardrail(bo05 높은 합성 PF를 가드레일로 유지),1006.42,1.4011048508,0.9944851779,1012,3.039039039,73.945,9.8006274024,13.6103725742,906,106,0.104743083,53.2608695652,20.82,1.3378227076,19,1.0957368421,57.8947368421,19,13,-25.96,0,0,2,23.29,-18.08,0.8869217054,"entry_hour, p_short, short_margin_vs_long only; no exact month, no outcome-priority, no top_n(진입시점 시간, p_short, 숏-롱 마진만 사용, 정확 월/결과값 우선순위/top_n 없음)",research_development_proxy_scout_only_rule_surface_no_new_model_artifact_no_new_mt5_execution_no_forward_pass_no_live_readiness_no_operating_promotion_no_runtime_authority_no_goal_claim,"watch_short_share_below_target(관찰, 숏 비중 목표 미달)",False,False,-55.337921126
run364BQ_train_broad_clean_short_share_lift_scout_without_db_v1,bq01_broad_clean_h17_20__h17_20__ps4350__m0900__chronological_no_overlap,bq01_broad_clean_h17_20,bo90_broad_h17_20_ps0440_margin080_control,17|20,0.435,0.09,chronological_no_overlap,expand bo90 clean h17/h20 source(bo90 클린 17/20시 원천 확장),1006.9,1.4012284333,0.9959426311,1011,3.036036036,73.945,14.4168390608,13.6168503618,904,107,0.1058358061,53.3135509397,23.69,1.3247689819,22,1.0767272727,54.5454545455,22,17,-23.57,0,0,2,23.29,-18.08,0.8673287769,"entry_hour, p_short, short_margin_vs_long only; no exact month, no outcome-priority, no top_n(진입시점 시간, p_short, 숏-롱 마진만 사용, 정확 월/결과값 우선순위/top_n 없음)",research_development_proxy_scout_only_rule_surface_no_new_model_artifact_no_new_mt5_execution_no_forward_pass_no_live_readiness_no_operating_promotion_no_runtime_authority_no_goal_claim,"watch_short_share_below_target(관찰, 숏 비중 목표 미달)",False,False,-56.4105443925
run364BQ_train_broad_clean_short_share_lift_scout_without_db_v1,bq01_broad_clean_h17_20__h17_20__ps4400__m0900__raw,bq01_broad_clean_h17_20,bo90_broad_h17_20_ps0440_margin080_control,17|20,0.44,0.09,raw,expand bo90 clean h17/h20 source(bo90 클린 17/20시 원천 확장),1000.62,1.3978681806,0.9897279921,1011,3.036036036,73.945,14.4168390608,13.531881804,904,107,0.1058358061,53.2146389713,25.72,1.3671945281,20,1.28575,55.0,20,15,-15.26,0,0,2,23.29,-18.08,0.8869217054,"entry_hour, p_short, short_margin_vs_long only; no exact month, no outcome-priority, no top_n(진입시점 시간, p_short, 숏-롱 마진만 사용, 정확 월/결과값 우선순위/top_n 없음)",research_development_proxy_scout_only_rule_surface_no_new_model_artifact_no_new_mt5_execution_no_forward_pass_no_live_readiness_no_operating_promotion_no_runtime_authority_no_goal_claim,"watch_short_share_below_target(관찰, 숏 비중 목표 미달)",False,False,-57.9025655165
run364BQ_train_broad_clean_short_share_lift_scout_without_db_v1,bq03_high_short_pf_guardrail__h17_20__ps4400__m0900__raw,bq03_high_short_pf_guardrail,bo05_h17_margin_075_105_or_h20_margin_08_10,17|20,0.44,0.09,raw,keep bo05 high synthetic PF as guardrail(bo05 높은 합성 PF를 가드레일로 유지),1000.62,1.3978681806,0.9897279921,1011,3.036036036,73.945,14.4168390608,13.531881804,904,107,0.1058358061,53.2146389713,25.72,1.3671945281,20,1.28575,55.0,20,15,-15.26,0,0,2,23.29,-18.08,0.8869217054,"entry_hour, p_short, short_margin_vs_long only; no exact month, no outcome-priority, no top_n(진입시점 시간, p_short, 숏-롱 마진만 사용, 정확 월/결과값 우선순위/top_n 없음)",research_development_proxy_scout_only_rule_surface_no_new_model_artifact_no_new_mt5_execution_no_forward_pass_no_live_readiness_no_operating_promotion_no_runtime_authority_no_goal_claim,"watch_short_share_below_target(관찰, 숏 비중 목표 미달)",False,False,-57.9025655165
run364BQ_train_broad_clean_short_share_lift_scout_without_db_v1,bq01_broad_clean_h17_20__h17_20__ps4475__m0800__raw,bq01_broad_clean_h17_20,bo90_broad_h17_20_ps0440_margin080_control,17|20,0.4475,0.08,raw,expand bo90 clean h17/h20 source(bo90 클린 17/20시 원천 확장),1006.42,1.4011048508,0.9944851779,1012,3.039039039,73.945,9.8006274024,13.6103725742,906,106,0.104743083,53.2608695652,20.82,1.3378227076,19,1.0957368421,57.8947368421,19,13,-25.96,0,0,2,23.29,-18.08,0.8869217054,"entry_hour, p_short, short_margin_vs_long only; no exact month, no outcome-priority, no top_n(진입시점 시간, p_short, 숏-롱 마진만 사용, 정확 월/결과값 우선순위/top_n 없음)",research_development_proxy_scout_only_rule_surface_no_new_model_artifact_no_new_mt5_execution_no_forward_pass_no_live_readiness_no_operating_promotion_no_runtime_authority_no_goal_claim,"watch_short_share_below_target(관찰, 숏 비중 목표 미달)",False,False,-58.337921126
run364BQ_train_broad_clean_short_share_lift_scout_without_db_v1,bq03_high_short_pf_guardrail__h17_20__ps4475__m0800__raw,bq03_high_short_pf_guardrail,bo05_h17_margin_075_105_or_h20_margin_08_10,17|20,0.4475,0.08,raw,keep bo05 high synthetic PF as guardrail(bo05 높은 합성 PF를 가드레일로 유지),1006.42,1.4011048508,0.9944851779,1012,3.039039039,73.945,9.8006274024,13.6103725742,906,106,0.104743083,53.2608695652,20.82,1.3378227076,19,1.0957368421,57.8947368421,19,13,-25.96,0,0,2,23.29,-18.08,0.8869217054,"entry_hour, p_short, short_margin_vs_long only; no exact month, no outcome-priority, no top_n(진입시점 시간, p_short, 숏-롱 마진만 사용, 정확 월/결과값 우선순위/top_n 없음)",research_development_proxy_scout_only_rule_surface_no_new_model_artifact_no_new_mt5_execution_no_forward_pass_no_live_readiness_no_operating_promotion_no_runtime_authority_no_goal_claim,"watch_short_share_below_target(관찰, 숏 비중 목표 미달)",False,False,-58.337921126
run364BQ_train_broad_clean_short_share_lift_scout_without_db_v1,bq01_broad_clean_h17_20__h17_20__ps4350__m0900__raw,bq01_broad_clean_h17_20,bo90_broad_h17_20_ps0440_margin080_control,17|20,0.435,0.09,raw,expand bo90 clean h17/h20 source(bo90 클린 17/20시 원천 확장),1006.9,1.4012284333,0.9959426311,1011,3.036036036,73.945,14.4168390608,13.6168503618,904,107,0.1058358061,53.3135509397,23.69,1.3247689819,22,1.0767272727,54.5454545455,22,17,-23.57,0,0,2,23.29,-18.08,0.8673287769,"entry_hour, p_short, short_margin_vs_long only; no exact month, no outcome-priority, no top_n(진입시점 시간, p_short, 숏-롱 마진만 사용, 정확 월/결과값 우선순위/top_n 없음)",research_development_proxy_scout_only_rule_surface_no_new_model_artifact_no_new_mt5_execution_no_forward_pass_no_live_readiness_no_operating_promotion_no_runtime_authority_no_goal_claim,"watch_short_share_below_target(관찰, 숏 비중 목표 미달)",False,False,-59.4105443925
run364BQ_train_broad_clean_short_share_lift_scout_without_db_v1,bq01_broad_clean_h17_20__h17_20__ps4425__m0900__chronological_no_overlap,bq01_broad_clean_h17_20,bo90_broad_h17_20_ps0440_margin080_control,17|20,0.4425,0.09,chronological_no_overlap,expand bo90 clean h17/h20 source(bo90 클린 17/20시 원천 확장),994.43,1.394986815,0.9836152324,1011,3.036036036,73.945,14.4168390608,13.4483061735,904,107,0.1058358061,53.115727003,22.23,1.317502249,19,1.1702631579,52.6315789474,19,14,-12.56,0,0,2,23.29,-18.08,0.8869217054,"entry_hour, p_short, short_margin_vs_long only; no exact month, no outcome-priority, no top_n(진입시점 시간, p_short, 숏-롱 마진만 사용, 정확 월/결과값 우선순위/top_n 없음)",research_development_proxy_scout_only_rule_surface_no_new_model_artifact_no_new_mt5_execution_no_forward_pass_no_live_readiness_no_operating_promotion_no_runtime_authority_no_goal_claim,"watch_short_share_below_target(관찰, 숏 비중 목표 미달)",False,False,-62.027791495
run364BQ_train_broad_clean_short_share_lift_scout_without_db_v1,bq03_high_short_pf_guardrail__h17_20__ps4425__m0900__chronological_no_overlap,bq03_high_short_pf_guardrail,bo05_h17_margin_075_105_or_h20_margin_08_10,17|20,0.4425,0.09,chronological_no_overlap,keep bo05 high synthetic PF as guardrail(bo05 높은 합성 PF를 가드레일로 유지),994.43,1.394986815,0.9836152324,1011,3.036036036,73.945,14.4168390608,13.4483061735,904,107,0.1058358061,53.115727003,22.23,1.317502249,19,1.1702631579,52.6315789474,19,14,-12.56,0,0,2,23.29,-18.08,0.8869217054,"entry_hour, p_short, short_margin_vs_long only; no exact month, no outcome-priority, no top_n(진입시점 시간, p_short, 숏-롱 마진만 사용, 정확 월/결과값 우선순위/top_n 없음)",research_development_proxy_scout_only_rule_surface_no_new_model_artifact_no_new_mt5_execution_no_forward_pass_no_live_readiness_no_operating_promotion_no_runtime_authority_no_goal_claim,"watch_short_share_below_target(관찰, 숏 비중 목표 미달)",False,False,-62.027791495
run364BQ_train_broad_clean_short_share_lift_scout_without_db_v1,bq06_h16_h19_bridge_overlap_guard__h16_17_19_20__ps4450__m0850__chronological_no_overlap,bq06_h16_h19_bridge_overlap_guard,bo91_plus_h19_overlap_guard,16|17|19|20,0.445,0.085,chronological_no_overlap,combine h16 and h19 lift without synthetic overlap(16/19시 상승을 합성 겹침 없이 결합),1022.73,1.3975929001,0.9977863415,1025,3.0780780781,83.025,17.1536420886,12.3183498946,904,121,0.1180487805,52.8780487805,33.08,1.229989502,38,0.8705526316,42.1052631579,38,19,-30.01,0,0,2,23.29,-2.4,0.9849854547,"entry_hour, p_short, short_margin_vs_long only; no exact month, no outcome-priority, no top_n(진입시점 시간, p_short, 숏-롱 마진만 사용, 정확 월/결과값 우선순위/top_n 없음)",research_development_proxy_scout_only_rule_surface_no_new_model_artifact_no_new_mt5_execution_no_forward_pass_no_live_readiness_no_operating_promotion_no_runtime_authority_no_goal_claim,"watch_short_share_below_target(관찰, 숏 비중 목표 미달)",False,False,-63.172346291
run364BQ_train_broad_clean_short_share_lift_scout_without_db_v1,bq01_broad_clean_h17_20__h17_20__ps4425__m0900__raw,bq01_broad_clean_h17_20,bo90_broad_h17_20_ps0440_margin080_control,17|20,0.4425,0.09,raw,expand bo90 clean h17/h20 source(bo90 클린 17/20시 원천 확장),994.43,1.394986815,0.9836152324,1011,3.036036036,73.945,14.4168390608,13.4483061735,904,107,0.1058358061,53.115727003,22.23,1.317502249,19,1.1702631579,52.6315789474,19,14,-12.56,0,0,2,23.29,-18.08,0.8869217054,"entry_hour, p_short, short_margin_vs_long only; no exact month, no outcome-priority, no top_n(진입시점 시간, p_short, 숏-롱 마진만 사용, 정확 월/결과값 우선순위/top_n 없음)",research_development_proxy_scout_only_rule_surface_no_new_model_artifact_no_new_mt5_execution_no_forward_pass_no_live_readiness_no_operating_promotion_no_runtime_authority_no_goal_claim,"watch_short_share_below_target(관찰, 숏 비중 목표 미달)",False,False,-65.027791495
run364BQ_train_broad_clean_short_share_lift_scout_without_db_v1,bq03_high_short_pf_guardrail__h17_20__ps4425__m0900__raw,bq03_high_short_pf_guardrail,bo05_h17_margin_075_105_or_h20_margin_08_10,17|20,0.4425,0.09,raw,keep bo05 high synthetic PF as guardrail(bo05 높은 합성 PF를 가드레일로 유지),994.43,1.394986815,0.9836152324,1011,3.036036036,73.945,14.4168390608,13.4483061735,904,107,0.1058358061,53.115727003,22.23,1.317502249,19,1.1702631579,52.6315789474,19,14,-12.56,0,0,2,23.29,-18.08,0.8869217054,"entry_hour, p_short, short_margin_vs_long only; no exact month, no outcome-priority, no top_n(진입시점 시간, p_short, 숏-롱 마진만 사용, 정확 월/결과값 우선순위/top_n 없음)",research_development_proxy_scout_only_rule_surface_no_new_model_artifact_no_new_mt5_execution_no_forward_pass_no_live_readiness_no_operating_promotion_no_runtime_authority_no_goal_claim,"watch_short_share_below_target(관찰, 숏 비중 목표 미달)",False,False,-65.027791495
run364BQ_train_broad_clean_short_share_lift_scout_without_db_v1,bq06_h16_h19_bridge_overlap_guard__h16_17_19_20__ps4400__m0850__chronological_no_overlap,bq06_h16_h19_bridge_overlap_guard,bo91_plus_h19_overlap_guard,16|17|19|20,0.44,0.085,chronological_no_overlap,combine h16 and h19 lift without synthetic overlap(16/19시 상승을 합성 겹침 없이 결합),1027.68,1.399744597,1.000661149,1027,3.0840840841,83.025,17.1536420886,12.3779464017,904,123,0.1197663096,52.8724440117,27.55,1.1802367042,42,0.6559285714,40.4761904762,42,21,-40.49,0,0,2,23.29,-2.4,0.9849854547,"entry_hour, p_short, short_margin_vs_long only; no exact month, no outcome-priority, no top_n(진입시점 시간, p_short, 숏-롱 마진만 사용, 정확 월/결과값 우선순위/top_n 없음)",research_development_proxy_scout_only_rule_surface_no_new_model_artifact_no_new_mt5_execution_no_forward_pass_no_live_readiness_no_operating_promotion_no_runtime_authority_no_goal_claim,"watch_short_share_below_target(관찰, 숏 비중 목표 미달)",False,False,-66.005039671
run364BQ_train_broad_clean_short_share_lift_scout_without_db_v1,bq06_h16_h19_bridge_overlap_guard__h16_17_19_20__ps4425__m0850__chronological_no_overlap,bq06_h16_h19_bridge_overlap_guard,bo91_plus_h19_overlap_guard,16|17|19|20,0.4425,0.085,chronological_no_overlap,combine h16 and h19 lift without synthetic overlap(16/19시 상승을 합성 겹침 없이 결합),1025.18,1.3989269429,0.9992046784,1026,3.0810810811,83.025,17.1536420886,12.3478952123,904,122,0.1189083821,52.8265107212,27.75,1.1860636615,40,0.69385,40.0,40,20,-37.79,0,0,2,23.29,-2.4,0.9849854547,"entry_hour, p_short, short_margin_vs_long only; no exact month, no outcome-priority, no top_n(진입시점 시간, p_short, 숏-롱 마진만 사용, 정확 월/결과값 우선순위/top_n 없음)",research_development_proxy_scout_only_rule_surface_no_new_model_artifact_no_new_mt5_execution_no_forward_pass_no_live_readiness_no_operating_promotion_no_runtime_authority_no_goal_claim,"watch_short_share_below_target(관찰, 숏 비중 목표 미달)",False,False,-66.3568330065
run364BQ_train_broad_clean_short_share_lift_scout_without_db_v1,bq01_broad_clean_h17_20__h17_20__ps4500__m0800__chronological_no_overlap,bq01_broad_clean_h17_20,bo90_broad_h17_20_ps0440_margin080_control,17|20,0.45,0.08,chronological_no_overlap,expand bo90 clean h17/h20 source(bo90 클린 17/20시 원천 확장),985.88,1.3915144767,0.9741916996,1012,3.039039039,73.945,14.4168390608,13.3326391237,906,106,0.104743083,53.162055336,15.34,1.2760643466,16,0.958875,62.5,16,10,-10.9,0,0,2,23.29,-18.08,0.8869217054,"entry_hour, p_short, short_margin_vs_long only; no exact month, no outcome-priority, no top_n(진입시점 시간, p_short, 숏-롱 마진만 사용, 정확 월/결과값 우선순위/top_n 없음)",research_development_proxy_scout_only_rule_surface_no_new_model_artifact_no_new_mt5_execution_no_forward_pass_no_live_readiness_no_operating_promotion_no_runtime_authority_no_goal_claim,"watch_short_share_below_target(관찰, 숏 비중 목표 미달)",False,False,-69.1891365
run364BQ_train_broad_clean_short_share_lift_scout_without_db_v1,bq03_high_short_pf_guardrail__h17_20__ps4500__m0800__chronological_no_overlap,bq03_high_short_pf_guardrail,bo05_h17_margin_075_105_or_h20_margin_08_10,17|20,0.45,0.08,chronological_no_overlap,keep bo05 high synthetic PF as guardrail(bo05 높은 합성 PF를 가드레일로 유지),985.88,1.3915144767,0.9741916996,1012,3.039039039,73.945,14.4168390608,13.3326391237,906,106,0.104743083,53.162055336,15.34,1.2760643466,16,0.958875,62.5,16,10,-10.9,0,0,2,23.29,-18.08,0.8869217054,"entry_hour, p_short, short_margin_vs_long only; no exact month, no outcome-priority, no top_n(진입시점 시간, p_short, 숏-롱 마진만 사용, 정확 월/결과값 우선순위/top_n 없음)",research_development_proxy_scout_only_rule_surface_no_new_model_artifact_no_new_mt5_execution_no_forward_pass_no_live_readiness_no_operating_promotion_no_runtime_authority_no_goal_claim,"watch_short_share_below_target(관찰, 숏 비중 목표 미달)",False,False,-69.1891365
run364BQ_train_broad_clean_short_share_lift_scout_without_db_v1,bq01_broad_clean_h17_20__h17_20__ps4500__m0800__raw,bq01_broad_clean_h17_20,bo90_broad_h17_20_ps0440_margin080_control,17|20,0.45,0.08,raw,expand bo90 clean h17/h20 source(bo90 클린 17/20시 원천 확장),985.88,1.3915144767,0.9741916996,1012,3.039039039,73.945,14.4168390608,13.3326391237,906,106,0.104743083,53.162055336,15.34,1.2760643466,16,0.958875,62.5,16,10,-10.9,0,0,2,23.29,-18.08,0.8869217054,"entry_hour, p_short, short_margin_vs_long only; no exact month, no outcome-priority, no top_n(진입시점 시간, p_short, 숏-롱 마진만 사용, 정확 월/결과값 우선순위/top_n 없음)",research_development_proxy_scout_only_rule_surface_no_new_model_artifact_no_new_mt5_execution_no_forward_pass_no_live_readiness_no_operating_promotion_no_runtime_authority_no_goal_claim,"watch_short_share_below_target(관찰, 숏 비중 목표 미달)",False,False,-72.1891365
run364BQ_train_broad_clean_short_share_lift_scout_without_db_v1,bq03_high_short_pf_guardrail__h17_20__ps4500__m0800__raw,bq03_high_short_pf_guardrail,bo05_h17_margin_075_105_or_h20_margin_08_10,17|20,0.45,0.08,raw,keep bo05 high synthetic PF as guardrail(bo05 높은 합성 PF를 가드레일로 유지),985.88,1.3915144767,0.9741916996,1012,3.039039039,73.945,14.4168390608,13.3326391237,906,106,0.104743083,53.162055336,15.34,1.2760643466,16,0.958875,62.5,16,10,-10.9,0,0,2,23.29,-18.08,0.8869217054,"entry_hour, p_short, short_margin_vs_long only; no exact month, no outcome-priority, no top_n(진입시점 시간, p_short, 숏-롱 마진만 사용, 정확 월/결과값 우선순위/top_n 없음)",research_development_proxy_scout_only_rule_surface_no_new_model_artifact_no_new_mt5_execution_no_forward_pass_no_live_readiness_no_operating_promotion_no_runtime_authority_no_goal_claim,"watch_short_share_below_target(관찰, 숏 비중 목표 미달)",False,False,-72.1891365
run364BQ_train_broad_clean_short_share_lift_scout_without_db_v1,bq02_h16_extension_overlap_safe__h16_17_20__ps4475__m0800__chronological_no_overlap,bq02_h16_extension_overlap_safe,bo91_broad_h16_17_20_ps0445_margin080_control,16|17|20,0.4475,0.08,chronological_no_overlap,retry bo91 h16 lift with overlap guard(bo91 16시 상승을 겹침 가드로 재시도),1016.42,1.398664009,0.9945410959,1022,3.0690690691,77.615,10.0700814863,13.0956773819,904,118,0.1154598826,53.0332681018,13.93,1.1170987156,32,0.43534375,43.75,32,16,-42.85,0,0,2,23.29,-18.08,0.8869217054,"entry_hour, p_short, short_margin_vs_long only; no exact month, no outcome-priority, no top_n(진입시점 시간, p_short, 숏-롱 마진만 사용, 정확 월/결과값 우선순위/top_n 없음)",research_development_proxy_scout_only_rule_surface_no_new_model_artifact_no_new_mt5_execution_no_forward_pass_no_live_readiness_no_operating_promotion_no_runtime_authority_no_goal_claim,"watch_short_share_below_target(관찰, 숏 비중 목표 미달)",False,False,-74.504460308
run364BQ_train_broad_clean_short_share_lift_scout_without_db_v1,bq01_broad_clean_h17_20__h17_20__ps4500__m0875__chronological_no_overlap,bq01_broad_clean_h17_20,bo90_broad_h17_20_ps0440_margin080_control,17|20,0.45,0.0875,chronological_no_overlap,expand bo90 clean h17/h20 source(bo90 클린 17/20시 원천 확장),985.45,1.3916337872,0.9756970297,1010,3.033033033,73.945,14.4168390608,13.3268510379,906,104,0.102970297,53.1683168317,9.34,1.1739583721,13,0.7187692308,61.5384615385,13,9,-16.47,0,0,2,23.29,-18.08,0.8869217054,"entry_hour, p_short, short_margin_vs_long only; no exact month, no outcome-priority, no top_n(진입시점 시간, p_short, 숏-롱 마진만 사용, 정확 월/결과값 우선순위/top_n 없음)",research_development_proxy_scout_only_rule_surface_no_new_model_artifact_no_new_mt5_execution_no_forward_pass_no_live_readiness_no_operating_promotion_no_runtime_authority_no_goal_claim,"watch_short_share_below_target(관찰, 숏 비중 목표 미달)",False,False,-78.9955350825
run364BQ_train_broad_clean_short_share_lift_scout_without_db_v1,bq01_broad_clean_h17_20__h17_20__ps4500__m0900__chronological_no_overlap,bq01_broad_clean_h17_20,bo90_broad_h17_20_ps0440_margin080_control,17|20,0.45,0.09,chronological_no_overlap,expand bo90 clean h17/h20 source(bo90 클린 17/20시 원천 확장),985.45,1.3916337872,0.9756970297,1010,3.033033033,73.945,14.4168390608,13.3268510379,906,104,0.102970297,53.1683168317,9.34,1.1739583721,13,0.7187692308,61.5384615385,13,9,-16.47,0,0,2,23.29,-18.08,0.8869217054,"entry_hour, p_short, short_margin_vs_long only; no exact month, no outcome-priority, no top_n(진입시점 시간, p_short, 숏-롱 마진만 사용, 정확 월/결과값 우선순위/top_n 없음)",research_development_proxy_scout_only_rule_surface_no_new_model_artifact_no_new_mt5_execution_no_forward_pass_no_live_readiness_no_operating_promotion_no_runtime_authority_no_goal_claim,"watch_short_share_below_target(관찰, 숏 비중 목표 미달)",False,False,-78.9955350825
run364BQ_train_broad_clean_short_share_lift_scout_without_db_v1,bq01_broad_clean_h17_20__h17_20__ps4550__m0875__chronological_no_overlap,bq01_broad_clean_h17_20,bo90_broad_h17_20_ps0440_margin080_control,17|20,0.455,0.0875,chronological_no_overlap,expand bo90 clean h17/h20 source(bo90 클린 17/20시 원천 확장),985.45,1.3916337872,0.9756970297,1010,3.033033033,73.945,14.4168390608,13.3268510379,906,104,0.102970297,53.1683168317,9.34,1.1739583721,13,0.7187692308,61.5384615385,13,9,-16.47,0,0,2,23.29,-18.08,0.8869217054,"entry_hour, p_short, short_margin_vs_long only; no exact month, no outcome-priority, no top_n(진입시점 시간, p_short, 숏-롱 마진만 사용, 정확 월/결과값 우선순위/top_n 없음)",research_development_proxy_scout_only_rule_surface_no_new_model_artifact_no_new_mt5_execution_no_forward_pass_no_live_readiness_no_operating_promotion_no_runtime_authority_no_goal_claim,"watch_short_share_below_target(관찰, 숏 비중 목표 미달)",False,False,-78.9955350825
run364BQ_train_broad_clean_short_share_lift_scout_without_db_v1,bq01_broad_clean_h17_20__h17_20__ps4550__m0900__chronological_no_overlap,bq01_broad_clean_h17_20,bo90_broad_h17_20_ps0440_margin080_control,17|20,0.455,0.09,chronological_no_overlap,expand bo90 clean h17/h20 source(bo90 클린 17/20시 원천 확장),985.45,1.3916337872,0.9756970297,1010,3.033033033,73.945,14.4168390608,13.3268510379,906,104,0.102970297,53.1683168317,9.34,1.1739583721,13,0.7187692308,61.5384615385,13,9,-16.47,0,0,2,23.29,-18.08,0.8869217054,"entry_hour, p_short, short_margin_vs_long only; no exact month, no outcome-priority, no top_n(진입시점 시간, p_short, 숏-롱 마진만 사용, 정확 월/결과값 우선순위/top_n 없음)",research_development_proxy_scout_only_rule_surface_no_new_model_artifact_no_new_mt5_execution_no_forward_pass_no_live_readiness_no_operating_promotion_no_runtime_authority_no_goal_claim,"watch_short_share_below_target(관찰, 숏 비중 목표 미달)",False,False,-78.9955350825
run364BQ_train_broad_clean_short_share_lift_scout_without_db_v1,bq01_broad_clean_h17_20__h17_20__ps4600__m0875__chronological_no_overlap,bq01_broad_clean_h17_20,bo90_broad_h17_20_ps0440_margin080_control,17|20,0.46,0.0875,chronological_no_overlap,expand bo90 clean h17/h20 source(bo90 클린 17/20시 원천 확장),985.45,1.3916337872,0.9756970297,1010,3.033033033,73.945,14.4168390608,13.3268510379,906,104,0.102970297,53.1683168317,9.34,1.1739583721,13,0.7187692308,61.5384615385,13,9,-16.47,0,0,2,23.29,-18.08,0.8869217054,"entry_hour, p_short, short_margin_vs_long only; no exact month, no outcome-priority, no top_n(진입시점 시간, p_short, 숏-롱 마진만 사용, 정확 월/결과값 우선순위/top_n 없음)",research_development_proxy_scout_only_rule_surface_no_new_model_artifact_no_new_mt5_execution_no_forward_pass_no_live_readiness_no_operating_promotion_no_runtime_authority_no_goal_claim,"watch_short_share_below_target(관찰, 숏 비중 목표 미달)",False,False,-78.9955350825
run364BQ_train_broad_clean_short_share_lift_scout_without_db_v1,bq01_broad_clean_h17_20__h17_20__ps4600__m0900__chronological_no_overlap,bq01_broad_clean_h17_20,bo90_broad_h17_20_ps0440_margin080_control,17|20,0.46,0.09,chronological_no_overlap,expand bo90 clean h17/h20 source(bo90 클린 17/20시 원천 확장),985.45,1.3916337872,0.9756970297,1010,3.033033033,73.945,14.4168390608,13.3268510379,906,104,0.102970297,53.1683168317,9.34,1.1739583721,13,0.7187692308,61.5384615385,13,9,-16.47,0,0,2,23.29,-18.08,0.8869217054,"entry_hour, p_short, short_margin_vs_long only; no exact month, no outcome-priority, no top_n(진입시점 시간, p_short, 숏-롱 마진만 사용, 정확 월/결과값 우선순위/top_n 없음)",research_development_proxy_scout_only_rule_surface_no_new_model_artifact_no_new_mt5_execution_no_forward_pass_no_live_readiness_no_operating_promotion_no_runtime_authority_no_goal_claim,"watch_short_share_below_target(관찰, 숏 비중 목표 미달)",False,False,-78.9955350825
run364BQ_train_broad_clean_short_share_lift_scout_without_db_v1,bq03_high_short_pf_guardrail__h17_20__ps4500__m0900__chronological_no_overlap,bq03_high_short_pf_guardrail,bo05_h17_margin_075_105_or_h20_margin_08_10,17|20,0.45,0.09,chronological_no_overlap,keep bo05 high synthetic PF as guardrail(bo05 높은 합성 PF를 가드레일로 유지),985.45,1.3916337872,0.9756970297,1010,3.033033033,73.945,14.4168390608,13.3268510379,906,104,0.102970297,53.1683168317,9.34,1.1739583721,13,0.7187692308,61.5384615385,13,9,-16.47,0,0,2,23.29,-18.08,0.8869217054,"entry_hour, p_short, short_margin_vs_long only; no exact month, no outcome-priority, no top_n(진입시점 시간, p_short, 숏-롱 마진만 사용, 정확 월/결과값 우선순위/top_n 없음)",research_development_proxy_scout_only_rule_surface_no_new_model_artifact_no_new_mt5_execution_no_forward_pass_no_live_readiness_no_operating_promotion_no_runtime_authority_no_goal_claim,"watch_short_share_below_target(관찰, 숏 비중 목표 미달)",False,False,-78.9955350825
run364BQ_train_broad_clean_short_share_lift_scout_without_db_v1,bq03_high_short_pf_guardrail__h17_20__ps4550__m0900__chronological_no_overlap,bq03_high_short_pf_guardrail,bo05_h17_margin_075_105_or_h20_margin_08_10,17|20,0.455,0.09,chronological_no_overlap,keep bo05 high synthetic PF as guardrail(bo05 높은 합성 PF를 가드레일로 유지),985.45,1.3916337872,0.9756970297,1010,3.033033033,73.945,14.4168390608,13.3268510379,906,104,0.102970297,53.1683168317,9.34,1.1739583721,13,0.7187692308,61.5384615385,13,9,-16.47,0,0,2,23.29,-18.08,0.8869217054,"entry_hour, p_short, short_margin_vs_long only; no exact month, no outcome-priority, no top_n(진입시점 시간, p_short, 숏-롱 마진만 사용, 정확 월/결과값 우선순위/top_n 없음)",research_development_proxy_scout_only_rule_surface_no_new_model_artifact_no_new_mt5_execution_no_forward_pass_no_live_readiness_no_operating_promotion_no_runtime_authority_no_goal_claim,"watch_short_share_below_target(관찰, 숏 비중 목표 미달)",False,False,-78.9955350825
run364BQ_train_broad_clean_short_share_lift_scout_without_db_v1,bq03_high_short_pf_guardrail__h17_20__ps4600__m0900__chronological_no_overlap,bq03_high_short_pf_guardrail,bo05_h17_margin_075_105_or_h20_margin_08_10,17|20,0.46,0.09,chronological_no_overlap,keep bo05 high synthetic PF as guardrail(bo05 높은 합성 PF를 가드레일로 유지),985.45,1.3916337872,0.9756970297,1010,3.033033033,73.945,14.4168390608,13.3268510379,906,104,0.102970297,53.1683168317,9.34,1.1739583721,13,0.7187692308,61.5384615385,13,9,-16.47,0,0,2,23.29,-18.08,0.8869217054,"entry_hour, p_short, short_margin_vs_long only; no exact month, no outcome-priority, no top_n(진입시점 시간, p_short, 숏-롱 마진만 사용, 정확 월/결과값 우선순위/top_n 없음)",research_development_proxy_scout_only_rule_surface_no_new_model_artifact_no_new_mt5_execution_no_forward_pass_no_live_readiness_no_operating_promotion_no_runtime_authority_no_goal_claim,"watch_short_share_below_target(관찰, 숏 비중 목표 미달)",False,False,-78.9955350825
run364BQ_train_broad_clean_short_share_lift_scout_without_db_v1,bq01_broad_clean_h17_20__h17_20__ps4475__m0875__chronological_no_overlap,bq01_broad_clean_h17_20,bo90_broad_h17_20_ps0440_margin080_control,17|20,0.4475,0.0875,chronological_no_overlap,expand bo90 clean h17/h20 source(bo90 클린 17/20시 원천 확장),985.73,1.39178866,0.9759742574,1010,3.033033033,73.945,14.4168390608,13.3306376361,906,104,0.102970297,53.1683168317,8.22,1.1499799395,14,0.5874285714,57.1428571429,14,10,-17.87,0,0,2,23.29,-18.08,0.8869217054,"entry_hour, p_short, short_margin_vs_long only; no exact month, no outcome-priority, no top_n(진입시점 시간, p_short, 숏-롱 마진만 사용, 정확 월/결과값 우선순위/top_n 없음)",research_development_proxy_scout_only_rule_surface_no_new_model_artifact_no_new_mt5_execution_no_forward_pass_no_live_readiness_no_operating_promotion_no_runtime_authority_no_goal_claim,"watch_short_share_below_target(관찰, 숏 비중 목표 미달)",False,False,-81.1600603475
run364BQ_train_broad_clean_short_share_lift_scout_without_db_v1,bq01_broad_clean_h17_20__h17_20__ps4475__m0900__chronological_no_overlap,bq01_broad_clean_h17_20,bo90_broad_h17_20_ps0440_margin080_control,17|20,0.4475,0.09,chronological_no_overlap,expand bo90 clean h17/h20 source(bo90 클린 17/20시 원천 확장),985.73,1.39178866,0.9759742574,1010,3.033033033,73.945,14.4168390608,13.3306376361,906,104,0.102970297,53.1683168317,8.22,1.1499799395,14,0.5874285714,57.1428571429,14,10,-17.87,0,0,2,23.29,-18.08,0.8869217054,"entry_hour, p_short, short_margin_vs_long only; no exact month, no outcome-priority, no top_n(진입시점 시간, p_short, 숏-롱 마진만 사용, 정확 월/결과값 우선순위/top_n 없음)",research_development_proxy_scout_only_rule_surface_no_new_model_artifact_no_new_mt5_execution_no_forward_pass_no_live_readiness_no_operating_promotion_no_runtime_authority_no_goal_claim,"watch_short_share_below_target(관찰, 숏 비중 목표 미달)",False,False,-81.1600603475
run364BQ_train_broad_clean_short_share_lift_scout_without_db_v1,bq03_high_short_pf_guardrail__h17_20__ps4475__m0900__chronological_no_overlap,bq03_high_short_pf_guardrail,bo05_h17_margin_075_105_or_h20_margin_08_10,17|20,0.4475,0.09,chronological_no_overlap,keep bo05 high synthetic PF as guardrail(bo05 높은 합성 PF를 가드레일로 유지),985.73,1.39178866,0.9759742574,1010,3.033033033,73.945,14.4168390608,13.3306376361,906,104,0.102970297,53.1683168317,8.22,1.1499799395,14,0.5874285714,57.1428571429,14,10,-17.87,0,0,2,23.29,-18.08,0.8869217054,"entry_hour, p_short, short_margin_vs_long only; no exact month, no outcome-priority, no top_n(진입시점 시간, p_short, 숏-롱 마진만 사용, 정확 월/결과값 우선순위/top_n 없음)",research_development_proxy_scout_only_rule_surface_no_new_model_artifact_no_new_mt5_execution_no_forward_pass_no_live_readiness_no_operating_promotion_no_runtime_authority_no_goal_claim,"watch_short_share_below_target(관찰, 숏 비중 목표 미달)",False,False,-81.1600603475
run364BQ_train_broad_clean_short_share_lift_scout_without_db_v1,bq01_broad_clean_h17_20__h17_20__ps4500__m0875__raw,bq01_broad_clean_h17_20,bo90_broad_h17_20_ps0440_margin080_control,17|20,0.45,0.0875,raw,expand bo90 clean h17/h20 source(bo90 클린 17/20시 원천 확장),985.45,1.3916337872,0.9756970297,1010,3.033033033,73.945,14.4168390608,13.3268510379,906,104,0.102970297,53.1683168317,9.34,1.1739583721,13,0.7187692308,61.5384615385,13,9,-16.47,0,0,2,23.29,-18.08,0.8869217054,"entry_hour, p_short, short_margin_vs_long only; no exact month, no outcome-priority, no top_n(진입시점 시간, p_short, 숏-롱 마진만 사용, 정확 월/결과값 우선순위/top_n 없음)",research_development_proxy_scout_only_rule_surface_no_new_model_artifact_no_new_mt5_execution_no_forward_pass_no_live_readiness_no_operating_promotion_no_runtime_authority_no_goal_claim,"watch_short_share_below_target(관찰, 숏 비중 목표 미달)",False,False,-81.9955350825
run364BQ_train_broad_clean_short_share_lift_scout_without_db_v1,bq01_broad_clean_h17_20__h17_20__ps4500__m0900__raw,bq01_broad_clean_h17_20,bo90_broad_h17_20_ps0440_margin080_control,17|20,0.45,0.09,raw,expand bo90 clean h17/h20 source(bo90 클린 17/20시 원천 확장),985.45,1.3916337872,0.9756970297,1010,3.033033033,73.945,14.4168390608,13.3268510379,906,104,0.102970297,53.1683168317,9.34,1.1739583721,13,0.7187692308,61.5384615385,13,9,-16.47,0,0,2,23.29,-18.08,0.8869217054,"entry_hour, p_short, short_margin_vs_long only; no exact month, no outcome-priority, no top_n(진입시점 시간, p_short, 숏-롱 마진만 사용, 정확 월/결과값 우선순위/top_n 없음)",research_development_proxy_scout_only_rule_surface_no_new_model_artifact_no_new_mt5_execution_no_forward_pass_no_live_readiness_no_operating_promotion_no_runtime_authority_no_goal_claim,"watch_short_share_below_target(관찰, 숏 비중 목표 미달)",False,False,-81.9955350825
run364BQ_train_broad_clean_short_share_lift_scout_without_db_v1,bq01_broad_clean_h17_20__h17_20__ps4550__m0875__raw,bq01_broad_clean_h17_20,bo90_broad_h17_20_ps0440_margin080_control,17|20,0.455,0.0875,raw,expand bo90 clean h17/h20 source(bo90 클린 17/20시 원천 확장),985.45,1.3916337872,0.9756970297,1010,3.033033033,73.945,14.4168390608,13.3268510379,906,104,0.102970297,53.1683168317,9.34,1.1739583721,13,0.7187692308,61.5384615385,13,9,-16.47,0,0,2,23.29,-18.08,0.8869217054,"entry_hour, p_short, short_margin_vs_long only; no exact month, no outcome-priority, no top_n(진입시점 시간, p_short, 숏-롱 마진만 사용, 정확 월/결과값 우선순위/top_n 없음)",research_development_proxy_scout_only_rule_surface_no_new_model_artifact_no_new_mt5_execution_no_forward_pass_no_live_readiness_no_operating_promotion_no_runtime_authority_no_goal_claim,"watch_short_share_below_target(관찰, 숏 비중 목표 미달)",False,False,-81.9955350825
run364BQ_train_broad_clean_short_share_lift_scout_without_db_v1,bq01_broad_clean_h17_20__h17_20__ps4550__m0900__raw,bq01_broad_clean_h17_20,bo90_broad_h17_20_ps0440_margin080_control,17|20,0.455,0.09,raw,expand bo90 clean h17/h20 source(bo90 클린 17/20시 원천 확장),985.45,1.3916337872,0.9756970297,1010,3.033033033,73.945,14.4168390608,13.3268510379,906,104,0.102970297,53.1683168317,9.34,1.1739583721,13,0.7187692308,61.5384615385,13,9,-16.47,0,0,2,23.29,-18.08,0.8869217054,"entry_hour, p_short, short_margin_vs_long only; no exact month, no outcome-priority, no top_n(진입시점 시간, p_short, 숏-롱 마진만 사용, 정확 월/결과값 우선순위/top_n 없음)",research_development_proxy_scout_only_rule_surface_no_new_model_artifact_no_new_mt5_execution_no_forward_pass_no_live_readiness_no_operating_promotion_no_runtime_authority_no_goal_claim,"watch_short_share_below_target(관찰, 숏 비중 목표 미달)",False,False,-81.9955350825
run364BQ_train_broad_clean_short_share_lift_scout_without_db_v1,bq01_broad_clean_h17_20__h17_20__ps4600__m0875__raw,bq01_broad_clean_h17_20,bo90_broad_h17_20_ps0440_margin080_control,17|20,0.46,0.0875,raw,expand bo90 clean h17/h20 source(bo90 클린 17/20시 원천 확장),985.45,1.3916337872,0.9756970297,1010,3.033033033,73.945,14.4168390608,13.3268510379,906,104,0.102970297,53.1683168317,9.34,1.1739583721,13,0.7187692308,61.5384615385,13,9,-16.47,0,0,2,23.29,-18.08,0.8869217054,"entry_hour, p_short, short_margin_vs_long only; no exact month, no outcome-priority, no top_n(진입시점 시간, p_short, 숏-롱 마진만 사용, 정확 월/결과값 우선순위/top_n 없음)",research_development_proxy_scout_only_rule_surface_no_new_model_artifact_no_new_mt5_execution_no_forward_pass_no_live_readiness_no_operating_promotion_no_runtime_authority_no_goal_claim,"watch_short_share_below_target(관찰, 숏 비중 목표 미달)",False,False,-81.9955350825
run364BQ_train_broad_clean_short_share_lift_scout_without_db_v1,bq01_broad_clean_h17_20__h17_20__ps4600__m0900__raw,bq01_broad_clean_h17_20,bo90_broad_h17_20_ps0440_margin080_control,17|20,0.46,0.09,raw,expand bo90 clean h17/h20 source(bo90 클린 17/20시 원천 확장),985.45,1.3916337872,0.9756970297,1010,3.033033033,73.945,14.4168390608,13.3268510379,906,104,0.102970297,53.1683168317,9.34,1.1739583721,13,0.7187692308,61.5384615385,13,9,-16.47,0,0,2,23.29,-18.08,0.8869217054,"entry_hour, p_short, short_margin_vs_long only; no exact month, no outcome-priority, no top_n(진입시점 시간, p_short, 숏-롱 마진만 사용, 정확 월/결과값 우선순위/top_n 없음)",research_development_proxy_scout_only_rule_surface_no_new_model_artifact_no_new_mt5_execution_no_forward_pass_no_live_readiness_no_operating_promotion_no_runtime_authority_no_goal_claim,"watch_short_share_below_target(관찰, 숏 비중 목표 미달)",False,False,-81.9955350825
run364BQ_train_broad_clean_short_share_lift_scout_without_db_v1,bq03_high_short_pf_guardrail__h17_20__ps4500__m0900__raw,bq03_high_short_pf_guardrail,bo05_h17_margin_075_105_or_h20_margin_08_10,17|20,0.45,0.09,raw,keep bo05 high synthetic PF as guardrail(bo05 높은 합성 PF를 가드레일로 유지),985.45,1.3916337872,0.9756970297,1010,3.033033033,73.945,14.4168390608,13.3268510379,906,104,0.102970297,53.1683168317,9.34,1.1739583721,13,0.7187692308,61.5384615385,13,9,-16.47,0,0,2,23.29,-18.08,0.8869217054,"entry_hour, p_short, short_margin_vs_long only; no exact month, no outcome-priority, no top_n(진입시점 시간, p_short, 숏-롱 마진만 사용, 정확 월/결과값 우선순위/top_n 없음)",research_development_proxy_scout_only_rule_surface_no_new_model_artifact_no_new_mt5_execution_no_forward_pass_no_live_readiness_no_operating_promotion_no_runtime_authority_no_goal_claim,"watch_short_share_below_target(관찰, 숏 비중 목표 미달)",False,False,-81.9955350825
run364BQ_train_broad_clean_short_share_lift_scout_without_db_v1,bq03_high_short_pf_guardrail__h17_20__ps4550__m0900__raw,bq03_high_short_pf_guardrail,bo05_h17_margin_075_105_or_h20_margin_08_10,17|20,0.455,0.09,raw,keep bo05 high synthetic PF as guardrail(bo05 높은 합성 PF를 가드레일로 유지),985.45,1.3916337872,0.9756970297,1010,3.033033033,73.945,14.4168390608,13.3268510379,906,104,0.102970297,53.1683168317,9.34,1.1739583721,13,0.7187692308,61.5384615385,13,9,-16.47,0,0,2,23.29,-18.08,0.8869217054,"entry_hour, p_short, short_margin_vs_long only; no exact month, no outcome-priority, no top_n(진입시점 시간, p_short, 숏-롱 마진만 사용, 정확 월/결과값 우선순위/top_n 없음)",research_development_proxy_scout_only_rule_surface_no_new_model_artifact_no_new_mt5_execution_no_forward_pass_no_live_readiness_no_operating_promotion_no_runtime_authority_no_goal_claim,"watch_short_share_below_target(관찰, 숏 비중 목표 미달)",False,False,-81.9955350825
run364BQ_train_broad_clean_short_share_lift_scout_without_db_v1,bq03_high_short_pf_guardrail__h17_20__ps4600__m0900__raw,bq03_high_short_pf_guardrail,bo05_h17_margin_075_105_or_h20_margin_08_10,17|20,0.46,0.09,raw,keep bo05 high synthetic PF as guardrail(bo05 높은 합성 PF를 가드레일로 유지),985.45,1.3916337872,0.9756970297,1010,3.033033033,73.945,14.4168390608,13.3268510379,906,104,0.102970297,53.1683168317,9.34,1.1739583721,13,0.7187692308,61.5384615385,13,9,-16.47,0,0,2,23.29,-18.08,0.8869217054,"entry_hour, p_short, short_margin_vs_long only; no exact month, no outcome-priority, no top_n(진입시점 시간, p_short, 숏-롱 마진만 사용, 정확 월/결과값 우선순위/top_n 없음)",research_development_proxy_scout_only_rule_surface_no_new_model_artifact_no_new_mt5_execution_no_forward_pass_no_live_readiness_no_operating_promotion_no_runtime_authority_no_goal_claim,"watch_short_share_below_target(관찰, 숏 비중 목표 미달)",False,False,-81.9955350825
run364BQ_train_broad_clean_short_share_lift_scout_without_db_v1,bq01_broad_clean_h17_20__h17_20__ps4500__m0825__chronological_no_overlap,bq01_broad_clean_h17_20,bo90_broad_h17_20_ps0440_margin080_control,17|20,0.45,0.0825,chronological_no_overlap,expand bo90 clean h17/h20 source(bo90 클린 17/20시 원천 확장),984.06,1.390790525,0.9723903162,1012,3.039039039,73.945,14.4168390608,13.307985665,906,106,0.104743083,53.162055336,7.95,1.1430345125,15,0.5299333333,60.0,15,9,-16.47,0,0,2,23.29,-18.08,0.8869217054,"entry_hour, p_short, short_margin_vs_long only; no exact month, no outcome-priority, no top_n(진입시점 시간, p_short, 숏-롱 마진만 사용, 정확 월/결과값 우선순위/top_n 없음)",research_development_proxy_scout_only_rule_surface_no_new_model_artifact_no_new_mt5_execution_no_forward_pass_no_live_readiness_no_operating_promotion_no_runtime_authority_no_goal_claim,"watch_short_share_below_target(관찰, 숏 비중 목표 미달)",False,False,-82.5105215625
run364BQ_train_broad_clean_short_share_lift_scout_without_db_v1,bq01_broad_clean_h17_20__h17_20__ps4500__m0850__chronological_no_overlap,bq01_broad_clean_h17_20,bo90_broad_h17_20_ps0440_margin080_control,17|20,0.45,0.085,chronological_no_overlap,expand bo90 clean h17/h20 source(bo90 클린 17/20시 원천 확장),983.59,1.3906058637,0.972892186,1011,3.036036036,73.945,14.4168390608,13.3016972074,906,105,0.1038575668,53.115727003,7.48,1.1346672905,14,0.5345714286,57.1428571429,14,9,-16.47,0,0,2,23.29,-18.08,0.8869217054,"entry_hour, p_short, short_margin_vs_long only; no exact month, no outcome-priority, no top_n(진입시점 시간, p_short, 숏-롱 마진만 사용, 정확 월/결과값 우선순위/top_n 없음)",research_development_proxy_scout_only_rule_surface_no_new_model_artifact_no_new_mt5_execution_no_forward_pass_no_live_readiness_no_operating_promotion_no_runtime_authority_no_goal_claim,"watch_short_share_below_target(관찰, 숏 비중 목표 미달)",False,False,-83.4814932995
run364BQ_train_broad_clean_short_share_lift_scout_without_db_v1,bq01_broad_clean_h17_20__h17_20__ps4550__m0800__chronological_no_overlap,bq01_broad_clean_h17_20,bo90_broad_h17_20_ps0440_margin080_control,17|20,0.455,0.08,chronological_no_overlap,expand bo90 clean h17/h20 source(bo90 클린 17/20시 원천 확장),983.59,1.3906058637,0.972892186,1011,3.036036036,73.945,14.4168390608,13.3016972074,906,105,0.1038575668,53.115727003,7.48,1.1346672905,14,0.5345714286,57.1428571429,14,9,-16.47,0,0,2,23.29,-18.08,0.8869217054,"entry_hour, p_short, short_margin_vs_long only; no exact month, no outcome-priority, no top_n(진입시점 시간, p_short, 숏-롱 마진만 사용, 정확 월/결과값 우선순위/top_n 없음)",research_development_proxy_scout_only_rule_surface_no_new_model_artifact_no_new_mt5_execution_no_forward_pass_no_live_readiness_no_operating_promotion_no_runtime_authority_no_goal_claim,"watch_short_share_below_target(관찰, 숏 비중 목표 미달)",False,False,-83.4814932995
run364BQ_train_broad_clean_short_share_lift_scout_without_db_v1,bq01_broad_clean_h17_20__h17_20__ps4550__m0825__chronological_no_overlap,bq01_broad_clean_h17_20,bo90_broad_h17_20_ps0440_margin080_control,17|20,0.455,0.0825,chronological_no_overlap,expand bo90 clean h17/h20 source(bo90 클린 17/20시 원천 확장),983.59,1.3906058637,0.972892186,1011,3.036036036,73.945,14.4168390608,13.3016972074,906,105,0.1038575668,53.115727003,7.48,1.1346672905,14,0.5345714286,57.1428571429,14,9,-16.47,0,0,2,23.29,-18.08,0.8869217054,"entry_hour, p_short, short_margin_vs_long only; no exact month, no outcome-priority, no top_n(진입시점 시간, p_short, 숏-롱 마진만 사용, 정확 월/결과값 우선순위/top_n 없음)",research_development_proxy_scout_only_rule_surface_no_new_model_artifact_no_new_mt5_execution_no_forward_pass_no_live_readiness_no_operating_promotion_no_runtime_authority_no_goal_claim,"watch_short_share_below_target(관찰, 숏 비중 목표 미달)",False,False,-83.4814932995
run364BQ_train_broad_clean_short_share_lift_scout_without_db_v1,bq01_broad_clean_h17_20__h17_20__ps4550__m0850__chronological_no_overlap,bq01_broad_clean_h17_20,bo90_broad_h17_20_ps0440_margin080_control,17|20,0.455,0.085,chronological_no_overlap,expand bo90 clean h17/h20 source(bo90 클린 17/20시 원천 확장),983.59,1.3906058637,0.972892186,1011,3.036036036,73.945,14.4168390608,13.3016972074,906,105,0.1038575668,53.115727003,7.48,1.1346672905,14,0.5345714286,57.1428571429,14,9,-16.47,0,0,2,23.29,-18.08,0.8869217054,"entry_hour, p_short, short_margin_vs_long only; no exact month, no outcome-priority, no top_n(진입시점 시간, p_short, 숏-롱 마진만 사용, 정확 월/결과값 우선순위/top_n 없음)",research_development_proxy_scout_only_rule_surface_no_new_model_artifact_no_new_mt5_execution_no_forward_pass_no_live_readiness_no_operating_promotion_no_runtime_authority_no_goal_claim,"watch_short_share_below_target(관찰, 숏 비중 목표 미달)",False,False,-83.4814932995
run364BQ_train_broad_clean_short_share_lift_scout_without_db_v1,bq01_broad_clean_h17_20__h17_20__ps4600__m0750__chronological_no_overlap,bq01_broad_clean_h17_20,bo90_broad_h17_20_ps0440_margin080_control,17|20,0.46,0.075,chronological_no_overlap,expand bo90 clean h17/h20 source(bo90 클린 17/20시 원천 확장),983.59,1.3906058637,0.972892186,1011,3.036036036,73.945,14.4168390608,13.3016972074,906,105,0.1038575668,53.115727003,7.48,1.1346672905,14,0.5345714286,57.1428571429,14,9,-16.47,0,0,2,23.29,-18.08,0.8869217054,"entry_hour, p_short, short_margin_vs_long only; no exact month, no outcome-priority, no top_n(진입시점 시간, p_short, 숏-롱 마진만 사용, 정확 월/결과값 우선순위/top_n 없음)",research_development_proxy_scout_only_rule_surface_no_new_model_artifact_no_new_mt5_execution_no_forward_pass_no_live_readiness_no_operating_promotion_no_runtime_authority_no_goal_claim,"watch_short_share_below_target(관찰, 숏 비중 목표 미달)",False,False,-83.4814932995
run364BQ_train_broad_clean_short_share_lift_scout_without_db_v1,bq01_broad_clean_h17_20__h17_20__ps4600__m0800__chronological_no_overlap,bq01_broad_clean_h17_20,bo90_broad_h17_20_ps0440_margin080_control,17|20,0.46,0.08,chronological_no_overlap,expand bo90 clean h17/h20 source(bo90 클린 17/20시 원천 확장),983.59,1.3906058637,0.972892186,1011,3.036036036,73.945,14.4168390608,13.3016972074,906,105,0.1038575668,53.115727003,7.48,1.1346672905,14,0.5345714286,57.1428571429,14,9,-16.47,0,0,2,23.29,-18.08,0.8869217054,"entry_hour, p_short, short_margin_vs_long only; no exact month, no outcome-priority, no top_n(진입시점 시간, p_short, 숏-롱 마진만 사용, 정확 월/결과값 우선순위/top_n 없음)",research_development_proxy_scout_only_rule_surface_no_new_model_artifact_no_new_mt5_execution_no_forward_pass_no_live_readiness_no_operating_promotion_no_runtime_authority_no_goal_claim,"watch_short_share_below_target(관찰, 숏 비중 목표 미달)",False,False,-83.4814932995
run364BQ_train_broad_clean_short_share_lift_scout_without_db_v1,bq01_broad_clean_h17_20__h17_20__ps4600__m0825__chronological_no_overlap,bq01_broad_clean_h17_20,bo90_broad_h17_20_ps0440_margin080_control,17|20,0.46,0.0825,chronological_no_overlap,expand bo90 clean h17/h20 source(bo90 클린 17/20시 원천 확장),983.59,1.3906058637,0.972892186,1011,3.036036036,73.945,14.4168390608,13.3016972074,906,105,0.1038575668,53.115727003,7.48,1.1346672905,14,0.5345714286,57.1428571429,14,9,-16.47,0,0,2,23.29,-18.08,0.8869217054,"entry_hour, p_short, short_margin_vs_long only; no exact month, no outcome-priority, no top_n(진입시점 시간, p_short, 숏-롱 마진만 사용, 정확 월/결과값 우선순위/top_n 없음)",research_development_proxy_scout_only_rule_surface_no_new_model_artifact_no_new_mt5_execution_no_forward_pass_no_live_readiness_no_operating_promotion_no_runtime_authority_no_goal_claim,"watch_short_share_below_target(관찰, 숏 비중 목표 미달)",False,False,-83.4814932995
run364BQ_train_broad_clean_short_share_lift_scout_without_db_v1,bq01_broad_clean_h17_20__h17_20__ps4600__m0850__chronological_no_overlap,bq01_broad_clean_h17_20,bo90_broad_h17_20_ps0440_margin080_control,17|20,0.46,0.085,chronological_no_overlap,expand bo90 clean h17/h20 source(bo90 클린 17/20시 원천 확장),983.59,1.3906058637,0.972892186,1011,3.036036036,73.945,14.4168390608,13.3016972074,906,105,0.1038575668,53.115727003,7.48,1.1346672905,14,0.5345714286,57.1428571429,14,9,-16.47,0,0,2,23.29,-18.08,0.8869217054,"entry_hour, p_short, short_margin_vs_long only; no exact month, no outcome-priority, no top_n(진입시점 시간, p_short, 숏-롱 마진만 사용, 정확 월/결과값 우선순위/top_n 없음)",research_development_proxy_scout_only_rule_surface_no_new_model_artifact_no_new_mt5_execution_no_forward_pass_no_live_readiness_no_operating_promotion_no_runtime_authority_no_goal_claim,"watch_short_share_below_target(관찰, 숏 비중 목표 미달)",False,False,-83.4814932995
run364BQ_train_broad_clean_short_share_lift_scout_without_db_v1,bq03_high_short_pf_guardrail__h17_20__ps4500__m0850__chronological_no_overlap,bq03_high_short_pf_guardrail,bo05_h17_margin_075_105_or_h20_margin_08_10,17|20,0.45,0.085,chronological_no_overlap,keep bo05 high synthetic PF as guardrail(bo05 높은 합성 PF를 가드레일로 유지),983.59,1.3906058637,0.972892186,1011,3.036036036,73.945,14.4168390608,13.3016972074,906,105,0.1038575668,53.115727003,7.48,1.1346672905,14,0.5345714286,57.1428571429,14,9,-16.47,0,0,2,23.29,-18.08,0.8869217054,"entry_hour, p_short, short_margin_vs_long only; no exact month, no outcome-priority, no top_n(진입시점 시간, p_short, 숏-롱 마진만 사용, 정확 월/결과값 우선순위/top_n 없음)",research_development_proxy_scout_only_rule_surface_no_new_model_artifact_no_new_mt5_execution_no_forward_pass_no_live_readiness_no_operating_promotion_no_runtime_authority_no_goal_claim,"watch_short_share_below_target(관찰, 숏 비중 목표 미달)",False,False,-83.4814932995
run364BQ_train_broad_clean_short_share_lift_scout_without_db_v1,bq03_high_short_pf_guardrail__h17_20__ps4550__m0800__chronological_no_overlap,bq03_high_short_pf_guardrail,bo05_h17_margin_075_105_or_h20_margin_08_10,17|20,0.455,0.08,chronological_no_overlap,keep bo05 high synthetic PF as guardrail(bo05 높은 합성 PF를 가드레일로 유지),983.59,1.3906058637,0.972892186,1011,3.036036036,73.945,14.4168390608,13.3016972074,906,105,0.1038575668,53.115727003,7.48,1.1346672905,14,0.5345714286,57.1428571429,14,9,-16.47,0,0,2,23.29,-18.08,0.8869217054,"entry_hour, p_short, short_margin_vs_long only; no exact month, no outcome-priority, no top_n(진입시점 시간, p_short, 숏-롱 마진만 사용, 정확 월/결과값 우선순위/top_n 없음)",research_development_proxy_scout_only_rule_surface_no_new_model_artifact_no_new_mt5_execution_no_forward_pass_no_live_readiness_no_operating_promotion_no_runtime_authority_no_goal_claim,"watch_short_share_below_target(관찰, 숏 비중 목표 미달)",False,False,-83.4814932995
run364BQ_train_broad_clean_short_share_lift_scout_without_db_v1,bq03_high_short_pf_guardrail__h17_20__ps4550__m0850__chronological_no_overlap,bq03_high_short_pf_guardrail,bo05_h17_margin_075_105_or_h20_margin_08_10,17|20,0.455,0.085,chronological_no_overlap,keep bo05 high synthetic PF as guardrail(bo05 높은 합성 PF를 가드레일로 유지),983.59,1.3906058637,0.972892186,1011,3.036036036,73.945,14.4168390608,13.3016972074,906,105,0.1038575668,53.115727003,7.48,1.1346672905,14,0.5345714286,57.1428571429,14,9,-16.47,0,0,2,23.29,-18.08,0.8869217054,"entry_hour, p_short, short_margin_vs_long only; no exact month, no outcome-priority, no top_n(진입시점 시간, p_short, 숏-롱 마진만 사용, 정확 월/결과값 우선순위/top_n 없음)",research_development_proxy_scout_only_rule_surface_no_new_model_artifact_no_new_mt5_execution_no_forward_pass_no_live_readiness_no_operating_promotion_no_runtime_authority_no_goal_claim,"watch_short_share_below_target(관찰, 숏 비중 목표 미달)",False,False,-83.4814932995
run364BQ_train_broad_clean_short_share_lift_scout_without_db_v1,bq03_high_short_pf_guardrail__h17_20__ps4600__m0750__chronological_no_overlap,bq03_high_short_pf_guardrail,bo05_h17_margin_075_105_or_h20_margin_08_10,17|20,0.46,0.075,chronological_no_overlap,keep bo05 high synthetic PF as guardrail(bo05 높은 합성 PF를 가드레일로 유지),983.59,1.3906058637,0.972892186,1011,3.036036036,73.945,14.4168390608,13.3016972074,906,105,0.1038575668,53.115727003,7.48,1.1346672905,14,0.5345714286,57.1428571429,14,9,-16.47,0,0,2,23.29,-18.08,0.8869217054,"entry_hour, p_short, short_margin_vs_long only; no exact month, no outcome-priority, no top_n(진입시점 시간, p_short, 숏-롱 마진만 사용, 정확 월/결과값 우선순위/top_n 없음)",research_development_proxy_scout_only_rule_surface_no_new_model_artifact_no_new_mt5_execution_no_forward_pass_no_live_readiness_no_operating_promotion_no_runtime_authority_no_goal_claim,"watch_short_share_below_target(관찰, 숏 비중 목표 미달)",False,False,-83.4814932995
run364BQ_train_broad_clean_short_share_lift_scout_without_db_v1,bq03_high_short_pf_guardrail__h17_20__ps4600__m0800__chronological_no_overlap,bq03_high_short_pf_guardrail,bo05_h17_margin_075_105_or_h20_margin_08_10,17|20,0.46,0.08,chronological_no_overlap,keep bo05 high synthetic PF as guardrail(bo05 높은 합성 PF를 가드레일로 유지),983.59,1.3906058637,0.972892186,1011,3.036036036,73.945,14.4168390608,13.3016972074,906,105,0.1038575668,53.115727003,7.48,1.1346672905,14,0.5345714286,57.1428571429,14,9,-16.47,0,0,2,23.29,-18.08,0.8869217054,"entry_hour, p_short, short_margin_vs_long only; no exact month, no outcome-priority, no top_n(진입시점 시간, p_short, 숏-롱 마진만 사용, 정확 월/결과값 우선순위/top_n 없음)",research_development_proxy_scout_only_rule_surface_no_new_model_artifact_no_new_mt5_execution_no_forward_pass_no_live_readiness_no_operating_promotion_no_runtime_authority_no_goal_claim,"watch_short_share_below_target(관찰, 숏 비중 목표 미달)",False,False,-83.4814932995
run364BQ_train_broad_clean_short_share_lift_scout_without_db_v1,bq03_high_short_pf_guardrail__h17_20__ps4600__m0850__chronological_no_overlap,bq03_high_short_pf_guardrail,bo05_h17_margin_075_105_or_h20_margin_08_10,17|20,0.46,0.085,chronological_no_overlap,keep bo05 high synthetic PF as guardrail(bo05 높은 합성 PF를 가드레일로 유지),983.59,1.3906058637,0.972892186,1011,3.036036036,73.945,14.4168390608,13.3016972074,906,105,0.1038575668,53.115727003,7.48,1.1346672905,14,0.5345714286,57.1428571429,14,9,-16.47,0,0,2,23.29,-18.08,0.8869217054,"entry_hour, p_short, short_margin_vs_long only; no exact month, no outcome-priority, no top_n(진입시점 시간, p_short, 숏-롱 마진만 사용, 정확 월/결과값 우선순위/top_n 없음)",research_development_proxy_scout_only_rule_surface_no_new_model_artifact_no_new_mt5_execution_no_forward_pass_no_live_readiness_no_operating_promotion_no_runtime_authority_no_goal_claim,"watch_short_share_below_target(관찰, 숏 비중 목표 미달)",False,False,-83.4814932995
run364BQ_train_broad_clean_short_share_lift_scout_without_db_v1,bq01_broad_clean_h17_20__h17_20__ps4475__m0875__raw,bq01_broad_clean_h17_20,bo90_broad_h17_20_ps0440_margin080_control,17|20,0.4475,0.0875,raw,expand bo90 clean h17/h20 source(bo90 클린 17/20시 원천 확장),985.73,1.39178866,0.9759742574,1010,3.033033033,73.945,14.4168390608,13.3306376361,906,104,0.102970297,53.1683168317,8.22,1.1499799395,14,0.5874285714,57.1428571429,14,10,-17.87,0,0,2,23.29,-18.08,0.8869217054,"entry_hour, p_short, short_margin_vs_long only; no exact month, no outcome-priority, no top_n(진입시점 시간, p_short, 숏-롱 마진만 사용, 정확 월/결과값 우선순위/top_n 없음)",research_development_proxy_scout_only_rule_surface_no_new_model_artifact_no_new_mt5_execution_no_forward_pass_no_live_readiness_no_operating_promotion_no_runtime_authority_no_goal_claim,"watch_short_share_below_target(관찰, 숏 비중 목표 미달)",False,False,-84.1600603475
run364BQ_train_broad_clean_short_share_lift_scout_without_db_v1,bq01_broad_clean_h17_20__h17_20__ps4475__m0900__raw,bq01_broad_clean_h17_20,bo90_broad_h17_20_ps0440_margin080_control,17|20,0.4475,0.09,raw,expand bo90 clean h17/h20 source(bo90 클린 17/20시 원천 확장),985.73,1.39178866,0.9759742574,1010,3.033033033,73.945,14.4168390608,13.3306376361,906,104,0.102970297,53.1683168317,8.22,1.1499799395,14,0.5874285714,57.1428571429,14,10,-17.87,0,0,2,23.29,-18.08,0.8869217054,"entry_hour, p_short, short_margin_vs_long only; no exact month, no outcome-priority, no top_n(진입시점 시간, p_short, 숏-롱 마진만 사용, 정확 월/결과값 우선순위/top_n 없음)",research_development_proxy_scout_only_rule_surface_no_new_model_artifact_no_new_mt5_execution_no_forward_pass_no_live_readiness_no_operating_promotion_no_runtime_authority_no_goal_claim,"watch_short_share_below_target(관찰, 숏 비중 목표 미달)",False,False,-84.1600603475
run364BQ_train_broad_clean_short_share_lift_scout_without_db_v1,bq03_high_short_pf_guardrail__h17_20__ps4475__m0900__raw,bq03_high_short_pf_guardrail,bo05_h17_margin_075_105_or_h20_margin_08_10,17|20,0.4475,0.09,raw,keep bo05 high synthetic PF as guardrail(bo05 높은 합성 PF를 가드레일로 유지),985.73,1.39178866,0.9759742574,1010,3.033033033,73.945,14.4168390608,13.3306376361,906,104,0.102970297,53.1683168317,8.22,1.1499799395,14,0.5874285714,57.1428571429,14,10,-17.87,0,0,2,23.29,-18.08,0.8869217054,"entry_hour, p_short, short_margin_vs_long only; no exact month, no outcome-priority, no top_n(진입시점 시간, p_short, 숏-롱 마진만 사용, 정확 월/결과값 우선순위/top_n 없음)",research_development_proxy_scout_only_rule_surface_no_new_model_artifact_no_new_mt5_execution_no_forward_pass_no_live_readiness_no_operating_promotion_no_runtime_authority_no_goal_claim,"watch_short_share_below_target(관찰, 숏 비중 목표 미달)",False,False,-84.1600603475
run364BQ_train_broad_clean_short_share_lift_scout_without_db_v1,bq01_broad_clean_h17_20__h17_20__ps4475__m0850__chronological_no_overlap,bq01_broad_clean_h17_20,bo90_broad_h17_20_ps0440_margin080_control,17|20,0.4475,0.085,chronological_no_overlap,expand bo90 clean h17/h20 source(bo90 클린 17/20시 원천 확장),983.87,1.3907605078,0.9731691395,1011,3.036036036,73.945,14.4168390608,13.3054838055,906,105,0.1038575668,53.115727003,6.36,1.1122517374,15,0.4242666667,53.3333333333,15,10,-17.87,0,0,2,23.29,-18.08,0.8869217054,"entry_hour, p_short, short_margin_vs_long only; no exact month, no outcome-priority, no top_n(진입시점 시간, p_short, 숏-롱 마진만 사용, 정확 월/결과값 우선순위/top_n 없음)",research_development_proxy_scout_only_rule_surface_no_new_model_artifact_no_new_mt5_execution_no_forward_pass_no_live_readiness_no_operating_promotion_no_runtime_authority_no_goal_claim,"watch_short_share_below_target(관찰, 숏 비중 목표 미달)",False,False,-85.497588465
run364BQ_train_broad_clean_short_share_lift_scout_without_db_v1,bq03_high_short_pf_guardrail__h17_20__ps4475__m0850__chronological_no_overlap,bq03_high_short_pf_guardrail,bo05_h17_margin_075_105_or_h20_margin_08_10,17|20,0.4475,0.085,chronological_no_overlap,keep bo05 high synthetic PF as guardrail(bo05 높은 합성 PF를 가드레일로 유지),983.87,1.3907605078,0.9731691395,1011,3.036036036,73.945,14.4168390608,13.3054838055,906,105,0.1038575668,53.115727003,6.36,1.1122517374,15,0.4242666667,53.3333333333,15,10,-17.87,0,0,2,23.29,-18.08,0.8869217054,"entry_hour, p_short, short_margin_vs_long only; no exact month, no outcome-priority, no top_n(진입시점 시간, p_short, 숏-롱 마진만 사용, 정확 월/결과값 우선순위/top_n 없음)",research_development_proxy_scout_only_rule_surface_no_new_model_artifact_no_new_mt5_execution_no_forward_pass_no_live_readiness_no_operating_promotion_no_runtime_authority_no_goal_claim,"watch_short_share_below_target(관찰, 숏 비중 목표 미달)",False,False,-85.497588465
run364BQ_train_broad_clean_short_share_lift_scout_without_db_v1,bq01_broad_clean_h17_20__h17_20__ps4500__m0825__raw,bq01_broad_clean_h17_20,bo90_broad_h17_20_ps0440_margin080_control,17|20,0.45,0.0825,raw,expand bo90 clean h17/h20 source(bo90 클린 17/20시 원천 확장),984.06,1.390790525,0.9723903162,1012,3.039039039,73.945,14.4168390608,13.307985665,906,106,0.104743083,53.162055336,7.95,1.1430345125,15,0.5299333333,60.0,15,9,-16.47,0,0,2,23.29,-18.08,0.8869217054,"entry_hour, p_short, short_margin_vs_long only; no exact month, no outcome-priority, no top_n(진입시점 시간, p_short, 숏-롱 마진만 사용, 정확 월/결과값 우선순위/top_n 없음)",research_development_proxy_scout_only_rule_surface_no_new_model_artifact_no_new_mt5_execution_no_forward_pass_no_live_readiness_no_operating_promotion_no_runtime_authority_no_goal_claim,"watch_short_share_below_target(관찰, 숏 비중 목표 미달)",False,False,-85.5105215625
run364BQ_train_broad_clean_short_share_lift_scout_without_db_v1,bq01_broad_clean_h17_20__h17_20__ps4500__m0850__raw,bq01_broad_clean_h17_20,bo90_broad_h17_20_ps0440_margin080_control,17|20,0.45,0.085,raw,expand bo90 clean h17/h20 source(bo90 클린 17/20시 원천 확장),983.59,1.3906058637,0.972892186,1011,3.036036036,73.945,14.4168390608,13.3016972074,906,105,0.1038575668,53.115727003,7.48,1.1346672905,14,0.5345714286,57.1428571429,14,9,-16.47,0,0,2,23.29,-18.08,0.8869217054,"entry_hour, p_short, short_margin_vs_long only; no exact month, no outcome-priority, no top_n(진입시점 시간, p_short, 숏-롱 마진만 사용, 정확 월/결과값 우선순위/top_n 없음)",research_development_proxy_scout_only_rule_surface_no_new_model_artifact_no_new_mt5_execution_no_forward_pass_no_live_readiness_no_operating_promotion_no_runtime_authority_no_goal_claim,"watch_short_share_below_target(관찰, 숏 비중 목표 미달)",False,False,-86.4814932995
run364BQ_train_broad_clean_short_share_lift_scout_without_db_v1,bq01_broad_clean_h17_20__h17_20__ps4550__m0800__raw,bq01_broad_clean_h17_20,bo90_broad_h17_20_ps0440_margin080_control,17|20,0.455,0.08,raw,expand bo90 clean h17/h20 source(bo90 클린 17/20시 원천 확장),983.59,1.3906058637,0.972892186,1011,3.036036036,73.945,14.4168390608,13.3016972074,906,105,0.1038575668,53.115727003,7.48,1.1346672905,14,0.5345714286,57.1428571429,14,9,-16.47,0,0,2,23.29,-18.08,0.8869217054,"entry_hour, p_short, short_margin_vs_long only; no exact month, no outcome-priority, no top_n(진입시점 시간, p_short, 숏-롱 마진만 사용, 정확 월/결과값 우선순위/top_n 없음)",research_development_proxy_scout_only_rule_surface_no_new_model_artifact_no_new_mt5_execution_no_forward_pass_no_live_readiness_no_operating_promotion_no_runtime_authority_no_goal_claim,"watch_short_share_below_target(관찰, 숏 비중 목표 미달)",False,False,-86.4814932995
run364BQ_train_broad_clean_short_share_lift_scout_without_db_v1,bq01_broad_clean_h17_20__h17_20__ps4550__m0825__raw,bq01_broad_clean_h17_20,bo90_broad_h17_20_ps0440_margin080_control,17|20,0.455,0.0825,raw,expand bo90 clean h17/h20 source(bo90 클린 17/20시 원천 확장),983.59,1.3906058637,0.972892186,1011,3.036036036,73.945,14.4168390608,13.3016972074,906,105,0.1038575668,53.115727003,7.48,1.1346672905,14,0.5345714286,57.1428571429,14,9,-16.47,0,0,2,23.29,-18.08,0.8869217054,"entry_hour, p_short, short_margin_vs_long only; no exact month, no outcome-priority, no top_n(진입시점 시간, p_short, 숏-롱 마진만 사용, 정확 월/결과값 우선순위/top_n 없음)",research_development_proxy_scout_only_rule_surface_no_new_model_artifact_no_new_mt5_execution_no_forward_pass_no_live_readiness_no_operating_promotion_no_runtime_authority_no_goal_claim,"watch_short_share_below_target(관찰, 숏 비중 목표 미달)",False,False,-86.4814932995
run364BQ_train_broad_clean_short_share_lift_scout_without_db_v1,bq01_broad_clean_h17_20__h17_20__ps4550__m0850__raw,bq01_broad_clean_h17_20,bo90_broad_h17_20_ps0440_margin080_control,17|20,0.455,0.085,raw,expand bo90 clean h17/h20 source(bo90 클린 17/20시 원천 확장),983.59,1.3906058637,0.972892186,1011,3.036036036,73.945,14.4168390608,13.3016972074,906,105,0.1038575668,53.115727003,7.48,1.1346672905,14,0.5345714286,57.1428571429,14,9,-16.47,0,0,2,23.29,-18.08,0.8869217054,"entry_hour, p_short, short_margin_vs_long only; no exact month, no outcome-priority, no top_n(진입시점 시간, p_short, 숏-롱 마진만 사용, 정확 월/결과값 우선순위/top_n 없음)",research_development_proxy_scout_only_rule_surface_no_new_model_artifact_no_new_mt5_execution_no_forward_pass_no_live_readiness_no_operating_promotion_no_runtime_authority_no_goal_claim,"watch_short_share_below_target(관찰, 숏 비중 목표 미달)",False,False,-86.4814932995
run364BQ_train_broad_clean_short_share_lift_scout_without_db_v1,bq01_broad_clean_h17_20__h17_20__ps4600__m0750__raw,bq01_broad_clean_h17_20,bo90_broad_h17_20_ps0440_margin080_control,17|20,0.46,0.075,raw,expand bo90 clean h17/h20 source(bo90 클린 17/20시 원천 확장),983.59,1.3906058637,0.972892186,1011,3.036036036,73.945,14.4168390608,13.3016972074,906,105,0.1038575668,53.115727003,7.48,1.1346672905,14,0.5345714286,57.1428571429,14,9,-16.47,0,0,2,23.29,-18.08,0.8869217054,"entry_hour, p_short, short_margin_vs_long only; no exact month, no outcome-priority, no top_n(진입시점 시간, p_short, 숏-롱 마진만 사용, 정확 월/결과값 우선순위/top_n 없음)",research_development_proxy_scout_only_rule_surface_no_new_model_artifact_no_new_mt5_execution_no_forward_pass_no_live_readiness_no_operating_promotion_no_runtime_authority_no_goal_claim,"watch_short_share_below_target(관찰, 숏 비중 목표 미달)",False,False,-86.4814932995
run364BQ_train_broad_clean_short_share_lift_scout_without_db_v1,bq01_broad_clean_h17_20__h17_20__ps4600__m0800__raw,bq01_broad_clean_h17_20,bo90_broad_h17_20_ps0440_margin080_control,17|20,0.46,0.08,raw,expand bo90 clean h17/h20 source(bo90 클린 17/20시 원천 확장),983.59,1.3906058637,0.972892186,1011,3.036036036,73.945,14.4168390608,13.3016972074,906,105,0.1038575668,53.115727003,7.48,1.1346672905,14,0.5345714286,57.1428571429,14,9,-16.47,0,0,2,23.29,-18.08,0.8869217054,"entry_hour, p_short, short_margin_vs_long only; no exact month, no outcome-priority, no top_n(진입시점 시간, p_short, 숏-롱 마진만 사용, 정확 월/결과값 우선순위/top_n 없음)",research_development_proxy_scout_only_rule_surface_no_new_model_artifact_no_new_mt5_execution_no_forward_pass_no_live_readiness_no_operating_promotion_no_runtime_authority_no_goal_claim,"watch_short_share_below_target(관찰, 숏 비중 목표 미달)",False,False,-86.4814932995
run364BQ_train_broad_clean_short_share_lift_scout_without_db_v1,bq01_broad_clean_h17_20__h17_20__ps4600__m0825__raw,bq01_broad_clean_h17_20,bo90_broad_h17_20_ps0440_margin080_control,17|20,0.46,0.0825,raw,expand bo90 clean h17/h20 source(bo90 클린 17/20시 원천 확장),983.59,1.3906058637,0.972892186,1011,3.036036036,73.945,14.4168390608,13.3016972074,906,105,0.1038575668,53.115727003,7.48,1.1346672905,14,0.5345714286,57.1428571429,14,9,-16.47,0,0,2,23.29,-18.08,0.8869217054,"entry_hour, p_short, short_margin_vs_long only; no exact month, no outcome-priority, no top_n(진입시점 시간, p_short, 숏-롱 마진만 사용, 정확 월/결과값 우선순위/top_n 없음)",research_development_proxy_scout_only_rule_surface_no_new_model_artifact_no_new_mt5_execution_no_forward_pass_no_live_readiness_no_operating_promotion_no_runtime_authority_no_goal_claim,"watch_short_share_below_target(관찰, 숏 비중 목표 미달)",False,False,-86.4814932995
run364BQ_train_broad_clean_short_share_lift_scout_without_db_v1,bq01_broad_clean_h17_20__h17_20__ps4600__m0850__raw,bq01_broad_clean_h17_20,bo90_broad_h17_20_ps0440_margin080_control,17|20,0.46,0.085,raw,expand bo90 clean h17/h20 source(bo90 클린 17/20시 원천 확장),983.59,1.3906058637,0.972892186,1011,3.036036036,73.945,14.4168390608,13.3016972074,906,105,0.1038575668,53.115727003,7.48,1.1346672905,14,0.5345714286,57.1428571429,14,9,-16.47,0,0,2,23.29,-18.08,0.8869217054,"entry_hour, p_short, short_margin_vs_long only; no exact month, no outcome-priority, no top_n(진입시점 시간, p_short, 숏-롱 마진만 사용, 정확 월/결과값 우선순위/top_n 없음)",research_development_proxy_scout_only_rule_surface_no_new_model_artifact_no_new_mt5_execution_no_forward_pass_no_live_readiness_no_operating_promotion_no_runtime_authority_no_goal_claim,"watch_short_share_below_target(관찰, 숏 비중 목표 미달)",False,False,-86.4814932995
run364BQ_train_broad_clean_short_share_lift_scout_without_db_v1,bq03_high_short_pf_guardrail__h17_20__ps4500__m0850__raw,bq03_high_short_pf_guardrail,bo05_h17_margin_075_105_or_h20_margin_08_10,17|20,0.45,0.085,raw,keep bo05 high synthetic PF as guardrail(bo05 높은 합성 PF를 가드레일로 유지),983.59,1.3906058637,0.972892186,1011,3.036036036,73.945,14.4168390608,13.3016972074,906,105,0.1038575668,53.115727003,7.48,1.1346672905,14,0.5345714286,57.1428571429,14,9,-16.47,0,0,2,23.29,-18.08,0.8869217054,"entry_hour, p_short, short_margin_vs_long only; no exact month, no outcome-priority, no top_n(진입시점 시간, p_short, 숏-롱 마진만 사용, 정확 월/결과값 우선순위/top_n 없음)",research_development_proxy_scout_only_rule_surface_no_new_model_artifact_no_new_mt5_execution_no_forward_pass_no_live_readiness_no_operating_promotion_no_runtime_authority_no_goal_claim,"watch_short_share_below_target(관찰, 숏 비중 목표 미달)",False,False,-86.4814932995
run364BQ_train_broad_clean_short_share_lift_scout_without_db_v1,bq03_high_short_pf_guardrail__h17_20__ps4550__m0800__raw,bq03_high_short_pf_guardrail,bo05_h17_margin_075_105_or_h20_margin_08_10,17|20,0.455,0.08,raw,keep bo05 high synthetic PF as guardrail(bo05 높은 합성 PF를 가드레일로 유지),983.59,1.3906058637,0.972892186,1011,3.036036036,73.945,14.4168390608,13.3016972074,906,105,0.1038575668,53.115727003,7.48,1.1346672905,14,0.5345714286,57.1428571429,14,9,-16.47,0,0,2,23.29,-18.08,0.8869217054,"entry_hour, p_short, short_margin_vs_long only; no exact month, no outcome-priority, no top_n(진입시점 시간, p_short, 숏-롱 마진만 사용, 정확 월/결과값 우선순위/top_n 없음)",research_development_proxy_scout_only_rule_surface_no_new_model_artifact_no_new_mt5_execution_no_forward_pass_no_live_readiness_no_operating_promotion_no_runtime_authority_no_goal_claim,"watch_short_share_below_target(관찰, 숏 비중 목표 미달)",False,False,-86.4814932995
run364BQ_train_broad_clean_short_share_lift_scout_without_db_v1,bq03_high_short_pf_guardrail__h17_20__ps4550__m0850__raw,bq03_high_short_pf_guardrail,bo05_h17_margin_075_105_or_h20_margin_08_10,17|20,0.455,0.085,raw,keep bo05 high synthetic PF as guardrail(bo05 높은 합성 PF를 가드레일로 유지),983.59,1.3906058637,0.972892186,1011,3.036036036,73.945,14.4168390608,13.3016972074,906,105,0.1038575668,53.115727003,7.48,1.1346672905,14,0.5345714286,57.1428571429,14,9,-16.47,0,0,2,23.29,-18.08,0.8869217054,"entry_hour, p_short, short_margin_vs_long only; no exact month, no outcome-priority, no top_n(진입시점 시간, p_short, 숏-롱 마진만 사용, 정확 월/결과값 우선순위/top_n 없음)",research_development_proxy_scout_only_rule_surface_no_new_model_artifact_no_new_mt5_execution_no_forward_pass_no_live_readiness_no_operating_promotion_no_runtime_authority_no_goal_claim,"watch_short_share_below_target(관찰, 숏 비중 목표 미달)",False,False,-86.4814932995
run364BQ_train_broad_clean_short_share_lift_scout_without_db_v1,bq03_high_short_pf_guardrail__h17_20__ps4600__m0750__raw,bq03_high_short_pf_guardrail,bo05_h17_margin_075_105_or_h20_margin_08_10,17|20,0.46,0.075,raw,keep bo05 high synthetic PF as guardrail(bo05 높은 합성 PF를 가드레일로 유지),983.59,1.3906058637,0.972892186,1011,3.036036036,73.945,14.4168390608,13.3016972074,906,105,0.1038575668,53.115727003,7.48,1.1346672905,14,0.5345714286,57.1428571429,14,9,-16.47,0,0,2,23.29,-18.08,0.8869217054,"entry_hour, p_short, short_margin_vs_long only; no exact month, no outcome-priority, no top_n(진입시점 시간, p_short, 숏-롱 마진만 사용, 정확 월/결과값 우선순위/top_n 없음)",research_development_proxy_scout_only_rule_surface_no_new_model_artifact_no_new_mt5_execution_no_forward_pass_no_live_readiness_no_operating_promotion_no_runtime_authority_no_goal_claim,"watch_short_share_below_target(관찰, 숏 비중 목표 미달)",False,False,-86.4814932995
run364BQ_train_broad_clean_short_share_lift_scout_without_db_v1,bq03_high_short_pf_guardrail__h17_20__ps4600__m0800__raw,bq03_high_short_pf_guardrail,bo05_h17_margin_075_105_or_h20_margin_08_10,17|20,0.46,0.08,raw,keep bo05 high synthetic PF as guardrail(bo05 높은 합성 PF를 가드레일로 유지),983.59,1.3906058637,0.972892186,1011,3.036036036,73.945,14.4168390608,13.3016972074,906,105,0.1038575668,53.115727003,7.48,1.1346672905,14,0.5345714286,57.1428571429,14,9,-16.47,0,0,2,23.29,-18.08,0.8869217054,"entry_hour, p_short, short_margin_vs_long only; no exact month, no outcome-priority, no top_n(진입시점 시간, p_short, 숏-롱 마진만 사용, 정확 월/결과값 우선순위/top_n 없음)",research_development_proxy_scout_only_rule_surface_no_new_model_artifact_no_new_mt5_execution_no_forward_pass_no_live_readiness_no_operating_promotion_no_runtime_authority_no_goal_claim,"watch_short_share_below_target(관찰, 숏 비중 목표 미달)",False,False,-86.4814932995
run364BQ_train_broad_clean_short_share_lift_scout_without_db_v1,bq03_high_short_pf_guardrail__h17_20__ps4600__m0850__raw,bq03_high_short_pf_guardrail,bo05_h17_margin_075_105_or_h20_margin_08_10,17|20,0.46,0.085,raw,keep bo05 high synthetic PF as guardrail(bo05 높은 합성 PF를 가드레일로 유지),983.59,1.3906058637,0.972892186,1011,3.036036036,73.945,14.4168390608,13.3016972074,906,105,0.1038575668,53.115727003,7.48,1.1346672905,14,0.5345714286,57.1428571429,14,9,-16.47,0,0,2,23.29,-18.08,0.8869217054,"entry_hour, p_short, short_margin_vs_long only; no exact month, no outcome-priority, no top_n(진입시점 시간, p_short, 숏-롱 마진만 사용, 정확 월/결과값 우선순위/top_n 없음)",research_development_proxy_scout_only_rule_surface_no_new_model_artifact_no_new_mt5_execution_no_forward_pass_no_live_readiness_no_operating_promotion_no_runtime_authority_no_goal_claim,"watch_short_share_below_target(관찰, 숏 비중 목표 미달)",False,False,-86.4814932995
run364BQ_train_broad_clean_short_share_lift_scout_without_db_v1,bq01_broad_clean_h17_20__h17_20__ps4475__m0850__raw,bq01_broad_clean_h17_20,bo90_broad_h17_20_ps0440_margin080_control,17|20,0.4475,0.085,raw,expand bo90 clean h17/h20 source(bo90 클린 17/20시 원천 확장),983.87,1.3907605078,0.9731691395,1011,3.036036036,73.945,14.4168390608,13.3054838055,906,105,0.1038575668,53.115727003,6.36,1.1122517374,15,0.4242666667,53.3333333333,15,10,-17.87,0,0,2,23.29,-18.08,0.8869217054,"entry_hour, p_short, short_margin_vs_long only; no exact month, no outcome-priority, no top_n(진입시점 시간, p_short, 숏-롱 마진만 사용, 정확 월/결과값 우선순위/top_n 없음)",research_development_proxy_scout_only_rule_surface_no_new_model_artifact_no_new_mt5_execution_no_forward_pass_no_live_readiness_no_operating_promotion_no_runtime_authority_no_goal_claim,"watch_short_share_below_target(관찰, 숏 비중 목표 미달)",False,False,-88.497588465
run364BQ_train_broad_clean_short_share_lift_scout_without_db_v1,bq03_high_short_pf_guardrail__h17_20__ps4475__m0850__raw,bq03_high_short_pf_guardrail,bo05_h17_margin_075_105_or_h20_margin_08_10,17|20,0.4475,0.085,raw,keep bo05 high synthetic PF as guardrail(bo05 높은 합성 PF를 가드레일로 유지),983.87,1.3907605078,0.9731691395,1011,3.036036036,73.945,14.4168390608,13.3054838055,906,105,0.1038575668,53.115727003,6.36,1.1122517374,15,0.4242666667,53.3333333333,15,10,-17.87,0,0,2,23.29,-18.08,0.8869217054,"entry_hour, p_short, short_margin_vs_long only; no exact month, no outcome-priority, no top_n(진입시점 시간, p_short, 숏-롱 마진만 사용, 정확 월/결과값 우선순위/top_n 없음)",research_development_proxy_scout_only_rule_surface_no_new_model_artifact_no_new_mt5_execution_no_forward_pass_no_live_readiness_no_operating_promotion_no_runtime_authority_no_goal_claim,"watch_short_share_below_target(관찰, 숏 비중 목표 미달)",False,False,-88.497588465
run364BQ_train_broad_clean_short_share_lift_scout_without_db_v1,bq02_h16_extension_overlap_safe__h16_17_20__ps4550__m0750__chronological_no_overlap,bq02_h16_extension_overlap_safe,bo91_broad_h16_17_20_ps0445_margin080_control,16|17|20,0.455,0.075,chronological_no_overlap,retry bo91 h16 lift with overlap guard(bo91 16시 상승을 겹침 가드로 재시도),999.89,1.3911414965,0.9793271303,1021,3.0660660661,77.615,14.8303333829,12.882728854,904,117,0.1145935357,52.9872673849,3.34,1.0292639798,29,0.1152758621,41.3793103448,29,14,-36.91,0,0,2,23.29,-18.08,0.8869217054,"entry_hour, p_short, short_margin_vs_long only; no exact month, no outcome-priority, no top_n(진입시점 시간, p_short, 숏-롱 마진만 사용, 정확 월/결과값 우선순위/top_n 없음)",research_development_proxy_scout_only_rule_surface_no_new_model_artifact_no_new_mt5_execution_no_forward_pass_no_live_readiness_no_operating_promotion_no_runtime_authority_no_goal_claim,"watch_short_share_below_target(관찰, 숏 비중 목표 미달)",False,False,-89.237037584
run364BQ_train_broad_clean_short_share_lift_scout_without_db_v1,bq02_h16_extension_overlap_safe__h16_17_20__ps4500__m0800__chronological_no_overlap,bq02_h16_extension_overlap_safe,bo91_broad_h16_17_20_ps0445_margin080_control,16|17|20,0.45,0.08,chronological_no_overlap,retry bo91 h16 lift with overlap guard(bo91 16시 상승을 겹침 가드로 재시도),993.38,1.3878761209,0.9719970646,1022,3.0690690691,77.615,14.8303333829,12.7988275462,904,118,0.1154598826,52.9354207436,2.4,1.0201818977,31,0.0774516129,41.935483871,31,15,-31.34,0,0,2,23.29,-18.08,0.8869217054,"entry_hour, p_short, short_margin_vs_long only; no exact month, no outcome-priority, no top_n(진입시점 시간, p_short, 숏-롱 마진만 사용, 정확 월/결과값 우선순위/top_n 없음)",research_development_proxy_scout_only_rule_surface_no_new_model_artifact_no_new_mt5_execution_no_forward_pass_no_live_readiness_no_operating_promotion_no_runtime_authority_no_goal_claim,"watch_short_share_below_target(관찰, 숏 비중 목표 미달)",False,False,-92.6732567475
run364BQ_train_broad_clean_short_share_lift_scout_without_db_v1,bq02_h16_extension_overlap_safe__h16_17_20__ps4550__m0800__chronological_no_overlap,bq02_h16_extension_overlap_safe,bo91_broad_h16_17_20_ps0445_margin080_control,16|17|20,0.455,0.08,chronological_no_overlap,retry bo91 h16 lift with overlap guard(bo91 16시 상승을 겹침 가드로 재시도),995.83,1.3895501626,0.9762990196,1020,3.0630630631,77.615,14.8303333829,12.8303163048,904,116,0.1137254902,52.9411764706,-0.73,0.9936534893,28,-0.0258928571,39.2857142857,28,14,-36.91,0,0,2,23.29,-18.08,0.8869217054,"entry_hour, p_short, short_margin_vs_long only; no exact month, no outcome-priority, no top_n(진입시점 시간, p_short, 숏-롱 마진만 사용, 정확 월/결과값 우선순위/top_n 없음)",research_development_proxy_scout_only_rule_surface_no_new_model_artifact_no_new_mt5_execution_no_forward_pass_no_live_readiness_no_operating_promotion_no_runtime_authority_no_goal_claim,"watch_short_share_below_target(관찰, 숏 비중 목표 미달)",False,False,-94.1403876225
run364BQ_train_broad_clean_short_share_lift_scout_without_db_v1,bq02_h16_extension_overlap_safe__h16_17_20__ps4550__m0825__chronological_no_overlap,bq02_h16_extension_overlap_safe,bo91_broad_h16_17_20_ps0445_margin080_control,16|17|20,0.455,0.0825,chronological_no_overlap,retry bo91 h16 lift with overlap guard(bo91 16시 상승을 겹침 가드로 재시도),995.83,1.3895501626,0.9762990196,1020,3.0630630631,77.615,14.8303333829,12.8303163048,904,116,0.1137254902,52.9411764706,-0.73,0.9936534893,28,-0.0258928571,39.2857142857,28,14,-36.91,0,0,2,23.29,-18.08,0.8869217054,"entry_hour, p_short, short_margin_vs_long only; no exact month, no outcome-priority, no top_n(진입시점 시간, p_short, 숏-롱 마진만 사용, 정확 월/결과값 우선순위/top_n 없음)",research_development_proxy_scout_only_rule_surface_no_new_model_artifact_no_new_mt5_execution_no_forward_pass_no_live_readiness_no_operating_promotion_no_runtime_authority_no_goal_claim,"watch_short_share_below_target(관찰, 숏 비중 목표 미달)",False,False,-94.1403876225
run364BQ_train_broad_clean_short_share_lift_scout_without_db_v1,bq02_h16_extension_overlap_safe__h16_17_20__ps4550__m0850__chronological_no_overlap,bq02_h16_extension_overlap_safe,bo91_broad_h16_17_20_ps0445_margin080_control,16|17|20,0.455,0.085,chronological_no_overlap,retry bo91 h16 lift with overlap guard(bo91 16시 상승을 겹침 가드로 재시도),995.83,1.3895501626,0.9762990196,1020,3.0630630631,77.615,14.8303333829,12.8303163048,904,116,0.1137254902,52.9411764706,-0.73,0.9936534893,28,-0.0258928571,39.2857142857,28,14,-36.91,0,0,2,23.29,-18.08,0.8869217054,"entry_hour, p_short, short_margin_vs_long only; no exact month, no outcome-priority, no top_n(진입시점 시간, p_short, 숏-롱 마진만 사용, 정확 월/결과값 우선순위/top_n 없음)",research_development_proxy_scout_only_rule_surface_no_new_model_artifact_no_new_mt5_execution_no_forward_pass_no_live_readiness_no_operating_promotion_no_runtime_authority_no_goal_claim,"watch_short_share_below_target(관찰, 숏 비중 목표 미달)",False,False,-94.1403876225
run364BQ_train_broad_clean_short_share_lift_scout_without_db_v1,bq01_broad_clean_h17_20__h17_20__ps4475__m0825__chronological_no_overlap,bq01_broad_clean_h17_20,bo90_broad_h17_20_ps0440_margin080_control,17|20,0.4475,0.0825,chronological_no_overlap,expand bo90 clean h17/h20 source(bo90 클린 17/20시 원천 확장),981.56,1.3894094604,0.969916996,1012,3.039039039,73.945,14.4168390608,13.2741361823,906,106,0.104743083,53.162055336,1.9,1.0307657358,17,0.1115294118,52.9411764706,17,11,-20.02,0,0,2,23.29,-18.08,0.8869217054,"entry_hour, p_short, short_margin_vs_long only; no exact month, no outcome-priority, no top_n(진입시점 시간, p_short, 숏-롱 마진만 사용, 정확 월/결과값 우선순위/top_n 없음)",research_development_proxy_scout_only_rule_surface_no_new_model_artifact_no_new_mt5_execution_no_forward_pass_no_live_readiness_no_operating_promotion_no_runtime_authority_no_goal_claim,"watch_short_share_below_target(관찰, 숏 비중 목표 미달)",False,False,-94.188457623
run364BQ_train_broad_clean_short_share_lift_scout_without_db_v1,bq01_broad_clean_h17_20__h17_20__ps4475__m0825__raw,bq01_broad_clean_h17_20,bo90_broad_h17_20_ps0440_margin080_control,17|20,0.4475,0.0825,raw,expand bo90 clean h17/h20 source(bo90 클린 17/20시 원천 확장),981.56,1.3894094604,0.969916996,1012,3.039039039,73.945,14.4168390608,13.2741361823,906,106,0.104743083,53.162055336,1.9,1.0307657358,17,0.1115294118,52.9411764706,17,11,-20.02,0,0,2,23.29,-18.08,0.8869217054,"entry_hour, p_short, short_margin_vs_long only; no exact month, no outcome-priority, no top_n(진입시점 시간, p_short, 숏-롱 마진만 사용, 정확 월/결과값 우선순위/top_n 없음)",research_development_proxy_scout_only_rule_surface_no_new_model_artifact_no_new_mt5_execution_no_forward_pass_no_live_readiness_no_operating_promotion_no_runtime_authority_no_goal_claim,"watch_short_share_below_target(관찰, 숏 비중 목표 미달)",False,False,-97.188457623
run364BQ_train_broad_clean_short_share_lift_scout_without_db_v1,bq01_broad_clean_h17_20__h17_20__ps4350__m0800__raw,bq01_broad_clean_h17_20,bo90_broad_h17_20_ps0440_margin080_control,17|20,0.435,0.08,raw,expand bo90 clean h17/h20 source(bo90 클린 17/20시 원천 확장),1035.17,1.4101492698,1.0158684985,1019,3.0600600601,67.67,9.789310892,15.2973252549,904,115,0.1128557409,53.3856722277,45.56,1.4513304143,34,1.34,55.8823529412,34,22,-31.37,1,0,2,23.29,-2.4,0.9322226969,"entry_hour, p_short, short_margin_vs_long only; no exact month, no outcome-priority, no top_n(진입시점 시간, p_short, 숏-롱 마진만 사용, 정확 월/결과값 우선순위/top_n 없음)",research_development_proxy_scout_only_rule_surface_no_new_model_artifact_no_new_mt5_execution_no_forward_pass_no_live_readiness_no_operating_promotion_no_runtime_authority_no_goal_claim,"rejected_synthetic_overlap(거절, 합성 거래 겹침)",False,False,-115.9562493795
run364BQ_train_broad_clean_short_share_lift_scout_without_db_v1,bq03_high_short_pf_guardrail__h17_20__ps4650__m0900__chronological_no_overlap,bq03_high_short_pf_guardrail,bo05_h17_margin_075_105_or_h20_margin_08_10,17|20,0.465,0.09,chronological_no_overlap,keep bo05 high synthetic PF as guardrail(bo05 높은 합성 PF를 가드레일로 유지),976.17,1.3877634925,0.9674618434,1009,3.03003003,73.945,14.4168390608,13.2012847387,906,103,0.1020812686,53.0227948464,-9.59,0.8214431992,10,-0.9591,50.0,10,7,-26.12,0,0,2,23.29,-18.08,0.8869217054,"entry_hour, p_short, short_margin_vs_long only; no exact month, no outcome-priority, no top_n(진입시점 시간, p_short, 숏-롱 마진만 사용, 정확 월/결과값 우선순위/top_n 없음)",research_development_proxy_scout_only_rule_surface_no_new_model_artifact_no_new_mt5_execution_no_forward_pass_no_live_readiness_no_operating_promotion_no_runtime_authority_no_goal_claim,"watch_short_share_below_target(관찰, 숏 비중 목표 미달)",False,False,-116.003832501
run364BQ_train_broad_clean_short_share_lift_scout_without_db_v1,bq03_high_short_pf_guardrail__h17_20__ps4650__m0900__raw,bq03_high_short_pf_guardrail,bo05_h17_margin_075_105_or_h20_margin_08_10,17|20,0.465,0.09,raw,keep bo05 high synthetic PF as guardrail(bo05 높은 합성 PF를 가드레일로 유지),976.17,1.3877634925,0.9674618434,1009,3.03003003,73.945,14.4168390608,13.2012847387,906,103,0.1020812686,53.0227948464,-9.59,0.8214431992,10,-0.9591,50.0,10,7,-26.12,0,0,2,23.29,-18.08,0.8869217054,"entry_hour, p_short, short_margin_vs_long only; no exact month, no outcome-priority, no top_n(진입시점 시간, p_short, 숏-롱 마진만 사용, 정확 월/결과값 우선순위/top_n 없음)",research_development_proxy_scout_only_rule_surface_no_new_model_artifact_no_new_mt5_execution_no_forward_pass_no_live_readiness_no_operating_promotion_no_runtime_authority_no_goal_claim,"watch_short_share_below_target(관찰, 숏 비중 목표 미달)",False,False,-119.003832501
run364BQ_train_broad_clean_short_share_lift_scout_without_db_v1,bq03_high_short_pf_guardrail__h17_20__ps4650__m0750__chronological_no_overlap,bq03_high_short_pf_guardrail,bo05_h17_margin_075_105_or_h20_margin_08_10,17|20,0.465,0.075,chronological_no_overlap,keep bo05 high synthetic PF as guardrail(bo05 높은 합성 PF를 가드레일로 유지),974.31,1.3867389038,0.9646623762,1010,3.033033033,73.945,14.4168390608,13.1761309081,906,104,0.102970297,52.9702970297,-11.45,0.7939504085,11,-1.041,45.4545454545,11,7,-26.12,0,0,2,23.29,-18.08,0.8869217054,"entry_hour, p_short, short_margin_vs_long only; no exact month, no outcome-priority, no top_n(진입시점 시간, p_short, 숏-롱 마진만 사용, 정확 월/결과값 우선순위/top_n 없음)",research_development_proxy_scout_only_rule_surface_no_new_model_artifact_no_new_mt5_execution_no_forward_pass_no_live_readiness_no_operating_promotion_no_runtime_authority_no_goal_claim,"watch_short_share_below_target(관찰, 숏 비중 목표 미달)",False,False,-119.3683194705
run364BQ_train_broad_clean_short_share_lift_scout_without_db_v1,bq03_high_short_pf_guardrail__h17_20__ps4650__m0800__chronological_no_overlap,bq03_high_short_pf_guardrail,bo05_h17_margin_075_105_or_h20_margin_08_10,17|20,0.465,0.08,chronological_no_overlap,keep bo05 high synthetic PF as guardrail(bo05 높은 합성 PF를 가드레일로 유지),974.31,1.3867389038,0.9646623762,1010,3.033033033,73.945,14.4168390608,13.1761309081,906,104,0.102970297,52.9702970297,-11.45,0.7939504085,11,-1.041,45.4545454545,11,7,-26.12,0,0,2,23.29,-18.08,0.8869217054,"entry_hour, p_short, short_margin_vs_long only; no exact month, no outcome-priority, no top_n(진입시점 시간, p_short, 숏-롱 마진만 사용, 정확 월/결과값 우선순위/top_n 없음)",research_development_proxy_scout_only_rule_surface_no_new_model_artifact_no_new_mt5_execution_no_forward_pass_no_live_readiness_no_operating_promotion_no_runtime_authority_no_goal_claim,"watch_short_share_below_target(관찰, 숏 비중 목표 미달)",False,False,-119.3683194705
run364BQ_train_broad_clean_short_share_lift_scout_without_db_v1,bq03_high_short_pf_guardrail__h17_20__ps4650__m0850__chronological_no_overlap,bq03_high_short_pf_guardrail,bo05_h17_margin_075_105_or_h20_margin_08_10,17|20,0.465,0.085,chronological_no_overlap,keep bo05 high synthetic PF as guardrail(bo05 높은 합성 PF를 가드레일로 유지),974.31,1.3867389038,0.9646623762,1010,3.033033033,73.945,14.4168390608,13.1761309081,906,104,0.102970297,52.9702970297,-11.45,0.7939504085,11,-1.041,45.4545454545,11,7,-26.12,0,0,2,23.29,-18.08,0.8869217054,"entry_hour, p_short, short_margin_vs_long only; no exact month, no outcome-priority, no top_n(진입시점 시간, p_short, 숏-롱 마진만 사용, 정확 월/결과값 우선순위/top_n 없음)",research_development_proxy_scout_only_rule_surface_no_new_model_artifact_no_new_mt5_execution_no_forward_pass_no_live_readiness_no_operating_promotion_no_runtime_authority_no_goal_claim,"watch_short_share_below_target(관찰, 숏 비중 목표 미달)",False,False,-119.3683194705
run364BQ_train_broad_clean_short_share_lift_scout_without_db_v1,bq03_high_short_pf_guardrail__h17_20__ps4650__m0750__raw,bq03_high_short_pf_guardrail,bo05_h17_margin_075_105_or_h20_margin_08_10,17|20,0.465,0.075,raw,keep bo05 high synthetic PF as guardrail(bo05 높은 합성 PF를 가드레일로 유지),974.31,1.3867389038,0.9646623762,1010,3.033033033,73.945,14.4168390608,13.1761309081,906,104,0.102970297,52.9702970297,-11.45,0.7939504085,11,-1.041,45.4545454545,11,7,-26.12,0,0,2,23.29,-18.08,0.8869217054,"entry_hour, p_short, short_margin_vs_long only; no exact month, no outcome-priority, no top_n(진입시점 시간, p_short, 숏-롱 마진만 사용, 정확 월/결과값 우선순위/top_n 없음)",research_development_proxy_scout_only_rule_surface_no_new_model_artifact_no_new_mt5_execution_no_forward_pass_no_live_readiness_no_operating_promotion_no_runtime_authority_no_goal_claim,"watch_short_share_below_target(관찰, 숏 비중 목표 미달)",False,False,-122.3683194705
run364BQ_train_broad_clean_short_share_lift_scout_without_db_v1,bq03_high_short_pf_guardrail__h17_20__ps4650__m0800__raw,bq03_high_short_pf_guardrail,bo05_h17_margin_075_105_or_h20_margin_08_10,17|20,0.465,0.08,raw,keep bo05 high synthetic PF as guardrail(bo05 높은 합성 PF를 가드레일로 유지),974.31,1.3867389038,0.9646623762,1010,3.033033033,73.945,14.4168390608,13.1761309081,906,104,0.102970297,52.9702970297,-11.45,0.7939504085,11,-1.041,45.4545454545,11,7,-26.12,0,0,2,23.29,-18.08,0.8869217054,"entry_hour, p_short, short_margin_vs_long only; no exact month, no outcome-priority, no top_n(진입시점 시간, p_short, 숏-롱 마진만 사용, 정확 월/결과값 우선순위/top_n 없음)",research_development_proxy_scout_only_rule_surface_no_new_model_artifact_no_new_mt5_execution_no_forward_pass_no_live_readiness_no_operating_promotion_no_runtime_authority_no_goal_claim,"watch_short_share_below_target(관찰, 숏 비중 목표 미달)",False,False,-122.3683194705
run364BQ_train_broad_clean_short_share_lift_scout_without_db_v1,bq03_high_short_pf_guardrail__h17_20__ps4650__m0850__raw,bq03_high_short_pf_guardrail,bo05_h17_margin_075_105_or_h20_margin_08_10,17|20,0.465,0.085,raw,keep bo05 high synthetic PF as guardrail(bo05 높은 합성 PF를 가드레일로 유지),974.31,1.3867389038,0.9646623762,1010,3.033033033,73.945,14.4168390608,13.1761309081,906,104,0.102970297,52.9702970297,-11.45,0.7939504085,11,-1.041,45.4545454545,11,7,-26.12,0,0,2,23.29,-18.08,0.8869217054,"entry_hour, p_short, short_margin_vs_long only; no exact month, no outcome-priority, no top_n(진입시점 시간, p_short, 숏-롱 마진만 사용, 정확 월/결과값 우선순위/top_n 없음)",research_development_proxy_scout_only_rule_surface_no_new_model_artifact_no_new_mt5_execution_no_forward_pass_no_live_readiness_no_operating_promotion_no_runtime_authority_no_goal_claim,"watch_short_share_below_target(관찰, 숏 비중 목표 미달)",False,False,-122.3683194705
run364BQ_train_broad_clean_short_share_lift_scout_without_db_v1,bq01_broad_clean_h17_20__h17_20__ps4450__m0950__chronological_no_overlap,bq01_broad_clean_h17_20,bo90_broad_h17_20_ps0440_margin080_control,17|20,0.445,0.095,chronological_no_overlap,expand bo90 clean h17/h20 source(bo90 클린 17/20시 원천 확장),966.66,1.3839549958,0.9570861386,1010,3.033033033,73.945,14.4168390608,13.0726485902,905,105,0.103960396,53.0693069307,-19.59,0.6674700022,13,-1.5071538462,53.8461538462,13,9,-26.61,0,0,2,23.29,-18.08,0.8869217054,"entry_hour, p_short, short_margin_vs_long only; no exact month, no outcome-priority, no top_n(진입시점 시간, p_short, 숏-롱 마진만 사용, 정확 월/결과값 우선순위/top_n 없음)",research_development_proxy_scout_only_rule_surface_no_new_model_artifact_no_new_mt5_execution_no_forward_pass_no_live_readiness_no_operating_promotion_no_runtime_authority_no_goal_claim,"watch_short_share_below_target(관찰, 숏 비중 목표 미달)",False,False,-134.207900589
run364BQ_train_broad_clean_short_share_lift_scout_without_db_v1,bq03_high_short_pf_guardrail__h17_20__ps4450__m0950__chronological_no_overlap,bq03_high_short_pf_guardrail,bo05_h17_margin_075_105_or_h20_margin_08_10,17|20,0.445,0.095,chronological_no_overlap,keep bo05 high synthetic PF as guardrail(bo05 높은 합성 PF를 가드레일로 유지),966.66,1.3839549958,0.9570861386,1010,3.033033033,73.945,14.4168390608,13.0726485902,905,105,0.103960396,53.0693069307,-19.59,0.6674700022,13,-1.5071538462,53.8461538462,13,9,-26.61,0,0,2,23.29,-18.08,0.8869217054,"entry_hour, p_short, short_margin_vs_long only; no exact month, no outcome-priority, no top_n(진입시점 시간, p_short, 숏-롱 마진만 사용, 정확 월/결과값 우선순위/top_n 없음)",research_development_proxy_scout_only_rule_surface_no_new_model_artifact_no_new_mt5_execution_no_forward_pass_no_live_readiness_no_operating_promotion_no_runtime_authority_no_goal_claim,"watch_short_share_below_target(관찰, 숏 비중 목표 미달)",False,False,-134.207900589
run364BQ_train_broad_clean_short_share_lift_scout_without_db_v1,bq01_broad_clean_h17_20__h17_20__ps4475__m0950__chronological_no_overlap,bq01_broad_clean_h17_20,bo90_broad_h17_20_ps0440_margin080_control,17|20,0.4475,0.095,chronological_no_overlap,expand bo90 clean h17/h20 source(bo90 클린 17/20시 원천 확장),965.37,1.3834742043,0.9558128713,1010,3.033033033,73.945,14.4168390608,13.0552572858,906,104,0.102970297,53.0693069307,-17.68,0.6708679301,11,-1.6071818182,54.5454545455,11,7,-23.41,0,0,2,23.29,-18.08,0.8869217054,"entry_hour, p_short, short_margin_vs_long only; no exact month, no outcome-priority, no top_n(진입시점 시간, p_short, 숏-롱 마진만 사용, 정확 월/결과값 우선순위/top_n 없음)",research_development_proxy_scout_only_rule_surface_no_new_model_artifact_no_new_mt5_execution_no_forward_pass_no_live_readiness_no_operating_promotion_no_runtime_authority_no_goal_claim,"watch_short_share_below_target(관찰, 숏 비중 목표 미달)",False,False,-134.3634478235
run364BQ_train_broad_clean_short_share_lift_scout_without_db_v1,bq01_broad_clean_h17_20__h17_20__ps4500__m0950__chronological_no_overlap,bq01_broad_clean_h17_20,bo90_broad_h17_20_ps0440_margin080_control,17|20,0.45,0.095,chronological_no_overlap,expand bo90 clean h17/h20 source(bo90 클린 17/20시 원천 확장),965.37,1.3834742043,0.9558128713,1010,3.033033033,73.945,14.4168390608,13.0552572858,906,104,0.102970297,53.0693069307,-17.68,0.6708679301,11,-1.6071818182,54.5454545455,11,7,-23.41,0,0,2,23.29,-18.08,0.8869217054,"entry_hour, p_short, short_margin_vs_long only; no exact month, no outcome-priority, no top_n(진입시점 시간, p_short, 숏-롱 마진만 사용, 정확 월/결과값 우선순위/top_n 없음)",research_development_proxy_scout_only_rule_surface_no_new_model_artifact_no_new_mt5_execution_no_forward_pass_no_live_readiness_no_operating_promotion_no_runtime_authority_no_goal_claim,"watch_short_share_below_target(관찰, 숏 비중 목표 미달)",False,False,-134.3634478235
run364BQ_train_broad_clean_short_share_lift_scout_without_db_v1,bq01_broad_clean_h17_20__h17_20__ps4550__m0950__chronological_no_overlap,bq01_broad_clean_h17_20,bo90_broad_h17_20_ps0440_margin080_control,17|20,0.455,0.095,chronological_no_overlap,expand bo90 clean h17/h20 source(bo90 클린 17/20시 원천 확장),965.37,1.3834742043,0.9558128713,1010,3.033033033,73.945,14.4168390608,13.0552572858,906,104,0.102970297,53.0693069307,-17.68,0.6708679301,11,-1.6071818182,54.5454545455,11,7,-23.41,0,0,2,23.29,-18.08,0.8869217054,"entry_hour, p_short, short_margin_vs_long only; no exact month, no outcome-priority, no top_n(진입시점 시간, p_short, 숏-롱 마진만 사용, 정확 월/결과값 우선순위/top_n 없음)",research_development_proxy_scout_only_rule_surface_no_new_model_artifact_no_new_mt5_execution_no_forward_pass_no_live_readiness_no_operating_promotion_no_runtime_authority_no_goal_claim,"watch_short_share_below_target(관찰, 숏 비중 목표 미달)",False,False,-134.3634478235
run364BQ_train_broad_clean_short_share_lift_scout_without_db_v1,bq01_broad_clean_h17_20__h17_20__ps4600__m0950__chronological_no_overlap,bq01_broad_clean_h17_20,bo90_broad_h17_20_ps0440_margin080_control,17|20,0.46,0.095,chronological_no_overlap,expand bo90 clean h17/h20 source(bo90 클린 17/20시 원천 확장),965.37,1.3834742043,0.9558128713,1010,3.033033033,73.945,14.4168390608,13.0552572858,906,104,0.102970297,53.0693069307,-17.68,0.6708679301,11,-1.6071818182,54.5454545455,11,7,-23.41,0,0,2,23.29,-18.08,0.8869217054,"entry_hour, p_short, short_margin_vs_long only; no exact month, no outcome-priority, no top_n(진입시점 시간, p_short, 숏-롱 마진만 사용, 정확 월/결과값 우선순위/top_n 없음)",research_development_proxy_scout_only_rule_surface_no_new_model_artifact_no_new_mt5_execution_no_forward_pass_no_live_readiness_no_operating_promotion_no_runtime_authority_no_goal_claim,"watch_short_share_below_target(관찰, 숏 비중 목표 미달)",False,False,-134.3634478235
run364BQ_train_broad_clean_short_share_lift_scout_without_db_v1,bq03_high_short_pf_guardrail__h17_20__ps4475__m0950__chronological_no_overlap,bq03_high_short_pf_guardrail,bo05_h17_margin_075_105_or_h20_margin_08_10,17|20,0.4475,0.095,chronological_no_overlap,keep bo05 high synthetic PF as guardrail(bo05 높은 합성 PF를 가드레일로 유지),965.37,1.3834742043,0.9558128713,1010,3.033033033,73.945,14.4168390608,13.0552572858,906,104,0.102970297,53.0693069307,-17.68,0.6708679301,11,-1.6071818182,54.5454545455,11,7,-23.41,0,0,2,23.29,-18.08,0.8869217054,"entry_hour, p_short, short_margin_vs_long only; no exact month, no outcome-priority, no top_n(진입시점 시간, p_short, 숏-롱 마진만 사용, 정확 월/결과값 우선순위/top_n 없음)",research_development_proxy_scout_only_rule_surface_no_new_model_artifact_no_new_mt5_execution_no_forward_pass_no_live_readiness_no_operating_promotion_no_runtime_authority_no_goal_claim,"watch_short_share_below_target(관찰, 숏 비중 목표 미달)",False,False,-134.3634478235
run364BQ_train_broad_clean_short_share_lift_scout_without_db_v1,bq03_high_short_pf_guardrail__h17_20__ps4500__m0950__chronological_no_overlap,bq03_high_short_pf_guardrail,bo05_h17_margin_075_105_or_h20_margin_08_10,17|20,0.45,0.095,chronological_no_overlap,keep bo05 high synthetic PF as guardrail(bo05 높은 합성 PF를 가드레일로 유지),965.37,1.3834742043,0.9558128713,1010,3.033033033,73.945,14.4168390608,13.0552572858,906,104,0.102970297,53.0693069307,-17.68,0.6708679301,11,-1.6071818182,54.5454545455,11,7,-23.41,0,0,2,23.29,-18.08,0.8869217054,"entry_hour, p_short, short_margin_vs_long only; no exact month, no outcome-priority, no top_n(진입시점 시간, p_short, 숏-롱 마진만 사용, 정확 월/결과값 우선순위/top_n 없음)",research_development_proxy_scout_only_rule_surface_no_new_model_artifact_no_new_mt5_execution_no_forward_pass_no_live_readiness_no_operating_promotion_no_runtime_authority_no_goal_claim,"watch_short_share_below_target(관찰, 숏 비중 목표 미달)",False,False,-134.3634478235
run364BQ_train_broad_clean_short_share_lift_scout_without_db_v1,bq03_high_short_pf_guardrail__h17_20__ps4550__m0950__chronological_no_overlap,bq03_high_short_pf_guardrail,bo05_h17_margin_075_105_or_h20_margin_08_10,17|20,0.455,0.095,chronological_no_overlap,keep bo05 high synthetic PF as guardrail(bo05 높은 합성 PF를 가드레일로 유지),965.37,1.3834742043,0.9558128713,1010,3.033033033,73.945,14.4168390608,13.0552572858,906,104,0.102970297,53.0693069307,-17.68,0.6708679301,11,-1.6071818182,54.5454545455,11,7,-23.41,0,0,2,23.29,-18.08,0.8869217054,"entry_hour, p_short, short_margin_vs_long only; no exact month, no outcome-priority, no top_n(진입시점 시간, p_short, 숏-롱 마진만 사용, 정확 월/결과값 우선순위/top_n 없음)",research_development_proxy_scout_only_rule_surface_no_new_model_artifact_no_new_mt5_execution_no_forward_pass_no_live_readiness_no_operating_promotion_no_runtime_authority_no_goal_claim,"watch_short_share_below_target(관찰, 숏 비중 목표 미달)",False,False,-134.3634478235
run364BQ_train_broad_clean_short_share_lift_scout_without_db_v1,bq03_high_short_pf_guardrail__h17_20__ps4600__m0950__chronological_no_overlap,bq03_high_short_pf_guardrail,bo05_h17_margin_075_105_or_h20_margin_08_10,17|20,0.46,0.095,chronological_no_overlap,keep bo05 high synthetic PF as guardrail(bo05 높은 합성 PF를 가드레일로 유지),965.37,1.3834742043,0.9558128713,1010,3.033033033,73.945,14.4168390608,13.0552572858,906,104,0.102970297,53.0693069307,-17.68,0.6708679301,11,-1.6071818182,54.5454545455,11,7,-23.41,0,0,2,23.29,-18.08,0.8869217054,"entry_hour, p_short, short_margin_vs_long only; no exact month, no outcome-priority, no top_n(진입시점 시간, p_short, 숏-롱 마진만 사용, 정확 월/결과값 우선순위/top_n 없음)",research_development_proxy_scout_only_rule_surface_no_new_model_artifact_no_new_mt5_execution_no_forward_pass_no_live_readiness_no_operating_promotion_no_runtime_authority_no_goal_claim,"watch_short_share_below_target(관찰, 숏 비중 목표 미달)",False,False,-134.3634478235
run364BQ_train_broad_clean_short_share_lift_scout_without_db_v1,bq01_broad_clean_h17_20__h17_20__ps4375__m0950__chronological_no_overlap,bq01_broad_clean_h17_20,bo90_broad_h17_20_ps0440_margin080_control,17|20,0.4375,0.095,chronological_no_overlap,expand bo90 clean h17/h20 source(bo90 클린 17/20시 원천 확장),972.32,1.3865405976,0.9626950495,1010,3.033033033,73.945,14.4168390608,13.1492595848,904,106,0.104950495,53.1683168317,-25.16,0.6298443339,15,-1.6772,53.3333333333,15,11,-37.84,0,0,2,23.29,-18.08,0.8869217054,"entry_hour, p_short, short_margin_vs_long only; no exact month, no outcome-priority, no top_n(진입시점 시간, p_short, 숏-롱 마진만 사용, 정확 월/결과값 우선순위/top_n 없음)",research_development_proxy_scout_only_rule_surface_no_new_model_artifact_no_new_mt5_execution_no_forward_pass_no_live_readiness_no_operating_promotion_no_runtime_authority_no_goal_claim,"watch_short_share_below_target(관찰, 숏 비중 목표 미달)",False,False,-135.5930747355
run364BQ_train_broad_clean_short_share_lift_scout_without_db_v1,bq01_broad_clean_h17_20__h17_20__ps4400__m0950__chronological_no_overlap,bq01_broad_clean_h17_20,bo90_broad_h17_20_ps0440_margin080_control,17|20,0.44,0.095,chronological_no_overlap,expand bo90 clean h17/h20 source(bo90 클린 17/20시 원천 확장),972.32,1.3865405976,0.9626950495,1010,3.033033033,73.945,14.4168390608,13.1492595848,904,106,0.104950495,53.1683168317,-25.16,0.6298443339,15,-1.6772,53.3333333333,15,11,-37.84,0,0,2,23.29,-18.08,0.8869217054,"entry_hour, p_short, short_margin_vs_long only; no exact month, no outcome-priority, no top_n(진입시점 시간, p_short, 숏-롱 마진만 사용, 정확 월/결과값 우선순위/top_n 없음)",research_development_proxy_scout_only_rule_surface_no_new_model_artifact_no_new_mt5_execution_no_forward_pass_no_live_readiness_no_operating_promotion_no_runtime_authority_no_goal_claim,"watch_short_share_below_target(관찰, 숏 비중 목표 미달)",False,False,-135.5930747355
run364BQ_train_broad_clean_short_share_lift_scout_without_db_v1,bq03_high_short_pf_guardrail__h17_20__ps4400__m0950__chronological_no_overlap,bq03_high_short_pf_guardrail,bo05_h17_margin_075_105_or_h20_margin_08_10,17|20,0.44,0.095,chronological_no_overlap,keep bo05 high synthetic PF as guardrail(bo05 높은 합성 PF를 가드레일로 유지),972.32,1.3865405976,0.9626950495,1010,3.033033033,73.945,14.4168390608,13.1492595848,904,106,0.104950495,53.1683168317,-25.16,0.6298443339,15,-1.6772,53.3333333333,15,11,-37.84,0,0,2,23.29,-18.08,0.8869217054,"entry_hour, p_short, short_margin_vs_long only; no exact month, no outcome-priority, no top_n(진입시점 시간, p_short, 숏-롱 마진만 사용, 정확 월/결과값 우선순위/top_n 없음)",research_development_proxy_scout_only_rule_surface_no_new_model_artifact_no_new_mt5_execution_no_forward_pass_no_live_readiness_no_operating_promotion_no_runtime_authority_no_goal_claim,"watch_short_share_below_target(관찰, 숏 비중 목표 미달)",False,False,-135.5930747355
run364BQ_train_broad_clean_short_share_lift_scout_without_db_v1,bq01_broad_clean_h17_20__h17_20__ps4450__m0950__raw,bq01_broad_clean_h17_20,bo90_broad_h17_20_ps0440_margin080_control,17|20,0.445,0.095,raw,expand bo90 clean h17/h20 source(bo90 클린 17/20시 원천 확장),966.66,1.3839549958,0.9570861386,1010,3.033033033,73.945,14.4168390608,13.0726485902,905,105,0.103960396,53.0693069307,-19.59,0.6674700022,13,-1.5071538462,53.8461538462,13,9,-26.61,0,0,2,23.29,-18.08,0.8869217054,"entry_hour, p_short, short_margin_vs_long only; no exact month, no outcome-priority, no top_n(진입시점 시간, p_short, 숏-롱 마진만 사용, 정확 월/결과값 우선순위/top_n 없음)",research_development_proxy_scout_only_rule_surface_no_new_model_artifact_no_new_mt5_execution_no_forward_pass_no_live_readiness_no_operating_promotion_no_runtime_authority_no_goal_claim,"watch_short_share_below_target(관찰, 숏 비중 목표 미달)",False,False,-137.207900589
run364BQ_train_broad_clean_short_share_lift_scout_without_db_v1,bq03_high_short_pf_guardrail__h17_20__ps4450__m0950__raw,bq03_high_short_pf_guardrail,bo05_h17_margin_075_105_or_h20_margin_08_10,17|20,0.445,0.095,raw,keep bo05 high synthetic PF as guardrail(bo05 높은 합성 PF를 가드레일로 유지),966.66,1.3839549958,0.9570861386,1010,3.033033033,73.945,14.4168390608,13.0726485902,905,105,0.103960396,53.0693069307,-19.59,0.6674700022,13,-1.5071538462,53.8461538462,13,9,-26.61,0,0,2,23.29,-18.08,0.8869217054,"entry_hour, p_short, short_margin_vs_long only; no exact month, no outcome-priority, no top_n(진입시점 시간, p_short, 숏-롱 마진만 사용, 정확 월/결과값 우선순위/top_n 없음)",research_development_proxy_scout_only_rule_surface_no_new_model_artifact_no_new_mt5_execution_no_forward_pass_no_live_readiness_no_operating_promotion_no_runtime_authority_no_goal_claim,"watch_short_share_below_target(관찰, 숏 비중 목표 미달)",False,False,-137.207900589
run364BQ_train_broad_clean_short_share_lift_scout_without_db_v1,bq01_broad_clean_h17_20__h17_20__ps4475__m0950__raw,bq01_broad_clean_h17_20,bo90_broad_h17_20_ps0440_margin080_control,17|20,0.4475,0.095,raw,expand bo90 clean h17/h20 source(bo90 클린 17/20시 원천 확장),965.37,1.3834742043,0.9558128713,1010,3.033033033,73.945,14.4168390608,13.0552572858,906,104,0.102970297,53.0693069307,-17.68,0.6708679301,11,-1.6071818182,54.5454545455,11,7,-23.41,0,0,2,23.29,-18.08,0.8869217054,"entry_hour, p_short, short_margin_vs_long only; no exact month, no outcome-priority, no top_n(진입시점 시간, p_short, 숏-롱 마진만 사용, 정확 월/결과값 우선순위/top_n 없음)",research_development_proxy_scout_only_rule_surface_no_new_model_artifact_no_new_mt5_execution_no_forward_pass_no_live_readiness_no_operating_promotion_no_runtime_authority_no_goal_claim,"watch_short_share_below_target(관찰, 숏 비중 목표 미달)",False,False,-137.3634478235
run364BQ_train_broad_clean_short_share_lift_scout_without_db_v1,bq01_broad_clean_h17_20__h17_20__ps4500__m0950__raw,bq01_broad_clean_h17_20,bo90_broad_h17_20_ps0440_margin080_control,17|20,0.45,0.095,raw,expand bo90 clean h17/h20 source(bo90 클린 17/20시 원천 확장),965.37,1.3834742043,0.9558128713,1010,3.033033033,73.945,14.4168390608,13.0552572858,906,104,0.102970297,53.0693069307,-17.68,0.6708679301,11,-1.6071818182,54.5454545455,11,7,-23.41,0,0,2,23.29,-18.08,0.8869217054,"entry_hour, p_short, short_margin_vs_long only; no exact month, no outcome-priority, no top_n(진입시점 시간, p_short, 숏-롱 마진만 사용, 정확 월/결과값 우선순위/top_n 없음)",research_development_proxy_scout_only_rule_surface_no_new_model_artifact_no_new_mt5_execution_no_forward_pass_no_live_readiness_no_operating_promotion_no_runtime_authority_no_goal_claim,"watch_short_share_below_target(관찰, 숏 비중 목표 미달)",False,False,-137.3634478235
run364BQ_train_broad_clean_short_share_lift_scout_without_db_v1,bq01_broad_clean_h17_20__h17_20__ps4550__m0950__raw,bq01_broad_clean_h17_20,bo90_broad_h17_20_ps0440_margin080_control,17|20,0.455,0.095,raw,expand bo90 clean h17/h20 source(bo90 클린 17/20시 원천 확장),965.37,1.3834742043,0.9558128713,1010,3.033033033,73.945,14.4168390608,13.0552572858,906,104,0.102970297,53.0693069307,-17.68,0.6708679301,11,-1.6071818182,54.5454545455,11,7,-23.41,0,0,2,23.29,-18.08,0.8869217054,"entry_hour, p_short, short_margin_vs_long only; no exact month, no outcome-priority, no top_n(진입시점 시간, p_short, 숏-롱 마진만 사용, 정확 월/결과값 우선순위/top_n 없음)",research_development_proxy_scout_only_rule_surface_no_new_model_artifact_no_new_mt5_execution_no_forward_pass_no_live_readiness_no_operating_promotion_no_runtime_authority_no_goal_claim,"watch_short_share_below_target(관찰, 숏 비중 목표 미달)",False,False,-137.3634478235
run364BQ_train_broad_clean_short_share_lift_scout_without_db_v1,bq01_broad_clean_h17_20__h17_20__ps4600__m0950__raw,bq01_broad_clean_h17_20,bo90_broad_h17_20_ps0440_margin080_control,17|20,0.46,0.095,raw,expand bo90 clean h17/h20 source(bo90 클린 17/20시 원천 확장),965.37,1.3834742043,0.9558128713,1010,3.033033033,73.945,14.4168390608,13.0552572858,906,104,0.102970297,53.0693069307,-17.68,0.6708679301,11,-1.6071818182,54.5454545455,11,7,-23.41,0,0,2,23.29,-18.08,0.8869217054,"entry_hour, p_short, short_margin_vs_long only; no exact month, no outcome-priority, no top_n(진입시점 시간, p_short, 숏-롱 마진만 사용, 정확 월/결과값 우선순위/top_n 없음)",research_development_proxy_scout_only_rule_surface_no_new_model_artifact_no_new_mt5_execution_no_forward_pass_no_live_readiness_no_operating_promotion_no_runtime_authority_no_goal_claim,"watch_short_share_below_target(관찰, 숏 비중 목표 미달)",False,False,-137.3634478235
run364BQ_train_broad_clean_short_share_lift_scout_without_db_v1,bq03_high_short_pf_guardrail__h17_20__ps4475__m0950__raw,bq03_high_short_pf_guardrail,bo05_h17_margin_075_105_or_h20_margin_08_10,17|20,0.4475,0.095,raw,keep bo05 high synthetic PF as guardrail(bo05 높은 합성 PF를 가드레일로 유지),965.37,1.3834742043,0.9558128713,1010,3.033033033,73.945,14.4168390608,13.0552572858,906,104,0.102970297,53.0693069307,-17.68,0.6708679301,11,-1.6071818182,54.5454545455,11,7,-23.41,0,0,2,23.29,-18.08,0.8869217054,"entry_hour, p_short, short_margin_vs_long only; no exact month, no outcome-priority, no top_n(진입시점 시간, p_short, 숏-롱 마진만 사용, 정확 월/결과값 우선순위/top_n 없음)",research_development_proxy_scout_only_rule_surface_no_new_model_artifact_no_new_mt5_execution_no_forward_pass_no_live_readiness_no_operating_promotion_no_runtime_authority_no_goal_claim,"watch_short_share_below_target(관찰, 숏 비중 목표 미달)",False,False,-137.3634478235
run364BQ_train_broad_clean_short_share_lift_scout_without_db_v1,bq03_high_short_pf_guardrail__h17_20__ps4500__m0950__raw,bq03_high_short_pf_guardrail,bo05_h17_margin_075_105_or_h20_margin_08_10,17|20,0.45,0.095,raw,keep bo05 high synthetic PF as guardrail(bo05 높은 합성 PF를 가드레일로 유지),965.37,1.3834742043,0.9558128713,1010,3.033033033,73.945,14.4168390608,13.0552572858,906,104,0.102970297,53.0693069307,-17.68,0.6708679301,11,-1.6071818182,54.5454545455,11,7,-23.41,0,0,2,23.29,-18.08,0.8869217054,"entry_hour, p_short, short_margin_vs_long only; no exact month, no outcome-priority, no top_n(진입시점 시간, p_short, 숏-롱 마진만 사용, 정확 월/결과값 우선순위/top_n 없음)",research_development_proxy_scout_only_rule_surface_no_new_model_artifact_no_new_mt5_execution_no_forward_pass_no_live_readiness_no_operating_promotion_no_runtime_authority_no_goal_claim,"watch_short_share_below_target(관찰, 숏 비중 목표 미달)",False,False,-137.3634478235
run364BQ_train_broad_clean_short_share_lift_scout_without_db_v1,bq03_high_short_pf_guardrail__h17_20__ps4550__m0950__raw,bq03_high_short_pf_guardrail,bo05_h17_margin_075_105_or_h20_margin_08_10,17|20,0.455,0.095,raw,keep bo05 high synthetic PF as guardrail(bo05 높은 합성 PF를 가드레일로 유지),965.37,1.3834742043,0.9558128713,1010,3.033033033,73.945,14.4168390608,13.0552572858,906,104,0.102970297,53.0693069307,-17.68,0.6708679301,11,-1.6071818182,54.5454545455,11,7,-23.41,0,0,2,23.29,-18.08,0.8869217054,"entry_hour, p_short, short_margin_vs_long only; no exact month, no outcome-priority, no top_n(진입시점 시간, p_short, 숏-롱 마진만 사용, 정확 월/결과값 우선순위/top_n 없음)",research_development_proxy_scout_only_rule_surface_no_new_model_artifact_no_new_mt5_execution_no_forward_pass_no_live_readiness_no_operating_promotion_no_runtime_authority_no_goal_claim,"watch_short_share_below_target(관찰, 숏 비중 목표 미달)",False,False,-137.3634478235
run364BQ_train_broad_clean_short_share_lift_scout_without_db_v1,bq03_high_short_pf_guardrail__h17_20__ps4600__m0950__raw,bq03_high_short_pf_guardrail,bo05_h17_margin_075_105_or_h20_margin_08_10,17|20,0.46,0.095,raw,keep bo05 high synthetic PF as guardrail(bo05 높은 합성 PF를 가드레일로 유지),965.37,1.3834742043,0.9558128713,1010,3.033033033,73.945,14.4168390608,13.0552572858,906,104,0.102970297,53.0693069307,-17.68,0.6708679301,11,-1.6071818182,54.5454545455,11,7,-23.41,0,0,2,23.29,-18.08,0.8869217054,"entry_hour, p_short, short_margin_vs_long only; no exact month, no outcome-priority, no top_n(진입시점 시간, p_short, 숏-롱 마진만 사용, 정확 월/결과값 우선순위/top_n 없음)",research_development_proxy_scout_only_rule_surface_no_new_model_artifact_no_new_mt5_execution_no_forward_pass_no_live_readiness_no_operating_promotion_no_runtime_authority_no_goal_claim,"watch_short_share_below_target(관찰, 숏 비중 목표 미달)",False,False,-137.3634478235
run364BQ_train_broad_clean_short_share_lift_scout_without_db_v1,bq01_broad_clean_h17_20__h17_20__ps4375__m0950__raw,bq01_broad_clean_h17_20,bo90_broad_h17_20_ps0440_margin080_control,17|20,0.4375,0.095,raw,expand bo90 clean h17/h20 source(bo90 클린 17/20시 원천 확장),972.32,1.3865405976,0.9626950495,1010,3.033033033,73.945,14.4168390608,13.1492595848,904,106,0.104950495,53.1683168317,-25.16,0.6298443339,15,-1.6772,53.3333333333,15,11,-37.84,0,0,2,23.29,-18.08,0.8869217054,"entry_hour, p_short, short_margin_vs_long only; no exact month, no outcome-priority, no top_n(진입시점 시간, p_short, 숏-롱 마진만 사용, 정확 월/결과값 우선순위/top_n 없음)",research_development_proxy_scout_only_rule_surface_no_new_model_artifact_no_new_mt5_execution_no_forward_pass_no_live_readiness_no_operating_promotion_no_runtime_authority_no_goal_claim,"watch_short_share_below_target(관찰, 숏 비중 목표 미달)",False,False,-138.5930747355
run364BQ_train_broad_clean_short_share_lift_scout_without_db_v1,bq01_broad_clean_h17_20__h17_20__ps4400__m0950__raw,bq01_broad_clean_h17_20,bo90_broad_h17_20_ps0440_margin080_control,17|20,0.44,0.095,raw,expand bo90 clean h17/h20 source(bo90 클린 17/20시 원천 확장),972.32,1.3865405976,0.9626950495,1010,3.033033033,73.945,14.4168390608,13.1492595848,904,106,0.104950495,53.1683168317,-25.16,0.6298443339,15,-1.6772,53.3333333333,15,11,-37.84,0,0,2,23.29,-18.08,0.8869217054,"entry_hour, p_short, short_margin_vs_long only; no exact month, no outcome-priority, no top_n(진입시점 시간, p_short, 숏-롱 마진만 사용, 정확 월/결과값 우선순위/top_n 없음)",research_development_proxy_scout_only_rule_surface_no_new_model_artifact_no_new_mt5_execution_no_forward_pass_no_live_readiness_no_operating_promotion_no_runtime_authority_no_goal_claim,"watch_short_share_below_target(관찰, 숏 비중 목표 미달)",False,False,-138.5930747355
run364BQ_train_broad_clean_short_share_lift_scout_without_db_v1,bq03_high_short_pf_guardrail__h17_20__ps4400__m0950__raw,bq03_high_short_pf_guardrail,bo05_h17_margin_075_105_or_h20_margin_08_10,17|20,0.44,0.095,raw,keep bo05 high synthetic PF as guardrail(bo05 높은 합성 PF를 가드레일로 유지),972.32,1.3865405976,0.9626950495,1010,3.033033033,73.945,14.4168390608,13.1492595848,904,106,0.104950495,53.1683168317,-25.16,0.6298443339,15,-1.6772,53.3333333333,15,11,-37.84,0,0,2,23.29,-18.08,0.8869217054,"entry_hour, p_short, short_margin_vs_long only; no exact month, no outcome-priority, no top_n(진입시점 시간, p_short, 숏-롱 마진만 사용, 정확 월/결과값 우선순위/top_n 없음)",research_development_proxy_scout_only_rule_surface_no_new_model_artifact_no_new_mt5_execution_no_forward_pass_no_live_readiness_no_operating_promotion_no_runtime_authority_no_goal_claim,"watch_short_share_below_target(관찰, 숏 비중 목표 미달)",False,False,-138.5930747355
run364BQ_train_broad_clean_short_share_lift_scout_without_db_v1,bq01_broad_clean_h17_20__h17_20__ps4350__m0950__chronological_no_overlap,bq01_broad_clean_h17_20,bo90_broad_h17_20_ps0440_margin080_control,17|20,0.435,0.095,chronological_no_overlap,expand bo90 clean h17/h20 source(bo90 클린 17/20시 원천 확장),970.89,1.385754466,0.9612821782,1010,3.033033033,73.945,14.4168390608,13.1299614578,904,106,0.104950495,53.1683168317,-28.07,0.6040099897,16,-1.7540625,50.0,16,12,-39.32,0,0,2,23.29,-18.08,0.8673287769,"entry_hour, p_short, short_margin_vs_long only; no exact month, no outcome-priority, no top_n(진입시점 시간, p_short, 숏-롱 마진만 사용, 정확 월/결과값 우선순위/top_n 없음)",research_development_proxy_scout_only_rule_surface_no_new_model_artifact_no_new_mt5_execution_no_forward_pass_no_live_readiness_no_operating_promotion_no_runtime_authority_no_goal_claim,"watch_short_share_below_target(관찰, 숏 비중 목표 미달)",False,False,-138.6257024385
run364BQ_train_broad_clean_short_share_lift_scout_without_db_v1,bq01_broad_clean_h17_20__h17_20__ps4350__m0950__raw,bq01_broad_clean_h17_20,bo90_broad_h17_20_ps0440_margin080_control,17|20,0.435,0.095,raw,expand bo90 clean h17/h20 source(bo90 클린 17/20시 원천 확장),970.89,1.385754466,0.9612821782,1010,3.033033033,73.945,14.4168390608,13.1299614578,904,106,0.104950495,53.1683168317,-28.07,0.6040099897,16,-1.7540625,50.0,16,12,-39.32,0,0,2,23.29,-18.08,0.8673287769,"entry_hour, p_short, short_margin_vs_long only; no exact month, no outcome-priority, no top_n(진입시점 시간, p_short, 숏-롱 마진만 사용, 정확 월/결과값 우선순위/top_n 없음)",research_development_proxy_scout_only_rule_surface_no_new_model_artifact_no_new_mt5_execution_no_forward_pass_no_live_readiness_no_operating_promotion_no_runtime_authority_no_goal_claim,"watch_short_share_below_target(관찰, 숏 비중 목표 미달)",False,False,-141.6257024385
run364BQ_train_broad_clean_short_share_lift_scout_without_db_v1,bq01_broad_clean_h17_20__h17_20__ps4425__m0950__chronological_no_overlap,bq01_broad_clean_h17_20,bo90_broad_h17_20_ps0440_margin080_control,17|20,0.4425,0.095,chronological_no_overlap,expand bo90 clean h17/h20 source(bo90 클린 17/20시 원천 확장),966.14,1.3836719555,0.9565762376,1010,3.033033033,73.945,14.4168390608,13.0656839543,904,106,0.104950495,53.0693069307,-28.64,0.5786422623,14,-2.0455714286,50.0,14,10,-35.14,0,0,2,23.29,-18.08,0.8869217054,"entry_hour, p_short, short_margin_vs_long only; no exact month, no outcome-priority, no top_n(진입시점 시간, p_short, 숏-롱 마진만 사용, 정확 월/결과값 우선순위/top_n 없음)",research_development_proxy_scout_only_rule_surface_no_new_model_artifact_no_new_mt5_execution_no_forward_pass_no_live_readiness_no_operating_promotion_no_runtime_authority_no_goal_claim,"watch_short_share_below_target(관찰, 숏 비중 목표 미달)",False,False,-142.8563135365
run364BQ_train_broad_clean_short_share_lift_scout_without_db_v1,bq03_high_short_pf_guardrail__h17_20__ps4425__m0950__chronological_no_overlap,bq03_high_short_pf_guardrail,bo05_h17_margin_075_105_or_h20_margin_08_10,17|20,0.4425,0.095,chronological_no_overlap,keep bo05 high synthetic PF as guardrail(bo05 높은 합성 PF를 가드레일로 유지),966.14,1.3836719555,0.9565762376,1010,3.033033033,73.945,14.4168390608,13.0656839543,904,106,0.104950495,53.0693069307,-28.64,0.5786422623,14,-2.0455714286,50.0,14,10,-35.14,0,0,2,23.29,-18.08,0.8869217054,"entry_hour, p_short, short_margin_vs_long only; no exact month, no outcome-priority, no top_n(진입시점 시간, p_short, 숏-롱 마진만 사용, 정확 월/결과값 우선순위/top_n 없음)",research_development_proxy_scout_only_rule_surface_no_new_model_artifact_no_new_mt5_execution_no_forward_pass_no_live_readiness_no_operating_promotion_no_runtime_authority_no_goal_claim,"watch_short_share_below_target(관찰, 숏 비중 목표 미달)",False,False,-142.8563135365
run364BQ_train_broad_clean_short_share_lift_scout_without_db_v1,bq01_broad_clean_h17_20__h17_20__ps4425__m0950__raw,bq01_broad_clean_h17_20,bo90_broad_h17_20_ps0440_margin080_control,17|20,0.4425,0.095,raw,expand bo90 clean h17/h20 source(bo90 클린 17/20시 원천 확장),966.14,1.3836719555,0.9565762376,1010,3.033033033,73.945,14.4168390608,13.0656839543,904,106,0.104950495,53.0693069307,-28.64,0.5786422623,14,-2.0455714286,50.0,14,10,-35.14,0,0,2,23.29,-18.08,0.8869217054,"entry_hour, p_short, short_margin_vs_long only; no exact month, no outcome-priority, no top_n(진입시점 시간, p_short, 숏-롱 마진만 사용, 정확 월/결과값 우선순위/top_n 없음)",research_development_proxy_scout_only_rule_surface_no_new_model_artifact_no_new_mt5_execution_no_forward_pass_no_live_readiness_no_operating_promotion_no_runtime_authority_no_goal_claim,"watch_short_share_below_target(관찰, 숏 비중 목표 미달)",False,False,-145.8563135365
run364BQ_train_broad_clean_short_share_lift_scout_without_db_v1,bq03_high_short_pf_guardrail__h17_20__ps4425__m0950__raw,bq03_high_short_pf_guardrail,bo05_h17_margin_075_105_or_h20_margin_08_10,17|20,0.4425,0.095,raw,keep bo05 high synthetic PF as guardrail(bo05 높은 합성 PF를 가드레일로 유지),966.14,1.3836719555,0.9565762376,1010,3.033033033,73.945,14.4168390608,13.0656839543,904,106,0.104950495,53.0693069307,-28.64,0.5786422623,14,-2.0455714286,50.0,14,10,-35.14,0,0,2,23.29,-18.08,0.8869217054,"entry_hour, p_short, short_margin_vs_long only; no exact month, no outcome-priority, no top_n(진입시점 시간, p_short, 숏-롱 마진만 사용, 정확 월/결과값 우선순위/top_n 없음)",research_development_proxy_scout_only_rule_surface_no_new_model_artifact_no_new_mt5_execution_no_forward_pass_no_live_readiness_no_operating_promotion_no_runtime_authority_no_goal_claim,"watch_short_share_below_target(관찰, 숏 비중 목표 미달)",False,False,-145.8563135365
run364BQ_train_broad_clean_short_share_lift_scout_without_db_v1,bq03_high_short_pf_guardrail__h17_20__ps4650__m0950__chronological_no_overlap,bq03_high_short_pf_guardrail,bo05_h17_margin_075_105_or_h20_margin_08_10,17|20,0.465,0.095,chronological_no_overlap,keep bo05 high synthetic PF as guardrail(bo05 높은 합성 PF를 가드레일로 유지),963.14,1.3825863955,0.9545450942,1009,3.03003003,73.945,14.4168390608,13.0250321185,906,103,0.1020812686,53.0227948464,-30.73,0.4278214246,9,-3.4148888889,44.4444444444,9,6,-34.23,0,0,2,23.29,-18.08,0.8869217054,"entry_hour, p_short, short_margin_vs_long only; no exact month, no outcome-priority, no top_n(진입시점 시간, p_short, 숏-롱 마진만 사용, 정확 월/결과값 우선순위/top_n 없음)",research_development_proxy_scout_only_rule_surface_no_new_model_artifact_no_new_mt5_execution_no_forward_pass_no_live_readiness_no_operating_promotion_no_runtime_authority_no_goal_claim,"watch_short_share_below_target(관찰, 숏 비중 목표 미달)",False,False,-158.290549518
run364BQ_train_broad_clean_short_share_lift_scout_without_db_v1,bq03_high_short_pf_guardrail__h17_20__ps4650__m0950__raw,bq03_high_short_pf_guardrail,bo05_h17_margin_075_105_or_h20_margin_08_10,17|20,0.465,0.095,raw,keep bo05 high synthetic PF as guardrail(bo05 높은 합성 PF를 가드레일로 유지),963.14,1.3825863955,0.9545450942,1009,3.03003003,73.945,14.4168390608,13.0250321185,906,103,0.1020812686,53.0227948464,-30.73,0.4278214246,9,-3.4148888889,44.4444444444,9,6,-34.23,0,0,2,23.29,-18.08,0.8869217054,"entry_hour, p_short, short_margin_vs_long only; no exact month, no outcome-priority, no top_n(진입시점 시간, p_short, 숏-롱 마진만 사용, 정확 월/결과값 우선순위/top_n 없음)",research_development_proxy_scout_only_rule_surface_no_new_model_artifact_no_new_mt5_execution_no_forward_pass_no_live_readiness_no_operating_promotion_no_runtime_authority_no_goal_claim,"watch_short_share_below_target(관찰, 숏 비중 목표 미달)",False,False,-161.290549518
run364BQ_train_broad_clean_short_share_lift_scout_without_db_v1,bq02_h16_extension_overlap_safe__h16_17_20__ps4500__m0825__raw,bq02_h16_extension_overlap_safe,bo91_broad_h16_17_20_ps0445_margin080_control,16|17|20,0.45,0.0825,raw,retry bo91 h16 lift with overlap guard(bo91 16시 상승을 겹침 가드로 재시도),993.08,1.384922876,0.9679103314,1026,3.0810810811,77.615,14.8303333829,12.7948978934,904,122,0.1189083821,53.0214424951,-3.47,0.974794123,34,-0.1021764706,44.1176470588,34,18,-41.84,4,0,2,23.29,-18.08,0.8869217054,"entry_hour, p_short, short_margin_vs_long only; no exact month, no outcome-priority, no top_n(진입시점 시간, p_short, 숏-롱 마진만 사용, 정확 월/결과값 우선순위/top_n 없음)",research_development_proxy_scout_only_rule_surface_no_new_model_artifact_no_new_mt5_execution_no_forward_pass_no_live_readiness_no_operating_promotion_no_runtime_authority_no_goal_claim,"rejected_synthetic_overlap(거절, 합성 거래 겹침)",False,False,-420.636211875
run364BQ_train_broad_clean_short_share_lift_scout_without_db_v1,bq02_h16_extension_overlap_safe__h16_17_20__ps4500__m0850__raw,bq02_h16_extension_overlap_safe,bo91_broad_h16_17_20_ps0445_margin080_control,16|17|20,0.45,0.085,raw,retry bo91 h16 lift with overlap guard(bo91 16시 상승을 겹침 가드로 재시도),992.61,1.3847426389,0.9684009756,1025,3.0780780781,77.615,14.8303333829,12.7889067835,904,121,0.1180487805,52.9756097561,-3.94,0.9714202793,33,-0.1193636364,42.4242424242,33,18,-41.84,4,0,2,23.29,-18.08,0.8869217054,"entry_hour, p_short, short_margin_vs_long only; no exact month, no outcome-priority, no top_n(진입시점 시간, p_short, 숏-롱 마진만 사용, 정확 월/결과값 우선순위/top_n 없음)",research_development_proxy_scout_only_rule_surface_no_new_model_artifact_no_new_mt5_execution_no_forward_pass_no_live_readiness_no_operating_promotion_no_runtime_authority_no_goal_claim,"rejected_synthetic_overlap(거절, 합성 거래 겹침)",False,False,-421.1319720755
run364BQ_train_broad_clean_short_share_lift_scout_without_db_v1,bq02_h16_extension_overlap_safe__h16_17_20__ps4500__m0750__raw,bq02_h16_extension_overlap_safe,bo91_broad_h16_17_20_ps0445_margin080_control,16|17|20,0.45,0.075,raw,retry bo91 h16 lift with overlap guard(bo91 16시 상승을 겹침 가드로 재시도),979.64,1.3764481695,0.9511116505,1030,3.0930930931,77.615,14.8303333829,12.6218514462,904,126,0.1223300971,53.0097087379,-11.34,0.9292566172,39,-0.2906410256,46.1538461538,39,19,-36.27,4,0,2,23.29,-18.08,0.8869217054,"entry_hour, p_short, short_margin_vs_long only; no exact month, no outcome-priority, no top_n(진입시점 시간, p_short, 숏-롱 마진만 사용, 정확 월/결과값 우선순위/top_n 없음)",research_development_proxy_scout_only_rule_surface_no_new_model_artifact_no_new_mt5_execution_no_forward_pass_no_live_readiness_no_operating_promotion_no_runtime_authority_no_goal_claim,"rejected_synthetic_overlap(거절, 합성 거래 겹침)",False,False,-429.998643915
run364BQ_train_broad_clean_short_share_lift_scout_without_db_v1,bq02_h16_extension_overlap_safe__h16_17_20__ps4475__m0850__raw,bq02_h16_extension_overlap_safe,bo91_broad_h16_17_20_ps0445_margin080_control,16|17|20,0.4475,0.085,raw,retry bo91 h16 lift with overlap guard(bo91 16시 상승을 겹침 가드로 재시도),991.49,1.384141756,0.9663654971,1026,3.0810810811,77.615,14.8303333829,12.7744765831,904,122,0.1189083821,52.9239766082,-5.06,0.9635899097,34,-0.1487941176,41.1764705882,34,19,-43.24,5,0,2,23.29,-18.08,0.8869217054,"entry_hour, p_short, short_margin_vs_long only; no exact month, no outcome-priority, no top_n(진입시점 시간, p_short, 숏-롱 마진만 사용, 정확 월/결과값 우선순위/top_n 없음)",research_development_proxy_scout_only_rule_surface_no_new_model_artifact_no_new_mt5_execution_no_forward_pass_no_live_readiness_no_operating_promotion_no_runtime_authority_no_goal_claim,"rejected_synthetic_overlap(거절, 합성 거래 겹침)",False,False,-502.3260249385
run364BQ_train_broad_clean_short_share_lift_scout_without_db_v1,bq02_h16_extension_overlap_safe__h16_17_20__ps4450__m0850__raw,bq02_h16_extension_overlap_safe,bo91_broad_h16_17_20_ps0445_margin080_control,16|17|20,0.445,0.085,raw,retry bo91 h16 lift with overlap guard(bo91 16시 상승을 겹침 가드로 재시도),1050.35,1.4061262935,1.0207473275,1029,3.0900900901,71.78,14.8303333829,14.6328921705,904,125,0.1214771623,52.96404276,74.34,1.5156987069,40,1.858475,47.5,40,24,-10.67,7,0,2,23.29,-2.4,0.9849854547,"entry_hour, p_short, short_margin_vs_long only; no exact month, no outcome-priority, no top_n(진입시점 시간, p_short, 숏-롱 마진만 사용, 정확 월/결과값 우선순위/top_n 없음)",research_development_proxy_scout_only_rule_surface_no_new_model_artifact_no_new_mt5_execution_no_forward_pass_no_live_readiness_no_operating_promotion_no_runtime_authority_no_goal_claim,"rejected_synthetic_overlap(거절, 합성 거래 겹침)",False,False,-586.4895648815
run364BQ_train_broad_clean_short_share_lift_scout_without_db_v1,bq02_h16_extension_overlap_safe__h16_17_20__ps4475__m0825__raw,bq02_h16_extension_overlap_safe,bo91_broad_h16_17_20_ps0445_margin080_control,16|17|20,0.4475,0.0825,raw,retry bo91 h16 lift with overlap guard(bo91 16시 상승을 겹침 가드로 재시도),987.02,1.3816811988,0.9601391051,1028,3.0870870871,77.615,14.8303333829,12.716910391,904,124,0.1206225681,52.9182879377,-9.53,0.9337841783,36,-0.2646388889,41.6666666667,36,20,-45.39,6,0,2,23.29,-18.08,0.8869217054,"entry_hour, p_short, short_margin_vs_long only; no exact month, no outcome-priority, no top_n(진입시점 시간, p_short, 숏-롱 마진만 사용, 정확 월/결과값 우선순위/top_n 없음)",research_development_proxy_scout_only_rule_surface_no_new_model_artifact_no_new_mt5_execution_no_forward_pass_no_live_readiness_no_operating_promotion_no_runtime_authority_no_goal_claim,"rejected_synthetic_overlap(거절, 합성 거래 겹침)",False,False,-586.8042075835
run364BQ_train_broad_clean_short_share_lift_scout_without_db_v1,bq02_h16_extension_overlap_safe__h16_17_20__ps4450__m0800__raw,bq02_h16_extension_overlap_safe,bo91_broad_h16_17_20_ps0445_margin080_control,16|17|20,0.445,0.08,raw,retry bo91 h16 lift with overlap guard(bo91 16시 상승을 겹침 가드로 재시도),1067.36,1.4132149882,1.0342655039,1032,3.0990990991,67.67,10.0700814863,15.7730456628,904,128,0.1240310078,53.003875969,85.41,1.5601999121,45,1.8980444444,48.8888888889,45,27,-18.76,8,0,2,23.29,-2.68,0.9787423342,"entry_hour, p_short, short_margin_vs_long only; no exact month, no outcome-priority, no top_n(진입시점 시간, p_short, 숏-롱 마진만 사용, 정확 월/결과값 우선순위/top_n 없음)",research_development_proxy_scout_only_rule_surface_no_new_model_artifact_no_new_mt5_execution_no_forward_pass_no_live_readiness_no_operating_promotion_no_runtime_authority_no_goal_claim,"rejected_synthetic_overlap(거절, 합성 거래 겹침)",False,False,-654.3260985645
run364BQ_train_broad_clean_short_share_lift_scout_without_db_v1,bq02_h16_extension_overlap_safe__h16_17_20__ps4475__m0750__raw,bq02_h16_extension_overlap_safe,bo91_broad_h16_17_20_ps0445_margin080_control,16|17|20,0.4475,0.075,raw,retry bo91 h16 lift with overlap guard(bo91 16시 상승을 겹침 가드로 재시도),988.69,1.3795625034,0.9561818182,1034,3.1051051051,76.365,10.0700814863,12.9469259478,903,131,0.1266924565,52.9013539652,-20.66,0.8859178264,45,-0.4590666667,42.2222222222,45,23,-58.19,7,0,2,23.29,-18.08,0.8869217054,"entry_hour, p_short, short_margin_vs_long only; no exact month, no outcome-priority, no top_n(진입시점 시간, p_short, 숏-롱 마진만 사용, 정확 월/결과값 우선순위/top_n 없음)",research_development_proxy_scout_only_rule_surface_no_new_model_artifact_no_new_mt5_execution_no_forward_pass_no_live_readiness_no_operating_promotion_no_runtime_authority_no_goal_claim,"rejected_synthetic_overlap(거절, 합성 거래 겹침)",False,False,-669.424892156
run364BQ_train_broad_clean_short_share_lift_scout_without_db_v1,bq02_h16_extension_overlap_safe__h16_17_20__ps4450__m0825__raw,bq02_h16_extension_overlap_safe,bo91_broad_h16_17_20_ps0445_margin080_control,16|17|20,0.445,0.0825,raw,retry bo91 h16 lift with overlap guard(bo91 16시 상승을 겹침 가드로 재시도),1045.88,1.4036288276,1.0144335597,1031,3.0960960961,71.78,14.8303333829,14.5706464196,904,127,0.1231813773,52.9582929195,69.87,1.4686655264,42,1.6635952381,47.619047619,42,25,-12.82,8,0,2,23.29,-2.4,0.9849854547,"entry_hour, p_short, short_margin_vs_long only; no exact month, no outcome-priority, no top_n(진입시점 시간, p_short, 숏-롱 마진만 사용, 정확 월/결과값 우선순위/top_n 없음)",research_development_proxy_scout_only_rule_surface_no_new_model_artifact_no_new_mt5_execution_no_forward_pass_no_live_readiness_no_operating_promotion_no_runtime_authority_no_goal_claim,"rejected_synthetic_overlap(거절, 합성 거래 겹침)",False,False,-672.33013965
run364BQ_train_broad_clean_short_share_lift_scout_without_db_v1,bq02_h16_extension_overlap_safe__h16_17_20__ps4400__m0850__raw,bq02_h16_extension_overlap_safe,bo91_broad_h16_17_20_ps0445_margin080_control,16|17|20,0.44,0.085,raw,retry bo91 h16 lift with overlap guard(bo91 16시 상승을 겹침 가드로 재시도),1051.38,1.406142526,1.019771096,1031,3.0960960961,71.78,14.8303333829,14.6473112288,903,128,0.1241513094,52.9582929195,64.14,1.4064196874,44,1.4578181818,45.4545454545,44,26,-21.9,8,0,2,23.29,-2.4,0.9849854547,"entry_hour, p_short, short_margin_vs_long only; no exact month, no outcome-priority, no top_n(진입시점 시간, p_short, 숏-롱 마진만 사용, 정확 월/결과값 우선순위/top_n 없음)",research_development_proxy_scout_only_rule_surface_no_new_model_artifact_no_new_mt5_execution_no_forward_pass_no_live_readiness_no_operating_promotion_no_runtime_authority_no_goal_claim,"rejected_synthetic_overlap(거절, 합성 거래 겹침)",False,False,-675.863709313
run364BQ_train_broad_clean_short_share_lift_scout_without_db_v1,bq02_h16_extension_overlap_safe__h16_17_20__ps4425__m0850__raw,bq02_h16_extension_overlap_safe,bo91_broad_h16_17_20_ps0445_margin080_control,16|17|20,0.4425,0.085,raw,retry bo91 h16 lift with overlap guard(bo91 16시 상승을 겹침 가드로 재시도),1048.89,1.4053329531,1.018338835,1030,3.0930930931,71.78,14.8303333829,14.612552243,903,127,0.1233009709,52.9126213592,64.35,1.4174657134,42,1.5321190476,45.2380952381,42,25,-19.2,8,0,2,23.29,-2.4,0.9849854547,"entry_hour, p_short, short_margin_vs_long only; no exact month, no outcome-priority, no top_n(진입시점 시간, p_short, 숏-롱 마진만 사용, 정확 월/결과값 우선순위/top_n 없음)",research_development_proxy_scout_only_rule_surface_no_new_model_artifact_no_new_mt5_execution_no_forward_pass_no_live_readiness_no_operating_promotion_no_runtime_authority_no_goal_claim,"rejected_synthetic_overlap(거절, 합성 거래 겹침)",False,False,-675.936243704
run364BQ_train_broad_clean_short_share_lift_scout_without_db_v1,bq02_h16_extension_overlap_safe__h16_17_20__ps4425__m0800__raw,bq02_h16_extension_overlap_safe,bo91_broad_h16_17_20_ps0445_margin080_control,16|17|20,0.4425,0.08,raw,retry bo91 h16 lift with overlap guard(bo91 16시 상승을 겹침 가드로 재시도),1068.88,1.4135696783,1.0337350097,1034,3.1051051051,67.67,10.0700814863,15.7955076105,903,131,0.1266924565,52.998065764,78.4,1.4826015499,48,1.633375,47.9166666667,48,28,-27.29,9,0,2,22.75,-3.19,0.9747545471,"entry_hour, p_short, short_margin_vs_long only; no exact month, no outcome-priority, no top_n(진입시점 시간, p_short, 숏-롱 마진만 사용, 정확 월/결과값 우선순위/top_n 없음)",research_development_proxy_scout_only_rule_surface_no_new_model_artifact_no_new_mt5_execution_no_forward_pass_no_live_readiness_no_operating_promotion_no_runtime_authority_no_goal_claim,"rejected_synthetic_overlap(거절, 합성 거래 겹침)",False,False,-740.4825751925
run364BQ_train_broad_clean_short_share_lift_scout_without_db_v1,bq02_h16_extension_overlap_safe__h16_17_20__ps4350__m0850__raw,bq02_h16_extension_overlap_safe,bo91_broad_h16_17_20_ps0445_margin080_control,16|17|20,0.435,0.085,raw,retry bo91 h16 lift with overlap guard(bo91 16시 상승을 겹침 가드로 재시도),1055.5,1.4082439202,1.0217831559,1033,3.1021021021,71.78,14.8303333829,14.7046809696,903,130,0.1258470474,52.9525653437,61.43,1.3805747774,47,1.3070638298,44.6808510638,47,28,-30.21,9,0,2,23.29,-3.15,0.9039117719,"entry_hour, p_short, short_margin_vs_long only; no exact month, no outcome-priority, no top_n(진입시점 시간, p_short, 숏-롱 마진만 사용, 정확 월/결과값 우선순위/top_n 없음)",research_development_proxy_scout_only_rule_surface_no_new_model_artifact_no_new_mt5_execution_no_forward_pass_no_live_readiness_no_operating_promotion_no_runtime_authority_no_goal_claim,"rejected_synthetic_overlap(거절, 합성 거래 겹침)",False,False,-756.242818985
run364BQ_train_broad_clean_short_share_lift_scout_without_db_v1,bq02_h16_extension_overlap_safe__h16_17_20__ps4425__m0825__raw,bq02_h16_extension_overlap_safe,bo91_broad_h16_17_20_ps0445_margin080_control,16|17|20,0.4425,0.0825,raw,retry bo91 h16 lift with overlap guard(bo91 16시 상승을 겹침 가드로 재시도),1044.42,1.4028384031,1.0120358527,1032,3.0990990991,71.78,14.8303333829,14.5503064921,903,129,0.125,52.9069767442,59.88,1.3764325004,44,1.3609318182,45.4545454545,44,26,-21.35,9,0,2,23.29,-2.4,0.9849854547,"entry_hour, p_short, short_margin_vs_long only; no exact month, no outcome-priority, no top_n(진입시점 시간, p_short, 숏-롱 마진만 사용, 정확 월/결과값 우선순위/top_n 없음)",research_development_proxy_scout_only_rule_surface_no_new_model_artifact_no_new_mt5_execution_no_forward_pass_no_live_readiness_no_operating_promotion_no_runtime_authority_no_goal_claim,"rejected_synthetic_overlap(거절, 합성 거래 겹침)",False,False,-761.207615873
run364BQ_train_broad_clean_short_share_lift_scout_without_db_v1,bq02_h16_extension_overlap_safe__h16_17_20__ps4400__m0825__raw,bq02_h16_extension_overlap_safe,bo91_broad_h16_17_20_ps0445_margin080_control,16|17|20,0.44,0.0825,raw,retry bo91 h16 lift with overlap guard(bo91 16시 상승을 겹침 가드로 재시도),1035.72,1.3976148201,1.0016644101,1034,3.1051051051,71.78,14.8303333829,14.4291028142,903,131,0.1266924565,52.9013539652,48.48,1.278698514,47,1.0315106383,44.6808510638,47,27,-24.05,9,0,2,23.29,-11.44,0.7216870987,"entry_hour, p_short, short_margin_vs_long only; no exact month, no outcome-priority, no top_n(진입시점 시간, p_short, 숏-롱 마진만 사용, 정확 월/결과값 우선순위/top_n 없음)",research_development_proxy_scout_only_rule_surface_no_new_model_artifact_no_new_mt5_execution_no_forward_pass_no_live_readiness_no_operating_promotion_no_runtime_authority_no_goal_claim,"rejected_synthetic_overlap(거절, 합성 거래 겹침)",False,False,-773.654786661
run364BQ_train_broad_clean_short_share_lift_scout_without_db_v1,bq02_h16_extension_overlap_safe__h16_17_20__ps4350__m0825__raw,bq02_h16_extension_overlap_safe,bo91_broad_h16_17_20_ps0445_margin080_control,16|17|20,0.435,0.0825,raw,retry bo91 h16 lift with overlap guard(bo91 16시 상승을 겹침 가드로 재시도),1039.84,1.3996925734,1.0037055985,1036,3.1111111111,71.78,14.8303333829,14.486472555,903,133,0.1283783784,52.8957528958,45.77,1.2577852625,50,0.91538,44.0,50,29,-32.36,10,0,2,23.29,-14.35,0.6740271247,"entry_hour, p_short, short_margin_vs_long only; no exact month, no outcome-priority, no top_n(진입시점 시간, p_short, 숏-롱 마진만 사용, 정확 월/결과값 우선순위/top_n 없음)",research_development_proxy_scout_only_rule_surface_no_new_model_artifact_no_new_mt5_execution_no_forward_pass_no_live_readiness_no_operating_promotion_no_runtime_authority_no_goal_claim,"rejected_synthetic_overlap(거절, 합성 거래 겹침)",False,False,-853.5724327325
run364BQ_train_broad_clean_short_share_lift_scout_without_db_v1,bq02_h16_extension_overlap_safe__h16_17_20__ps4350__m0850__chronological_no_overlap,bq02_h16_extension_overlap_safe,bo91_broad_h16_17_20_ps0445_margin080_control,16|17|20,0.435,0.085,chronological_no_overlap,retry bo91 h16 lift with overlap guard(bo91 16시 상승을 겹침 가드로 재시도),1037.82,1.4058950362,1.0125053659,1025,3.0780780781,71.78,14.8303333829,14.45831708,904,121,0.1180487805,52.9756097561,52.28,1.4206367725,38,1.3757368421,44.7368421053,38,19,-25.9,0,0,3,23.29,-2.4,0.9849854547,"entry_hour, p_short, short_margin_vs_long only; no exact month, no outcome-priority, no top_n(진입시점 시간, p_short, 숏-롱 마진만 사용, 정확 월/결과값 우선순위/top_n 없음)",research_development_proxy_scout_only_rule_surface_no_new_model_artifact_no_new_mt5_execution_no_forward_pass_no_live_readiness_no_operating_promotion_no_runtime_authority_no_goal_claim,"watch_short_share_below_target(관찰, 숏 비중 목표 미달)",False,False,-81.7074497345
run364BQ_train_broad_clean_short_share_lift_scout_without_db_v1,bq02_h16_extension_overlap_safe__h16_17_20__ps4450__m0825__chronological_no_overlap,bq02_h16_extension_overlap_safe,bo91_broad_h16_17_20_ps0445_margin080_control,16|17|20,0.445,0.0825,chronological_no_overlap,retry bo91 h16 lift with overlap guard(bo91 16시 상승을 겹침 가드로 재시도),1029.71,1.4020603824,1.0065571848,1023,3.0720720721,71.78,14.8303333829,14.3453329618,904,119,0.1163245357,52.981427175,53.7,1.451365073,34,1.5793529412,47.0588235294,34,17,-16.37,0,0,3,23.29,-2.4,0.9849854547,"entry_hour, p_short, short_margin_vs_long only; no exact month, no outcome-priority, no top_n(진입시점 시간, p_short, 숏-롱 마진만 사용, 정확 월/결과값 우선순위/top_n 없음)",research_development_proxy_scout_only_rule_surface_no_new_model_artifact_no_new_mt5_execution_no_forward_pass_no_live_readiness_no_operating_promotion_no_runtime_authority_no_goal_claim,"watch_short_share_below_target(관찰, 숏 비중 목표 미달)",False,False,-81.949845409
run364BQ_train_broad_clean_short_share_lift_scout_without_db_v1,bq02_h16_extension_overlap_safe__h16_17_20__ps4450__m0850__chronological_no_overlap,bq02_h16_extension_overlap_safe,bo91_broad_h16_17_20_ps0445_margin080_control,16|17|20,0.445,0.085,chronological_no_overlap,retry bo91 h16 lift with overlap guard(bo91 16시 상승을 겹침 가드로 재시도),1029.24,1.4018788182,1.0070870841,1022,3.0690690691,71.78,14.8303333829,14.3388548342,904,118,0.1154598826,52.9354207436,53.23,1.4474564589,33,1.6131212121,45.4545454545,33,17,-16.37,0,0,3,23.29,-2.4,0.9849854547,"entry_hour, p_short, short_margin_vs_long only; no exact month, no outcome-priority, no top_n(진입시점 시간, p_short, 숏-롱 마진만 사용, 정확 월/결과값 우선순위/top_n 없음)",research_development_proxy_scout_only_rule_surface_no_new_model_artifact_no_new_mt5_execution_no_forward_pass_no_live_readiness_no_operating_promotion_no_runtime_authority_no_goal_claim,"watch_short_share_below_target(관찰, 숏 비중 목표 미달)",False,False,-82.4966609465
run364BQ_train_broad_clean_short_share_lift_scout_without_db_v1,bq02_h16_extension_overlap_safe__h16_17_20__ps4425__m0825__chronological_no_overlap,bq02_h16_extension_overlap_safe,bo91_broad_h16_17_20_ps0445_margin080_control,16|17|20,0.4425,0.0825,chronological_no_overlap,retry bo91 h16 lift with overlap guard(bo91 16시 상승을 겹침 가드로 재시도),1028.76,1.4015432336,1.0046513672,1024,3.0750750751,71.78,14.8303333829,14.3321677347,904,120,0.1171875,52.9296875,52.75,1.4399272806,35,1.5072285714,45.7142857143,35,17,-16.37,0,0,3,23.29,-2.4,0.9849854547,"entry_hour, p_short, short_margin_vs_long only; no exact month, no outcome-priority, no top_n(진입시점 시간, p_short, 숏-롱 마진만 사용, 정확 월/결과값 우선순위/top_n 없음)",research_development_proxy_scout_only_rule_surface_no_new_model_artifact_no_new_mt5_execution_no_forward_pass_no_live_readiness_no_operating_promotion_no_runtime_authority_no_goal_claim,"watch_short_share_below_target(관찰, 숏 비중 목표 미달)",False,False,-83.419693959
run364BQ_train_broad_clean_short_share_lift_scout_without_db_v1,bq02_h16_extension_overlap_safe__h16_17_20__ps4425__m0850__chronological_no_overlap,bq02_h16_extension_overlap_safe,bo91_broad_h16_17_20_ps0445_margin080_control,16|17|20,0.4425,0.085,chronological_no_overlap,retry bo91 h16 lift with overlap guard(bo91 16시 상승을 겹침 가드로 재시도),1028.3,1.4013617364,1.0051788856,1023,3.0720720721,71.78,14.8303333829,14.3256896071,904,119,0.1163245357,52.8836754643,52.29,1.4360494692,34,1.5378823529,44.1176470588,34,17,-16.37,0,0,3,23.29,-2.4,0.9849854547,"entry_hour, p_short, short_margin_vs_long only; no exact month, no outcome-priority, no top_n(진입시점 시간, p_short, 숏-롱 마진만 사용, 정확 월/결과값 우선순위/top_n 없음)",research_development_proxy_scout_only_rule_surface_no_new_model_artifact_no_new_mt5_execution_no_forward_pass_no_live_readiness_no_operating_promotion_no_runtime_authority_no_goal_claim,"watch_short_share_below_target(관찰, 숏 비중 목표 미달)",False,False,-83.96057051
run364BQ_train_broad_clean_short_share_lift_scout_without_db_v1,bq02_h16_extension_overlap_safe__h16_17_20__ps4400__m0850__chronological_no_overlap,bq02_h16_extension_overlap_safe,bo91_broad_h16_17_20_ps0445_margin080_control,16|17|20,0.44,0.085,chronological_no_overlap,retry bo91 h16 lift with overlap guard(bo91 16시 상승을 겹침 가드로 재시도),1030.79,1.402180953,1.0066337891,1024,3.0750750751,71.78,14.8303333829,14.3604485929,904,120,0.1171875,52.9296875,52.08,1.4213903138,36,1.44675,44.4444444444,36,18,-19.07,0,0,3,23.29,-2.4,0.9849854547,"entry_hour, p_short, short_margin_vs_long only; no exact month, no outcome-priority, no top_n(진입시점 시간, p_short, 숏-롱 마진만 사용, 정확 월/결과값 우선순위/top_n 없음)",research_development_proxy_scout_only_rule_surface_no_new_model_artifact_no_new_mt5_execution_no_forward_pass_no_live_readiness_no_operating_promotion_no_runtime_authority_no_goal_claim,"watch_short_share_below_target(관찰, 숏 비중 목표 미달)",False,False,-84.450539119
run364BQ_train_broad_clean_short_share_lift_scout_without_db_v1,bq05_extreme_multi_hour_overlap_guard__h16_17_18_20__ps4450__m0850__chronological_no_overlap,bq05_extreme_multi_hour_overlap_guard,bo91_extreme_overlap_guard,16|17|18|20,0.445,0.085,chronological_no_overlap,extreme broad hours with chronological guard(시간순 가드가 있는 극단 넓은 시간),1020.52,1.3969111038,0.9956253659,1025,3.0780780781,71.78,14.8303333829,14.217275007,904,121,0.1180487805,52.8780487805,44.51,1.3449141706,36,1.2362777778,44.4444444444,36,17,-16.37,0,0,3,23.29,-11.01,0.9346412989,"entry_hour, p_short, short_margin_vs_long only; no exact month, no outcome-priority, no top_n(진입시점 시간, p_short, 숏-롱 마진만 사용, 정확 월/결과값 우선순위/top_n 없음)",research_development_proxy_scout_only_rule_surface_no_new_model_artifact_no_new_mt5_execution_no_forward_pass_no_live_readiness_no_operating_promotion_no_runtime_authority_no_goal_claim,"watch_short_share_below_target(관찰, 숏 비중 목표 미달)",False,False,-95.798044071
run364BQ_train_broad_clean_short_share_lift_scout_without_db_v1,bq02_h16_extension_overlap_safe__h16_17_20__ps4350__m0825__chronological_no_overlap,bq02_h16_extension_overlap_safe,bo91_broad_h16_17_20_ps0445_margin080_control,16|17|20,0.435,0.0825,chronological_no_overlap,retry bo91 h16 lift with overlap guard(bo91 16시 상승을 겹침 가드로 재시도),1027.09,1.3999473532,1.0000856865,1027,3.0840840841,71.78,14.8303333829,14.3088325439,904,123,0.1197663096,52.9698149951,41.55,1.3066770989,40,1.0387,45.0,40,19,-25.9,0,0,3,23.29,-11.44,0.7216870987,"entry_hour, p_short, short_margin_vs_long only; no exact month, no outcome-priority, no top_n(진입시점 시간, p_short, 숏-롱 마진만 사용, 정확 월/결과값 우선순위/top_n 없음)",research_development_proxy_scout_only_rule_surface_no_new_model_artifact_no_new_mt5_execution_no_forward_pass_no_live_readiness_no_operating_promotion_no_runtime_authority_no_goal_claim,"watch_short_share_below_target(관찰, 숏 비중 목표 미달)",False,False,-96.8826784965
run364BQ_train_broad_clean_short_share_lift_scout_without_db_v1,bq02_h16_extension_overlap_safe__h16_17_20__ps4400__m0825__chronological_no_overlap,bq02_h16_extension_overlap_safe,bo91_broad_h16_17_20_ps0445_margin080_control,16|17|20,0.44,0.0825,chronological_no_overlap,retry bo91 h16 lift with overlap guard(bo91 16시 상승을 겹침 가드로 재시도),1020.06,1.3962636202,0.9942134503,1026,3.0810810811,71.78,14.8303333829,14.2109640568,904,122,0.1189083821,52.9239766082,41.35,1.3067889282,38,1.0882368421,44.7368421053,38,18,-19.07,0,0,3,23.29,-11.44,0.7216870987,"entry_hour, p_short, short_margin_vs_long only; no exact month, no outcome-priority, no top_n(진입시점 시간, p_short, 숏-롱 마진만 사용, 정확 월/결과값 우선순위/top_n 없음)",research_development_proxy_scout_only_rule_surface_no_new_model_artifact_no_new_mt5_execution_no_forward_pass_no_live_readiness_no_operating_promotion_no_runtime_authority_no_goal_claim,"watch_short_share_below_target(관찰, 숏 비중 목표 미달)",False,False,-99.680963983
run364BQ_train_broad_clean_short_share_lift_scout_without_db_v1,bq06_h16_h19_bridge_overlap_guard__h16_17_19_20__ps4350__m0800__chronological_no_overlap,bq06_h16_h19_bridge_overlap_guard,bo91_plus_h19_overlap_guard,16|17|19|20,0.435,0.08,chronological_no_overlap,combine h16 and h19 lift without synthetic overlap(16/19시 상승을 합성 겹침 없이 결합),1038.37,1.4019175277,1.00131919,1037,3.1141141141,67.67,12.4837930252,15.3445840106,904,133,0.1282545805,52.7483124397,27.18,1.147798896,56,0.4853214286,41.0714285714,56,25,-51.55,0,0,3,21.89,-4.79,0.8832353587,"entry_hour, p_short, short_margin_vs_long only; no exact month, no outcome-priority, no top_n(진입시점 시간, p_short, 숏-롱 마진만 사용, 정확 월/결과값 우선순위/top_n 없음)",research_development_proxy_scout_only_rule_surface_no_new_model_artifact_no_new_mt5_execution_no_forward_pass_no_live_readiness_no_operating_promotion_no_runtime_authority_no_goal_claim,"rejected_short_source_pf_below_1_15(거절, 숏 원천 PF 1.15 미만)",False,False,-105.249583687
run364BQ_train_broad_clean_short_share_lift_scout_without_db_v1,bq06_h16_h19_bridge_overlap_guard__h16_17_19_20__ps4400__m0750__chronological_no_overlap,bq06_h16_h19_bridge_overlap_guard,bo91_plus_h19_overlap_guard,16|17|19|20,0.44,0.075,chronological_no_overlap,combine h16 and h19 lift without synthetic overlap(16/19시 상승을 합성 겹침 없이 결합),1026.0,1.390929008,0.9865394231,1040,3.1231231231,67.67,12.4837930252,15.1618294665,904,136,0.1307692308,52.6923076923,21.64,1.0992524307,58,0.3731206897,41.3793103448,58,24,-44.72,0,0,3,21.89,-4.71,0.8952855142,"entry_hour, p_short, short_margin_vs_long only; no exact month, no outcome-priority, no top_n(진입시점 시간, p_short, 숏-롱 마진만 사용, 정확 월/결과값 우선순위/top_n 없음)",research_development_proxy_scout_only_rule_surface_no_new_model_artifact_no_new_mt5_execution_no_forward_pass_no_live_readiness_no_operating_promotion_no_runtime_authority_no_goal_claim,"rejected_short_source_pf_below_1_15(거절, 숏 원천 PF 1.15 미만)",False,False,-115.0065075555
run364BQ_train_broad_clean_short_share_lift_scout_without_db_v1,bq06_h16_h19_bridge_overlap_guard__h16_17_19_20__ps4350__m0750__chronological_no_overlap,bq06_h16_h19_bridge_overlap_guard,bo91_plus_h19_overlap_guard,16|17|19|20,0.435,0.075,chronological_no_overlap,combine h16 and h19 lift without synthetic overlap(16/19시 상승을 합성 겹침 없이 결합),1027.03,1.391342767,0.9837442529,1044,3.1351351351,67.67,12.4837930252,15.1770208364,904,140,0.1340996169,52.5862068966,15.84,1.0704826408,63,0.2514126984,39.6825396825,63,25,-51.55,0,0,3,21.89,-10.71,0.7899815636,"entry_hour, p_short, short_margin_vs_long only; no exact month, no outcome-priority, no top_n(진입시점 시간, p_short, 숏-롱 마진만 사용, 정확 월/결과값 우선순위/top_n 없음)",research_development_proxy_scout_only_rule_surface_no_new_model_artifact_no_new_mt5_execution_no_forward_pass_no_live_readiness_no_operating_promotion_no_runtime_authority_no_goal_claim,"rejected_short_source_pf_below_1_15(거절, 숏 원천 PF 1.15 미만)",False,False,-116.486123
run364BQ_train_broad_clean_short_share_lift_scout_without_db_v1,bq05_extreme_multi_hour_overlap_guard__h16_17_18_20__ps4350__m0750__chronological_no_overlap,bq05_extreme_multi_hour_overlap_guard,bo91_extreme_overlap_guard,16|17|18|20,0.435,0.075,chronological_no_overlap,extreme broad hours with chronological guard(시간순 가드가 있는 극단 넓은 시간),1003.13,1.3817756188,0.9645509615,1040,3.1231231231,70.55,10.1364002672,14.2187526577,902,138,0.1326923077,52.6923076923,18.13,1.0839195468,59,0.3073389831,42.3728813559,59,25,-25.36,0,0,3,8.09,-22.25,0.6151570717,"entry_hour, p_short, short_margin_vs_long only; no exact month, no outcome-priority, no top_n(진입시점 시간, p_short, 숏-롱 마진만 사용, 정확 월/결과값 우선순위/top_n 없음)",research_development_proxy_scout_only_rule_surface_no_new_model_artifact_no_new_mt5_execution_no_forward_pass_no_live_readiness_no_operating_promotion_no_runtime_authority_no_goal_claim,"rejected_short_source_pf_below_1_15(거절, 숏 원천 PF 1.15 미만)",False,False,-125.13927548
run364BQ_train_broad_clean_short_share_lift_scout_without_db_v1,bq05_extreme_multi_hour_overlap_guard__h16_17_18_20__ps4400__m0750__chronological_no_overlap,bq05_extreme_multi_hour_overlap_guard,bo91_extreme_overlap_guard,16|17|18|20,0.44,0.075,chronological_no_overlap,extreme broad hours with chronological guard(시간순 가드가 있는 극단 넓은 시간),988.58,1.3753504995,0.9514687199,1039,3.1201201201,70.55,10.1364002672,14.0124167257,902,137,0.1318575553,52.5505293551,0.07,1.0003064195,55,0.0012,40.0,55,22,-28.87,0,0,3,8.09,-22.25,0.6151570717,"entry_hour, p_short, short_margin_vs_long only; no exact month, no outcome-priority, no top_n(진입시점 시간, p_short, 숏-롱 마진만 사용, 정확 월/결과값 우선순위/top_n 없음)",research_development_proxy_scout_only_rule_surface_no_new_model_artifact_no_new_mt5_execution_no_forward_pass_no_live_readiness_no_operating_promotion_no_runtime_authority_no_goal_claim,"rejected_short_source_pf_below_1_15(거절, 숏 원천 PF 1.15 미만)",False,False,-138.8853308645
run364BQ_train_broad_clean_short_share_lift_scout_without_db_v1,bq02_h16_extension_overlap_safe__h16_17_20__ps4475__m0825__chronological_no_overlap,bq02_h16_extension_overlap_safe,bo91_broad_h16_17_20_ps0445_margin080_control,16|17|20,0.4475,0.0825,chronological_no_overlap,retry bo91 h16 lift with overlap guard(bo91 16시 상승을 겹침 가드로 재시도),991.56,1.3871643113,0.9702133072,1022,3.0690690691,77.615,14.8303333829,12.7753398183,904,118,0.1154598826,52.9354207436,-4.99,0.9580391366,30,-0.1664,40.0,30,14,-36.91,0,0,3,23.29,-18.08,0.8869217054,"entry_hour, p_short, short_margin_vs_long only; no exact month, no outcome-priority, no top_n(진입시점 시간, p_short, 숏-롱 마진만 사용, 정확 월/결과값 우선순위/top_n 없음)",research_development_proxy_scout_only_rule_surface_no_new_model_artifact_no_new_mt5_execution_no_forward_pass_no_live_readiness_no_operating_promotion_no_runtime_authority_no_goal_claim,"watch_short_share_below_target(관찰, 숏 비중 목표 미달)",False,False,-144.258062876
run364BQ_train_broad_clean_short_share_lift_scout_without_db_v1,bq02_h16_extension_overlap_safe__h16_17_20__ps4500__m0825__chronological_no_overlap,bq02_h16_extension_overlap_safe,bo91_broad_h16_17_20_ps0445_margin080_control,16|17|20,0.45,0.0825,chronological_no_overlap,retry bo91 h16 lift with overlap guard(bo91 16시 상승을 겹침 가드로 재시도),991.56,1.3871643113,0.9702133072,1022,3.0690690691,77.615,14.8303333829,12.7753398183,904,118,0.1154598826,52.9354207436,-4.99,0.9580391366,30,-0.1664,40.0,30,14,-36.91,0,0,3,23.29,-18.08,0.8869217054,"entry_hour, p_short, short_margin_vs_long only; no exact month, no outcome-priority, no top_n(진입시점 시간, p_short, 숏-롱 마진만 사용, 정확 월/결과값 우선순위/top_n 없음)",research_development_proxy_scout_only_rule_surface_no_new_model_artifact_no_new_mt5_execution_no_forward_pass_no_live_readiness_no_operating_promotion_no_runtime_authority_no_goal_claim,"watch_short_share_below_target(관찰, 숏 비중 목표 미달)",False,False,-144.258062876
run364BQ_train_broad_clean_short_share_lift_scout_without_db_v1,bq02_h16_extension_overlap_safe__h16_17_20__ps4475__m0850__chronological_no_overlap,bq02_h16_extension_overlap_safe,bo91_broad_h16_17_20_ps0445_margin080_control,16|17|20,0.4475,0.085,chronological_no_overlap,retry bo91 h16 lift with overlap guard(bo91 16시 상승을 겹침 가드로 재시도),991.09,1.3869827471,0.9707081293,1021,3.0660660661,77.615,14.8303333829,12.7693487084,904,117,0.1145935357,52.889324192,-5.46,0.9541305225,29,-0.1881724138,37.9310344828,29,14,-36.91,0,0,3,23.29,-18.08,0.8869217054,"entry_hour, p_short, short_margin_vs_long only; no exact month, no outcome-priority, no top_n(진입시점 시간, p_short, 숏-롱 마진만 사용, 정확 월/결과값 우선순위/top_n 없음)",research_development_proxy_scout_only_rule_surface_no_new_model_artifact_no_new_mt5_execution_no_forward_pass_no_live_readiness_no_operating_promotion_no_runtime_authority_no_goal_claim,"watch_short_share_below_target(관찰, 숏 비중 목표 미달)",False,False,-144.8048784135
run364BQ_train_broad_clean_short_share_lift_scout_without_db_v1,bq02_h16_extension_overlap_safe__h16_17_20__ps4500__m0850__chronological_no_overlap,bq02_h16_extension_overlap_safe,bo91_broad_h16_17_20_ps0445_margin080_control,16|17|20,0.45,0.085,chronological_no_overlap,retry bo91 h16 lift with overlap guard(bo91 16시 상승을 겹침 가드로 재시도),991.09,1.3869827471,0.9707081293,1021,3.0660660661,77.615,14.8303333829,12.7693487084,904,117,0.1145935357,52.889324192,-5.46,0.9541305225,29,-0.1881724138,37.9310344828,29,14,-36.91,0,0,3,23.29,-18.08,0.8869217054,"entry_hour, p_short, short_margin_vs_long only; no exact month, no outcome-priority, no top_n(진입시점 시간, p_short, 숏-롱 마진만 사용, 정확 월/결과값 우선순위/top_n 없음)",research_development_proxy_scout_only_rule_surface_no_new_model_artifact_no_new_mt5_execution_no_forward_pass_no_live_readiness_no_operating_promotion_no_runtime_authority_no_goal_claim,"watch_short_share_below_target(관찰, 숏 비중 목표 미달)",False,False,-144.8048784135
run364BQ_train_broad_clean_short_share_lift_scout_without_db_v1,bq02_h16_extension_overlap_safe__h16_17_20__ps4475__m0750__chronological_no_overlap,bq02_h16_extension_overlap_safe,bo91_broad_h16_17_20_ps0445_margin080_control,16|17|20,0.4475,0.075,chronological_no_overlap,retry bo91 h16 lift with overlap guard(bo91 16시 상승을 겹침 가드로 재시도),991.98,1.3843144168,0.9649581712,1028,3.0870870871,77.615,10.0700814863,12.7807382594,904,124,0.1206225681,52.9182879377,-10.51,0.930174017,38,-0.2766578947,42.1052631579,38,16,-42.85,0,0,3,23.29,-18.08,0.8869217054,"entry_hour, p_short, short_margin_vs_long only; no exact month, no outcome-priority, no top_n(진입시점 시간, p_short, 숏-롱 마진만 사용, 정확 월/결과값 우선순위/top_n 없음)",research_development_proxy_scout_only_rule_surface_no_new_model_artifact_no_new_mt5_execution_no_forward_pass_no_live_readiness_no_operating_promotion_no_runtime_authority_no_goal_claim,"rejected_short_source_pf_below_1_15(거절, 숏 원천 PF 1.15 미만)",False,False,-147.158861487
run364BQ_train_broad_clean_short_share_lift_scout_without_db_v1,bq02_h16_extension_overlap_safe__h16_17_20__ps4500__m0750__chronological_no_overlap,bq02_h16_extension_overlap_safe,bo91_broad_h16_17_20_ps0445_margin080_control,16|17|20,0.45,0.075,chronological_no_overlap,retry bo91 h16 lift with overlap guard(bo91 16시 상승을 겹침 가드로 재시도),978.13,1.3786083113,0.9533401559,1026,3.0810810811,77.615,14.8303333829,12.6022933711,904,122,0.1189083821,52.9239766082,-12.85,0.9090825493,35,-0.3672285714,42.8571428571,35,15,-31.34,0,0,3,23.29,-18.08,0.8869217054,"entry_hour, p_short, short_margin_vs_long only; no exact month, no outcome-priority, no top_n(진입시점 시간, p_short, 숏-롱 마진만 사용, 정확 월/결과값 우선순위/top_n 없음)",research_development_proxy_scout_only_rule_surface_no_new_model_artifact_no_new_mt5_execution_no_forward_pass_no_live_readiness_no_operating_promotion_no_runtime_authority_no_goal_claim,"watch_short_share_below_target(관찰, 숏 비중 목표 미달)",False,False,-154.5635786695
run364BQ_train_broad_clean_short_share_lift_scout_without_db_v1,bq02_h16_extension_overlap_safe__h16_17_20__ps4400__m0800__raw,bq02_h16_extension_overlap_safe,bo91_broad_h16_17_20_ps0445_margin080_control,16|17|20,0.44,0.08,raw,retry bo91 h16 lift with overlap guard(bo91 16시 상승을 겹침 가드로 재시도),1060.18,1.4082794093,1.0233416988,1036,3.1111111111,67.67,10.0700814863,15.6669425151,903,133,0.1283783784,52.9922779923,67.0,1.3778230149,51,1.3137647059,47.0588235294,51,29,-29.99,9,0,3,22.75,-9.62,0.7660293831,"entry_hour, p_short, short_margin_vs_long only; no exact month, no outcome-priority, no top_n(진입시점 시간, p_short, 숏-롱 마진만 사용, 정확 월/결과값 우선순위/top_n 없음)",research_development_proxy_scout_only_rule_surface_no_new_model_artifact_no_new_mt5_execution_no_forward_pass_no_live_readiness_no_operating_promotion_no_runtime_authority_no_goal_claim,"rejected_synthetic_overlap(거절, 합성 거래 겹침)",False,False,-798.6133474335
run364BQ_train_broad_clean_short_share_lift_scout_without_db_v1,bq02_h16_extension_overlap_safe__h16_17_20__ps4450__m0750__raw,bq02_h16_extension_overlap_safe,bo91_broad_h16_17_20_ps0445_margin080_control,16|17|20,0.445,0.075,raw,retry bo91 h16 lift with overlap guard(bo91 16시 상승을 겹침 가드로 재시도),1064.18,1.4072010925,1.0242377286,1039,3.1201201201,67.67,10.0700814863,15.7260676814,903,136,0.1308950914,52.9355149182,75.37,1.3973922992,53,1.4221320755,47.1698113208,53,29,-14.8,10,0,3,23.29,-4.35,0.89111913,"entry_hour, p_short, short_margin_vs_long only; no exact month, no outcome-priority, no top_n(진입시점 시간, p_short, 숏-롱 마진만 사용, 정확 월/결과값 우선순위/top_n 없음)",research_development_proxy_scout_only_rule_surface_no_new_model_artifact_no_new_mt5_execution_no_forward_pass_no_live_readiness_no_operating_promotion_no_runtime_authority_no_goal_claim,"rejected_synthetic_overlap(거절, 합성 거래 겹침)",False,False,-875.104800237
run364BQ_train_broad_clean_short_share_lift_scout_without_db_v1,bq02_h16_extension_overlap_safe__h16_17_20__ps4425__m0750__raw,bq02_h16_extension_overlap_safe,bo91_broad_h16_17_20_ps0445_margin080_control,16|17|20,0.4425,0.075,raw,retry bo91 h16 lift with overlap guard(bo91 16시 상승을 겹침 가드로 재시도),1065.7,1.4075550247,1.0237300672,1041,3.1261261261,67.67,10.0700814863,15.7485296291,902,139,0.1335254563,52.9298751201,68.36,1.3423987899,56,1.2207678571,46.4285714286,56,30,-23.33,12,0,3,22.75,-4.35,0.89111913,"entry_hour, p_short, short_margin_vs_long only; no exact month, no outcome-priority, no top_n(진입시점 시간, p_short, 숏-롱 마진만 사용, 정확 월/결과값 우선순위/top_n 없음)",research_development_proxy_scout_only_rule_surface_no_new_model_artifact_no_new_mt5_execution_no_forward_pass_no_live_readiness_no_operating_promotion_no_runtime_authority_no_goal_claim,"rejected_synthetic_overlap(거절, 합성 거래 겹침)",False,False,-1039.1220416285
run364BQ_train_broad_clean_short_share_lift_scout_without_db_v1,bq02_h16_extension_overlap_safe__h16_17_20__ps4400__m0750__raw,bq02_h16_extension_overlap_safe,bo91_broad_h16_17_20_ps0445_margin080_control,16|17|20,0.44,0.075,raw,retry bo91 h16 lift with overlap guard(bo91 16시 상승을 겹침 가드로 재시도),1057.0,1.4023537437,1.0134256951,1043,3.1321321321,67.67,10.0700814863,15.6199645338,902,141,0.1351869607,52.9242569511,56.96,1.2655134964,59,0.9654745763,45.7627118644,59,31,-26.03,12,0,3,22.75,-15.54,0.6958963621,"entry_hour, p_short, short_margin_vs_long only; no exact month, no outcome-priority, no top_n(진입시점 시간, p_short, 숏-롱 마진만 사용, 정확 월/결과값 우선순위/top_n 없음)",research_development_proxy_scout_only_rule_surface_no_new_model_artifact_no_new_mt5_execution_no_forward_pass_no_live_readiness_no_operating_promotion_no_runtime_authority_no_goal_claim,"rejected_synthetic_overlap(거절, 합성 거래 겹침)",False,False,-1049.592396757
run364BQ_train_broad_clean_short_share_lift_scout_without_db_v1,bq02_h16_extension_overlap_safe__h16_17_20__ps4350__m0800__raw,bq02_h16_extension_overlap_safe,bo91_broad_h16_17_20_ps0445_margin080_control,16|17|20,0.435,0.08,raw,retry bo91 h16 lift with overlap guard(bo91 16시 상승을 겹침 가드로 재시도),1049.38,1.4020148534,1.0090240385,1040,3.1231231231,67.67,10.0700814863,15.5073887986,903,137,0.1317307692,52.9807692308,49.38,1.2496536451,56,0.8816964286,46.4285714286,56,32,-39.7,12,0,4,7.84,-12.53,0.7154410595,"entry_hour, p_short, short_margin_vs_long only; no exact month, no outcome-priority, no top_n(진입시점 시간, p_short, 숏-롱 마진만 사용, 정확 월/결과값 우선순위/top_n 없음)",research_development_proxy_scout_only_rule_surface_no_new_model_artifact_no_new_mt5_execution_no_forward_pass_no_live_readiness_no_operating_promotion_no_runtime_authority_no_goal_claim,"rejected_synthetic_overlap(거절, 합성 거래 겹침)",False,False,-1099.3480815775
run364BQ_train_broad_clean_short_share_lift_scout_without_db_v1,bq02_h16_extension_overlap_safe__h16_17_20__ps4350__m0750__raw,bq02_h16_extension_overlap_safe,bo91_broad_h16_17_20_ps0445_margin080_control,16|17|20,0.435,0.075,raw,retry bo91 h16 lift with overlap guard(bo91 16시 상승을 겹침 가드로 재시도),1052.25,1.3984797717,1.0040534351,1048,3.1471471471,67.67,10.0700814863,15.5496970593,902,146,0.1393129771,52.9580152672,45.38,1.193117595,65,0.6981230769,46.1538461538,65,35,-37.89,16,0,4,7.84,-18.45,0.6584394904,"entry_hour, p_short, short_margin_vs_long only; no exact month, no outcome-priority, no top_n(진입시점 시간, p_short, 숏-롱 마진만 사용, 정확 월/결과값 우선순위/top_n 없음)",research_development_proxy_scout_only_rule_surface_no_new_model_artifact_no_new_mt5_execution_no_forward_pass_no_live_readiness_no_operating_promotion_no_runtime_authority_no_goal_claim,"rejected_synthetic_overlap(거절, 합성 거래 겹침)",False,False,-1422.558297806
