record_view,candidate_id,candidate_alias,candidate_role,test_id,test_type,materialization_boundary,route_role,axis,bucket,trade_count,net_profit,gross_profit,gross_loss,profit_factor,expectancy,win_rate,avg_win,avg_loss,payoff_ratio,closed_balance_max_drawdown,closed_balance_max_drawdown_percent,longest_underwater_trades,underwater_trade_share,max_losing_streak,recovery_factor_closed,slice_read
mt5_ta_s258_stc_redzone_monday_dd_historical_2024,s258_short_tight_control,s258_stc,stress_challenger,redzone_monday_dd_pressure,redzone_monday_dd_pressure,Tier A and duplicate-boundary Tier A+B inputs are materialized; true Tier B fallback and actual routed total remain outside this run,tier_a_only,month,2024-01,25,64.87,127.77,-62.9,2.03132,2.5948,0.52,9.828462,-5.241667,1.875064,41.79,7.938227,18,0.72,4,1.552285,measured_slice(측정 구간)
mt5_ta_s258_stc_redzone_monday_dd_historical_2024,s258_short_tight_control,s258_stc,stress_challenger,redzone_monday_dd_pressure,redzone_monday_dd_pressure,Tier A and duplicate-boundary Tier A+B inputs are materialized; true Tier B fallback and actual routed total remain outside this run,tier_a_only,month,2024-02,25,332.58,375.85,-43.27,8.686157,13.3032,0.84,17.897619,-10.8175,1.654506,23.71,2.954517,2,0.24,1,14.026993,measured_slice(측정 구간)
mt5_ta_s258_stc_redzone_monday_dd_historical_2024,s258_short_tight_control,s258_stc,stress_challenger,redzone_monday_dd_pressure,redzone_monday_dd_pressure,Tier A and duplicate-boundary Tier A+B inputs are materialized; true Tier B fallback and actual routed total remain outside this run,tier_a_only,month,2024-03,25,106.93,211.13,-104.2,2.0262,4.2772,0.44,19.193636,-7.442857,2.5788,33.29,6.658,6,0.64,3,3.212076,measured_slice(측정 구간)
mt5_ta_s258_stc_redzone_monday_dd_historical_2024,s258_short_tight_control,s258_stc,stress_challenger,redzone_monday_dd_pressure,redzone_monday_dd_pressure,Tier A and duplicate-boundary Tier A+B inputs are materialized; true Tier B fallback and actual routed total remain outside this run,tier_a_only,month,2024-04,57,148.82,483.67,-334.85,1.444438,2.610877,0.508772,16.678276,-11.958929,1.39463,112.91,15.265328,27,0.807018,6,1.318041,measured_slice(측정 구간)
mt5_ta_s258_stc_redzone_monday_dd_historical_2024,s258_short_tight_control,s258_stc,stress_challenger,redzone_monday_dd_pressure,redzone_monday_dd_pressure,Tier A and duplicate-boundary Tier A+B inputs are materialized; true Tier B fallback and actual routed total remain outside this run,tier_a_only,month,2024-05,22,278.37,361.14,-82.77,4.363175,12.653182,0.636364,25.795714,-10.34625,2.493243,33.28,4.934391,3,0.454545,3,8.364483,measured_slice(측정 구간)
mt5_ta_s258_stc_redzone_monday_dd_historical_2024,s258_short_tight_control,s258_stc,stress_challenger,redzone_monday_dd_pressure,redzone_monday_dd_pressure,Tier A and duplicate-boundary Tier A+B inputs are materialized; true Tier B fallback and actual routed total remain outside this run,tier_a_only,month,2024-06,25,9.05,371.92,-362.87,1.02494,0.362,0.52,28.609231,-30.239167,0.946099,141.73,22.545854,7,0.72,5,0.063854,measured_slice(측정 구간)
mt5_ta_s258_stc_redzone_monday_dd_historical_2024,s258_short_tight_control,s258_stc,stress_challenger,redzone_monday_dd_pressure,redzone_monday_dd_pressure,Tier A and duplicate-boundary Tier A+B inputs are materialized; true Tier B fallback and actual routed total remain outside this run,tier_a_only,month,2024-07,64,-113.17,581.11,-694.28,0.836997,-1.768281,0.46875,19.370333,-20.42,0.948596,218.01,38.73048,27,0.890625,4,-0.519105,deep_negative_or_dd_slice(깊은 음수 또는 손실폭 구간)
mt5_ta_s258_stc_redzone_monday_dd_historical_2024,s258_short_tight_control,s258_stc,stress_challenger,redzone_monday_dd_pressure,redzone_monday_dd_pressure,Tier A and duplicate-boundary Tier A+B inputs are materialized; true Tier B fallback and actual routed total remain outside this run,tier_a_only,month,2024-08,82,96.34,833.99,-737.65,1.130604,1.174878,0.5,20.34122,-17.991463,1.130604,163.48,26.06422,22,0.853659,5,0.589308,measured_slice(측정 구간)
mt5_ta_s258_stc_redzone_monday_dd_historical_2024,s258_short_tight_control,s258_stc,stress_challenger,redzone_monday_dd_pressure,redzone_monday_dd_pressure,Tier A and duplicate-boundary Tier A+B inputs are materialized; true Tier B fallback and actual routed total remain outside this run,tier_a_only,month,2024-09,54,181.88,654.61,-472.73,1.384744,3.368148,0.537037,22.572759,-18.9092,1.193745,250.25,33.57393,27,0.833333,6,0.726793,deep_negative_or_dd_slice(깊은 음수 또는 손실폭 구간)
mt5_ta_s258_stc_redzone_monday_dd_historical_2024,s258_short_tight_control,s258_stc,stress_challenger,redzone_monday_dd_pressure,redzone_monday_dd_pressure,Tier A and duplicate-boundary Tier A+B inputs are materialized; true Tier B fallback and actual routed total remain outside this run,tier_a_only,month,2024-10,45,558.39,944.73,-386.34,2.445333,12.408667,0.622222,33.740357,-22.725882,1.484667,106.23,10.851533,18,0.688889,3,5.256425,measured_slice(측정 구간)
mt5_ta_s258_stc_redzone_monday_dd_historical_2024,s258_short_tight_control,s258_stc,stress_challenger,redzone_monday_dd_pressure,redzone_monday_dd_pressure,Tier A and duplicate-boundary Tier A+B inputs are materialized; true Tier B fallback and actual routed total remain outside this run,tier_a_only,month,2024-11,44,388.85,978.16,-589.31,1.659839,8.8375,0.590909,37.621538,-32.739444,1.14912,196.06,31.045145,23,0.840909,3,1.983321,deep_negative_or_dd_slice(깊은 음수 또는 손실폭 구간)
mt5_ta_s258_stc_redzone_monday_dd_historical_2024,s258_short_tight_control,s258_stc,stress_challenger,redzone_monday_dd_pressure,redzone_monday_dd_pressure,Tier A and duplicate-boundary Tier A+B inputs are materialized; true Tier B fallback and actual routed total remain outside this run,tier_a_only,month,2024-12,50,62.98,851.95,-788.97,1.079826,1.2596,0.54,31.553704,-34.303043,0.919851,269.45,49.714939,28,0.92,2,0.233735,deep_negative_or_dd_slice(깊은 음수 또는 손실폭 구간)
mt5_rt_s258_stc_redzone_monday_dd_historical_2024,s258_short_tight_control,s258_stc,stress_challenger,redzone_monday_dd_pressure,redzone_monday_dd_pressure,Tier A and duplicate-boundary Tier A+B inputs are materialized; true Tier B fallback and actual routed total remain outside this run,routed_total,month,2024-01,25,64.87,127.77,-62.9,2.03132,2.5948,0.52,9.828462,-5.241667,1.875064,41.79,7.938227,18,0.72,4,1.552285,measured_slice(측정 구간)
mt5_rt_s258_stc_redzone_monday_dd_historical_2024,s258_short_tight_control,s258_stc,stress_challenger,redzone_monday_dd_pressure,redzone_monday_dd_pressure,Tier A and duplicate-boundary Tier A+B inputs are materialized; true Tier B fallback and actual routed total remain outside this run,routed_total,month,2024-02,25,332.58,375.85,-43.27,8.686157,13.3032,0.84,17.897619,-10.8175,1.654506,23.71,2.954517,2,0.24,1,14.026993,measured_slice(측정 구간)
mt5_rt_s258_stc_redzone_monday_dd_historical_2024,s258_short_tight_control,s258_stc,stress_challenger,redzone_monday_dd_pressure,redzone_monday_dd_pressure,Tier A and duplicate-boundary Tier A+B inputs are materialized; true Tier B fallback and actual routed total remain outside this run,routed_total,month,2024-03,25,106.93,211.13,-104.2,2.0262,4.2772,0.44,19.193636,-7.442857,2.5788,33.29,6.658,6,0.64,3,3.212076,measured_slice(측정 구간)
mt5_rt_s258_stc_redzone_monday_dd_historical_2024,s258_short_tight_control,s258_stc,stress_challenger,redzone_monday_dd_pressure,redzone_monday_dd_pressure,Tier A and duplicate-boundary Tier A+B inputs are materialized; true Tier B fallback and actual routed total remain outside this run,routed_total,month,2024-04,57,148.82,483.67,-334.85,1.444438,2.610877,0.508772,16.678276,-11.958929,1.39463,112.91,15.265328,27,0.807018,6,1.318041,measured_slice(측정 구간)
mt5_rt_s258_stc_redzone_monday_dd_historical_2024,s258_short_tight_control,s258_stc,stress_challenger,redzone_monday_dd_pressure,redzone_monday_dd_pressure,Tier A and duplicate-boundary Tier A+B inputs are materialized; true Tier B fallback and actual routed total remain outside this run,routed_total,month,2024-05,22,278.37,361.14,-82.77,4.363175,12.653182,0.636364,25.795714,-10.34625,2.493243,33.28,4.934391,3,0.454545,3,8.364483,measured_slice(측정 구간)
mt5_rt_s258_stc_redzone_monday_dd_historical_2024,s258_short_tight_control,s258_stc,stress_challenger,redzone_monday_dd_pressure,redzone_monday_dd_pressure,Tier A and duplicate-boundary Tier A+B inputs are materialized; true Tier B fallback and actual routed total remain outside this run,routed_total,month,2024-06,25,9.05,371.92,-362.87,1.02494,0.362,0.52,28.609231,-30.239167,0.946099,141.73,22.545854,7,0.72,5,0.063854,measured_slice(측정 구간)
mt5_rt_s258_stc_redzone_monday_dd_historical_2024,s258_short_tight_control,s258_stc,stress_challenger,redzone_monday_dd_pressure,redzone_monday_dd_pressure,Tier A and duplicate-boundary Tier A+B inputs are materialized; true Tier B fallback and actual routed total remain outside this run,routed_total,month,2024-07,64,-113.17,581.11,-694.28,0.836997,-1.768281,0.46875,19.370333,-20.42,0.948596,218.01,38.73048,27,0.890625,4,-0.519105,deep_negative_or_dd_slice(깊은 음수 또는 손실폭 구간)
mt5_rt_s258_stc_redzone_monday_dd_historical_2024,s258_short_tight_control,s258_stc,stress_challenger,redzone_monday_dd_pressure,redzone_monday_dd_pressure,Tier A and duplicate-boundary Tier A+B inputs are materialized; true Tier B fallback and actual routed total remain outside this run,routed_total,month,2024-08,82,96.34,833.99,-737.65,1.130604,1.174878,0.5,20.34122,-17.991463,1.130604,163.48,26.06422,22,0.853659,5,0.589308,measured_slice(측정 구간)
mt5_rt_s258_stc_redzone_monday_dd_historical_2024,s258_short_tight_control,s258_stc,stress_challenger,redzone_monday_dd_pressure,redzone_monday_dd_pressure,Tier A and duplicate-boundary Tier A+B inputs are materialized; true Tier B fallback and actual routed total remain outside this run,routed_total,month,2024-09,54,181.88,654.61,-472.73,1.384744,3.368148,0.537037,22.572759,-18.9092,1.193745,250.25,33.57393,27,0.833333,6,0.726793,deep_negative_or_dd_slice(깊은 음수 또는 손실폭 구간)
mt5_rt_s258_stc_redzone_monday_dd_historical_2024,s258_short_tight_control,s258_stc,stress_challenger,redzone_monday_dd_pressure,redzone_monday_dd_pressure,Tier A and duplicate-boundary Tier A+B inputs are materialized; true Tier B fallback and actual routed total remain outside this run,routed_total,month,2024-10,45,558.39,944.73,-386.34,2.445333,12.408667,0.622222,33.740357,-22.725882,1.484667,106.23,10.851533,18,0.688889,3,5.256425,measured_slice(측정 구간)
mt5_rt_s258_stc_redzone_monday_dd_historical_2024,s258_short_tight_control,s258_stc,stress_challenger,redzone_monday_dd_pressure,redzone_monday_dd_pressure,Tier A and duplicate-boundary Tier A+B inputs are materialized; true Tier B fallback and actual routed total remain outside this run,routed_total,month,2024-11,44,388.85,978.16,-589.31,1.659839,8.8375,0.590909,37.621538,-32.739444,1.14912,196.06,31.045145,23,0.840909,3,1.983321,deep_negative_or_dd_slice(깊은 음수 또는 손실폭 구간)
mt5_rt_s258_stc_redzone_monday_dd_historical_2024,s258_short_tight_control,s258_stc,stress_challenger,redzone_monday_dd_pressure,redzone_monday_dd_pressure,Tier A and duplicate-boundary Tier A+B inputs are materialized; true Tier B fallback and actual routed total remain outside this run,routed_total,month,2024-12,50,62.98,851.95,-788.97,1.079826,1.2596,0.54,31.553704,-34.303043,0.919851,269.45,49.714939,28,0.92,2,0.233735,deep_negative_or_dd_slice(깊은 음수 또는 손실폭 구간)
mt5_ta_s264_aih_aih_supply_repair_historical_2024,s264_allow_inner_high_quarter,s264_aih,challenger_core,aih_aggressive_supply_repair,aih_aggressive_supply_repair,Tier A and duplicate-boundary Tier A+B inputs are materialized; true Tier B fallback and actual routed total remain outside this run,tier_a_only,month,2024-01,15,56.62,77.0,-20.38,3.778214,3.774667,0.666667,7.7,-4.076,1.889107,19.38,3.617156,4,0.4,3,2.921569,measured_slice(측정 구간)
mt5_ta_s264_aih_aih_supply_repair_historical_2024,s264_allow_inner_high_quarter,s264_aih,challenger_core,aih_aggressive_supply_repair,aih_aggressive_supply_repair,Tier A and duplicate-boundary Tier A+B inputs are materialized; true Tier B fallback and actual routed total remain outside this run,tier_a_only,month,2024-02,14,175.16,191.12,-15.96,11.974937,12.511429,0.714286,19.112,-3.99,4.789975,10.55,1.538551,2,0.285714,2,16.602844,measured_slice(측정 구간)
mt5_ta_s264_aih_aih_supply_repair_historical_2024,s264_allow_inner_high_quarter,s264_aih,challenger_core,aih_aggressive_supply_repair,aih_aggressive_supply_repair,Tier A and duplicate-boundary Tier A+B inputs are materialized; true Tier B fallback and actual routed total remain outside this run,tier_a_only,month,2024-03,12,57.89,81.53,-23.64,3.448816,4.824167,0.583333,11.647143,-4.728,2.46344,7.66,1.401717,2,0.5,2,7.557441,measured_slice(측정 구간)
mt5_ta_s264_aih_aih_supply_repair_historical_2024,s264_allow_inner_high_quarter,s264_aih,challenger_core,aih_aggressive_supply_repair,aih_aggressive_supply_repair,Tier A and duplicate-boundary Tier A+B inputs are materialized; true Tier B fallback and actual routed total remain outside this run,tier_a_only,month,2024-04,29,26.19,166.91,-140.72,1.186114,0.903103,0.482759,11.922143,-9.381333,1.270837,44.53,8.503447,11,0.793103,4,0.588143,measured_slice(측정 구간)
mt5_ta_s264_aih_aih_supply_repair_historical_2024,s264_allow_inner_high_quarter,s264_aih,challenger_core,aih_aggressive_supply_repair,aih_aggressive_supply_repair,Tier A and duplicate-boundary Tier A+B inputs are materialized; true Tier B fallback and actual routed total remain outside this run,tier_a_only,month,2024-05,12,38.37,84.14,-45.77,1.838322,3.1975,0.666667,10.5175,-11.4425,0.919161,37.57,7.228475,4,0.583333,3,1.021294,measured_slice(측정 구간)
mt5_ta_s264_aih_aih_supply_repair_historical_2024,s264_allow_inner_high_quarter,s264_aih,challenger_core,aih_aggressive_supply_repair,aih_aggressive_supply_repair,Tier A and duplicate-boundary Tier A+B inputs are materialized; true Tier B fallback and actual routed total remain outside this run,tier_a_only,month,2024-06,9,-12.53,61.57,-74.1,0.830904,-1.392222,0.333333,20.523333,-12.35,1.661808,30.26,5.844745,4,0.777778,2,-0.414078,minor_negative_slice(소폭 음수 구간)
mt5_ta_s264_aih_aih_supply_repair_historical_2024,s264_allow_inner_high_quarter,s264_aih,challenger_core,aih_aggressive_supply_repair,aih_aggressive_supply_repair,Tier A and duplicate-boundary Tier A+B inputs are materialized; true Tier B fallback and actual routed total remain outside this run,tier_a_only,month,2024-07,35,-18.29,182.39,-200.68,0.90886,-0.522571,0.514286,10.132778,-11.804706,0.858368,66.84,13.190717,30,0.971429,5,-0.273639,minor_negative_slice(소폭 음수 구간)
mt5_ta_s264_aih_aih_supply_repair_historical_2024,s264_allow_inner_high_quarter,s264_aih,challenger_core,aih_aggressive_supply_repair,aih_aggressive_supply_repair,Tier A and duplicate-boundary Tier A+B inputs are materialized; true Tier B fallback and actual routed total remain outside this run,tier_a_only,month,2024-08,46,68.18,278.78,-210.6,1.323742,1.482174,0.565217,10.722308,-10.53,1.018263,43.69,7.907835,22,0.76087,3,1.56054,measured_slice(측정 구간)
mt5_ta_s264_aih_aih_supply_repair_historical_2024,s264_allow_inner_high_quarter,s264_aih,challenger_core,aih_aggressive_supply_repair,aih_aggressive_supply_repair,Tier A and duplicate-boundary Tier A+B inputs are materialized; true Tier B fallback and actual routed total remain outside this run,tier_a_only,month,2024-09,33,186.78,299.97,-113.19,2.650146,5.66,0.666667,13.635,-10.29,1.325073,45.63,7.446027,9,0.545455,3,4.09336,measured_slice(측정 구간)
mt5_ta_s264_aih_aih_supply_repair_historical_2024,s264_allow_inner_high_quarter,s264_aih,challenger_core,aih_aggressive_supply_repair,aih_aggressive_supply_repair,Tier A and duplicate-boundary Tier A+B inputs are materialized; true Tier B fallback and actual routed total remain outside this run,tier_a_only,month,2024-10,26,289.49,365.94,-76.45,4.786658,11.134231,0.576923,24.396,-6.95,3.510216,41.43,5.8118,8,0.615385,4,6.987449,measured_slice(측정 구간)
mt5_ta_s264_aih_aih_supply_repair_historical_2024,s264_allow_inner_high_quarter,s264_aih,challenger_core,aih_aggressive_supply_repair,aih_aggressive_supply_repair,Tier A and duplicate-boundary Tier A+B inputs are materialized; true Tier B fallback and actual routed total remain outside this run,tier_a_only,month,2024-11,28,334.81,469.6,-134.79,3.483938,11.9575,0.678571,24.715789,-14.976667,1.650286,58.87,11.555146,7,0.607143,2,5.687277,measured_slice(측정 구간)
mt5_ta_s264_aih_aih_supply_repair_historical_2024,s264_allow_inner_high_quarter,s264_aih,challenger_core,aih_aggressive_supply_repair,aih_aggressive_supply_repair,Tier A and duplicate-boundary Tier A+B inputs are materialized; true Tier B fallback and actual routed total remain outside this run,tier_a_only,month,2024-12,24,-155.42,195.33,-350.75,0.556892,-6.475833,0.375,21.703333,-23.383333,0.928154,174.8,34.96,24,1.0,5,-0.88913,deep_negative_or_dd_slice(깊은 음수 또는 손실폭 구간)
mt5_rt_s264_aih_aih_supply_repair_historical_2024,s264_allow_inner_high_quarter,s264_aih,challenger_core,aih_aggressive_supply_repair,aih_aggressive_supply_repair,Tier A and duplicate-boundary Tier A+B inputs are materialized; true Tier B fallback and actual routed total remain outside this run,routed_total,month,2024-01,15,56.62,77.0,-20.38,3.778214,3.774667,0.666667,7.7,-4.076,1.889107,19.38,3.617156,4,0.4,3,2.921569,measured_slice(측정 구간)
mt5_rt_s264_aih_aih_supply_repair_historical_2024,s264_allow_inner_high_quarter,s264_aih,challenger_core,aih_aggressive_supply_repair,aih_aggressive_supply_repair,Tier A and duplicate-boundary Tier A+B inputs are materialized; true Tier B fallback and actual routed total remain outside this run,routed_total,month,2024-02,14,175.16,191.12,-15.96,11.974937,12.511429,0.714286,19.112,-3.99,4.789975,10.55,1.538551,2,0.285714,2,16.602844,measured_slice(측정 구간)
mt5_rt_s264_aih_aih_supply_repair_historical_2024,s264_allow_inner_high_quarter,s264_aih,challenger_core,aih_aggressive_supply_repair,aih_aggressive_supply_repair,Tier A and duplicate-boundary Tier A+B inputs are materialized; true Tier B fallback and actual routed total remain outside this run,routed_total,month,2024-03,12,57.89,81.53,-23.64,3.448816,4.824167,0.583333,11.647143,-4.728,2.46344,7.66,1.401717,2,0.5,2,7.557441,measured_slice(측정 구간)
mt5_rt_s264_aih_aih_supply_repair_historical_2024,s264_allow_inner_high_quarter,s264_aih,challenger_core,aih_aggressive_supply_repair,aih_aggressive_supply_repair,Tier A and duplicate-boundary Tier A+B inputs are materialized; true Tier B fallback and actual routed total remain outside this run,routed_total,month,2024-04,29,26.19,166.91,-140.72,1.186114,0.903103,0.482759,11.922143,-9.381333,1.270837,44.53,8.503447,11,0.793103,4,0.588143,measured_slice(측정 구간)
mt5_rt_s264_aih_aih_supply_repair_historical_2024,s264_allow_inner_high_quarter,s264_aih,challenger_core,aih_aggressive_supply_repair,aih_aggressive_supply_repair,Tier A and duplicate-boundary Tier A+B inputs are materialized; true Tier B fallback and actual routed total remain outside this run,routed_total,month,2024-05,12,38.37,84.14,-45.77,1.838322,3.1975,0.666667,10.5175,-11.4425,0.919161,37.57,7.228475,4,0.583333,3,1.021294,measured_slice(측정 구간)
mt5_rt_s264_aih_aih_supply_repair_historical_2024,s264_allow_inner_high_quarter,s264_aih,challenger_core,aih_aggressive_supply_repair,aih_aggressive_supply_repair,Tier A and duplicate-boundary Tier A+B inputs are materialized; true Tier B fallback and actual routed total remain outside this run,routed_total,month,2024-06,9,-12.53,61.57,-74.1,0.830904,-1.392222,0.333333,20.523333,-12.35,1.661808,30.26,5.844745,4,0.777778,2,-0.414078,minor_negative_slice(소폭 음수 구간)
mt5_rt_s264_aih_aih_supply_repair_historical_2024,s264_allow_inner_high_quarter,s264_aih,challenger_core,aih_aggressive_supply_repair,aih_aggressive_supply_repair,Tier A and duplicate-boundary Tier A+B inputs are materialized; true Tier B fallback and actual routed total remain outside this run,routed_total,month,2024-07,35,-18.29,182.39,-200.68,0.90886,-0.522571,0.514286,10.132778,-11.804706,0.858368,66.84,13.190717,30,0.971429,5,-0.273639,minor_negative_slice(소폭 음수 구간)
mt5_rt_s264_aih_aih_supply_repair_historical_2024,s264_allow_inner_high_quarter,s264_aih,challenger_core,aih_aggressive_supply_repair,aih_aggressive_supply_repair,Tier A and duplicate-boundary Tier A+B inputs are materialized; true Tier B fallback and actual routed total remain outside this run,routed_total,month,2024-08,46,68.18,278.78,-210.6,1.323742,1.482174,0.565217,10.722308,-10.53,1.018263,43.69,7.907835,22,0.76087,3,1.56054,measured_slice(측정 구간)
mt5_rt_s264_aih_aih_supply_repair_historical_2024,s264_allow_inner_high_quarter,s264_aih,challenger_core,aih_aggressive_supply_repair,aih_aggressive_supply_repair,Tier A and duplicate-boundary Tier A+B inputs are materialized; true Tier B fallback and actual routed total remain outside this run,routed_total,month,2024-09,33,186.78,299.97,-113.19,2.650146,5.66,0.666667,13.635,-10.29,1.325073,45.63,7.446027,9,0.545455,3,4.09336,measured_slice(측정 구간)
mt5_rt_s264_aih_aih_supply_repair_historical_2024,s264_allow_inner_high_quarter,s264_aih,challenger_core,aih_aggressive_supply_repair,aih_aggressive_supply_repair,Tier A and duplicate-boundary Tier A+B inputs are materialized; true Tier B fallback and actual routed total remain outside this run,routed_total,month,2024-10,26,289.49,365.94,-76.45,4.786658,11.134231,0.576923,24.396,-6.95,3.510216,41.43,5.8118,8,0.615385,4,6.987449,measured_slice(측정 구간)
mt5_rt_s264_aih_aih_supply_repair_historical_2024,s264_allow_inner_high_quarter,s264_aih,challenger_core,aih_aggressive_supply_repair,aih_aggressive_supply_repair,Tier A and duplicate-boundary Tier A+B inputs are materialized; true Tier B fallback and actual routed total remain outside this run,routed_total,month,2024-11,28,334.81,469.6,-134.79,3.483938,11.9575,0.678571,24.715789,-14.976667,1.650286,58.87,11.555146,7,0.607143,2,5.687277,measured_slice(측정 구간)
mt5_rt_s264_aih_aih_supply_repair_historical_2024,s264_allow_inner_high_quarter,s264_aih,challenger_core,aih_aggressive_supply_repair,aih_aggressive_supply_repair,Tier A and duplicate-boundary Tier A+B inputs are materialized; true Tier B fallback and actual routed total remain outside this run,routed_total,month,2024-12,24,-155.42,195.33,-350.75,0.556892,-6.475833,0.375,21.703333,-23.383333,0.928154,174.8,34.96,24,1.0,5,-0.88913,deep_negative_or_dd_slice(깊은 음수 또는 손실폭 구간)
mt5_ta_s264_aih_explosive_combo_historical_2024,s264_allow_inner_high_quarter,s264_aih,challenger_core,explosive_shock_state_combo,explosive_shock_state_combo,Tier A and duplicate-boundary Tier A+B inputs are materialized; true Tier B fallback and actual routed total remain outside this run,tier_a_only,month,2024-01,24,59.7,112.21,-52.51,2.136926,2.4875,0.5,9.350833,-4.375833,2.136926,27.49,5.221471,9,0.708333,4,2.171699,measured_slice(측정 구간)
mt5_ta_s264_aih_explosive_combo_historical_2024,s264_allow_inner_high_quarter,s264_aih,challenger_core,explosive_shock_state_combo,explosive_shock_state_combo,Tier A and duplicate-boundary Tier A+B inputs are materialized; true Tier B fallback and actual routed total remain outside this run,tier_a_only,month,2024-02,22,273.85,325.63,-51.78,6.288722,12.447727,0.818182,18.090556,-12.945,1.397494,36.47,4.500691,3,0.272727,1,7.508911,measured_slice(측정 구간)
mt5_ta_s264_aih_explosive_combo_historical_2024,s264_allow_inner_high_quarter,s264_aih,challenger_core,explosive_shock_state_combo,explosive_shock_state_combo,Tier A and duplicate-boundary Tier A+B inputs are materialized; true Tier B fallback and actual routed total remain outside this run,tier_a_only,month,2024-03,24,72.24,150.88,-78.64,1.918616,3.01,0.416667,15.088,-5.617143,2.686063,24.2,4.84,9,0.75,4,2.985124,measured_slice(측정 구간)
mt5_ta_s264_aih_explosive_combo_historical_2024,s264_allow_inner_high_quarter,s264_aih,challenger_core,explosive_shock_state_combo,explosive_shock_state_combo,Tier A and duplicate-boundary Tier A+B inputs are materialized; true Tier B fallback and actual routed total remain outside this run,tier_a_only,month,2024-04,52,236.89,516.2,-279.31,1.848126,4.555577,0.538462,18.435714,-11.637917,1.584108,63.95,9.41341,22,0.807692,5,3.7043,measured_slice(측정 구간)
mt5_ta_s264_aih_explosive_combo_historical_2024,s264_allow_inner_high_quarter,s264_aih,challenger_core,explosive_shock_state_combo,explosive_shock_state_combo,Tier A and duplicate-boundary Tier A+B inputs are materialized; true Tier B fallback and actual routed total remain outside this run,tier_a_only,month,2024-05,17,224.78,303.65,-78.87,3.850006,13.222353,0.705882,25.304167,-15.774,1.604169,58.36,8.667112,4,0.352941,3,3.851611,measured_slice(측정 구간)
mt5_ta_s264_aih_explosive_combo_historical_2024,s264_allow_inner_high_quarter,s264_aih,challenger_core,explosive_shock_state_combo,explosive_shock_state_combo,Tier A and duplicate-boundary Tier A+B inputs are materialized; true Tier B fallback and actual routed total remain outside this run,tier_a_only,month,2024-06,20,-120.47,192.42,-312.89,0.614977,-6.0235,0.45,21.38,-28.444545,0.751638,146.11,28.91664,19,0.95,4,-0.824516,negative_fragile_slice(음수 취약 구간)
mt5_ta_s264_aih_explosive_combo_historical_2024,s264_allow_inner_high_quarter,s264_aih,challenger_core,explosive_shock_state_combo,explosive_shock_state_combo,Tier A and duplicate-boundary Tier A+B inputs are materialized; true Tier B fallback and actual routed total remain outside this run,tier_a_only,month,2024-07,58,-126.21,421.39,-547.6,0.769522,-2.176034,0.482759,15.049643,-18.253333,0.824487,297.12,51.293029,53,0.965517,5,-0.424778,deep_negative_or_dd_slice(깊은 음수 또는 손실폭 구간)
mt5_ta_s264_aih_explosive_combo_historical_2024,s264_allow_inner_high_quarter,s264_aih,challenger_core,explosive_shock_state_combo,explosive_shock_state_combo,Tier A and duplicate-boundary Tier A+B inputs are materialized; true Tier B fallback and actual routed total remain outside this run,tier_a_only,month,2024-08,76,106.93,638.13,-531.2,1.201299,1.406974,0.5,16.792895,-13.978947,1.201299,123.62,19.604174,25,0.802632,9,0.864989,measured_slice(측정 구간)
mt5_ta_s264_aih_explosive_combo_historical_2024,s264_allow_inner_high_quarter,s264_aih,challenger_core,explosive_shock_state_combo,explosive_shock_state_combo,Tier A and duplicate-boundary Tier A+B inputs are materialized; true Tier B fallback and actual routed total remain outside this run,tier_a_only,month,2024-09,49,190.38,501.02,-310.64,1.612864,3.885306,0.591837,17.276552,-15.532,1.11232,133.22,20.696298,19,0.795918,4,1.429065,measured_slice(측정 구간)
mt5_ta_s264_aih_explosive_combo_historical_2024,s264_allow_inner_high_quarter,s264_aih,challenger_core,explosive_shock_state_combo,explosive_shock_state_combo,Tier A and duplicate-boundary Tier A+B inputs are materialized; true Tier B fallback and actual routed total remain outside this run,tier_a_only,month,2024-10,42,407.73,745.37,-337.64,2.207588,9.707857,0.571429,31.057083,-18.757778,1.655691,120.03,15.842826,13,0.714286,5,3.396901,measured_slice(측정 구간)
mt5_ta_s264_aih_explosive_combo_historical_2024,s264_allow_inner_high_quarter,s264_aih,challenger_core,explosive_shock_state_combo,explosive_shock_state_combo,Tier A and duplicate-boundary Tier A+B inputs are materialized; true Tier B fallback and actual routed total remain outside this run,tier_a_only,month,2024-11,39,326.66,742.21,-415.55,1.786091,8.375897,0.666667,28.546538,-31.965385,0.893045,131.28,24.552544,15,0.74359,2,2.488269,measured_slice(측정 구간)
mt5_ta_s264_aih_explosive_combo_historical_2024,s264_allow_inner_high_quarter,s264_aih,challenger_core,explosive_shock_state_combo,explosive_shock_state_combo,Tier A and duplicate-boundary Tier A+B inputs are materialized; true Tier B fallback and actual routed total remain outside this run,tier_a_only,month,2024-12,41,-101.86,489.74,-591.6,0.827823,-2.48439,0.487805,24.487,-28.171429,0.869214,221.97,39.898264,30,0.95122,3,-0.458891,deep_negative_or_dd_slice(깊은 음수 또는 손실폭 구간)
mt5_rt_s264_aih_explosive_combo_historical_2024,s264_allow_inner_high_quarter,s264_aih,challenger_core,explosive_shock_state_combo,explosive_shock_state_combo,Tier A and duplicate-boundary Tier A+B inputs are materialized; true Tier B fallback and actual routed total remain outside this run,routed_total,month,2024-01,24,59.7,112.21,-52.51,2.136926,2.4875,0.5,9.350833,-4.375833,2.136926,27.49,5.221471,9,0.708333,4,2.171699,measured_slice(측정 구간)
mt5_rt_s264_aih_explosive_combo_historical_2024,s264_allow_inner_high_quarter,s264_aih,challenger_core,explosive_shock_state_combo,explosive_shock_state_combo,Tier A and duplicate-boundary Tier A+B inputs are materialized; true Tier B fallback and actual routed total remain outside this run,routed_total,month,2024-02,22,273.85,325.63,-51.78,6.288722,12.447727,0.818182,18.090556,-12.945,1.397494,36.47,4.500691,3,0.272727,1,7.508911,measured_slice(측정 구간)
mt5_rt_s264_aih_explosive_combo_historical_2024,s264_allow_inner_high_quarter,s264_aih,challenger_core,explosive_shock_state_combo,explosive_shock_state_combo,Tier A and duplicate-boundary Tier A+B inputs are materialized; true Tier B fallback and actual routed total remain outside this run,routed_total,month,2024-03,24,72.24,150.88,-78.64,1.918616,3.01,0.416667,15.088,-5.617143,2.686063,24.2,4.84,9,0.75,4,2.985124,measured_slice(측정 구간)
mt5_rt_s264_aih_explosive_combo_historical_2024,s264_allow_inner_high_quarter,s264_aih,challenger_core,explosive_shock_state_combo,explosive_shock_state_combo,Tier A and duplicate-boundary Tier A+B inputs are materialized; true Tier B fallback and actual routed total remain outside this run,routed_total,month,2024-04,52,236.89,516.2,-279.31,1.848126,4.555577,0.538462,18.435714,-11.637917,1.584108,63.95,9.41341,22,0.807692,5,3.7043,measured_slice(측정 구간)
mt5_rt_s264_aih_explosive_combo_historical_2024,s264_allow_inner_high_quarter,s264_aih,challenger_core,explosive_shock_state_combo,explosive_shock_state_combo,Tier A and duplicate-boundary Tier A+B inputs are materialized; true Tier B fallback and actual routed total remain outside this run,routed_total,month,2024-05,17,224.78,303.65,-78.87,3.850006,13.222353,0.705882,25.304167,-15.774,1.604169,58.36,8.667112,4,0.352941,3,3.851611,measured_slice(측정 구간)
mt5_rt_s264_aih_explosive_combo_historical_2024,s264_allow_inner_high_quarter,s264_aih,challenger_core,explosive_shock_state_combo,explosive_shock_state_combo,Tier A and duplicate-boundary Tier A+B inputs are materialized; true Tier B fallback and actual routed total remain outside this run,routed_total,month,2024-06,20,-120.47,192.42,-312.89,0.614977,-6.0235,0.45,21.38,-28.444545,0.751638,146.11,28.91664,19,0.95,4,-0.824516,negative_fragile_slice(음수 취약 구간)
mt5_rt_s264_aih_explosive_combo_historical_2024,s264_allow_inner_high_quarter,s264_aih,challenger_core,explosive_shock_state_combo,explosive_shock_state_combo,Tier A and duplicate-boundary Tier A+B inputs are materialized; true Tier B fallback and actual routed total remain outside this run,routed_total,month,2024-07,58,-126.21,421.39,-547.6,0.769522,-2.176034,0.482759,15.049643,-18.253333,0.824487,297.12,51.293029,53,0.965517,5,-0.424778,deep_negative_or_dd_slice(깊은 음수 또는 손실폭 구간)
mt5_rt_s264_aih_explosive_combo_historical_2024,s264_allow_inner_high_quarter,s264_aih,challenger_core,explosive_shock_state_combo,explosive_shock_state_combo,Tier A and duplicate-boundary Tier A+B inputs are materialized; true Tier B fallback and actual routed total remain outside this run,routed_total,month,2024-08,76,106.93,638.13,-531.2,1.201299,1.406974,0.5,16.792895,-13.978947,1.201299,123.62,19.604174,25,0.802632,9,0.864989,measured_slice(측정 구간)
mt5_rt_s264_aih_explosive_combo_historical_2024,s264_allow_inner_high_quarter,s264_aih,challenger_core,explosive_shock_state_combo,explosive_shock_state_combo,Tier A and duplicate-boundary Tier A+B inputs are materialized; true Tier B fallback and actual routed total remain outside this run,routed_total,month,2024-09,49,190.38,501.02,-310.64,1.612864,3.885306,0.591837,17.276552,-15.532,1.11232,133.22,20.696298,19,0.795918,4,1.429065,measured_slice(측정 구간)
mt5_rt_s264_aih_explosive_combo_historical_2024,s264_allow_inner_high_quarter,s264_aih,challenger_core,explosive_shock_state_combo,explosive_shock_state_combo,Tier A and duplicate-boundary Tier A+B inputs are materialized; true Tier B fallback and actual routed total remain outside this run,routed_total,month,2024-10,42,407.73,745.37,-337.64,2.207588,9.707857,0.571429,31.057083,-18.757778,1.655691,120.03,15.842826,13,0.714286,5,3.396901,measured_slice(측정 구간)
mt5_rt_s264_aih_explosive_combo_historical_2024,s264_allow_inner_high_quarter,s264_aih,challenger_core,explosive_shock_state_combo,explosive_shock_state_combo,Tier A and duplicate-boundary Tier A+B inputs are materialized; true Tier B fallback and actual routed total remain outside this run,routed_total,month,2024-11,39,326.66,742.21,-415.55,1.786091,8.375897,0.666667,28.546538,-31.965385,0.893045,131.28,24.552544,15,0.74359,2,2.488269,measured_slice(측정 구간)
mt5_rt_s264_aih_explosive_combo_historical_2024,s264_allow_inner_high_quarter,s264_aih,challenger_core,explosive_shock_state_combo,explosive_shock_state_combo,Tier A and duplicate-boundary Tier A+B inputs are materialized; true Tier B fallback and actual routed total remain outside this run,routed_total,month,2024-12,41,-101.86,489.74,-591.6,0.827823,-2.48439,0.487805,24.487,-28.171429,0.869214,221.97,39.898264,30,0.95122,3,-0.458891,deep_negative_or_dd_slice(깊은 음수 또는 손실폭 구간)
mt5_ta_s264_aia_explosive_combo_historical_2024,s264_allow_inner_all_oos_anchor,s264_aia,oos_anchor,explosive_shock_state_combo,explosive_shock_state_combo,Tier A and duplicate-boundary Tier A+B inputs are materialized; true Tier B fallback and actual routed total remain outside this run,tier_a_only,month,2024-01,24,37.11,105.61,-68.5,1.541752,1.54625,0.416667,10.561,-4.892857,2.158453,43.55,8.272548,13,0.791667,4,0.852124,measured_slice(측정 구간)
mt5_ta_s264_aia_explosive_combo_historical_2024,s264_allow_inner_all_oos_anchor,s264_aia,oos_anchor,explosive_shock_state_combo,explosive_shock_state_combo,Tier A and duplicate-boundary Tier A+B inputs are materialized; true Tier B fallback and actual routed total remain outside this run,tier_a_only,month,2024-02,25,244.56,326.24,-81.68,3.994123,9.7824,0.72,18.124444,-11.668571,1.55327,24.35,3.166821,3,0.4,1,10.043532,measured_slice(측정 구간)
mt5_ta_s264_aia_explosive_combo_historical_2024,s264_allow_inner_all_oos_anchor,s264_aia,oos_anchor,explosive_shock_state_combo,explosive_shock_state_combo,Tier A and duplicate-boundary Tier A+B inputs are materialized; true Tier B fallback and actual routed total remain outside this run,tier_a_only,month,2024-03,26,55.51,150.67,-95.16,1.583333,2.135,0.384615,15.067,-5.9475,2.533333,35.29,6.715637,16,0.884615,5,1.572967,measured_slice(측정 구간)
mt5_ta_s264_aia_explosive_combo_historical_2024,s264_allow_inner_all_oos_anchor,s264_aia,oos_anchor,explosive_shock_state_combo,explosive_shock_state_combo,Tier A and duplicate-boundary Tier A+B inputs are materialized; true Tier B fallback and actual routed total remain outside this run,tier_a_only,month,2024-04,53,145.07,407.27,-262.2,1.55328,2.73717,0.509434,15.084074,-10.084615,1.495751,79.79,12.253893,14,0.811321,5,1.818148,measured_slice(측정 구간)
mt5_ta_s264_aia_explosive_combo_historical_2024,s264_allow_inner_all_oos_anchor,s264_aia,oos_anchor,explosive_shock_state_combo,explosive_shock_state_combo,Tier A and duplicate-boundary Tier A+B inputs are materialized; true Tier B fallback and actual routed total remain outside this run,tier_a_only,month,2024-05,20,172.28,233.46,-61.18,3.815953,8.614,0.6,19.455,-7.6475,2.543969,28.78,4.632596,4,0.5,3,5.986101,measured_slice(측정 구간)
mt5_ta_s264_aia_explosive_combo_historical_2024,s264_allow_inner_all_oos_anchor,s264_aia,oos_anchor,explosive_shock_state_combo,explosive_shock_state_combo,Tier A and duplicate-boundary Tier A+B inputs are materialized; true Tier B fallback and actual routed total remain outside this run,tier_a_only,month,2024-06,20,-118.33,163.86,-282.19,0.580673,-5.9165,0.45,18.206667,-25.653636,0.709711,146.31,28.619772,18,0.9,4,-0.808762,negative_fragile_slice(음수 취약 구간)
mt5_ta_s264_aia_explosive_combo_historical_2024,s264_allow_inner_all_oos_anchor,s264_aia,oos_anchor,explosive_shock_state_combo,explosive_shock_state_combo,Tier A and duplicate-boundary Tier A+B inputs are materialized; true Tier B fallback and actual routed total remain outside this run,tier_a_only,month,2024-07,57,-82.0,370.8,-452.8,0.818905,-1.438596,0.526316,12.36,-16.77037,0.737014,221.07,38.105662,48,0.929825,5,-0.370923,deep_negative_or_dd_slice(깊은 음수 또는 손실폭 구간)
mt5_ta_s264_aia_explosive_combo_historical_2024,s264_allow_inner_all_oos_anchor,s264_aia,oos_anchor,explosive_shock_state_combo,explosive_shock_state_combo,Tier A and duplicate-boundary Tier A+B inputs are materialized; true Tier B fallback and actual routed total remain outside this run,tier_a_only,month,2024-08,79,53.28,507.81,-454.53,1.11722,0.67443,0.506329,12.69525,-11.654615,1.089289,89.84,15.913278,29,0.860759,4,0.593054,measured_slice(측정 구간)
mt5_ta_s264_aia_explosive_combo_historical_2024,s264_allow_inner_all_oos_anchor,s264_aia,oos_anchor,explosive_shock_state_combo,explosive_shock_state_combo,Tier A and duplicate-boundary Tier A+B inputs are materialized; true Tier B fallback and actual routed total remain outside this run,tier_a_only,month,2024-09,51,274.24,522.17,-247.93,2.106119,5.377255,0.686275,14.919143,-15.495625,0.962797,98.25,13.850708,18,0.705882,4,2.791247,measured_slice(측정 구간)
mt5_ta_s264_aia_explosive_combo_historical_2024,s264_allow_inner_all_oos_anchor,s264_aia,oos_anchor,explosive_shock_state_combo,explosive_shock_state_combo,Tier A and duplicate-boundary Tier A+B inputs are materialized; true Tier B fallback and actual routed total remain outside this run,tier_a_only,month,2024-10,46,375.55,735.51,-359.96,2.04331,8.16413,0.543478,29.4204,-17.140952,1.716381,86.02,10.173862,21,0.73913,3,4.365845,measured_slice(측정 구간)
mt5_ta_s264_aia_explosive_combo_historical_2024,s264_allow_inner_all_oos_anchor,s264_aia,oos_anchor,explosive_shock_state_combo,explosive_shock_state_combo,Tier A and duplicate-boundary Tier A+B inputs are materialized; true Tier B fallback and actual routed total remain outside this run,tier_a_only,month,2024-11,40,334.04,733.52,-399.48,1.836187,8.351,0.625,29.3408,-26.632,1.101712,132.65,21.690827,14,0.7,2,2.518206,measured_slice(측정 구간)
mt5_ta_s264_aia_explosive_combo_historical_2024,s264_allow_inner_all_oos_anchor,s264_aia,oos_anchor,explosive_shock_state_combo,explosive_shock_state_combo,Tier A and duplicate-boundary Tier A+B inputs are materialized; true Tier B fallback and actual routed total remain outside this run,tier_a_only,month,2024-12,43,-38.74,516.27,-555.01,0.930199,-0.90093,0.55814,21.51125,-29.211053,0.736408,223.01,40.49941,33,0.953488,3,-0.173714,deep_negative_or_dd_slice(깊은 음수 또는 손실폭 구간)
mt5_rt_s264_aia_explosive_combo_historical_2024,s264_allow_inner_all_oos_anchor,s264_aia,oos_anchor,explosive_shock_state_combo,explosive_shock_state_combo,Tier A and duplicate-boundary Tier A+B inputs are materialized; true Tier B fallback and actual routed total remain outside this run,routed_total,month,2024-01,24,37.11,105.61,-68.5,1.541752,1.54625,0.416667,10.561,-4.892857,2.158453,43.55,8.272548,13,0.791667,4,0.852124,measured_slice(측정 구간)
mt5_rt_s264_aia_explosive_combo_historical_2024,s264_allow_inner_all_oos_anchor,s264_aia,oos_anchor,explosive_shock_state_combo,explosive_shock_state_combo,Tier A and duplicate-boundary Tier A+B inputs are materialized; true Tier B fallback and actual routed total remain outside this run,routed_total,month,2024-02,25,244.56,326.24,-81.68,3.994123,9.7824,0.72,18.124444,-11.668571,1.55327,24.35,3.166821,3,0.4,1,10.043532,measured_slice(측정 구간)
mt5_rt_s264_aia_explosive_combo_historical_2024,s264_allow_inner_all_oos_anchor,s264_aia,oos_anchor,explosive_shock_state_combo,explosive_shock_state_combo,Tier A and duplicate-boundary Tier A+B inputs are materialized; true Tier B fallback and actual routed total remain outside this run,routed_total,month,2024-03,26,55.51,150.67,-95.16,1.583333,2.135,0.384615,15.067,-5.9475,2.533333,35.29,6.715637,16,0.884615,5,1.572967,measured_slice(측정 구간)
mt5_rt_s264_aia_explosive_combo_historical_2024,s264_allow_inner_all_oos_anchor,s264_aia,oos_anchor,explosive_shock_state_combo,explosive_shock_state_combo,Tier A and duplicate-boundary Tier A+B inputs are materialized; true Tier B fallback and actual routed total remain outside this run,routed_total,month,2024-04,53,145.07,407.27,-262.2,1.55328,2.73717,0.509434,15.084074,-10.084615,1.495751,79.79,12.253893,14,0.811321,5,1.818148,measured_slice(측정 구간)
mt5_rt_s264_aia_explosive_combo_historical_2024,s264_allow_inner_all_oos_anchor,s264_aia,oos_anchor,explosive_shock_state_combo,explosive_shock_state_combo,Tier A and duplicate-boundary Tier A+B inputs are materialized; true Tier B fallback and actual routed total remain outside this run,routed_total,month,2024-05,20,172.28,233.46,-61.18,3.815953,8.614,0.6,19.455,-7.6475,2.543969,28.78,4.632596,4,0.5,3,5.986101,measured_slice(측정 구간)
mt5_rt_s264_aia_explosive_combo_historical_2024,s264_allow_inner_all_oos_anchor,s264_aia,oos_anchor,explosive_shock_state_combo,explosive_shock_state_combo,Tier A and duplicate-boundary Tier A+B inputs are materialized; true Tier B fallback and actual routed total remain outside this run,routed_total,month,2024-06,20,-118.33,163.86,-282.19,0.580673,-5.9165,0.45,18.206667,-25.653636,0.709711,146.31,28.619772,18,0.9,4,-0.808762,negative_fragile_slice(음수 취약 구간)
mt5_rt_s264_aia_explosive_combo_historical_2024,s264_allow_inner_all_oos_anchor,s264_aia,oos_anchor,explosive_shock_state_combo,explosive_shock_state_combo,Tier A and duplicate-boundary Tier A+B inputs are materialized; true Tier B fallback and actual routed total remain outside this run,routed_total,month,2024-07,57,-82.0,370.8,-452.8,0.818905,-1.438596,0.526316,12.36,-16.77037,0.737014,221.07,38.105662,48,0.929825,5,-0.370923,deep_negative_or_dd_slice(깊은 음수 또는 손실폭 구간)
mt5_rt_s264_aia_explosive_combo_historical_2024,s264_allow_inner_all_oos_anchor,s264_aia,oos_anchor,explosive_shock_state_combo,explosive_shock_state_combo,Tier A and duplicate-boundary Tier A+B inputs are materialized; true Tier B fallback and actual routed total remain outside this run,routed_total,month,2024-08,79,53.28,507.81,-454.53,1.11722,0.67443,0.506329,12.69525,-11.654615,1.089289,89.84,15.913278,29,0.860759,4,0.593054,measured_slice(측정 구간)
mt5_rt_s264_aia_explosive_combo_historical_2024,s264_allow_inner_all_oos_anchor,s264_aia,oos_anchor,explosive_shock_state_combo,explosive_shock_state_combo,Tier A and duplicate-boundary Tier A+B inputs are materialized; true Tier B fallback and actual routed total remain outside this run,routed_total,month,2024-09,51,274.24,522.17,-247.93,2.106119,5.377255,0.686275,14.919143,-15.495625,0.962797,98.25,13.850708,18,0.705882,4,2.791247,measured_slice(측정 구간)
mt5_rt_s264_aia_explosive_combo_historical_2024,s264_allow_inner_all_oos_anchor,s264_aia,oos_anchor,explosive_shock_state_combo,explosive_shock_state_combo,Tier A and duplicate-boundary Tier A+B inputs are materialized; true Tier B fallback and actual routed total remain outside this run,routed_total,month,2024-10,46,375.55,735.51,-359.96,2.04331,8.16413,0.543478,29.4204,-17.140952,1.716381,86.02,10.173862,21,0.73913,3,4.365845,measured_slice(측정 구간)
mt5_rt_s264_aia_explosive_combo_historical_2024,s264_allow_inner_all_oos_anchor,s264_aia,oos_anchor,explosive_shock_state_combo,explosive_shock_state_combo,Tier A and duplicate-boundary Tier A+B inputs are materialized; true Tier B fallback and actual routed total remain outside this run,routed_total,month,2024-11,40,334.04,733.52,-399.48,1.836187,8.351,0.625,29.3408,-26.632,1.101712,132.65,21.690827,14,0.7,2,2.518206,measured_slice(측정 구간)
mt5_rt_s264_aia_explosive_combo_historical_2024,s264_allow_inner_all_oos_anchor,s264_aia,oos_anchor,explosive_shock_state_combo,explosive_shock_state_combo,Tier A and duplicate-boundary Tier A+B inputs are materialized; true Tier B fallback and actual routed total remain outside this run,routed_total,month,2024-12,43,-38.74,516.27,-555.01,0.930199,-0.90093,0.55814,21.51125,-29.211053,0.736408,223.01,40.49941,33,0.953488,3,-0.173714,deep_negative_or_dd_slice(깊은 음수 또는 손실폭 구간)
mt5_ta_s258_stc_explosive_combo_historical_2024,s258_short_tight_control,s258_stc,stress_challenger,explosive_shock_state_combo,explosive_shock_state_combo,Tier A and duplicate-boundary Tier A+B inputs are materialized; true Tier B fallback and actual routed total remain outside this run,tier_a_only,month,2024-01,25,73.3,128.38,-55.08,2.330792,2.932,0.56,9.17,-5.007273,1.831336,32.28,6.131753,15,0.68,4,2.270756,measured_slice(측정 구간)
mt5_ta_s258_stc_explosive_combo_historical_2024,s258_short_tight_control,s258_stc,stress_challenger,explosive_shock_state_combo,explosive_shock_state_combo,Tier A and duplicate-boundary Tier A+B inputs are materialized; true Tier B fallback and actual routed total remain outside this run,tier_a_only,month,2024-02,24,295.67,364.2,-68.53,5.314461,12.319583,0.791667,19.168421,-13.706,1.398542,27.22,3.344268,2,0.333333,1,10.862234,measured_slice(측정 구간)
mt5_ta_s258_stc_explosive_combo_historical_2024,s258_short_tight_control,s258_stc,stress_challenger,explosive_shock_state_combo,explosive_shock_state_combo,Tier A and duplicate-boundary Tier A+B inputs are materialized; true Tier B fallback and actual routed total remain outside this run,tier_a_only,month,2024-03,25,96.61,194.48,-97.87,1.987126,3.8644,0.44,17.68,-6.990714,2.529069,31.06,6.212,9,0.72,3,3.110431,measured_slice(측정 구간)
mt5_ta_s258_stc_explosive_combo_historical_2024,s258_short_tight_control,s258_stc,stress_challenger,explosive_shock_state_combo,explosive_shock_state_combo,Tier A and duplicate-boundary Tier A+B inputs are materialized; true Tier B fallback and actual routed total remain outside this run,tier_a_only,month,2024-04,53,219.05,509.64,-290.59,1.753811,4.133019,0.54717,17.573793,-12.107917,1.45143,88.01,12.997504,15,0.773585,6,2.488922,measured_slice(측정 구간)
mt5_ta_s258_stc_explosive_combo_historical_2024,s258_short_tight_control,s258_stc,stress_challenger,explosive_shock_state_combo,explosive_shock_state_combo,Tier A and duplicate-boundary Tier A+B inputs are materialized; true Tier B fallback and actual routed total remain outside this run,tier_a_only,month,2024-05,20,290.12,398.35,-108.23,3.680588,14.506,0.65,30.642308,-15.461429,1.981855,64.83,9.70509,4,0.45,3,4.475089,measured_slice(측정 구간)
mt5_ta_s258_stc_explosive_combo_historical_2024,s258_short_tight_control,s258_stc,stress_challenger,explosive_shock_state_combo,explosive_shock_state_combo,Tier A and duplicate-boundary Tier A+B inputs are materialized; true Tier B fallback and actual routed total remain outside this run,tier_a_only,month,2024-06,21,-129.48,261.74,-391.22,0.669035,-6.165714,0.380952,32.7175,-30.093846,1.087182,153.7,30.432028,20,0.952381,5,-0.84242,deep_negative_or_dd_slice(깊은 음수 또는 손실폭 구간)
mt5_ta_s258_stc_explosive_combo_historical_2024,s258_short_tight_control,s258_stc,stress_challenger,explosive_shock_state_combo,explosive_shock_state_combo,Tier A and duplicate-boundary Tier A+B inputs are materialized; true Tier B fallback and actual routed total remain outside this run,tier_a_only,month,2024-07,60,-55.06,555.73,-610.79,0.909854,-0.917667,0.5,18.524333,-20.359667,0.909854,186.03,33.459235,26,0.883333,4,-0.295974,deep_negative_or_dd_slice(깊은 음수 또는 손실폭 구간)
mt5_ta_s258_stc_explosive_combo_historical_2024,s258_short_tight_control,s258_stc,stress_challenger,explosive_shock_state_combo,explosive_shock_state_combo,Tier A and duplicate-boundary Tier A+B inputs are materialized; true Tier B fallback and actual routed total remain outside this run,tier_a_only,month,2024-08,77,115.33,794.28,-678.95,1.169865,1.497792,0.519481,19.857,-18.35,1.082125,141.92,22.611328,21,0.818182,3,0.812641,measured_slice(측정 구간)
mt5_ta_s258_stc_explosive_combo_historical_2024,s258_short_tight_control,s258_stc,stress_challenger,explosive_shock_state_combo,explosive_shock_state_combo,Tier A and duplicate-boundary Tier A+B inputs are materialized; true Tier B fallback and actual routed total remain outside this run,tier_a_only,month,2024-09,51,203.39,627.6,-424.21,1.479456,3.988039,0.54902,22.414286,-18.443913,1.215267,231.79,31.068963,24,0.823529,9,0.877475,deep_negative_or_dd_slice(깊은 음수 또는 손실폭 구간)
mt5_ta_s258_stc_explosive_combo_historical_2024,s258_short_tight_control,s258_stc,stress_challenger,explosive_shock_state_combo,explosive_shock_state_combo,Tier A and duplicate-boundary Tier A+B inputs are materialized; true Tier B fallback and actual routed total remain outside this run,tier_a_only,month,2024-10,42,366.57,761.71,-395.14,1.927697,8.727857,0.547619,33.117826,-20.796842,1.592445,107.62,13.516365,31,0.833333,4,3.406151,measured_slice(측정 구간)
mt5_ta_s258_stc_explosive_combo_historical_2024,s258_short_tight_control,s258_stc,stress_challenger,explosive_shock_state_combo,explosive_shock_state_combo,Tier A and duplicate-boundary Tier A+B inputs are materialized; true Tier B fallback and actual routed total remain outside this run,tier_a_only,month,2024-11,43,277.31,828.74,-551.43,1.502892,6.44907,0.604651,31.874615,-32.437059,0.98266,209.97,29.064179,23,0.883721,3,1.320712,measured_slice(측정 구간)
mt5_ta_s258_stc_explosive_combo_historical_2024,s258_short_tight_control,s258_stc,stress_challenger,explosive_shock_state_combo,explosive_shock_state_combo,Tier A and duplicate-boundary Tier A+B inputs are materialized; true Tier B fallback and actual routed total remain outside this run,tier_a_only,month,2024-12,45,94.15,730.65,-636.5,1.147918,2.092222,0.577778,28.101923,-33.5,0.838863,237.24,41.553255,26,0.844444,2,0.396856,deep_negative_or_dd_slice(깊은 음수 또는 손실폭 구간)
mt5_rt_s258_stc_explosive_combo_historical_2024,s258_short_tight_control,s258_stc,stress_challenger,explosive_shock_state_combo,explosive_shock_state_combo,Tier A and duplicate-boundary Tier A+B inputs are materialized; true Tier B fallback and actual routed total remain outside this run,routed_total,month,2024-01,25,73.3,128.38,-55.08,2.330792,2.932,0.56,9.17,-5.007273,1.831336,32.28,6.131753,15,0.68,4,2.270756,measured_slice(측정 구간)
mt5_rt_s258_stc_explosive_combo_historical_2024,s258_short_tight_control,s258_stc,stress_challenger,explosive_shock_state_combo,explosive_shock_state_combo,Tier A and duplicate-boundary Tier A+B inputs are materialized; true Tier B fallback and actual routed total remain outside this run,routed_total,month,2024-02,24,295.67,364.2,-68.53,5.314461,12.319583,0.791667,19.168421,-13.706,1.398542,27.22,3.344268,2,0.333333,1,10.862234,measured_slice(측정 구간)
mt5_rt_s258_stc_explosive_combo_historical_2024,s258_short_tight_control,s258_stc,stress_challenger,explosive_shock_state_combo,explosive_shock_state_combo,Tier A and duplicate-boundary Tier A+B inputs are materialized; true Tier B fallback and actual routed total remain outside this run,routed_total,month,2024-03,25,96.61,194.48,-97.87,1.987126,3.8644,0.44,17.68,-6.990714,2.529069,31.06,6.212,9,0.72,3,3.110431,measured_slice(측정 구간)
mt5_rt_s258_stc_explosive_combo_historical_2024,s258_short_tight_control,s258_stc,stress_challenger,explosive_shock_state_combo,explosive_shock_state_combo,Tier A and duplicate-boundary Tier A+B inputs are materialized; true Tier B fallback and actual routed total remain outside this run,routed_total,month,2024-04,53,219.05,509.64,-290.59,1.753811,4.133019,0.54717,17.573793,-12.107917,1.45143,88.01,12.997504,15,0.773585,6,2.488922,measured_slice(측정 구간)
mt5_rt_s258_stc_explosive_combo_historical_2024,s258_short_tight_control,s258_stc,stress_challenger,explosive_shock_state_combo,explosive_shock_state_combo,Tier A and duplicate-boundary Tier A+B inputs are materialized; true Tier B fallback and actual routed total remain outside this run,routed_total,month,2024-05,20,290.12,398.35,-108.23,3.680588,14.506,0.65,30.642308,-15.461429,1.981855,64.83,9.70509,4,0.45,3,4.475089,measured_slice(측정 구간)
mt5_rt_s258_stc_explosive_combo_historical_2024,s258_short_tight_control,s258_stc,stress_challenger,explosive_shock_state_combo,explosive_shock_state_combo,Tier A and duplicate-boundary Tier A+B inputs are materialized; true Tier B fallback and actual routed total remain outside this run,routed_total,month,2024-06,21,-129.48,261.74,-391.22,0.669035,-6.165714,0.380952,32.7175,-30.093846,1.087182,153.7,30.432028,20,0.952381,5,-0.84242,deep_negative_or_dd_slice(깊은 음수 또는 손실폭 구간)
mt5_rt_s258_stc_explosive_combo_historical_2024,s258_short_tight_control,s258_stc,stress_challenger,explosive_shock_state_combo,explosive_shock_state_combo,Tier A and duplicate-boundary Tier A+B inputs are materialized; true Tier B fallback and actual routed total remain outside this run,routed_total,month,2024-07,60,-55.06,555.73,-610.79,0.909854,-0.917667,0.5,18.524333,-20.359667,0.909854,186.03,33.459235,26,0.883333,4,-0.295974,deep_negative_or_dd_slice(깊은 음수 또는 손실폭 구간)
mt5_rt_s258_stc_explosive_combo_historical_2024,s258_short_tight_control,s258_stc,stress_challenger,explosive_shock_state_combo,explosive_shock_state_combo,Tier A and duplicate-boundary Tier A+B inputs are materialized; true Tier B fallback and actual routed total remain outside this run,routed_total,month,2024-08,77,115.33,794.28,-678.95,1.169865,1.497792,0.519481,19.857,-18.35,1.082125,141.92,22.611328,21,0.818182,3,0.812641,measured_slice(측정 구간)
mt5_rt_s258_stc_explosive_combo_historical_2024,s258_short_tight_control,s258_stc,stress_challenger,explosive_shock_state_combo,explosive_shock_state_combo,Tier A and duplicate-boundary Tier A+B inputs are materialized; true Tier B fallback and actual routed total remain outside this run,routed_total,month,2024-09,51,203.39,627.6,-424.21,1.479456,3.988039,0.54902,22.414286,-18.443913,1.215267,231.79,31.068963,24,0.823529,9,0.877475,deep_negative_or_dd_slice(깊은 음수 또는 손실폭 구간)
mt5_rt_s258_stc_explosive_combo_historical_2024,s258_short_tight_control,s258_stc,stress_challenger,explosive_shock_state_combo,explosive_shock_state_combo,Tier A and duplicate-boundary Tier A+B inputs are materialized; true Tier B fallback and actual routed total remain outside this run,routed_total,month,2024-10,42,366.57,761.71,-395.14,1.927697,8.727857,0.547619,33.117826,-20.796842,1.592445,107.62,13.516365,31,0.833333,4,3.406151,measured_slice(측정 구간)
mt5_rt_s258_stc_explosive_combo_historical_2024,s258_short_tight_control,s258_stc,stress_challenger,explosive_shock_state_combo,explosive_shock_state_combo,Tier A and duplicate-boundary Tier A+B inputs are materialized; true Tier B fallback and actual routed total remain outside this run,routed_total,month,2024-11,43,277.31,828.74,-551.43,1.502892,6.44907,0.604651,31.874615,-32.437059,0.98266,209.97,29.064179,23,0.883721,3,1.320712,measured_slice(측정 구간)
mt5_rt_s258_stc_explosive_combo_historical_2024,s258_short_tight_control,s258_stc,stress_challenger,explosive_shock_state_combo,explosive_shock_state_combo,Tier A and duplicate-boundary Tier A+B inputs are materialized; true Tier B fallback and actual routed total remain outside this run,routed_total,month,2024-12,45,94.15,730.65,-636.5,1.147918,2.092222,0.577778,28.101923,-33.5,0.838863,237.24,41.553255,26,0.844444,2,0.396856,deep_negative_or_dd_slice(깊은 음수 또는 손실폭 구간)
mt5_ta_s258_stc_redzone_monday_dd_historical_2024,s258_short_tight_control,s258_stc,stress_challenger,redzone_monday_dd_pressure,redzone_monday_dd_pressure,Tier A and duplicate-boundary Tier A+B inputs are materialized; true Tier B fallback and actual routed total remain outside this run,tier_a_only,weekday,Tuesday,101,775.84,1595.52,-819.68,1.946516,7.681584,0.584158,27.042712,-19.51619,1.385655,276.92,18.024656,22,0.643564,7,2.801676,measured_slice(측정 구간)
mt5_ta_s258_stc_redzone_monday_dd_historical_2024,s258_short_tight_control,s258_stc,stress_challenger,redzone_monday_dd_pressure,redzone_monday_dd_pressure,Tier A and duplicate-boundary Tier A+B inputs are materialized; true Tier B fallback and actual routed total remain outside this run,tier_a_only,weekday,Thursday,120,530.03,1470.41,-940.38,1.563634,4.416917,0.508333,24.105082,-15.938644,1.512367,235.0,33.019995,64,0.858333,7,2.255447,deep_negative_or_dd_slice(깊은 음수 또는 손실폭 구간)
mt5_ta_s258_stc_redzone_monday_dd_historical_2024,s258_short_tight_control,s258_stc,stress_challenger,redzone_monday_dd_pressure,redzone_monday_dd_pressure,Tier A and duplicate-boundary Tier A+B inputs are materialized; true Tier B fallback and actual routed total remain outside this run,tier_a_only,weekday,Friday,128,382.41,1461.5,-1079.09,1.354382,2.987578,0.53125,21.492647,-17.984833,1.195043,180.78,25.764983,39,0.84375,5,2.115334,measured_slice(측정 구간)
mt5_ta_s258_stc_redzone_monday_dd_historical_2024,s258_short_tight_control,s258_stc,stress_challenger,redzone_monday_dd_pressure,redzone_monday_dd_pressure,Tier A and duplicate-boundary Tier A+B inputs are materialized; true Tier B fallback and actual routed total remain outside this run,tier_a_only,weekday,Monday,78,-87.7,841.23,-928.93,0.90559,-1.124359,0.538462,20.029286,-25.803611,0.77622,304.99,49.627376,54,0.871795,4,-0.28755,deep_negative_or_dd_slice(깊은 음수 또는 손실폭 구간)
mt5_ta_s258_stc_redzone_monday_dd_historical_2024,s258_short_tight_control,s258_stc,stress_challenger,redzone_monday_dd_pressure,redzone_monday_dd_pressure,Tier A and duplicate-boundary Tier A+B inputs are materialized; true Tier B fallback and actual routed total remain outside this run,tier_a_only,weekday,Wednesday,91,515.31,1407.37,-892.06,1.577663,5.662747,0.571429,27.064808,-22.873333,1.183247,132.54,16.661848,45,0.769231,5,3.887958,measured_slice(측정 구간)
mt5_rt_s258_stc_redzone_monday_dd_historical_2024,s258_short_tight_control,s258_stc,stress_challenger,redzone_monday_dd_pressure,redzone_monday_dd_pressure,Tier A and duplicate-boundary Tier A+B inputs are materialized; true Tier B fallback and actual routed total remain outside this run,routed_total,weekday,Tuesday,101,775.84,1595.52,-819.68,1.946516,7.681584,0.584158,27.042712,-19.51619,1.385655,276.92,18.024656,22,0.643564,7,2.801676,measured_slice(측정 구간)
mt5_rt_s258_stc_redzone_monday_dd_historical_2024,s258_short_tight_control,s258_stc,stress_challenger,redzone_monday_dd_pressure,redzone_monday_dd_pressure,Tier A and duplicate-boundary Tier A+B inputs are materialized; true Tier B fallback and actual routed total remain outside this run,routed_total,weekday,Thursday,120,530.03,1470.41,-940.38,1.563634,4.416917,0.508333,24.105082,-15.938644,1.512367,235.0,33.019995,64,0.858333,7,2.255447,deep_negative_or_dd_slice(깊은 음수 또는 손실폭 구간)
mt5_rt_s258_stc_redzone_monday_dd_historical_2024,s258_short_tight_control,s258_stc,stress_challenger,redzone_monday_dd_pressure,redzone_monday_dd_pressure,Tier A and duplicate-boundary Tier A+B inputs are materialized; true Tier B fallback and actual routed total remain outside this run,routed_total,weekday,Friday,128,382.41,1461.5,-1079.09,1.354382,2.987578,0.53125,21.492647,-17.984833,1.195043,180.78,25.764983,39,0.84375,5,2.115334,measured_slice(측정 구간)
mt5_rt_s258_stc_redzone_monday_dd_historical_2024,s258_short_tight_control,s258_stc,stress_challenger,redzone_monday_dd_pressure,redzone_monday_dd_pressure,Tier A and duplicate-boundary Tier A+B inputs are materialized; true Tier B fallback and actual routed total remain outside this run,routed_total,weekday,Monday,78,-87.7,841.23,-928.93,0.90559,-1.124359,0.538462,20.029286,-25.803611,0.77622,304.99,49.627376,54,0.871795,4,-0.28755,deep_negative_or_dd_slice(깊은 음수 또는 손실폭 구간)
mt5_rt_s258_stc_redzone_monday_dd_historical_2024,s258_short_tight_control,s258_stc,stress_challenger,redzone_monday_dd_pressure,redzone_monday_dd_pressure,Tier A and duplicate-boundary Tier A+B inputs are materialized; true Tier B fallback and actual routed total remain outside this run,routed_total,weekday,Wednesday,91,515.31,1407.37,-892.06,1.577663,5.662747,0.571429,27.064808,-22.873333,1.183247,132.54,16.661848,45,0.769231,5,3.887958,measured_slice(측정 구간)
mt5_ta_s264_aih_aih_supply_repair_historical_2024,s264_allow_inner_high_quarter,s264_aih,challenger_core,aih_aggressive_supply_repair,aih_aggressive_supply_repair,Tier A and duplicate-boundary Tier A+B inputs are materialized; true Tier B fallback and actual routed total remain outside this run,tier_a_only,weekday,Tuesday,58,390.25,623.93,-233.68,2.670019,6.728448,0.62069,17.331389,-10.621818,1.631678,65.61,6.881398,19,0.603448,3,5.948026,measured_slice(측정 구간)
mt5_ta_s264_aih_aih_supply_repair_historical_2024,s264_allow_inner_high_quarter,s264_aih,challenger_core,aih_aggressive_supply_repair,aih_aggressive_supply_repair,Tier A and duplicate-boundary Tier A+B inputs are materialized; true Tier B fallback and actual routed total remain outside this run,tier_a_only,weekday,Thursday,57,321.98,525.12,-203.14,2.585015,5.648772,0.649123,14.192432,-10.157,1.397306,63.55,7.279913,8,0.54386,3,5.066562,measured_slice(측정 구간)
mt5_ta_s264_aih_aih_supply_repair_historical_2024,s264_allow_inner_high_quarter,s264_aih,challenger_core,aih_aggressive_supply_repair,aih_aggressive_supply_repair,Tier A and duplicate-boundary Tier A+B inputs are materialized; true Tier B fallback and actual routed total remain outside this run,tier_a_only,weekday,Friday,69,167.91,491.6,-323.69,1.518737,2.433478,0.536232,13.286486,-10.115312,1.313502,68.93,12.793957,23,0.782609,5,2.43595,measured_slice(측정 구간)
mt5_ta_s264_aih_aih_supply_repair_historical_2024,s264_allow_inner_high_quarter,s264_aih,challenger_core,aih_aggressive_supply_repair,aih_aggressive_supply_repair,Tier A and duplicate-boundary Tier A+B inputs are materialized; true Tier B fallback and actual routed total remain outside this run,tier_a_only,weekday,Monday,43,-198.19,201.26,-399.45,0.503843,-4.60907,0.465116,10.063,-17.367391,0.579419,200.87,39.959815,42,0.976744,3,-0.986658,deep_negative_or_dd_slice(깊은 음수 또는 손실폭 구간)
mt5_ta_s264_aih_aih_supply_repair_historical_2024,s264_allow_inner_high_quarter,s264_aih,challenger_core,aih_aggressive_supply_repair,aih_aggressive_supply_repair,Tier A and duplicate-boundary Tier A+B inputs are materialized; true Tier B fallback and actual routed total remain outside this run,tier_a_only,weekday,Wednesday,56,365.3,612.37,-247.07,2.478528,6.523214,0.553571,19.753871,-9.8828,1.998813,92.86,9.835927,19,0.678571,3,3.933879,measured_slice(측정 구간)
mt5_rt_s264_aih_aih_supply_repair_historical_2024,s264_allow_inner_high_quarter,s264_aih,challenger_core,aih_aggressive_supply_repair,aih_aggressive_supply_repair,Tier A and duplicate-boundary Tier A+B inputs are materialized; true Tier B fallback and actual routed total remain outside this run,routed_total,weekday,Tuesday,58,390.25,623.93,-233.68,2.670019,6.728448,0.62069,17.331389,-10.621818,1.631678,65.61,6.881398,19,0.603448,3,5.948026,measured_slice(측정 구간)
mt5_rt_s264_aih_aih_supply_repair_historical_2024,s264_allow_inner_high_quarter,s264_aih,challenger_core,aih_aggressive_supply_repair,aih_aggressive_supply_repair,Tier A and duplicate-boundary Tier A+B inputs are materialized; true Tier B fallback and actual routed total remain outside this run,routed_total,weekday,Thursday,57,321.98,525.12,-203.14,2.585015,5.648772,0.649123,14.192432,-10.157,1.397306,63.55,7.279913,8,0.54386,3,5.066562,measured_slice(측정 구간)
mt5_rt_s264_aih_aih_supply_repair_historical_2024,s264_allow_inner_high_quarter,s264_aih,challenger_core,aih_aggressive_supply_repair,aih_aggressive_supply_repair,Tier A and duplicate-boundary Tier A+B inputs are materialized; true Tier B fallback and actual routed total remain outside this run,routed_total,weekday,Friday,69,167.91,491.6,-323.69,1.518737,2.433478,0.536232,13.286486,-10.115312,1.313502,68.93,12.793957,23,0.782609,5,2.43595,measured_slice(측정 구간)
mt5_rt_s264_aih_aih_supply_repair_historical_2024,s264_allow_inner_high_quarter,s264_aih,challenger_core,aih_aggressive_supply_repair,aih_aggressive_supply_repair,Tier A and duplicate-boundary Tier A+B inputs are materialized; true Tier B fallback and actual routed total remain outside this run,routed_total,weekday,Monday,43,-198.19,201.26,-399.45,0.503843,-4.60907,0.465116,10.063,-17.367391,0.579419,200.87,39.959815,42,0.976744,3,-0.986658,deep_negative_or_dd_slice(깊은 음수 또는 손실폭 구간)
mt5_rt_s264_aih_aih_supply_repair_historical_2024,s264_allow_inner_high_quarter,s264_aih,challenger_core,aih_aggressive_supply_repair,aih_aggressive_supply_repair,Tier A and duplicate-boundary Tier A+B inputs are materialized; true Tier B fallback and actual routed total remain outside this run,routed_total,weekday,Wednesday,56,365.3,612.37,-247.07,2.478528,6.523214,0.553571,19.753871,-9.8828,1.998813,92.86,9.835927,19,0.678571,3,3.933879,measured_slice(측정 구간)
mt5_ta_s264_aih_explosive_combo_historical_2024,s264_allow_inner_high_quarter,s264_aih,challenger_core,explosive_shock_state_combo,explosive_shock_state_combo,Tier A and duplicate-boundary Tier A+B inputs are materialized; true Tier B fallback and actual routed total remain outside this run,tier_a_only,weekday,Tuesday,87,540.61,1180.92,-640.31,1.844294,6.213908,0.551724,24.6025,-16.418205,1.498489,224.79,17.764343,23,0.655172,5,2.404956,measured_slice(측정 구간)
mt5_ta_s264_aih_explosive_combo_historical_2024,s264_allow_inner_high_quarter,s264_aih,challenger_core,explosive_shock_state_combo,explosive_shock_state_combo,Tier A and duplicate-boundary Tier A+B inputs are materialized; true Tier B fallback and actual routed total remain outside this run,tier_a_only,weekday,Thursday,106,281.33,1107.16,-825.83,1.340663,2.654057,0.537736,19.42386,-16.853673,1.1525,221.76,31.0523,58,0.886792,6,1.268624,deep_negative_or_dd_slice(깊은 음수 또는 손실폭 구간)
mt5_ta_s264_aih_explosive_combo_historical_2024,s264_allow_inner_high_quarter,s264_aih,challenger_core,explosive_shock_state_combo,explosive_shock_state_combo,Tier A and duplicate-boundary Tier A+B inputs are materialized; true Tier B fallback and actual routed total remain outside this run,tier_a_only,weekday,Friday,117,188.11,1001.0,-812.89,1.231409,1.607778,0.529915,16.145161,-14.779818,1.092379,168.02,24.492354,70,0.888889,8,1.119569,measured_slice(측정 구간)
mt5_ta_s264_aih_explosive_combo_historical_2024,s264_allow_inner_high_quarter,s264_aih,challenger_core,explosive_shock_state_combo,explosive_shock_state_combo,Tier A and duplicate-boundary Tier A+B inputs are materialized; true Tier B fallback and actual routed total remain outside this run,tier_a_only,weekday,Monday,71,-98.52,658.87,-757.39,0.869922,-1.387606,0.535211,17.338684,-22.951212,0.755458,283.44,52.155672,55,0.915493,5,-0.347587,deep_negative_or_dd_slice(깊은 음수 또는 손실폭 구간)
mt5_ta_s264_aih_explosive_combo_historical_2024,s264_allow_inner_high_quarter,s264_aih,challenger_core,explosive_shock_state_combo,explosive_shock_state_combo,Tier A and duplicate-boundary Tier A+B inputs are materialized; true Tier B fallback and actual routed total remain outside this run,tier_a_only,weekday,Wednesday,83,639.09,1190.9,-551.81,2.15817,7.69988,0.590361,24.304082,-16.229706,1.497506,79.27,10.336959,24,0.614458,3,8.062193,measured_slice(측정 구간)
mt5_rt_s264_aih_explosive_combo_historical_2024,s264_allow_inner_high_quarter,s264_aih,challenger_core,explosive_shock_state_combo,explosive_shock_state_combo,Tier A and duplicate-boundary Tier A+B inputs are materialized; true Tier B fallback and actual routed total remain outside this run,routed_total,weekday,Tuesday,87,540.61,1180.92,-640.31,1.844294,6.213908,0.551724,24.6025,-16.418205,1.498489,224.79,17.764343,23,0.655172,5,2.404956,measured_slice(측정 구간)
mt5_rt_s264_aih_explosive_combo_historical_2024,s264_allow_inner_high_quarter,s264_aih,challenger_core,explosive_shock_state_combo,explosive_shock_state_combo,Tier A and duplicate-boundary Tier A+B inputs are materialized; true Tier B fallback and actual routed total remain outside this run,routed_total,weekday,Thursday,106,281.33,1107.16,-825.83,1.340663,2.654057,0.537736,19.42386,-16.853673,1.1525,221.76,31.0523,58,0.886792,6,1.268624,deep_negative_or_dd_slice(깊은 음수 또는 손실폭 구간)
mt5_rt_s264_aih_explosive_combo_historical_2024,s264_allow_inner_high_quarter,s264_aih,challenger_core,explosive_shock_state_combo,explosive_shock_state_combo,Tier A and duplicate-boundary Tier A+B inputs are materialized; true Tier B fallback and actual routed total remain outside this run,routed_total,weekday,Friday,117,188.11,1001.0,-812.89,1.231409,1.607778,0.529915,16.145161,-14.779818,1.092379,168.02,24.492354,70,0.888889,8,1.119569,measured_slice(측정 구간)
mt5_rt_s264_aih_explosive_combo_historical_2024,s264_allow_inner_high_quarter,s264_aih,challenger_core,explosive_shock_state_combo,explosive_shock_state_combo,Tier A and duplicate-boundary Tier A+B inputs are materialized; true Tier B fallback and actual routed total remain outside this run,routed_total,weekday,Monday,71,-98.52,658.87,-757.39,0.869922,-1.387606,0.535211,17.338684,-22.951212,0.755458,283.44,52.155672,55,0.915493,5,-0.347587,deep_negative_or_dd_slice(깊은 음수 또는 손실폭 구간)
mt5_rt_s264_aih_explosive_combo_historical_2024,s264_allow_inner_high_quarter,s264_aih,challenger_core,explosive_shock_state_combo,explosive_shock_state_combo,Tier A and duplicate-boundary Tier A+B inputs are materialized; true Tier B fallback and actual routed total remain outside this run,routed_total,weekday,Wednesday,83,639.09,1190.9,-551.81,2.15817,7.69988,0.590361,24.304082,-16.229706,1.497506,79.27,10.336959,24,0.614458,3,8.062193,measured_slice(측정 구간)
mt5_ta_s264_aia_explosive_combo_historical_2024,s264_allow_inner_all_oos_anchor,s264_aia,oos_anchor,explosive_shock_state_combo,explosive_shock_state_combo,Tier A and duplicate-boundary Tier A+B inputs are materialized; true Tier B fallback and actual routed total remain outside this run,tier_a_only,weekday,Tuesday,94,518.08,1131.59,-613.51,1.844452,5.511489,0.574468,20.95537,-15.33775,1.366261,248.78,19.677136,23,0.648936,4,2.082483,measured_slice(측정 구간)
mt5_ta_s264_aia_explosive_combo_historical_2024,s264_allow_inner_all_oos_anchor,s264_aia,oos_anchor,explosive_shock_state_combo,explosive_shock_state_combo,Tier A and duplicate-boundary Tier A+B inputs are materialized; true Tier B fallback and actual routed total remain outside this run,tier_a_only,weekday,Thursday,114,315.0,1064.2,-749.2,1.420448,2.763158,0.535088,17.445902,-14.135849,1.23416,229.41,34.678175,57,0.894737,7,1.373087,deep_negative_or_dd_slice(깊은 음수 또는 손실폭 구간)
mt5_ta_s264_aia_explosive_combo_historical_2024,s264_allow_inner_all_oos_anchor,s264_aia,oos_anchor,explosive_shock_state_combo,explosive_shock_state_combo,Tier A and duplicate-boundary Tier A+B inputs are materialized; true Tier B fallback and actual routed total remain outside this run,tier_a_only,weekday,Friday,118,246.29,963.39,-717.1,1.343453,2.087203,0.525424,15.538548,-12.805357,1.213441,136.94,22.105994,48,0.838983,5,1.798525,measured_slice(측정 구간)
mt5_ta_s264_aia_explosive_combo_historical_2024,s264_allow_inner_all_oos_anchor,s264_aia,oos_anchor,explosive_shock_state_combo,explosive_shock_state_combo,Tier A and duplicate-boundary Tier A+B inputs are materialized; true Tier B fallback and actual routed total remain outside this run,tier_a_only,weekday,Monday,74,-103.4,556.77,-660.17,0.843374,-1.397297,0.540541,13.91925,-19.416765,0.716868,258.94,48.600762,70,0.945946,4,-0.39932,deep_negative_or_dd_slice(깊은 음수 또는 손실폭 구간)
mt5_ta_s264_aia_explosive_combo_historical_2024,s264_allow_inner_all_oos_anchor,s264_aia,oos_anchor,explosive_shock_state_combo,explosive_shock_state_combo,Tier A and duplicate-boundary Tier A+B inputs are materialized; true Tier B fallback and actual routed total remain outside this run,tier_a_only,weekday,Wednesday,84,476.6,1057.24,-580.64,1.820818,5.67381,0.571429,22.025833,-16.128889,1.365614,113.18,15.632813,32,0.75,3,4.210991,measured_slice(측정 구간)
mt5_rt_s264_aia_explosive_combo_historical_2024,s264_allow_inner_all_oos_anchor,s264_aia,oos_anchor,explosive_shock_state_combo,explosive_shock_state_combo,Tier A and duplicate-boundary Tier A+B inputs are materialized; true Tier B fallback and actual routed total remain outside this run,routed_total,weekday,Tuesday,94,518.08,1131.59,-613.51,1.844452,5.511489,0.574468,20.95537,-15.33775,1.366261,248.78,19.677136,23,0.648936,4,2.082483,measured_slice(측정 구간)
mt5_rt_s264_aia_explosive_combo_historical_2024,s264_allow_inner_all_oos_anchor,s264_aia,oos_anchor,explosive_shock_state_combo,explosive_shock_state_combo,Tier A and duplicate-boundary Tier A+B inputs are materialized; true Tier B fallback and actual routed total remain outside this run,routed_total,weekday,Thursday,114,315.0,1064.2,-749.2,1.420448,2.763158,0.535088,17.445902,-14.135849,1.23416,229.41,34.678175,57,0.894737,7,1.373087,deep_negative_or_dd_slice(깊은 음수 또는 손실폭 구간)
mt5_rt_s264_aia_explosive_combo_historical_2024,s264_allow_inner_all_oos_anchor,s264_aia,oos_anchor,explosive_shock_state_combo,explosive_shock_state_combo,Tier A and duplicate-boundary Tier A+B inputs are materialized; true Tier B fallback and actual routed total remain outside this run,routed_total,weekday,Friday,118,246.29,963.39,-717.1,1.343453,2.087203,0.525424,15.538548,-12.805357,1.213441,136.94,22.105994,48,0.838983,5,1.798525,measured_slice(측정 구간)
mt5_rt_s264_aia_explosive_combo_historical_2024,s264_allow_inner_all_oos_anchor,s264_aia,oos_anchor,explosive_shock_state_combo,explosive_shock_state_combo,Tier A and duplicate-boundary Tier A+B inputs are materialized; true Tier B fallback and actual routed total remain outside this run,routed_total,weekday,Monday,74,-103.4,556.77,-660.17,0.843374,-1.397297,0.540541,13.91925,-19.416765,0.716868,258.94,48.600762,70,0.945946,4,-0.39932,deep_negative_or_dd_slice(깊은 음수 또는 손실폭 구간)
mt5_rt_s264_aia_explosive_combo_historical_2024,s264_allow_inner_all_oos_anchor,s264_aia,oos_anchor,explosive_shock_state_combo,explosive_shock_state_combo,Tier A and duplicate-boundary Tier A+B inputs are materialized; true Tier B fallback and actual routed total remain outside this run,routed_total,weekday,Wednesday,84,476.6,1057.24,-580.64,1.820818,5.67381,0.571429,22.025833,-16.128889,1.365614,113.18,15.632813,32,0.75,3,4.210991,measured_slice(측정 구간)
mt5_ta_s258_stc_explosive_combo_historical_2024,s258_short_tight_control,s258_stc,stress_challenger,explosive_shock_state_combo,explosive_shock_state_combo,Tier A and duplicate-boundary Tier A+B inputs are materialized; true Tier B fallback and actual routed total remain outside this run,tier_a_only,weekday,Tuesday,93,766.84,1507.53,-740.69,2.035305,8.245591,0.591398,27.409636,-19.491842,1.406211,215.5,14.537825,22,0.655914,4,3.558422,measured_slice(측정 구간)
mt5_ta_s258_stc_explosive_combo_historical_2024,s258_short_tight_control,s258_stc,stress_challenger,explosive_shock_state_combo,explosive_shock_state_combo,Tier A and duplicate-boundary Tier A+B inputs are materialized; true Tier B fallback and actual routed total remain outside this run,tier_a_only,weekday,Thursday,111,401.12,1287.09,-885.97,1.452747,3.613694,0.531532,21.815085,-17.037885,1.280387,176.86,24.200213,59,0.882883,7,2.268009,measured_slice(측정 구간)
mt5_ta_s258_stc_explosive_combo_historical_2024,s258_short_tight_control,s258_stc,stress_challenger,explosive_shock_state_combo,explosive_shock_state_combo,Tier A and duplicate-boundary Tier A+B inputs are materialized; true Tier B fallback and actual routed total remain outside this run,tier_a_only,weekday,Friday,122,285.45,1288.15,-1002.7,1.284681,2.339754,0.52459,20.127344,-17.287931,1.164242,180.05,27.700426,63,0.877049,5,1.585393,measured_slice(측정 구간)
mt5_ta_s258_stc_explosive_combo_historical_2024,s258_short_tight_control,s258_stc,stress_challenger,explosive_shock_state_combo,explosive_shock_state_combo,Tier A and duplicate-boundary Tier A+B inputs are materialized; true Tier B fallback and actual routed total remain outside this run,tier_a_only,weekday,Monday,72,-149.94,711.65,-861.59,0.825973,-2.0825,0.541667,18.247436,-26.108788,0.6989,381.64,64.656253,53,0.875,4,-0.392883,deep_negative_or_dd_slice(깊은 음수 또는 손실폭 구간)
mt5_ta_s258_stc_explosive_combo_historical_2024,s258_short_tight_control,s258_stc,stress_challenger,explosive_shock_state_combo,explosive_shock_state_combo,Tier A and duplicate-boundary Tier A+B inputs are materialized; true Tier B fallback and actual routed total remain outside this run,tier_a_only,weekday,Wednesday,88,543.49,1361.08,-817.59,1.664746,6.176023,0.568182,27.2216,-21.515526,1.265207,139.63,17.695739,42,0.75,5,3.892358,measured_slice(측정 구간)
mt5_rt_s258_stc_explosive_combo_historical_2024,s258_short_tight_control,s258_stc,stress_challenger,explosive_shock_state_combo,explosive_shock_state_combo,Tier A and duplicate-boundary Tier A+B inputs are materialized; true Tier B fallback and actual routed total remain outside this run,routed_total,weekday,Tuesday,93,766.84,1507.53,-740.69,2.035305,8.245591,0.591398,27.409636,-19.491842,1.406211,215.5,14.537825,22,0.655914,4,3.558422,measured_slice(측정 구간)
mt5_rt_s258_stc_explosive_combo_historical_2024,s258_short_tight_control,s258_stc,stress_challenger,explosive_shock_state_combo,explosive_shock_state_combo,Tier A and duplicate-boundary Tier A+B inputs are materialized; true Tier B fallback and actual routed total remain outside this run,routed_total,weekday,Thursday,111,401.12,1287.09,-885.97,1.452747,3.613694,0.531532,21.815085,-17.037885,1.280387,176.86,24.200213,59,0.882883,7,2.268009,measured_slice(측정 구간)
mt5_rt_s258_stc_explosive_combo_historical_2024,s258_short_tight_control,s258_stc,stress_challenger,explosive_shock_state_combo,explosive_shock_state_combo,Tier A and duplicate-boundary Tier A+B inputs are materialized; true Tier B fallback and actual routed total remain outside this run,routed_total,weekday,Friday,122,285.45,1288.15,-1002.7,1.284681,2.339754,0.52459,20.127344,-17.287931,1.164242,180.05,27.700426,63,0.877049,5,1.585393,measured_slice(측정 구간)
mt5_rt_s258_stc_explosive_combo_historical_2024,s258_short_tight_control,s258_stc,stress_challenger,explosive_shock_state_combo,explosive_shock_state_combo,Tier A and duplicate-boundary Tier A+B inputs are materialized; true Tier B fallback and actual routed total remain outside this run,routed_total,weekday,Monday,72,-149.94,711.65,-861.59,0.825973,-2.0825,0.541667,18.247436,-26.108788,0.6989,381.64,64.656253,53,0.875,4,-0.392883,deep_negative_or_dd_slice(깊은 음수 또는 손실폭 구간)
mt5_rt_s258_stc_explosive_combo_historical_2024,s258_short_tight_control,s258_stc,stress_challenger,explosive_shock_state_combo,explosive_shock_state_combo,Tier A and duplicate-boundary Tier A+B inputs are materialized; true Tier B fallback and actual routed total remain outside this run,routed_total,weekday,Wednesday,88,543.49,1361.08,-817.59,1.664746,6.176023,0.568182,27.2216,-21.515526,1.265207,139.63,17.695739,42,0.75,5,3.892358,measured_slice(측정 구간)
mt5_ta_s258_stc_redzone_monday_dd_historical_2024,s258_short_tight_control,s258_stc,stress_challenger,redzone_monday_dd_pressure,redzone_monday_dd_pressure,Tier A and duplicate-boundary Tier A+B inputs are materialized; true Tier B fallback and actual routed total remain outside this run,tier_a_only,close_hour_report,16,111,756.62,2343.84,-1587.22,1.476695,6.816396,0.558559,37.803871,-32.392245,1.167065,412.37,28.757026,17,0.738739,6,1.834809,measured_slice(측정 구간)
mt5_ta_s258_stc_redzone_monday_dd_historical_2024,s258_short_tight_control,s258_stc,stress_challenger,redzone_monday_dd_pressure,redzone_monday_dd_pressure,Tier A and duplicate-boundary Tier A+B inputs are materialized; true Tier B fallback and actual routed total remain outside this run,tier_a_only,close_hour_report,18,88,287.16,791.93,-504.77,1.568893,3.263182,0.5,17.998409,-11.472045,1.568893,88.67,15.776457,48,0.886364,4,3.238525,measured_slice(측정 구간)
mt5_ta_s258_stc_redzone_monday_dd_historical_2024,s258_short_tight_control,s258_stc,stress_challenger,redzone_monday_dd_pressure,redzone_monday_dd_pressure,Tier A and duplicate-boundary Tier A+B inputs are materialized; true Tier B fallback and actual routed total remain outside this run,tier_a_only,close_hour_report,20,31,111.56,294.41,-182.85,1.610118,3.59871,0.548387,17.318235,-13.060714,1.325979,39.61,6.411668,7,0.645161,2,2.81646,measured_slice(측정 구간)
mt5_ta_s258_stc_redzone_monday_dd_historical_2024,s258_short_tight_control,s258_stc,stress_challenger,redzone_monday_dd_pressure,redzone_monday_dd_pressure,Tier A and duplicate-boundary Tier A+B inputs are materialized; true Tier B fallback and actual routed total remain outside this run,tier_a_only,close_hour_report,17,194,645.11,2190.94,-1545.83,1.417323,3.325309,0.57732,19.561964,-18.851585,1.037683,206.08,21.453928,71,0.737113,6,3.130386,measured_slice(측정 구간)
mt5_ta_s258_stc_redzone_monday_dd_historical_2024,s258_short_tight_control,s258_stc,stress_challenger,redzone_monday_dd_pressure,redzone_monday_dd_pressure,Tier A and duplicate-boundary Tier A+B inputs are materialized; true Tier B fallback and actual routed total remain outside this run,tier_a_only,close_hour_report,19,31,-40.78,176.68,-217.46,0.812471,-1.315484,0.387097,14.723333,-11.445263,1.286413,150.86,30.172,31,1.0,10,-0.270317,deep_negative_or_dd_slice(깊은 음수 또는 손실폭 구간)
mt5_ta_s258_stc_redzone_monday_dd_historical_2024,s258_short_tight_control,s258_stc,stress_challenger,redzone_monday_dd_pressure,redzone_monday_dd_pressure,Tier A and duplicate-boundary Tier A+B inputs are materialized; true Tier B fallback and actual routed total remain outside this run,tier_a_only,close_hour_report,21,49,228.74,546.03,-317.29,1.720918,4.668163,0.571429,19.501071,-15.109048,1.290688,146.44,16.732558,13,0.612245,4,1.562005,measured_slice(측정 구간)
mt5_ta_s258_stc_redzone_monday_dd_historical_2024,s258_short_tight_control,s258_stc,stress_challenger,redzone_monday_dd_pressure,redzone_monday_dd_pressure,Tier A and duplicate-boundary Tier A+B inputs are materialized; true Tier B fallback and actual routed total remain outside this run,tier_a_only,close_hour_report,03,1,54.58,54.58,0,inf,54.58,1.0,54.58,,,0.0,0.0,0,0.0,0,,thin_slice(얇은 구간)
mt5_ta_s258_stc_redzone_monday_dd_historical_2024,s258_short_tight_control,s258_stc,stress_challenger,redzone_monday_dd_pressure,redzone_monday_dd_pressure,Tier A and duplicate-boundary Tier A+B inputs are materialized; true Tier B fallback and actual routed total remain outside this run,tier_a_only,close_hour_report,22,8,40.5,189.37,-148.87,1.272049,5.0625,0.5,47.3425,-37.2175,1.272049,128.91,22.067584,5,0.625,3,0.314173,measured_slice(측정 구간)
mt5_ta_s258_stc_redzone_monday_dd_historical_2024,s258_short_tight_control,s258_stc,stress_challenger,redzone_monday_dd_pressure,redzone_monday_dd_pressure,Tier A and duplicate-boundary Tier A+B inputs are materialized; true Tier B fallback and actual routed total remain outside this run,tier_a_only,close_hour_report,12,2,-110.6,0,-110.6,0.0,-55.3,0.0,,-55.3,,110.6,22.12,2,1.0,2,-1.0,thin_slice(얇은 구간)
mt5_ta_s258_stc_redzone_monday_dd_historical_2024,s258_short_tight_control,s258_stc,stress_challenger,redzone_monday_dd_pressure,redzone_monday_dd_pressure,Tier A and duplicate-boundary Tier A+B inputs are materialized; true Tier B fallback and actual routed total remain outside this run,tier_a_only,close_hour_report,23,1,98.93,98.93,0,inf,98.93,1.0,98.93,,,0.0,0.0,0,0.0,0,,thin_slice(얇은 구간)
mt5_ta_s258_stc_redzone_monday_dd_historical_2024,s258_short_tight_control,s258_stc,stress_challenger,redzone_monday_dd_pressure,redzone_monday_dd_pressure,Tier A and duplicate-boundary Tier A+B inputs are materialized; true Tier B fallback and actual routed total remain outside this run,tier_a_only,close_hour_report,09,1,-45.25,0,-45.25,0.0,-45.25,0.0,,-45.25,,45.25,9.05,1,1.0,1,-1.0,thin_slice(얇은 구간)
mt5_ta_s258_stc_redzone_monday_dd_historical_2024,s258_short_tight_control,s258_stc,stress_challenger,redzone_monday_dd_pressure,redzone_monday_dd_pressure,Tier A and duplicate-boundary Tier A+B inputs are materialized; true Tier B fallback and actual routed total remain outside this run,tier_a_only,close_hour_report,02,1,89.32,89.32,0,inf,89.32,1.0,89.32,,,0.0,0.0,0,0.0,0,,thin_slice(얇은 구간)
mt5_rt_s258_stc_redzone_monday_dd_historical_2024,s258_short_tight_control,s258_stc,stress_challenger,redzone_monday_dd_pressure,redzone_monday_dd_pressure,Tier A and duplicate-boundary Tier A+B inputs are materialized; true Tier B fallback and actual routed total remain outside this run,routed_total,close_hour_report,16,111,756.62,2343.84,-1587.22,1.476695,6.816396,0.558559,37.803871,-32.392245,1.167065,412.37,28.757026,17,0.738739,6,1.834809,measured_slice(측정 구간)
mt5_rt_s258_stc_redzone_monday_dd_historical_2024,s258_short_tight_control,s258_stc,stress_challenger,redzone_monday_dd_pressure,redzone_monday_dd_pressure,Tier A and duplicate-boundary Tier A+B inputs are materialized; true Tier B fallback and actual routed total remain outside this run,routed_total,close_hour_report,18,88,287.16,791.93,-504.77,1.568893,3.263182,0.5,17.998409,-11.472045,1.568893,88.67,15.776457,48,0.886364,4,3.238525,measured_slice(측정 구간)
mt5_rt_s258_stc_redzone_monday_dd_historical_2024,s258_short_tight_control,s258_stc,stress_challenger,redzone_monday_dd_pressure,redzone_monday_dd_pressure,Tier A and duplicate-boundary Tier A+B inputs are materialized; true Tier B fallback and actual routed total remain outside this run,routed_total,close_hour_report,20,31,111.56,294.41,-182.85,1.610118,3.59871,0.548387,17.318235,-13.060714,1.325979,39.61,6.411668,7,0.645161,2,2.81646,measured_slice(측정 구간)
mt5_rt_s258_stc_redzone_monday_dd_historical_2024,s258_short_tight_control,s258_stc,stress_challenger,redzone_monday_dd_pressure,redzone_monday_dd_pressure,Tier A and duplicate-boundary Tier A+B inputs are materialized; true Tier B fallback and actual routed total remain outside this run,routed_total,close_hour_report,17,194,645.11,2190.94,-1545.83,1.417323,3.325309,0.57732,19.561964,-18.851585,1.037683,206.08,21.453928,71,0.737113,6,3.130386,measured_slice(측정 구간)
mt5_rt_s258_stc_redzone_monday_dd_historical_2024,s258_short_tight_control,s258_stc,stress_challenger,redzone_monday_dd_pressure,redzone_monday_dd_pressure,Tier A and duplicate-boundary Tier A+B inputs are materialized; true Tier B fallback and actual routed total remain outside this run,routed_total,close_hour_report,19,31,-40.78,176.68,-217.46,0.812471,-1.315484,0.387097,14.723333,-11.445263,1.286413,150.86,30.172,31,1.0,10,-0.270317,deep_negative_or_dd_slice(깊은 음수 또는 손실폭 구간)
mt5_rt_s258_stc_redzone_monday_dd_historical_2024,s258_short_tight_control,s258_stc,stress_challenger,redzone_monday_dd_pressure,redzone_monday_dd_pressure,Tier A and duplicate-boundary Tier A+B inputs are materialized; true Tier B fallback and actual routed total remain outside this run,routed_total,close_hour_report,21,49,228.74,546.03,-317.29,1.720918,4.668163,0.571429,19.501071,-15.109048,1.290688,146.44,16.732558,13,0.612245,4,1.562005,measured_slice(측정 구간)
mt5_rt_s258_stc_redzone_monday_dd_historical_2024,s258_short_tight_control,s258_stc,stress_challenger,redzone_monday_dd_pressure,redzone_monday_dd_pressure,Tier A and duplicate-boundary Tier A+B inputs are materialized; true Tier B fallback and actual routed total remain outside this run,routed_total,close_hour_report,03,1,54.58,54.58,0,inf,54.58,1.0,54.58,,,0.0,0.0,0,0.0,0,,thin_slice(얇은 구간)
mt5_rt_s258_stc_redzone_monday_dd_historical_2024,s258_short_tight_control,s258_stc,stress_challenger,redzone_monday_dd_pressure,redzone_monday_dd_pressure,Tier A and duplicate-boundary Tier A+B inputs are materialized; true Tier B fallback and actual routed total remain outside this run,routed_total,close_hour_report,22,8,40.5,189.37,-148.87,1.272049,5.0625,0.5,47.3425,-37.2175,1.272049,128.91,22.067584,5,0.625,3,0.314173,measured_slice(측정 구간)
mt5_rt_s258_stc_redzone_monday_dd_historical_2024,s258_short_tight_control,s258_stc,stress_challenger,redzone_monday_dd_pressure,redzone_monday_dd_pressure,Tier A and duplicate-boundary Tier A+B inputs are materialized; true Tier B fallback and actual routed total remain outside this run,routed_total,close_hour_report,12,2,-110.6,0,-110.6,0.0,-55.3,0.0,,-55.3,,110.6,22.12,2,1.0,2,-1.0,thin_slice(얇은 구간)
mt5_rt_s258_stc_redzone_monday_dd_historical_2024,s258_short_tight_control,s258_stc,stress_challenger,redzone_monday_dd_pressure,redzone_monday_dd_pressure,Tier A and duplicate-boundary Tier A+B inputs are materialized; true Tier B fallback and actual routed total remain outside this run,routed_total,close_hour_report,23,1,98.93,98.93,0,inf,98.93,1.0,98.93,,,0.0,0.0,0,0.0,0,,thin_slice(얇은 구간)
mt5_rt_s258_stc_redzone_monday_dd_historical_2024,s258_short_tight_control,s258_stc,stress_challenger,redzone_monday_dd_pressure,redzone_monday_dd_pressure,Tier A and duplicate-boundary Tier A+B inputs are materialized; true Tier B fallback and actual routed total remain outside this run,routed_total,close_hour_report,09,1,-45.25,0,-45.25,0.0,-45.25,0.0,,-45.25,,45.25,9.05,1,1.0,1,-1.0,thin_slice(얇은 구간)
mt5_rt_s258_stc_redzone_monday_dd_historical_2024,s258_short_tight_control,s258_stc,stress_challenger,redzone_monday_dd_pressure,redzone_monday_dd_pressure,Tier A and duplicate-boundary Tier A+B inputs are materialized; true Tier B fallback and actual routed total remain outside this run,routed_total,close_hour_report,02,1,89.32,89.32,0,inf,89.32,1.0,89.32,,,0.0,0.0,0,0.0,0,,thin_slice(얇은 구간)
mt5_ta_s264_aih_aih_supply_repair_historical_2024,s264_allow_inner_high_quarter,s264_aih,challenger_core,aih_aggressive_supply_repair,aih_aggressive_supply_repair,Tier A and duplicate-boundary Tier A+B inputs are materialized; true Tier B fallback and actual routed total remain outside this run,tier_a_only,close_hour_report,16,54,568.41,984.52,-416.11,2.366009,10.526111,0.666667,27.347778,-23.117222,1.183004,150.92,12.875046,11,0.611111,5,3.7663,measured_slice(측정 구간)
mt5_ta_s264_aih_aih_supply_repair_historical_2024,s264_allow_inner_high_quarter,s264_aih,challenger_core,aih_aggressive_supply_repair,aih_aggressive_supply_repair,Tier A and duplicate-boundary Tier A+B inputs are materialized; true Tier B fallback and actual routed total remain outside this run,tier_a_only,close_hour_report,17,118,120.86,677.33,-556.47,1.217191,1.024237,0.525424,10.924677,-9.936964,1.099398,136.19,22.329524,67,0.813559,7,0.887437,measured_slice(측정 구간)
mt5_ta_s264_aih_aih_supply_repair_historical_2024,s264_allow_inner_high_quarter,s264_aih,challenger_core,aih_aggressive_supply_repair,aih_aggressive_supply_repair,Tier A and duplicate-boundary Tier A+B inputs are materialized; true Tier B fallback and actual routed total remain outside this run,tier_a_only,close_hour_report,19,13,35.84,78.04,-42.2,1.849289,2.756923,0.615385,9.755,-8.44,1.155806,38.09,7.494786,6,0.615385,2,0.940929,measured_slice(측정 구간)
mt5_ta_s264_aih_aih_supply_repair_historical_2024,s264_allow_inner_high_quarter,s264_aih,challenger_core,aih_aggressive_supply_repair,aih_aggressive_supply_repair,Tier A and duplicate-boundary Tier A+B inputs are materialized; true Tier B fallback and actual routed total remain outside this run,tier_a_only,close_hour_report,18,50,140.23,290.56,-150.33,1.932814,2.8046,0.52,11.175385,-6.26375,1.784136,55.96,9.611817,18,0.72,4,2.505897,measured_slice(측정 구간)
mt5_ta_s264_aih_aih_supply_repair_historical_2024,s264_allow_inner_high_quarter,s264_aih,challenger_core,aih_aggressive_supply_repair,aih_aggressive_supply_repair,Tier A and duplicate-boundary Tier A+B inputs are materialized; true Tier B fallback and actual routed total remain outside this run,tier_a_only,close_hour_report,21,23,56.05,145.65,-89.6,1.625558,2.436957,0.652174,9.71,-11.2,0.866964,43.26,7.218301,3,0.434783,3,1.295654,measured_slice(측정 구간)
mt5_ta_s264_aih_aih_supply_repair_historical_2024,s264_allow_inner_high_quarter,s264_aih,challenger_core,aih_aggressive_supply_repair,aih_aggressive_supply_repair,Tier A and duplicate-boundary Tier A+B inputs are materialized; true Tier B fallback and actual routed total remain outside this run,tier_a_only,close_hour_report,20,15,-7.11,48.52,-55.63,0.872191,-0.474,0.533333,6.065,-7.947143,0.763167,28.28,5.491475,11,0.866667,2,-0.251414,minor_negative_slice(소폭 음수 구간)
mt5_ta_s264_aih_aih_supply_repair_historical_2024,s264_allow_inner_high_quarter,s264_aih,challenger_core,aih_aggressive_supply_repair,aih_aggressive_supply_repair,Tier A and duplicate-boundary Tier A+B inputs are materialized; true Tier B fallback and actual routed total remain outside this run,tier_a_only,close_hour_report,03,1,47.05,47.05,0,inf,47.05,1.0,47.05,,,0.0,0.0,0,0.0,0,,thin_slice(얇은 구간)
mt5_ta_s264_aih_aih_supply_repair_historical_2024,s264_allow_inner_high_quarter,s264_aih,challenger_core,aih_aggressive_supply_repair,aih_aggressive_supply_repair,Tier A and duplicate-boundary Tier A+B inputs are materialized; true Tier B fallback and actual routed total remain outside this run,tier_a_only,close_hour_report,22,4,77.2,95.25,-18.05,5.277008,19.3,0.75,31.75,-18.05,1.759003,18.05,3.349478,1,0.25,1,4.277008,measured_slice(측정 구간)
mt5_ta_s264_aih_aih_supply_repair_historical_2024,s264_allow_inner_high_quarter,s264_aih,challenger_core,aih_aggressive_supply_repair,aih_aggressive_supply_repair,Tier A and duplicate-boundary Tier A+B inputs are materialized; true Tier B fallback and actual routed total remain outside this run,tier_a_only,close_hour_report,12,2,-51.13,0,-51.13,0.0,-25.565,0.0,,-25.565,,51.13,10.226,2,1.0,2,-1.0,thin_slice(얇은 구간)
mt5_ta_s264_aih_aih_supply_repair_historical_2024,s264_allow_inner_high_quarter,s264_aih,challenger_core,aih_aggressive_supply_repair,aih_aggressive_supply_repair,Tier A and duplicate-boundary Tier A+B inputs are materialized; true Tier B fallback and actual routed total remain outside this run,tier_a_only,close_hour_report,23,1,31.54,31.54,0,inf,31.54,1.0,31.54,,,0.0,0.0,0,0.0,0,,thin_slice(얇은 구간)
mt5_ta_s264_aih_aih_supply_repair_historical_2024,s264_allow_inner_high_quarter,s264_aih,challenger_core,aih_aggressive_supply_repair,aih_aggressive_supply_repair,Tier A and duplicate-boundary Tier A+B inputs are materialized; true Tier B fallback and actual routed total remain outside this run,tier_a_only,close_hour_report,09,1,-27.51,0,-27.51,0.0,-27.51,0.0,,-27.51,,27.51,5.502,1,1.0,1,-1.0,thin_slice(얇은 구간)
mt5_ta_s264_aih_aih_supply_repair_historical_2024,s264_allow_inner_high_quarter,s264_aih,challenger_core,aih_aggressive_supply_repair,aih_aggressive_supply_repair,Tier A and duplicate-boundary Tier A+B inputs are materialized; true Tier B fallback and actual routed total remain outside this run,tier_a_only,close_hour_report,02,1,55.82,55.82,0,inf,55.82,1.0,55.82,,,0.0,0.0,0,0.0,0,,thin_slice(얇은 구간)
mt5_rt_s264_aih_aih_supply_repair_historical_2024,s264_allow_inner_high_quarter,s264_aih,challenger_core,aih_aggressive_supply_repair,aih_aggressive_supply_repair,Tier A and duplicate-boundary Tier A+B inputs are materialized; true Tier B fallback and actual routed total remain outside this run,routed_total,close_hour_report,16,54,568.41,984.52,-416.11,2.366009,10.526111,0.666667,27.347778,-23.117222,1.183004,150.92,12.875046,11,0.611111,5,3.7663,measured_slice(측정 구간)
mt5_rt_s264_aih_aih_supply_repair_historical_2024,s264_allow_inner_high_quarter,s264_aih,challenger_core,aih_aggressive_supply_repair,aih_aggressive_supply_repair,Tier A and duplicate-boundary Tier A+B inputs are materialized; true Tier B fallback and actual routed total remain outside this run,routed_total,close_hour_report,17,118,120.86,677.33,-556.47,1.217191,1.024237,0.525424,10.924677,-9.936964,1.099398,136.19,22.329524,67,0.813559,7,0.887437,measured_slice(측정 구간)
mt5_rt_s264_aih_aih_supply_repair_historical_2024,s264_allow_inner_high_quarter,s264_aih,challenger_core,aih_aggressive_supply_repair,aih_aggressive_supply_repair,Tier A and duplicate-boundary Tier A+B inputs are materialized; true Tier B fallback and actual routed total remain outside this run,routed_total,close_hour_report,19,13,35.84,78.04,-42.2,1.849289,2.756923,0.615385,9.755,-8.44,1.155806,38.09,7.494786,6,0.615385,2,0.940929,measured_slice(측정 구간)
mt5_rt_s264_aih_aih_supply_repair_historical_2024,s264_allow_inner_high_quarter,s264_aih,challenger_core,aih_aggressive_supply_repair,aih_aggressive_supply_repair,Tier A and duplicate-boundary Tier A+B inputs are materialized; true Tier B fallback and actual routed total remain outside this run,routed_total,close_hour_report,18,50,140.23,290.56,-150.33,1.932814,2.8046,0.52,11.175385,-6.26375,1.784136,55.96,9.611817,18,0.72,4,2.505897,measured_slice(측정 구간)
mt5_rt_s264_aih_aih_supply_repair_historical_2024,s264_allow_inner_high_quarter,s264_aih,challenger_core,aih_aggressive_supply_repair,aih_aggressive_supply_repair,Tier A and duplicate-boundary Tier A+B inputs are materialized; true Tier B fallback and actual routed total remain outside this run,routed_total,close_hour_report,21,23,56.05,145.65,-89.6,1.625558,2.436957,0.652174,9.71,-11.2,0.866964,43.26,7.218301,3,0.434783,3,1.295654,measured_slice(측정 구간)
mt5_rt_s264_aih_aih_supply_repair_historical_2024,s264_allow_inner_high_quarter,s264_aih,challenger_core,aih_aggressive_supply_repair,aih_aggressive_supply_repair,Tier A and duplicate-boundary Tier A+B inputs are materialized; true Tier B fallback and actual routed total remain outside this run,routed_total,close_hour_report,20,15,-7.11,48.52,-55.63,0.872191,-0.474,0.533333,6.065,-7.947143,0.763167,28.28,5.491475,11,0.866667,2,-0.251414,minor_negative_slice(소폭 음수 구간)
mt5_rt_s264_aih_aih_supply_repair_historical_2024,s264_allow_inner_high_quarter,s264_aih,challenger_core,aih_aggressive_supply_repair,aih_aggressive_supply_repair,Tier A and duplicate-boundary Tier A+B inputs are materialized; true Tier B fallback and actual routed total remain outside this run,routed_total,close_hour_report,03,1,47.05,47.05,0,inf,47.05,1.0,47.05,,,0.0,0.0,0,0.0,0,,thin_slice(얇은 구간)
mt5_rt_s264_aih_aih_supply_repair_historical_2024,s264_allow_inner_high_quarter,s264_aih,challenger_core,aih_aggressive_supply_repair,aih_aggressive_supply_repair,Tier A and duplicate-boundary Tier A+B inputs are materialized; true Tier B fallback and actual routed total remain outside this run,routed_total,close_hour_report,22,4,77.2,95.25,-18.05,5.277008,19.3,0.75,31.75,-18.05,1.759003,18.05,3.349478,1,0.25,1,4.277008,measured_slice(측정 구간)
mt5_rt_s264_aih_aih_supply_repair_historical_2024,s264_allow_inner_high_quarter,s264_aih,challenger_core,aih_aggressive_supply_repair,aih_aggressive_supply_repair,Tier A and duplicate-boundary Tier A+B inputs are materialized; true Tier B fallback and actual routed total remain outside this run,routed_total,close_hour_report,12,2,-51.13,0,-51.13,0.0,-25.565,0.0,,-25.565,,51.13,10.226,2,1.0,2,-1.0,thin_slice(얇은 구간)
mt5_rt_s264_aih_aih_supply_repair_historical_2024,s264_allow_inner_high_quarter,s264_aih,challenger_core,aih_aggressive_supply_repair,aih_aggressive_supply_repair,Tier A and duplicate-boundary Tier A+B inputs are materialized; true Tier B fallback and actual routed total remain outside this run,routed_total,close_hour_report,23,1,31.54,31.54,0,inf,31.54,1.0,31.54,,,0.0,0.0,0,0.0,0,,thin_slice(얇은 구간)
mt5_rt_s264_aih_aih_supply_repair_historical_2024,s264_allow_inner_high_quarter,s264_aih,challenger_core,aih_aggressive_supply_repair,aih_aggressive_supply_repair,Tier A and duplicate-boundary Tier A+B inputs are materialized; true Tier B fallback and actual routed total remain outside this run,routed_total,close_hour_report,09,1,-27.51,0,-27.51,0.0,-27.51,0.0,,-27.51,,27.51,5.502,1,1.0,1,-1.0,thin_slice(얇은 구간)
mt5_rt_s264_aih_aih_supply_repair_historical_2024,s264_allow_inner_high_quarter,s264_aih,challenger_core,aih_aggressive_supply_repair,aih_aggressive_supply_repair,Tier A and duplicate-boundary Tier A+B inputs are materialized; true Tier B fallback and actual routed total remain outside this run,routed_total,close_hour_report,02,1,55.82,55.82,0,inf,55.82,1.0,55.82,,,0.0,0.0,0,0.0,0,,thin_slice(얇은 구간)
mt5_ta_s264_aih_explosive_combo_historical_2024,s264_allow_inner_high_quarter,s264_aih,challenger_core,explosive_shock_state_combo,explosive_shock_state_combo,Tier A and duplicate-boundary Tier A+B inputs are materialized; true Tier B fallback and actual routed total remain outside this run,tier_a_only,close_hour_report,16,85,513.88,1660.2,-1146.32,1.448287,6.045647,0.552941,35.323404,-30.166316,1.170955,299.89,34.112123,40,0.776471,4,1.713562,deep_negative_or_dd_slice(깊은 음수 또는 손실폭 구간)
mt5_ta_s264_aih_explosive_combo_historical_2024,s264_allow_inner_high_quarter,s264_aih,challenger_core,explosive_shock_state_combo,explosive_shock_state_combo,Tier A and duplicate-boundary Tier A+B inputs are materialized; true Tier B fallback and actual routed total remain outside this run,tier_a_only,close_hour_report,18,81,52.45,491.65,-439.2,1.119422,0.647531,0.506173,11.991463,-10.98,1.092119,118.15,19.952715,43,0.91358,5,0.443927,measured_slice(측정 구간)
mt5_ta_s264_aih_explosive_combo_historical_2024,s264_allow_inner_high_quarter,s264_aih,challenger_core,explosive_shock_state_combo,explosive_shock_state_combo,Tier A and duplicate-boundary Tier A+B inputs are materialized; true Tier B fallback and actual routed total remain outside this run,tier_a_only,close_hour_report,17,190,429.6,1768.37,-1338.77,1.320892,2.261053,0.568421,16.373796,-16.326463,1.002899,218.35,25.838708,96,0.794737,5,1.967483,measured_slice(측정 구간)
mt5_ta_s264_aih_explosive_combo_historical_2024,s264_allow_inner_high_quarter,s264_aih,challenger_core,explosive_shock_state_combo,explosive_shock_state_combo,Tier A and duplicate-boundary Tier A+B inputs are materialized; true Tier B fallback and actual routed total remain outside this run,tier_a_only,close_hour_report,19,26,18.08,149.0,-130.92,1.1381,0.695385,0.423077,13.545455,-8.728,1.551954,80.07,16.014,22,0.884615,7,0.225802,measured_slice(측정 구간)
mt5_ta_s264_aih_explosive_combo_historical_2024,s264_allow_inner_high_quarter,s264_aih,challenger_core,explosive_shock_state_combo,explosive_shock_state_combo,Tier A and duplicate-boundary Tier A+B inputs are materialized; true Tier B fallback and actual routed total remain outside this run,tier_a_only,close_hour_report,21,39,279.54,427.15,-147.61,2.893774,7.167692,0.666667,16.428846,-11.354615,1.446887,39.9,5.66335,11,0.615385,2,7.006015,measured_slice(측정 구간)
mt5_ta_s264_aih_explosive_combo_historical_2024,s264_allow_inner_high_quarter,s264_aih,challenger_core,explosive_shock_state_combo,explosive_shock_state_combo,Tier A and duplicate-boundary Tier A+B inputs are materialized; true Tier B fallback and actual routed total remain outside this run,tier_a_only,close_hour_report,20,32,81.59,259.36,-177.77,1.458964,2.549688,0.46875,17.290667,-10.457059,1.653492,73.71,11.248283,18,0.8125,6,1.106905,measured_slice(측정 구간)
mt5_ta_s264_aih_explosive_combo_historical_2024,s264_allow_inner_high_quarter,s264_aih,challenger_core,explosive_shock_state_combo,explosive_shock_state_combo,Tier A and duplicate-boundary Tier A+B inputs are materialized; true Tier B fallback and actual routed total remain outside this run,tier_a_only,close_hour_report,03,1,55.52,55.52,0,inf,55.52,1.0,55.52,,,0.0,0.0,0,0.0,0,,thin_slice(얇은 구간)
mt5_ta_s264_aih_explosive_combo_historical_2024,s264_allow_inner_high_quarter,s264_aih,challenger_core,explosive_shock_state_combo,explosive_shock_state_combo,Tier A and duplicate-boundary Tier A+B inputs are materialized; true Tier B fallback and actual routed total remain outside this run,tier_a_only,close_hour_report,22,5,111.69,183.11,-71.42,2.563848,22.338,0.6,61.036667,-35.71,1.709232,37.69,5.803998,1,0.4,1,2.963386,measured_slice(측정 구간)
mt5_ta_s264_aih_explosive_combo_historical_2024,s264_allow_inner_high_quarter,s264_aih,challenger_core,explosive_shock_state_combo,explosive_shock_state_combo,Tier A and duplicate-boundary Tier A+B inputs are materialized; true Tier B fallback and actual routed total remain outside this run,tier_a_only,close_hour_report,12,2,-97.19,0,-97.19,0.0,-48.595,0.0,,-48.595,,97.19,19.438,2,1.0,2,-1.0,thin_slice(얇은 구간)
mt5_ta_s264_aih_explosive_combo_historical_2024,s264_allow_inner_high_quarter,s264_aih,challenger_core,explosive_shock_state_combo,explosive_shock_state_combo,Tier A and duplicate-boundary Tier A+B inputs are materialized; true Tier B fallback and actual routed total remain outside this run,tier_a_only,close_hour_report,23,1,80.29,80.29,0,inf,80.29,1.0,80.29,,,0.0,0.0,0,0.0,0,,thin_slice(얇은 구간)
mt5_ta_s264_aih_explosive_combo_historical_2024,s264_allow_inner_high_quarter,s264_aih,challenger_core,explosive_shock_state_combo,explosive_shock_state_combo,Tier A and duplicate-boundary Tier A+B inputs are materialized; true Tier B fallback and actual routed total remain outside this run,tier_a_only,close_hour_report,09,1,-39.03,0,-39.03,0.0,-39.03,0.0,,-39.03,,39.03,7.806,1,1.0,1,-1.0,thin_slice(얇은 구간)
mt5_ta_s264_aih_explosive_combo_historical_2024,s264_allow_inner_high_quarter,s264_aih,challenger_core,explosive_shock_state_combo,explosive_shock_state_combo,Tier A and duplicate-boundary Tier A+B inputs are materialized; true Tier B fallback and actual routed total remain outside this run,tier_a_only,close_hour_report,02,1,64.2,64.2,0,inf,64.2,1.0,64.2,,,0.0,0.0,0,0.0,0,,thin_slice(얇은 구간)
mt5_rt_s264_aih_explosive_combo_historical_2024,s264_allow_inner_high_quarter,s264_aih,challenger_core,explosive_shock_state_combo,explosive_shock_state_combo,Tier A and duplicate-boundary Tier A+B inputs are materialized; true Tier B fallback and actual routed total remain outside this run,routed_total,close_hour_report,16,85,513.88,1660.2,-1146.32,1.448287,6.045647,0.552941,35.323404,-30.166316,1.170955,299.89,34.112123,40,0.776471,4,1.713562,deep_negative_or_dd_slice(깊은 음수 또는 손실폭 구간)
mt5_rt_s264_aih_explosive_combo_historical_2024,s264_allow_inner_high_quarter,s264_aih,challenger_core,explosive_shock_state_combo,explosive_shock_state_combo,Tier A and duplicate-boundary Tier A+B inputs are materialized; true Tier B fallback and actual routed total remain outside this run,routed_total,close_hour_report,18,81,52.45,491.65,-439.2,1.119422,0.647531,0.506173,11.991463,-10.98,1.092119,118.15,19.952715,43,0.91358,5,0.443927,measured_slice(측정 구간)
mt5_rt_s264_aih_explosive_combo_historical_2024,s264_allow_inner_high_quarter,s264_aih,challenger_core,explosive_shock_state_combo,explosive_shock_state_combo,Tier A and duplicate-boundary Tier A+B inputs are materialized; true Tier B fallback and actual routed total remain outside this run,routed_total,close_hour_report,17,190,429.6,1768.37,-1338.77,1.320892,2.261053,0.568421,16.373796,-16.326463,1.002899,218.35,25.838708,96,0.794737,5,1.967483,measured_slice(측정 구간)
mt5_rt_s264_aih_explosive_combo_historical_2024,s264_allow_inner_high_quarter,s264_aih,challenger_core,explosive_shock_state_combo,explosive_shock_state_combo,Tier A and duplicate-boundary Tier A+B inputs are materialized; true Tier B fallback and actual routed total remain outside this run,routed_total,close_hour_report,19,26,18.08,149.0,-130.92,1.1381,0.695385,0.423077,13.545455,-8.728,1.551954,80.07,16.014,22,0.884615,7,0.225802,measured_slice(측정 구간)
mt5_rt_s264_aih_explosive_combo_historical_2024,s264_allow_inner_high_quarter,s264_aih,challenger_core,explosive_shock_state_combo,explosive_shock_state_combo,Tier A and duplicate-boundary Tier A+B inputs are materialized; true Tier B fallback and actual routed total remain outside this run,routed_total,close_hour_report,21,39,279.54,427.15,-147.61,2.893774,7.167692,0.666667,16.428846,-11.354615,1.446887,39.9,5.66335,11,0.615385,2,7.006015,measured_slice(측정 구간)
mt5_rt_s264_aih_explosive_combo_historical_2024,s264_allow_inner_high_quarter,s264_aih,challenger_core,explosive_shock_state_combo,explosive_shock_state_combo,Tier A and duplicate-boundary Tier A+B inputs are materialized; true Tier B fallback and actual routed total remain outside this run,routed_total,close_hour_report,20,32,81.59,259.36,-177.77,1.458964,2.549688,0.46875,17.290667,-10.457059,1.653492,73.71,11.248283,18,0.8125,6,1.106905,measured_slice(측정 구간)
mt5_rt_s264_aih_explosive_combo_historical_2024,s264_allow_inner_high_quarter,s264_aih,challenger_core,explosive_shock_state_combo,explosive_shock_state_combo,Tier A and duplicate-boundary Tier A+B inputs are materialized; true Tier B fallback and actual routed total remain outside this run,routed_total,close_hour_report,03,1,55.52,55.52,0,inf,55.52,1.0,55.52,,,0.0,0.0,0,0.0,0,,thin_slice(얇은 구간)
mt5_rt_s264_aih_explosive_combo_historical_2024,s264_allow_inner_high_quarter,s264_aih,challenger_core,explosive_shock_state_combo,explosive_shock_state_combo,Tier A and duplicate-boundary Tier A+B inputs are materialized; true Tier B fallback and actual routed total remain outside this run,routed_total,close_hour_report,22,5,111.69,183.11,-71.42,2.563848,22.338,0.6,61.036667,-35.71,1.709232,37.69,5.803998,1,0.4,1,2.963386,measured_slice(측정 구간)
mt5_rt_s264_aih_explosive_combo_historical_2024,s264_allow_inner_high_quarter,s264_aih,challenger_core,explosive_shock_state_combo,explosive_shock_state_combo,Tier A and duplicate-boundary Tier A+B inputs are materialized; true Tier B fallback and actual routed total remain outside this run,routed_total,close_hour_report,12,2,-97.19,0,-97.19,0.0,-48.595,0.0,,-48.595,,97.19,19.438,2,1.0,2,-1.0,thin_slice(얇은 구간)
mt5_rt_s264_aih_explosive_combo_historical_2024,s264_allow_inner_high_quarter,s264_aih,challenger_core,explosive_shock_state_combo,explosive_shock_state_combo,Tier A and duplicate-boundary Tier A+B inputs are materialized; true Tier B fallback and actual routed total remain outside this run,routed_total,close_hour_report,23,1,80.29,80.29,0,inf,80.29,1.0,80.29,,,0.0,0.0,0,0.0,0,,thin_slice(얇은 구간)
mt5_rt_s264_aih_explosive_combo_historical_2024,s264_allow_inner_high_quarter,s264_aih,challenger_core,explosive_shock_state_combo,explosive_shock_state_combo,Tier A and duplicate-boundary Tier A+B inputs are materialized; true Tier B fallback and actual routed total remain outside this run,routed_total,close_hour_report,09,1,-39.03,0,-39.03,0.0,-39.03,0.0,,-39.03,,39.03,7.806,1,1.0,1,-1.0,thin_slice(얇은 구간)
mt5_rt_s264_aih_explosive_combo_historical_2024,s264_allow_inner_high_quarter,s264_aih,challenger_core,explosive_shock_state_combo,explosive_shock_state_combo,Tier A and duplicate-boundary Tier A+B inputs are materialized; true Tier B fallback and actual routed total remain outside this run,routed_total,close_hour_report,02,1,64.2,64.2,0,inf,64.2,1.0,64.2,,,0.0,0.0,0,0.0,0,,thin_slice(얇은 구간)
mt5_ta_s264_aia_explosive_combo_historical_2024,s264_allow_inner_all_oos_anchor,s264_aia,oos_anchor,explosive_shock_state_combo,explosive_shock_state_combo,Tier A and duplicate-boundary Tier A+B inputs are materialized; true Tier B fallback and actual routed total remain outside this run,tier_a_only,close_hour_report,16,97,430.4,1546.13,-1115.73,1.385756,4.437113,0.536082,29.733269,-24.794,1.199212,313.15,26.915639,51,0.835052,5,1.374421,measured_slice(측정 구간)
mt5_ta_s264_aia_explosive_combo_historical_2024,s264_allow_inner_all_oos_anchor,s264_aia,oos_anchor,explosive_shock_state_combo,explosive_shock_state_combo,Tier A and duplicate-boundary Tier A+B inputs are materialized; true Tier B fallback and actual routed total remain outside this run,tier_a_only,close_hour_report,18,80,103.11,464.44,-361.33,1.285362,1.288875,0.5125,11.327805,-9.264872,1.222662,71.89,13.727063,46,0.9125,3,1.434275,measured_slice(측정 구간)
mt5_ta_s264_aia_explosive_combo_historical_2024,s264_allow_inner_all_oos_anchor,s264_aia,oos_anchor,explosive_shock_state_combo,explosive_shock_state_combo,Tier A and duplicate-boundary Tier A+B inputs are materialized; true Tier B fallback and actual routed total remain outside this run,tier_a_only,close_hour_report,20,32,169.09,270.29,-101.2,2.67085,5.284063,0.625,13.5145,-8.433333,1.60251,27.95,4.492796,11,0.65625,2,6.049732,measured_slice(측정 구간)
mt5_ta_s264_aia_explosive_combo_historical_2024,s264_allow_inner_all_oos_anchor,s264_aia,oos_anchor,explosive_shock_state_combo,explosive_shock_state_combo,Tier A and duplicate-boundary Tier A+B inputs are materialized; true Tier B fallback and actual routed total remain outside this run,tier_a_only,close_hour_report,17,192,476.23,1689.81,-1213.58,1.392417,2.480365,0.5625,15.646389,-14.447381,1.082991,208.45,26.076785,75,0.796875,6,2.284625,measured_slice(측정 구간)
mt5_ta_s264_aia_explosive_combo_historical_2024,s264_allow_inner_all_oos_anchor,s264_aia,oos_anchor,explosive_shock_state_combo,explosive_shock_state_combo,Tier A and duplicate-boundary Tier A+B inputs are materialized; true Tier B fallback and actual routed total remain outside this run,tier_a_only,close_hour_report,19,27,-49.65,85.32,-134.97,0.63214,-1.838889,0.481481,6.563077,-9.640714,0.680767,86.66,17.332,27,1.0,7,-0.572929,minor_negative_slice(소폭 음수 구간)
mt5_ta_s264_aia_explosive_combo_historical_2024,s264_allow_inner_all_oos_anchor,s264_aia,oos_anchor,explosive_shock_state_combo,explosive_shock_state_combo,Tier A and duplicate-boundary Tier A+B inputs are materialized; true Tier B fallback and actual routed total remain outside this run,tier_a_only,close_hour_report,21,45,211.8,416.22,-204.42,2.036102,4.706667,0.577778,16.008462,-10.758947,1.487921,76.92,9.75251,8,0.644444,3,2.75351,measured_slice(측정 구간)
mt5_ta_s264_aia_explosive_combo_historical_2024,s264_allow_inner_all_oos_anchor,s264_aia,oos_anchor,explosive_shock_state_combo,explosive_shock_state_combo,Tier A and duplicate-boundary Tier A+B inputs are materialized; true Tier B fallback and actual routed total remain outside this run,tier_a_only,close_hour_report,03,1,50.81,50.81,0,inf,50.81,1.0,50.81,,,0.0,0.0,0,0.0,0,,thin_slice(얇은 구간)
mt5_ta_s264_aia_explosive_combo_historical_2024,s264_allow_inner_all_oos_anchor,s264_aia,oos_anchor,explosive_shock_state_combo,explosive_shock_state_combo,Tier A and duplicate-boundary Tier A+B inputs are materialized; true Tier B fallback and actual routed total remain outside this run,tier_a_only,close_hour_report,12,2,-87.89,0,-87.89,0.0,-43.945,0.0,,-43.945,,87.89,17.578,2,1.0,2,-1.0,thin_slice(얇은 구간)
mt5_ta_s264_aia_explosive_combo_historical_2024,s264_allow_inner_all_oos_anchor,s264_aia,oos_anchor,explosive_shock_state_combo,explosive_shock_state_combo,Tier A and duplicate-boundary Tier A+B inputs are materialized; true Tier B fallback and actual routed total remain outside this run,tier_a_only,close_hour_report,22,5,31.38,101.83,-70.45,1.445422,6.276,0.4,50.915,-23.483333,2.168133,45.03,8.549784,2,0.6,2,0.696869,measured_slice(측정 구간)
mt5_ta_s264_aia_explosive_combo_historical_2024,s264_allow_inner_all_oos_anchor,s264_aia,oos_anchor,explosive_shock_state_combo,explosive_shock_state_combo,Tier A and duplicate-boundary Tier A+B inputs are materialized; true Tier B fallback and actual routed total remain outside this run,tier_a_only,close_hour_report,23,1,67.39,67.39,0,inf,67.39,1.0,67.39,,,0.0,0.0,0,0.0,0,,thin_slice(얇은 구간)
mt5_ta_s264_aia_explosive_combo_historical_2024,s264_allow_inner_all_oos_anchor,s264_aia,oos_anchor,explosive_shock_state_combo,explosive_shock_state_combo,Tier A and duplicate-boundary Tier A+B inputs are materialized; true Tier B fallback and actual routed total remain outside this run,tier_a_only,close_hour_report,09,1,-31.05,0,-31.05,0.0,-31.05,0.0,,-31.05,,31.05,6.21,1,1.0,1,-1.0,thin_slice(얇은 구간)
mt5_ta_s264_aia_explosive_combo_historical_2024,s264_allow_inner_all_oos_anchor,s264_aia,oos_anchor,explosive_shock_state_combo,explosive_shock_state_combo,Tier A and duplicate-boundary Tier A+B inputs are materialized; true Tier B fallback and actual routed total remain outside this run,tier_a_only,close_hour_report,02,1,80.95,80.95,0,inf,80.95,1.0,80.95,,,0.0,0.0,0,0.0,0,,thin_slice(얇은 구간)
mt5_rt_s264_aia_explosive_combo_historical_2024,s264_allow_inner_all_oos_anchor,s264_aia,oos_anchor,explosive_shock_state_combo,explosive_shock_state_combo,Tier A and duplicate-boundary Tier A+B inputs are materialized; true Tier B fallback and actual routed total remain outside this run,routed_total,close_hour_report,16,97,430.4,1546.13,-1115.73,1.385756,4.437113,0.536082,29.733269,-24.794,1.199212,313.15,26.915639,51,0.835052,5,1.374421,measured_slice(측정 구간)
mt5_rt_s264_aia_explosive_combo_historical_2024,s264_allow_inner_all_oos_anchor,s264_aia,oos_anchor,explosive_shock_state_combo,explosive_shock_state_combo,Tier A and duplicate-boundary Tier A+B inputs are materialized; true Tier B fallback and actual routed total remain outside this run,routed_total,close_hour_report,18,80,103.11,464.44,-361.33,1.285362,1.288875,0.5125,11.327805,-9.264872,1.222662,71.89,13.727063,46,0.9125,3,1.434275,measured_slice(측정 구간)
mt5_rt_s264_aia_explosive_combo_historical_2024,s264_allow_inner_all_oos_anchor,s264_aia,oos_anchor,explosive_shock_state_combo,explosive_shock_state_combo,Tier A and duplicate-boundary Tier A+B inputs are materialized; true Tier B fallback and actual routed total remain outside this run,routed_total,close_hour_report,20,32,169.09,270.29,-101.2,2.67085,5.284063,0.625,13.5145,-8.433333,1.60251,27.95,4.492796,11,0.65625,2,6.049732,measured_slice(측정 구간)
mt5_rt_s264_aia_explosive_combo_historical_2024,s264_allow_inner_all_oos_anchor,s264_aia,oos_anchor,explosive_shock_state_combo,explosive_shock_state_combo,Tier A and duplicate-boundary Tier A+B inputs are materialized; true Tier B fallback and actual routed total remain outside this run,routed_total,close_hour_report,17,192,476.23,1689.81,-1213.58,1.392417,2.480365,0.5625,15.646389,-14.447381,1.082991,208.45,26.076785,75,0.796875,6,2.284625,measured_slice(측정 구간)
mt5_rt_s264_aia_explosive_combo_historical_2024,s264_allow_inner_all_oos_anchor,s264_aia,oos_anchor,explosive_shock_state_combo,explosive_shock_state_combo,Tier A and duplicate-boundary Tier A+B inputs are materialized; true Tier B fallback and actual routed total remain outside this run,routed_total,close_hour_report,19,27,-49.65,85.32,-134.97,0.63214,-1.838889,0.481481,6.563077,-9.640714,0.680767,86.66,17.332,27,1.0,7,-0.572929,minor_negative_slice(소폭 음수 구간)
mt5_rt_s264_aia_explosive_combo_historical_2024,s264_allow_inner_all_oos_anchor,s264_aia,oos_anchor,explosive_shock_state_combo,explosive_shock_state_combo,Tier A and duplicate-boundary Tier A+B inputs are materialized; true Tier B fallback and actual routed total remain outside this run,routed_total,close_hour_report,21,45,211.8,416.22,-204.42,2.036102,4.706667,0.577778,16.008462,-10.758947,1.487921,76.92,9.75251,8,0.644444,3,2.75351,measured_slice(측정 구간)
mt5_rt_s264_aia_explosive_combo_historical_2024,s264_allow_inner_all_oos_anchor,s264_aia,oos_anchor,explosive_shock_state_combo,explosive_shock_state_combo,Tier A and duplicate-boundary Tier A+B inputs are materialized; true Tier B fallback and actual routed total remain outside this run,routed_total,close_hour_report,03,1,50.81,50.81,0,inf,50.81,1.0,50.81,,,0.0,0.0,0,0.0,0,,thin_slice(얇은 구간)
mt5_rt_s264_aia_explosive_combo_historical_2024,s264_allow_inner_all_oos_anchor,s264_aia,oos_anchor,explosive_shock_state_combo,explosive_shock_state_combo,Tier A and duplicate-boundary Tier A+B inputs are materialized; true Tier B fallback and actual routed total remain outside this run,routed_total,close_hour_report,12,2,-87.89,0,-87.89,0.0,-43.945,0.0,,-43.945,,87.89,17.578,2,1.0,2,-1.0,thin_slice(얇은 구간)
mt5_rt_s264_aia_explosive_combo_historical_2024,s264_allow_inner_all_oos_anchor,s264_aia,oos_anchor,explosive_shock_state_combo,explosive_shock_state_combo,Tier A and duplicate-boundary Tier A+B inputs are materialized; true Tier B fallback and actual routed total remain outside this run,routed_total,close_hour_report,22,5,31.38,101.83,-70.45,1.445422,6.276,0.4,50.915,-23.483333,2.168133,45.03,8.549784,2,0.6,2,0.696869,measured_slice(측정 구간)
mt5_rt_s264_aia_explosive_combo_historical_2024,s264_allow_inner_all_oos_anchor,s264_aia,oos_anchor,explosive_shock_state_combo,explosive_shock_state_combo,Tier A and duplicate-boundary Tier A+B inputs are materialized; true Tier B fallback and actual routed total remain outside this run,routed_total,close_hour_report,23,1,67.39,67.39,0,inf,67.39,1.0,67.39,,,0.0,0.0,0,0.0,0,,thin_slice(얇은 구간)
mt5_rt_s264_aia_explosive_combo_historical_2024,s264_allow_inner_all_oos_anchor,s264_aia,oos_anchor,explosive_shock_state_combo,explosive_shock_state_combo,Tier A and duplicate-boundary Tier A+B inputs are materialized; true Tier B fallback and actual routed total remain outside this run,routed_total,close_hour_report,09,1,-31.05,0,-31.05,0.0,-31.05,0.0,,-31.05,,31.05,6.21,1,1.0,1,-1.0,thin_slice(얇은 구간)
mt5_rt_s264_aia_explosive_combo_historical_2024,s264_allow_inner_all_oos_anchor,s264_aia,oos_anchor,explosive_shock_state_combo,explosive_shock_state_combo,Tier A and duplicate-boundary Tier A+B inputs are materialized; true Tier B fallback and actual routed total remain outside this run,routed_total,close_hour_report,02,1,80.95,80.95,0,inf,80.95,1.0,80.95,,,0.0,0.0,0,0.0,0,,thin_slice(얇은 구간)
mt5_ta_s258_stc_explosive_combo_historical_2024,s258_short_tight_control,s258_stc,stress_challenger,explosive_shock_state_combo,explosive_shock_state_combo,Tier A and duplicate-boundary Tier A+B inputs are materialized; true Tier B fallback and actual routed total remain outside this run,tier_a_only,close_hour_report,16,106,786.66,2242.28,-1455.62,1.54043,7.421321,0.566038,37.371333,-31.643913,1.180996,407.15,27.521106,17,0.726415,6,1.932113,measured_slice(측정 구간)
mt5_ta_s258_stc_explosive_combo_historical_2024,s258_short_tight_control,s258_stc,stress_challenger,explosive_shock_state_combo,explosive_shock_state_combo,Tier A and duplicate-boundary Tier A+B inputs are materialized; true Tier B fallback and actual routed total remain outside this run,tier_a_only,close_hour_report,18,82,136.18,619.75,-483.57,1.281614,1.660732,0.487805,15.49375,-11.513571,1.345695,111.96,20.201,45,0.902439,3,1.216327,measured_slice(측정 구간)
mt5_ta_s258_stc_explosive_combo_historical_2024,s258_short_tight_control,s258_stc,stress_challenger,explosive_shock_state_combo,explosive_shock_state_combo,Tier A and duplicate-boundary Tier A+B inputs are materialized; true Tier B fallback and actual routed total remain outside this run,tier_a_only,close_hour_report,20,31,119.04,282.29,-163.25,1.729188,3.84,0.548387,16.605294,-11.660714,1.424037,32.67,5.253679,6,0.612903,2,3.64371,measured_slice(측정 구간)
mt5_ta_s258_stc_explosive_combo_historical_2024,s258_short_tight_control,s258_stc,stress_challenger,explosive_shock_state_combo,explosive_shock_state_combo,Tier A and duplicate-boundary Tier A+B inputs are materialized; true Tier B fallback and actual routed total remain outside this run,tier_a_only,close_hour_report,17,182,523.99,1982.88,-1458.89,1.35917,2.879066,0.593407,18.36,-19.71473,0.931283,228.25,25.419293,91,0.769231,5,2.295685,measured_slice(측정 구간)
mt5_ta_s258_stc_explosive_combo_historical_2024,s258_short_tight_control,s258_stc,stress_challenger,explosive_shock_state_combo,explosive_shock_state_combo,Tier A and duplicate-boundary Tier A+B inputs are materialized; true Tier B fallback and actual routed total remain outside this run,tier_a_only,close_hour_report,19,28,-105.67,91.56,-197.23,0.46423,-3.773929,0.357143,9.156,-10.957222,0.835613,128.37,25.674,28,1.0,9,-0.823167,negative_fragile_slice(음수 취약 구간)
mt5_ta_s258_stc_explosive_combo_historical_2024,s258_short_tight_control,s258_stc,stress_challenger,explosive_shock_state_combo,explosive_shock_state_combo,Tier A and duplicate-boundary Tier A+B inputs are materialized; true Tier B fallback and actual routed total remain outside this run,tier_a_only,close_hour_report,21,44,257.46,516.15,-258.69,1.995245,5.851364,0.590909,19.851923,-14.371667,1.381324,109.34,12.614213,12,0.613636,4,2.354673,measured_slice(측정 구간)
mt5_ta_s258_stc_explosive_combo_historical_2024,s258_short_tight_control,s258_stc,stress_challenger,explosive_shock_state_combo,explosive_shock_state_combo,Tier A and duplicate-boundary Tier A+B inputs are materialized; true Tier B fallback and actual routed total remain outside this run,tier_a_only,close_hour_report,03,1,55.52,55.52,0,inf,55.52,1.0,55.52,,,0.0,0.0,0,0.0,0,,thin_slice(얇은 구간)
mt5_ta_s258_stc_explosive_combo_historical_2024,s258_short_tight_control,s258_stc,stress_challenger,explosive_shock_state_combo,explosive_shock_state_combo,Tier A and duplicate-boundary Tier A+B inputs are materialized; true Tier B fallback and actual routed total remain outside this run,tier_a_only,close_hour_report,22,7,42.43,181.05,-138.62,1.306089,6.061429,0.428571,60.35,-34.655,1.741451,121.98,21.137084,5,0.714286,3,0.347844,measured_slice(측정 구간)
mt5_ta_s258_stc_explosive_combo_historical_2024,s258_short_tight_control,s258_stc,stress_challenger,explosive_shock_state_combo,explosive_shock_state_combo,Tier A and duplicate-boundary Tier A+B inputs are materialized; true Tier B fallback and actual routed total remain outside this run,tier_a_only,close_hour_report,12,2,-108.31,0,-108.31,0.0,-54.155,0.0,,-54.155,,108.31,21.662,2,1.0,2,-1.0,thin_slice(얇은 구간)
mt5_ta_s258_stc_explosive_combo_historical_2024,s258_short_tight_control,s258_stc,stress_challenger,explosive_shock_state_combo,explosive_shock_state_combo,Tier A and duplicate-boundary Tier A+B inputs are materialized; true Tier B fallback and actual routed total remain outside this run,tier_a_only,close_hour_report,23,1,97.5,97.5,0,inf,97.5,1.0,97.5,,,0.0,0.0,0,0.0,0,,thin_slice(얇은 구간)
mt5_ta_s258_stc_explosive_combo_historical_2024,s258_short_tight_control,s258_stc,stress_challenger,explosive_shock_state_combo,explosive_shock_state_combo,Tier A and duplicate-boundary Tier A+B inputs are materialized; true Tier B fallback and actual routed total remain outside this run,tier_a_only,close_hour_report,09,1,-44.36,0,-44.36,0.0,-44.36,0.0,,-44.36,,44.36,8.872,1,1.0,1,-1.0,thin_slice(얇은 구간)
mt5_ta_s258_stc_explosive_combo_historical_2024,s258_short_tight_control,s258_stc,stress_challenger,explosive_shock_state_combo,explosive_shock_state_combo,Tier A and duplicate-boundary Tier A+B inputs are materialized; true Tier B fallback and actual routed total remain outside this run,tier_a_only,close_hour_report,02,1,86.52,86.52,0,inf,86.52,1.0,86.52,,,0.0,0.0,0,0.0,0,,thin_slice(얇은 구간)
mt5_rt_s258_stc_explosive_combo_historical_2024,s258_short_tight_control,s258_stc,stress_challenger,explosive_shock_state_combo,explosive_shock_state_combo,Tier A and duplicate-boundary Tier A+B inputs are materialized; true Tier B fallback and actual routed total remain outside this run,routed_total,close_hour_report,16,106,786.66,2242.28,-1455.62,1.54043,7.421321,0.566038,37.371333,-31.643913,1.180996,407.15,27.521106,17,0.726415,6,1.932113,measured_slice(측정 구간)
mt5_rt_s258_stc_explosive_combo_historical_2024,s258_short_tight_control,s258_stc,stress_challenger,explosive_shock_state_combo,explosive_shock_state_combo,Tier A and duplicate-boundary Tier A+B inputs are materialized; true Tier B fallback and actual routed total remain outside this run,routed_total,close_hour_report,18,82,136.18,619.75,-483.57,1.281614,1.660732,0.487805,15.49375,-11.513571,1.345695,111.96,20.201,45,0.902439,3,1.216327,measured_slice(측정 구간)
mt5_rt_s258_stc_explosive_combo_historical_2024,s258_short_tight_control,s258_stc,stress_challenger,explosive_shock_state_combo,explosive_shock_state_combo,Tier A and duplicate-boundary Tier A+B inputs are materialized; true Tier B fallback and actual routed total remain outside this run,routed_total,close_hour_report,20,31,119.04,282.29,-163.25,1.729188,3.84,0.548387,16.605294,-11.660714,1.424037,32.67,5.253679,6,0.612903,2,3.64371,measured_slice(측정 구간)
mt5_rt_s258_stc_explosive_combo_historical_2024,s258_short_tight_control,s258_stc,stress_challenger,explosive_shock_state_combo,explosive_shock_state_combo,Tier A and duplicate-boundary Tier A+B inputs are materialized; true Tier B fallback and actual routed total remain outside this run,routed_total,close_hour_report,17,182,523.99,1982.88,-1458.89,1.35917,2.879066,0.593407,18.36,-19.71473,0.931283,228.25,25.419293,91,0.769231,5,2.295685,measured_slice(측정 구간)
mt5_rt_s258_stc_explosive_combo_historical_2024,s258_short_tight_control,s258_stc,stress_challenger,explosive_shock_state_combo,explosive_shock_state_combo,Tier A and duplicate-boundary Tier A+B inputs are materialized; true Tier B fallback and actual routed total remain outside this run,routed_total,close_hour_report,19,28,-105.67,91.56,-197.23,0.46423,-3.773929,0.357143,9.156,-10.957222,0.835613,128.37,25.674,28,1.0,9,-0.823167,negative_fragile_slice(음수 취약 구간)
mt5_rt_s258_stc_explosive_combo_historical_2024,s258_short_tight_control,s258_stc,stress_challenger,explosive_shock_state_combo,explosive_shock_state_combo,Tier A and duplicate-boundary Tier A+B inputs are materialized; true Tier B fallback and actual routed total remain outside this run,routed_total,close_hour_report,21,44,257.46,516.15,-258.69,1.995245,5.851364,0.590909,19.851923,-14.371667,1.381324,109.34,12.614213,12,0.613636,4,2.354673,measured_slice(측정 구간)
mt5_rt_s258_stc_explosive_combo_historical_2024,s258_short_tight_control,s258_stc,stress_challenger,explosive_shock_state_combo,explosive_shock_state_combo,Tier A and duplicate-boundary Tier A+B inputs are materialized; true Tier B fallback and actual routed total remain outside this run,routed_total,close_hour_report,03,1,55.52,55.52,0,inf,55.52,1.0,55.52,,,0.0,0.0,0,0.0,0,,thin_slice(얇은 구간)
mt5_rt_s258_stc_explosive_combo_historical_2024,s258_short_tight_control,s258_stc,stress_challenger,explosive_shock_state_combo,explosive_shock_state_combo,Tier A and duplicate-boundary Tier A+B inputs are materialized; true Tier B fallback and actual routed total remain outside this run,routed_total,close_hour_report,22,7,42.43,181.05,-138.62,1.306089,6.061429,0.428571,60.35,-34.655,1.741451,121.98,21.137084,5,0.714286,3,0.347844,measured_slice(측정 구간)
mt5_rt_s258_stc_explosive_combo_historical_2024,s258_short_tight_control,s258_stc,stress_challenger,explosive_shock_state_combo,explosive_shock_state_combo,Tier A and duplicate-boundary Tier A+B inputs are materialized; true Tier B fallback and actual routed total remain outside this run,routed_total,close_hour_report,12,2,-108.31,0,-108.31,0.0,-54.155,0.0,,-54.155,,108.31,21.662,2,1.0,2,-1.0,thin_slice(얇은 구간)
mt5_rt_s258_stc_explosive_combo_historical_2024,s258_short_tight_control,s258_stc,stress_challenger,explosive_shock_state_combo,explosive_shock_state_combo,Tier A and duplicate-boundary Tier A+B inputs are materialized; true Tier B fallback and actual routed total remain outside this run,routed_total,close_hour_report,23,1,97.5,97.5,0,inf,97.5,1.0,97.5,,,0.0,0.0,0,0.0,0,,thin_slice(얇은 구간)
mt5_rt_s258_stc_explosive_combo_historical_2024,s258_short_tight_control,s258_stc,stress_challenger,explosive_shock_state_combo,explosive_shock_state_combo,Tier A and duplicate-boundary Tier A+B inputs are materialized; true Tier B fallback and actual routed total remain outside this run,routed_total,close_hour_report,09,1,-44.36,0,-44.36,0.0,-44.36,0.0,,-44.36,,44.36,8.872,1,1.0,1,-1.0,thin_slice(얇은 구간)
mt5_rt_s258_stc_explosive_combo_historical_2024,s258_short_tight_control,s258_stc,stress_challenger,explosive_shock_state_combo,explosive_shock_state_combo,Tier A and duplicate-boundary Tier A+B inputs are materialized; true Tier B fallback and actual routed total remain outside this run,routed_total,close_hour_report,02,1,86.52,86.52,0,inf,86.52,1.0,86.52,,,0.0,0.0,0,0.0,0,,thin_slice(얇은 구간)
mt5_ta_s258_stc_redzone_monday_dd_historical_2024,s258_short_tight_control,s258_stc,stress_challenger,redzone_monday_dd_pressure,redzone_monday_dd_pressure,Tier A and duplicate-boundary Tier A+B inputs are materialized; true Tier B fallback and actual routed total remain outside this run,tier_a_only,session_report,session_13_20_report_time,455,1759.67,5797.8,-4038.13,1.435764,3.867407,0.542857,23.472874,-19.414087,1.209064,334.85,24.901889,178,0.832967,6,5.255099,measured_slice(측정 구간)
mt5_ta_s258_stc_redzone_monday_dd_historical_2024,s258_short_tight_control,s258_stc,stress_challenger,redzone_monday_dd_pressure,redzone_monday_dd_pressure,Tier A and duplicate-boundary Tier A+B inputs are materialized; true Tier B fallback and actual routed total remain outside this run,tier_a_only,session_report,session_21_23_report_time,58,368.17,834.33,-466.16,1.789793,6.347759,0.568966,25.282727,-18.6464,1.355904,166.4,16.083977,14,0.655172,4,2.21256,measured_slice(측정 구간)
mt5_ta_s258_stc_redzone_monday_dd_historical_2024,s258_short_tight_control,s258_stc,stress_challenger,redzone_monday_dd_pressure,redzone_monday_dd_pressure,Tier A and duplicate-boundary Tier A+B inputs are materialized; true Tier B fallback and actual routed total remain outside this run,tier_a_only,session_report,session_00_06_report_time,2,143.9,143.9,0,inf,71.95,1.0,71.95,,,0.0,0.0,0,0.0,0,,thin_slice(얇은 구간)
mt5_ta_s258_stc_redzone_monday_dd_historical_2024,s258_short_tight_control,s258_stc,stress_challenger,redzone_monday_dd_pressure,redzone_monday_dd_pressure,Tier A and duplicate-boundary Tier A+B inputs are materialized; true Tier B fallback and actual routed total remain outside this run,tier_a_only,session_report,session_07_12_report_time,3,-155.85,0,-155.85,0.0,-51.95,0.0,,-51.95,,155.85,31.17,3,1.0,3,-1.0,deep_negative_or_dd_slice(깊은 음수 또는 손실폭 구간)
mt5_rt_s258_stc_redzone_monday_dd_historical_2024,s258_short_tight_control,s258_stc,stress_challenger,redzone_monday_dd_pressure,redzone_monday_dd_pressure,Tier A and duplicate-boundary Tier A+B inputs are materialized; true Tier B fallback and actual routed total remain outside this run,routed_total,session_report,session_13_20_report_time,455,1759.67,5797.8,-4038.13,1.435764,3.867407,0.542857,23.472874,-19.414087,1.209064,334.85,24.901889,178,0.832967,6,5.255099,measured_slice(측정 구간)
mt5_rt_s258_stc_redzone_monday_dd_historical_2024,s258_short_tight_control,s258_stc,stress_challenger,redzone_monday_dd_pressure,redzone_monday_dd_pressure,Tier A and duplicate-boundary Tier A+B inputs are materialized; true Tier B fallback and actual routed total remain outside this run,routed_total,session_report,session_21_23_report_time,58,368.17,834.33,-466.16,1.789793,6.347759,0.568966,25.282727,-18.6464,1.355904,166.4,16.083977,14,0.655172,4,2.21256,measured_slice(측정 구간)
mt5_rt_s258_stc_redzone_monday_dd_historical_2024,s258_short_tight_control,s258_stc,stress_challenger,redzone_monday_dd_pressure,redzone_monday_dd_pressure,Tier A and duplicate-boundary Tier A+B inputs are materialized; true Tier B fallback and actual routed total remain outside this run,routed_total,session_report,session_00_06_report_time,2,143.9,143.9,0,inf,71.95,1.0,71.95,,,0.0,0.0,0,0.0,0,,thin_slice(얇은 구간)
mt5_rt_s258_stc_redzone_monday_dd_historical_2024,s258_short_tight_control,s258_stc,stress_challenger,redzone_monday_dd_pressure,redzone_monday_dd_pressure,Tier A and duplicate-boundary Tier A+B inputs are materialized; true Tier B fallback and actual routed total remain outside this run,routed_total,session_report,session_07_12_report_time,3,-155.85,0,-155.85,0.0,-51.95,0.0,,-51.95,,155.85,31.17,3,1.0,3,-1.0,deep_negative_or_dd_slice(깊은 음수 또는 손실폭 구간)
mt5_ta_s264_aih_aih_supply_repair_historical_2024,s264_allow_inner_high_quarter,s264_aih,challenger_core,aih_aggressive_supply_repair,aih_aggressive_supply_repair,Tier A and duplicate-boundary Tier A+B inputs are materialized; true Tier B fallback and actual routed total remain outside this run,tier_a_only,session_report,session_13_20_report_time,250,858.23,2078.97,-1220.74,1.703041,3.43292,0.56,14.849786,-11.097636,1.338103,154.88,12.102503,38,0.756,5,5.541258,measured_slice(측정 구간)
mt5_ta_s264_aih_aih_supply_repair_historical_2024,s264_allow_inner_high_quarter,s264_aih,challenger_core,aih_aggressive_supply_repair,aih_aggressive_supply_repair,Tier A and duplicate-boundary Tier A+B inputs are materialized; true Tier B fallback and actual routed total remain outside this run,tier_a_only,session_report,session_21_23_report_time,28,164.79,272.44,-107.65,2.530794,5.885357,0.678571,14.338947,-11.961111,1.198797,43.26,6.109738,7,0.5,3,3.809293,measured_slice(측정 구간)
mt5_ta_s264_aih_aih_supply_repair_historical_2024,s264_allow_inner_high_quarter,s264_aih,challenger_core,aih_aggressive_supply_repair,aih_aggressive_supply_repair,Tier A and duplicate-boundary Tier A+B inputs are materialized; true Tier B fallback and actual routed total remain outside this run,tier_a_only,session_report,session_00_06_report_time,2,102.87,102.87,0,inf,51.435,1.0,51.435,,,0.0,0.0,0,0.0,0,,thin_slice(얇은 구간)
mt5_ta_s264_aih_aih_supply_repair_historical_2024,s264_allow_inner_high_quarter,s264_aih,challenger_core,aih_aggressive_supply_repair,aih_aggressive_supply_repair,Tier A and duplicate-boundary Tier A+B inputs are materialized; true Tier B fallback and actual routed total remain outside this run,tier_a_only,session_report,session_07_12_report_time,3,-78.64,0,-78.64,0.0,-26.213333,0.0,,-26.213333,,78.64,15.728,3,1.0,3,-1.0,negative_fragile_slice(음수 취약 구간)
mt5_rt_s264_aih_aih_supply_repair_historical_2024,s264_allow_inner_high_quarter,s264_aih,challenger_core,aih_aggressive_supply_repair,aih_aggressive_supply_repair,Tier A and duplicate-boundary Tier A+B inputs are materialized; true Tier B fallback and actual routed total remain outside this run,routed_total,session_report,session_13_20_report_time,250,858.23,2078.97,-1220.74,1.703041,3.43292,0.56,14.849786,-11.097636,1.338103,154.88,12.102503,38,0.756,5,5.541258,measured_slice(측정 구간)
mt5_rt_s264_aih_aih_supply_repair_historical_2024,s264_allow_inner_high_quarter,s264_aih,challenger_core,aih_aggressive_supply_repair,aih_aggressive_supply_repair,Tier A and duplicate-boundary Tier A+B inputs are materialized; true Tier B fallback and actual routed total remain outside this run,routed_total,session_report,session_21_23_report_time,28,164.79,272.44,-107.65,2.530794,5.885357,0.678571,14.338947,-11.961111,1.198797,43.26,6.109738,7,0.5,3,3.809293,measured_slice(측정 구간)
mt5_rt_s264_aih_aih_supply_repair_historical_2024,s264_allow_inner_high_quarter,s264_aih,challenger_core,aih_aggressive_supply_repair,aih_aggressive_supply_repair,Tier A and duplicate-boundary Tier A+B inputs are materialized; true Tier B fallback and actual routed total remain outside this run,routed_total,session_report,session_00_06_report_time,2,102.87,102.87,0,inf,51.435,1.0,51.435,,,0.0,0.0,0,0.0,0,,thin_slice(얇은 구간)
mt5_rt_s264_aih_aih_supply_repair_historical_2024,s264_allow_inner_high_quarter,s264_aih,challenger_core,aih_aggressive_supply_repair,aih_aggressive_supply_repair,Tier A and duplicate-boundary Tier A+B inputs are materialized; true Tier B fallback and actual routed total remain outside this run,routed_total,session_report,session_07_12_report_time,3,-78.64,0,-78.64,0.0,-26.213333,0.0,,-26.213333,,78.64,15.728,3,1.0,3,-1.0,negative_fragile_slice(음수 취약 구간)
mt5_ta_s264_aih_explosive_combo_historical_2024,s264_allow_inner_high_quarter,s264_aih,challenger_core,explosive_shock_state_combo,explosive_shock_state_combo,Tier A and duplicate-boundary Tier A+B inputs are materialized; true Tier B fallback and actual routed total remain outside this run,tier_a_only,session_report,session_13_20_report_time,414,1095.6,4328.58,-3232.98,1.338882,2.646377,0.536232,19.498108,-16.838438,1.157952,331.18,29.959382,169,0.847826,9,3.308171,measured_slice(측정 구간)
mt5_ta_s264_aih_explosive_combo_historical_2024,s264_allow_inner_high_quarter,s264_aih,challenger_core,explosive_shock_state_combo,explosive_shock_state_combo,Tier A and duplicate-boundary Tier A+B inputs are materialized; true Tier B fallback and actual routed total remain outside this run,tier_a_only,session_report,session_21_23_report_time,45,471.52,690.55,-219.03,3.152764,10.478222,0.666667,23.018333,-14.602,1.576382,66.6,6.429192,8,0.555556,2,7.07988,measured_slice(측정 구간)
mt5_ta_s264_aih_explosive_combo_historical_2024,s264_allow_inner_high_quarter,s264_aih,challenger_core,explosive_shock_state_combo,explosive_shock_state_combo,Tier A and duplicate-boundary Tier A+B inputs are materialized; true Tier B fallback and actual routed total remain outside this run,tier_a_only,session_report,session_00_06_report_time,2,119.72,119.72,0,inf,59.86,1.0,59.86,,,0.0,0.0,0,0.0,0,,thin_slice(얇은 구간)
mt5_ta_s264_aih_explosive_combo_historical_2024,s264_allow_inner_high_quarter,s264_aih,challenger_core,explosive_shock_state_combo,explosive_shock_state_combo,Tier A and duplicate-boundary Tier A+B inputs are materialized; true Tier B fallback and actual routed total remain outside this run,tier_a_only,session_report,session_07_12_report_time,3,-136.22,0,-136.22,0.0,-45.406667,0.0,,-45.406667,,136.22,27.244,3,1.0,3,-1.0,negative_fragile_slice(음수 취약 구간)
mt5_rt_s264_aih_explosive_combo_historical_2024,s264_allow_inner_high_quarter,s264_aih,challenger_core,explosive_shock_state_combo,explosive_shock_state_combo,Tier A and duplicate-boundary Tier A+B inputs are materialized; true Tier B fallback and actual routed total remain outside this run,routed_total,session_report,session_13_20_report_time,414,1095.6,4328.58,-3232.98,1.338882,2.646377,0.536232,19.498108,-16.838438,1.157952,331.18,29.959382,169,0.847826,9,3.308171,measured_slice(측정 구간)
mt5_rt_s264_aih_explosive_combo_historical_2024,s264_allow_inner_high_quarter,s264_aih,challenger_core,explosive_shock_state_combo,explosive_shock_state_combo,Tier A and duplicate-boundary Tier A+B inputs are materialized; true Tier B fallback and actual routed total remain outside this run,routed_total,session_report,session_21_23_report_time,45,471.52,690.55,-219.03,3.152764,10.478222,0.666667,23.018333,-14.602,1.576382,66.6,6.429192,8,0.555556,2,7.07988,measured_slice(측정 구간)
mt5_rt_s264_aih_explosive_combo_historical_2024,s264_allow_inner_high_quarter,s264_aih,challenger_core,explosive_shock_state_combo,explosive_shock_state_combo,Tier A and duplicate-boundary Tier A+B inputs are materialized; true Tier B fallback and actual routed total remain outside this run,routed_total,session_report,session_00_06_report_time,2,119.72,119.72,0,inf,59.86,1.0,59.86,,,0.0,0.0,0,0.0,0,,thin_slice(얇은 구간)
mt5_rt_s264_aih_explosive_combo_historical_2024,s264_allow_inner_high_quarter,s264_aih,challenger_core,explosive_shock_state_combo,explosive_shock_state_combo,Tier A and duplicate-boundary Tier A+B inputs are materialized; true Tier B fallback and actual routed total remain outside this run,routed_total,session_report,session_07_12_report_time,3,-136.22,0,-136.22,0.0,-45.406667,0.0,,-45.406667,,136.22,27.244,3,1.0,3,-1.0,negative_fragile_slice(음수 취약 구간)
mt5_ta_s264_aia_explosive_combo_historical_2024,s264_allow_inner_all_oos_anchor,s264_aia,oos_anchor,explosive_shock_state_combo,explosive_shock_state_combo,Tier A and duplicate-boundary Tier A+B inputs are materialized; true Tier B fallback and actual routed total remain outside this run,tier_a_only,session_report,session_13_20_report_time,428,1129.18,4055.99,-2926.81,1.385806,2.638271,0.546729,17.333291,-15.086649,1.148916,271.1,23.638491,169,0.857477,5,4.165179,measured_slice(측정 구간)
mt5_ta_s264_aia_explosive_combo_historical_2024,s264_allow_inner_all_oos_anchor,s264_aia,oos_anchor,explosive_shock_state_combo,explosive_shock_state_combo,Tier A and duplicate-boundary Tier A+B inputs are materialized; true Tier B fallback and actual routed total remain outside this run,tier_a_only,session_report,session_21_23_report_time,51,310.57,585.44,-274.87,2.12988,6.089608,0.568627,20.187586,-12.494091,1.615771,102.34,11.210306,15,0.686275,4,3.034688,measured_slice(측정 구간)
mt5_ta_s264_aia_explosive_combo_historical_2024,s264_allow_inner_all_oos_anchor,s264_aia,oos_anchor,explosive_shock_state_combo,explosive_shock_state_combo,Tier A and duplicate-boundary Tier A+B inputs are materialized; true Tier B fallback and actual routed total remain outside this run,tier_a_only,session_report,session_00_06_report_time,2,131.76,131.76,0,inf,65.88,1.0,65.88,,,0.0,0.0,0,0.0,0,,thin_slice(얇은 구간)
mt5_ta_s264_aia_explosive_combo_historical_2024,s264_allow_inner_all_oos_anchor,s264_aia,oos_anchor,explosive_shock_state_combo,explosive_shock_state_combo,Tier A and duplicate-boundary Tier A+B inputs are materialized; true Tier B fallback and actual routed total remain outside this run,tier_a_only,session_report,session_07_12_report_time,3,-118.94,0,-118.94,0.0,-39.646667,0.0,,-39.646667,,118.94,23.788,3,1.0,3,-1.0,negative_fragile_slice(음수 취약 구간)
mt5_rt_s264_aia_explosive_combo_historical_2024,s264_allow_inner_all_oos_anchor,s264_aia,oos_anchor,explosive_shock_state_combo,explosive_shock_state_combo,Tier A and duplicate-boundary Tier A+B inputs are materialized; true Tier B fallback and actual routed total remain outside this run,routed_total,session_report,session_13_20_report_time,428,1129.18,4055.99,-2926.81,1.385806,2.638271,0.546729,17.333291,-15.086649,1.148916,271.1,23.638491,169,0.857477,5,4.165179,measured_slice(측정 구간)
mt5_rt_s264_aia_explosive_combo_historical_2024,s264_allow_inner_all_oos_anchor,s264_aia,oos_anchor,explosive_shock_state_combo,explosive_shock_state_combo,Tier A and duplicate-boundary Tier A+B inputs are materialized; true Tier B fallback and actual routed total remain outside this run,routed_total,session_report,session_21_23_report_time,51,310.57,585.44,-274.87,2.12988,6.089608,0.568627,20.187586,-12.494091,1.615771,102.34,11.210306,15,0.686275,4,3.034688,measured_slice(측정 구간)
mt5_rt_s264_aia_explosive_combo_historical_2024,s264_allow_inner_all_oos_anchor,s264_aia,oos_anchor,explosive_shock_state_combo,explosive_shock_state_combo,Tier A and duplicate-boundary Tier A+B inputs are materialized; true Tier B fallback and actual routed total remain outside this run,routed_total,session_report,session_00_06_report_time,2,131.76,131.76,0,inf,65.88,1.0,65.88,,,0.0,0.0,0,0.0,0,,thin_slice(얇은 구간)
mt5_rt_s264_aia_explosive_combo_historical_2024,s264_allow_inner_all_oos_anchor,s264_aia,oos_anchor,explosive_shock_state_combo,explosive_shock_state_combo,Tier A and duplicate-boundary Tier A+B inputs are materialized; true Tier B fallback and actual routed total remain outside this run,routed_total,session_report,session_07_12_report_time,3,-118.94,0,-118.94,0.0,-39.646667,0.0,,-39.646667,,118.94,23.788,3,1.0,3,-1.0,negative_fragile_slice(음수 취약 구간)
mt5_ta_s258_stc_explosive_combo_historical_2024,s258_short_tight_control,s258_stc,stress_challenger,explosive_shock_state_combo,explosive_shock_state_combo,Tier A and duplicate-boundary Tier A+B inputs are materialized; true Tier B fallback and actual routed total remain outside this run,tier_a_only,session_report,session_13_20_report_time,429,1460.2,5218.76,-3758.56,1.3885,3.40373,0.547786,22.207489,-19.374021,1.146251,292.47,20.744425,122,0.853147,6,4.992649,measured_slice(측정 구간)
mt5_ta_s258_stc_explosive_combo_historical_2024,s258_short_tight_control,s258_stc,stress_challenger,explosive_shock_state_combo,explosive_shock_state_combo,Tier A and duplicate-boundary Tier A+B inputs are materialized; true Tier B fallback and actual routed total remain outside this run,tier_a_only,session_report,session_21_23_report_time,52,397.39,794.7,-397.31,2.000201,7.642115,0.576923,26.49,-18.059545,1.466814,125.98,12.310308,13,0.653846,4,3.15439,measured_slice(측정 구간)
mt5_ta_s258_stc_explosive_combo_historical_2024,s258_short_tight_control,s258_stc,stress_challenger,explosive_shock_state_combo,explosive_shock_state_combo,Tier A and duplicate-boundary Tier A+B inputs are materialized; true Tier B fallback and actual routed total remain outside this run,tier_a_only,session_report,session_00_06_report_time,2,142.04,142.04,0,inf,71.02,1.0,71.02,,,0.0,0.0,0,0.0,0,,thin_slice(얇은 구간)
mt5_ta_s258_stc_explosive_combo_historical_2024,s258_short_tight_control,s258_stc,stress_challenger,explosive_shock_state_combo,explosive_shock_state_combo,Tier A and duplicate-boundary Tier A+B inputs are materialized; true Tier B fallback and actual routed total remain outside this run,tier_a_only,session_report,session_07_12_report_time,3,-152.67,0,-152.67,0.0,-50.89,0.0,,-50.89,,152.67,30.534,3,1.0,3,-1.0,deep_negative_or_dd_slice(깊은 음수 또는 손실폭 구간)
mt5_rt_s258_stc_explosive_combo_historical_2024,s258_short_tight_control,s258_stc,stress_challenger,explosive_shock_state_combo,explosive_shock_state_combo,Tier A and duplicate-boundary Tier A+B inputs are materialized; true Tier B fallback and actual routed total remain outside this run,routed_total,session_report,session_13_20_report_time,429,1460.2,5218.76,-3758.56,1.3885,3.40373,0.547786,22.207489,-19.374021,1.146251,292.47,20.744425,122,0.853147,6,4.992649,measured_slice(측정 구간)
mt5_rt_s258_stc_explosive_combo_historical_2024,s258_short_tight_control,s258_stc,stress_challenger,explosive_shock_state_combo,explosive_shock_state_combo,Tier A and duplicate-boundary Tier A+B inputs are materialized; true Tier B fallback and actual routed total remain outside this run,routed_total,session_report,session_21_23_report_time,52,397.39,794.7,-397.31,2.000201,7.642115,0.576923,26.49,-18.059545,1.466814,125.98,12.310308,13,0.653846,4,3.15439,measured_slice(측정 구간)
mt5_rt_s258_stc_explosive_combo_historical_2024,s258_short_tight_control,s258_stc,stress_challenger,explosive_shock_state_combo,explosive_shock_state_combo,Tier A and duplicate-boundary Tier A+B inputs are materialized; true Tier B fallback and actual routed total remain outside this run,routed_total,session_report,session_00_06_report_time,2,142.04,142.04,0,inf,71.02,1.0,71.02,,,0.0,0.0,0,0.0,0,,thin_slice(얇은 구간)
mt5_rt_s258_stc_explosive_combo_historical_2024,s258_short_tight_control,s258_stc,stress_challenger,explosive_shock_state_combo,explosive_shock_state_combo,Tier A and duplicate-boundary Tier A+B inputs are materialized; true Tier B fallback and actual routed total remain outside this run,routed_total,session_report,session_07_12_report_time,3,-152.67,0,-152.67,0.0,-50.89,0.0,,-50.89,,152.67,30.534,3,1.0,3,-1.0,deep_negative_or_dd_slice(깊은 음수 또는 손실폭 구간)
mt5_ta_s258_stc_redzone_monday_dd_historical_2024,s258_short_tight_control,s258_stc,stress_challenger,redzone_monday_dd_pressure,redzone_monday_dd_pressure,Tier A and duplicate-boundary Tier A+B inputs are materialized; true Tier B fallback and actual routed total remain outside this run,tier_a_only,direction,sell,252,1790.01,4267.74,-2477.73,1.722439,7.103214,0.59127,28.64255,-24.055631,1.19068,281.8,12.455026,26,0.734127,5,6.352058,measured_slice(측정 구간)
mt5_ta_s258_stc_redzone_monday_dd_historical_2024,s258_short_tight_control,s258_stc,stress_challenger,redzone_monday_dd_pressure,redzone_monday_dd_pressure,Tier A and duplicate-boundary Tier A+B inputs are materialized; true Tier B fallback and actual routed total remain outside this run,tier_a_only,direction,buy,266,325.88,2508.29,-2182.41,1.149321,1.225113,0.5,18.859323,-16.409098,1.149321,361.35,44.047198,149,0.898496,7,0.90184,deep_negative_or_dd_slice(깊은 음수 또는 손실폭 구간)
mt5_rt_s258_stc_redzone_monday_dd_historical_2024,s258_short_tight_control,s258_stc,stress_challenger,redzone_monday_dd_pressure,redzone_monday_dd_pressure,Tier A and duplicate-boundary Tier A+B inputs are materialized; true Tier B fallback and actual routed total remain outside this run,routed_total,direction,sell,252,1790.01,4267.74,-2477.73,1.722439,7.103214,0.59127,28.64255,-24.055631,1.19068,281.8,12.455026,26,0.734127,5,6.352058,measured_slice(측정 구간)
mt5_rt_s258_stc_redzone_monday_dd_historical_2024,s258_short_tight_control,s258_stc,stress_challenger,redzone_monday_dd_pressure,redzone_monday_dd_pressure,Tier A and duplicate-boundary Tier A+B inputs are materialized; true Tier B fallback and actual routed total remain outside this run,routed_total,direction,buy,266,325.88,2508.29,-2182.41,1.149321,1.225113,0.5,18.859323,-16.409098,1.149321,361.35,44.047198,149,0.898496,7,0.90184,deep_negative_or_dd_slice(깊은 음수 또는 손실폭 구간)
mt5_ta_s264_aih_aih_supply_repair_historical_2024,s264_allow_inner_high_quarter,s264_aih,challenger_core,aih_aggressive_supply_repair,aih_aggressive_supply_repair,Tier A and duplicate-boundary Tier A+B inputs are materialized; true Tier B fallback and actual routed total remain outside this run,tier_a_only,direction,sell,143,943.08,1696.95,-753.87,2.250985,6.594965,0.615385,19.283523,-13.706727,1.406866,121.16,7.957441,10,0.643357,3,7.783757,measured_slice(측정 구간)
mt5_ta_s264_aih_aih_supply_repair_historical_2024,s264_allow_inner_high_quarter,s264_aih,challenger_core,aih_aggressive_supply_repair,aih_aggressive_supply_repair,Tier A and duplicate-boundary Tier A+B inputs are materialized; true Tier B fallback and actual routed total remain outside this run,tier_a_only,direction,buy,140,104.17,757.33,-653.16,1.159486,0.744071,0.521429,10.374384,-9.748657,1.064186,147.67,24.426837,75,0.835714,6,0.705424,measured_slice(측정 구간)
mt5_rt_s264_aih_aih_supply_repair_historical_2024,s264_allow_inner_high_quarter,s264_aih,challenger_core,aih_aggressive_supply_repair,aih_aggressive_supply_repair,Tier A and duplicate-boundary Tier A+B inputs are materialized; true Tier B fallback and actual routed total remain outside this run,routed_total,direction,sell,143,943.08,1696.95,-753.87,2.250985,6.594965,0.615385,19.283523,-13.706727,1.406866,121.16,7.957441,10,0.643357,3,7.783757,measured_slice(측정 구간)
mt5_rt_s264_aih_aih_supply_repair_historical_2024,s264_allow_inner_high_quarter,s264_aih,challenger_core,aih_aggressive_supply_repair,aih_aggressive_supply_repair,Tier A and duplicate-boundary Tier A+B inputs are materialized; true Tier B fallback and actual routed total remain outside this run,routed_total,direction,buy,140,104.17,757.33,-653.16,1.159486,0.744071,0.521429,10.374384,-9.748657,1.064186,147.67,24.426837,75,0.835714,6,0.705424,measured_slice(측정 구간)
mt5_ta_s264_aih_explosive_combo_historical_2024,s264_allow_inner_high_quarter,s264_aih,challenger_core,explosive_shock_state_combo,explosive_shock_state_combo,Tier A and duplicate-boundary Tier A+B inputs are materialized; true Tier B fallback and actual routed total remain outside this run,tier_a_only,direction,sell,211,1466.79,3136.82,-1670.03,1.878302,6.951611,0.597156,24.895397,-19.647412,1.267108,187.74,14.738738,61,0.753555,3,7.81288,measured_slice(측정 구간)
mt5_ta_s264_aih_explosive_combo_historical_2024,s264_allow_inner_high_quarter,s264_aih,challenger_core,explosive_shock_state_combo,explosive_shock_state_combo,Tier A and duplicate-boundary Tier A+B inputs are materialized; true Tier B fallback and actual routed total remain outside this run,tier_a_only,direction,buy,253,83.83,2002.03,-1918.2,1.043702,0.331344,0.505929,15.640859,-15.3456,1.019241,291.12,37.868283,188,0.905138,8,0.287957,deep_negative_or_dd_slice(깊은 음수 또는 손실폭 구간)
mt5_rt_s264_aih_explosive_combo_historical_2024,s264_allow_inner_high_quarter,s264_aih,challenger_core,explosive_shock_state_combo,explosive_shock_state_combo,Tier A and duplicate-boundary Tier A+B inputs are materialized; true Tier B fallback and actual routed total remain outside this run,routed_total,direction,sell,211,1466.79,3136.82,-1670.03,1.878302,6.951611,0.597156,24.895397,-19.647412,1.267108,187.74,14.738738,61,0.753555,3,7.81288,measured_slice(측정 구간)
mt5_rt_s264_aih_explosive_combo_historical_2024,s264_allow_inner_high_quarter,s264_aih,challenger_core,explosive_shock_state_combo,explosive_shock_state_combo,Tier A and duplicate-boundary Tier A+B inputs are materialized; true Tier B fallback and actual routed total remain outside this run,routed_total,direction,buy,253,83.83,2002.03,-1918.2,1.043702,0.331344,0.505929,15.640859,-15.3456,1.019241,291.12,37.868283,188,0.905138,8,0.287957,deep_negative_or_dd_slice(깊은 음수 또는 손실폭 구간)
mt5_ta_s264_aia_explosive_combo_historical_2024,s264_allow_inner_all_oos_anchor,s264_aia,oos_anchor,explosive_shock_state_combo,explosive_shock_state_combo,Tier A and duplicate-boundary Tier A+B inputs are materialized; true Tier B fallback and actual routed total remain outside this run,tier_a_only,direction,sell,228,1201.63,2832.11,-1630.48,1.736979,5.270307,0.578947,21.455379,-16.984167,1.263258,197.1,14.210516,79,0.789474,5,6.09655,measured_slice(측정 구간)
mt5_ta_s264_aia_explosive_combo_historical_2024,s264_allow_inner_all_oos_anchor,s264_aia,oos_anchor,explosive_shock_state_combo,explosive_shock_state_combo,Tier A and duplicate-boundary Tier A+B inputs are materialized; true Tier B fallback and actual routed total remain outside this run,tier_a_only,direction,buy,256,250.94,1941.08,-1690.14,1.148473,0.980234,0.519531,14.594586,-13.740976,1.062122,206.15,30.414128,122,0.914062,7,1.217269,deep_negative_or_dd_slice(깊은 음수 또는 손실폭 구간)
mt5_rt_s264_aia_explosive_combo_historical_2024,s264_allow_inner_all_oos_anchor,s264_aia,oos_anchor,explosive_shock_state_combo,explosive_shock_state_combo,Tier A and duplicate-boundary Tier A+B inputs are materialized; true Tier B fallback and actual routed total remain outside this run,routed_total,direction,sell,228,1201.63,2832.11,-1630.48,1.736979,5.270307,0.578947,21.455379,-16.984167,1.263258,197.1,14.210516,79,0.789474,5,6.09655,measured_slice(측정 구간)
mt5_rt_s264_aia_explosive_combo_historical_2024,s264_allow_inner_all_oos_anchor,s264_aia,oos_anchor,explosive_shock_state_combo,explosive_shock_state_combo,Tier A and duplicate-boundary Tier A+B inputs are materialized; true Tier B fallback and actual routed total remain outside this run,routed_total,direction,buy,256,250.94,1941.08,-1690.14,1.148473,0.980234,0.519531,14.594586,-13.740976,1.062122,206.15,30.414128,122,0.914062,7,1.217269,deep_negative_or_dd_slice(깊은 음수 또는 손실폭 구간)
mt5_ta_s258_stc_explosive_combo_historical_2024,s258_short_tight_control,s258_stc,stress_challenger,explosive_shock_state_combo,explosive_shock_state_combo,Tier A and duplicate-boundary Tier A+B inputs are materialized; true Tier B fallback and actual routed total remain outside this run,tier_a_only,direction,sell,247,1754.19,4037.51,-2283.32,1.768263,7.101984,0.591093,27.654178,-22.607129,1.22325,226.45,11.430783,46,0.724696,5,7.746478,measured_slice(측정 구간)
mt5_ta_s258_stc_explosive_combo_historical_2024,s258_short_tight_control,s258_stc,stress_challenger,explosive_shock_state_combo,explosive_shock_state_combo,Tier A and duplicate-boundary Tier A+B inputs are materialized; true Tier B fallback and actual routed total remain outside this run,tier_a_only,direction,buy,239,92.77,2117.99,-2025.22,1.045807,0.388159,0.506276,17.50405,-17.162881,1.019878,343.83,47.679337,177,0.920502,7,0.269814,deep_negative_or_dd_slice(깊은 음수 또는 손실폭 구간)
mt5_rt_s258_stc_explosive_combo_historical_2024,s258_short_tight_control,s258_stc,stress_challenger,explosive_shock_state_combo,explosive_shock_state_combo,Tier A and duplicate-boundary Tier A+B inputs are materialized; true Tier B fallback and actual routed total remain outside this run,routed_total,direction,sell,247,1754.19,4037.51,-2283.32,1.768263,7.101984,0.591093,27.654178,-22.607129,1.22325,226.45,11.430783,46,0.724696,5,7.746478,measured_slice(측정 구간)
mt5_rt_s258_stc_explosive_combo_historical_2024,s258_short_tight_control,s258_stc,stress_challenger,explosive_shock_state_combo,explosive_shock_state_combo,Tier A and duplicate-boundary Tier A+B inputs are materialized; true Tier B fallback and actual routed total remain outside this run,routed_total,direction,buy,239,92.77,2117.99,-2025.22,1.045807,0.388159,0.506276,17.50405,-17.162881,1.019878,343.83,47.679337,177,0.920502,7,0.269814,deep_negative_or_dd_slice(깊은 음수 또는 손실폭 구간)
mt5_ta_s258_stc_redzone_monday_dd_historical_2024,s258_short_tight_control,s258_stc,stress_challenger,redzone_monday_dd_pressure,redzone_monday_dd_pressure,Tier A and duplicate-boundary Tier A+B inputs are materialized; true Tier B fallback and actual routed total remain outside this run,tier_a_only,chron_segment,chron_early,173,1060.2,1909.33,-849.13,2.248572,6.128324,0.578035,19.0933,-11.631918,1.641458,112.91,9.076148,34,0.653179,6,9.389779,measured_slice(측정 구간)
mt5_ta_s258_stc_redzone_monday_dd_historical_2024,s258_short_tight_control,s258_stc,stress_challenger,redzone_monday_dd_pressure,redzone_monday_dd_pressure,Tier A and duplicate-boundary Tier A+B inputs are materialized; true Tier B fallback and actual routed total remain outside this run,tier_a_only,chron_segment,chron_mid,173,30.76,1747.81,-1717.05,1.017914,0.177803,0.491329,20.562471,-19.511932,1.053841,293.12,58.624,157,0.982659,5,0.10494,deep_negative_or_dd_slice(깊은 음수 또는 손실폭 구간)
mt5_ta_s258_stc_redzone_monday_dd_historical_2024,s258_short_tight_control,s258_stc,stress_challenger,redzone_monday_dd_pressure,redzone_monday_dd_pressure,Tier A and duplicate-boundary Tier A+B inputs are materialized; true Tier B fallback and actual routed total remain outside this run,tier_a_only,chron_segment,chron_late,172,1024.93,3118.89,-2093.96,1.48947,5.958895,0.563953,32.153505,-27.919467,1.151652,376.77,43.280872,61,0.860465,6,2.720307,deep_negative_or_dd_slice(깊은 음수 또는 손실폭 구간)
mt5_rt_s258_stc_redzone_monday_dd_historical_2024,s258_short_tight_control,s258_stc,stress_challenger,redzone_monday_dd_pressure,redzone_monday_dd_pressure,Tier A and duplicate-boundary Tier A+B inputs are materialized; true Tier B fallback and actual routed total remain outside this run,routed_total,chron_segment,chron_early,173,1060.2,1909.33,-849.13,2.248572,6.128324,0.578035,19.0933,-11.631918,1.641458,112.91,9.076148,34,0.653179,6,9.389779,measured_slice(측정 구간)
mt5_rt_s258_stc_redzone_monday_dd_historical_2024,s258_short_tight_control,s258_stc,stress_challenger,redzone_monday_dd_pressure,redzone_monday_dd_pressure,Tier A and duplicate-boundary Tier A+B inputs are materialized; true Tier B fallback and actual routed total remain outside this run,routed_total,chron_segment,chron_mid,173,30.76,1747.81,-1717.05,1.017914,0.177803,0.491329,20.562471,-19.511932,1.053841,293.12,58.624,157,0.982659,5,0.10494,deep_negative_or_dd_slice(깊은 음수 또는 손실폭 구간)
mt5_rt_s258_stc_redzone_monday_dd_historical_2024,s258_short_tight_control,s258_stc,stress_challenger,redzone_monday_dd_pressure,redzone_monday_dd_pressure,Tier A and duplicate-boundary Tier A+B inputs are materialized; true Tier B fallback and actual routed total remain outside this run,routed_total,chron_segment,chron_late,172,1024.93,3118.89,-2093.96,1.48947,5.958895,0.563953,32.153505,-27.919467,1.151652,376.77,43.280872,61,0.860465,6,2.720307,deep_negative_or_dd_slice(깊은 음수 또는 손실폭 구간)
mt5_ta_s264_aih_aih_supply_repair_historical_2024,s264_allow_inner_high_quarter,s264_aih,challenger_core,aih_aggressive_supply_repair,aih_aggressive_supply_repair,Tier A and duplicate-boundary Tier A+B inputs are materialized; true Tier B fallback and actual routed total remain outside this run,tier_a_only,chron_segment,chron_early,95,339.28,685.29,-346.01,1.98055,3.571368,0.578947,12.459818,-8.65025,1.4404,55.7,6.387908,14,0.642105,4,6.091203,measured_slice(측정 구간)
mt5_ta_s264_aih_aih_supply_repair_historical_2024,s264_allow_inner_high_quarter,s264_aih,challenger_core,aih_aggressive_supply_repair,aih_aggressive_supply_repair,Tier A and duplicate-boundary Tier A+B inputs are materialized; true Tier B fallback and actual routed total remain outside this run,tier_a_only,chron_segment,chron_mid,95,156.92,599.68,-442.76,1.354413,1.651789,0.557895,11.314717,-10.541905,1.073309,66.84,13.12802,32,0.852632,5,2.347696,measured_slice(측정 구간)
mt5_ta_s264_aih_aih_supply_repair_historical_2024,s264_allow_inner_high_quarter,s264_aih,challenger_core,aih_aggressive_supply_repair,aih_aggressive_supply_repair,Tier A and duplicate-boundary Tier A+B inputs are materialized; true Tier B fallback and actual routed total remain outside this run,tier_a_only,chron_segment,chron_late,93,551.05,1169.31,-618.26,1.891292,5.925269,0.569892,22.062453,-15.4565,1.42739,178.44,14.745767,31,0.688172,5,3.088153,measured_slice(측정 구간)
mt5_rt_s264_aih_aih_supply_repair_historical_2024,s264_allow_inner_high_quarter,s264_aih,challenger_core,aih_aggressive_supply_repair,aih_aggressive_supply_repair,Tier A and duplicate-boundary Tier A+B inputs are materialized; true Tier B fallback and actual routed total remain outside this run,routed_total,chron_segment,chron_early,95,339.28,685.29,-346.01,1.98055,3.571368,0.578947,12.459818,-8.65025,1.4404,55.7,6.387908,14,0.642105,4,6.091203,measured_slice(측정 구간)
mt5_rt_s264_aih_aih_supply_repair_historical_2024,s264_allow_inner_high_quarter,s264_aih,challenger_core,aih_aggressive_supply_repair,aih_aggressive_supply_repair,Tier A and duplicate-boundary Tier A+B inputs are materialized; true Tier B fallback and actual routed total remain outside this run,routed_total,chron_segment,chron_mid,95,156.92,599.68,-442.76,1.354413,1.651789,0.557895,11.314717,-10.541905,1.073309,66.84,13.12802,32,0.852632,5,2.347696,measured_slice(측정 구간)
mt5_rt_s264_aih_aih_supply_repair_historical_2024,s264_allow_inner_high_quarter,s264_aih,challenger_core,aih_aggressive_supply_repair,aih_aggressive_supply_repair,Tier A and duplicate-boundary Tier A+B inputs are materialized; true Tier B fallback and actual routed total remain outside this run,routed_total,chron_segment,chron_late,93,551.05,1169.31,-618.26,1.891292,5.925269,0.569892,22.062453,-15.4565,1.42739,178.44,14.745767,31,0.688172,5,3.088153,measured_slice(측정 구간)
mt5_ta_s264_aih_explosive_combo_historical_2024,s264_allow_inner_high_quarter,s264_aih,challenger_core,explosive_shock_state_combo,explosive_shock_state_combo,Tier A and duplicate-boundary Tier A+B inputs are materialized; true Tier B fallback and actual routed total remain outside this run,tier_a_only,chron_segment,chron_early,155,815.59,1580.63,-765.04,2.066075,5.261871,0.567742,17.961705,-11.418507,1.573034,114.45,8.33734,23,0.696774,5,7.126169,measured_slice(측정 구간)
mt5_ta_s264_aih_explosive_combo_historical_2024,s264_allow_inner_high_quarter,s264_aih,challenger_core,explosive_shock_state_combo,explosive_shock_state_combo,Tier A and duplicate-boundary Tier A+B inputs are materialized; true Tier B fallback and actual routed total remain outside this run,tier_a_only,chron_segment,chron_mid,155,-6.97,1272.53,-1279.5,0.994553,-0.044968,0.496774,16.526364,-16.403846,1.007469,297.12,58.183527,133,0.967742,9,-0.023459,deep_negative_or_dd_slice(깊은 음수 또는 손실폭 구간)
mt5_ta_s264_aih_explosive_combo_historical_2024,s264_allow_inner_high_quarter,s264_aih,challenger_core,explosive_shock_state_combo,explosive_shock_state_combo,Tier A and duplicate-boundary Tier A+B inputs are materialized; true Tier B fallback and actual routed total remain outside this run,tier_a_only,chron_segment,chron_late,154,742.0,2285.69,-1543.69,1.480666,4.818182,0.577922,25.68191,-23.749077,1.081386,258.29,23.671772,53,0.818182,5,2.87274,measured_slice(측정 구간)
mt5_rt_s264_aih_explosive_combo_historical_2024,s264_allow_inner_high_quarter,s264_aih,challenger_core,explosive_shock_state_combo,explosive_shock_state_combo,Tier A and duplicate-boundary Tier A+B inputs are materialized; true Tier B fallback and actual routed total remain outside this run,routed_total,chron_segment,chron_early,155,815.59,1580.63,-765.04,2.066075,5.261871,0.567742,17.961705,-11.418507,1.573034,114.45,8.33734,23,0.696774,5,7.126169,measured_slice(측정 구간)
mt5_rt_s264_aih_explosive_combo_historical_2024,s264_allow_inner_high_quarter,s264_aih,challenger_core,explosive_shock_state_combo,explosive_shock_state_combo,Tier A and duplicate-boundary Tier A+B inputs are materialized; true Tier B fallback and actual routed total remain outside this run,routed_total,chron_segment,chron_mid,155,-6.97,1272.53,-1279.5,0.994553,-0.044968,0.496774,16.526364,-16.403846,1.007469,297.12,58.183527,133,0.967742,9,-0.023459,deep_negative_or_dd_slice(깊은 음수 또는 손실폭 구간)
mt5_rt_s264_aih_explosive_combo_historical_2024,s264_allow_inner_high_quarter,s264_aih,challenger_core,explosive_shock_state_combo,explosive_shock_state_combo,Tier A and duplicate-boundary Tier A+B inputs are materialized; true Tier B fallback and actual routed total remain outside this run,routed_total,chron_segment,chron_late,154,742.0,2285.69,-1543.69,1.480666,4.818182,0.577922,25.68191,-23.749077,1.081386,258.29,23.671772,53,0.818182,5,2.87274,measured_slice(측정 구간)
mt5_ta_s264_aia_explosive_combo_historical_2024,s264_allow_inner_all_oos_anchor,s264_aia,oos_anchor,explosive_shock_state_combo,explosive_shock_state_combo,Tier A and duplicate-boundary Tier A+B inputs are materialized; true Tier B fallback and actual routed total remain outside this run,tier_a_only,chron_segment,chron_early,162,590.0,1343.67,-753.67,1.782836,3.641975,0.518519,15.996071,-9.662436,1.655491,118.29,10.147116,16,0.728395,5,4.987742,measured_slice(측정 구간)
mt5_ta_s264_aia_explosive_combo_historical_2024,s264_allow_inner_all_oos_anchor,s264_aia,oos_anchor,explosive_shock_state_combo,explosive_shock_state_combo,Tier A and duplicate-boundary Tier A+B inputs are materialized; true Tier B fallback and actual routed total remain outside this run,tier_a_only,chron_segment,chron_mid,162,49.96,1154.03,-1104.07,1.045251,0.308395,0.524691,13.576824,-14.338571,0.946874,221.4,42.03691,146,0.969136,5,0.225655,deep_negative_or_dd_slice(깊은 음수 또는 손실폭 구간)
mt5_ta_s264_aia_explosive_combo_historical_2024,s264_allow_inner_all_oos_anchor,s264_aia,oos_anchor,explosive_shock_state_combo,explosive_shock_state_combo,Tier A and duplicate-boundary Tier A+B inputs are materialized; true Tier B fallback and actual routed total remain outside this run,tier_a_only,chron_segment,chron_late,160,812.61,2275.49,-1462.88,1.555486,5.078812,0.6,23.703021,-22.8575,1.036991,297.67,20.15833,57,0.78125,3,2.729902,measured_slice(측정 구간)
mt5_rt_s264_aia_explosive_combo_historical_2024,s264_allow_inner_all_oos_anchor,s264_aia,oos_anchor,explosive_shock_state_combo,explosive_shock_state_combo,Tier A and duplicate-boundary Tier A+B inputs are materialized; true Tier B fallback and actual routed total remain outside this run,routed_total,chron_segment,chron_early,162,590.0,1343.67,-753.67,1.782836,3.641975,0.518519,15.996071,-9.662436,1.655491,118.29,10.147116,16,0.728395,5,4.987742,measured_slice(측정 구간)
mt5_rt_s264_aia_explosive_combo_historical_2024,s264_allow_inner_all_oos_anchor,s264_aia,oos_anchor,explosive_shock_state_combo,explosive_shock_state_combo,Tier A and duplicate-boundary Tier A+B inputs are materialized; true Tier B fallback and actual routed total remain outside this run,routed_total,chron_segment,chron_mid,162,49.96,1154.03,-1104.07,1.045251,0.308395,0.524691,13.576824,-14.338571,0.946874,221.4,42.03691,146,0.969136,5,0.225655,deep_negative_or_dd_slice(깊은 음수 또는 손실폭 구간)
mt5_rt_s264_aia_explosive_combo_historical_2024,s264_allow_inner_all_oos_anchor,s264_aia,oos_anchor,explosive_shock_state_combo,explosive_shock_state_combo,Tier A and duplicate-boundary Tier A+B inputs are materialized; true Tier B fallback and actual routed total remain outside this run,routed_total,chron_segment,chron_late,160,812.61,2275.49,-1462.88,1.555486,5.078812,0.6,23.703021,-22.8575,1.036991,297.67,20.15833,57,0.78125,3,2.729902,measured_slice(측정 구간)
mt5_ta_s258_stc_explosive_combo_historical_2024,s258_short_tight_control,s258_stc,stress_challenger,explosive_shock_state_combo,explosive_shock_state_combo,Tier A and duplicate-boundary Tier A+B inputs are materialized; true Tier B fallback and actual routed total remain outside this run,tier_a_only,chron_segment,chron_early,162,955.56,1837.63,-882.07,2.083315,5.898519,0.574074,19.759462,-12.783623,1.545686,115.01,7.771944,15,0.685185,6,8.308495,measured_slice(측정 구간)
mt5_ta_s258_stc_explosive_combo_historical_2024,s258_short_tight_control,s258_stc,stress_challenger,explosive_shock_state_combo,explosive_shock_state_combo,Tier A and duplicate-boundary Tier A+B inputs are materialized; true Tier B fallback and actual routed total remain outside this run,tier_a_only,chron_segment,chron_mid,162,103.43,1656.67,-1553.24,1.06659,0.638457,0.506173,20.203293,-19.4155,1.040575,240.33,48.066,138,0.962963,5,0.430367,deep_negative_or_dd_slice(깊은 음수 또는 손실폭 구간)
mt5_ta_s258_stc_explosive_combo_historical_2024,s258_short_tight_control,s258_stc,stress_challenger,explosive_shock_state_combo,explosive_shock_state_combo,Tier A and duplicate-boundary Tier A+B inputs are materialized; true Tier B fallback and actual routed total remain outside this run,tier_a_only,chron_segment,chron_late,162,787.97,2661.2,-1873.23,1.420648,4.864012,0.567901,28.926087,-26.760429,1.080928,311.17,39.114074,56,0.888889,9,2.532281,deep_negative_or_dd_slice(깊은 음수 또는 손실폭 구간)
mt5_rt_s258_stc_explosive_combo_historical_2024,s258_short_tight_control,s258_stc,stress_challenger,explosive_shock_state_combo,explosive_shock_state_combo,Tier A and duplicate-boundary Tier A+B inputs are materialized; true Tier B fallback and actual routed total remain outside this run,routed_total,chron_segment,chron_early,162,955.56,1837.63,-882.07,2.083315,5.898519,0.574074,19.759462,-12.783623,1.545686,115.01,7.771944,15,0.685185,6,8.308495,measured_slice(측정 구간)
mt5_rt_s258_stc_explosive_combo_historical_2024,s258_short_tight_control,s258_stc,stress_challenger,explosive_shock_state_combo,explosive_shock_state_combo,Tier A and duplicate-boundary Tier A+B inputs are materialized; true Tier B fallback and actual routed total remain outside this run,routed_total,chron_segment,chron_mid,162,103.43,1656.67,-1553.24,1.06659,0.638457,0.506173,20.203293,-19.4155,1.040575,240.33,48.066,138,0.962963,5,0.430367,deep_negative_or_dd_slice(깊은 음수 또는 손실폭 구간)
mt5_rt_s258_stc_explosive_combo_historical_2024,s258_short_tight_control,s258_stc,stress_challenger,explosive_shock_state_combo,explosive_shock_state_combo,Tier A and duplicate-boundary Tier A+B inputs are materialized; true Tier B fallback and actual routed total remain outside this run,routed_total,chron_segment,chron_late,162,787.97,2661.2,-1873.23,1.420648,4.864012,0.567901,28.926087,-26.760429,1.080928,311.17,39.114074,56,0.888889,9,2.532281,deep_negative_or_dd_slice(깊은 음수 또는 손실폭 구간)
