run_id,split,model_id,label_id,policy_id,threshold_id,exit_mode,max_hold_m5,entry_timestamp,exit_timestamp,held_m5,side,score,threshold,entry_open,exit_open,net_profit,cost_per_trade,claim_boundary
run364L_train_density_lift_trade_shape_onnx_scout_without_db_v1,validation,h6_move3__rf4_l120_n64,h6_move3,long_only_margin,long_only_margin__density_8_0__maxhold_4__weak_or_opp,weak_or_opp,4,2025-01-02T16:55:00+00:00,2025-01-02T17:15:00+00:00,4,long,0.000712043174,-0.001214469784,21125.82,21169.69,4.087,0.3,research_development_density_lift_trade_shape_model_training_and_proxy_scout_only_no_mt5_execution_no_forward_pass_no_live_readiness_no_operating_promotion_no_runtime_authority_no_goal_claim
run364L_train_density_lift_trade_shape_onnx_scout_without_db_v1,validation,h6_move3__rf4_l120_n64,h6_move3,long_only_margin,long_only_margin__density_8_0__maxhold_4__weak_or_opp,weak_or_opp,4,2025-01-02T17:20:00+00:00,2025-01-02T17:35:00+00:00,3,long,0.003958355909,-0.001214469784,21105.82,21011.32,-9.75,0.3,research_development_density_lift_trade_shape_model_training_and_proxy_scout_only_no_mt5_execution_no_forward_pass_no_live_readiness_no_operating_promotion_no_runtime_authority_no_goal_claim
run364L_train_density_lift_trade_shape_onnx_scout_without_db_v1,validation,h6_move3__rf4_l120_n64,h6_move3,long_only_margin,long_only_margin__density_8_0__maxhold_4__weak_or_opp,weak_or_opp,4,2025-01-03T16:35:00+00:00,2025-01-03T16:50:00+00:00,3,long,0.009330242229,-0.001214469784,21079.29,21111.91,2.962,0.3,research_development_density_lift_trade_shape_model_training_and_proxy_scout_only_no_mt5_execution_no_forward_pass_no_live_readiness_no_operating_promotion_no_runtime_authority_no_goal_claim
run364L_train_density_lift_trade_shape_onnx_scout_without_db_v1,validation,h6_move3__rf4_l120_n64,h6_move3,long_only_margin,long_only_margin__density_8_0__maxhold_4__weak_or_opp,weak_or_opp,4,2025-01-03T17:00:00+00:00,2025-01-03T17:15:00+00:00,3,long,0.003311108448,-0.001214469784,21132.54,21097.04,-3.85,0.3,research_development_density_lift_trade_shape_model_training_and_proxy_scout_only_no_mt5_execution_no_forward_pass_no_live_readiness_no_operating_promotion_no_runtime_authority_no_goal_claim
run364L_train_density_lift_trade_shape_onnx_scout_without_db_v1,validation,h6_move3__rf4_l120_n64,h6_move3,long_only_margin,long_only_margin__density_8_0__maxhold_4__weak_or_opp,weak_or_opp,4,2025-01-03T17:30:00+00:00,2025-01-03T17:35:00+00:00,1,long,-0.000108985207,-0.001214469784,21081.29,21101.79,1.75,0.3,research_development_density_lift_trade_shape_model_training_and_proxy_scout_only_no_mt5_execution_no_forward_pass_no_live_readiness_no_operating_promotion_no_runtime_authority_no_goal_claim
run364L_train_density_lift_trade_shape_onnx_scout_without_db_v1,validation,h6_move3__rf4_l120_n64,h6_move3,long_only_margin,long_only_margin__density_8_0__maxhold_4__weak_or_opp,weak_or_opp,4,2025-01-03T17:40:00+00:00,2025-01-03T17:45:00+00:00,1,long,0.000732235436,-0.001214469784,21101.54,21123.54,1.9,0.3,research_development_density_lift_trade_shape_model_training_and_proxy_scout_only_no_mt5_execution_no_forward_pass_no_live_readiness_no_operating_promotion_no_runtime_authority_no_goal_claim
run364L_train_density_lift_trade_shape_onnx_scout_without_db_v1,validation,h6_move3__rf4_l120_n64,h6_move3,long_only_margin,long_only_margin__density_8_0__maxhold_4__weak_or_opp,weak_or_opp,4,2025-01-03T17:50:00+00:00,2025-01-03T17:55:00+00:00,1,long,0.004212420934,-0.001214469784,21123.79,21103.54,-2.325,0.3,research_development_density_lift_trade_shape_model_training_and_proxy_scout_only_no_mt5_execution_no_forward_pass_no_live_readiness_no_operating_promotion_no_runtime_authority_no_goal_claim
run364L_train_density_lift_trade_shape_onnx_scout_without_db_v1,validation,h6_move3__rf4_l120_n64,h6_move3,long_only_margin,long_only_margin__density_8_0__maxhold_4__weak_or_opp,weak_or_opp,4,2025-01-03T18:15:00+00:00,2025-01-03T18:35:00+00:00,4,long,-0.000128164126,-0.001214469784,21111.29,21200.29,8.6,0.3,research_development_density_lift_trade_shape_model_training_and_proxy_scout_only_no_mt5_execution_no_forward_pass_no_live_readiness_no_operating_promotion_no_runtime_authority_no_goal_claim
run364L_train_density_lift_trade_shape_onnx_scout_without_db_v1,validation,h6_move3__rf4_l120_n64,h6_move3,long_only_margin,long_only_margin__density_8_0__maxhold_4__weak_or_opp,weak_or_opp,4,2025-01-03T18:40:00+00:00,2025-01-03T18:55:00+00:00,3,long,0.010646360411,-0.001214469784,21203.29,21232.66,2.637,0.3,research_development_density_lift_trade_shape_model_training_and_proxy_scout_only_no_mt5_execution_no_forward_pass_no_live_readiness_no_operating_promotion_no_runtime_authority_no_goal_claim
run364L_train_density_lift_trade_shape_onnx_scout_without_db_v1,validation,h6_move3__rf4_l120_n64,h6_move3,long_only_margin,long_only_margin__density_8_0__maxhold_4__weak_or_opp,weak_or_opp,4,2025-01-03T19:00:00+00:00,2025-01-03T19:05:00+00:00,1,long,0.005134846592,-0.001214469784,21212.04,21229.16,1.412,0.3,research_development_density_lift_trade_shape_model_training_and_proxy_scout_only_no_mt5_execution_no_forward_pass_no_live_readiness_no_operating_promotion_no_runtime_authority_no_goal_claim
run364L_train_density_lift_trade_shape_onnx_scout_without_db_v1,validation,h6_move3__rf4_l120_n64,h6_move3,long_only_margin,long_only_margin__density_8_0__maxhold_4__weak_or_opp,weak_or_opp,4,2025-01-03T19:20:00+00:00,2025-01-03T19:25:00+00:00,1,long,-0.001010498573,-0.001214469784,21195.66,21213.79,1.513,0.3,research_development_density_lift_trade_shape_model_training_and_proxy_scout_only_no_mt5_execution_no_forward_pass_no_live_readiness_no_operating_promotion_no_runtime_authority_no_goal_claim
run364L_train_density_lift_trade_shape_onnx_scout_without_db_v1,validation,h6_move3__rf4_l120_n64,h6_move3,long_only_margin,long_only_margin__density_8_0__maxhold_4__weak_or_opp,weak_or_opp,4,2025-01-06T16:45:00+00:00,2025-01-06T17:05:00+00:00,4,long,0.001251600213,-0.001214469784,21547.5,21581.5,3.1,0.3,research_development_density_lift_trade_shape_model_training_and_proxy_scout_only_no_mt5_execution_no_forward_pass_no_live_readiness_no_operating_promotion_no_runtime_authority_no_goal_claim
run364L_train_density_lift_trade_shape_onnx_scout_without_db_v1,validation,h6_move3__rf4_l120_n64,h6_move3,long_only_margin,long_only_margin__density_8_0__maxhold_4__weak_or_opp,weak_or_opp,4,2025-01-06T17:15:00+00:00,2025-01-06T17:35:00+00:00,4,long,0.008585835618,-0.001214469784,21611.0,21617.0,0.3,0.3,research_development_density_lift_trade_shape_model_training_and_proxy_scout_only_no_mt5_execution_no_forward_pass_no_live_readiness_no_operating_promotion_no_runtime_authority_no_goal_claim
run364L_train_density_lift_trade_shape_onnx_scout_without_db_v1,validation,h6_move3__rf4_l120_n64,h6_move3,long_only_margin,long_only_margin__density_8_0__maxhold_4__weak_or_opp,weak_or_opp,4,2025-01-06T17:45:00+00:00,2025-01-06T18:10:00+00:00,4,long,0.01112033998,-0.001214469784,21628.37,21639.62,0.825,0.3,research_development_density_lift_trade_shape_model_training_and_proxy_scout_only_no_mt5_execution_no_forward_pass_no_live_readiness_no_operating_promotion_no_runtime_authority_no_goal_claim
run364L_train_density_lift_trade_shape_onnx_scout_without_db_v1,validation,h6_move3__rf4_l120_n64,h6_move3,long_only_margin,long_only_margin__density_8_0__maxhold_4__weak_or_opp,weak_or_opp,4,2025-01-07T18:10:00+00:00,2025-01-07T18:15:00+00:00,1,long,-0.001169589165,-0.001214469784,21300.51,21276.88,-2.663,0.3,research_development_density_lift_trade_shape_model_training_and_proxy_scout_only_no_mt5_execution_no_forward_pass_no_live_readiness_no_operating_promotion_no_runtime_authority_no_goal_claim
run364L_train_density_lift_trade_shape_onnx_scout_without_db_v1,validation,h6_move3__rf4_l120_n64,h6_move3,long_only_margin,long_only_margin__density_8_0__maxhold_4__weak_or_opp,weak_or_opp,4,2025-01-08T16:35:00+00:00,2025-01-08T16:40:00+00:00,1,long,0.005763756138,-0.001214469784,21136.03,21065.66,-7.337,0.3,research_development_density_lift_trade_shape_model_training_and_proxy_scout_only_no_mt5_execution_no_forward_pass_no_live_readiness_no_operating_promotion_no_runtime_authority_no_goal_claim
run364L_train_density_lift_trade_shape_onnx_scout_without_db_v1,validation,h6_move3__rf4_l120_n64,h6_move3,long_only_margin,long_only_margin__density_8_0__maxhold_4__weak_or_opp,weak_or_opp,4,2025-01-08T18:00:00+00:00,2025-01-08T18:05:00+00:00,1,long,0.00171378951,-0.001214469784,21121.91,21081.91,-4.3,0.3,research_development_density_lift_trade_shape_model_training_and_proxy_scout_only_no_mt5_execution_no_forward_pass_no_live_readiness_no_operating_promotion_no_runtime_authority_no_goal_claim
run364L_train_density_lift_trade_shape_onnx_scout_without_db_v1,validation,h6_move3__rf4_l120_n64,h6_move3,long_only_margin,long_only_margin__density_8_0__maxhold_4__weak_or_opp,weak_or_opp,4,2025-01-08T18:15:00+00:00,2025-01-08T18:20:00+00:00,1,long,0.003164326741,-0.001214469784,21100.41,21100.91,-0.25,0.3,research_development_density_lift_trade_shape_model_training_and_proxy_scout_only_no_mt5_execution_no_forward_pass_no_live_readiness_no_operating_promotion_no_runtime_authority_no_goal_claim
run364L_train_density_lift_trade_shape_onnx_scout_without_db_v1,validation,h6_move3__rf4_l120_n64,h6_move3,long_only_margin,long_only_margin__density_8_0__maxhold_4__weak_or_opp,weak_or_opp,4,2025-01-08T18:45:00+00:00,2025-01-08T19:00:00+00:00,3,long,-0.00116205981,-0.001214469784,21174.28,21149.91,-2.737,0.3,research_development_density_lift_trade_shape_model_training_and_proxy_scout_only_no_mt5_execution_no_forward_pass_no_live_readiness_no_operating_promotion_no_runtime_authority_no_goal_claim
run364L_train_density_lift_trade_shape_onnx_scout_without_db_v1,validation,h6_move3__rf4_l120_n64,h6_move3,long_only_margin,long_only_margin__density_8_0__maxhold_4__weak_or_opp,weak_or_opp,4,2025-01-08T20:45:00+00:00,2025-01-08T20:50:00+00:00,1,long,-0.000967538454,-0.001214469784,21141.78,21107.53,-3.725,0.3,research_development_density_lift_trade_shape_model_training_and_proxy_scout_only_no_mt5_execution_no_forward_pass_no_live_readiness_no_operating_promotion_no_runtime_authority_no_goal_claim
run364L_train_density_lift_trade_shape_onnx_scout_without_db_v1,validation,h6_move3__rf4_l120_n64,h6_move3,long_only_margin,long_only_margin__density_8_0__maxhold_4__weak_or_opp,weak_or_opp,4,2025-01-13T17:10:00+00:00,2025-01-13T17:15:00+00:00,1,long,-0.000300183689,-0.001214469784,20583.83,20555.33,-3.15,0.3,research_development_density_lift_trade_shape_model_training_and_proxy_scout_only_no_mt5_execution_no_forward_pass_no_live_readiness_no_operating_promotion_no_runtime_authority_no_goal_claim
run364L_train_density_lift_trade_shape_onnx_scout_without_db_v1,validation,h6_move3__rf4_l120_n64,h6_move3,long_only_margin,long_only_margin__density_8_0__maxhold_4__weak_or_opp,weak_or_opp,4,2025-01-13T17:40:00+00:00,2025-01-13T17:45:00+00:00,1,long,-0.001045282425,-0.001214469784,20612.33,20638.08,2.275,0.3,research_development_density_lift_trade_shape_model_training_and_proxy_scout_only_no_mt5_execution_no_forward_pass_no_live_readiness_no_operating_promotion_no_runtime_authority_no_goal_claim
run364L_train_density_lift_trade_shape_onnx_scout_without_db_v1,validation,h6_move3__rf4_l120_n64,h6_move3,long_only_margin,long_only_margin__density_8_0__maxhold_4__weak_or_opp,weak_or_opp,4,2025-01-13T19:45:00+00:00,2025-01-13T19:50:00+00:00,1,long,-0.00092827087,-0.001214469784,20607.08,20623.45,1.337,0.3,research_development_density_lift_trade_shape_model_training_and_proxy_scout_only_no_mt5_execution_no_forward_pass_no_live_readiness_no_operating_promotion_no_runtime_authority_no_goal_claim
run364L_train_density_lift_trade_shape_onnx_scout_without_db_v1,validation,h6_move3__rf4_l120_n64,h6_move3,long_only_margin,long_only_margin__density_8_0__maxhold_4__weak_or_opp,weak_or_opp,4,2025-01-13T20:05:00+00:00,2025-01-13T20:10:00+00:00,1,long,0.00136706848,-0.001214469784,20669.2,20662.2,-1.0,0.3,research_development_density_lift_trade_shape_model_training_and_proxy_scout_only_no_mt5_execution_no_forward_pass_no_live_readiness_no_operating_promotion_no_runtime_authority_no_goal_claim
run364L_train_density_lift_trade_shape_onnx_scout_without_db_v1,validation,h6_move3__rf4_l120_n64,h6_move3,long_only_margin,long_only_margin__density_8_0__maxhold_4__weak_or_opp,weak_or_opp,4,2025-01-13T22:00:00+00:00,2025-01-14T16:40:00+00:00,2,long,-0.000972370176,-0.001214469784,20688.45,20898.52,20.707,0.3,research_development_density_lift_trade_shape_model_training_and_proxy_scout_only_no_mt5_execution_no_forward_pass_no_live_readiness_no_operating_promotion_no_runtime_authority_no_goal_claim
run364L_train_density_lift_trade_shape_onnx_scout_without_db_v1,validation,h6_move3__rf4_l120_n64,h6_move3,long_only_margin,long_only_margin__density_8_0__maxhold_4__weak_or_opp,weak_or_opp,4,2025-01-14T16:45:00+00:00,2025-01-14T16:55:00+00:00,2,long,0.008169068834,-0.001214469784,20896.77,20792.77,-10.7,0.3,research_development_density_lift_trade_shape_model_training_and_proxy_scout_only_no_mt5_execution_no_forward_pass_no_live_readiness_no_operating_promotion_no_runtime_authority_no_goal_claim
run364L_train_density_lift_trade_shape_onnx_scout_without_db_v1,validation,h6_move3__rf4_l120_n64,h6_move3,long_only_margin,long_only_margin__density_8_0__maxhold_4__weak_or_opp,weak_or_opp,4,2025-01-14T17:15:00+00:00,2025-01-14T17:20:00+00:00,1,long,0.001290801571,-0.001214469784,20866.52,20860.52,-0.9,0.3,research_development_density_lift_trade_shape_model_training_and_proxy_scout_only_no_mt5_execution_no_forward_pass_no_live_readiness_no_operating_promotion_no_runtime_authority_no_goal_claim
run364L_train_density_lift_trade_shape_onnx_scout_without_db_v1,validation,h6_move3__rf4_l120_n64,h6_move3,long_only_margin,long_only_margin__density_8_0__maxhold_4__weak_or_opp,weak_or_opp,4,2025-01-14T20:45:00+00:00,2025-01-14T20:50:00+00:00,1,long,0.002774367005,-0.001214469784,20763.64,20777.89,1.125,0.3,research_development_density_lift_trade_shape_model_training_and_proxy_scout_only_no_mt5_execution_no_forward_pass_no_live_readiness_no_operating_promotion_no_runtime_authority_no_goal_claim
run364L_train_density_lift_trade_shape_onnx_scout_without_db_v1,validation,h6_move3__rf4_l120_n64,h6_move3,long_only_margin,long_only_margin__density_8_0__maxhold_4__weak_or_opp,weak_or_opp,4,2025-01-15T16:35:00+00:00,2025-01-15T16:55:00+00:00,4,long,0.020438081462,-0.001214469784,21054.85,21106.35,4.85,0.3,research_development_density_lift_trade_shape_model_training_and_proxy_scout_only_no_mt5_execution_no_forward_pass_no_live_readiness_no_operating_promotion_no_runtime_authority_no_goal_claim
run364L_train_density_lift_trade_shape_onnx_scout_without_db_v1,validation,h6_move3__rf4_l120_n64,h6_move3,long_only_margin,long_only_margin__density_8_0__maxhold_4__weak_or_opp,weak_or_opp,4,2025-01-15T17:00:00+00:00,2025-01-15T17:20:00+00:00,4,long,0.022678703052,-0.001214469784,21117.73,21195.85,7.512,0.3,research_development_density_lift_trade_shape_model_training_and_proxy_scout_only_no_mt5_execution_no_forward_pass_no_live_readiness_no_operating_promotion_no_runtime_authority_no_goal_claim
run364L_train_density_lift_trade_shape_onnx_scout_without_db_v1,validation,h6_move3__rf4_l120_n64,h6_move3,long_only_margin,long_only_margin__density_8_0__maxhold_4__weak_or_opp,weak_or_opp,4,2025-01-15T17:25:00+00:00,2025-01-15T17:45:00+00:00,4,long,0.027987138474,-0.001214469784,21188.73,21159.23,-3.25,0.3,research_development_density_lift_trade_shape_model_training_and_proxy_scout_only_no_mt5_execution_no_forward_pass_no_live_readiness_no_operating_promotion_no_runtime_authority_no_goal_claim
run364L_train_density_lift_trade_shape_onnx_scout_without_db_v1,validation,h6_move3__rf4_l120_n64,h6_move3,long_only_margin,long_only_margin__density_8_0__maxhold_4__weak_or_opp,weak_or_opp,4,2025-01-15T17:50:00+00:00,2025-01-15T17:55:00+00:00,1,long,0.002874121942,-0.001214469784,21142.48,21156.98,1.15,0.3,research_development_density_lift_trade_shape_model_training_and_proxy_scout_only_no_mt5_execution_no_forward_pass_no_live_readiness_no_operating_promotion_no_runtime_authority_no_goal_claim
run364L_train_density_lift_trade_shape_onnx_scout_without_db_v1,validation,h6_move3__rf4_l120_n64,h6_move3,long_only_margin,long_only_margin__density_8_0__maxhold_4__weak_or_opp,weak_or_opp,4,2025-01-15T18:20:00+00:00,2025-01-15T18:35:00+00:00,3,long,0.003271372688,-0.001214469784,21136.85,21074.23,-6.562,0.3,research_development_density_lift_trade_shape_model_training_and_proxy_scout_only_no_mt5_execution_no_forward_pass_no_live_readiness_no_operating_promotion_no_runtime_authority_no_goal_claim
run364L_train_density_lift_trade_shape_onnx_scout_without_db_v1,validation,h6_move3__rf4_l120_n64,h6_move3,long_only_margin,long_only_margin__density_8_0__maxhold_4__weak_or_opp,weak_or_opp,4,2025-01-15T19:15:00+00:00,2025-01-15T19:25:00+00:00,2,long,-0.001140349253,-0.001214469784,21101.48,21095.73,-0.875,0.3,research_development_density_lift_trade_shape_model_training_and_proxy_scout_only_no_mt5_execution_no_forward_pass_no_live_readiness_no_operating_promotion_no_runtime_authority_no_goal_claim
run364L_train_density_lift_trade_shape_onnx_scout_without_db_v1,validation,h6_move3__rf4_l120_n64,h6_move3,long_only_margin,long_only_margin__density_8_0__maxhold_4__weak_or_opp,weak_or_opp,4,2025-01-15T19:30:00+00:00,2025-01-15T19:35:00+00:00,1,long,0.000311499977,-0.001214469784,21115.73,21128.1,0.937,0.3,research_development_density_lift_trade_shape_model_training_and_proxy_scout_only_no_mt5_execution_no_forward_pass_no_live_readiness_no_operating_promotion_no_runtime_authority_no_goal_claim
run364L_train_density_lift_trade_shape_onnx_scout_without_db_v1,validation,h6_move3__rf4_l120_n64,h6_move3,long_only_margin,long_only_margin__density_8_0__maxhold_4__weak_or_opp,weak_or_opp,4,2025-01-16T18:30:00+00:00,2025-01-16T18:40:00+00:00,2,long,0.00418629197,-0.001214469784,21200.95,21160.2,-4.375,0.3,research_development_density_lift_trade_shape_model_training_and_proxy_scout_only_no_mt5_execution_no_forward_pass_no_live_readiness_no_operating_promotion_no_runtime_authority_no_goal_claim
run364L_train_density_lift_trade_shape_onnx_scout_without_db_v1,validation,h6_move3__rf4_l120_n64,h6_move3,long_only_margin,long_only_margin__density_8_0__maxhold_4__weak_or_opp,weak_or_opp,4,2025-01-16T19:10:00+00:00,2025-01-16T19:15:00+00:00,1,long,-0.000591098251,-0.001214469784,21197.32,21194.32,-0.6,0.3,research_development_density_lift_trade_shape_model_training_and_proxy_scout_only_no_mt5_execution_no_forward_pass_no_live_readiness_no_operating_promotion_no_runtime_authority_no_goal_claim
run364L_train_density_lift_trade_shape_onnx_scout_without_db_v1,validation,h6_move3__rf4_l120_n64,h6_move3,long_only_margin,long_only_margin__density_8_0__maxhold_4__weak_or_opp,weak_or_opp,4,2025-01-17T16:50:00+00:00,2025-01-17T16:55:00+00:00,1,long,0.004061600771,-0.001214469784,21335.41,21320.16,-1.825,0.3,research_development_density_lift_trade_shape_model_training_and_proxy_scout_only_no_mt5_execution_no_forward_pass_no_live_readiness_no_operating_promotion_no_runtime_authority_no_goal_claim
run364L_train_density_lift_trade_shape_onnx_scout_without_db_v1,validation,h6_move3__rf4_l120_n64,h6_move3,long_only_margin,long_only_margin__density_8_0__maxhold_4__weak_or_opp,weak_or_opp,4,2025-01-17T17:05:00+00:00,2025-01-17T17:25:00+00:00,4,long,7.6188904e-05,-0.001214469784,21341.53,21318.41,-2.612,0.3,research_development_density_lift_trade_shape_model_training_and_proxy_scout_only_no_mt5_execution_no_forward_pass_no_live_readiness_no_operating_promotion_no_runtime_authority_no_goal_claim
run364L_train_density_lift_trade_shape_onnx_scout_without_db_v1,validation,h6_move3__rf4_l120_n64,h6_move3,long_only_margin,long_only_margin__density_8_0__maxhold_4__weak_or_opp,weak_or_opp,4,2025-01-17T17:30:00+00:00,2025-01-17T18:05:00+00:00,4,long,0.001369375421,-0.001214469784,21326.41,21382.28,5.287,0.3,research_development_density_lift_trade_shape_model_training_and_proxy_scout_only_no_mt5_execution_no_forward_pass_no_live_readiness_no_operating_promotion_no_runtime_authority_no_goal_claim
run364L_train_density_lift_trade_shape_onnx_scout_without_db_v1,validation,h6_move3__rf4_l120_n64,h6_move3,long_only_margin,long_only_margin__density_8_0__maxhold_4__weak_or_opp,weak_or_opp,4,2025-01-17T18:40:00+00:00,2025-01-17T18:50:00+00:00,1,long,0.010619319248,-0.001214469784,21416.03,21389.78,-2.925,0.3,research_development_density_lift_trade_shape_model_training_and_proxy_scout_only_no_mt5_execution_no_forward_pass_no_live_readiness_no_operating_promotion_no_runtime_authority_no_goal_claim
run364L_train_density_lift_trade_shape_onnx_scout_without_db_v1,validation,h6_move3__rf4_l120_n64,h6_move3,long_only_margin,long_only_margin__density_8_0__maxhold_4__weak_or_opp,weak_or_opp,4,2025-01-21T17:20:00+00:00,2025-01-21T17:30:00+00:00,2,long,0.010159340638,-0.001214469784,21416.6,21451.47,3.187,0.3,research_development_density_lift_trade_shape_model_training_and_proxy_scout_only_no_mt5_execution_no_forward_pass_no_live_readiness_no_operating_promotion_no_runtime_authority_no_goal_claim
run364L_train_density_lift_trade_shape_onnx_scout_without_db_v1,validation,h6_move3__rf4_l120_n64,h6_move3,long_only_margin,long_only_margin__density_8_0__maxhold_4__weak_or_opp,weak_or_opp,4,2025-01-21T17:45:00+00:00,2025-01-21T17:50:00+00:00,1,long,0.000372303494,-0.001214469784,21448.47,21425.72,-2.575,0.3,research_development_density_lift_trade_shape_model_training_and_proxy_scout_only_no_mt5_execution_no_forward_pass_no_live_readiness_no_operating_promotion_no_runtime_authority_no_goal_claim
run364L_train_density_lift_trade_shape_onnx_scout_without_db_v1,validation,h6_move3__rf4_l120_n64,h6_move3,long_only_margin,long_only_margin__density_8_0__maxhold_4__weak_or_opp,weak_or_opp,4,2025-01-21T18:25:00+00:00,2025-01-21T18:30:00+00:00,1,long,0.002044020973,-0.001214469784,21442.72,21442.97,-0.275,0.3,research_development_density_lift_trade_shape_model_training_and_proxy_scout_only_no_mt5_execution_no_forward_pass_no_live_readiness_no_operating_promotion_no_runtime_authority_no_goal_claim
run364L_train_density_lift_trade_shape_onnx_scout_without_db_v1,validation,h6_move3__rf4_l120_n64,h6_move3,long_only_margin,long_only_margin__density_8_0__maxhold_4__weak_or_opp,weak_or_opp,4,2025-01-21T18:35:00+00:00,2025-01-21T18:40:00+00:00,1,long,-0.000709251697,-0.001214469784,21452.47,21423.47,-3.2,0.3,research_development_density_lift_trade_shape_model_training_and_proxy_scout_only_no_mt5_execution_no_forward_pass_no_live_readiness_no_operating_promotion_no_runtime_authority_no_goal_claim
run364L_train_density_lift_trade_shape_onnx_scout_without_db_v1,validation,h6_move3__rf4_l120_n64,h6_move3,long_only_margin,long_only_margin__density_8_0__maxhold_4__weak_or_opp,weak_or_opp,4,2025-01-21T19:00:00+00:00,2025-01-21T19:05:00+00:00,1,long,0.00404479258,-0.001214469784,21487.47,21486.6,-0.387,0.3,research_development_density_lift_trade_shape_model_training_and_proxy_scout_only_no_mt5_execution_no_forward_pass_no_live_readiness_no_operating_promotion_no_runtime_authority_no_goal_claim
run364L_train_density_lift_trade_shape_onnx_scout_without_db_v1,validation,h6_move3__rf4_l120_n64,h6_move3,long_only_margin,long_only_margin__density_8_0__maxhold_4__weak_or_opp,weak_or_opp,4,2025-01-22T16:50:00+00:00,2025-01-22T17:20:00+00:00,4,long,0.001718931441,-0.001214469784,21802.92,21838.42,3.25,0.3,research_development_density_lift_trade_shape_model_training_and_proxy_scout_only_no_mt5_execution_no_forward_pass_no_live_readiness_no_operating_promotion_no_runtime_authority_no_goal_claim
run364L_train_density_lift_trade_shape_onnx_scout_without_db_v1,validation,h6_move3__rf4_l120_n64,h6_move3,long_only_margin,long_only_margin__density_8_0__maxhold_4__weak_or_opp,weak_or_opp,4,2025-01-22T17:30:00+00:00,2025-01-22T18:00:00+00:00,4,long,0.006925748691,-0.001214469784,21829.05,21810.8,-2.125,0.3,research_development_density_lift_trade_shape_model_training_and_proxy_scout_only_no_mt5_execution_no_forward_pass_no_live_readiness_no_operating_promotion_no_runtime_authority_no_goal_claim
run364L_train_density_lift_trade_shape_onnx_scout_without_db_v1,validation,h6_move3__rf4_l120_n64,h6_move3,long_only_margin,long_only_margin__density_8_0__maxhold_4__weak_or_opp,weak_or_opp,4,2025-01-22T18:05:00+00:00,2025-01-22T18:10:00+00:00,1,long,0.009378336072,-0.001214469784,21826.42,21840.55,1.113,0.3,research_development_density_lift_trade_shape_model_training_and_proxy_scout_only_no_mt5_execution_no_forward_pass_no_live_readiness_no_operating_promotion_no_runtime_authority_no_goal_claim
run364L_train_density_lift_trade_shape_onnx_scout_without_db_v1,validation,h6_move3__rf4_l120_n64,h6_move3,long_only_margin,long_only_margin__density_8_0__maxhold_4__weak_or_opp,weak_or_opp,4,2025-01-22T18:15:00+00:00,2025-01-22T18:30:00+00:00,1,long,0.004895963753,-0.001214469784,21822.17,21868.05,4.288,0.3,research_development_density_lift_trade_shape_model_training_and_proxy_scout_only_no_mt5_execution_no_forward_pass_no_live_readiness_no_operating_promotion_no_runtime_authority_no_goal_claim
run364L_train_density_lift_trade_shape_onnx_scout_without_db_v1,validation,h6_move3__rf4_l120_n64,h6_move3,long_only_margin,long_only_margin__density_8_0__maxhold_4__weak_or_opp,weak_or_opp,4,2025-01-23T17:15:00+00:00,2025-01-23T17:20:00+00:00,1,long,0.002801635549,-0.001214469784,21722.13,21702.38,-2.275,0.3,research_development_density_lift_trade_shape_model_training_and_proxy_scout_only_no_mt5_execution_no_forward_pass_no_live_readiness_no_operating_promotion_no_runtime_authority_no_goal_claim
run364L_train_density_lift_trade_shape_onnx_scout_without_db_v1,validation,h6_move3__rf4_l120_n64,h6_move3,long_only_margin,long_only_margin__density_8_0__maxhold_4__weak_or_opp,weak_or_opp,4,2025-01-23T17:35:00+00:00,2025-01-23T18:00:00+00:00,2,long,0.002499136539,-0.001214469784,21740.63,21751.88,0.825,0.3,research_development_density_lift_trade_shape_model_training_and_proxy_scout_only_no_mt5_execution_no_forward_pass_no_live_readiness_no_operating_promotion_no_runtime_authority_no_goal_claim
run364L_train_density_lift_trade_shape_onnx_scout_without_db_v1,validation,h6_move3__rf4_l120_n64,h6_move3,long_only_margin,long_only_margin__density_8_0__maxhold_4__weak_or_opp,weak_or_opp,4,2025-01-24T16:55:00+00:00,2025-01-24T17:05:00+00:00,2,long,-0.000992367928,-0.001214469784,21895.08,21851.33,-4.675,0.3,research_development_density_lift_trade_shape_model_training_and_proxy_scout_only_no_mt5_execution_no_forward_pass_no_live_readiness_no_operating_promotion_no_runtime_authority_no_goal_claim
run364L_train_density_lift_trade_shape_onnx_scout_without_db_v1,validation,h6_move3__rf4_l120_n64,h6_move3,long_only_margin,long_only_margin__density_8_0__maxhold_4__weak_or_opp,weak_or_opp,4,2025-01-24T18:10:00+00:00,2025-01-24T18:15:00+00:00,1,long,0.003342279921,-0.001214469784,21824.83,21818.08,-0.975,0.3,research_development_density_lift_trade_shape_model_training_and_proxy_scout_only_no_mt5_execution_no_forward_pass_no_live_readiness_no_operating_promotion_no_runtime_authority_no_goal_claim
run364L_train_density_lift_trade_shape_onnx_scout_without_db_v1,validation,h6_move3__rf4_l120_n64,h6_move3,long_only_margin,long_only_margin__density_8_0__maxhold_4__weak_or_opp,weak_or_opp,4,2025-01-27T16:40:00+00:00,2025-01-27T16:45:00+00:00,1,long,0.003858502511,-0.001214469784,21118.49,21107.24,-1.425,0.3,research_development_density_lift_trade_shape_model_training_and_proxy_scout_only_no_mt5_execution_no_forward_pass_no_live_readiness_no_operating_promotion_no_runtime_authority_no_goal_claim
run364L_train_density_lift_trade_shape_onnx_scout_without_db_v1,validation,h6_move3__rf4_l120_n64,h6_move3,long_only_margin,long_only_margin__density_8_0__maxhold_4__weak_or_opp,weak_or_opp,4,2025-01-27T16:50:00+00:00,2025-01-27T17:05:00+00:00,3,long,0.000714882329,-0.001214469784,21139.87,21111.87,-3.1,0.3,research_development_density_lift_trade_shape_model_training_and_proxy_scout_only_no_mt5_execution_no_forward_pass_no_live_readiness_no_operating_promotion_no_runtime_authority_no_goal_claim
run364L_train_density_lift_trade_shape_onnx_scout_without_db_v1,validation,h6_move3__rf4_l120_n64,h6_move3,long_only_margin,long_only_margin__density_8_0__maxhold_4__weak_or_opp,weak_or_opp,4,2025-01-27T17:30:00+00:00,2025-01-27T17:35:00+00:00,1,long,8.2354768e-05,-0.001214469784,21202.49,21235.87,3.038,0.3,research_development_density_lift_trade_shape_model_training_and_proxy_scout_only_no_mt5_execution_no_forward_pass_no_live_readiness_no_operating_promotion_no_runtime_authority_no_goal_claim
run364L_train_density_lift_trade_shape_onnx_scout_without_db_v1,validation,h6_move3__rf4_l120_n64,h6_move3,long_only_margin,long_only_margin__density_8_0__maxhold_4__weak_or_opp,weak_or_opp,4,2025-01-27T17:40:00+00:00,2025-01-27T17:50:00+00:00,2,long,0.00600577969,-0.001214469784,21224.37,21192.12,-3.525,0.3,research_development_density_lift_trade_shape_model_training_and_proxy_scout_only_no_mt5_execution_no_forward_pass_no_live_readiness_no_operating_promotion_no_runtime_authority_no_goal_claim
run364L_train_density_lift_trade_shape_onnx_scout_without_db_v1,validation,h6_move3__rf4_l120_n64,h6_move3,long_only_margin,long_only_margin__density_8_0__maxhold_4__weak_or_opp,weak_or_opp,4,2025-01-27T17:55:00+00:00,2025-01-27T18:00:00+00:00,1,long,-0.000633542296,-0.001214469784,21207.24,21146.24,-6.4,0.3,research_development_density_lift_trade_shape_model_training_and_proxy_scout_only_no_mt5_execution_no_forward_pass_no_live_readiness_no_operating_promotion_no_runtime_authority_no_goal_claim
run364L_train_density_lift_trade_shape_onnx_scout_without_db_v1,validation,h6_move3__rf4_l120_n64,h6_move3,long_only_margin,long_only_margin__density_8_0__maxhold_4__weak_or_opp,weak_or_opp,4,2025-01-28T17:00:00+00:00,2025-01-28T17:10:00+00:00,2,long,0.005353857219,-0.001214469784,21123.34,21156.59,3.025,0.3,research_development_density_lift_trade_shape_model_training_and_proxy_scout_only_no_mt5_execution_no_forward_pass_no_live_readiness_no_operating_promotion_no_runtime_authority_no_goal_claim
run364L_train_density_lift_trade_shape_onnx_scout_without_db_v1,validation,h6_move3__rf4_l120_n64,h6_move3,long_only_margin,long_only_margin__density_8_0__maxhold_4__weak_or_opp,weak_or_opp,4,2025-01-28T17:15:00+00:00,2025-01-28T17:35:00+00:00,4,long,0.000636923321,-0.001214469784,21213.34,21264.84,4.85,0.3,research_development_density_lift_trade_shape_model_training_and_proxy_scout_only_no_mt5_execution_no_forward_pass_no_live_readiness_no_operating_promotion_no_runtime_authority_no_goal_claim
run364L_train_density_lift_trade_shape_onnx_scout_without_db_v1,validation,h6_move3__rf4_l120_n64,h6_move3,long_only_margin,long_only_margin__density_8_0__maxhold_4__weak_or_opp,weak_or_opp,4,2025-01-28T17:40:00+00:00,2025-01-28T17:50:00+00:00,2,long,0.010895766118,-0.001214469784,21279.96,21275.59,-0.737,0.3,research_development_density_lift_trade_shape_model_training_and_proxy_scout_only_no_mt5_execution_no_forward_pass_no_live_readiness_no_operating_promotion_no_runtime_authority_no_goal_claim
run364L_train_density_lift_trade_shape_onnx_scout_without_db_v1,validation,h6_move3__rf4_l120_n64,h6_move3,long_only_margin,long_only_margin__density_8_0__maxhold_4__weak_or_opp,weak_or_opp,4,2025-01-28T17:55:00+00:00,2025-01-28T18:00:00+00:00,1,long,0.003954422663,-0.001214469784,21247.46,21294.21,4.375,0.3,research_development_density_lift_trade_shape_model_training_and_proxy_scout_only_no_mt5_execution_no_forward_pass_no_live_readiness_no_operating_promotion_no_runtime_authority_no_goal_claim
run364L_train_density_lift_trade_shape_onnx_scout_without_db_v1,validation,h6_move3__rf4_l120_n64,h6_move3,long_only_margin,long_only_margin__density_8_0__maxhold_4__weak_or_opp,weak_or_opp,4,2025-01-28T18:05:00+00:00,2025-01-28T18:15:00+00:00,2,long,-0.000828003555,-0.001214469784,21287.34,21288.34,-0.2,0.3,research_development_density_lift_trade_shape_model_training_and_proxy_scout_only_no_mt5_execution_no_forward_pass_no_live_readiness_no_operating_promotion_no_runtime_authority_no_goal_claim
run364L_train_density_lift_trade_shape_onnx_scout_without_db_v1,validation,h6_move3__rf4_l120_n64,h6_move3,long_only_margin,long_only_margin__density_8_0__maxhold_4__weak_or_opp,weak_or_opp,4,2025-01-28T18:25:00+00:00,2025-01-28T18:30:00+00:00,1,long,-0.00095461387,-0.001214469784,21260.21,21243.84,-1.937,0.3,research_development_density_lift_trade_shape_model_training_and_proxy_scout_only_no_mt5_execution_no_forward_pass_no_live_readiness_no_operating_promotion_no_runtime_authority_no_goal_claim
run364L_train_density_lift_trade_shape_onnx_scout_without_db_v1,validation,h6_move3__rf4_l120_n64,h6_move3,long_only_margin,long_only_margin__density_8_0__maxhold_4__weak_or_opp,weak_or_opp,4,2025-01-28T18:35:00+00:00,2025-01-28T18:40:00+00:00,1,long,0.001664794958,-0.001214469784,21257.96,21283.21,2.225,0.3,research_development_density_lift_trade_shape_model_training_and_proxy_scout_only_no_mt5_execution_no_forward_pass_no_live_readiness_no_operating_promotion_no_runtime_authority_no_goal_claim
run364L_train_density_lift_trade_shape_onnx_scout_without_db_v1,validation,h6_move3__rf4_l120_n64,h6_move3,long_only_margin,long_only_margin__density_8_0__maxhold_4__weak_or_opp,weak_or_opp,4,2025-01-28T19:00:00+00:00,2025-01-28T19:25:00+00:00,4,long,0.001081979555,-0.001214469784,21311.46,21394.96,8.05,0.3,research_development_density_lift_trade_shape_model_training_and_proxy_scout_only_no_mt5_execution_no_forward_pass_no_live_readiness_no_operating_promotion_no_runtime_authority_no_goal_claim
run364L_train_density_lift_trade_shape_onnx_scout_without_db_v1,validation,h6_move3__rf4_l120_n64,h6_move3,long_only_margin,long_only_margin__density_8_0__maxhold_4__weak_or_opp,weak_or_opp,4,2025-01-28T19:30:00+00:00,2025-01-28T19:35:00+00:00,1,long,0.003073158806,-0.001214469784,21388.21,21395.96,0.475,0.3,research_development_density_lift_trade_shape_model_training_and_proxy_scout_only_no_mt5_execution_no_forward_pass_no_live_readiness_no_operating_promotion_no_runtime_authority_no_goal_claim
run364L_train_density_lift_trade_shape_onnx_scout_without_db_v1,validation,h6_move3__rf4_l120_n64,h6_move3,long_only_margin,long_only_margin__density_8_0__maxhold_4__weak_or_opp,weak_or_opp,4,2025-01-29T17:15:00+00:00,2025-01-29T17:30:00+00:00,3,long,0.000338886439,-0.001214469784,21378.55,21345.17,-3.638,0.3,research_development_density_lift_trade_shape_model_training_and_proxy_scout_only_no_mt5_execution_no_forward_pass_no_live_readiness_no_operating_promotion_no_runtime_authority_no_goal_claim
run364L_train_density_lift_trade_shape_onnx_scout_without_db_v1,validation,h6_move3__rf4_l120_n64,h6_move3,long_only_margin,long_only_margin__density_8_0__maxhold_4__weak_or_opp,weak_or_opp,4,2025-01-29T17:35:00+00:00,2025-01-29T17:45:00+00:00,2,long,0.000786540929,-0.001214469784,21356.92,21316.67,-4.325,0.3,research_development_density_lift_trade_shape_model_training_and_proxy_scout_only_no_mt5_execution_no_forward_pass_no_live_readiness_no_operating_promotion_no_runtime_authority_no_goal_claim
run364L_train_density_lift_trade_shape_onnx_scout_without_db_v1,validation,h6_move3__rf4_l120_n64,h6_move3,long_only_margin,long_only_margin__density_8_0__maxhold_4__weak_or_opp,weak_or_opp,4,2025-01-30T16:50:00+00:00,2025-01-30T16:55:00+00:00,1,long,0.005236142066,-0.001214469784,21581.37,21555.5,-2.887,0.3,research_development_density_lift_trade_shape_model_training_and_proxy_scout_only_no_mt5_execution_no_forward_pass_no_live_readiness_no_operating_promotion_no_runtime_authority_no_goal_claim
run364L_train_density_lift_trade_shape_onnx_scout_without_db_v1,validation,h6_move3__rf4_l120_n64,h6_move3,long_only_margin,long_only_margin__density_8_0__maxhold_4__weak_or_opp,weak_or_opp,4,2025-01-30T17:05:00+00:00,2025-01-30T17:15:00+00:00,2,long,0.002310157071,-0.001214469784,21443.12,21442.5,-0.362,0.3,research_development_density_lift_trade_shape_model_training_and_proxy_scout_only_no_mt5_execution_no_forward_pass_no_live_readiness_no_operating_promotion_no_runtime_authority_no_goal_claim
run364L_train_density_lift_trade_shape_onnx_scout_without_db_v1,validation,h6_move3__rf4_l120_n64,h6_move3,long_only_margin,long_only_margin__density_8_0__maxhold_4__weak_or_opp,weak_or_opp,4,2025-01-30T17:25:00+00:00,2025-01-30T17:30:00+00:00,1,long,-0.000672931587,-0.001214469784,21447.37,21377.62,-7.275,0.3,research_development_density_lift_trade_shape_model_training_and_proxy_scout_only_no_mt5_execution_no_forward_pass_no_live_readiness_no_operating_promotion_no_runtime_authority_no_goal_claim
run364L_train_density_lift_trade_shape_onnx_scout_without_db_v1,validation,h6_move3__rf4_l120_n64,h6_move3,long_only_margin,long_only_margin__density_8_0__maxhold_4__weak_or_opp,weak_or_opp,4,2025-01-30T18:30:00+00:00,2025-01-30T18:40:00+00:00,2,long,-0.001104839523,-0.001214469784,21396.12,21397.12,-0.2,0.3,research_development_density_lift_trade_shape_model_training_and_proxy_scout_only_no_mt5_execution_no_forward_pass_no_live_readiness_no_operating_promotion_no_runtime_authority_no_goal_claim
run364L_train_density_lift_trade_shape_onnx_scout_without_db_v1,validation,h6_move3__rf4_l120_n64,h6_move3,long_only_margin,long_only_margin__density_8_0__maxhold_4__weak_or_opp,weak_or_opp,4,2025-01-31T17:05:00+00:00,2025-01-31T17:10:00+00:00,1,long,0.005527330622,-0.001214469784,21747.48,21734.98,-1.55,0.3,research_development_density_lift_trade_shape_model_training_and_proxy_scout_only_no_mt5_execution_no_forward_pass_no_live_readiness_no_operating_promotion_no_runtime_authority_no_goal_claim
run364L_train_density_lift_trade_shape_onnx_scout_without_db_v1,validation,h6_move3__rf4_l120_n64,h6_move3,long_only_margin,long_only_margin__density_8_0__maxhold_4__weak_or_opp,weak_or_opp,4,2025-01-31T17:15:00+00:00,2025-01-31T17:35:00+00:00,4,long,0.007523336673,-0.001214469784,21745.98,21775.35,2.637,0.3,research_development_density_lift_trade_shape_model_training_and_proxy_scout_only_no_mt5_execution_no_forward_pass_no_live_readiness_no_operating_promotion_no_runtime_authority_no_goal_claim
run364L_train_density_lift_trade_shape_onnx_scout_without_db_v1,validation,h6_move3__rf4_l120_n64,h6_move3,long_only_margin,long_only_margin__density_8_0__maxhold_4__weak_or_opp,weak_or_opp,4,2025-01-31T17:40:00+00:00,2025-01-31T18:05:00+00:00,4,long,-0.000152352541,-0.001214469784,21782.85,21798.85,1.3,0.3,research_development_density_lift_trade_shape_model_training_and_proxy_scout_only_no_mt5_execution_no_forward_pass_no_live_readiness_no_operating_promotion_no_runtime_authority_no_goal_claim
run364L_train_density_lift_trade_shape_onnx_scout_without_db_v1,validation,h6_move3__rf4_l120_n64,h6_move3,long_only_margin,long_only_margin__density_8_0__maxhold_4__weak_or_opp,weak_or_opp,4,2025-01-31T18:20:00+00:00,2025-01-31T18:25:00+00:00,1,long,0.013261925266,-0.001214469784,21793.1,21781.1,-1.5,0.3,research_development_density_lift_trade_shape_model_training_and_proxy_scout_only_no_mt5_execution_no_forward_pass_no_live_readiness_no_operating_promotion_no_runtime_authority_no_goal_claim
run364L_train_density_lift_trade_shape_onnx_scout_without_db_v1,validation,h6_move3__rf4_l120_n64,h6_move3,long_only_margin,long_only_margin__density_8_0__maxhold_4__weak_or_opp,weak_or_opp,4,2025-02-03T16:40:00+00:00,2025-02-03T16:45:00+00:00,1,long,0.003659220655,-0.001214469784,21166.24,21119.24,-5.0,0.3,research_development_density_lift_trade_shape_model_training_and_proxy_scout_only_no_mt5_execution_no_forward_pass_no_live_readiness_no_operating_promotion_no_runtime_authority_no_goal_claim
run364L_train_density_lift_trade_shape_onnx_scout_without_db_v1,validation,h6_move3__rf4_l120_n64,h6_move3,long_only_margin,long_only_margin__density_8_0__maxhold_4__weak_or_opp,weak_or_opp,4,2025-02-03T17:00:00+00:00,2025-02-03T17:05:00+00:00,1,long,0.001461530934,-0.001214469784,21076.99,21027.36,-5.263,0.3,research_development_density_lift_trade_shape_model_training_and_proxy_scout_only_no_mt5_execution_no_forward_pass_no_live_readiness_no_operating_promotion_no_runtime_authority_no_goal_claim
run364L_train_density_lift_trade_shape_onnx_scout_without_db_v1,oos,h6_move3__rf4_l120_n64,h6_move3,long_only_margin,long_only_margin__density_8_0__maxhold_4__weak_or_opp,weak_or_opp,4,2025-10-01T16:40:00+00:00,2025-10-01T16:50:00+00:00,2,long,0.00657875317,-0.001214469784,24620.3,24529.3,-9.4,0.3,research_development_density_lift_trade_shape_model_training_and_proxy_scout_only_no_mt5_execution_no_forward_pass_no_live_readiness_no_operating_promotion_no_runtime_authority_no_goal_claim
run364L_train_density_lift_trade_shape_onnx_scout_without_db_v1,oos,h6_move3__rf4_l120_n64,h6_move3,long_only_margin,long_only_margin__density_8_0__maxhold_4__weak_or_opp,weak_or_opp,4,2025-10-01T17:05:00+00:00,2025-10-01T17:25:00+00:00,4,long,0.000602261577,-0.001214469784,24614.55,24663.8,4.625,0.3,research_development_density_lift_trade_shape_model_training_and_proxy_scout_only_no_mt5_execution_no_forward_pass_no_live_readiness_no_operating_promotion_no_runtime_authority_no_goal_claim
run364L_train_density_lift_trade_shape_onnx_scout_without_db_v1,oos,h6_move3__rf4_l120_n64,h6_move3,long_only_margin,long_only_margin__density_8_0__maxhold_4__weak_or_opp,weak_or_opp,4,2025-10-01T17:35:00+00:00,2025-10-01T17:50:00+00:00,3,long,0.003603536043,-0.001214469784,24689.18,24677.43,-1.475,0.3,research_development_density_lift_trade_shape_model_training_and_proxy_scout_only_no_mt5_execution_no_forward_pass_no_live_readiness_no_operating_promotion_no_runtime_authority_no_goal_claim
run364L_train_density_lift_trade_shape_onnx_scout_without_db_v1,oos,h6_move3__rf4_l120_n64,h6_move3,long_only_margin,long_only_margin__density_8_0__maxhold_4__weak_or_opp,weak_or_opp,4,2025-10-02T16:40:00+00:00,2025-10-02T16:45:00+00:00,1,long,0.001228890451,-0.001214469784,24876.19,24843.56,-3.563,0.3,research_development_density_lift_trade_shape_model_training_and_proxy_scout_only_no_mt5_execution_no_forward_pass_no_live_readiness_no_operating_promotion_no_runtime_authority_no_goal_claim
run364L_train_density_lift_trade_shape_onnx_scout_without_db_v1,oos,h6_move3__rf4_l120_n64,h6_move3,long_only_margin,long_only_margin__density_8_0__maxhold_4__weak_or_opp,weak_or_opp,4,2025-10-02T18:10:00+00:00,2025-10-02T18:15:00+00:00,1,long,-5.111862e-06,-0.001214469784,24828.06,24827.56,-0.35,0.3,research_development_density_lift_trade_shape_model_training_and_proxy_scout_only_no_mt5_execution_no_forward_pass_no_live_readiness_no_operating_promotion_no_runtime_authority_no_goal_claim
run364L_train_density_lift_trade_shape_onnx_scout_without_db_v1,oos,h6_move3__rf4_l120_n64,h6_move3,long_only_margin,long_only_margin__density_8_0__maxhold_4__weak_or_opp,weak_or_opp,4,2025-10-02T18:40:00+00:00,2025-10-02T18:45:00+00:00,1,long,0.000816155411,-0.001214469784,24815.56,24820.81,0.225,0.3,research_development_density_lift_trade_shape_model_training_and_proxy_scout_only_no_mt5_execution_no_forward_pass_no_live_readiness_no_operating_promotion_no_runtime_authority_no_goal_claim
run364L_train_density_lift_trade_shape_onnx_scout_without_db_v1,oos,h6_move3__rf4_l120_n64,h6_move3,long_only_margin,long_only_margin__density_8_0__maxhold_4__weak_or_opp,weak_or_opp,4,2025-10-02T18:55:00+00:00,2025-10-02T19:10:00+00:00,2,long,5.63988e-06,-0.001214469784,24857.81,24852.56,-0.825,0.3,research_development_density_lift_trade_shape_model_training_and_proxy_scout_only_no_mt5_execution_no_forward_pass_no_live_readiness_no_operating_promotion_no_runtime_authority_no_goal_claim
run364L_train_density_lift_trade_shape_onnx_scout_without_db_v1,oos,h6_move3__rf4_l120_n64,h6_move3,long_only_margin,long_only_margin__density_8_0__maxhold_4__weak_or_opp,weak_or_opp,4,2025-10-03T17:25:00+00:00,2025-10-03T17:35:00+00:00,1,long,0.002966095248,-0.001214469784,24874.98,24889.86,1.188,0.3,research_development_density_lift_trade_shape_model_training_and_proxy_scout_only_no_mt5_execution_no_forward_pass_no_live_readiness_no_operating_promotion_no_runtime_authority_no_goal_claim
run364L_train_density_lift_trade_shape_onnx_scout_without_db_v1,oos,h6_move3__rf4_l120_n64,h6_move3,long_only_margin,long_only_margin__density_8_0__maxhold_4__weak_or_opp,weak_or_opp,4,2025-10-03T17:50:00+00:00,2025-10-03T18:00:00+00:00,2,long,0.002470188507,-0.001214469784,24895.73,24912.73,1.4,0.3,research_development_density_lift_trade_shape_model_training_and_proxy_scout_only_no_mt5_execution_no_forward_pass_no_live_readiness_no_operating_promotion_no_runtime_authority_no_goal_claim
run364L_train_density_lift_trade_shape_onnx_scout_without_db_v1,oos,h6_move3__rf4_l120_n64,h6_move3,long_only_margin,long_only_margin__density_8_0__maxhold_4__weak_or_opp,weak_or_opp,4,2025-10-06T17:30:00+00:00,2025-10-06T17:35:00+00:00,1,long,0.001290043796,-0.001214469784,24948.25,24938.5,-1.275,0.3,research_development_density_lift_trade_shape_model_training_and_proxy_scout_only_no_mt5_execution_no_forward_pass_no_live_readiness_no_operating_promotion_no_runtime_authority_no_goal_claim
run364L_train_density_lift_trade_shape_onnx_scout_without_db_v1,oos,h6_move3__rf4_l120_n64,h6_move3,long_only_margin,long_only_margin__density_8_0__maxhold_4__weak_or_opp,weak_or_opp,4,2025-10-06T17:50:00+00:00,2025-10-06T17:55:00+00:00,1,long,0.002771330313,-0.001214469784,24960.25,24942.38,-2.087,0.3,research_development_density_lift_trade_shape_model_training_and_proxy_scout_only_no_mt5_execution_no_forward_pass_no_live_readiness_no_operating_promotion_no_runtime_authority_no_goal_claim
run364L_train_density_lift_trade_shape_onnx_scout_without_db_v1,oos,h6_move3__rf4_l120_n64,h6_move3,long_only_margin,long_only_margin__density_8_0__maxhold_4__weak_or_opp,weak_or_opp,4,2025-10-07T20:05:00+00:00,2025-10-07T20:10:00+00:00,1,long,0.001006627869,-0.001214469784,24852.85,24857.35,0.15,0.3,research_development_density_lift_trade_shape_model_training_and_proxy_scout_only_no_mt5_execution_no_forward_pass_no_live_readiness_no_operating_promotion_no_runtime_authority_no_goal_claim
run364L_train_density_lift_trade_shape_onnx_scout_without_db_v1,oos,h6_move3__rf4_l120_n64,h6_move3,long_only_margin,long_only_margin__density_8_0__maxhold_4__weak_or_opp,weak_or_opp,4,2025-10-08T16:50:00+00:00,2025-10-08T17:15:00+00:00,4,long,-0.00034459695,-0.001214469784,24972.96,25021.71,4.575,0.3,research_development_density_lift_trade_shape_model_training_and_proxy_scout_only_no_mt5_execution_no_forward_pass_no_live_readiness_no_operating_promotion_no_runtime_authority_no_goal_claim
run364L_train_density_lift_trade_shape_onnx_scout_without_db_v1,oos,h6_move3__rf4_l120_n64,h6_move3,long_only_margin,long_only_margin__density_8_0__maxhold_4__weak_or_opp,weak_or_opp,4,2025-10-08T17:20:00+00:00,2025-10-08T17:40:00+00:00,3,long,0.009988513386,-0.001214469784,25022.71,25024.46,-0.125,0.3,research_development_density_lift_trade_shape_model_training_and_proxy_scout_only_no_mt5_execution_no_forward_pass_no_live_readiness_no_operating_promotion_no_runtime_authority_no_goal_claim
run364L_train_density_lift_trade_shape_onnx_scout_without_db_v1,oos,h6_move3__rf4_l120_n64,h6_move3,long_only_margin,long_only_margin__density_8_0__maxhold_4__weak_or_opp,weak_or_opp,4,2025-10-09T17:05:00+00:00,2025-10-09T17:10:00+00:00,1,long,0.001163154217,-0.001214469784,25093.87,25085.62,-1.125,0.3,research_development_density_lift_trade_shape_model_training_and_proxy_scout_only_no_mt5_execution_no_forward_pass_no_live_readiness_no_operating_promotion_no_runtime_authority_no_goal_claim
run364L_train_density_lift_trade_shape_onnx_scout_without_db_v1,oos,h6_move3__rf4_l120_n64,h6_move3,long_only_margin,long_only_margin__density_8_0__maxhold_4__weak_or_opp,weak_or_opp,4,2025-10-09T17:15:00+00:00,2025-10-09T17:25:00+00:00,2,long,0.002316326986,-0.001214469784,25085.37,25086.37,-0.2,0.3,research_development_density_lift_trade_shape_model_training_and_proxy_scout_only_no_mt5_execution_no_forward_pass_no_live_readiness_no_operating_promotion_no_runtime_authority_no_goal_claim
run364L_train_density_lift_trade_shape_onnx_scout_without_db_v1,oos,h6_move3__rf4_l120_n64,h6_move3,long_only_margin,long_only_margin__density_8_0__maxhold_4__weak_or_opp,weak_or_opp,4,2025-10-09T18:00:00+00:00,2025-10-09T18:10:00+00:00,2,long,0.002663493601,-0.001214469784,25064.75,25080.0,1.225,0.3,research_development_density_lift_trade_shape_model_training_and_proxy_scout_only_no_mt5_execution_no_forward_pass_no_live_readiness_no_operating_promotion_no_runtime_authority_no_goal_claim
run364L_train_density_lift_trade_shape_onnx_scout_without_db_v1,oos,h6_move3__rf4_l120_n64,h6_move3,long_only_margin,long_only_margin__density_8_0__maxhold_4__weak_or_opp,weak_or_opp,4,2025-10-10T17:10:00+00:00,2025-10-10T17:15:00+00:00,1,long,0.003095494475,-0.001214469784,25163.65,25145.9,-2.075,0.3,research_development_density_lift_trade_shape_model_training_and_proxy_scout_only_no_mt5_execution_no_forward_pass_no_live_readiness_no_operating_promotion_no_runtime_authority_no_goal_claim
run364L_train_density_lift_trade_shape_onnx_scout_without_db_v1,oos,h6_move3__rf4_l120_n64,h6_move3,long_only_margin,long_only_margin__density_8_0__maxhold_4__weak_or_opp,weak_or_opp,4,2025-10-10T17:25:00+00:00,2025-10-10T17:45:00+00:00,4,long,0.004411644513,-0.001214469784,25155.4,25157.15,-0.125,0.3,research_development_density_lift_trade_shape_model_training_and_proxy_scout_only_no_mt5_execution_no_forward_pass_no_live_readiness_no_operating_promotion_no_runtime_authority_no_goal_claim
run364L_train_density_lift_trade_shape_onnx_scout_without_db_v1,oos,h6_move3__rf4_l120_n64,h6_move3,long_only_margin,long_only_margin__density_8_0__maxhold_4__weak_or_opp,weak_or_opp,4,2025-10-13T16:55:00+00:00,2025-10-13T17:15:00+00:00,4,long,0.005573807843,-0.001214469784,24667.05,24711.05,4.1,0.3,research_development_density_lift_trade_shape_model_training_and_proxy_scout_only_no_mt5_execution_no_forward_pass_no_live_readiness_no_operating_promotion_no_runtime_authority_no_goal_claim
run364L_train_density_lift_trade_shape_onnx_scout_without_db_v1,oos,h6_move3__rf4_l120_n64,h6_move3,long_only_margin,long_only_margin__density_8_0__maxhold_4__weak_or_opp,weak_or_opp,4,2025-10-13T17:20:00+00:00,2025-10-13T17:25:00+00:00,1,long,0.000237559548,-0.001214469784,24687.17,24663.3,-2.687,0.3,research_development_density_lift_trade_shape_model_training_and_proxy_scout_only_no_mt5_execution_no_forward_pass_no_live_readiness_no_operating_promotion_no_runtime_authority_no_goal_claim
run364L_train_density_lift_trade_shape_onnx_scout_without_db_v1,oos,h6_move3__rf4_l120_n64,h6_move3,long_only_margin,long_only_margin__density_8_0__maxhold_4__weak_or_opp,weak_or_opp,4,2025-10-13T17:35:00+00:00,2025-10-13T17:50:00+00:00,2,long,0.007713229068,-0.001214469784,24678.92,24629.55,-5.237,0.3,research_development_density_lift_trade_shape_model_training_and_proxy_scout_only_no_mt5_execution_no_forward_pass_no_live_readiness_no_operating_promotion_no_runtime_authority_no_goal_claim
run364L_train_density_lift_trade_shape_onnx_scout_without_db_v1,oos,h6_move3__rf4_l120_n64,h6_move3,long_only_margin,long_only_margin__density_8_0__maxhold_4__weak_or_opp,weak_or_opp,4,2025-10-13T17:55:00+00:00,2025-10-13T18:00:00+00:00,1,long,-0.001035675322,-0.001214469784,24609.55,24584.42,-2.813,0.3,research_development_density_lift_trade_shape_model_training_and_proxy_scout_only_no_mt5_execution_no_forward_pass_no_live_readiness_no_operating_promotion_no_runtime_authority_no_goal_claim
run364L_train_density_lift_trade_shape_onnx_scout_without_db_v1,oos,h6_move3__rf4_l120_n64,h6_move3,long_only_margin,long_only_margin__density_8_0__maxhold_4__weak_or_opp,weak_or_opp,4,2025-10-13T18:25:00+00:00,2025-10-13T18:40:00+00:00,2,long,0.000617494453,-0.001214469784,24692.42,24699.8,0.438,0.3,research_development_density_lift_trade_shape_model_training_and_proxy_scout_only_no_mt5_execution_no_forward_pass_no_live_readiness_no_operating_promotion_no_runtime_authority_no_goal_claim
run364L_train_density_lift_trade_shape_onnx_scout_without_db_v1,oos,h6_move3__rf4_l120_n64,h6_move3,long_only_margin,long_only_margin__density_8_0__maxhold_4__weak_or_opp,weak_or_opp,4,2025-10-13T18:50:00+00:00,2025-10-13T18:55:00+00:00,1,long,0.005777496226,-0.001214469784,24708.8,24712.17,0.037,0.3,research_development_density_lift_trade_shape_model_training_and_proxy_scout_only_no_mt5_execution_no_forward_pass_no_live_readiness_no_operating_promotion_no_runtime_authority_no_goal_claim
run364L_train_density_lift_trade_shape_onnx_scout_without_db_v1,oos,h6_move3__rf4_l120_n64,h6_move3,long_only_margin,long_only_margin__density_8_0__maxhold_4__weak_or_opp,weak_or_opp,4,2025-10-14T17:20:00+00:00,2025-10-14T17:25:00+00:00,1,long,0.000755425902,-0.001214469784,24458.64,24518.14,5.65,0.3,research_development_density_lift_trade_shape_model_training_and_proxy_scout_only_no_mt5_execution_no_forward_pass_no_live_readiness_no_operating_promotion_no_runtime_authority_no_goal_claim
run364L_train_density_lift_trade_shape_onnx_scout_without_db_v1,oos,h6_move3__rf4_l120_n64,h6_move3,long_only_margin,long_only_margin__density_8_0__maxhold_4__weak_or_opp,weak_or_opp,4,2025-10-14T17:40:00+00:00,2025-10-14T17:45:00+00:00,1,long,0.004788112385,-0.001214469784,24558.76,24549.26,-1.25,0.3,research_development_density_lift_trade_shape_model_training_and_proxy_scout_only_no_mt5_execution_no_forward_pass_no_live_readiness_no_operating_promotion_no_runtime_authority_no_goal_claim
run364L_train_density_lift_trade_shape_onnx_scout_without_db_v1,oos,h6_move3__rf4_l120_n64,h6_move3,long_only_margin,long_only_margin__density_8_0__maxhold_4__weak_or_opp,weak_or_opp,4,2025-10-14T18:00:00+00:00,2025-10-14T18:05:00+00:00,1,long,-0.00049412581,-0.001214469784,24519.39,24569.14,4.675,0.3,research_development_density_lift_trade_shape_model_training_and_proxy_scout_only_no_mt5_execution_no_forward_pass_no_live_readiness_no_operating_promotion_no_runtime_authority_no_goal_claim
run364L_train_density_lift_trade_shape_onnx_scout_without_db_v1,oos,h6_move3__rf4_l120_n64,h6_move3,long_only_margin,long_only_margin__density_8_0__maxhold_4__weak_or_opp,weak_or_opp,4,2025-10-14T18:10:00+00:00,2025-10-14T18:25:00+00:00,3,long,-0.000850916941,-0.001214469784,24543.01,24560.01,1.4,0.3,research_development_density_lift_trade_shape_model_training_and_proxy_scout_only_no_mt5_execution_no_forward_pass_no_live_readiness_no_operating_promotion_no_runtime_authority_no_goal_claim
run364L_train_density_lift_trade_shape_onnx_scout_without_db_v1,oos,h6_move3__rf4_l120_n64,h6_move3,long_only_margin,long_only_margin__density_8_0__maxhold_4__weak_or_opp,weak_or_opp,4,2025-10-14T18:30:00+00:00,2025-10-14T18:40:00+00:00,2,long,0.001267633584,-0.001214469784,24533.39,24543.51,0.712,0.3,research_development_density_lift_trade_shape_model_training_and_proxy_scout_only_no_mt5_execution_no_forward_pass_no_live_readiness_no_operating_promotion_no_runtime_authority_no_goal_claim
run364L_train_density_lift_trade_shape_onnx_scout_without_db_v1,oos,h6_move3__rf4_l120_n64,h6_move3,long_only_margin,long_only_margin__density_8_0__maxhold_4__weak_or_opp,weak_or_opp,4,2025-10-14T18:50:00+00:00,2025-10-14T19:05:00+00:00,3,long,-0.000435371365,-0.001214469784,24632.51,24618.51,-1.7,0.3,research_development_density_lift_trade_shape_model_training_and_proxy_scout_only_no_mt5_execution_no_forward_pass_no_live_readiness_no_operating_promotion_no_runtime_authority_no_goal_claim
run364L_train_density_lift_trade_shape_onnx_scout_without_db_v1,oos,h6_move3__rf4_l120_n64,h6_move3,long_only_margin,long_only_margin__density_8_0__maxhold_4__weak_or_opp,weak_or_opp,4,2025-10-14T19:10:00+00:00,2025-10-14T19:30:00+00:00,4,long,0.001664925316,-0.001214469784,24595.14,24700.01,10.187,0.3,research_development_density_lift_trade_shape_model_training_and_proxy_scout_only_no_mt5_execution_no_forward_pass_no_live_readiness_no_operating_promotion_no_runtime_authority_no_goal_claim
run364L_train_density_lift_trade_shape_onnx_scout_without_db_v1,oos,h6_move3__rf4_l120_n64,h6_move3,long_only_margin,long_only_margin__density_8_0__maxhold_4__weak_or_opp,weak_or_opp,4,2025-10-14T19:35:00+00:00,2025-10-14T19:55:00+00:00,4,long,0.011338144657,-0.001214469784,24715.51,24756.51,3.8,0.3,research_development_density_lift_trade_shape_model_training_and_proxy_scout_only_no_mt5_execution_no_forward_pass_no_live_readiness_no_operating_promotion_no_runtime_authority_no_goal_claim
run364L_train_density_lift_trade_shape_onnx_scout_without_db_v1,oos,h6_move3__rf4_l120_n64,h6_move3,long_only_margin,long_only_margin__density_8_0__maxhold_4__weak_or_opp,weak_or_opp,4,2025-10-14T20:00:00+00:00,2025-10-14T20:10:00+00:00,2,long,0.001647255752,-0.001214469784,24721.76,24740.01,1.525,0.3,research_development_density_lift_trade_shape_model_training_and_proxy_scout_only_no_mt5_execution_no_forward_pass_no_live_readiness_no_operating_promotion_no_runtime_authority_no_goal_claim
run364L_train_density_lift_trade_shape_onnx_scout_without_db_v1,oos,h6_move3__rf4_l120_n64,h6_move3,long_only_margin,long_only_margin__density_8_0__maxhold_4__weak_or_opp,weak_or_opp,4,2025-10-15T17:00:00+00:00,2025-10-15T17:20:00+00:00,4,long,0.002426154067,-0.001214469784,24846.47,24919.59,7.012,0.3,research_development_density_lift_trade_shape_model_training_and_proxy_scout_only_no_mt5_execution_no_forward_pass_no_live_readiness_no_operating_promotion_no_runtime_authority_no_goal_claim
run364L_train_density_lift_trade_shape_onnx_scout_without_db_v1,oos,h6_move3__rf4_l120_n64,h6_move3,long_only_margin,long_only_margin__density_8_0__maxhold_4__weak_or_opp,weak_or_opp,4,2025-10-15T17:25:00+00:00,2025-10-15T17:45:00+00:00,4,long,0.011472602615,-0.001214469784,24936.84,24926.72,-1.312,0.3,research_development_density_lift_trade_shape_model_training_and_proxy_scout_only_no_mt5_execution_no_forward_pass_no_live_readiness_no_operating_promotion_no_runtime_authority_no_goal_claim
run364L_train_density_lift_trade_shape_onnx_scout_without_db_v1,oos,h6_move3__rf4_l120_n64,h6_move3,long_only_margin,long_only_margin__density_8_0__maxhold_4__weak_or_opp,weak_or_opp,4,2025-10-15T18:00:00+00:00,2025-10-15T18:10:00+00:00,2,long,0.007050814875,-0.001214469784,24932.59,24920.84,-1.475,0.3,research_development_density_lift_trade_shape_model_training_and_proxy_scout_only_no_mt5_execution_no_forward_pass_no_live_readiness_no_operating_promotion_no_runtime_authority_no_goal_claim
run364L_train_density_lift_trade_shape_onnx_scout_without_db_v1,oos,h6_move3__rf4_l120_n64,h6_move3,long_only_margin,long_only_margin__density_8_0__maxhold_4__weak_or_opp,weak_or_opp,4,2025-10-15T18:15:00+00:00,2025-10-15T18:25:00+00:00,2,long,0.000536655552,-0.001214469784,24909.59,24888.59,-2.4,0.3,research_development_density_lift_trade_shape_model_training_and_proxy_scout_only_no_mt5_execution_no_forward_pass_no_live_readiness_no_operating_promotion_no_runtime_authority_no_goal_claim
run364L_train_density_lift_trade_shape_onnx_scout_without_db_v1,oos,h6_move3__rf4_l120_n64,h6_move3,long_only_margin,long_only_margin__density_8_0__maxhold_4__weak_or_opp,weak_or_opp,4,2025-10-15T21:30:00+00:00,2025-10-15T21:35:00+00:00,1,long,0.000362837637,-0.001214469784,24724.22,24752.09,2.487,0.3,research_development_density_lift_trade_shape_model_training_and_proxy_scout_only_no_mt5_execution_no_forward_pass_no_live_readiness_no_operating_promotion_no_runtime_authority_no_goal_claim
run364L_train_density_lift_trade_shape_onnx_scout_without_db_v1,oos,h6_move3__rf4_l120_n64,h6_move3,long_only_margin,long_only_margin__density_8_0__maxhold_4__weak_or_opp,weak_or_opp,4,2025-10-15T21:55:00+00:00,2025-10-15T22:00:00+00:00,1,long,0.000537762863,-0.001214469784,24776.84,24785.22,0.538,0.3,research_development_density_lift_trade_shape_model_training_and_proxy_scout_only_no_mt5_execution_no_forward_pass_no_live_readiness_no_operating_promotion_no_runtime_authority_no_goal_claim
run364L_train_density_lift_trade_shape_onnx_scout_without_db_v1,oos,h6_move3__rf4_l120_n64,h6_move3,long_only_margin,long_only_margin__density_8_0__maxhold_4__weak_or_opp,weak_or_opp,4,2025-10-16T16:45:00+00:00,2025-10-16T16:50:00+00:00,1,long,-0.000532150373,-0.001214469784,24927.4,24886.53,-4.387,0.3,research_development_density_lift_trade_shape_model_training_and_proxy_scout_only_no_mt5_execution_no_forward_pass_no_live_readiness_no_operating_promotion_no_runtime_authority_no_goal_claim
run364L_train_density_lift_trade_shape_onnx_scout_without_db_v1,oos,h6_move3__rf4_l120_n64,h6_move3,long_only_margin,long_only_margin__density_8_0__maxhold_4__weak_or_opp,weak_or_opp,4,2025-10-16T17:25:00+00:00,2025-10-16T17:45:00+00:00,4,long,0.003113022052,-0.001214469784,24920.78,25005.65,8.187,0.3,research_development_density_lift_trade_shape_model_training_and_proxy_scout_only_no_mt5_execution_no_forward_pass_no_live_readiness_no_operating_promotion_no_runtime_authority_no_goal_claim
run364L_train_density_lift_trade_shape_onnx_scout_without_db_v1,oos,h6_move3__rf4_l120_n64,h6_move3,long_only_margin,long_only_margin__density_8_0__maxhold_4__weak_or_opp,weak_or_opp,4,2025-10-16T17:55:00+00:00,2025-10-16T18:00:00+00:00,1,long,0.005596036165,-0.001214469784,24973.28,24942.28,-3.4,0.3,research_development_density_lift_trade_shape_model_training_and_proxy_scout_only_no_mt5_execution_no_forward_pass_no_live_readiness_no_operating_promotion_no_runtime_authority_no_goal_claim
run364L_train_density_lift_trade_shape_onnx_scout_without_db_v1,oos,h6_move3__rf4_l120_n64,h6_move3,long_only_margin,long_only_margin__density_8_0__maxhold_4__weak_or_opp,weak_or_opp,4,2025-10-16T18:05:00+00:00,2025-10-16T18:10:00+00:00,1,long,0.008685532422,-0.001214469784,24939.4,24960.03,1.763,0.3,research_development_density_lift_trade_shape_model_training_and_proxy_scout_only_no_mt5_execution_no_forward_pass_no_live_readiness_no_operating_promotion_no_runtime_authority_no_goal_claim
run364L_train_density_lift_trade_shape_onnx_scout_without_db_v1,oos,h6_move3__rf4_l120_n64,h6_move3,long_only_margin,long_only_margin__density_8_0__maxhold_4__weak_or_opp,weak_or_opp,4,2025-10-16T18:15:00+00:00,2025-10-16T18:25:00+00:00,2,long,0.011327862842,-0.001214469784,24959.03,24920.9,-4.113,0.3,research_development_density_lift_trade_shape_model_training_and_proxy_scout_only_no_mt5_execution_no_forward_pass_no_live_readiness_no_operating_promotion_no_runtime_authority_no_goal_claim
run364L_train_density_lift_trade_shape_onnx_scout_without_db_v1,oos,h6_move3__rf4_l120_n64,h6_move3,long_only_margin,long_only_margin__density_8_0__maxhold_4__weak_or_opp,weak_or_opp,4,2025-10-17T16:55:00+00:00,2025-10-17T17:05:00+00:00,2,long,0.002588076976,-0.001214469784,24687.3,24687.17,-0.313,0.3,research_development_density_lift_trade_shape_model_training_and_proxy_scout_only_no_mt5_execution_no_forward_pass_no_live_readiness_no_operating_promotion_no_runtime_authority_no_goal_claim
run364L_train_density_lift_trade_shape_onnx_scout_without_db_v1,oos,h6_move3__rf4_l120_n64,h6_move3,long_only_margin,long_only_margin__density_8_0__maxhold_4__weak_or_opp,weak_or_opp,4,2025-10-17T17:15:00+00:00,2025-10-17T17:35:00+00:00,4,long,0.000708317847,-0.001214469784,24769.3,24696.3,-7.6,0.3,research_development_density_lift_trade_shape_model_training_and_proxy_scout_only_no_mt5_execution_no_forward_pass_no_live_readiness_no_operating_promotion_no_runtime_authority_no_goal_claim
run364L_train_density_lift_trade_shape_onnx_scout_without_db_v1,oos,h6_move3__rf4_l120_n64,h6_move3,long_only_margin,long_only_margin__density_8_0__maxhold_4__weak_or_opp,weak_or_opp,4,2025-10-17T18:05:00+00:00,2025-10-17T18:10:00+00:00,1,long,0.002980370098,-0.001214469784,24661.67,24648.3,-1.637,0.3,research_development_density_lift_trade_shape_model_training_and_proxy_scout_only_no_mt5_execution_no_forward_pass_no_live_readiness_no_operating_promotion_no_runtime_authority_no_goal_claim
run364L_train_density_lift_trade_shape_onnx_scout_without_db_v1,oos,h6_move3__rf4_l120_n64,h6_move3,long_only_margin,long_only_margin__density_8_0__maxhold_4__weak_or_opp,weak_or_opp,4,2025-10-17T19:10:00+00:00,2025-10-17T19:30:00+00:00,4,long,0.005652488477,-0.001214469784,24767.55,24787.42,1.687,0.3,research_development_density_lift_trade_shape_model_training_and_proxy_scout_only_no_mt5_execution_no_forward_pass_no_live_readiness_no_operating_promotion_no_runtime_authority_no_goal_claim
run364L_train_density_lift_trade_shape_onnx_scout_without_db_v1,oos,h6_move3__rf4_l120_n64,h6_move3,long_only_margin,long_only_margin__density_8_0__maxhold_4__weak_or_opp,weak_or_opp,4,2025-10-17T19:35:00+00:00,2025-10-17T19:50:00+00:00,3,long,0.005454059417,-0.001214469784,24768.3,24791.3,2.0,0.3,research_development_density_lift_trade_shape_model_training_and_proxy_scout_only_no_mt5_execution_no_forward_pass_no_live_readiness_no_operating_promotion_no_runtime_authority_no_goal_claim
run364L_train_density_lift_trade_shape_onnx_scout_without_db_v1,oos,h6_move3__rf4_l120_n64,h6_move3,long_only_margin,long_only_margin__density_8_0__maxhold_4__weak_or_opp,weak_or_opp,4,2025-10-17T21:05:00+00:00,2025-10-17T21:15:00+00:00,2,long,-0.000448166311,-0.001214469784,24782.8,24805.42,1.962,0.3,research_development_density_lift_trade_shape_model_training_and_proxy_scout_only_no_mt5_execution_no_forward_pass_no_live_readiness_no_operating_promotion_no_runtime_authority_no_goal_claim
run364L_train_density_lift_trade_shape_onnx_scout_without_db_v1,oos,h6_move3__rf4_l120_n64,h6_move3,long_only_margin,long_only_margin__density_8_0__maxhold_4__weak_or_opp,weak_or_opp,4,2025-10-17T21:20:00+00:00,2025-10-17T21:30:00+00:00,2,long,0.000460730447,-0.001214469784,24845.17,24854.17,0.6,0.3,research_development_density_lift_trade_shape_model_training_and_proxy_scout_only_no_mt5_execution_no_forward_pass_no_live_readiness_no_operating_promotion_no_runtime_authority_no_goal_claim
run364L_train_density_lift_trade_shape_onnx_scout_without_db_v1,oos,h6_move3__rf4_l120_n64,h6_move3,long_only_margin,long_only_margin__density_8_0__maxhold_4__weak_or_opp,weak_or_opp,4,2025-10-20T16:35:00+00:00,2025-10-20T16:55:00+00:00,4,long,0.010868239797,-0.001214469784,25034.05,25078.05,4.1,0.3,research_development_density_lift_trade_shape_model_training_and_proxy_scout_only_no_mt5_execution_no_forward_pass_no_live_readiness_no_operating_promotion_no_runtime_authority_no_goal_claim
run364L_train_density_lift_trade_shape_onnx_scout_without_db_v1,oos,h6_move3__rf4_l120_n64,h6_move3,long_only_margin,long_only_margin__density_8_0__maxhold_4__weak_or_opp,weak_or_opp,4,2025-10-20T17:00:00+00:00,2025-10-20T17:15:00+00:00,3,long,0.009304769414,-0.001214469784,25069.92,25085.67,1.275,0.3,research_development_density_lift_trade_shape_model_training_and_proxy_scout_only_no_mt5_execution_no_forward_pass_no_live_readiness_no_operating_promotion_no_runtime_authority_no_goal_claim
run364L_train_density_lift_trade_shape_onnx_scout_without_db_v1,oos,h6_move3__rf4_l120_n64,h6_move3,long_only_margin,long_only_margin__density_8_0__maxhold_4__weak_or_opp,weak_or_opp,4,2025-10-20T17:20:00+00:00,2025-10-20T17:40:00+00:00,4,long,0.004550092881,-0.001214469784,25072.92,25133.92,5.8,0.3,research_development_density_lift_trade_shape_model_training_and_proxy_scout_only_no_mt5_execution_no_forward_pass_no_live_readiness_no_operating_promotion_no_runtime_authority_no_goal_claim
run364L_train_density_lift_trade_shape_onnx_scout_without_db_v1,oos,h6_move3__rf4_l120_n64,h6_move3,long_only_margin,long_only_margin__density_8_0__maxhold_4__weak_or_opp,weak_or_opp,4,2025-10-20T18:15:00+00:00,2025-10-20T18:20:00+00:00,1,long,0.003456926183,-0.001214469784,25139.3,25165.42,2.312,0.3,research_development_density_lift_trade_shape_model_training_and_proxy_scout_only_no_mt5_execution_no_forward_pass_no_live_readiness_no_operating_promotion_no_runtime_authority_no_goal_claim
run364L_train_density_lift_trade_shape_onnx_scout_without_db_v1,oos,h6_move3__rf4_l120_n64,h6_move3,long_only_margin,long_only_margin__density_8_0__maxhold_4__weak_or_opp,weak_or_opp,4,2025-10-21T17:10:00+00:00,2025-10-21T17:15:00+00:00,1,long,0.00059373663,-0.001214469784,25079.23,25099.35,1.712,0.3,research_development_density_lift_trade_shape_model_training_and_proxy_scout_only_no_mt5_execution_no_forward_pass_no_live_readiness_no_operating_promotion_no_runtime_authority_no_goal_claim
run364L_train_density_lift_trade_shape_onnx_scout_without_db_v1,oos,h6_move3__rf4_l120_n64,h6_move3,long_only_margin,long_only_margin__density_8_0__maxhold_4__weak_or_opp,weak_or_opp,4,2025-10-21T18:40:00+00:00,2025-10-21T18:45:00+00:00,1,long,-0.001111220633,-0.001214469784,25127.35,25132.6,0.225,0.3,research_development_density_lift_trade_shape_model_training_and_proxy_scout_only_no_mt5_execution_no_forward_pass_no_live_readiness_no_operating_promotion_no_runtime_authority_no_goal_claim
run364L_train_density_lift_trade_shape_onnx_scout_without_db_v1,oos,h6_move3__rf4_l120_n64,h6_move3,long_only_margin,long_only_margin__density_8_0__maxhold_4__weak_or_opp,weak_or_opp,4,2025-10-22T16:50:00+00:00,2025-10-22T17:00:00+00:00,2,long,0.002913628168,-0.001214469784,25110.07,25112.32,-0.075,0.3,research_development_density_lift_trade_shape_model_training_and_proxy_scout_only_no_mt5_execution_no_forward_pass_no_live_readiness_no_operating_promotion_no_runtime_authority_no_goal_claim
run364L_train_density_lift_trade_shape_onnx_scout_without_db_v1,oos,h6_move3__rf4_l120_n64,h6_move3,long_only_margin,long_only_margin__density_8_0__maxhold_4__weak_or_opp,weak_or_opp,4,2025-10-22T17:05:00+00:00,2025-10-22T17:10:00+00:00,1,long,-0.000674543907,-0.001214469784,25104.69,25107.94,0.025,0.3,research_development_density_lift_trade_shape_model_training_and_proxy_scout_only_no_mt5_execution_no_forward_pass_no_live_readiness_no_operating_promotion_no_runtime_authority_no_goal_claim
run364L_train_density_lift_trade_shape_onnx_scout_without_db_v1,oos,h6_move3__rf4_l120_n64,h6_move3,long_only_margin,long_only_margin__density_8_0__maxhold_4__weak_or_opp,weak_or_opp,4,2025-10-22T18:05:00+00:00,2025-10-22T18:10:00+00:00,1,long,0.002332090187,-0.001214469784,25033.07,25014.07,-2.2,0.3,research_development_density_lift_trade_shape_model_training_and_proxy_scout_only_no_mt5_execution_no_forward_pass_no_live_readiness_no_operating_promotion_no_runtime_authority_no_goal_claim
run364L_train_density_lift_trade_shape_onnx_scout_without_db_v1,oos,h6_move3__rf4_l120_n64,h6_move3,long_only_margin,long_only_margin__density_8_0__maxhold_4__weak_or_opp,weak_or_opp,4,2025-10-23T16:45:00+00:00,2025-10-23T17:05:00+00:00,4,long,0.001063349619,-0.001214469784,24949.29,25013.67,6.138,0.3,research_development_density_lift_trade_shape_model_training_and_proxy_scout_only_no_mt5_execution_no_forward_pass_no_live_readiness_no_operating_promotion_no_runtime_authority_no_goal_claim
run364L_train_density_lift_trade_shape_onnx_scout_without_db_v1,oos,h6_move3__rf4_l120_n64,h6_move3,long_only_margin,long_only_margin__density_8_0__maxhold_4__weak_or_opp,weak_or_opp,4,2025-10-23T17:10:00+00:00,2025-10-23T17:30:00+00:00,4,long,0.005660202437,-0.001214469784,24982.17,25004.04,1.887,0.3,research_development_density_lift_trade_shape_model_training_and_proxy_scout_only_no_mt5_execution_no_forward_pass_no_live_readiness_no_operating_promotion_no_runtime_authority_no_goal_claim
run364L_train_density_lift_trade_shape_onnx_scout_without_db_v1,oos,h6_move3__rf4_l120_n64,h6_move3,long_only_margin,long_only_margin__density_8_0__maxhold_4__weak_or_opp,weak_or_opp,4,2025-10-23T17:35:00+00:00,2025-10-23T17:55:00+00:00,4,long,0.009373722687,-0.001214469784,25019.04,25014.04,-0.8,0.3,research_development_density_lift_trade_shape_model_training_and_proxy_scout_only_no_mt5_execution_no_forward_pass_no_live_readiness_no_operating_promotion_no_runtime_authority_no_goal_claim
run364L_train_density_lift_trade_shape_onnx_scout_without_db_v1,oos,h6_move3__rf4_l120_n64,h6_move3,long_only_margin,long_only_margin__density_8_0__maxhold_4__weak_or_opp,weak_or_opp,4,2025-10-23T18:05:00+00:00,2025-10-23T18:25:00+00:00,4,long,0.003008748146,-0.001214469784,25037.04,25023.04,-1.7,0.3,research_development_density_lift_trade_shape_model_training_and_proxy_scout_only_no_mt5_execution_no_forward_pass_no_live_readiness_no_operating_promotion_no_runtime_authority_no_goal_claim
run364L_train_density_lift_trade_shape_onnx_scout_without_db_v1,oos,h6_move3__rf4_l120_n64,h6_move3,long_only_margin,long_only_margin__density_8_0__maxhold_4__weak_or_opp,weak_or_opp,4,2025-10-23T18:30:00+00:00,2025-10-23T18:40:00+00:00,2,long,0.002407490795,-0.001214469784,25036.79,25028.79,-1.1,0.3,research_development_density_lift_trade_shape_model_training_and_proxy_scout_only_no_mt5_execution_no_forward_pass_no_live_readiness_no_operating_promotion_no_runtime_authority_no_goal_claim
run364L_train_density_lift_trade_shape_onnx_scout_without_db_v1,oos,h6_move3__rf4_l120_n64,h6_move3,long_only_margin,long_only_margin__density_8_0__maxhold_4__weak_or_opp,weak_or_opp,4,2025-10-23T18:50:00+00:00,2025-10-23T18:55:00+00:00,1,long,-0.001040456854,-0.001214469784,25024.79,25054.04,2.625,0.3,research_development_density_lift_trade_shape_model_training_and_proxy_scout_only_no_mt5_execution_no_forward_pass_no_live_readiness_no_operating_promotion_no_runtime_authority_no_goal_claim
run364L_train_density_lift_trade_shape_onnx_scout_without_db_v1,oos,h6_move3__rf4_l120_n64,h6_move3,long_only_margin,long_only_margin__density_8_0__maxhold_4__weak_or_opp,weak_or_opp,4,2025-10-23T20:15:00+00:00,2025-10-23T20:20:00+00:00,1,long,0.000557627756,-0.001214469784,25093.29,25082.29,-1.4,0.3,research_development_density_lift_trade_shape_model_training_and_proxy_scout_only_no_mt5_execution_no_forward_pass_no_live_readiness_no_operating_promotion_no_runtime_authority_no_goal_claim
run364L_train_density_lift_trade_shape_onnx_scout_without_db_v1,oos,h6_move3__rf4_l120_n64,h6_move3,long_only_margin,long_only_margin__density_8_0__maxhold_4__weak_or_opp,weak_or_opp,4,2025-10-24T16:35:00+00:00,2025-10-24T16:55:00+00:00,4,long,0.004576610753,-0.001214469784,25350.75,25344.37,-0.938,0.3,research_development_density_lift_trade_shape_model_training_and_proxy_scout_only_no_mt5_execution_no_forward_pass_no_live_readiness_no_operating_promotion_no_runtime_authority_no_goal_claim
run364L_train_density_lift_trade_shape_onnx_scout_without_db_v1,oos,h6_move3__rf4_l120_n64,h6_move3,long_only_margin,long_only_margin__density_8_0__maxhold_4__weak_or_opp,weak_or_opp,4,2025-10-24T17:00:00+00:00,2025-10-24T17:15:00+00:00,3,long,-0.000770055662,-0.001214469784,25370.37,25398.12,2.475,0.3,research_development_density_lift_trade_shape_model_training_and_proxy_scout_only_no_mt5_execution_no_forward_pass_no_live_readiness_no_operating_promotion_no_runtime_authority_no_goal_claim
run364L_train_density_lift_trade_shape_onnx_scout_without_db_v1,oos,h6_move3__rf4_l120_n64,h6_move3,long_only_margin,long_only_margin__density_8_0__maxhold_4__weak_or_opp,weak_or_opp,4,2025-10-24T17:25:00+00:00,2025-10-24T17:30:00+00:00,1,long,0.003175537013,-0.001214469784,25375.62,25360.25,-1.837,0.3,research_development_density_lift_trade_shape_model_training_and_proxy_scout_only_no_mt5_execution_no_forward_pass_no_live_readiness_no_operating_promotion_no_runtime_authority_no_goal_claim
run364L_train_density_lift_trade_shape_onnx_scout_without_db_v1,oos,h6_move3__rf4_l120_n64,h6_move3,long_only_margin,long_only_margin__density_8_0__maxhold_4__weak_or_opp,weak_or_opp,4,2025-10-24T17:35:00+00:00,2025-10-24T17:55:00+00:00,4,long,0.001846301048,-0.001214469784,25360.87,25333.12,-3.075,0.3,research_development_density_lift_trade_shape_model_training_and_proxy_scout_only_no_mt5_execution_no_forward_pass_no_live_readiness_no_operating_promotion_no_runtime_authority_no_goal_claim
run364L_train_density_lift_trade_shape_onnx_scout_without_db_v1,oos,h6_move3__rf4_l120_n64,h6_move3,long_only_margin,long_only_margin__density_8_0__maxhold_4__weak_or_opp,weak_or_opp,4,2025-10-24T18:10:00+00:00,2025-10-24T18:30:00+00:00,3,long,-4.7896786e-05,-0.001214469784,25347.62,25395.12,4.45,0.3,research_development_density_lift_trade_shape_model_training_and_proxy_scout_only_no_mt5_execution_no_forward_pass_no_live_readiness_no_operating_promotion_no_runtime_authority_no_goal_claim
run364L_train_density_lift_trade_shape_onnx_scout_without_db_v1,oos,h6_move3__rf4_l120_n64,h6_move3,long_only_margin,long_only_margin__density_8_0__maxhold_4__weak_or_opp,weak_or_opp,4,2025-10-27T17:20:00+00:00,2025-10-27T17:25:00+00:00,1,long,0.000485938898,-0.001214469784,25705.09,25704.34,-0.375,0.3,research_development_density_lift_trade_shape_model_training_and_proxy_scout_only_no_mt5_execution_no_forward_pass_no_live_readiness_no_operating_promotion_no_runtime_authority_no_goal_claim
run364L_train_density_lift_trade_shape_onnx_scout_without_db_v1,oos,h6_move3__rf4_l120_n64,h6_move3,long_only_margin,long_only_margin__density_8_0__maxhold_4__weak_or_opp,weak_or_opp,4,2025-10-28T16:35:00+00:00,2025-10-28T16:40:00+00:00,1,long,-0.000115718417,-0.001214469784,25943.48,25932.85,-1.363,0.3,research_development_density_lift_trade_shape_model_training_and_proxy_scout_only_no_mt5_execution_no_forward_pass_no_live_readiness_no_operating_promotion_no_runtime_authority_no_goal_claim
run364L_train_density_lift_trade_shape_onnx_scout_without_db_v1,oos,h6_move3__rf4_l120_n64,h6_move3,long_only_margin,long_only_margin__density_8_0__maxhold_4__weak_or_opp,weak_or_opp,4,2025-10-28T16:55:00+00:00,2025-10-28T17:00:00+00:00,1,long,-0.000399176413,-0.001214469784,25906.6,25936.35,2.675,0.3,research_development_density_lift_trade_shape_model_training_and_proxy_scout_only_no_mt5_execution_no_forward_pass_no_live_readiness_no_operating_promotion_no_runtime_authority_no_goal_claim
run364L_train_density_lift_trade_shape_onnx_scout_without_db_v1,oos,h6_move3__rf4_l120_n64,h6_move3,long_only_margin,long_only_margin__density_8_0__maxhold_4__weak_or_opp,weak_or_opp,4,2025-10-30T16:50:00+00:00,2025-10-30T16:55:00+00:00,1,long,0.000242266177,-0.001214469784,25933.41,26010.91,7.45,0.3,research_development_density_lift_trade_shape_model_training_and_proxy_scout_only_no_mt5_execution_no_forward_pass_no_live_readiness_no_operating_promotion_no_runtime_authority_no_goal_claim
run364L_train_density_lift_trade_shape_onnx_scout_without_db_v1,oos,h6_move3__rf4_l120_n64,h6_move3,long_only_margin,long_only_margin__density_8_0__maxhold_4__weak_or_opp,weak_or_opp,4,2025-10-31T17:20:00+00:00,2025-10-31T17:25:00+00:00,1,long,0.001968340129,-0.001214469784,25989.86,25980.48,-1.238,0.3,research_development_density_lift_trade_shape_model_training_and_proxy_scout_only_no_mt5_execution_no_forward_pass_no_live_readiness_no_operating_promotion_no_runtime_authority_no_goal_claim
run364L_train_density_lift_trade_shape_onnx_scout_without_db_v1,oos,h6_move3__rf4_l120_n64,h6_move3,long_only_margin,long_only_margin__density_8_0__maxhold_4__weak_or_opp,weak_or_opp,4,2025-10-31T19:40:00+00:00,2025-10-31T19:45:00+00:00,1,long,0.001921996445,-0.001214469784,25896.23,25862.86,-3.637,0.3,research_development_density_lift_trade_shape_model_training_and_proxy_scout_only_no_mt5_execution_no_forward_pass_no_live_readiness_no_operating_promotion_no_runtime_authority_no_goal_claim
run364L_train_density_lift_trade_shape_onnx_scout_without_db_v1,oos,h6_move3__rf4_l120_n64,h6_move3,long_only_margin,long_only_margin__density_8_0__maxhold_4__weak_or_opp,weak_or_opp,4,2025-11-03T17:55:00+00:00,2025-11-03T18:05:00+00:00,2,long,0.001786820926,-0.001214469784,25960.76,25964.76,0.1,0.3,research_development_density_lift_trade_shape_model_training_and_proxy_scout_only_no_mt5_execution_no_forward_pass_no_live_readiness_no_operating_promotion_no_runtime_authority_no_goal_claim
run364L_train_density_lift_trade_shape_onnx_scout_without_db_v1,validation,h6_move3__rf4_l120_n64,h6_move3,long_only_margin,long_only_margin__density_8_0__maxhold_8__weak_or_opp,weak_or_opp,8,2025-01-02T16:55:00+00:00,2025-01-02T17:35:00+00:00,8,long,0.000712043174,-0.001214469784,21125.82,21011.32,-11.75,0.3,research_development_density_lift_trade_shape_model_training_and_proxy_scout_only_no_mt5_execution_no_forward_pass_no_live_readiness_no_operating_promotion_no_runtime_authority_no_goal_claim
run364L_train_density_lift_trade_shape_onnx_scout_without_db_v1,validation,h6_move3__rf4_l120_n64,h6_move3,long_only_margin,long_only_margin__density_8_0__maxhold_8__weak_or_opp,weak_or_opp,8,2025-01-03T16:35:00+00:00,2025-01-03T16:50:00+00:00,3,long,0.009330242229,-0.001214469784,21079.29,21111.91,2.962,0.3,research_development_density_lift_trade_shape_model_training_and_proxy_scout_only_no_mt5_execution_no_forward_pass_no_live_readiness_no_operating_promotion_no_runtime_authority_no_goal_claim
run364L_train_density_lift_trade_shape_onnx_scout_without_db_v1,validation,h6_move3__rf4_l120_n64,h6_move3,long_only_margin,long_only_margin__density_8_0__maxhold_8__weak_or_opp,weak_or_opp,8,2025-01-03T17:00:00+00:00,2025-01-03T17:15:00+00:00,3,long,0.003311108448,-0.001214469784,21132.54,21097.04,-3.85,0.3,research_development_density_lift_trade_shape_model_training_and_proxy_scout_only_no_mt5_execution_no_forward_pass_no_live_readiness_no_operating_promotion_no_runtime_authority_no_goal_claim
run364L_train_density_lift_trade_shape_onnx_scout_without_db_v1,validation,h6_move3__rf4_l120_n64,h6_move3,long_only_margin,long_only_margin__density_8_0__maxhold_8__weak_or_opp,weak_or_opp,8,2025-01-03T17:30:00+00:00,2025-01-03T17:35:00+00:00,1,long,-0.000108985207,-0.001214469784,21081.29,21101.79,1.75,0.3,research_development_density_lift_trade_shape_model_training_and_proxy_scout_only_no_mt5_execution_no_forward_pass_no_live_readiness_no_operating_promotion_no_runtime_authority_no_goal_claim
run364L_train_density_lift_trade_shape_onnx_scout_without_db_v1,validation,h6_move3__rf4_l120_n64,h6_move3,long_only_margin,long_only_margin__density_8_0__maxhold_8__weak_or_opp,weak_or_opp,8,2025-01-03T17:40:00+00:00,2025-01-03T17:45:00+00:00,1,long,0.000732235436,-0.001214469784,21101.54,21123.54,1.9,0.3,research_development_density_lift_trade_shape_model_training_and_proxy_scout_only_no_mt5_execution_no_forward_pass_no_live_readiness_no_operating_promotion_no_runtime_authority_no_goal_claim
run364L_train_density_lift_trade_shape_onnx_scout_without_db_v1,validation,h6_move3__rf4_l120_n64,h6_move3,long_only_margin,long_only_margin__density_8_0__maxhold_8__weak_or_opp,weak_or_opp,8,2025-01-03T17:50:00+00:00,2025-01-03T17:55:00+00:00,1,long,0.004212420934,-0.001214469784,21123.79,21103.54,-2.325,0.3,research_development_density_lift_trade_shape_model_training_and_proxy_scout_only_no_mt5_execution_no_forward_pass_no_live_readiness_no_operating_promotion_no_runtime_authority_no_goal_claim
run364L_train_density_lift_trade_shape_onnx_scout_without_db_v1,validation,h6_move3__rf4_l120_n64,h6_move3,long_only_margin,long_only_margin__density_8_0__maxhold_8__weak_or_opp,weak_or_opp,8,2025-01-03T18:15:00+00:00,2025-01-03T18:55:00+00:00,8,long,-0.000128164126,-0.001214469784,21111.29,21232.66,11.837,0.3,research_development_density_lift_trade_shape_model_training_and_proxy_scout_only_no_mt5_execution_no_forward_pass_no_live_readiness_no_operating_promotion_no_runtime_authority_no_goal_claim
run364L_train_density_lift_trade_shape_onnx_scout_without_db_v1,validation,h6_move3__rf4_l120_n64,h6_move3,long_only_margin,long_only_margin__density_8_0__maxhold_8__weak_or_opp,weak_or_opp,8,2025-01-03T19:00:00+00:00,2025-01-03T19:05:00+00:00,1,long,0.005134846592,-0.001214469784,21212.04,21229.16,1.412,0.3,research_development_density_lift_trade_shape_model_training_and_proxy_scout_only_no_mt5_execution_no_forward_pass_no_live_readiness_no_operating_promotion_no_runtime_authority_no_goal_claim
run364L_train_density_lift_trade_shape_onnx_scout_without_db_v1,validation,h6_move3__rf4_l120_n64,h6_move3,long_only_margin,long_only_margin__density_8_0__maxhold_8__weak_or_opp,weak_or_opp,8,2025-01-03T19:20:00+00:00,2025-01-03T19:25:00+00:00,1,long,-0.001010498573,-0.001214469784,21195.66,21213.79,1.513,0.3,research_development_density_lift_trade_shape_model_training_and_proxy_scout_only_no_mt5_execution_no_forward_pass_no_live_readiness_no_operating_promotion_no_runtime_authority_no_goal_claim
run364L_train_density_lift_trade_shape_onnx_scout_without_db_v1,validation,h6_move3__rf4_l120_n64,h6_move3,long_only_margin,long_only_margin__density_8_0__maxhold_8__weak_or_opp,weak_or_opp,8,2025-01-06T16:45:00+00:00,2025-01-06T17:30:00+00:00,8,long,0.001251600213,-0.001214469784,21547.5,21635.5,8.5,0.3,research_development_density_lift_trade_shape_model_training_and_proxy_scout_only_no_mt5_execution_no_forward_pass_no_live_readiness_no_operating_promotion_no_runtime_authority_no_goal_claim
run364L_train_density_lift_trade_shape_onnx_scout_without_db_v1,validation,h6_move3__rf4_l120_n64,h6_move3,long_only_margin,long_only_margin__density_8_0__maxhold_8__weak_or_opp,weak_or_opp,8,2025-01-06T17:35:00+00:00,2025-01-06T18:10:00+00:00,5,long,0.0155283936,-0.001214469784,21617.0,21639.62,1.962,0.3,research_development_density_lift_trade_shape_model_training_and_proxy_scout_only_no_mt5_execution_no_forward_pass_no_live_readiness_no_operating_promotion_no_runtime_authority_no_goal_claim
run364L_train_density_lift_trade_shape_onnx_scout_without_db_v1,validation,h6_move3__rf4_l120_n64,h6_move3,long_only_margin,long_only_margin__density_8_0__maxhold_8__weak_or_opp,weak_or_opp,8,2025-01-07T18:10:00+00:00,2025-01-07T18:15:00+00:00,1,long,-0.001169589165,-0.001214469784,21300.51,21276.88,-2.663,0.3,research_development_density_lift_trade_shape_model_training_and_proxy_scout_only_no_mt5_execution_no_forward_pass_no_live_readiness_no_operating_promotion_no_runtime_authority_no_goal_claim
run364L_train_density_lift_trade_shape_onnx_scout_without_db_v1,validation,h6_move3__rf4_l120_n64,h6_move3,long_only_margin,long_only_margin__density_8_0__maxhold_8__weak_or_opp,weak_or_opp,8,2025-01-08T16:35:00+00:00,2025-01-08T16:40:00+00:00,1,long,0.005763756138,-0.001214469784,21136.03,21065.66,-7.337,0.3,research_development_density_lift_trade_shape_model_training_and_proxy_scout_only_no_mt5_execution_no_forward_pass_no_live_readiness_no_operating_promotion_no_runtime_authority_no_goal_claim
run364L_train_density_lift_trade_shape_onnx_scout_without_db_v1,validation,h6_move3__rf4_l120_n64,h6_move3,long_only_margin,long_only_margin__density_8_0__maxhold_8__weak_or_opp,weak_or_opp,8,2025-01-08T18:00:00+00:00,2025-01-08T18:05:00+00:00,1,long,0.00171378951,-0.001214469784,21121.91,21081.91,-4.3,0.3,research_development_density_lift_trade_shape_model_training_and_proxy_scout_only_no_mt5_execution_no_forward_pass_no_live_readiness_no_operating_promotion_no_runtime_authority_no_goal_claim
run364L_train_density_lift_trade_shape_onnx_scout_without_db_v1,validation,h6_move3__rf4_l120_n64,h6_move3,long_only_margin,long_only_margin__density_8_0__maxhold_8__weak_or_opp,weak_or_opp,8,2025-01-08T18:15:00+00:00,2025-01-08T18:20:00+00:00,1,long,0.003164326741,-0.001214469784,21100.41,21100.91,-0.25,0.3,research_development_density_lift_trade_shape_model_training_and_proxy_scout_only_no_mt5_execution_no_forward_pass_no_live_readiness_no_operating_promotion_no_runtime_authority_no_goal_claim
run364L_train_density_lift_trade_shape_onnx_scout_without_db_v1,validation,h6_move3__rf4_l120_n64,h6_move3,long_only_margin,long_only_margin__density_8_0__maxhold_8__weak_or_opp,weak_or_opp,8,2025-01-08T18:45:00+00:00,2025-01-08T19:00:00+00:00,3,long,-0.00116205981,-0.001214469784,21174.28,21149.91,-2.737,0.3,research_development_density_lift_trade_shape_model_training_and_proxy_scout_only_no_mt5_execution_no_forward_pass_no_live_readiness_no_operating_promotion_no_runtime_authority_no_goal_claim
run364L_train_density_lift_trade_shape_onnx_scout_without_db_v1,validation,h6_move3__rf4_l120_n64,h6_move3,long_only_margin,long_only_margin__density_8_0__maxhold_8__weak_or_opp,weak_or_opp,8,2025-01-08T20:45:00+00:00,2025-01-08T20:50:00+00:00,1,long,-0.000967538454,-0.001214469784,21141.78,21107.53,-3.725,0.3,research_development_density_lift_trade_shape_model_training_and_proxy_scout_only_no_mt5_execution_no_forward_pass_no_live_readiness_no_operating_promotion_no_runtime_authority_no_goal_claim
run364L_train_density_lift_trade_shape_onnx_scout_without_db_v1,validation,h6_move3__rf4_l120_n64,h6_move3,long_only_margin,long_only_margin__density_8_0__maxhold_8__weak_or_opp,weak_or_opp,8,2025-01-13T17:10:00+00:00,2025-01-13T17:15:00+00:00,1,long,-0.000300183689,-0.001214469784,20583.83,20555.33,-3.15,0.3,research_development_density_lift_trade_shape_model_training_and_proxy_scout_only_no_mt5_execution_no_forward_pass_no_live_readiness_no_operating_promotion_no_runtime_authority_no_goal_claim
run364L_train_density_lift_trade_shape_onnx_scout_without_db_v1,validation,h6_move3__rf4_l120_n64,h6_move3,long_only_margin,long_only_margin__density_8_0__maxhold_8__weak_or_opp,weak_or_opp,8,2025-01-13T17:40:00+00:00,2025-01-13T17:45:00+00:00,1,long,-0.001045282425,-0.001214469784,20612.33,20638.08,2.275,0.3,research_development_density_lift_trade_shape_model_training_and_proxy_scout_only_no_mt5_execution_no_forward_pass_no_live_readiness_no_operating_promotion_no_runtime_authority_no_goal_claim
run364L_train_density_lift_trade_shape_onnx_scout_without_db_v1,validation,h6_move3__rf4_l120_n64,h6_move3,long_only_margin,long_only_margin__density_8_0__maxhold_8__weak_or_opp,weak_or_opp,8,2025-01-13T19:45:00+00:00,2025-01-13T19:50:00+00:00,1,long,-0.00092827087,-0.001214469784,20607.08,20623.45,1.337,0.3,research_development_density_lift_trade_shape_model_training_and_proxy_scout_only_no_mt5_execution_no_forward_pass_no_live_readiness_no_operating_promotion_no_runtime_authority_no_goal_claim
run364L_train_density_lift_trade_shape_onnx_scout_without_db_v1,validation,h6_move3__rf4_l120_n64,h6_move3,long_only_margin,long_only_margin__density_8_0__maxhold_8__weak_or_opp,weak_or_opp,8,2025-01-13T20:05:00+00:00,2025-01-13T20:10:00+00:00,1,long,0.00136706848,-0.001214469784,20669.2,20662.2,-1.0,0.3,research_development_density_lift_trade_shape_model_training_and_proxy_scout_only_no_mt5_execution_no_forward_pass_no_live_readiness_no_operating_promotion_no_runtime_authority_no_goal_claim
run364L_train_density_lift_trade_shape_onnx_scout_without_db_v1,validation,h6_move3__rf4_l120_n64,h6_move3,long_only_margin,long_only_margin__density_8_0__maxhold_8__weak_or_opp,weak_or_opp,8,2025-01-13T22:00:00+00:00,2025-01-14T16:40:00+00:00,2,long,-0.000972370176,-0.001214469784,20688.45,20898.52,20.707,0.3,research_development_density_lift_trade_shape_model_training_and_proxy_scout_only_no_mt5_execution_no_forward_pass_no_live_readiness_no_operating_promotion_no_runtime_authority_no_goal_claim
run364L_train_density_lift_trade_shape_onnx_scout_without_db_v1,validation,h6_move3__rf4_l120_n64,h6_move3,long_only_margin,long_only_margin__density_8_0__maxhold_8__weak_or_opp,weak_or_opp,8,2025-01-14T16:45:00+00:00,2025-01-14T16:55:00+00:00,2,long,0.008169068834,-0.001214469784,20896.77,20792.77,-10.7,0.3,research_development_density_lift_trade_shape_model_training_and_proxy_scout_only_no_mt5_execution_no_forward_pass_no_live_readiness_no_operating_promotion_no_runtime_authority_no_goal_claim
run364L_train_density_lift_trade_shape_onnx_scout_without_db_v1,validation,h6_move3__rf4_l120_n64,h6_move3,long_only_margin,long_only_margin__density_8_0__maxhold_8__weak_or_opp,weak_or_opp,8,2025-01-14T17:15:00+00:00,2025-01-14T17:20:00+00:00,1,long,0.001290801571,-0.001214469784,20866.52,20860.52,-0.9,0.3,research_development_density_lift_trade_shape_model_training_and_proxy_scout_only_no_mt5_execution_no_forward_pass_no_live_readiness_no_operating_promotion_no_runtime_authority_no_goal_claim
run364L_train_density_lift_trade_shape_onnx_scout_without_db_v1,validation,h6_move3__rf4_l120_n64,h6_move3,long_only_margin,long_only_margin__density_8_0__maxhold_8__weak_or_opp,weak_or_opp,8,2025-01-14T20:45:00+00:00,2025-01-14T20:50:00+00:00,1,long,0.002774367005,-0.001214469784,20763.64,20777.89,1.125,0.3,research_development_density_lift_trade_shape_model_training_and_proxy_scout_only_no_mt5_execution_no_forward_pass_no_live_readiness_no_operating_promotion_no_runtime_authority_no_goal_claim
run364L_train_density_lift_trade_shape_onnx_scout_without_db_v1,validation,h6_move3__rf4_l120_n64,h6_move3,long_only_margin,long_only_margin__density_8_0__maxhold_8__weak_or_opp,weak_or_opp,8,2025-01-15T16:35:00+00:00,2025-01-15T17:15:00+00:00,8,long,0.020438081462,-0.001214469784,21054.85,21153.85,9.6,0.3,research_development_density_lift_trade_shape_model_training_and_proxy_scout_only_no_mt5_execution_no_forward_pass_no_live_readiness_no_operating_promotion_no_runtime_authority_no_goal_claim
run364L_train_density_lift_trade_shape_onnx_scout_without_db_v1,validation,h6_move3__rf4_l120_n64,h6_move3,long_only_margin,long_only_margin__density_8_0__maxhold_8__weak_or_opp,weak_or_opp,8,2025-01-15T17:20:00+00:00,2025-01-15T17:55:00+00:00,7,long,0.021396948852,-0.001214469784,21195.85,21156.98,-4.187,0.3,research_development_density_lift_trade_shape_model_training_and_proxy_scout_only_no_mt5_execution_no_forward_pass_no_live_readiness_no_operating_promotion_no_runtime_authority_no_goal_claim
run364L_train_density_lift_trade_shape_onnx_scout_without_db_v1,validation,h6_move3__rf4_l120_n64,h6_move3,long_only_margin,long_only_margin__density_8_0__maxhold_8__weak_or_opp,weak_or_opp,8,2025-01-15T18:20:00+00:00,2025-01-15T18:35:00+00:00,3,long,0.003271372688,-0.001214469784,21136.85,21074.23,-6.562,0.3,research_development_density_lift_trade_shape_model_training_and_proxy_scout_only_no_mt5_execution_no_forward_pass_no_live_readiness_no_operating_promotion_no_runtime_authority_no_goal_claim
run364L_train_density_lift_trade_shape_onnx_scout_without_db_v1,validation,h6_move3__rf4_l120_n64,h6_move3,long_only_margin,long_only_margin__density_8_0__maxhold_8__weak_or_opp,weak_or_opp,8,2025-01-15T19:15:00+00:00,2025-01-15T19:25:00+00:00,2,long,-0.001140349253,-0.001214469784,21101.48,21095.73,-0.875,0.3,research_development_density_lift_trade_shape_model_training_and_proxy_scout_only_no_mt5_execution_no_forward_pass_no_live_readiness_no_operating_promotion_no_runtime_authority_no_goal_claim
run364L_train_density_lift_trade_shape_onnx_scout_without_db_v1,validation,h6_move3__rf4_l120_n64,h6_move3,long_only_margin,long_only_margin__density_8_0__maxhold_8__weak_or_opp,weak_or_opp,8,2025-01-15T19:30:00+00:00,2025-01-15T19:35:00+00:00,1,long,0.000311499977,-0.001214469784,21115.73,21128.1,0.937,0.3,research_development_density_lift_trade_shape_model_training_and_proxy_scout_only_no_mt5_execution_no_forward_pass_no_live_readiness_no_operating_promotion_no_runtime_authority_no_goal_claim
run364L_train_density_lift_trade_shape_onnx_scout_without_db_v1,validation,h6_move3__rf4_l120_n64,h6_move3,long_only_margin,long_only_margin__density_8_0__maxhold_8__weak_or_opp,weak_or_opp,8,2025-01-16T18:30:00+00:00,2025-01-16T18:40:00+00:00,2,long,0.00418629197,-0.001214469784,21200.95,21160.2,-4.375,0.3,research_development_density_lift_trade_shape_model_training_and_proxy_scout_only_no_mt5_execution_no_forward_pass_no_live_readiness_no_operating_promotion_no_runtime_authority_no_goal_claim
run364L_train_density_lift_trade_shape_onnx_scout_without_db_v1,validation,h6_move3__rf4_l120_n64,h6_move3,long_only_margin,long_only_margin__density_8_0__maxhold_8__weak_or_opp,weak_or_opp,8,2025-01-16T19:10:00+00:00,2025-01-16T19:15:00+00:00,1,long,-0.000591098251,-0.001214469784,21197.32,21194.32,-0.6,0.3,research_development_density_lift_trade_shape_model_training_and_proxy_scout_only_no_mt5_execution_no_forward_pass_no_live_readiness_no_operating_promotion_no_runtime_authority_no_goal_claim
run364L_train_density_lift_trade_shape_onnx_scout_without_db_v1,validation,h6_move3__rf4_l120_n64,h6_move3,long_only_margin,long_only_margin__density_8_0__maxhold_8__weak_or_opp,weak_or_opp,8,2025-01-17T16:50:00+00:00,2025-01-17T16:55:00+00:00,1,long,0.004061600771,-0.001214469784,21335.41,21320.16,-1.825,0.3,research_development_density_lift_trade_shape_model_training_and_proxy_scout_only_no_mt5_execution_no_forward_pass_no_live_readiness_no_operating_promotion_no_runtime_authority_no_goal_claim
run364L_train_density_lift_trade_shape_onnx_scout_without_db_v1,validation,h6_move3__rf4_l120_n64,h6_move3,long_only_margin,long_only_margin__density_8_0__maxhold_8__weak_or_opp,weak_or_opp,8,2025-01-17T17:05:00+00:00,2025-01-17T17:25:00+00:00,4,long,7.6188904e-05,-0.001214469784,21341.53,21318.41,-2.612,0.3,research_development_density_lift_trade_shape_model_training_and_proxy_scout_only_no_mt5_execution_no_forward_pass_no_live_readiness_no_operating_promotion_no_runtime_authority_no_goal_claim
run364L_train_density_lift_trade_shape_onnx_scout_without_db_v1,validation,h6_move3__rf4_l120_n64,h6_move3,long_only_margin,long_only_margin__density_8_0__maxhold_8__weak_or_opp,weak_or_opp,8,2025-01-17T17:30:00+00:00,2025-01-17T18:30:00+00:00,5,long,0.001369375421,-0.001214469784,21326.41,21425.53,9.612,0.3,research_development_density_lift_trade_shape_model_training_and_proxy_scout_only_no_mt5_execution_no_forward_pass_no_live_readiness_no_operating_promotion_no_runtime_authority_no_goal_claim
run364L_train_density_lift_trade_shape_onnx_scout_without_db_v1,validation,h6_move3__rf4_l120_n64,h6_move3,long_only_margin,long_only_margin__density_8_0__maxhold_8__weak_or_opp,weak_or_opp,8,2025-01-17T18:40:00+00:00,2025-01-17T18:50:00+00:00,1,long,0.010619319248,-0.001214469784,21416.03,21389.78,-2.925,0.3,research_development_density_lift_trade_shape_model_training_and_proxy_scout_only_no_mt5_execution_no_forward_pass_no_live_readiness_no_operating_promotion_no_runtime_authority_no_goal_claim
run364L_train_density_lift_trade_shape_onnx_scout_without_db_v1,validation,h6_move3__rf4_l120_n64,h6_move3,long_only_margin,long_only_margin__density_8_0__maxhold_8__weak_or_opp,weak_or_opp,8,2025-01-21T17:20:00+00:00,2025-01-21T17:30:00+00:00,2,long,0.010159340638,-0.001214469784,21416.6,21451.47,3.187,0.3,research_development_density_lift_trade_shape_model_training_and_proxy_scout_only_no_mt5_execution_no_forward_pass_no_live_readiness_no_operating_promotion_no_runtime_authority_no_goal_claim
run364L_train_density_lift_trade_shape_onnx_scout_without_db_v1,validation,h6_move3__rf4_l120_n64,h6_move3,long_only_margin,long_only_margin__density_8_0__maxhold_8__weak_or_opp,weak_or_opp,8,2025-01-21T17:45:00+00:00,2025-01-21T17:50:00+00:00,1,long,0.000372303494,-0.001214469784,21448.47,21425.72,-2.575,0.3,research_development_density_lift_trade_shape_model_training_and_proxy_scout_only_no_mt5_execution_no_forward_pass_no_live_readiness_no_operating_promotion_no_runtime_authority_no_goal_claim
run364L_train_density_lift_trade_shape_onnx_scout_without_db_v1,validation,h6_move3__rf4_l120_n64,h6_move3,long_only_margin,long_only_margin__density_8_0__maxhold_8__weak_or_opp,weak_or_opp,8,2025-01-21T18:25:00+00:00,2025-01-21T18:30:00+00:00,1,long,0.002044020973,-0.001214469784,21442.72,21442.97,-0.275,0.3,research_development_density_lift_trade_shape_model_training_and_proxy_scout_only_no_mt5_execution_no_forward_pass_no_live_readiness_no_operating_promotion_no_runtime_authority_no_goal_claim
run364L_train_density_lift_trade_shape_onnx_scout_without_db_v1,validation,h6_move3__rf4_l120_n64,h6_move3,long_only_margin,long_only_margin__density_8_0__maxhold_8__weak_or_opp,weak_or_opp,8,2025-01-21T18:35:00+00:00,2025-01-21T18:40:00+00:00,1,long,-0.000709251697,-0.001214469784,21452.47,21423.47,-3.2,0.3,research_development_density_lift_trade_shape_model_training_and_proxy_scout_only_no_mt5_execution_no_forward_pass_no_live_readiness_no_operating_promotion_no_runtime_authority_no_goal_claim
run364L_train_density_lift_trade_shape_onnx_scout_without_db_v1,validation,h6_move3__rf4_l120_n64,h6_move3,long_only_margin,long_only_margin__density_8_0__maxhold_8__weak_or_opp,weak_or_opp,8,2025-01-21T19:00:00+00:00,2025-01-21T19:05:00+00:00,1,long,0.00404479258,-0.001214469784,21487.47,21486.6,-0.387,0.3,research_development_density_lift_trade_shape_model_training_and_proxy_scout_only_no_mt5_execution_no_forward_pass_no_live_readiness_no_operating_promotion_no_runtime_authority_no_goal_claim
run364L_train_density_lift_trade_shape_onnx_scout_without_db_v1,validation,h6_move3__rf4_l120_n64,h6_move3,long_only_margin,long_only_margin__density_8_0__maxhold_8__weak_or_opp,weak_or_opp,8,2025-01-22T16:50:00+00:00,2025-01-22T17:55:00+00:00,8,long,0.001718931441,-0.001214469784,21802.92,21829.67,2.375,0.3,research_development_density_lift_trade_shape_model_training_and_proxy_scout_only_no_mt5_execution_no_forward_pass_no_live_readiness_no_operating_promotion_no_runtime_authority_no_goal_claim
run364L_train_density_lift_trade_shape_onnx_scout_without_db_v1,validation,h6_move3__rf4_l120_n64,h6_move3,long_only_margin,long_only_margin__density_8_0__maxhold_8__weak_or_opp,weak_or_opp,8,2025-01-22T18:00:00+00:00,2025-01-22T18:10:00+00:00,2,long,0.00785361007,-0.001214469784,21810.8,21840.55,2.675,0.3,research_development_density_lift_trade_shape_model_training_and_proxy_scout_only_no_mt5_execution_no_forward_pass_no_live_readiness_no_operating_promotion_no_runtime_authority_no_goal_claim
run364L_train_density_lift_trade_shape_onnx_scout_without_db_v1,validation,h6_move3__rf4_l120_n64,h6_move3,long_only_margin,long_only_margin__density_8_0__maxhold_8__weak_or_opp,weak_or_opp,8,2025-01-22T18:15:00+00:00,2025-01-22T18:30:00+00:00,1,long,0.004895963753,-0.001214469784,21822.17,21868.05,4.288,0.3,research_development_density_lift_trade_shape_model_training_and_proxy_scout_only_no_mt5_execution_no_forward_pass_no_live_readiness_no_operating_promotion_no_runtime_authority_no_goal_claim
run364L_train_density_lift_trade_shape_onnx_scout_without_db_v1,validation,h6_move3__rf4_l120_n64,h6_move3,long_only_margin,long_only_margin__density_8_0__maxhold_8__weak_or_opp,weak_or_opp,8,2025-01-23T17:15:00+00:00,2025-01-23T17:20:00+00:00,1,long,0.002801635549,-0.001214469784,21722.13,21702.38,-2.275,0.3,research_development_density_lift_trade_shape_model_training_and_proxy_scout_only_no_mt5_execution_no_forward_pass_no_live_readiness_no_operating_promotion_no_runtime_authority_no_goal_claim
run364L_train_density_lift_trade_shape_onnx_scout_without_db_v1,validation,h6_move3__rf4_l120_n64,h6_move3,long_only_margin,long_only_margin__density_8_0__maxhold_8__weak_or_opp,weak_or_opp,8,2025-01-23T17:35:00+00:00,2025-01-23T18:00:00+00:00,2,long,0.002499136539,-0.001214469784,21740.63,21751.88,0.825,0.3,research_development_density_lift_trade_shape_model_training_and_proxy_scout_only_no_mt5_execution_no_forward_pass_no_live_readiness_no_operating_promotion_no_runtime_authority_no_goal_claim
run364L_train_density_lift_trade_shape_onnx_scout_without_db_v1,validation,h6_move3__rf4_l120_n64,h6_move3,long_only_margin,long_only_margin__density_8_0__maxhold_8__weak_or_opp,weak_or_opp,8,2025-01-24T16:55:00+00:00,2025-01-24T17:05:00+00:00,2,long,-0.000992367928,-0.001214469784,21895.08,21851.33,-4.675,0.3,research_development_density_lift_trade_shape_model_training_and_proxy_scout_only_no_mt5_execution_no_forward_pass_no_live_readiness_no_operating_promotion_no_runtime_authority_no_goal_claim
run364L_train_density_lift_trade_shape_onnx_scout_without_db_v1,validation,h6_move3__rf4_l120_n64,h6_move3,long_only_margin,long_only_margin__density_8_0__maxhold_8__weak_or_opp,weak_or_opp,8,2025-01-24T18:10:00+00:00,2025-01-24T18:15:00+00:00,1,long,0.003342279921,-0.001214469784,21824.83,21818.08,-0.975,0.3,research_development_density_lift_trade_shape_model_training_and_proxy_scout_only_no_mt5_execution_no_forward_pass_no_live_readiness_no_operating_promotion_no_runtime_authority_no_goal_claim
run364L_train_density_lift_trade_shape_onnx_scout_without_db_v1,validation,h6_move3__rf4_l120_n64,h6_move3,long_only_margin,long_only_margin__density_8_0__maxhold_8__weak_or_opp,weak_or_opp,8,2025-01-27T16:40:00+00:00,2025-01-27T16:45:00+00:00,1,long,0.003858502511,-0.001214469784,21118.49,21107.24,-1.425,0.3,research_development_density_lift_trade_shape_model_training_and_proxy_scout_only_no_mt5_execution_no_forward_pass_no_live_readiness_no_operating_promotion_no_runtime_authority_no_goal_claim
run364L_train_density_lift_trade_shape_onnx_scout_without_db_v1,validation,h6_move3__rf4_l120_n64,h6_move3,long_only_margin,long_only_margin__density_8_0__maxhold_8__weak_or_opp,weak_or_opp,8,2025-01-27T16:50:00+00:00,2025-01-27T17:05:00+00:00,3,long,0.000714882329,-0.001214469784,21139.87,21111.87,-3.1,0.3,research_development_density_lift_trade_shape_model_training_and_proxy_scout_only_no_mt5_execution_no_forward_pass_no_live_readiness_no_operating_promotion_no_runtime_authority_no_goal_claim
run364L_train_density_lift_trade_shape_onnx_scout_without_db_v1,validation,h6_move3__rf4_l120_n64,h6_move3,long_only_margin,long_only_margin__density_8_0__maxhold_8__weak_or_opp,weak_or_opp,8,2025-01-27T17:30:00+00:00,2025-01-27T17:35:00+00:00,1,long,8.2354768e-05,-0.001214469784,21202.49,21235.87,3.038,0.3,research_development_density_lift_trade_shape_model_training_and_proxy_scout_only_no_mt5_execution_no_forward_pass_no_live_readiness_no_operating_promotion_no_runtime_authority_no_goal_claim
run364L_train_density_lift_trade_shape_onnx_scout_without_db_v1,validation,h6_move3__rf4_l120_n64,h6_move3,long_only_margin,long_only_margin__density_8_0__maxhold_8__weak_or_opp,weak_or_opp,8,2025-01-27T17:40:00+00:00,2025-01-27T17:50:00+00:00,2,long,0.00600577969,-0.001214469784,21224.37,21192.12,-3.525,0.3,research_development_density_lift_trade_shape_model_training_and_proxy_scout_only_no_mt5_execution_no_forward_pass_no_live_readiness_no_operating_promotion_no_runtime_authority_no_goal_claim
run364L_train_density_lift_trade_shape_onnx_scout_without_db_v1,validation,h6_move3__rf4_l120_n64,h6_move3,long_only_margin,long_only_margin__density_8_0__maxhold_8__weak_or_opp,weak_or_opp,8,2025-01-27T17:55:00+00:00,2025-01-27T18:00:00+00:00,1,long,-0.000633542296,-0.001214469784,21207.24,21146.24,-6.4,0.3,research_development_density_lift_trade_shape_model_training_and_proxy_scout_only_no_mt5_execution_no_forward_pass_no_live_readiness_no_operating_promotion_no_runtime_authority_no_goal_claim
run364L_train_density_lift_trade_shape_onnx_scout_without_db_v1,validation,h6_move3__rf4_l120_n64,h6_move3,long_only_margin,long_only_margin__density_8_0__maxhold_8__weak_or_opp,weak_or_opp,8,2025-01-28T17:00:00+00:00,2025-01-28T17:10:00+00:00,2,long,0.005353857219,-0.001214469784,21123.34,21156.59,3.025,0.3,research_development_density_lift_trade_shape_model_training_and_proxy_scout_only_no_mt5_execution_no_forward_pass_no_live_readiness_no_operating_promotion_no_runtime_authority_no_goal_claim
run364L_train_density_lift_trade_shape_onnx_scout_without_db_v1,validation,h6_move3__rf4_l120_n64,h6_move3,long_only_margin,long_only_margin__density_8_0__maxhold_8__weak_or_opp,weak_or_opp,8,2025-01-28T17:15:00+00:00,2025-01-28T17:50:00+00:00,7,long,0.000636923321,-0.001214469784,21213.34,21275.59,5.925,0.3,research_development_density_lift_trade_shape_model_training_and_proxy_scout_only_no_mt5_execution_no_forward_pass_no_live_readiness_no_operating_promotion_no_runtime_authority_no_goal_claim
run364L_train_density_lift_trade_shape_onnx_scout_without_db_v1,validation,h6_move3__rf4_l120_n64,h6_move3,long_only_margin,long_only_margin__density_8_0__maxhold_8__weak_or_opp,weak_or_opp,8,2025-01-28T17:55:00+00:00,2025-01-28T18:00:00+00:00,1,long,0.003954422663,-0.001214469784,21247.46,21294.21,4.375,0.3,research_development_density_lift_trade_shape_model_training_and_proxy_scout_only_no_mt5_execution_no_forward_pass_no_live_readiness_no_operating_promotion_no_runtime_authority_no_goal_claim
run364L_train_density_lift_trade_shape_onnx_scout_without_db_v1,validation,h6_move3__rf4_l120_n64,h6_move3,long_only_margin,long_only_margin__density_8_0__maxhold_8__weak_or_opp,weak_or_opp,8,2025-01-28T18:05:00+00:00,2025-01-28T18:15:00+00:00,2,long,-0.000828003555,-0.001214469784,21287.34,21288.34,-0.2,0.3,research_development_density_lift_trade_shape_model_training_and_proxy_scout_only_no_mt5_execution_no_forward_pass_no_live_readiness_no_operating_promotion_no_runtime_authority_no_goal_claim
run364L_train_density_lift_trade_shape_onnx_scout_without_db_v1,validation,h6_move3__rf4_l120_n64,h6_move3,long_only_margin,long_only_margin__density_8_0__maxhold_8__weak_or_opp,weak_or_opp,8,2025-01-28T18:25:00+00:00,2025-01-28T18:30:00+00:00,1,long,-0.00095461387,-0.001214469784,21260.21,21243.84,-1.937,0.3,research_development_density_lift_trade_shape_model_training_and_proxy_scout_only_no_mt5_execution_no_forward_pass_no_live_readiness_no_operating_promotion_no_runtime_authority_no_goal_claim
run364L_train_density_lift_trade_shape_onnx_scout_without_db_v1,validation,h6_move3__rf4_l120_n64,h6_move3,long_only_margin,long_only_margin__density_8_0__maxhold_8__weak_or_opp,weak_or_opp,8,2025-01-28T18:35:00+00:00,2025-01-28T18:40:00+00:00,1,long,0.001664794958,-0.001214469784,21257.96,21283.21,2.225,0.3,research_development_density_lift_trade_shape_model_training_and_proxy_scout_only_no_mt5_execution_no_forward_pass_no_live_readiness_no_operating_promotion_no_runtime_authority_no_goal_claim
run364L_train_density_lift_trade_shape_onnx_scout_without_db_v1,validation,h6_move3__rf4_l120_n64,h6_move3,long_only_margin,long_only_margin__density_8_0__maxhold_8__weak_or_opp,weak_or_opp,8,2025-01-28T19:00:00+00:00,2025-01-28T19:35:00+00:00,6,long,0.001081979555,-0.001214469784,21311.46,21395.96,8.15,0.3,research_development_density_lift_trade_shape_model_training_and_proxy_scout_only_no_mt5_execution_no_forward_pass_no_live_readiness_no_operating_promotion_no_runtime_authority_no_goal_claim
run364L_train_density_lift_trade_shape_onnx_scout_without_db_v1,validation,h6_move3__rf4_l120_n64,h6_move3,long_only_margin,long_only_margin__density_8_0__maxhold_8__weak_or_opp,weak_or_opp,8,2025-01-29T17:15:00+00:00,2025-01-29T17:30:00+00:00,3,long,0.000338886439,-0.001214469784,21378.55,21345.17,-3.638,0.3,research_development_density_lift_trade_shape_model_training_and_proxy_scout_only_no_mt5_execution_no_forward_pass_no_live_readiness_no_operating_promotion_no_runtime_authority_no_goal_claim
run364L_train_density_lift_trade_shape_onnx_scout_without_db_v1,validation,h6_move3__rf4_l120_n64,h6_move3,long_only_margin,long_only_margin__density_8_0__maxhold_8__weak_or_opp,weak_or_opp,8,2025-01-29T17:35:00+00:00,2025-01-29T17:45:00+00:00,2,long,0.000786540929,-0.001214469784,21356.92,21316.67,-4.325,0.3,research_development_density_lift_trade_shape_model_training_and_proxy_scout_only_no_mt5_execution_no_forward_pass_no_live_readiness_no_operating_promotion_no_runtime_authority_no_goal_claim
run364L_train_density_lift_trade_shape_onnx_scout_without_db_v1,validation,h6_move3__rf4_l120_n64,h6_move3,long_only_margin,long_only_margin__density_8_0__maxhold_8__weak_or_opp,weak_or_opp,8,2025-01-30T16:50:00+00:00,2025-01-30T16:55:00+00:00,1,long,0.005236142066,-0.001214469784,21581.37,21555.5,-2.887,0.3,research_development_density_lift_trade_shape_model_training_and_proxy_scout_only_no_mt5_execution_no_forward_pass_no_live_readiness_no_operating_promotion_no_runtime_authority_no_goal_claim
run364L_train_density_lift_trade_shape_onnx_scout_without_db_v1,validation,h6_move3__rf4_l120_n64,h6_move3,long_only_margin,long_only_margin__density_8_0__maxhold_8__weak_or_opp,weak_or_opp,8,2025-01-30T17:05:00+00:00,2025-01-30T17:15:00+00:00,2,long,0.002310157071,-0.001214469784,21443.12,21442.5,-0.362,0.3,research_development_density_lift_trade_shape_model_training_and_proxy_scout_only_no_mt5_execution_no_forward_pass_no_live_readiness_no_operating_promotion_no_runtime_authority_no_goal_claim
run364L_train_density_lift_trade_shape_onnx_scout_without_db_v1,validation,h6_move3__rf4_l120_n64,h6_move3,long_only_margin,long_only_margin__density_8_0__maxhold_8__weak_or_opp,weak_or_opp,8,2025-01-30T17:25:00+00:00,2025-01-30T17:30:00+00:00,1,long,-0.000672931587,-0.001214469784,21447.37,21377.62,-7.275,0.3,research_development_density_lift_trade_shape_model_training_and_proxy_scout_only_no_mt5_execution_no_forward_pass_no_live_readiness_no_operating_promotion_no_runtime_authority_no_goal_claim
run364L_train_density_lift_trade_shape_onnx_scout_without_db_v1,validation,h6_move3__rf4_l120_n64,h6_move3,long_only_margin,long_only_margin__density_8_0__maxhold_8__weak_or_opp,weak_or_opp,8,2025-01-30T18:30:00+00:00,2025-01-30T18:40:00+00:00,2,long,-0.001104839523,-0.001214469784,21396.12,21397.12,-0.2,0.3,research_development_density_lift_trade_shape_model_training_and_proxy_scout_only_no_mt5_execution_no_forward_pass_no_live_readiness_no_operating_promotion_no_runtime_authority_no_goal_claim
run364L_train_density_lift_trade_shape_onnx_scout_without_db_v1,validation,h6_move3__rf4_l120_n64,h6_move3,long_only_margin,long_only_margin__density_8_0__maxhold_8__weak_or_opp,weak_or_opp,8,2025-01-31T17:05:00+00:00,2025-01-31T17:10:00+00:00,1,long,0.005527330622,-0.001214469784,21747.48,21734.98,-1.55,0.3,research_development_density_lift_trade_shape_model_training_and_proxy_scout_only_no_mt5_execution_no_forward_pass_no_live_readiness_no_operating_promotion_no_runtime_authority_no_goal_claim
run364L_train_density_lift_trade_shape_onnx_scout_without_db_v1,validation,h6_move3__rf4_l120_n64,h6_move3,long_only_margin,long_only_margin__density_8_0__maxhold_8__weak_or_opp,weak_or_opp,8,2025-01-31T17:15:00+00:00,2025-01-31T18:00:00+00:00,8,long,0.007523336673,-0.001214469784,21745.98,21784.6,3.562,0.3,research_development_density_lift_trade_shape_model_training_and_proxy_scout_only_no_mt5_execution_no_forward_pass_no_live_readiness_no_operating_promotion_no_runtime_authority_no_goal_claim
run364L_train_density_lift_trade_shape_onnx_scout_without_db_v1,validation,h6_move3__rf4_l120_n64,h6_move3,long_only_margin,long_only_margin__density_8_0__maxhold_8__weak_or_opp,weak_or_opp,8,2025-01-31T18:05:00+00:00,2025-01-31T18:25:00+00:00,2,long,0.009985864685,-0.001214469784,21798.85,21781.1,-2.075,0.3,research_development_density_lift_trade_shape_model_training_and_proxy_scout_only_no_mt5_execution_no_forward_pass_no_live_readiness_no_operating_promotion_no_runtime_authority_no_goal_claim
run364L_train_density_lift_trade_shape_onnx_scout_without_db_v1,validation,h6_move3__rf4_l120_n64,h6_move3,long_only_margin,long_only_margin__density_8_0__maxhold_8__weak_or_opp,weak_or_opp,8,2025-02-03T16:40:00+00:00,2025-02-03T16:45:00+00:00,1,long,0.003659220655,-0.001214469784,21166.24,21119.24,-5.0,0.3,research_development_density_lift_trade_shape_model_training_and_proxy_scout_only_no_mt5_execution_no_forward_pass_no_live_readiness_no_operating_promotion_no_runtime_authority_no_goal_claim
run364L_train_density_lift_trade_shape_onnx_scout_without_db_v1,validation,h6_move3__rf4_l120_n64,h6_move3,long_only_margin,long_only_margin__density_8_0__maxhold_8__weak_or_opp,weak_or_opp,8,2025-02-03T17:00:00+00:00,2025-02-03T17:05:00+00:00,1,long,0.001461530934,-0.001214469784,21076.99,21027.36,-5.263,0.3,research_development_density_lift_trade_shape_model_training_and_proxy_scout_only_no_mt5_execution_no_forward_pass_no_live_readiness_no_operating_promotion_no_runtime_authority_no_goal_claim
run364L_train_density_lift_trade_shape_onnx_scout_without_db_v1,validation,h6_move3__rf4_l120_n64,h6_move3,long_only_margin,long_only_margin__density_8_0__maxhold_8__weak_or_opp,weak_or_opp,8,2025-02-03T17:25:00+00:00,2025-02-03T17:30:00+00:00,1,long,0.003893280182,-0.001214469784,21170.99,21212.49,3.85,0.3,research_development_density_lift_trade_shape_model_training_and_proxy_scout_only_no_mt5_execution_no_forward_pass_no_live_readiness_no_operating_promotion_no_runtime_authority_no_goal_claim
run364L_train_density_lift_trade_shape_onnx_scout_without_db_v1,validation,h6_move3__rf4_l120_n64,h6_move3,long_only_margin,long_only_margin__density_8_0__maxhold_8__weak_or_opp,weak_or_opp,8,2025-02-03T17:35:00+00:00,2025-02-03T17:45:00+00:00,2,long,0.002216802663,-0.001214469784,21228.36,21297.49,6.613,0.3,research_development_density_lift_trade_shape_model_training_and_proxy_scout_only_no_mt5_execution_no_forward_pass_no_live_readiness_no_operating_promotion_no_runtime_authority_no_goal_claim
run364L_train_density_lift_trade_shape_onnx_scout_without_db_v1,validation,h6_move3__rf4_l120_n64,h6_move3,long_only_margin,long_only_margin__density_8_0__maxhold_8__weak_or_opp,weak_or_opp,8,2025-02-03T17:50:00+00:00,2025-02-03T18:00:00+00:00,2,long,-7.2404056e-05,-0.001214469784,21269.36,21277.86,0.55,0.3,research_development_density_lift_trade_shape_model_training_and_proxy_scout_only_no_mt5_execution_no_forward_pass_no_live_readiness_no_operating_promotion_no_runtime_authority_no_goal_claim
run364L_train_density_lift_trade_shape_onnx_scout_without_db_v1,validation,h6_move3__rf4_l120_n64,h6_move3,long_only_margin,long_only_margin__density_8_0__maxhold_8__weak_or_opp,weak_or_opp,8,2025-02-03T18:05:00+00:00,2025-02-03T18:45:00+00:00,8,long,0.006040096385,-0.001214469784,21265.86,21291.49,2.263,0.3,research_development_density_lift_trade_shape_model_training_and_proxy_scout_only_no_mt5_execution_no_forward_pass_no_live_readiness_no_operating_promotion_no_runtime_authority_no_goal_claim
run364L_train_density_lift_trade_shape_onnx_scout_without_db_v1,validation,h6_move3__rf4_l120_n64,h6_move3,long_only_margin,long_only_margin__density_8_0__maxhold_8__weak_or_opp,weak_or_opp,8,2025-02-03T19:20:00+00:00,2025-02-03T19:25:00+00:00,1,long,-0.00070135655,-0.001214469784,21264.11,21306.61,3.95,0.3,research_development_density_lift_trade_shape_model_training_and_proxy_scout_only_no_mt5_execution_no_forward_pass_no_live_readiness_no_operating_promotion_no_runtime_authority_no_goal_claim
run364L_train_density_lift_trade_shape_onnx_scout_without_db_v1,validation,h6_move3__rf4_l120_n64,h6_move3,long_only_margin,long_only_margin__density_8_0__maxhold_8__weak_or_opp,weak_or_opp,8,2025-02-03T21:00:00+00:00,2025-02-03T21:10:00+00:00,2,long,0.001200109198,-0.001214469784,21324.99,21332.36,0.437,0.3,research_development_density_lift_trade_shape_model_training_and_proxy_scout_only_no_mt5_execution_no_forward_pass_no_live_readiness_no_operating_promotion_no_runtime_authority_no_goal_claim
run364L_train_density_lift_trade_shape_onnx_scout_without_db_v1,validation,h6_move3__rf4_l120_n64,h6_move3,long_only_margin,long_only_margin__density_8_0__maxhold_8__weak_or_opp,weak_or_opp,8,2025-02-03T21:20:00+00:00,2025-02-03T21:25:00+00:00,1,long,0.001321676001,-0.001214469784,21369.11,21364.61,-0.75,0.3,research_development_density_lift_trade_shape_model_training_and_proxy_scout_only_no_mt5_execution_no_forward_pass_no_live_readiness_no_operating_promotion_no_runtime_authority_no_goal_claim
run364L_train_density_lift_trade_shape_onnx_scout_without_db_v1,validation,h6_move3__rf4_l120_n64,h6_move3,long_only_margin,long_only_margin__density_8_0__maxhold_8__weak_or_opp,weak_or_opp,8,2025-02-04T16:55:00+00:00,2025-02-04T17:35:00+00:00,8,long,0.007581112304,-0.001214469784,21409.55,21506.68,9.413,0.3,research_development_density_lift_trade_shape_model_training_and_proxy_scout_only_no_mt5_execution_no_forward_pass_no_live_readiness_no_operating_promotion_no_runtime_authority_no_goal_claim
run364L_train_density_lift_trade_shape_onnx_scout_without_db_v1,validation,h6_move3__rf4_l120_n64,h6_move3,long_only_margin,long_only_margin__density_8_0__maxhold_8__weak_or_opp,weak_or_opp,8,2025-02-04T17:40:00+00:00,2025-02-04T18:10:00+00:00,6,long,0.025695190244,-0.001214469784,21528.3,21520.93,-1.037,0.3,research_development_density_lift_trade_shape_model_training_and_proxy_scout_only_no_mt5_execution_no_forward_pass_no_live_readiness_no_operating_promotion_no_runtime_authority_no_goal_claim
run364L_train_density_lift_trade_shape_onnx_scout_without_db_v1,oos,h6_move3__rf4_l120_n64,h6_move3,long_only_margin,long_only_margin__density_8_0__maxhold_8__weak_or_opp,weak_or_opp,8,2025-10-01T16:40:00+00:00,2025-10-01T16:50:00+00:00,2,long,0.00657875317,-0.001214469784,24620.3,24529.3,-9.4,0.3,research_development_density_lift_trade_shape_model_training_and_proxy_scout_only_no_mt5_execution_no_forward_pass_no_live_readiness_no_operating_promotion_no_runtime_authority_no_goal_claim
run364L_train_density_lift_trade_shape_onnx_scout_without_db_v1,oos,h6_move3__rf4_l120_n64,h6_move3,long_only_margin,long_only_margin__density_8_0__maxhold_8__weak_or_opp,weak_or_opp,8,2025-10-01T17:05:00+00:00,2025-10-01T17:50:00+00:00,8,long,0.000602261577,-0.001214469784,24614.55,24677.43,5.988,0.3,research_development_density_lift_trade_shape_model_training_and_proxy_scout_only_no_mt5_execution_no_forward_pass_no_live_readiness_no_operating_promotion_no_runtime_authority_no_goal_claim
run364L_train_density_lift_trade_shape_onnx_scout_without_db_v1,oos,h6_move3__rf4_l120_n64,h6_move3,long_only_margin,long_only_margin__density_8_0__maxhold_8__weak_or_opp,weak_or_opp,8,2025-10-02T16:40:00+00:00,2025-10-02T16:45:00+00:00,1,long,0.001228890451,-0.001214469784,24876.19,24843.56,-3.563,0.3,research_development_density_lift_trade_shape_model_training_and_proxy_scout_only_no_mt5_execution_no_forward_pass_no_live_readiness_no_operating_promotion_no_runtime_authority_no_goal_claim
run364L_train_density_lift_trade_shape_onnx_scout_without_db_v1,oos,h6_move3__rf4_l120_n64,h6_move3,long_only_margin,long_only_margin__density_8_0__maxhold_8__weak_or_opp,weak_or_opp,8,2025-10-02T18:10:00+00:00,2025-10-02T18:15:00+00:00,1,long,-5.111862e-06,-0.001214469784,24828.06,24827.56,-0.35,0.3,research_development_density_lift_trade_shape_model_training_and_proxy_scout_only_no_mt5_execution_no_forward_pass_no_live_readiness_no_operating_promotion_no_runtime_authority_no_goal_claim
run364L_train_density_lift_trade_shape_onnx_scout_without_db_v1,oos,h6_move3__rf4_l120_n64,h6_move3,long_only_margin,long_only_margin__density_8_0__maxhold_8__weak_or_opp,weak_or_opp,8,2025-10-02T18:40:00+00:00,2025-10-02T18:45:00+00:00,1,long,0.000816155411,-0.001214469784,24815.56,24820.81,0.225,0.3,research_development_density_lift_trade_shape_model_training_and_proxy_scout_only_no_mt5_execution_no_forward_pass_no_live_readiness_no_operating_promotion_no_runtime_authority_no_goal_claim
run364L_train_density_lift_trade_shape_onnx_scout_without_db_v1,oos,h6_move3__rf4_l120_n64,h6_move3,long_only_margin,long_only_margin__density_8_0__maxhold_8__weak_or_opp,weak_or_opp,8,2025-10-02T18:55:00+00:00,2025-10-02T19:10:00+00:00,2,long,5.63988e-06,-0.001214469784,24857.81,24852.56,-0.825,0.3,research_development_density_lift_trade_shape_model_training_and_proxy_scout_only_no_mt5_execution_no_forward_pass_no_live_readiness_no_operating_promotion_no_runtime_authority_no_goal_claim
run364L_train_density_lift_trade_shape_onnx_scout_without_db_v1,oos,h6_move3__rf4_l120_n64,h6_move3,long_only_margin,long_only_margin__density_8_0__maxhold_8__weak_or_opp,weak_or_opp,8,2025-10-03T17:25:00+00:00,2025-10-03T17:35:00+00:00,1,long,0.002966095248,-0.001214469784,24874.98,24889.86,1.188,0.3,research_development_density_lift_trade_shape_model_training_and_proxy_scout_only_no_mt5_execution_no_forward_pass_no_live_readiness_no_operating_promotion_no_runtime_authority_no_goal_claim
run364L_train_density_lift_trade_shape_onnx_scout_without_db_v1,oos,h6_move3__rf4_l120_n64,h6_move3,long_only_margin,long_only_margin__density_8_0__maxhold_8__weak_or_opp,weak_or_opp,8,2025-10-03T17:50:00+00:00,2025-10-03T18:00:00+00:00,2,long,0.002470188507,-0.001214469784,24895.73,24912.73,1.4,0.3,research_development_density_lift_trade_shape_model_training_and_proxy_scout_only_no_mt5_execution_no_forward_pass_no_live_readiness_no_operating_promotion_no_runtime_authority_no_goal_claim
run364L_train_density_lift_trade_shape_onnx_scout_without_db_v1,oos,h6_move3__rf4_l120_n64,h6_move3,long_only_margin,long_only_margin__density_8_0__maxhold_8__weak_or_opp,weak_or_opp,8,2025-10-06T17:30:00+00:00,2025-10-06T17:35:00+00:00,1,long,0.001290043796,-0.001214469784,24948.25,24938.5,-1.275,0.3,research_development_density_lift_trade_shape_model_training_and_proxy_scout_only_no_mt5_execution_no_forward_pass_no_live_readiness_no_operating_promotion_no_runtime_authority_no_goal_claim
run364L_train_density_lift_trade_shape_onnx_scout_without_db_v1,oos,h6_move3__rf4_l120_n64,h6_move3,long_only_margin,long_only_margin__density_8_0__maxhold_8__weak_or_opp,weak_or_opp,8,2025-10-06T17:50:00+00:00,2025-10-06T17:55:00+00:00,1,long,0.002771330313,-0.001214469784,24960.25,24942.38,-2.087,0.3,research_development_density_lift_trade_shape_model_training_and_proxy_scout_only_no_mt5_execution_no_forward_pass_no_live_readiness_no_operating_promotion_no_runtime_authority_no_goal_claim
run364L_train_density_lift_trade_shape_onnx_scout_without_db_v1,oos,h6_move3__rf4_l120_n64,h6_move3,long_only_margin,long_only_margin__density_8_0__maxhold_8__weak_or_opp,weak_or_opp,8,2025-10-07T20:05:00+00:00,2025-10-07T20:10:00+00:00,1,long,0.001006627869,-0.001214469784,24852.85,24857.35,0.15,0.3,research_development_density_lift_trade_shape_model_training_and_proxy_scout_only_no_mt5_execution_no_forward_pass_no_live_readiness_no_operating_promotion_no_runtime_authority_no_goal_claim
run364L_train_density_lift_trade_shape_onnx_scout_without_db_v1,oos,h6_move3__rf4_l120_n64,h6_move3,long_only_margin,long_only_margin__density_8_0__maxhold_8__weak_or_opp,weak_or_opp,8,2025-10-08T16:50:00+00:00,2025-10-08T17:40:00+00:00,8,long,-0.00034459695,-0.001214469784,24972.96,25024.46,4.85,0.3,research_development_density_lift_trade_shape_model_training_and_proxy_scout_only_no_mt5_execution_no_forward_pass_no_live_readiness_no_operating_promotion_no_runtime_authority_no_goal_claim
run364L_train_density_lift_trade_shape_onnx_scout_without_db_v1,oos,h6_move3__rf4_l120_n64,h6_move3,long_only_margin,long_only_margin__density_8_0__maxhold_8__weak_or_opp,weak_or_opp,8,2025-10-09T17:05:00+00:00,2025-10-09T17:10:00+00:00,1,long,0.001163154217,-0.001214469784,25093.87,25085.62,-1.125,0.3,research_development_density_lift_trade_shape_model_training_and_proxy_scout_only_no_mt5_execution_no_forward_pass_no_live_readiness_no_operating_promotion_no_runtime_authority_no_goal_claim
run364L_train_density_lift_trade_shape_onnx_scout_without_db_v1,oos,h6_move3__rf4_l120_n64,h6_move3,long_only_margin,long_only_margin__density_8_0__maxhold_8__weak_or_opp,weak_or_opp,8,2025-10-09T17:15:00+00:00,2025-10-09T17:25:00+00:00,2,long,0.002316326986,-0.001214469784,25085.37,25086.37,-0.2,0.3,research_development_density_lift_trade_shape_model_training_and_proxy_scout_only_no_mt5_execution_no_forward_pass_no_live_readiness_no_operating_promotion_no_runtime_authority_no_goal_claim
run364L_train_density_lift_trade_shape_onnx_scout_without_db_v1,oos,h6_move3__rf4_l120_n64,h6_move3,long_only_margin,long_only_margin__density_8_0__maxhold_8__weak_or_opp,weak_or_opp,8,2025-10-09T18:00:00+00:00,2025-10-09T18:10:00+00:00,2,long,0.002663493601,-0.001214469784,25064.75,25080.0,1.225,0.3,research_development_density_lift_trade_shape_model_training_and_proxy_scout_only_no_mt5_execution_no_forward_pass_no_live_readiness_no_operating_promotion_no_runtime_authority_no_goal_claim
run364L_train_density_lift_trade_shape_onnx_scout_without_db_v1,oos,h6_move3__rf4_l120_n64,h6_move3,long_only_margin,long_only_margin__density_8_0__maxhold_8__weak_or_opp,weak_or_opp,8,2025-10-10T17:10:00+00:00,2025-10-10T17:15:00+00:00,1,long,0.003095494475,-0.001214469784,25163.65,25145.9,-2.075,0.3,research_development_density_lift_trade_shape_model_training_and_proxy_scout_only_no_mt5_execution_no_forward_pass_no_live_readiness_no_operating_promotion_no_runtime_authority_no_goal_claim
run364L_train_density_lift_trade_shape_onnx_scout_without_db_v1,oos,h6_move3__rf4_l120_n64,h6_move3,long_only_margin,long_only_margin__density_8_0__maxhold_8__weak_or_opp,weak_or_opp,8,2025-10-10T17:25:00+00:00,2025-10-10T17:45:00+00:00,4,long,0.004411644513,-0.001214469784,25155.4,25157.15,-0.125,0.3,research_development_density_lift_trade_shape_model_training_and_proxy_scout_only_no_mt5_execution_no_forward_pass_no_live_readiness_no_operating_promotion_no_runtime_authority_no_goal_claim
run364L_train_density_lift_trade_shape_onnx_scout_without_db_v1,oos,h6_move3__rf4_l120_n64,h6_move3,long_only_margin,long_only_margin__density_8_0__maxhold_8__weak_or_opp,weak_or_opp,8,2025-10-13T16:55:00+00:00,2025-10-13T17:25:00+00:00,6,long,0.005573807843,-0.001214469784,24667.05,24663.3,-0.675,0.3,research_development_density_lift_trade_shape_model_training_and_proxy_scout_only_no_mt5_execution_no_forward_pass_no_live_readiness_no_operating_promotion_no_runtime_authority_no_goal_claim
run364L_train_density_lift_trade_shape_onnx_scout_without_db_v1,oos,h6_move3__rf4_l120_n64,h6_move3,long_only_margin,long_only_margin__density_8_0__maxhold_8__weak_or_opp,weak_or_opp,8,2025-10-13T17:35:00+00:00,2025-10-13T17:50:00+00:00,2,long,0.007713229068,-0.001214469784,24678.92,24629.55,-5.237,0.3,research_development_density_lift_trade_shape_model_training_and_proxy_scout_only_no_mt5_execution_no_forward_pass_no_live_readiness_no_operating_promotion_no_runtime_authority_no_goal_claim
run364L_train_density_lift_trade_shape_onnx_scout_without_db_v1,oos,h6_move3__rf4_l120_n64,h6_move3,long_only_margin,long_only_margin__density_8_0__maxhold_8__weak_or_opp,weak_or_opp,8,2025-10-13T17:55:00+00:00,2025-10-13T18:00:00+00:00,1,long,-0.001035675322,-0.001214469784,24609.55,24584.42,-2.813,0.3,research_development_density_lift_trade_shape_model_training_and_proxy_scout_only_no_mt5_execution_no_forward_pass_no_live_readiness_no_operating_promotion_no_runtime_authority_no_goal_claim
run364L_train_density_lift_trade_shape_onnx_scout_without_db_v1,oos,h6_move3__rf4_l120_n64,h6_move3,long_only_margin,long_only_margin__density_8_0__maxhold_8__weak_or_opp,weak_or_opp,8,2025-10-13T18:25:00+00:00,2025-10-13T18:40:00+00:00,2,long,0.000617494453,-0.001214469784,24692.42,24699.8,0.438,0.3,research_development_density_lift_trade_shape_model_training_and_proxy_scout_only_no_mt5_execution_no_forward_pass_no_live_readiness_no_operating_promotion_no_runtime_authority_no_goal_claim
run364L_train_density_lift_trade_shape_onnx_scout_without_db_v1,oos,h6_move3__rf4_l120_n64,h6_move3,long_only_margin,long_only_margin__density_8_0__maxhold_8__weak_or_opp,weak_or_opp,8,2025-10-13T18:50:00+00:00,2025-10-13T18:55:00+00:00,1,long,0.005777496226,-0.001214469784,24708.8,24712.17,0.037,0.3,research_development_density_lift_trade_shape_model_training_and_proxy_scout_only_no_mt5_execution_no_forward_pass_no_live_readiness_no_operating_promotion_no_runtime_authority_no_goal_claim
run364L_train_density_lift_trade_shape_onnx_scout_without_db_v1,oos,h6_move3__rf4_l120_n64,h6_move3,long_only_margin,long_only_margin__density_8_0__maxhold_8__weak_or_opp,weak_or_opp,8,2025-10-14T17:20:00+00:00,2025-10-14T17:25:00+00:00,1,long,0.000755425902,-0.001214469784,24458.64,24518.14,5.65,0.3,research_development_density_lift_trade_shape_model_training_and_proxy_scout_only_no_mt5_execution_no_forward_pass_no_live_readiness_no_operating_promotion_no_runtime_authority_no_goal_claim
run364L_train_density_lift_trade_shape_onnx_scout_without_db_v1,oos,h6_move3__rf4_l120_n64,h6_move3,long_only_margin,long_only_margin__density_8_0__maxhold_8__weak_or_opp,weak_or_opp,8,2025-10-14T17:40:00+00:00,2025-10-14T17:45:00+00:00,1,long,0.004788112385,-0.001214469784,24558.76,24549.26,-1.25,0.3,research_development_density_lift_trade_shape_model_training_and_proxy_scout_only_no_mt5_execution_no_forward_pass_no_live_readiness_no_operating_promotion_no_runtime_authority_no_goal_claim
run364L_train_density_lift_trade_shape_onnx_scout_without_db_v1,oos,h6_move3__rf4_l120_n64,h6_move3,long_only_margin,long_only_margin__density_8_0__maxhold_8__weak_or_opp,weak_or_opp,8,2025-10-14T18:00:00+00:00,2025-10-14T18:05:00+00:00,1,long,-0.00049412581,-0.001214469784,24519.39,24569.14,4.675,0.3,research_development_density_lift_trade_shape_model_training_and_proxy_scout_only_no_mt5_execution_no_forward_pass_no_live_readiness_no_operating_promotion_no_runtime_authority_no_goal_claim
run364L_train_density_lift_trade_shape_onnx_scout_without_db_v1,oos,h6_move3__rf4_l120_n64,h6_move3,long_only_margin,long_only_margin__density_8_0__maxhold_8__weak_or_opp,weak_or_opp,8,2025-10-14T18:10:00+00:00,2025-10-14T18:25:00+00:00,3,long,-0.000850916941,-0.001214469784,24543.01,24560.01,1.4,0.3,research_development_density_lift_trade_shape_model_training_and_proxy_scout_only_no_mt5_execution_no_forward_pass_no_live_readiness_no_operating_promotion_no_runtime_authority_no_goal_claim
run364L_train_density_lift_trade_shape_onnx_scout_without_db_v1,oos,h6_move3__rf4_l120_n64,h6_move3,long_only_margin,long_only_margin__density_8_0__maxhold_8__weak_or_opp,weak_or_opp,8,2025-10-14T18:30:00+00:00,2025-10-14T18:40:00+00:00,2,long,0.001267633584,-0.001214469784,24533.39,24543.51,0.712,0.3,research_development_density_lift_trade_shape_model_training_and_proxy_scout_only_no_mt5_execution_no_forward_pass_no_live_readiness_no_operating_promotion_no_runtime_authority_no_goal_claim
run364L_train_density_lift_trade_shape_onnx_scout_without_db_v1,oos,h6_move3__rf4_l120_n64,h6_move3,long_only_margin,long_only_margin__density_8_0__maxhold_8__weak_or_opp,weak_or_opp,8,2025-10-14T18:50:00+00:00,2025-10-14T19:05:00+00:00,3,long,-0.000435371365,-0.001214469784,24632.51,24618.51,-1.7,0.3,research_development_density_lift_trade_shape_model_training_and_proxy_scout_only_no_mt5_execution_no_forward_pass_no_live_readiness_no_operating_promotion_no_runtime_authority_no_goal_claim
run364L_train_density_lift_trade_shape_onnx_scout_without_db_v1,oos,h6_move3__rf4_l120_n64,h6_move3,long_only_margin,long_only_margin__density_8_0__maxhold_8__weak_or_opp,weak_or_opp,8,2025-10-14T19:10:00+00:00,2025-10-14T19:50:00+00:00,8,long,0.001664925316,-0.001214469784,24595.14,24756.01,15.787,0.3,research_development_density_lift_trade_shape_model_training_and_proxy_scout_only_no_mt5_execution_no_forward_pass_no_live_readiness_no_operating_promotion_no_runtime_authority_no_goal_claim
run364L_train_density_lift_trade_shape_onnx_scout_without_db_v1,oos,h6_move3__rf4_l120_n64,h6_move3,long_only_margin,long_only_margin__density_8_0__maxhold_8__weak_or_opp,weak_or_opp,8,2025-10-14T19:55:00+00:00,2025-10-14T20:10:00+00:00,3,long,0.006171903892,-0.001214469784,24756.51,24740.01,-1.95,0.3,research_development_density_lift_trade_shape_model_training_and_proxy_scout_only_no_mt5_execution_no_forward_pass_no_live_readiness_no_operating_promotion_no_runtime_authority_no_goal_claim
run364L_train_density_lift_trade_shape_onnx_scout_without_db_v1,oos,h6_move3__rf4_l120_n64,h6_move3,long_only_margin,long_only_margin__density_8_0__maxhold_8__weak_or_opp,weak_or_opp,8,2025-10-15T17:00:00+00:00,2025-10-15T17:40:00+00:00,8,long,0.002426154067,-0.001214469784,24846.47,24937.09,8.762,0.3,research_development_density_lift_trade_shape_model_training_and_proxy_scout_only_no_mt5_execution_no_forward_pass_no_live_readiness_no_operating_promotion_no_runtime_authority_no_goal_claim
run364L_train_density_lift_trade_shape_onnx_scout_without_db_v1,oos,h6_move3__rf4_l120_n64,h6_move3,long_only_margin,long_only_margin__density_8_0__maxhold_8__weak_or_opp,weak_or_opp,8,2025-10-15T17:45:00+00:00,2025-10-15T17:50:00+00:00,1,long,0.005286523839,-0.001214469784,24926.72,24921.59,-0.813,0.3,research_development_density_lift_trade_shape_model_training_and_proxy_scout_only_no_mt5_execution_no_forward_pass_no_live_readiness_no_operating_promotion_no_runtime_authority_no_goal_claim
run364L_train_density_lift_trade_shape_onnx_scout_without_db_v1,oos,h6_move3__rf4_l120_n64,h6_move3,long_only_margin,long_only_margin__density_8_0__maxhold_8__weak_or_opp,weak_or_opp,8,2025-10-15T18:00:00+00:00,2025-10-15T18:10:00+00:00,2,long,0.007050814875,-0.001214469784,24932.59,24920.84,-1.475,0.3,research_development_density_lift_trade_shape_model_training_and_proxy_scout_only_no_mt5_execution_no_forward_pass_no_live_readiness_no_operating_promotion_no_runtime_authority_no_goal_claim
run364L_train_density_lift_trade_shape_onnx_scout_without_db_v1,oos,h6_move3__rf4_l120_n64,h6_move3,long_only_margin,long_only_margin__density_8_0__maxhold_8__weak_or_opp,weak_or_opp,8,2025-10-15T18:15:00+00:00,2025-10-15T18:25:00+00:00,2,long,0.000536655552,-0.001214469784,24909.59,24888.59,-2.4,0.3,research_development_density_lift_trade_shape_model_training_and_proxy_scout_only_no_mt5_execution_no_forward_pass_no_live_readiness_no_operating_promotion_no_runtime_authority_no_goal_claim
run364L_train_density_lift_trade_shape_onnx_scout_without_db_v1,oos,h6_move3__rf4_l120_n64,h6_move3,long_only_margin,long_only_margin__density_8_0__maxhold_8__weak_or_opp,weak_or_opp,8,2025-10-15T21:30:00+00:00,2025-10-15T21:35:00+00:00,1,long,0.000362837637,-0.001214469784,24724.22,24752.09,2.487,0.3,research_development_density_lift_trade_shape_model_training_and_proxy_scout_only_no_mt5_execution_no_forward_pass_no_live_readiness_no_operating_promotion_no_runtime_authority_no_goal_claim
run364L_train_density_lift_trade_shape_onnx_scout_without_db_v1,oos,h6_move3__rf4_l120_n64,h6_move3,long_only_margin,long_only_margin__density_8_0__maxhold_8__weak_or_opp,weak_or_opp,8,2025-10-15T21:55:00+00:00,2025-10-15T22:00:00+00:00,1,long,0.000537762863,-0.001214469784,24776.84,24785.22,0.538,0.3,research_development_density_lift_trade_shape_model_training_and_proxy_scout_only_no_mt5_execution_no_forward_pass_no_live_readiness_no_operating_promotion_no_runtime_authority_no_goal_claim
run364L_train_density_lift_trade_shape_onnx_scout_without_db_v1,oos,h6_move3__rf4_l120_n64,h6_move3,long_only_margin,long_only_margin__density_8_0__maxhold_8__weak_or_opp,weak_or_opp,8,2025-10-16T16:45:00+00:00,2025-10-16T16:50:00+00:00,1,long,-0.000532150373,-0.001214469784,24927.4,24886.53,-4.387,0.3,research_development_density_lift_trade_shape_model_training_and_proxy_scout_only_no_mt5_execution_no_forward_pass_no_live_readiness_no_operating_promotion_no_runtime_authority_no_goal_claim
run364L_train_density_lift_trade_shape_onnx_scout_without_db_v1,oos,h6_move3__rf4_l120_n64,h6_move3,long_only_margin,long_only_margin__density_8_0__maxhold_8__weak_or_opp,weak_or_opp,8,2025-10-16T17:25:00+00:00,2025-10-16T17:50:00+00:00,5,long,0.003113022052,-0.001214469784,24920.78,24977.78,5.4,0.3,research_development_density_lift_trade_shape_model_training_and_proxy_scout_only_no_mt5_execution_no_forward_pass_no_live_readiness_no_operating_promotion_no_runtime_authority_no_goal_claim
run364L_train_density_lift_trade_shape_onnx_scout_without_db_v1,oos,h6_move3__rf4_l120_n64,h6_move3,long_only_margin,long_only_margin__density_8_0__maxhold_8__weak_or_opp,weak_or_opp,8,2025-10-16T17:55:00+00:00,2025-10-16T18:00:00+00:00,1,long,0.005596036165,-0.001214469784,24973.28,24942.28,-3.4,0.3,research_development_density_lift_trade_shape_model_training_and_proxy_scout_only_no_mt5_execution_no_forward_pass_no_live_readiness_no_operating_promotion_no_runtime_authority_no_goal_claim
run364L_train_density_lift_trade_shape_onnx_scout_without_db_v1,oos,h6_move3__rf4_l120_n64,h6_move3,long_only_margin,long_only_margin__density_8_0__maxhold_8__weak_or_opp,weak_or_opp,8,2025-10-16T18:05:00+00:00,2025-10-16T18:10:00+00:00,1,long,0.008685532422,-0.001214469784,24939.4,24960.03,1.763,0.3,research_development_density_lift_trade_shape_model_training_and_proxy_scout_only_no_mt5_execution_no_forward_pass_no_live_readiness_no_operating_promotion_no_runtime_authority_no_goal_claim
run364L_train_density_lift_trade_shape_onnx_scout_without_db_v1,oos,h6_move3__rf4_l120_n64,h6_move3,long_only_margin,long_only_margin__density_8_0__maxhold_8__weak_or_opp,weak_or_opp,8,2025-10-16T18:15:00+00:00,2025-10-16T18:25:00+00:00,2,long,0.011327862842,-0.001214469784,24959.03,24920.9,-4.113,0.3,research_development_density_lift_trade_shape_model_training_and_proxy_scout_only_no_mt5_execution_no_forward_pass_no_live_readiness_no_operating_promotion_no_runtime_authority_no_goal_claim
run364L_train_density_lift_trade_shape_onnx_scout_without_db_v1,oos,h6_move3__rf4_l120_n64,h6_move3,long_only_margin,long_only_margin__density_8_0__maxhold_8__weak_or_opp,weak_or_opp,8,2025-10-17T16:55:00+00:00,2025-10-17T17:05:00+00:00,2,long,0.002588076976,-0.001214469784,24687.3,24687.17,-0.313,0.3,research_development_density_lift_trade_shape_model_training_and_proxy_scout_only_no_mt5_execution_no_forward_pass_no_live_readiness_no_operating_promotion_no_runtime_authority_no_goal_claim
run364L_train_density_lift_trade_shape_onnx_scout_without_db_v1,oos,h6_move3__rf4_l120_n64,h6_move3,long_only_margin,long_only_margin__density_8_0__maxhold_8__weak_or_opp,weak_or_opp,8,2025-10-17T17:15:00+00:00,2025-10-17T17:35:00+00:00,4,long,0.000708317847,-0.001214469784,24769.3,24696.3,-7.6,0.3,research_development_density_lift_trade_shape_model_training_and_proxy_scout_only_no_mt5_execution_no_forward_pass_no_live_readiness_no_operating_promotion_no_runtime_authority_no_goal_claim
run364L_train_density_lift_trade_shape_onnx_scout_without_db_v1,oos,h6_move3__rf4_l120_n64,h6_move3,long_only_margin,long_only_margin__density_8_0__maxhold_8__weak_or_opp,weak_or_opp,8,2025-10-17T18:05:00+00:00,2025-10-17T18:10:00+00:00,1,long,0.002980370098,-0.001214469784,24661.67,24648.3,-1.637,0.3,research_development_density_lift_trade_shape_model_training_and_proxy_scout_only_no_mt5_execution_no_forward_pass_no_live_readiness_no_operating_promotion_no_runtime_authority_no_goal_claim
run364L_train_density_lift_trade_shape_onnx_scout_without_db_v1,oos,h6_move3__rf4_l120_n64,h6_move3,long_only_margin,long_only_margin__density_8_0__maxhold_8__weak_or_opp,weak_or_opp,8,2025-10-17T19:10:00+00:00,2025-10-17T19:50:00+00:00,8,long,0.005652488477,-0.001214469784,24767.55,24791.3,2.075,0.3,research_development_density_lift_trade_shape_model_training_and_proxy_scout_only_no_mt5_execution_no_forward_pass_no_live_readiness_no_operating_promotion_no_runtime_authority_no_goal_claim
run364L_train_density_lift_trade_shape_onnx_scout_without_db_v1,oos,h6_move3__rf4_l120_n64,h6_move3,long_only_margin,long_only_margin__density_8_0__maxhold_8__weak_or_opp,weak_or_opp,8,2025-10-17T21:05:00+00:00,2025-10-17T21:15:00+00:00,2,long,-0.000448166311,-0.001214469784,24782.8,24805.42,1.962,0.3,research_development_density_lift_trade_shape_model_training_and_proxy_scout_only_no_mt5_execution_no_forward_pass_no_live_readiness_no_operating_promotion_no_runtime_authority_no_goal_claim
run364L_train_density_lift_trade_shape_onnx_scout_without_db_v1,oos,h6_move3__rf4_l120_n64,h6_move3,long_only_margin,long_only_margin__density_8_0__maxhold_8__weak_or_opp,weak_or_opp,8,2025-10-17T21:20:00+00:00,2025-10-17T21:30:00+00:00,2,long,0.000460730447,-0.001214469784,24845.17,24854.17,0.6,0.3,research_development_density_lift_trade_shape_model_training_and_proxy_scout_only_no_mt5_execution_no_forward_pass_no_live_readiness_no_operating_promotion_no_runtime_authority_no_goal_claim
run364L_train_density_lift_trade_shape_onnx_scout_without_db_v1,oos,h6_move3__rf4_l120_n64,h6_move3,long_only_margin,long_only_margin__density_8_0__maxhold_8__weak_or_opp,weak_or_opp,8,2025-10-20T16:35:00+00:00,2025-10-20T17:15:00+00:00,8,long,0.010868239797,-0.001214469784,25034.05,25085.67,4.862,0.3,research_development_density_lift_trade_shape_model_training_and_proxy_scout_only_no_mt5_execution_no_forward_pass_no_live_readiness_no_operating_promotion_no_runtime_authority_no_goal_claim
run364L_train_density_lift_trade_shape_onnx_scout_without_db_v1,oos,h6_move3__rf4_l120_n64,h6_move3,long_only_margin,long_only_margin__density_8_0__maxhold_8__weak_or_opp,weak_or_opp,8,2025-10-20T17:20:00+00:00,2025-10-20T17:40:00+00:00,4,long,0.004550092881,-0.001214469784,25072.92,25133.92,5.8,0.3,research_development_density_lift_trade_shape_model_training_and_proxy_scout_only_no_mt5_execution_no_forward_pass_no_live_readiness_no_operating_promotion_no_runtime_authority_no_goal_claim
run364L_train_density_lift_trade_shape_onnx_scout_without_db_v1,oos,h6_move3__rf4_l120_n64,h6_move3,long_only_margin,long_only_margin__density_8_0__maxhold_8__weak_or_opp,weak_or_opp,8,2025-10-20T18:15:00+00:00,2025-10-20T18:20:00+00:00,1,long,0.003456926183,-0.001214469784,25139.3,25165.42,2.312,0.3,research_development_density_lift_trade_shape_model_training_and_proxy_scout_only_no_mt5_execution_no_forward_pass_no_live_readiness_no_operating_promotion_no_runtime_authority_no_goal_claim
run364L_train_density_lift_trade_shape_onnx_scout_without_db_v1,oos,h6_move3__rf4_l120_n64,h6_move3,long_only_margin,long_only_margin__density_8_0__maxhold_8__weak_or_opp,weak_or_opp,8,2025-10-21T17:10:00+00:00,2025-10-21T17:15:00+00:00,1,long,0.00059373663,-0.001214469784,25079.23,25099.35,1.712,0.3,research_development_density_lift_trade_shape_model_training_and_proxy_scout_only_no_mt5_execution_no_forward_pass_no_live_readiness_no_operating_promotion_no_runtime_authority_no_goal_claim
run364L_train_density_lift_trade_shape_onnx_scout_without_db_v1,oos,h6_move3__rf4_l120_n64,h6_move3,long_only_margin,long_only_margin__density_8_0__maxhold_8__weak_or_opp,weak_or_opp,8,2025-10-21T18:40:00+00:00,2025-10-21T18:45:00+00:00,1,long,-0.001111220633,-0.001214469784,25127.35,25132.6,0.225,0.3,research_development_density_lift_trade_shape_model_training_and_proxy_scout_only_no_mt5_execution_no_forward_pass_no_live_readiness_no_operating_promotion_no_runtime_authority_no_goal_claim
run364L_train_density_lift_trade_shape_onnx_scout_without_db_v1,oos,h6_move3__rf4_l120_n64,h6_move3,long_only_margin,long_only_margin__density_8_0__maxhold_8__weak_or_opp,weak_or_opp,8,2025-10-22T16:50:00+00:00,2025-10-22T17:00:00+00:00,2,long,0.002913628168,-0.001214469784,25110.07,25112.32,-0.075,0.3,research_development_density_lift_trade_shape_model_training_and_proxy_scout_only_no_mt5_execution_no_forward_pass_no_live_readiness_no_operating_promotion_no_runtime_authority_no_goal_claim
run364L_train_density_lift_trade_shape_onnx_scout_without_db_v1,oos,h6_move3__rf4_l120_n64,h6_move3,long_only_margin,long_only_margin__density_8_0__maxhold_8__weak_or_opp,weak_or_opp,8,2025-10-22T17:05:00+00:00,2025-10-22T17:10:00+00:00,1,long,-0.000674543907,-0.001214469784,25104.69,25107.94,0.025,0.3,research_development_density_lift_trade_shape_model_training_and_proxy_scout_only_no_mt5_execution_no_forward_pass_no_live_readiness_no_operating_promotion_no_runtime_authority_no_goal_claim
run364L_train_density_lift_trade_shape_onnx_scout_without_db_v1,oos,h6_move3__rf4_l120_n64,h6_move3,long_only_margin,long_only_margin__density_8_0__maxhold_8__weak_or_opp,weak_or_opp,8,2025-10-22T18:05:00+00:00,2025-10-22T18:10:00+00:00,1,long,0.002332090187,-0.001214469784,25033.07,25014.07,-2.2,0.3,research_development_density_lift_trade_shape_model_training_and_proxy_scout_only_no_mt5_execution_no_forward_pass_no_live_readiness_no_operating_promotion_no_runtime_authority_no_goal_claim
run364L_train_density_lift_trade_shape_onnx_scout_without_db_v1,oos,h6_move3__rf4_l120_n64,h6_move3,long_only_margin,long_only_margin__density_8_0__maxhold_8__weak_or_opp,weak_or_opp,8,2025-10-23T16:45:00+00:00,2025-10-23T17:25:00+00:00,8,long,0.001063349619,-0.001214469784,24949.29,25012.17,5.988,0.3,research_development_density_lift_trade_shape_model_training_and_proxy_scout_only_no_mt5_execution_no_forward_pass_no_live_readiness_no_operating_promotion_no_runtime_authority_no_goal_claim
run364L_train_density_lift_trade_shape_onnx_scout_without_db_v1,oos,h6_move3__rf4_l120_n64,h6_move3,long_only_margin,long_only_margin__density_8_0__maxhold_8__weak_or_opp,weak_or_opp,8,2025-10-23T17:30:00+00:00,2025-10-23T17:55:00+00:00,5,long,0.016049586985,-0.001214469784,25004.04,25014.04,0.7,0.3,research_development_density_lift_trade_shape_model_training_and_proxy_scout_only_no_mt5_execution_no_forward_pass_no_live_readiness_no_operating_promotion_no_runtime_authority_no_goal_claim
run364L_train_density_lift_trade_shape_onnx_scout_without_db_v1,oos,h6_move3__rf4_l120_n64,h6_move3,long_only_margin,long_only_margin__density_8_0__maxhold_8__weak_or_opp,weak_or_opp,8,2025-10-23T18:05:00+00:00,2025-10-23T18:40:00+00:00,7,long,0.003008748146,-0.001214469784,25037.04,25028.79,-1.125,0.3,research_development_density_lift_trade_shape_model_training_and_proxy_scout_only_no_mt5_execution_no_forward_pass_no_live_readiness_no_operating_promotion_no_runtime_authority_no_goal_claim
run364L_train_density_lift_trade_shape_onnx_scout_without_db_v1,oos,h6_move3__rf4_l120_n64,h6_move3,long_only_margin,long_only_margin__density_8_0__maxhold_8__weak_or_opp,weak_or_opp,8,2025-10-23T18:50:00+00:00,2025-10-23T18:55:00+00:00,1,long,-0.001040456854,-0.001214469784,25024.79,25054.04,2.625,0.3,research_development_density_lift_trade_shape_model_training_and_proxy_scout_only_no_mt5_execution_no_forward_pass_no_live_readiness_no_operating_promotion_no_runtime_authority_no_goal_claim
run364L_train_density_lift_trade_shape_onnx_scout_without_db_v1,oos,h6_move3__rf4_l120_n64,h6_move3,long_only_margin,long_only_margin__density_8_0__maxhold_8__weak_or_opp,weak_or_opp,8,2025-10-23T20:15:00+00:00,2025-10-23T20:20:00+00:00,1,long,0.000557627756,-0.001214469784,25093.29,25082.29,-1.4,0.3,research_development_density_lift_trade_shape_model_training_and_proxy_scout_only_no_mt5_execution_no_forward_pass_no_live_readiness_no_operating_promotion_no_runtime_authority_no_goal_claim
run364L_train_density_lift_trade_shape_onnx_scout_without_db_v1,oos,h6_move3__rf4_l120_n64,h6_move3,long_only_margin,long_only_margin__density_8_0__maxhold_8__weak_or_opp,weak_or_opp,8,2025-10-24T16:35:00+00:00,2025-10-24T16:55:00+00:00,4,long,0.004576610753,-0.001214469784,25350.75,25344.37,-0.938,0.3,research_development_density_lift_trade_shape_model_training_and_proxy_scout_only_no_mt5_execution_no_forward_pass_no_live_readiness_no_operating_promotion_no_runtime_authority_no_goal_claim
run364L_train_density_lift_trade_shape_onnx_scout_without_db_v1,oos,h6_move3__rf4_l120_n64,h6_move3,long_only_margin,long_only_margin__density_8_0__maxhold_8__weak_or_opp,weak_or_opp,8,2025-10-24T17:00:00+00:00,2025-10-24T17:15:00+00:00,3,long,-0.000770055662,-0.001214469784,25370.37,25398.12,2.475,0.3,research_development_density_lift_trade_shape_model_training_and_proxy_scout_only_no_mt5_execution_no_forward_pass_no_live_readiness_no_operating_promotion_no_runtime_authority_no_goal_claim
run364L_train_density_lift_trade_shape_onnx_scout_without_db_v1,oos,h6_move3__rf4_l120_n64,h6_move3,long_only_margin,long_only_margin__density_8_0__maxhold_8__weak_or_opp,weak_or_opp,8,2025-10-24T17:25:00+00:00,2025-10-24T17:30:00+00:00,1,long,0.003175537013,-0.001214469784,25375.62,25360.25,-1.837,0.3,research_development_density_lift_trade_shape_model_training_and_proxy_scout_only_no_mt5_execution_no_forward_pass_no_live_readiness_no_operating_promotion_no_runtime_authority_no_goal_claim
run364L_train_density_lift_trade_shape_onnx_scout_without_db_v1,oos,h6_move3__rf4_l120_n64,h6_move3,long_only_margin,long_only_margin__density_8_0__maxhold_8__weak_or_opp,weak_or_opp,8,2025-10-24T17:35:00+00:00,2025-10-24T17:55:00+00:00,4,long,0.001846301048,-0.001214469784,25360.87,25333.12,-3.075,0.3,research_development_density_lift_trade_shape_model_training_and_proxy_scout_only_no_mt5_execution_no_forward_pass_no_live_readiness_no_operating_promotion_no_runtime_authority_no_goal_claim
run364L_train_density_lift_trade_shape_onnx_scout_without_db_v1,oos,h6_move3__rf4_l120_n64,h6_move3,long_only_margin,long_only_margin__density_8_0__maxhold_8__weak_or_opp,weak_or_opp,8,2025-10-24T18:10:00+00:00,2025-10-24T18:30:00+00:00,3,long,-4.7896786e-05,-0.001214469784,25347.62,25395.12,4.45,0.3,research_development_density_lift_trade_shape_model_training_and_proxy_scout_only_no_mt5_execution_no_forward_pass_no_live_readiness_no_operating_promotion_no_runtime_authority_no_goal_claim
run364L_train_density_lift_trade_shape_onnx_scout_without_db_v1,oos,h6_move3__rf4_l120_n64,h6_move3,long_only_margin,long_only_margin__density_8_0__maxhold_8__weak_or_opp,weak_or_opp,8,2025-10-27T17:20:00+00:00,2025-10-27T17:25:00+00:00,1,long,0.000485938898,-0.001214469784,25705.09,25704.34,-0.375,0.3,research_development_density_lift_trade_shape_model_training_and_proxy_scout_only_no_mt5_execution_no_forward_pass_no_live_readiness_no_operating_promotion_no_runtime_authority_no_goal_claim
run364L_train_density_lift_trade_shape_onnx_scout_without_db_v1,oos,h6_move3__rf4_l120_n64,h6_move3,long_only_margin,long_only_margin__density_8_0__maxhold_8__weak_or_opp,weak_or_opp,8,2025-10-28T16:35:00+00:00,2025-10-28T16:40:00+00:00,1,long,-0.000115718417,-0.001214469784,25943.48,25932.85,-1.363,0.3,research_development_density_lift_trade_shape_model_training_and_proxy_scout_only_no_mt5_execution_no_forward_pass_no_live_readiness_no_operating_promotion_no_runtime_authority_no_goal_claim
run364L_train_density_lift_trade_shape_onnx_scout_without_db_v1,oos,h6_move3__rf4_l120_n64,h6_move3,long_only_margin,long_only_margin__density_8_0__maxhold_8__weak_or_opp,weak_or_opp,8,2025-10-28T16:55:00+00:00,2025-10-28T17:00:00+00:00,1,long,-0.000399176413,-0.001214469784,25906.6,25936.35,2.675,0.3,research_development_density_lift_trade_shape_model_training_and_proxy_scout_only_no_mt5_execution_no_forward_pass_no_live_readiness_no_operating_promotion_no_runtime_authority_no_goal_claim
run364L_train_density_lift_trade_shape_onnx_scout_without_db_v1,oos,h6_move3__rf4_l120_n64,h6_move3,long_only_margin,long_only_margin__density_8_0__maxhold_8__weak_or_opp,weak_or_opp,8,2025-10-30T16:50:00+00:00,2025-10-30T16:55:00+00:00,1,long,0.000242266177,-0.001214469784,25933.41,26010.91,7.45,0.3,research_development_density_lift_trade_shape_model_training_and_proxy_scout_only_no_mt5_execution_no_forward_pass_no_live_readiness_no_operating_promotion_no_runtime_authority_no_goal_claim
run364L_train_density_lift_trade_shape_onnx_scout_without_db_v1,oos,h6_move3__rf4_l120_n64,h6_move3,long_only_margin,long_only_margin__density_8_0__maxhold_8__weak_or_opp,weak_or_opp,8,2025-10-31T17:20:00+00:00,2025-10-31T17:25:00+00:00,1,long,0.001968340129,-0.001214469784,25989.86,25980.48,-1.238,0.3,research_development_density_lift_trade_shape_model_training_and_proxy_scout_only_no_mt5_execution_no_forward_pass_no_live_readiness_no_operating_promotion_no_runtime_authority_no_goal_claim
run364L_train_density_lift_trade_shape_onnx_scout_without_db_v1,oos,h6_move3__rf4_l120_n64,h6_move3,long_only_margin,long_only_margin__density_8_0__maxhold_8__weak_or_opp,weak_or_opp,8,2025-10-31T19:40:00+00:00,2025-10-31T19:45:00+00:00,1,long,0.001921996445,-0.001214469784,25896.23,25862.86,-3.637,0.3,research_development_density_lift_trade_shape_model_training_and_proxy_scout_only_no_mt5_execution_no_forward_pass_no_live_readiness_no_operating_promotion_no_runtime_authority_no_goal_claim
run364L_train_density_lift_trade_shape_onnx_scout_without_db_v1,oos,h6_move3__rf4_l120_n64,h6_move3,long_only_margin,long_only_margin__density_8_0__maxhold_8__weak_or_opp,weak_or_opp,8,2025-11-03T17:55:00+00:00,2025-11-03T18:05:00+00:00,2,long,0.001786820926,-0.001214469784,25960.76,25964.76,0.1,0.3,research_development_density_lift_trade_shape_model_training_and_proxy_scout_only_no_mt5_execution_no_forward_pass_no_live_readiness_no_operating_promotion_no_runtime_authority_no_goal_claim
run364L_train_density_lift_trade_shape_onnx_scout_without_db_v1,oos,h6_move3__rf4_l120_n64,h6_move3,long_only_margin,long_only_margin__density_8_0__maxhold_8__weak_or_opp,weak_or_opp,8,2025-11-03T18:15:00+00:00,2025-11-03T18:20:00+00:00,1,long,0.001985176937,-0.001214469784,25970.51,25985.76,1.225,0.3,research_development_density_lift_trade_shape_model_training_and_proxy_scout_only_no_mt5_execution_no_forward_pass_no_live_readiness_no_operating_promotion_no_runtime_authority_no_goal_claim
run364L_train_density_lift_trade_shape_onnx_scout_without_db_v1,oos,h6_move3__rf4_l120_n64,h6_move3,long_only_margin,long_only_margin__density_8_0__maxhold_8__weak_or_opp,weak_or_opp,8,2025-11-03T18:25:00+00:00,2025-11-03T18:30:00+00:00,1,long,0.000375215639,-0.001214469784,25973.76,25941.26,-3.55,0.3,research_development_density_lift_trade_shape_model_training_and_proxy_scout_only_no_mt5_execution_no_forward_pass_no_live_readiness_no_operating_promotion_no_runtime_authority_no_goal_claim
run364L_train_density_lift_trade_shape_onnx_scout_without_db_v1,oos,h6_move3__rf4_l120_n64,h6_move3,long_only_margin,long_only_margin__density_8_0__maxhold_8__weak_or_opp,weak_or_opp,8,2025-11-03T18:50:00+00:00,2025-11-03T19:00:00+00:00,1,long,-0.001055470254,-0.001214469784,25952.26,26009.01,5.375,0.3,research_development_density_lift_trade_shape_model_training_and_proxy_scout_only_no_mt5_execution_no_forward_pass_no_live_readiness_no_operating_promotion_no_runtime_authority_no_goal_claim
run364L_train_density_lift_trade_shape_onnx_scout_without_db_v1,oos,h6_move3__rf4_l120_n64,h6_move3,long_only_margin,long_only_margin__density_8_0__maxhold_8__weak_or_opp,weak_or_opp,8,2025-11-03T19:10:00+00:00,2025-11-03T19:15:00+00:00,1,long,0.000514440685,-0.001214469784,26009.26,26021.26,0.9,0.3,research_development_density_lift_trade_shape_model_training_and_proxy_scout_only_no_mt5_execution_no_forward_pass_no_live_readiness_no_operating_promotion_no_runtime_authority_no_goal_claim
run364L_train_density_lift_trade_shape_onnx_scout_without_db_v1,oos,h6_move3__rf4_l120_n64,h6_move3,long_only_margin,long_only_margin__density_8_0__maxhold_8__weak_or_opp,weak_or_opp,8,2025-11-04T17:00:00+00:00,2025-11-04T17:05:00+00:00,1,long,0.003908076337,-0.001214469784,25766.54,25766.66,-0.288,0.3,research_development_density_lift_trade_shape_model_training_and_proxy_scout_only_no_mt5_execution_no_forward_pass_no_live_readiness_no_operating_promotion_no_runtime_authority_no_goal_claim
run364L_train_density_lift_trade_shape_onnx_scout_without_db_v1,oos,h6_move3__rf4_l120_n64,h6_move3,long_only_margin,long_only_margin__density_8_0__maxhold_8__weak_or_opp,weak_or_opp,8,2025-11-04T17:10:00+00:00,2025-11-04T17:50:00+00:00,8,long,0.002026725106,-0.001214469784,25743.16,25724.41,-2.175,0.3,research_development_density_lift_trade_shape_model_training_and_proxy_scout_only_no_mt5_execution_no_forward_pass_no_live_readiness_no_operating_promotion_no_runtime_authority_no_goal_claim
run364L_train_density_lift_trade_shape_onnx_scout_without_db_v1,oos,h6_move3__rf4_l120_n64,h6_move3,long_only_margin,long_only_margin__density_8_0__maxhold_8__weak_or_opp,weak_or_opp,8,2025-11-05T16:50:00+00:00,2025-11-05T16:55:00+00:00,1,long,0.008327835266,-0.001214469784,25503.31,25560.81,5.45,0.3,research_development_density_lift_trade_shape_model_training_and_proxy_scout_only_no_mt5_execution_no_forward_pass_no_live_readiness_no_operating_promotion_no_runtime_authority_no_goal_claim
run364L_train_density_lift_trade_shape_onnx_scout_without_db_v1,oos,h6_move3__rf4_l120_n64,h6_move3,long_only_margin,long_only_margin__density_8_0__maxhold_8__weak_or_opp,weak_or_opp,8,2025-11-05T17:00:00+00:00,2025-11-05T17:40:00+00:00,8,long,0.007087183187,-0.001214469784,25564.91,25597.44,2.953,0.3,research_development_density_lift_trade_shape_model_training_and_proxy_scout_only_no_mt5_execution_no_forward_pass_no_live_readiness_no_operating_promotion_no_runtime_authority_no_goal_claim
run364L_train_density_lift_trade_shape_onnx_scout_without_db_v1,validation,h6_move3__rf4_l120_n64,h6_move3,long_only_margin,long_only_margin__density_8_0__maxhold_12__weak_or_opp,weak_or_opp,12,2025-01-02T16:55:00+00:00,2025-01-02T17:35:00+00:00,8,long,0.000712043174,-0.001214469784,21125.82,21011.32,-11.75,0.3,research_development_density_lift_trade_shape_model_training_and_proxy_scout_only_no_mt5_execution_no_forward_pass_no_live_readiness_no_operating_promotion_no_runtime_authority_no_goal_claim
run364L_train_density_lift_trade_shape_onnx_scout_without_db_v1,validation,h6_move3__rf4_l120_n64,h6_move3,long_only_margin,long_only_margin__density_8_0__maxhold_12__weak_or_opp,weak_or_opp,12,2025-01-03T16:35:00+00:00,2025-01-03T16:50:00+00:00,3,long,0.009330242229,-0.001214469784,21079.29,21111.91,2.962,0.3,research_development_density_lift_trade_shape_model_training_and_proxy_scout_only_no_mt5_execution_no_forward_pass_no_live_readiness_no_operating_promotion_no_runtime_authority_no_goal_claim
run364L_train_density_lift_trade_shape_onnx_scout_without_db_v1,validation,h6_move3__rf4_l120_n64,h6_move3,long_only_margin,long_only_margin__density_8_0__maxhold_12__weak_or_opp,weak_or_opp,12,2025-01-03T17:00:00+00:00,2025-01-03T17:15:00+00:00,3,long,0.003311108448,-0.001214469784,21132.54,21097.04,-3.85,0.3,research_development_density_lift_trade_shape_model_training_and_proxy_scout_only_no_mt5_execution_no_forward_pass_no_live_readiness_no_operating_promotion_no_runtime_authority_no_goal_claim
run364L_train_density_lift_trade_shape_onnx_scout_without_db_v1,validation,h6_move3__rf4_l120_n64,h6_move3,long_only_margin,long_only_margin__density_8_0__maxhold_12__weak_or_opp,weak_or_opp,12,2025-01-03T17:30:00+00:00,2025-01-03T17:35:00+00:00,1,long,-0.000108985207,-0.001214469784,21081.29,21101.79,1.75,0.3,research_development_density_lift_trade_shape_model_training_and_proxy_scout_only_no_mt5_execution_no_forward_pass_no_live_readiness_no_operating_promotion_no_runtime_authority_no_goal_claim
run364L_train_density_lift_trade_shape_onnx_scout_without_db_v1,validation,h6_move3__rf4_l120_n64,h6_move3,long_only_margin,long_only_margin__density_8_0__maxhold_12__weak_or_opp,weak_or_opp,12,2025-01-03T17:40:00+00:00,2025-01-03T17:45:00+00:00,1,long,0.000732235436,-0.001214469784,21101.54,21123.54,1.9,0.3,research_development_density_lift_trade_shape_model_training_and_proxy_scout_only_no_mt5_execution_no_forward_pass_no_live_readiness_no_operating_promotion_no_runtime_authority_no_goal_claim
run364L_train_density_lift_trade_shape_onnx_scout_without_db_v1,validation,h6_move3__rf4_l120_n64,h6_move3,long_only_margin,long_only_margin__density_8_0__maxhold_12__weak_or_opp,weak_or_opp,12,2025-01-03T17:50:00+00:00,2025-01-03T17:55:00+00:00,1,long,0.004212420934,-0.001214469784,21123.79,21103.54,-2.325,0.3,research_development_density_lift_trade_shape_model_training_and_proxy_scout_only_no_mt5_execution_no_forward_pass_no_live_readiness_no_operating_promotion_no_runtime_authority_no_goal_claim
run364L_train_density_lift_trade_shape_onnx_scout_without_db_v1,validation,h6_move3__rf4_l120_n64,h6_move3,long_only_margin,long_only_margin__density_8_0__maxhold_12__weak_or_opp,weak_or_opp,12,2025-01-03T18:15:00+00:00,2025-01-03T18:55:00+00:00,8,long,-0.000128164126,-0.001214469784,21111.29,21232.66,11.837,0.3,research_development_density_lift_trade_shape_model_training_and_proxy_scout_only_no_mt5_execution_no_forward_pass_no_live_readiness_no_operating_promotion_no_runtime_authority_no_goal_claim
run364L_train_density_lift_trade_shape_onnx_scout_without_db_v1,validation,h6_move3__rf4_l120_n64,h6_move3,long_only_margin,long_only_margin__density_8_0__maxhold_12__weak_or_opp,weak_or_opp,12,2025-01-03T19:00:00+00:00,2025-01-03T19:05:00+00:00,1,long,0.005134846592,-0.001214469784,21212.04,21229.16,1.412,0.3,research_development_density_lift_trade_shape_model_training_and_proxy_scout_only_no_mt5_execution_no_forward_pass_no_live_readiness_no_operating_promotion_no_runtime_authority_no_goal_claim
run364L_train_density_lift_trade_shape_onnx_scout_without_db_v1,validation,h6_move3__rf4_l120_n64,h6_move3,long_only_margin,long_only_margin__density_8_0__maxhold_12__weak_or_opp,weak_or_opp,12,2025-01-03T19:20:00+00:00,2025-01-03T19:25:00+00:00,1,long,-0.001010498573,-0.001214469784,21195.66,21213.79,1.513,0.3,research_development_density_lift_trade_shape_model_training_and_proxy_scout_only_no_mt5_execution_no_forward_pass_no_live_readiness_no_operating_promotion_no_runtime_authority_no_goal_claim
run364L_train_density_lift_trade_shape_onnx_scout_without_db_v1,validation,h6_move3__rf4_l120_n64,h6_move3,long_only_margin,long_only_margin__density_8_0__maxhold_12__weak_or_opp,weak_or_opp,12,2025-01-06T16:45:00+00:00,2025-01-06T17:55:00+00:00,12,long,0.001251600213,-0.001214469784,21547.5,21636.75,8.625,0.3,research_development_density_lift_trade_shape_model_training_and_proxy_scout_only_no_mt5_execution_no_forward_pass_no_live_readiness_no_operating_promotion_no_runtime_authority_no_goal_claim
run364L_train_density_lift_trade_shape_onnx_scout_without_db_v1,validation,h6_move3__rf4_l120_n64,h6_move3,long_only_margin,long_only_margin__density_8_0__maxhold_12__weak_or_opp,weak_or_opp,12,2025-01-06T18:00:00+00:00,2025-01-06T18:10:00+00:00,1,long,0.007972830905,-0.001214469784,21628.12,21639.62,0.85,0.3,research_development_density_lift_trade_shape_model_training_and_proxy_scout_only_no_mt5_execution_no_forward_pass_no_live_readiness_no_operating_promotion_no_runtime_authority_no_goal_claim
run364L_train_density_lift_trade_shape_onnx_scout_without_db_v1,validation,h6_move3__rf4_l120_n64,h6_move3,long_only_margin,long_only_margin__density_8_0__maxhold_12__weak_or_opp,weak_or_opp,12,2025-01-07T18:10:00+00:00,2025-01-07T18:15:00+00:00,1,long,-0.001169589165,-0.001214469784,21300.51,21276.88,-2.663,0.3,research_development_density_lift_trade_shape_model_training_and_proxy_scout_only_no_mt5_execution_no_forward_pass_no_live_readiness_no_operating_promotion_no_runtime_authority_no_goal_claim
run364L_train_density_lift_trade_shape_onnx_scout_without_db_v1,validation,h6_move3__rf4_l120_n64,h6_move3,long_only_margin,long_only_margin__density_8_0__maxhold_12__weak_or_opp,weak_or_opp,12,2025-01-08T16:35:00+00:00,2025-01-08T16:40:00+00:00,1,long,0.005763756138,-0.001214469784,21136.03,21065.66,-7.337,0.3,research_development_density_lift_trade_shape_model_training_and_proxy_scout_only_no_mt5_execution_no_forward_pass_no_live_readiness_no_operating_promotion_no_runtime_authority_no_goal_claim
run364L_train_density_lift_trade_shape_onnx_scout_without_db_v1,validation,h6_move3__rf4_l120_n64,h6_move3,long_only_margin,long_only_margin__density_8_0__maxhold_12__weak_or_opp,weak_or_opp,12,2025-01-08T18:00:00+00:00,2025-01-08T18:05:00+00:00,1,long,0.00171378951,-0.001214469784,21121.91,21081.91,-4.3,0.3,research_development_density_lift_trade_shape_model_training_and_proxy_scout_only_no_mt5_execution_no_forward_pass_no_live_readiness_no_operating_promotion_no_runtime_authority_no_goal_claim
run364L_train_density_lift_trade_shape_onnx_scout_without_db_v1,validation,h6_move3__rf4_l120_n64,h6_move3,long_only_margin,long_only_margin__density_8_0__maxhold_12__weak_or_opp,weak_or_opp,12,2025-01-08T18:15:00+00:00,2025-01-08T18:20:00+00:00,1,long,0.003164326741,-0.001214469784,21100.41,21100.91,-0.25,0.3,research_development_density_lift_trade_shape_model_training_and_proxy_scout_only_no_mt5_execution_no_forward_pass_no_live_readiness_no_operating_promotion_no_runtime_authority_no_goal_claim
run364L_train_density_lift_trade_shape_onnx_scout_without_db_v1,validation,h6_move3__rf4_l120_n64,h6_move3,long_only_margin,long_only_margin__density_8_0__maxhold_12__weak_or_opp,weak_or_opp,12,2025-01-08T18:45:00+00:00,2025-01-08T19:00:00+00:00,3,long,-0.00116205981,-0.001214469784,21174.28,21149.91,-2.737,0.3,research_development_density_lift_trade_shape_model_training_and_proxy_scout_only_no_mt5_execution_no_forward_pass_no_live_readiness_no_operating_promotion_no_runtime_authority_no_goal_claim
run364L_train_density_lift_trade_shape_onnx_scout_without_db_v1,validation,h6_move3__rf4_l120_n64,h6_move3,long_only_margin,long_only_margin__density_8_0__maxhold_12__weak_or_opp,weak_or_opp,12,2025-01-08T20:45:00+00:00,2025-01-08T20:50:00+00:00,1,long,-0.000967538454,-0.001214469784,21141.78,21107.53,-3.725,0.3,research_development_density_lift_trade_shape_model_training_and_proxy_scout_only_no_mt5_execution_no_forward_pass_no_live_readiness_no_operating_promotion_no_runtime_authority_no_goal_claim
run364L_train_density_lift_trade_shape_onnx_scout_without_db_v1,validation,h6_move3__rf4_l120_n64,h6_move3,long_only_margin,long_only_margin__density_8_0__maxhold_12__weak_or_opp,weak_or_opp,12,2025-01-13T17:10:00+00:00,2025-01-13T17:15:00+00:00,1,long,-0.000300183689,-0.001214469784,20583.83,20555.33,-3.15,0.3,research_development_density_lift_trade_shape_model_training_and_proxy_scout_only_no_mt5_execution_no_forward_pass_no_live_readiness_no_operating_promotion_no_runtime_authority_no_goal_claim
run364L_train_density_lift_trade_shape_onnx_scout_without_db_v1,validation,h6_move3__rf4_l120_n64,h6_move3,long_only_margin,long_only_margin__density_8_0__maxhold_12__weak_or_opp,weak_or_opp,12,2025-01-13T17:40:00+00:00,2025-01-13T17:45:00+00:00,1,long,-0.001045282425,-0.001214469784,20612.33,20638.08,2.275,0.3,research_development_density_lift_trade_shape_model_training_and_proxy_scout_only_no_mt5_execution_no_forward_pass_no_live_readiness_no_operating_promotion_no_runtime_authority_no_goal_claim
run364L_train_density_lift_trade_shape_onnx_scout_without_db_v1,validation,h6_move3__rf4_l120_n64,h6_move3,long_only_margin,long_only_margin__density_8_0__maxhold_12__weak_or_opp,weak_or_opp,12,2025-01-13T19:45:00+00:00,2025-01-13T19:50:00+00:00,1,long,-0.00092827087,-0.001214469784,20607.08,20623.45,1.337,0.3,research_development_density_lift_trade_shape_model_training_and_proxy_scout_only_no_mt5_execution_no_forward_pass_no_live_readiness_no_operating_promotion_no_runtime_authority_no_goal_claim
run364L_train_density_lift_trade_shape_onnx_scout_without_db_v1,validation,h6_move3__rf4_l120_n64,h6_move3,long_only_margin,long_only_margin__density_8_0__maxhold_12__weak_or_opp,weak_or_opp,12,2025-01-13T20:05:00+00:00,2025-01-13T20:10:00+00:00,1,long,0.00136706848,-0.001214469784,20669.2,20662.2,-1.0,0.3,research_development_density_lift_trade_shape_model_training_and_proxy_scout_only_no_mt5_execution_no_forward_pass_no_live_readiness_no_operating_promotion_no_runtime_authority_no_goal_claim
run364L_train_density_lift_trade_shape_onnx_scout_without_db_v1,validation,h6_move3__rf4_l120_n64,h6_move3,long_only_margin,long_only_margin__density_8_0__maxhold_12__weak_or_opp,weak_or_opp,12,2025-01-13T22:00:00+00:00,2025-01-14T16:40:00+00:00,2,long,-0.000972370176,-0.001214469784,20688.45,20898.52,20.707,0.3,research_development_density_lift_trade_shape_model_training_and_proxy_scout_only_no_mt5_execution_no_forward_pass_no_live_readiness_no_operating_promotion_no_runtime_authority_no_goal_claim
run364L_train_density_lift_trade_shape_onnx_scout_without_db_v1,validation,h6_move3__rf4_l120_n64,h6_move3,long_only_margin,long_only_margin__density_8_0__maxhold_12__weak_or_opp,weak_or_opp,12,2025-01-14T16:45:00+00:00,2025-01-14T16:55:00+00:00,2,long,0.008169068834,-0.001214469784,20896.77,20792.77,-10.7,0.3,research_development_density_lift_trade_shape_model_training_and_proxy_scout_only_no_mt5_execution_no_forward_pass_no_live_readiness_no_operating_promotion_no_runtime_authority_no_goal_claim
run364L_train_density_lift_trade_shape_onnx_scout_without_db_v1,validation,h6_move3__rf4_l120_n64,h6_move3,long_only_margin,long_only_margin__density_8_0__maxhold_12__weak_or_opp,weak_or_opp,12,2025-01-14T17:15:00+00:00,2025-01-14T17:20:00+00:00,1,long,0.001290801571,-0.001214469784,20866.52,20860.52,-0.9,0.3,research_development_density_lift_trade_shape_model_training_and_proxy_scout_only_no_mt5_execution_no_forward_pass_no_live_readiness_no_operating_promotion_no_runtime_authority_no_goal_claim
run364L_train_density_lift_trade_shape_onnx_scout_without_db_v1,validation,h6_move3__rf4_l120_n64,h6_move3,long_only_margin,long_only_margin__density_8_0__maxhold_12__weak_or_opp,weak_or_opp,12,2025-01-14T20:45:00+00:00,2025-01-14T20:50:00+00:00,1,long,0.002774367005,-0.001214469784,20763.64,20777.89,1.125,0.3,research_development_density_lift_trade_shape_model_training_and_proxy_scout_only_no_mt5_execution_no_forward_pass_no_live_readiness_no_operating_promotion_no_runtime_authority_no_goal_claim
run364L_train_density_lift_trade_shape_onnx_scout_without_db_v1,validation,h6_move3__rf4_l120_n64,h6_move3,long_only_margin,long_only_margin__density_8_0__maxhold_12__weak_or_opp,weak_or_opp,12,2025-01-15T16:35:00+00:00,2025-01-15T17:35:00+00:00,12,long,0.020438081462,-0.001214469784,21054.85,21170.35,11.25,0.3,research_development_density_lift_trade_shape_model_training_and_proxy_scout_only_no_mt5_execution_no_forward_pass_no_live_readiness_no_operating_promotion_no_runtime_authority_no_goal_claim
run364L_train_density_lift_trade_shape_onnx_scout_without_db_v1,validation,h6_move3__rf4_l120_n64,h6_move3,long_only_margin,long_only_margin__density_8_0__maxhold_12__weak_or_opp,weak_or_opp,12,2025-01-15T17:40:00+00:00,2025-01-15T17:55:00+00:00,3,long,0.010498310316,-0.001214469784,21172.35,21156.98,-1.837,0.3,research_development_density_lift_trade_shape_model_training_and_proxy_scout_only_no_mt5_execution_no_forward_pass_no_live_readiness_no_operating_promotion_no_runtime_authority_no_goal_claim
run364L_train_density_lift_trade_shape_onnx_scout_without_db_v1,validation,h6_move3__rf4_l120_n64,h6_move3,long_only_margin,long_only_margin__density_8_0__maxhold_12__weak_or_opp,weak_or_opp,12,2025-01-15T18:20:00+00:00,2025-01-15T18:35:00+00:00,3,long,0.003271372688,-0.001214469784,21136.85,21074.23,-6.562,0.3,research_development_density_lift_trade_shape_model_training_and_proxy_scout_only_no_mt5_execution_no_forward_pass_no_live_readiness_no_operating_promotion_no_runtime_authority_no_goal_claim
run364L_train_density_lift_trade_shape_onnx_scout_without_db_v1,validation,h6_move3__rf4_l120_n64,h6_move3,long_only_margin,long_only_margin__density_8_0__maxhold_12__weak_or_opp,weak_or_opp,12,2025-01-15T19:15:00+00:00,2025-01-15T19:25:00+00:00,2,long,-0.001140349253,-0.001214469784,21101.48,21095.73,-0.875,0.3,research_development_density_lift_trade_shape_model_training_and_proxy_scout_only_no_mt5_execution_no_forward_pass_no_live_readiness_no_operating_promotion_no_runtime_authority_no_goal_claim
run364L_train_density_lift_trade_shape_onnx_scout_without_db_v1,validation,h6_move3__rf4_l120_n64,h6_move3,long_only_margin,long_only_margin__density_8_0__maxhold_12__weak_or_opp,weak_or_opp,12,2025-01-15T19:30:00+00:00,2025-01-15T19:35:00+00:00,1,long,0.000311499977,-0.001214469784,21115.73,21128.1,0.937,0.3,research_development_density_lift_trade_shape_model_training_and_proxy_scout_only_no_mt5_execution_no_forward_pass_no_live_readiness_no_operating_promotion_no_runtime_authority_no_goal_claim
run364L_train_density_lift_trade_shape_onnx_scout_without_db_v1,validation,h6_move3__rf4_l120_n64,h6_move3,long_only_margin,long_only_margin__density_8_0__maxhold_12__weak_or_opp,weak_or_opp,12,2025-01-16T18:30:00+00:00,2025-01-16T18:40:00+00:00,2,long,0.00418629197,-0.001214469784,21200.95,21160.2,-4.375,0.3,research_development_density_lift_trade_shape_model_training_and_proxy_scout_only_no_mt5_execution_no_forward_pass_no_live_readiness_no_operating_promotion_no_runtime_authority_no_goal_claim
run364L_train_density_lift_trade_shape_onnx_scout_without_db_v1,validation,h6_move3__rf4_l120_n64,h6_move3,long_only_margin,long_only_margin__density_8_0__maxhold_12__weak_or_opp,weak_or_opp,12,2025-01-16T19:10:00+00:00,2025-01-16T19:15:00+00:00,1,long,-0.000591098251,-0.001214469784,21197.32,21194.32,-0.6,0.3,research_development_density_lift_trade_shape_model_training_and_proxy_scout_only_no_mt5_execution_no_forward_pass_no_live_readiness_no_operating_promotion_no_runtime_authority_no_goal_claim
run364L_train_density_lift_trade_shape_onnx_scout_without_db_v1,validation,h6_move3__rf4_l120_n64,h6_move3,long_only_margin,long_only_margin__density_8_0__maxhold_12__weak_or_opp,weak_or_opp,12,2025-01-17T16:50:00+00:00,2025-01-17T16:55:00+00:00,1,long,0.004061600771,-0.001214469784,21335.41,21320.16,-1.825,0.3,research_development_density_lift_trade_shape_model_training_and_proxy_scout_only_no_mt5_execution_no_forward_pass_no_live_readiness_no_operating_promotion_no_runtime_authority_no_goal_claim
run364L_train_density_lift_trade_shape_onnx_scout_without_db_v1,validation,h6_move3__rf4_l120_n64,h6_move3,long_only_margin,long_only_margin__density_8_0__maxhold_12__weak_or_opp,weak_or_opp,12,2025-01-17T17:05:00+00:00,2025-01-17T17:25:00+00:00,4,long,7.6188904e-05,-0.001214469784,21341.53,21318.41,-2.612,0.3,research_development_density_lift_trade_shape_model_training_and_proxy_scout_only_no_mt5_execution_no_forward_pass_no_live_readiness_no_operating_promotion_no_runtime_authority_no_goal_claim
run364L_train_density_lift_trade_shape_onnx_scout_without_db_v1,validation,h6_move3__rf4_l120_n64,h6_move3,long_only_margin,long_only_margin__density_8_0__maxhold_12__weak_or_opp,weak_or_opp,12,2025-01-17T17:30:00+00:00,2025-01-17T18:30:00+00:00,5,long,0.001369375421,-0.001214469784,21326.41,21425.53,9.612,0.3,research_development_density_lift_trade_shape_model_training_and_proxy_scout_only_no_mt5_execution_no_forward_pass_no_live_readiness_no_operating_promotion_no_runtime_authority_no_goal_claim
run364L_train_density_lift_trade_shape_onnx_scout_without_db_v1,validation,h6_move3__rf4_l120_n64,h6_move3,long_only_margin,long_only_margin__density_8_0__maxhold_12__weak_or_opp,weak_or_opp,12,2025-01-17T18:40:00+00:00,2025-01-17T18:50:00+00:00,1,long,0.010619319248,-0.001214469784,21416.03,21389.78,-2.925,0.3,research_development_density_lift_trade_shape_model_training_and_proxy_scout_only_no_mt5_execution_no_forward_pass_no_live_readiness_no_operating_promotion_no_runtime_authority_no_goal_claim
run364L_train_density_lift_trade_shape_onnx_scout_without_db_v1,validation,h6_move3__rf4_l120_n64,h6_move3,long_only_margin,long_only_margin__density_8_0__maxhold_12__weak_or_opp,weak_or_opp,12,2025-01-21T17:20:00+00:00,2025-01-21T17:30:00+00:00,2,long,0.010159340638,-0.001214469784,21416.6,21451.47,3.187,0.3,research_development_density_lift_trade_shape_model_training_and_proxy_scout_only_no_mt5_execution_no_forward_pass_no_live_readiness_no_operating_promotion_no_runtime_authority_no_goal_claim
run364L_train_density_lift_trade_shape_onnx_scout_without_db_v1,validation,h6_move3__rf4_l120_n64,h6_move3,long_only_margin,long_only_margin__density_8_0__maxhold_12__weak_or_opp,weak_or_opp,12,2025-01-21T17:45:00+00:00,2025-01-21T17:50:00+00:00,1,long,0.000372303494,-0.001214469784,21448.47,21425.72,-2.575,0.3,research_development_density_lift_trade_shape_model_training_and_proxy_scout_only_no_mt5_execution_no_forward_pass_no_live_readiness_no_operating_promotion_no_runtime_authority_no_goal_claim
run364L_train_density_lift_trade_shape_onnx_scout_without_db_v1,validation,h6_move3__rf4_l120_n64,h6_move3,long_only_margin,long_only_margin__density_8_0__maxhold_12__weak_or_opp,weak_or_opp,12,2025-01-21T18:25:00+00:00,2025-01-21T18:30:00+00:00,1,long,0.002044020973,-0.001214469784,21442.72,21442.97,-0.275,0.3,research_development_density_lift_trade_shape_model_training_and_proxy_scout_only_no_mt5_execution_no_forward_pass_no_live_readiness_no_operating_promotion_no_runtime_authority_no_goal_claim
run364L_train_density_lift_trade_shape_onnx_scout_without_db_v1,validation,h6_move3__rf4_l120_n64,h6_move3,long_only_margin,long_only_margin__density_8_0__maxhold_12__weak_or_opp,weak_or_opp,12,2025-01-21T18:35:00+00:00,2025-01-21T18:40:00+00:00,1,long,-0.000709251697,-0.001214469784,21452.47,21423.47,-3.2,0.3,research_development_density_lift_trade_shape_model_training_and_proxy_scout_only_no_mt5_execution_no_forward_pass_no_live_readiness_no_operating_promotion_no_runtime_authority_no_goal_claim
run364L_train_density_lift_trade_shape_onnx_scout_without_db_v1,validation,h6_move3__rf4_l120_n64,h6_move3,long_only_margin,long_only_margin__density_8_0__maxhold_12__weak_or_opp,weak_or_opp,12,2025-01-21T19:00:00+00:00,2025-01-21T19:05:00+00:00,1,long,0.00404479258,-0.001214469784,21487.47,21486.6,-0.387,0.3,research_development_density_lift_trade_shape_model_training_and_proxy_scout_only_no_mt5_execution_no_forward_pass_no_live_readiness_no_operating_promotion_no_runtime_authority_no_goal_claim
run364L_train_density_lift_trade_shape_onnx_scout_without_db_v1,validation,h6_move3__rf4_l120_n64,h6_move3,long_only_margin,long_only_margin__density_8_0__maxhold_12__weak_or_opp,weak_or_opp,12,2025-01-22T16:50:00+00:00,2025-01-22T18:10:00+00:00,11,long,0.001718931441,-0.001214469784,21802.92,21840.55,3.463,0.3,research_development_density_lift_trade_shape_model_training_and_proxy_scout_only_no_mt5_execution_no_forward_pass_no_live_readiness_no_operating_promotion_no_runtime_authority_no_goal_claim
run364L_train_density_lift_trade_shape_onnx_scout_without_db_v1,validation,h6_move3__rf4_l120_n64,h6_move3,long_only_margin,long_only_margin__density_8_0__maxhold_12__weak_or_opp,weak_or_opp,12,2025-01-22T18:15:00+00:00,2025-01-22T18:30:00+00:00,1,long,0.004895963753,-0.001214469784,21822.17,21868.05,4.288,0.3,research_development_density_lift_trade_shape_model_training_and_proxy_scout_only_no_mt5_execution_no_forward_pass_no_live_readiness_no_operating_promotion_no_runtime_authority_no_goal_claim
run364L_train_density_lift_trade_shape_onnx_scout_without_db_v1,validation,h6_move3__rf4_l120_n64,h6_move3,long_only_margin,long_only_margin__density_8_0__maxhold_12__weak_or_opp,weak_or_opp,12,2025-01-23T17:15:00+00:00,2025-01-23T17:20:00+00:00,1,long,0.002801635549,-0.001214469784,21722.13,21702.38,-2.275,0.3,research_development_density_lift_trade_shape_model_training_and_proxy_scout_only_no_mt5_execution_no_forward_pass_no_live_readiness_no_operating_promotion_no_runtime_authority_no_goal_claim
run364L_train_density_lift_trade_shape_onnx_scout_without_db_v1,validation,h6_move3__rf4_l120_n64,h6_move3,long_only_margin,long_only_margin__density_8_0__maxhold_12__weak_or_opp,weak_or_opp,12,2025-01-23T17:35:00+00:00,2025-01-23T18:00:00+00:00,2,long,0.002499136539,-0.001214469784,21740.63,21751.88,0.825,0.3,research_development_density_lift_trade_shape_model_training_and_proxy_scout_only_no_mt5_execution_no_forward_pass_no_live_readiness_no_operating_promotion_no_runtime_authority_no_goal_claim
run364L_train_density_lift_trade_shape_onnx_scout_without_db_v1,validation,h6_move3__rf4_l120_n64,h6_move3,long_only_margin,long_only_margin__density_8_0__maxhold_12__weak_or_opp,weak_or_opp,12,2025-01-24T16:55:00+00:00,2025-01-24T17:05:00+00:00,2,long,-0.000992367928,-0.001214469784,21895.08,21851.33,-4.675,0.3,research_development_density_lift_trade_shape_model_training_and_proxy_scout_only_no_mt5_execution_no_forward_pass_no_live_readiness_no_operating_promotion_no_runtime_authority_no_goal_claim
run364L_train_density_lift_trade_shape_onnx_scout_without_db_v1,validation,h6_move3__rf4_l120_n64,h6_move3,long_only_margin,long_only_margin__density_8_0__maxhold_12__weak_or_opp,weak_or_opp,12,2025-01-24T18:10:00+00:00,2025-01-24T18:15:00+00:00,1,long,0.003342279921,-0.001214469784,21824.83,21818.08,-0.975,0.3,research_development_density_lift_trade_shape_model_training_and_proxy_scout_only_no_mt5_execution_no_forward_pass_no_live_readiness_no_operating_promotion_no_runtime_authority_no_goal_claim
run364L_train_density_lift_trade_shape_onnx_scout_without_db_v1,validation,h6_move3__rf4_l120_n64,h6_move3,long_only_margin,long_only_margin__density_8_0__maxhold_12__weak_or_opp,weak_or_opp,12,2025-01-27T16:40:00+00:00,2025-01-27T16:45:00+00:00,1,long,0.003858502511,-0.001214469784,21118.49,21107.24,-1.425,0.3,research_development_density_lift_trade_shape_model_training_and_proxy_scout_only_no_mt5_execution_no_forward_pass_no_live_readiness_no_operating_promotion_no_runtime_authority_no_goal_claim
run364L_train_density_lift_trade_shape_onnx_scout_without_db_v1,validation,h6_move3__rf4_l120_n64,h6_move3,long_only_margin,long_only_margin__density_8_0__maxhold_12__weak_or_opp,weak_or_opp,12,2025-01-27T16:50:00+00:00,2025-01-27T17:05:00+00:00,3,long,0.000714882329,-0.001214469784,21139.87,21111.87,-3.1,0.3,research_development_density_lift_trade_shape_model_training_and_proxy_scout_only_no_mt5_execution_no_forward_pass_no_live_readiness_no_operating_promotion_no_runtime_authority_no_goal_claim
run364L_train_density_lift_trade_shape_onnx_scout_without_db_v1,validation,h6_move3__rf4_l120_n64,h6_move3,long_only_margin,long_only_margin__density_8_0__maxhold_12__weak_or_opp,weak_or_opp,12,2025-01-27T17:30:00+00:00,2025-01-27T17:35:00+00:00,1,long,8.2354768e-05,-0.001214469784,21202.49,21235.87,3.038,0.3,research_development_density_lift_trade_shape_model_training_and_proxy_scout_only_no_mt5_execution_no_forward_pass_no_live_readiness_no_operating_promotion_no_runtime_authority_no_goal_claim
run364L_train_density_lift_trade_shape_onnx_scout_without_db_v1,validation,h6_move3__rf4_l120_n64,h6_move3,long_only_margin,long_only_margin__density_8_0__maxhold_12__weak_or_opp,weak_or_opp,12,2025-01-27T17:40:00+00:00,2025-01-27T17:50:00+00:00,2,long,0.00600577969,-0.001214469784,21224.37,21192.12,-3.525,0.3,research_development_density_lift_trade_shape_model_training_and_proxy_scout_only_no_mt5_execution_no_forward_pass_no_live_readiness_no_operating_promotion_no_runtime_authority_no_goal_claim
run364L_train_density_lift_trade_shape_onnx_scout_without_db_v1,validation,h6_move3__rf4_l120_n64,h6_move3,long_only_margin,long_only_margin__density_8_0__maxhold_12__weak_or_opp,weak_or_opp,12,2025-01-27T17:55:00+00:00,2025-01-27T18:00:00+00:00,1,long,-0.000633542296,-0.001214469784,21207.24,21146.24,-6.4,0.3,research_development_density_lift_trade_shape_model_training_and_proxy_scout_only_no_mt5_execution_no_forward_pass_no_live_readiness_no_operating_promotion_no_runtime_authority_no_goal_claim
run364L_train_density_lift_trade_shape_onnx_scout_without_db_v1,validation,h6_move3__rf4_l120_n64,h6_move3,long_only_margin,long_only_margin__density_8_0__maxhold_12__weak_or_opp,weak_or_opp,12,2025-01-28T17:00:00+00:00,2025-01-28T17:10:00+00:00,2,long,0.005353857219,-0.001214469784,21123.34,21156.59,3.025,0.3,research_development_density_lift_trade_shape_model_training_and_proxy_scout_only_no_mt5_execution_no_forward_pass_no_live_readiness_no_operating_promotion_no_runtime_authority_no_goal_claim
run364L_train_density_lift_trade_shape_onnx_scout_without_db_v1,validation,h6_move3__rf4_l120_n64,h6_move3,long_only_margin,long_only_margin__density_8_0__maxhold_12__weak_or_opp,weak_or_opp,12,2025-01-28T17:15:00+00:00,2025-01-28T17:50:00+00:00,7,long,0.000636923321,-0.001214469784,21213.34,21275.59,5.925,0.3,research_development_density_lift_trade_shape_model_training_and_proxy_scout_only_no_mt5_execution_no_forward_pass_no_live_readiness_no_operating_promotion_no_runtime_authority_no_goal_claim
run364L_train_density_lift_trade_shape_onnx_scout_without_db_v1,validation,h6_move3__rf4_l120_n64,h6_move3,long_only_margin,long_only_margin__density_8_0__maxhold_12__weak_or_opp,weak_or_opp,12,2025-01-28T17:55:00+00:00,2025-01-28T18:00:00+00:00,1,long,0.003954422663,-0.001214469784,21247.46,21294.21,4.375,0.3,research_development_density_lift_trade_shape_model_training_and_proxy_scout_only_no_mt5_execution_no_forward_pass_no_live_readiness_no_operating_promotion_no_runtime_authority_no_goal_claim
run364L_train_density_lift_trade_shape_onnx_scout_without_db_v1,validation,h6_move3__rf4_l120_n64,h6_move3,long_only_margin,long_only_margin__density_8_0__maxhold_12__weak_or_opp,weak_or_opp,12,2025-01-28T18:05:00+00:00,2025-01-28T18:15:00+00:00,2,long,-0.000828003555,-0.001214469784,21287.34,21288.34,-0.2,0.3,research_development_density_lift_trade_shape_model_training_and_proxy_scout_only_no_mt5_execution_no_forward_pass_no_live_readiness_no_operating_promotion_no_runtime_authority_no_goal_claim
run364L_train_density_lift_trade_shape_onnx_scout_without_db_v1,validation,h6_move3__rf4_l120_n64,h6_move3,long_only_margin,long_only_margin__density_8_0__maxhold_12__weak_or_opp,weak_or_opp,12,2025-01-28T18:25:00+00:00,2025-01-28T18:30:00+00:00,1,long,-0.00095461387,-0.001214469784,21260.21,21243.84,-1.937,0.3,research_development_density_lift_trade_shape_model_training_and_proxy_scout_only_no_mt5_execution_no_forward_pass_no_live_readiness_no_operating_promotion_no_runtime_authority_no_goal_claim
run364L_train_density_lift_trade_shape_onnx_scout_without_db_v1,validation,h6_move3__rf4_l120_n64,h6_move3,long_only_margin,long_only_margin__density_8_0__maxhold_12__weak_or_opp,weak_or_opp,12,2025-01-28T18:35:00+00:00,2025-01-28T18:40:00+00:00,1,long,0.001664794958,-0.001214469784,21257.96,21283.21,2.225,0.3,research_development_density_lift_trade_shape_model_training_and_proxy_scout_only_no_mt5_execution_no_forward_pass_no_live_readiness_no_operating_promotion_no_runtime_authority_no_goal_claim
run364L_train_density_lift_trade_shape_onnx_scout_without_db_v1,validation,h6_move3__rf4_l120_n64,h6_move3,long_only_margin,long_only_margin__density_8_0__maxhold_12__weak_or_opp,weak_or_opp,12,2025-01-28T19:00:00+00:00,2025-01-28T19:35:00+00:00,6,long,0.001081979555,-0.001214469784,21311.46,21395.96,8.15,0.3,research_development_density_lift_trade_shape_model_training_and_proxy_scout_only_no_mt5_execution_no_forward_pass_no_live_readiness_no_operating_promotion_no_runtime_authority_no_goal_claim
run364L_train_density_lift_trade_shape_onnx_scout_without_db_v1,validation,h6_move3__rf4_l120_n64,h6_move3,long_only_margin,long_only_margin__density_8_0__maxhold_12__weak_or_opp,weak_or_opp,12,2025-01-29T17:15:00+00:00,2025-01-29T17:30:00+00:00,3,long,0.000338886439,-0.001214469784,21378.55,21345.17,-3.638,0.3,research_development_density_lift_trade_shape_model_training_and_proxy_scout_only_no_mt5_execution_no_forward_pass_no_live_readiness_no_operating_promotion_no_runtime_authority_no_goal_claim
run364L_train_density_lift_trade_shape_onnx_scout_without_db_v1,validation,h6_move3__rf4_l120_n64,h6_move3,long_only_margin,long_only_margin__density_8_0__maxhold_12__weak_or_opp,weak_or_opp,12,2025-01-29T17:35:00+00:00,2025-01-29T17:45:00+00:00,2,long,0.000786540929,-0.001214469784,21356.92,21316.67,-4.325,0.3,research_development_density_lift_trade_shape_model_training_and_proxy_scout_only_no_mt5_execution_no_forward_pass_no_live_readiness_no_operating_promotion_no_runtime_authority_no_goal_claim
run364L_train_density_lift_trade_shape_onnx_scout_without_db_v1,validation,h6_move3__rf4_l120_n64,h6_move3,long_only_margin,long_only_margin__density_8_0__maxhold_12__weak_or_opp,weak_or_opp,12,2025-01-30T16:50:00+00:00,2025-01-30T16:55:00+00:00,1,long,0.005236142066,-0.001214469784,21581.37,21555.5,-2.887,0.3,research_development_density_lift_trade_shape_model_training_and_proxy_scout_only_no_mt5_execution_no_forward_pass_no_live_readiness_no_operating_promotion_no_runtime_authority_no_goal_claim
run364L_train_density_lift_trade_shape_onnx_scout_without_db_v1,validation,h6_move3__rf4_l120_n64,h6_move3,long_only_margin,long_only_margin__density_8_0__maxhold_12__weak_or_opp,weak_or_opp,12,2025-01-30T17:05:00+00:00,2025-01-30T17:15:00+00:00,2,long,0.002310157071,-0.001214469784,21443.12,21442.5,-0.362,0.3,research_development_density_lift_trade_shape_model_training_and_proxy_scout_only_no_mt5_execution_no_forward_pass_no_live_readiness_no_operating_promotion_no_runtime_authority_no_goal_claim
run364L_train_density_lift_trade_shape_onnx_scout_without_db_v1,validation,h6_move3__rf4_l120_n64,h6_move3,long_only_margin,long_only_margin__density_8_0__maxhold_12__weak_or_opp,weak_or_opp,12,2025-01-30T17:25:00+00:00,2025-01-30T17:30:00+00:00,1,long,-0.000672931587,-0.001214469784,21447.37,21377.62,-7.275,0.3,research_development_density_lift_trade_shape_model_training_and_proxy_scout_only_no_mt5_execution_no_forward_pass_no_live_readiness_no_operating_promotion_no_runtime_authority_no_goal_claim
run364L_train_density_lift_trade_shape_onnx_scout_without_db_v1,validation,h6_move3__rf4_l120_n64,h6_move3,long_only_margin,long_only_margin__density_8_0__maxhold_12__weak_or_opp,weak_or_opp,12,2025-01-30T18:30:00+00:00,2025-01-30T18:40:00+00:00,2,long,-0.001104839523,-0.001214469784,21396.12,21397.12,-0.2,0.3,research_development_density_lift_trade_shape_model_training_and_proxy_scout_only_no_mt5_execution_no_forward_pass_no_live_readiness_no_operating_promotion_no_runtime_authority_no_goal_claim
run364L_train_density_lift_trade_shape_onnx_scout_without_db_v1,validation,h6_move3__rf4_l120_n64,h6_move3,long_only_margin,long_only_margin__density_8_0__maxhold_12__weak_or_opp,weak_or_opp,12,2025-01-31T17:05:00+00:00,2025-01-31T17:10:00+00:00,1,long,0.005527330622,-0.001214469784,21747.48,21734.98,-1.55,0.3,research_development_density_lift_trade_shape_model_training_and_proxy_scout_only_no_mt5_execution_no_forward_pass_no_live_readiness_no_operating_promotion_no_runtime_authority_no_goal_claim
run364L_train_density_lift_trade_shape_onnx_scout_without_db_v1,validation,h6_move3__rf4_l120_n64,h6_move3,long_only_margin,long_only_margin__density_8_0__maxhold_12__weak_or_opp,weak_or_opp,12,2025-01-31T17:15:00+00:00,2025-01-31T18:25:00+00:00,11,long,0.007523336673,-0.001214469784,21745.98,21781.1,3.212,0.3,research_development_density_lift_trade_shape_model_training_and_proxy_scout_only_no_mt5_execution_no_forward_pass_no_live_readiness_no_operating_promotion_no_runtime_authority_no_goal_claim
run364L_train_density_lift_trade_shape_onnx_scout_without_db_v1,validation,h6_move3__rf4_l120_n64,h6_move3,long_only_margin,long_only_margin__density_8_0__maxhold_12__weak_or_opp,weak_or_opp,12,2025-02-03T16:40:00+00:00,2025-02-03T16:45:00+00:00,1,long,0.003659220655,-0.001214469784,21166.24,21119.24,-5.0,0.3,research_development_density_lift_trade_shape_model_training_and_proxy_scout_only_no_mt5_execution_no_forward_pass_no_live_readiness_no_operating_promotion_no_runtime_authority_no_goal_claim
run364L_train_density_lift_trade_shape_onnx_scout_without_db_v1,validation,h6_move3__rf4_l120_n64,h6_move3,long_only_margin,long_only_margin__density_8_0__maxhold_12__weak_or_opp,weak_or_opp,12,2025-02-03T17:00:00+00:00,2025-02-03T17:05:00+00:00,1,long,0.001461530934,-0.001214469784,21076.99,21027.36,-5.263,0.3,research_development_density_lift_trade_shape_model_training_and_proxy_scout_only_no_mt5_execution_no_forward_pass_no_live_readiness_no_operating_promotion_no_runtime_authority_no_goal_claim
run364L_train_density_lift_trade_shape_onnx_scout_without_db_v1,validation,h6_move3__rf4_l120_n64,h6_move3,long_only_margin,long_only_margin__density_8_0__maxhold_12__weak_or_opp,weak_or_opp,12,2025-02-03T17:25:00+00:00,2025-02-03T17:30:00+00:00,1,long,0.003893280182,-0.001214469784,21170.99,21212.49,3.85,0.3,research_development_density_lift_trade_shape_model_training_and_proxy_scout_only_no_mt5_execution_no_forward_pass_no_live_readiness_no_operating_promotion_no_runtime_authority_no_goal_claim
run364L_train_density_lift_trade_shape_onnx_scout_without_db_v1,validation,h6_move3__rf4_l120_n64,h6_move3,long_only_margin,long_only_margin__density_8_0__maxhold_12__weak_or_opp,weak_or_opp,12,2025-02-03T17:35:00+00:00,2025-02-03T17:45:00+00:00,2,long,0.002216802663,-0.001214469784,21228.36,21297.49,6.613,0.3,research_development_density_lift_trade_shape_model_training_and_proxy_scout_only_no_mt5_execution_no_forward_pass_no_live_readiness_no_operating_promotion_no_runtime_authority_no_goal_claim
run364L_train_density_lift_trade_shape_onnx_scout_without_db_v1,validation,h6_move3__rf4_l120_n64,h6_move3,long_only_margin,long_only_margin__density_8_0__maxhold_12__weak_or_opp,weak_or_opp,12,2025-02-03T17:50:00+00:00,2025-02-03T18:00:00+00:00,2,long,-7.2404056e-05,-0.001214469784,21269.36,21277.86,0.55,0.3,research_development_density_lift_trade_shape_model_training_and_proxy_scout_only_no_mt5_execution_no_forward_pass_no_live_readiness_no_operating_promotion_no_runtime_authority_no_goal_claim
run364L_train_density_lift_trade_shape_onnx_scout_without_db_v1,validation,h6_move3__rf4_l120_n64,h6_move3,long_only_margin,long_only_margin__density_8_0__maxhold_12__weak_or_opp,weak_or_opp,12,2025-02-03T18:05:00+00:00,2025-02-03T18:50:00+00:00,9,long,0.006040096385,-0.001214469784,21265.86,21264.36,-0.45,0.3,research_development_density_lift_trade_shape_model_training_and_proxy_scout_only_no_mt5_execution_no_forward_pass_no_live_readiness_no_operating_promotion_no_runtime_authority_no_goal_claim
run364L_train_density_lift_trade_shape_onnx_scout_without_db_v1,validation,h6_move3__rf4_l120_n64,h6_move3,long_only_margin,long_only_margin__density_8_0__maxhold_12__weak_or_opp,weak_or_opp,12,2025-02-03T19:20:00+00:00,2025-02-03T19:25:00+00:00,1,long,-0.00070135655,-0.001214469784,21264.11,21306.61,3.95,0.3,research_development_density_lift_trade_shape_model_training_and_proxy_scout_only_no_mt5_execution_no_forward_pass_no_live_readiness_no_operating_promotion_no_runtime_authority_no_goal_claim
run364L_train_density_lift_trade_shape_onnx_scout_without_db_v1,validation,h6_move3__rf4_l120_n64,h6_move3,long_only_margin,long_only_margin__density_8_0__maxhold_12__weak_or_opp,weak_or_opp,12,2025-02-03T21:00:00+00:00,2025-02-03T21:10:00+00:00,2,long,0.001200109198,-0.001214469784,21324.99,21332.36,0.437,0.3,research_development_density_lift_trade_shape_model_training_and_proxy_scout_only_no_mt5_execution_no_forward_pass_no_live_readiness_no_operating_promotion_no_runtime_authority_no_goal_claim
run364L_train_density_lift_trade_shape_onnx_scout_without_db_v1,validation,h6_move3__rf4_l120_n64,h6_move3,long_only_margin,long_only_margin__density_8_0__maxhold_12__weak_or_opp,weak_or_opp,12,2025-02-03T21:20:00+00:00,2025-02-03T21:25:00+00:00,1,long,0.001321676001,-0.001214469784,21369.11,21364.61,-0.75,0.3,research_development_density_lift_trade_shape_model_training_and_proxy_scout_only_no_mt5_execution_no_forward_pass_no_live_readiness_no_operating_promotion_no_runtime_authority_no_goal_claim
run364L_train_density_lift_trade_shape_onnx_scout_without_db_v1,validation,h6_move3__rf4_l120_n64,h6_move3,long_only_margin,long_only_margin__density_8_0__maxhold_12__weak_or_opp,weak_or_opp,12,2025-02-04T16:55:00+00:00,2025-02-04T17:55:00+00:00,12,long,0.007581112304,-0.001214469784,21409.55,21512.93,10.038,0.3,research_development_density_lift_trade_shape_model_training_and_proxy_scout_only_no_mt5_execution_no_forward_pass_no_live_readiness_no_operating_promotion_no_runtime_authority_no_goal_claim
run364L_train_density_lift_trade_shape_onnx_scout_without_db_v1,validation,h6_move3__rf4_l120_n64,h6_move3,long_only_margin,long_only_margin__density_8_0__maxhold_12__weak_or_opp,weak_or_opp,12,2025-02-04T18:00:00+00:00,2025-02-04T18:10:00+00:00,2,long,0.008483741726,-0.001214469784,21496.3,21520.93,2.163,0.3,research_development_density_lift_trade_shape_model_training_and_proxy_scout_only_no_mt5_execution_no_forward_pass_no_live_readiness_no_operating_promotion_no_runtime_authority_no_goal_claim
run364L_train_density_lift_trade_shape_onnx_scout_without_db_v1,validation,h6_move3__rf4_l120_n64,h6_move3,long_only_margin,long_only_margin__density_8_0__maxhold_12__weak_or_opp,weak_or_opp,12,2025-02-04T18:30:00+00:00,2025-02-04T18:35:00+00:00,1,long,0.008178559004,-0.001214469784,21546.3,21530.8,-1.85,0.3,research_development_density_lift_trade_shape_model_training_and_proxy_scout_only_no_mt5_execution_no_forward_pass_no_live_readiness_no_operating_promotion_no_runtime_authority_no_goal_claim
run364L_train_density_lift_trade_shape_onnx_scout_without_db_v1,validation,h6_move3__rf4_l120_n64,h6_move3,long_only_margin,long_only_margin__density_8_0__maxhold_12__weak_or_opp,weak_or_opp,12,2025-02-04T18:45:00+00:00,2025-02-04T18:55:00+00:00,2,long,0.002290291731,-0.001214469784,21530.05,21519.05,-1.4,0.3,research_development_density_lift_trade_shape_model_training_and_proxy_scout_only_no_mt5_execution_no_forward_pass_no_live_readiness_no_operating_promotion_no_runtime_authority_no_goal_claim
run364L_train_density_lift_trade_shape_onnx_scout_without_db_v1,oos,h6_move3__rf4_l120_n64,h6_move3,long_only_margin,long_only_margin__density_8_0__maxhold_12__weak_or_opp,weak_or_opp,12,2025-10-01T16:40:00+00:00,2025-10-01T16:50:00+00:00,2,long,0.00657875317,-0.001214469784,24620.3,24529.3,-9.4,0.3,research_development_density_lift_trade_shape_model_training_and_proxy_scout_only_no_mt5_execution_no_forward_pass_no_live_readiness_no_operating_promotion_no_runtime_authority_no_goal_claim
run364L_train_density_lift_trade_shape_onnx_scout_without_db_v1,oos,h6_move3__rf4_l120_n64,h6_move3,long_only_margin,long_only_margin__density_8_0__maxhold_12__weak_or_opp,weak_or_opp,12,2025-10-01T17:05:00+00:00,2025-10-01T17:50:00+00:00,8,long,0.000602261577,-0.001214469784,24614.55,24677.43,5.988,0.3,research_development_density_lift_trade_shape_model_training_and_proxy_scout_only_no_mt5_execution_no_forward_pass_no_live_readiness_no_operating_promotion_no_runtime_authority_no_goal_claim
run364L_train_density_lift_trade_shape_onnx_scout_without_db_v1,oos,h6_move3__rf4_l120_n64,h6_move3,long_only_margin,long_only_margin__density_8_0__maxhold_12__weak_or_opp,weak_or_opp,12,2025-10-02T16:40:00+00:00,2025-10-02T16:45:00+00:00,1,long,0.001228890451,-0.001214469784,24876.19,24843.56,-3.563,0.3,research_development_density_lift_trade_shape_model_training_and_proxy_scout_only_no_mt5_execution_no_forward_pass_no_live_readiness_no_operating_promotion_no_runtime_authority_no_goal_claim
run364L_train_density_lift_trade_shape_onnx_scout_without_db_v1,oos,h6_move3__rf4_l120_n64,h6_move3,long_only_margin,long_only_margin__density_8_0__maxhold_12__weak_or_opp,weak_or_opp,12,2025-10-02T18:10:00+00:00,2025-10-02T18:15:00+00:00,1,long,-5.111862e-06,-0.001214469784,24828.06,24827.56,-0.35,0.3,research_development_density_lift_trade_shape_model_training_and_proxy_scout_only_no_mt5_execution_no_forward_pass_no_live_readiness_no_operating_promotion_no_runtime_authority_no_goal_claim
run364L_train_density_lift_trade_shape_onnx_scout_without_db_v1,oos,h6_move3__rf4_l120_n64,h6_move3,long_only_margin,long_only_margin__density_8_0__maxhold_12__weak_or_opp,weak_or_opp,12,2025-10-02T18:40:00+00:00,2025-10-02T18:45:00+00:00,1,long,0.000816155411,-0.001214469784,24815.56,24820.81,0.225,0.3,research_development_density_lift_trade_shape_model_training_and_proxy_scout_only_no_mt5_execution_no_forward_pass_no_live_readiness_no_operating_promotion_no_runtime_authority_no_goal_claim
run364L_train_density_lift_trade_shape_onnx_scout_without_db_v1,oos,h6_move3__rf4_l120_n64,h6_move3,long_only_margin,long_only_margin__density_8_0__maxhold_12__weak_or_opp,weak_or_opp,12,2025-10-02T18:55:00+00:00,2025-10-02T19:10:00+00:00,2,long,5.63988e-06,-0.001214469784,24857.81,24852.56,-0.825,0.3,research_development_density_lift_trade_shape_model_training_and_proxy_scout_only_no_mt5_execution_no_forward_pass_no_live_readiness_no_operating_promotion_no_runtime_authority_no_goal_claim
run364L_train_density_lift_trade_shape_onnx_scout_without_db_v1,oos,h6_move3__rf4_l120_n64,h6_move3,long_only_margin,long_only_margin__density_8_0__maxhold_12__weak_or_opp,weak_or_opp,12,2025-10-03T17:25:00+00:00,2025-10-03T17:35:00+00:00,1,long,0.002966095248,-0.001214469784,24874.98,24889.86,1.188,0.3,research_development_density_lift_trade_shape_model_training_and_proxy_scout_only_no_mt5_execution_no_forward_pass_no_live_readiness_no_operating_promotion_no_runtime_authority_no_goal_claim
run364L_train_density_lift_trade_shape_onnx_scout_without_db_v1,oos,h6_move3__rf4_l120_n64,h6_move3,long_only_margin,long_only_margin__density_8_0__maxhold_12__weak_or_opp,weak_or_opp,12,2025-10-03T17:50:00+00:00,2025-10-03T18:00:00+00:00,2,long,0.002470188507,-0.001214469784,24895.73,24912.73,1.4,0.3,research_development_density_lift_trade_shape_model_training_and_proxy_scout_only_no_mt5_execution_no_forward_pass_no_live_readiness_no_operating_promotion_no_runtime_authority_no_goal_claim
run364L_train_density_lift_trade_shape_onnx_scout_without_db_v1,oos,h6_move3__rf4_l120_n64,h6_move3,long_only_margin,long_only_margin__density_8_0__maxhold_12__weak_or_opp,weak_or_opp,12,2025-10-06T17:30:00+00:00,2025-10-06T17:35:00+00:00,1,long,0.001290043796,-0.001214469784,24948.25,24938.5,-1.275,0.3,research_development_density_lift_trade_shape_model_training_and_proxy_scout_only_no_mt5_execution_no_forward_pass_no_live_readiness_no_operating_promotion_no_runtime_authority_no_goal_claim
run364L_train_density_lift_trade_shape_onnx_scout_without_db_v1,oos,h6_move3__rf4_l120_n64,h6_move3,long_only_margin,long_only_margin__density_8_0__maxhold_12__weak_or_opp,weak_or_opp,12,2025-10-06T17:50:00+00:00,2025-10-06T17:55:00+00:00,1,long,0.002771330313,-0.001214469784,24960.25,24942.38,-2.087,0.3,research_development_density_lift_trade_shape_model_training_and_proxy_scout_only_no_mt5_execution_no_forward_pass_no_live_readiness_no_operating_promotion_no_runtime_authority_no_goal_claim
run364L_train_density_lift_trade_shape_onnx_scout_without_db_v1,oos,h6_move3__rf4_l120_n64,h6_move3,long_only_margin,long_only_margin__density_8_0__maxhold_12__weak_or_opp,weak_or_opp,12,2025-10-07T20:05:00+00:00,2025-10-07T20:10:00+00:00,1,long,0.001006627869,-0.001214469784,24852.85,24857.35,0.15,0.3,research_development_density_lift_trade_shape_model_training_and_proxy_scout_only_no_mt5_execution_no_forward_pass_no_live_readiness_no_operating_promotion_no_runtime_authority_no_goal_claim
run364L_train_density_lift_trade_shape_onnx_scout_without_db_v1,oos,h6_move3__rf4_l120_n64,h6_move3,long_only_margin,long_only_margin__density_8_0__maxhold_12__weak_or_opp,weak_or_opp,12,2025-10-08T16:50:00+00:00,2025-10-08T17:40:00+00:00,8,long,-0.00034459695,-0.001214469784,24972.96,25024.46,4.85,0.3,research_development_density_lift_trade_shape_model_training_and_proxy_scout_only_no_mt5_execution_no_forward_pass_no_live_readiness_no_operating_promotion_no_runtime_authority_no_goal_claim
run364L_train_density_lift_trade_shape_onnx_scout_without_db_v1,oos,h6_move3__rf4_l120_n64,h6_move3,long_only_margin,long_only_margin__density_8_0__maxhold_12__weak_or_opp,weak_or_opp,12,2025-10-09T17:05:00+00:00,2025-10-09T17:10:00+00:00,1,long,0.001163154217,-0.001214469784,25093.87,25085.62,-1.125,0.3,research_development_density_lift_trade_shape_model_training_and_proxy_scout_only_no_mt5_execution_no_forward_pass_no_live_readiness_no_operating_promotion_no_runtime_authority_no_goal_claim
run364L_train_density_lift_trade_shape_onnx_scout_without_db_v1,oos,h6_move3__rf4_l120_n64,h6_move3,long_only_margin,long_only_margin__density_8_0__maxhold_12__weak_or_opp,weak_or_opp,12,2025-10-09T17:15:00+00:00,2025-10-09T17:25:00+00:00,2,long,0.002316326986,-0.001214469784,25085.37,25086.37,-0.2,0.3,research_development_density_lift_trade_shape_model_training_and_proxy_scout_only_no_mt5_execution_no_forward_pass_no_live_readiness_no_operating_promotion_no_runtime_authority_no_goal_claim
run364L_train_density_lift_trade_shape_onnx_scout_without_db_v1,oos,h6_move3__rf4_l120_n64,h6_move3,long_only_margin,long_only_margin__density_8_0__maxhold_12__weak_or_opp,weak_or_opp,12,2025-10-09T18:00:00+00:00,2025-10-09T18:10:00+00:00,2,long,0.002663493601,-0.001214469784,25064.75,25080.0,1.225,0.3,research_development_density_lift_trade_shape_model_training_and_proxy_scout_only_no_mt5_execution_no_forward_pass_no_live_readiness_no_operating_promotion_no_runtime_authority_no_goal_claim
run364L_train_density_lift_trade_shape_onnx_scout_without_db_v1,oos,h6_move3__rf4_l120_n64,h6_move3,long_only_margin,long_only_margin__density_8_0__maxhold_12__weak_or_opp,weak_or_opp,12,2025-10-10T17:10:00+00:00,2025-10-10T17:15:00+00:00,1,long,0.003095494475,-0.001214469784,25163.65,25145.9,-2.075,0.3,research_development_density_lift_trade_shape_model_training_and_proxy_scout_only_no_mt5_execution_no_forward_pass_no_live_readiness_no_operating_promotion_no_runtime_authority_no_goal_claim
run364L_train_density_lift_trade_shape_onnx_scout_without_db_v1,oos,h6_move3__rf4_l120_n64,h6_move3,long_only_margin,long_only_margin__density_8_0__maxhold_12__weak_or_opp,weak_or_opp,12,2025-10-10T17:25:00+00:00,2025-10-10T17:45:00+00:00,4,long,0.004411644513,-0.001214469784,25155.4,25157.15,-0.125,0.3,research_development_density_lift_trade_shape_model_training_and_proxy_scout_only_no_mt5_execution_no_forward_pass_no_live_readiness_no_operating_promotion_no_runtime_authority_no_goal_claim
run364L_train_density_lift_trade_shape_onnx_scout_without_db_v1,oos,h6_move3__rf4_l120_n64,h6_move3,long_only_margin,long_only_margin__density_8_0__maxhold_12__weak_or_opp,weak_or_opp,12,2025-10-13T16:55:00+00:00,2025-10-13T17:25:00+00:00,6,long,0.005573807843,-0.001214469784,24667.05,24663.3,-0.675,0.3,research_development_density_lift_trade_shape_model_training_and_proxy_scout_only_no_mt5_execution_no_forward_pass_no_live_readiness_no_operating_promotion_no_runtime_authority_no_goal_claim
run364L_train_density_lift_trade_shape_onnx_scout_without_db_v1,oos,h6_move3__rf4_l120_n64,h6_move3,long_only_margin,long_only_margin__density_8_0__maxhold_12__weak_or_opp,weak_or_opp,12,2025-10-13T17:35:00+00:00,2025-10-13T17:50:00+00:00,2,long,0.007713229068,-0.001214469784,24678.92,24629.55,-5.237,0.3,research_development_density_lift_trade_shape_model_training_and_proxy_scout_only_no_mt5_execution_no_forward_pass_no_live_readiness_no_operating_promotion_no_runtime_authority_no_goal_claim
run364L_train_density_lift_trade_shape_onnx_scout_without_db_v1,oos,h6_move3__rf4_l120_n64,h6_move3,long_only_margin,long_only_margin__density_8_0__maxhold_12__weak_or_opp,weak_or_opp,12,2025-10-13T17:55:00+00:00,2025-10-13T18:00:00+00:00,1,long,-0.001035675322,-0.001214469784,24609.55,24584.42,-2.813,0.3,research_development_density_lift_trade_shape_model_training_and_proxy_scout_only_no_mt5_execution_no_forward_pass_no_live_readiness_no_operating_promotion_no_runtime_authority_no_goal_claim
run364L_train_density_lift_trade_shape_onnx_scout_without_db_v1,oos,h6_move3__rf4_l120_n64,h6_move3,long_only_margin,long_only_margin__density_8_0__maxhold_12__weak_or_opp,weak_or_opp,12,2025-10-13T18:25:00+00:00,2025-10-13T18:40:00+00:00,2,long,0.000617494453,-0.001214469784,24692.42,24699.8,0.438,0.3,research_development_density_lift_trade_shape_model_training_and_proxy_scout_only_no_mt5_execution_no_forward_pass_no_live_readiness_no_operating_promotion_no_runtime_authority_no_goal_claim
run364L_train_density_lift_trade_shape_onnx_scout_without_db_v1,oos,h6_move3__rf4_l120_n64,h6_move3,long_only_margin,long_only_margin__density_8_0__maxhold_12__weak_or_opp,weak_or_opp,12,2025-10-13T18:50:00+00:00,2025-10-13T18:55:00+00:00,1,long,0.005777496226,-0.001214469784,24708.8,24712.17,0.037,0.3,research_development_density_lift_trade_shape_model_training_and_proxy_scout_only_no_mt5_execution_no_forward_pass_no_live_readiness_no_operating_promotion_no_runtime_authority_no_goal_claim
run364L_train_density_lift_trade_shape_onnx_scout_without_db_v1,oos,h6_move3__rf4_l120_n64,h6_move3,long_only_margin,long_only_margin__density_8_0__maxhold_12__weak_or_opp,weak_or_opp,12,2025-10-14T17:20:00+00:00,2025-10-14T17:25:00+00:00,1,long,0.000755425902,-0.001214469784,24458.64,24518.14,5.65,0.3,research_development_density_lift_trade_shape_model_training_and_proxy_scout_only_no_mt5_execution_no_forward_pass_no_live_readiness_no_operating_promotion_no_runtime_authority_no_goal_claim
run364L_train_density_lift_trade_shape_onnx_scout_without_db_v1,oos,h6_move3__rf4_l120_n64,h6_move3,long_only_margin,long_only_margin__density_8_0__maxhold_12__weak_or_opp,weak_or_opp,12,2025-10-14T17:40:00+00:00,2025-10-14T17:45:00+00:00,1,long,0.004788112385,-0.001214469784,24558.76,24549.26,-1.25,0.3,research_development_density_lift_trade_shape_model_training_and_proxy_scout_only_no_mt5_execution_no_forward_pass_no_live_readiness_no_operating_promotion_no_runtime_authority_no_goal_claim
run364L_train_density_lift_trade_shape_onnx_scout_without_db_v1,oos,h6_move3__rf4_l120_n64,h6_move3,long_only_margin,long_only_margin__density_8_0__maxhold_12__weak_or_opp,weak_or_opp,12,2025-10-14T18:00:00+00:00,2025-10-14T18:05:00+00:00,1,long,-0.00049412581,-0.001214469784,24519.39,24569.14,4.675,0.3,research_development_density_lift_trade_shape_model_training_and_proxy_scout_only_no_mt5_execution_no_forward_pass_no_live_readiness_no_operating_promotion_no_runtime_authority_no_goal_claim
run364L_train_density_lift_trade_shape_onnx_scout_without_db_v1,oos,h6_move3__rf4_l120_n64,h6_move3,long_only_margin,long_only_margin__density_8_0__maxhold_12__weak_or_opp,weak_or_opp,12,2025-10-14T18:10:00+00:00,2025-10-14T18:25:00+00:00,3,long,-0.000850916941,-0.001214469784,24543.01,24560.01,1.4,0.3,research_development_density_lift_trade_shape_model_training_and_proxy_scout_only_no_mt5_execution_no_forward_pass_no_live_readiness_no_operating_promotion_no_runtime_authority_no_goal_claim
run364L_train_density_lift_trade_shape_onnx_scout_without_db_v1,oos,h6_move3__rf4_l120_n64,h6_move3,long_only_margin,long_only_margin__density_8_0__maxhold_12__weak_or_opp,weak_or_opp,12,2025-10-14T18:30:00+00:00,2025-10-14T18:40:00+00:00,2,long,0.001267633584,-0.001214469784,24533.39,24543.51,0.712,0.3,research_development_density_lift_trade_shape_model_training_and_proxy_scout_only_no_mt5_execution_no_forward_pass_no_live_readiness_no_operating_promotion_no_runtime_authority_no_goal_claim
run364L_train_density_lift_trade_shape_onnx_scout_without_db_v1,oos,h6_move3__rf4_l120_n64,h6_move3,long_only_margin,long_only_margin__density_8_0__maxhold_12__weak_or_opp,weak_or_opp,12,2025-10-14T18:50:00+00:00,2025-10-14T19:05:00+00:00,3,long,-0.000435371365,-0.001214469784,24632.51,24618.51,-1.7,0.3,research_development_density_lift_trade_shape_model_training_and_proxy_scout_only_no_mt5_execution_no_forward_pass_no_live_readiness_no_operating_promotion_no_runtime_authority_no_goal_claim
run364L_train_density_lift_trade_shape_onnx_scout_without_db_v1,oos,h6_move3__rf4_l120_n64,h6_move3,long_only_margin,long_only_margin__density_8_0__maxhold_12__weak_or_opp,weak_or_opp,12,2025-10-14T19:10:00+00:00,2025-10-14T20:10:00+00:00,12,long,0.001664925316,-0.001214469784,24595.14,24740.01,14.187,0.3,research_development_density_lift_trade_shape_model_training_and_proxy_scout_only_no_mt5_execution_no_forward_pass_no_live_readiness_no_operating_promotion_no_runtime_authority_no_goal_claim
run364L_train_density_lift_trade_shape_onnx_scout_without_db_v1,oos,h6_move3__rf4_l120_n64,h6_move3,long_only_margin,long_only_margin__density_8_0__maxhold_12__weak_or_opp,weak_or_opp,12,2025-10-15T17:00:00+00:00,2025-10-15T17:50:00+00:00,10,long,0.002426154067,-0.001214469784,24846.47,24921.59,7.212,0.3,research_development_density_lift_trade_shape_model_training_and_proxy_scout_only_no_mt5_execution_no_forward_pass_no_live_readiness_no_operating_promotion_no_runtime_authority_no_goal_claim
run364L_train_density_lift_trade_shape_onnx_scout_without_db_v1,oos,h6_move3__rf4_l120_n64,h6_move3,long_only_margin,long_only_margin__density_8_0__maxhold_12__weak_or_opp,weak_or_opp,12,2025-10-15T18:00:00+00:00,2025-10-15T18:10:00+00:00,2,long,0.007050814875,-0.001214469784,24932.59,24920.84,-1.475,0.3,research_development_density_lift_trade_shape_model_training_and_proxy_scout_only_no_mt5_execution_no_forward_pass_no_live_readiness_no_operating_promotion_no_runtime_authority_no_goal_claim
run364L_train_density_lift_trade_shape_onnx_scout_without_db_v1,oos,h6_move3__rf4_l120_n64,h6_move3,long_only_margin,long_only_margin__density_8_0__maxhold_12__weak_or_opp,weak_or_opp,12,2025-10-15T18:15:00+00:00,2025-10-15T18:25:00+00:00,2,long,0.000536655552,-0.001214469784,24909.59,24888.59,-2.4,0.3,research_development_density_lift_trade_shape_model_training_and_proxy_scout_only_no_mt5_execution_no_forward_pass_no_live_readiness_no_operating_promotion_no_runtime_authority_no_goal_claim
run364L_train_density_lift_trade_shape_onnx_scout_without_db_v1,oos,h6_move3__rf4_l120_n64,h6_move3,long_only_margin,long_only_margin__density_8_0__maxhold_12__weak_or_opp,weak_or_opp,12,2025-10-15T21:30:00+00:00,2025-10-15T21:35:00+00:00,1,long,0.000362837637,-0.001214469784,24724.22,24752.09,2.487,0.3,research_development_density_lift_trade_shape_model_training_and_proxy_scout_only_no_mt5_execution_no_forward_pass_no_live_readiness_no_operating_promotion_no_runtime_authority_no_goal_claim
run364L_train_density_lift_trade_shape_onnx_scout_without_db_v1,oos,h6_move3__rf4_l120_n64,h6_move3,long_only_margin,long_only_margin__density_8_0__maxhold_12__weak_or_opp,weak_or_opp,12,2025-10-15T21:55:00+00:00,2025-10-15T22:00:00+00:00,1,long,0.000537762863,-0.001214469784,24776.84,24785.22,0.538,0.3,research_development_density_lift_trade_shape_model_training_and_proxy_scout_only_no_mt5_execution_no_forward_pass_no_live_readiness_no_operating_promotion_no_runtime_authority_no_goal_claim
run364L_train_density_lift_trade_shape_onnx_scout_without_db_v1,oos,h6_move3__rf4_l120_n64,h6_move3,long_only_margin,long_only_margin__density_8_0__maxhold_12__weak_or_opp,weak_or_opp,12,2025-10-16T16:45:00+00:00,2025-10-16T16:50:00+00:00,1,long,-0.000532150373,-0.001214469784,24927.4,24886.53,-4.387,0.3,research_development_density_lift_trade_shape_model_training_and_proxy_scout_only_no_mt5_execution_no_forward_pass_no_live_readiness_no_operating_promotion_no_runtime_authority_no_goal_claim
run364L_train_density_lift_trade_shape_onnx_scout_without_db_v1,oos,h6_move3__rf4_l120_n64,h6_move3,long_only_margin,long_only_margin__density_8_0__maxhold_12__weak_or_opp,weak_or_opp,12,2025-10-16T17:25:00+00:00,2025-10-16T17:50:00+00:00,5,long,0.003113022052,-0.001214469784,24920.78,24977.78,5.4,0.3,research_development_density_lift_trade_shape_model_training_and_proxy_scout_only_no_mt5_execution_no_forward_pass_no_live_readiness_no_operating_promotion_no_runtime_authority_no_goal_claim
run364L_train_density_lift_trade_shape_onnx_scout_without_db_v1,oos,h6_move3__rf4_l120_n64,h6_move3,long_only_margin,long_only_margin__density_8_0__maxhold_12__weak_or_opp,weak_or_opp,12,2025-10-16T17:55:00+00:00,2025-10-16T18:00:00+00:00,1,long,0.005596036165,-0.001214469784,24973.28,24942.28,-3.4,0.3,research_development_density_lift_trade_shape_model_training_and_proxy_scout_only_no_mt5_execution_no_forward_pass_no_live_readiness_no_operating_promotion_no_runtime_authority_no_goal_claim
run364L_train_density_lift_trade_shape_onnx_scout_without_db_v1,oos,h6_move3__rf4_l120_n64,h6_move3,long_only_margin,long_only_margin__density_8_0__maxhold_12__weak_or_opp,weak_or_opp,12,2025-10-16T18:05:00+00:00,2025-10-16T18:10:00+00:00,1,long,0.008685532422,-0.001214469784,24939.4,24960.03,1.763,0.3,research_development_density_lift_trade_shape_model_training_and_proxy_scout_only_no_mt5_execution_no_forward_pass_no_live_readiness_no_operating_promotion_no_runtime_authority_no_goal_claim
run364L_train_density_lift_trade_shape_onnx_scout_without_db_v1,oos,h6_move3__rf4_l120_n64,h6_move3,long_only_margin,long_only_margin__density_8_0__maxhold_12__weak_or_opp,weak_or_opp,12,2025-10-16T18:15:00+00:00,2025-10-16T18:25:00+00:00,2,long,0.011327862842,-0.001214469784,24959.03,24920.9,-4.113,0.3,research_development_density_lift_trade_shape_model_training_and_proxy_scout_only_no_mt5_execution_no_forward_pass_no_live_readiness_no_operating_promotion_no_runtime_authority_no_goal_claim
run364L_train_density_lift_trade_shape_onnx_scout_without_db_v1,oos,h6_move3__rf4_l120_n64,h6_move3,long_only_margin,long_only_margin__density_8_0__maxhold_12__weak_or_opp,weak_or_opp,12,2025-10-17T16:55:00+00:00,2025-10-17T17:05:00+00:00,2,long,0.002588076976,-0.001214469784,24687.3,24687.17,-0.313,0.3,research_development_density_lift_trade_shape_model_training_and_proxy_scout_only_no_mt5_execution_no_forward_pass_no_live_readiness_no_operating_promotion_no_runtime_authority_no_goal_claim
run364L_train_density_lift_trade_shape_onnx_scout_without_db_v1,oos,h6_move3__rf4_l120_n64,h6_move3,long_only_margin,long_only_margin__density_8_0__maxhold_12__weak_or_opp,weak_or_opp,12,2025-10-17T17:15:00+00:00,2025-10-17T17:35:00+00:00,4,long,0.000708317847,-0.001214469784,24769.3,24696.3,-7.6,0.3,research_development_density_lift_trade_shape_model_training_and_proxy_scout_only_no_mt5_execution_no_forward_pass_no_live_readiness_no_operating_promotion_no_runtime_authority_no_goal_claim
run364L_train_density_lift_trade_shape_onnx_scout_without_db_v1,oos,h6_move3__rf4_l120_n64,h6_move3,long_only_margin,long_only_margin__density_8_0__maxhold_12__weak_or_opp,weak_or_opp,12,2025-10-17T18:05:00+00:00,2025-10-17T18:10:00+00:00,1,long,0.002980370098,-0.001214469784,24661.67,24648.3,-1.637,0.3,research_development_density_lift_trade_shape_model_training_and_proxy_scout_only_no_mt5_execution_no_forward_pass_no_live_readiness_no_operating_promotion_no_runtime_authority_no_goal_claim
run364L_train_density_lift_trade_shape_onnx_scout_without_db_v1,oos,h6_move3__rf4_l120_n64,h6_move3,long_only_margin,long_only_margin__density_8_0__maxhold_12__weak_or_opp,weak_or_opp,12,2025-10-17T19:10:00+00:00,2025-10-17T19:50:00+00:00,8,long,0.005652488477,-0.001214469784,24767.55,24791.3,2.075,0.3,research_development_density_lift_trade_shape_model_training_and_proxy_scout_only_no_mt5_execution_no_forward_pass_no_live_readiness_no_operating_promotion_no_runtime_authority_no_goal_claim
run364L_train_density_lift_trade_shape_onnx_scout_without_db_v1,oos,h6_move3__rf4_l120_n64,h6_move3,long_only_margin,long_only_margin__density_8_0__maxhold_12__weak_or_opp,weak_or_opp,12,2025-10-17T21:05:00+00:00,2025-10-17T21:15:00+00:00,2,long,-0.000448166311,-0.001214469784,24782.8,24805.42,1.962,0.3,research_development_density_lift_trade_shape_model_training_and_proxy_scout_only_no_mt5_execution_no_forward_pass_no_live_readiness_no_operating_promotion_no_runtime_authority_no_goal_claim
run364L_train_density_lift_trade_shape_onnx_scout_without_db_v1,oos,h6_move3__rf4_l120_n64,h6_move3,long_only_margin,long_only_margin__density_8_0__maxhold_12__weak_or_opp,weak_or_opp,12,2025-10-17T21:20:00+00:00,2025-10-17T21:30:00+00:00,2,long,0.000460730447,-0.001214469784,24845.17,24854.17,0.6,0.3,research_development_density_lift_trade_shape_model_training_and_proxy_scout_only_no_mt5_execution_no_forward_pass_no_live_readiness_no_operating_promotion_no_runtime_authority_no_goal_claim
run364L_train_density_lift_trade_shape_onnx_scout_without_db_v1,oos,h6_move3__rf4_l120_n64,h6_move3,long_only_margin,long_only_margin__density_8_0__maxhold_12__weak_or_opp,weak_or_opp,12,2025-10-20T16:35:00+00:00,2025-10-20T17:15:00+00:00,8,long,0.010868239797,-0.001214469784,25034.05,25085.67,4.862,0.3,research_development_density_lift_trade_shape_model_training_and_proxy_scout_only_no_mt5_execution_no_forward_pass_no_live_readiness_no_operating_promotion_no_runtime_authority_no_goal_claim
run364L_train_density_lift_trade_shape_onnx_scout_without_db_v1,oos,h6_move3__rf4_l120_n64,h6_move3,long_only_margin,long_only_margin__density_8_0__maxhold_12__weak_or_opp,weak_or_opp,12,2025-10-20T17:20:00+00:00,2025-10-20T17:40:00+00:00,4,long,0.004550092881,-0.001214469784,25072.92,25133.92,5.8,0.3,research_development_density_lift_trade_shape_model_training_and_proxy_scout_only_no_mt5_execution_no_forward_pass_no_live_readiness_no_operating_promotion_no_runtime_authority_no_goal_claim
run364L_train_density_lift_trade_shape_onnx_scout_without_db_v1,oos,h6_move3__rf4_l120_n64,h6_move3,long_only_margin,long_only_margin__density_8_0__maxhold_12__weak_or_opp,weak_or_opp,12,2025-10-20T18:15:00+00:00,2025-10-20T18:20:00+00:00,1,long,0.003456926183,-0.001214469784,25139.3,25165.42,2.312,0.3,research_development_density_lift_trade_shape_model_training_and_proxy_scout_only_no_mt5_execution_no_forward_pass_no_live_readiness_no_operating_promotion_no_runtime_authority_no_goal_claim
run364L_train_density_lift_trade_shape_onnx_scout_without_db_v1,oos,h6_move3__rf4_l120_n64,h6_move3,long_only_margin,long_only_margin__density_8_0__maxhold_12__weak_or_opp,weak_or_opp,12,2025-10-21T17:10:00+00:00,2025-10-21T17:15:00+00:00,1,long,0.00059373663,-0.001214469784,25079.23,25099.35,1.712,0.3,research_development_density_lift_trade_shape_model_training_and_proxy_scout_only_no_mt5_execution_no_forward_pass_no_live_readiness_no_operating_promotion_no_runtime_authority_no_goal_claim
run364L_train_density_lift_trade_shape_onnx_scout_without_db_v1,oos,h6_move3__rf4_l120_n64,h6_move3,long_only_margin,long_only_margin__density_8_0__maxhold_12__weak_or_opp,weak_or_opp,12,2025-10-21T18:40:00+00:00,2025-10-21T18:45:00+00:00,1,long,-0.001111220633,-0.001214469784,25127.35,25132.6,0.225,0.3,research_development_density_lift_trade_shape_model_training_and_proxy_scout_only_no_mt5_execution_no_forward_pass_no_live_readiness_no_operating_promotion_no_runtime_authority_no_goal_claim
run364L_train_density_lift_trade_shape_onnx_scout_without_db_v1,oos,h6_move3__rf4_l120_n64,h6_move3,long_only_margin,long_only_margin__density_8_0__maxhold_12__weak_or_opp,weak_or_opp,12,2025-10-22T16:50:00+00:00,2025-10-22T17:00:00+00:00,2,long,0.002913628168,-0.001214469784,25110.07,25112.32,-0.075,0.3,research_development_density_lift_trade_shape_model_training_and_proxy_scout_only_no_mt5_execution_no_forward_pass_no_live_readiness_no_operating_promotion_no_runtime_authority_no_goal_claim
run364L_train_density_lift_trade_shape_onnx_scout_without_db_v1,oos,h6_move3__rf4_l120_n64,h6_move3,long_only_margin,long_only_margin__density_8_0__maxhold_12__weak_or_opp,weak_or_opp,12,2025-10-22T17:05:00+00:00,2025-10-22T17:10:00+00:00,1,long,-0.000674543907,-0.001214469784,25104.69,25107.94,0.025,0.3,research_development_density_lift_trade_shape_model_training_and_proxy_scout_only_no_mt5_execution_no_forward_pass_no_live_readiness_no_operating_promotion_no_runtime_authority_no_goal_claim
run364L_train_density_lift_trade_shape_onnx_scout_without_db_v1,oos,h6_move3__rf4_l120_n64,h6_move3,long_only_margin,long_only_margin__density_8_0__maxhold_12__weak_or_opp,weak_or_opp,12,2025-10-22T18:05:00+00:00,2025-10-22T18:10:00+00:00,1,long,0.002332090187,-0.001214469784,25033.07,25014.07,-2.2,0.3,research_development_density_lift_trade_shape_model_training_and_proxy_scout_only_no_mt5_execution_no_forward_pass_no_live_readiness_no_operating_promotion_no_runtime_authority_no_goal_claim
run364L_train_density_lift_trade_shape_onnx_scout_without_db_v1,oos,h6_move3__rf4_l120_n64,h6_move3,long_only_margin,long_only_margin__density_8_0__maxhold_12__weak_or_opp,weak_or_opp,12,2025-10-23T16:45:00+00:00,2025-10-23T17:45:00+00:00,12,long,0.001063349619,-0.001214469784,24949.29,25021.79,6.95,0.3,research_development_density_lift_trade_shape_model_training_and_proxy_scout_only_no_mt5_execution_no_forward_pass_no_live_readiness_no_operating_promotion_no_runtime_authority_no_goal_claim
run364L_train_density_lift_trade_shape_onnx_scout_without_db_v1,oos,h6_move3__rf4_l120_n64,h6_move3,long_only_margin,long_only_margin__density_8_0__maxhold_12__weak_or_opp,weak_or_opp,12,2025-10-23T17:50:00+00:00,2025-10-23T17:55:00+00:00,1,long,0.000900006461,-0.001214469784,25052.04,25014.04,-4.1,0.3,research_development_density_lift_trade_shape_model_training_and_proxy_scout_only_no_mt5_execution_no_forward_pass_no_live_readiness_no_operating_promotion_no_runtime_authority_no_goal_claim
run364L_train_density_lift_trade_shape_onnx_scout_without_db_v1,oos,h6_move3__rf4_l120_n64,h6_move3,long_only_margin,long_only_margin__density_8_0__maxhold_12__weak_or_opp,weak_or_opp,12,2025-10-23T18:05:00+00:00,2025-10-23T18:40:00+00:00,7,long,0.003008748146,-0.001214469784,25037.04,25028.79,-1.125,0.3,research_development_density_lift_trade_shape_model_training_and_proxy_scout_only_no_mt5_execution_no_forward_pass_no_live_readiness_no_operating_promotion_no_runtime_authority_no_goal_claim
run364L_train_density_lift_trade_shape_onnx_scout_without_db_v1,oos,h6_move3__rf4_l120_n64,h6_move3,long_only_margin,long_only_margin__density_8_0__maxhold_12__weak_or_opp,weak_or_opp,12,2025-10-23T18:50:00+00:00,2025-10-23T18:55:00+00:00,1,long,-0.001040456854,-0.001214469784,25024.79,25054.04,2.625,0.3,research_development_density_lift_trade_shape_model_training_and_proxy_scout_only_no_mt5_execution_no_forward_pass_no_live_readiness_no_operating_promotion_no_runtime_authority_no_goal_claim
run364L_train_density_lift_trade_shape_onnx_scout_without_db_v1,oos,h6_move3__rf4_l120_n64,h6_move3,long_only_margin,long_only_margin__density_8_0__maxhold_12__weak_or_opp,weak_or_opp,12,2025-10-23T20:15:00+00:00,2025-10-23T20:20:00+00:00,1,long,0.000557627756,-0.001214469784,25093.29,25082.29,-1.4,0.3,research_development_density_lift_trade_shape_model_training_and_proxy_scout_only_no_mt5_execution_no_forward_pass_no_live_readiness_no_operating_promotion_no_runtime_authority_no_goal_claim
run364L_train_density_lift_trade_shape_onnx_scout_without_db_v1,oos,h6_move3__rf4_l120_n64,h6_move3,long_only_margin,long_only_margin__density_8_0__maxhold_12__weak_or_opp,weak_or_opp,12,2025-10-24T16:35:00+00:00,2025-10-24T16:55:00+00:00,4,long,0.004576610753,-0.001214469784,25350.75,25344.37,-0.938,0.3,research_development_density_lift_trade_shape_model_training_and_proxy_scout_only_no_mt5_execution_no_forward_pass_no_live_readiness_no_operating_promotion_no_runtime_authority_no_goal_claim
run364L_train_density_lift_trade_shape_onnx_scout_without_db_v1,oos,h6_move3__rf4_l120_n64,h6_move3,long_only_margin,long_only_margin__density_8_0__maxhold_12__weak_or_opp,weak_or_opp,12,2025-10-24T17:00:00+00:00,2025-10-24T17:15:00+00:00,3,long,-0.000770055662,-0.001214469784,25370.37,25398.12,2.475,0.3,research_development_density_lift_trade_shape_model_training_and_proxy_scout_only_no_mt5_execution_no_forward_pass_no_live_readiness_no_operating_promotion_no_runtime_authority_no_goal_claim
run364L_train_density_lift_trade_shape_onnx_scout_without_db_v1,oos,h6_move3__rf4_l120_n64,h6_move3,long_only_margin,long_only_margin__density_8_0__maxhold_12__weak_or_opp,weak_or_opp,12,2025-10-24T17:25:00+00:00,2025-10-24T17:30:00+00:00,1,long,0.003175537013,-0.001214469784,25375.62,25360.25,-1.837,0.3,research_development_density_lift_trade_shape_model_training_and_proxy_scout_only_no_mt5_execution_no_forward_pass_no_live_readiness_no_operating_promotion_no_runtime_authority_no_goal_claim
run364L_train_density_lift_trade_shape_onnx_scout_without_db_v1,oos,h6_move3__rf4_l120_n64,h6_move3,long_only_margin,long_only_margin__density_8_0__maxhold_12__weak_or_opp,weak_or_opp,12,2025-10-24T17:35:00+00:00,2025-10-24T17:55:00+00:00,4,long,0.001846301048,-0.001214469784,25360.87,25333.12,-3.075,0.3,research_development_density_lift_trade_shape_model_training_and_proxy_scout_only_no_mt5_execution_no_forward_pass_no_live_readiness_no_operating_promotion_no_runtime_authority_no_goal_claim
run364L_train_density_lift_trade_shape_onnx_scout_without_db_v1,oos,h6_move3__rf4_l120_n64,h6_move3,long_only_margin,long_only_margin__density_8_0__maxhold_12__weak_or_opp,weak_or_opp,12,2025-10-24T18:10:00+00:00,2025-10-24T18:30:00+00:00,3,long,-4.7896786e-05,-0.001214469784,25347.62,25395.12,4.45,0.3,research_development_density_lift_trade_shape_model_training_and_proxy_scout_only_no_mt5_execution_no_forward_pass_no_live_readiness_no_operating_promotion_no_runtime_authority_no_goal_claim
run364L_train_density_lift_trade_shape_onnx_scout_without_db_v1,oos,h6_move3__rf4_l120_n64,h6_move3,long_only_margin,long_only_margin__density_8_0__maxhold_12__weak_or_opp,weak_or_opp,12,2025-10-27T17:20:00+00:00,2025-10-27T17:25:00+00:00,1,long,0.000485938898,-0.001214469784,25705.09,25704.34,-0.375,0.3,research_development_density_lift_trade_shape_model_training_and_proxy_scout_only_no_mt5_execution_no_forward_pass_no_live_readiness_no_operating_promotion_no_runtime_authority_no_goal_claim
run364L_train_density_lift_trade_shape_onnx_scout_without_db_v1,oos,h6_move3__rf4_l120_n64,h6_move3,long_only_margin,long_only_margin__density_8_0__maxhold_12__weak_or_opp,weak_or_opp,12,2025-10-28T16:35:00+00:00,2025-10-28T16:40:00+00:00,1,long,-0.000115718417,-0.001214469784,25943.48,25932.85,-1.363,0.3,research_development_density_lift_trade_shape_model_training_and_proxy_scout_only_no_mt5_execution_no_forward_pass_no_live_readiness_no_operating_promotion_no_runtime_authority_no_goal_claim
run364L_train_density_lift_trade_shape_onnx_scout_without_db_v1,oos,h6_move3__rf4_l120_n64,h6_move3,long_only_margin,long_only_margin__density_8_0__maxhold_12__weak_or_opp,weak_or_opp,12,2025-10-28T16:55:00+00:00,2025-10-28T17:00:00+00:00,1,long,-0.000399176413,-0.001214469784,25906.6,25936.35,2.675,0.3,research_development_density_lift_trade_shape_model_training_and_proxy_scout_only_no_mt5_execution_no_forward_pass_no_live_readiness_no_operating_promotion_no_runtime_authority_no_goal_claim
run364L_train_density_lift_trade_shape_onnx_scout_without_db_v1,oos,h6_move3__rf4_l120_n64,h6_move3,long_only_margin,long_only_margin__density_8_0__maxhold_12__weak_or_opp,weak_or_opp,12,2025-10-30T16:50:00+00:00,2025-10-30T16:55:00+00:00,1,long,0.000242266177,-0.001214469784,25933.41,26010.91,7.45,0.3,research_development_density_lift_trade_shape_model_training_and_proxy_scout_only_no_mt5_execution_no_forward_pass_no_live_readiness_no_operating_promotion_no_runtime_authority_no_goal_claim
run364L_train_density_lift_trade_shape_onnx_scout_without_db_v1,oos,h6_move3__rf4_l120_n64,h6_move3,long_only_margin,long_only_margin__density_8_0__maxhold_12__weak_or_opp,weak_or_opp,12,2025-10-31T17:20:00+00:00,2025-10-31T17:25:00+00:00,1,long,0.001968340129,-0.001214469784,25989.86,25980.48,-1.238,0.3,research_development_density_lift_trade_shape_model_training_and_proxy_scout_only_no_mt5_execution_no_forward_pass_no_live_readiness_no_operating_promotion_no_runtime_authority_no_goal_claim
run364L_train_density_lift_trade_shape_onnx_scout_without_db_v1,oos,h6_move3__rf4_l120_n64,h6_move3,long_only_margin,long_only_margin__density_8_0__maxhold_12__weak_or_opp,weak_or_opp,12,2025-10-31T19:40:00+00:00,2025-10-31T19:45:00+00:00,1,long,0.001921996445,-0.001214469784,25896.23,25862.86,-3.637,0.3,research_development_density_lift_trade_shape_model_training_and_proxy_scout_only_no_mt5_execution_no_forward_pass_no_live_readiness_no_operating_promotion_no_runtime_authority_no_goal_claim
run364L_train_density_lift_trade_shape_onnx_scout_without_db_v1,oos,h6_move3__rf4_l120_n64,h6_move3,long_only_margin,long_only_margin__density_8_0__maxhold_12__weak_or_opp,weak_or_opp,12,2025-11-03T17:55:00+00:00,2025-11-03T18:05:00+00:00,2,long,0.001786820926,-0.001214469784,25960.76,25964.76,0.1,0.3,research_development_density_lift_trade_shape_model_training_and_proxy_scout_only_no_mt5_execution_no_forward_pass_no_live_readiness_no_operating_promotion_no_runtime_authority_no_goal_claim
run364L_train_density_lift_trade_shape_onnx_scout_without_db_v1,oos,h6_move3__rf4_l120_n64,h6_move3,long_only_margin,long_only_margin__density_8_0__maxhold_12__weak_or_opp,weak_or_opp,12,2025-11-03T18:15:00+00:00,2025-11-03T18:20:00+00:00,1,long,0.001985176937,-0.001214469784,25970.51,25985.76,1.225,0.3,research_development_density_lift_trade_shape_model_training_and_proxy_scout_only_no_mt5_execution_no_forward_pass_no_live_readiness_no_operating_promotion_no_runtime_authority_no_goal_claim
run364L_train_density_lift_trade_shape_onnx_scout_without_db_v1,oos,h6_move3__rf4_l120_n64,h6_move3,long_only_margin,long_only_margin__density_8_0__maxhold_12__weak_or_opp,weak_or_opp,12,2025-11-03T18:25:00+00:00,2025-11-03T18:30:00+00:00,1,long,0.000375215639,-0.001214469784,25973.76,25941.26,-3.55,0.3,research_development_density_lift_trade_shape_model_training_and_proxy_scout_only_no_mt5_execution_no_forward_pass_no_live_readiness_no_operating_promotion_no_runtime_authority_no_goal_claim
run364L_train_density_lift_trade_shape_onnx_scout_without_db_v1,oos,h6_move3__rf4_l120_n64,h6_move3,long_only_margin,long_only_margin__density_8_0__maxhold_12__weak_or_opp,weak_or_opp,12,2025-11-03T18:50:00+00:00,2025-11-03T19:00:00+00:00,1,long,-0.001055470254,-0.001214469784,25952.26,26009.01,5.375,0.3,research_development_density_lift_trade_shape_model_training_and_proxy_scout_only_no_mt5_execution_no_forward_pass_no_live_readiness_no_operating_promotion_no_runtime_authority_no_goal_claim
run364L_train_density_lift_trade_shape_onnx_scout_without_db_v1,oos,h6_move3__rf4_l120_n64,h6_move3,long_only_margin,long_only_margin__density_8_0__maxhold_12__weak_or_opp,weak_or_opp,12,2025-11-03T19:10:00+00:00,2025-11-03T19:15:00+00:00,1,long,0.000514440685,-0.001214469784,26009.26,26021.26,0.9,0.3,research_development_density_lift_trade_shape_model_training_and_proxy_scout_only_no_mt5_execution_no_forward_pass_no_live_readiness_no_operating_promotion_no_runtime_authority_no_goal_claim
run364L_train_density_lift_trade_shape_onnx_scout_without_db_v1,oos,h6_move3__rf4_l120_n64,h6_move3,long_only_margin,long_only_margin__density_8_0__maxhold_12__weak_or_opp,weak_or_opp,12,2025-11-04T17:00:00+00:00,2025-11-04T17:05:00+00:00,1,long,0.003908076337,-0.001214469784,25766.54,25766.66,-0.288,0.3,research_development_density_lift_trade_shape_model_training_and_proxy_scout_only_no_mt5_execution_no_forward_pass_no_live_readiness_no_operating_promotion_no_runtime_authority_no_goal_claim
run364L_train_density_lift_trade_shape_onnx_scout_without_db_v1,oos,h6_move3__rf4_l120_n64,h6_move3,long_only_margin,long_only_margin__density_8_0__maxhold_12__weak_or_opp,weak_or_opp,12,2025-11-04T17:10:00+00:00,2025-11-04T17:50:00+00:00,8,long,0.002026725106,-0.001214469784,25743.16,25724.41,-2.175,0.3,research_development_density_lift_trade_shape_model_training_and_proxy_scout_only_no_mt5_execution_no_forward_pass_no_live_readiness_no_operating_promotion_no_runtime_authority_no_goal_claim
run364L_train_density_lift_trade_shape_onnx_scout_without_db_v1,oos,h6_move3__rf4_l120_n64,h6_move3,long_only_margin,long_only_margin__density_8_0__maxhold_12__weak_or_opp,weak_or_opp,12,2025-11-05T16:50:00+00:00,2025-11-05T16:55:00+00:00,1,long,0.008327835266,-0.001214469784,25503.31,25560.81,5.45,0.3,research_development_density_lift_trade_shape_model_training_and_proxy_scout_only_no_mt5_execution_no_forward_pass_no_live_readiness_no_operating_promotion_no_runtime_authority_no_goal_claim
run364L_train_density_lift_trade_shape_onnx_scout_without_db_v1,oos,h6_move3__rf4_l120_n64,h6_move3,long_only_margin,long_only_margin__density_8_0__maxhold_12__weak_or_opp,weak_or_opp,12,2025-11-05T17:00:00+00:00,2025-11-05T18:00:00+00:00,12,long,0.007087183187,-0.001214469784,25564.91,25617.31,4.94,0.3,research_development_density_lift_trade_shape_model_training_and_proxy_scout_only_no_mt5_execution_no_forward_pass_no_live_readiness_no_operating_promotion_no_runtime_authority_no_goal_claim
run364L_train_density_lift_trade_shape_onnx_scout_without_db_v1,oos,h6_move3__rf4_l120_n64,h6_move3,long_only_margin,long_only_margin__density_8_0__maxhold_12__weak_or_opp,weak_or_opp,12,2025-11-05T18:10:00+00:00,2025-11-05T18:15:00+00:00,1,long,0.000986711274,-0.001214469784,25606.44,25574.19,-3.525,0.3,research_development_density_lift_trade_shape_model_training_and_proxy_scout_only_no_mt5_execution_no_forward_pass_no_live_readiness_no_operating_promotion_no_runtime_authority_no_goal_claim
run364L_train_density_lift_trade_shape_onnx_scout_without_db_v1,oos,h6_move3__rf4_l120_n64,h6_move3,long_only_margin,long_only_margin__density_8_0__maxhold_12__weak_or_opp,weak_or_opp,12,2025-11-05T18:20:00+00:00,2025-11-05T18:25:00+00:00,1,long,-0.000286045928,-0.001214469784,25566.44,25605.81,3.637,0.3,research_development_density_lift_trade_shape_model_training_and_proxy_scout_only_no_mt5_execution_no_forward_pass_no_live_readiness_no_operating_promotion_no_runtime_authority_no_goal_claim
run364L_train_density_lift_trade_shape_onnx_scout_without_db_v1,validation,h12_move5__rf5_l80_n64,h12_move5,long_only_margin,long_only_margin__density_16_0__maxhold_8__flat_or_opp,flat_or_opp,8,2025-01-02T16:55:00+00:00,2025-01-02T17:35:00+00:00,8,long,0.030444067729,-0.000562137088,21125.82,21011.32,-11.75,0.3,research_development_density_lift_trade_shape_model_training_and_proxy_scout_only_no_mt5_execution_no_forward_pass_no_live_readiness_no_operating_promotion_no_runtime_authority_no_goal_claim
run364L_train_density_lift_trade_shape_onnx_scout_without_db_v1,validation,h12_move5__rf5_l80_n64,h12_move5,long_only_margin,long_only_margin__density_16_0__maxhold_8__flat_or_opp,flat_or_opp,8,2025-01-02T17:40:00+00:00,2025-01-02T18:25:00+00:00,8,long,0.017920370949,-0.000562137088,21001.19,21034.44,3.025,0.3,research_development_density_lift_trade_shape_model_training_and_proxy_scout_only_no_mt5_execution_no_forward_pass_no_live_readiness_no_operating_promotion_no_runtime_authority_no_goal_claim
run364L_train_density_lift_trade_shape_onnx_scout_without_db_v1,validation,h12_move5__rf5_l80_n64,h12_move5,long_only_margin,long_only_margin__density_16_0__maxhold_8__flat_or_opp,flat_or_opp,8,2025-01-02T18:30:00+00:00,2025-01-02T19:10:00+00:00,8,long,0.002860191832,-0.000562137088,21039.44,21035.82,-0.662,0.3,research_development_density_lift_trade_shape_model_training_and_proxy_scout_only_no_mt5_execution_no_forward_pass_no_live_readiness_no_operating_promotion_no_runtime_authority_no_goal_claim
run364L_train_density_lift_trade_shape_onnx_scout_without_db_v1,validation,h12_move5__rf5_l80_n64,h12_move5,long_only_margin,long_only_margin__density_16_0__maxhold_8__flat_or_opp,flat_or_opp,8,2025-01-02T19:15:00+00:00,2025-01-02T19:55:00+00:00,8,long,0.008547425925,-0.000562137088,21074.57,20792.44,-28.513,0.3,research_development_density_lift_trade_shape_model_training_and_proxy_scout_only_no_mt5_execution_no_forward_pass_no_live_readiness_no_operating_promotion_no_runtime_authority_no_goal_claim
run364L_train_density_lift_trade_shape_onnx_scout_without_db_v1,validation,h12_move5__rf5_l80_n64,h12_move5,long_only_margin,long_only_margin__density_16_0__maxhold_8__flat_or_opp,flat_or_opp,8,2025-01-02T20:45:00+00:00,2025-01-02T21:25:00+00:00,8,long,0.00199200178,-0.000562137088,20810.32,20855.57,4.225,0.3,research_development_density_lift_trade_shape_model_training_and_proxy_scout_only_no_mt5_execution_no_forward_pass_no_live_readiness_no_operating_promotion_no_runtime_authority_no_goal_claim
run364L_train_density_lift_trade_shape_onnx_scout_without_db_v1,validation,h12_move5__rf5_l80_n64,h12_move5,long_only_margin,long_only_margin__density_16_0__maxhold_8__flat_or_opp,flat_or_opp,8,2025-01-03T16:35:00+00:00,2025-01-03T17:15:00+00:00,8,long,0.010744369598,-0.000562137088,21079.29,21097.04,1.475,0.3,research_development_density_lift_trade_shape_model_training_and_proxy_scout_only_no_mt5_execution_no_forward_pass_no_live_readiness_no_operating_promotion_no_runtime_authority_no_goal_claim
run364L_train_density_lift_trade_shape_onnx_scout_without_db_v1,validation,h12_move5__rf5_l80_n64,h12_move5,long_only_margin,long_only_margin__density_16_0__maxhold_8__flat_or_opp,flat_or_opp,8,2025-01-03T17:20:00+00:00,2025-01-03T18:00:00+00:00,8,long,0.018581958434,-0.000562137088,21071.66,21124.66,5.0,0.3,research_development_density_lift_trade_shape_model_training_and_proxy_scout_only_no_mt5_execution_no_forward_pass_no_live_readiness_no_operating_promotion_no_runtime_authority_no_goal_claim
run364L_train_density_lift_trade_shape_onnx_scout_without_db_v1,validation,h12_move5__rf5_l80_n64,h12_move5,long_only_margin,long_only_margin__density_16_0__maxhold_8__flat_or_opp,flat_or_opp,8,2025-01-03T18:05:00+00:00,2025-01-03T18:45:00+00:00,8,long,0.024207987119,-0.000562137088,21148.54,21220.66,6.912,0.3,research_development_density_lift_trade_shape_model_training_and_proxy_scout_only_no_mt5_execution_no_forward_pass_no_live_readiness_no_operating_promotion_no_runtime_authority_no_goal_claim
run364L_train_density_lift_trade_shape_onnx_scout_without_db_v1,validation,h12_move5__rf5_l80_n64,h12_move5,long_only_margin,long_only_margin__density_16_0__maxhold_8__flat_or_opp,flat_or_opp,8,2025-01-03T18:50:00+00:00,2025-01-03T19:30:00+00:00,8,long,0.0369619433,-0.000562137088,21225.29,21197.16,-3.113,0.3,research_development_density_lift_trade_shape_model_training_and_proxy_scout_only_no_mt5_execution_no_forward_pass_no_live_readiness_no_operating_promotion_no_runtime_authority_no_goal_claim
run364L_train_density_lift_trade_shape_onnx_scout_without_db_v1,validation,h12_move5__rf5_l80_n64,h12_move5,long_only_margin,long_only_margin__density_16_0__maxhold_8__flat_or_opp,flat_or_opp,8,2025-01-03T19:35:00+00:00,2025-01-03T19:50:00+00:00,2,long,0.021172301196,-0.000562137088,21204.54,21205.79,-0.175,0.3,research_development_density_lift_trade_shape_model_training_and_proxy_scout_only_no_mt5_execution_no_forward_pass_no_live_readiness_no_operating_promotion_no_runtime_authority_no_goal_claim
run364L_train_density_lift_trade_shape_onnx_scout_without_db_v1,validation,h12_move5__rf5_l80_n64,h12_move5,long_only_margin,long_only_margin__density_16_0__maxhold_8__flat_or_opp,flat_or_opp,8,2025-01-03T20:20:00+00:00,2025-01-03T20:25:00+00:00,1,long,0.001032874382,-0.000562137088,21229.16,21225.66,-0.65,0.3,research_development_density_lift_trade_shape_model_training_and_proxy_scout_only_no_mt5_execution_no_forward_pass_no_live_readiness_no_operating_promotion_no_runtime_authority_no_goal_claim
run364L_train_density_lift_trade_shape_onnx_scout_without_db_v1,validation,h12_move5__rf5_l80_n64,h12_move5,long_only_margin,long_only_margin__density_16_0__maxhold_8__flat_or_opp,flat_or_opp,8,2025-01-03T21:00:00+00:00,2025-01-03T21:05:00+00:00,1,long,0.011155234296,-0.000562137088,21256.91,21271.16,1.125,0.3,research_development_density_lift_trade_shape_model_training_and_proxy_scout_only_no_mt5_execution_no_forward_pass_no_live_readiness_no_operating_promotion_no_runtime_authority_no_goal_claim
run364L_train_density_lift_trade_shape_onnx_scout_without_db_v1,validation,h12_move5__rf5_l80_n64,h12_move5,long_only_margin,long_only_margin__density_16_0__maxhold_8__flat_or_opp,flat_or_opp,8,2025-01-06T16:45:00+00:00,2025-01-06T17:30:00+00:00,8,long,0.009486601792,-0.000562137088,21547.5,21635.5,8.5,0.3,research_development_density_lift_trade_shape_model_training_and_proxy_scout_only_no_mt5_execution_no_forward_pass_no_live_readiness_no_operating_promotion_no_runtime_authority_no_goal_claim
run364L_train_density_lift_trade_shape_onnx_scout_without_db_v1,validation,h12_move5__rf5_l80_n64,h12_move5,long_only_margin,long_only_margin__density_16_0__maxhold_8__flat_or_opp,flat_or_opp,8,2025-01-06T17:35:00+00:00,2025-01-06T18:20:00+00:00,6,long,0.03765920963,-0.000562137088,21617.0,21636.12,1.612,0.3,research_development_density_lift_trade_shape_model_training_and_proxy_scout_only_no_mt5_execution_no_forward_pass_no_live_readiness_no_operating_promotion_no_runtime_authority_no_goal_claim
run364L_train_density_lift_trade_shape_onnx_scout_without_db_v1,validation,h12_move5__rf5_l80_n64,h12_move5,long_only_margin,long_only_margin__density_16_0__maxhold_8__flat_or_opp,flat_or_opp,8,2025-01-06T18:25:00+00:00,2025-01-06T18:40:00+00:00,1,long,0.050613982897,-0.000562137088,21626.25,21629.25,0.0,0.3,research_development_density_lift_trade_shape_model_training_and_proxy_scout_only_no_mt5_execution_no_forward_pass_no_live_readiness_no_operating_promotion_no_runtime_authority_no_goal_claim
run364L_train_density_lift_trade_shape_onnx_scout_without_db_v1,validation,h12_move5__rf5_l80_n64,h12_move5,long_only_margin,long_only_margin__density_16_0__maxhold_8__flat_or_opp,flat_or_opp,8,2025-01-06T18:50:00+00:00,2025-01-06T18:55:00+00:00,1,long,0.000935416071,-0.000562137088,21614.12,21623.12,0.6,0.3,research_development_density_lift_trade_shape_model_training_and_proxy_scout_only_no_mt5_execution_no_forward_pass_no_live_readiness_no_operating_promotion_no_runtime_authority_no_goal_claim
run364L_train_density_lift_trade_shape_onnx_scout_without_db_v1,validation,h12_move5__rf5_l80_n64,h12_move5,long_only_margin,long_only_margin__density_16_0__maxhold_8__flat_or_opp,flat_or_opp,8,2025-01-06T19:15:00+00:00,2025-01-06T20:05:00+00:00,8,long,0.023212118003,-0.000562137088,21600.12,21535.62,-6.75,0.3,research_development_density_lift_trade_shape_model_training_and_proxy_scout_only_no_mt5_execution_no_forward_pass_no_live_readiness_no_operating_promotion_no_runtime_authority_no_goal_claim
run364L_train_density_lift_trade_shape_onnx_scout_without_db_v1,validation,h12_move5__rf5_l80_n64,h12_move5,long_only_margin,long_only_margin__density_16_0__maxhold_8__flat_or_opp,flat_or_opp,8,2025-01-06T20:15:00+00:00,2025-01-06T20:30:00+00:00,3,long,0.00057929026,-0.000562137088,21537.0,21544.0,0.4,0.3,research_development_density_lift_trade_shape_model_training_and_proxy_scout_only_no_mt5_execution_no_forward_pass_no_live_readiness_no_operating_promotion_no_runtime_authority_no_goal_claim
run364L_train_density_lift_trade_shape_onnx_scout_without_db_v1,validation,h12_move5__rf5_l80_n64,h12_move5,long_only_margin,long_only_margin__density_16_0__maxhold_8__flat_or_opp,flat_or_opp,8,2025-01-06T20:35:00+00:00,2025-01-06T21:15:00+00:00,8,long,0.006485846676,-0.000562137088,21529.0,21467.12,-6.488,0.3,research_development_density_lift_trade_shape_model_training_and_proxy_scout_only_no_mt5_execution_no_forward_pass_no_live_readiness_no_operating_promotion_no_runtime_authority_no_goal_claim
run364L_train_density_lift_trade_shape_onnx_scout_without_db_v1,validation,h12_move5__rf5_l80_n64,h12_move5,long_only_margin,long_only_margin__density_16_0__maxhold_8__flat_or_opp,flat_or_opp,8,2025-01-06T21:25:00+00:00,2025-01-06T21:45:00+00:00,4,long,0.002864664203,-0.000562137088,21471.0,21466.0,-0.8,0.3,research_development_density_lift_trade_shape_model_training_and_proxy_scout_only_no_mt5_execution_no_forward_pass_no_live_readiness_no_operating_promotion_no_runtime_authority_no_goal_claim
run364L_train_density_lift_trade_shape_onnx_scout_without_db_v1,validation,h12_move5__rf5_l80_n64,h12_move5,long_only_margin,long_only_margin__density_16_0__maxhold_8__flat_or_opp,flat_or_opp,8,2025-01-06T21:55:00+00:00,2025-01-07T17:05:00+00:00,8,long,0.004509791555,-0.000562137088,21456.0,21365.51,-9.349,0.3,research_development_density_lift_trade_shape_model_training_and_proxy_scout_only_no_mt5_execution_no_forward_pass_no_live_readiness_no_operating_promotion_no_runtime_authority_no_goal_claim
run364L_train_density_lift_trade_shape_onnx_scout_without_db_v1,validation,h12_move5__rf5_l80_n64,h12_move5,long_only_margin,long_only_margin__density_16_0__maxhold_8__flat_or_opp,flat_or_opp,8,2025-01-07T18:00:00+00:00,2025-01-07T18:40:00+00:00,8,long,0.001652140691,-0.000562137088,21310.51,21304.51,-0.9,0.3,research_development_density_lift_trade_shape_model_training_and_proxy_scout_only_no_mt5_execution_no_forward_pass_no_live_readiness_no_operating_promotion_no_runtime_authority_no_goal_claim
run364L_train_density_lift_trade_shape_onnx_scout_without_db_v1,validation,h12_move5__rf5_l80_n64,h12_move5,long_only_margin,long_only_margin__density_16_0__maxhold_8__flat_or_opp,flat_or_opp,8,2025-01-08T16:35:00+00:00,2025-01-08T17:15:00+00:00,8,long,0.001462156382,-0.000562137088,21136.03,21008.91,-13.012,0.3,research_development_density_lift_trade_shape_model_training_and_proxy_scout_only_no_mt5_execution_no_forward_pass_no_live_readiness_no_operating_promotion_no_runtime_authority_no_goal_claim
run364L_train_density_lift_trade_shape_onnx_scout_without_db_v1,validation,h12_move5__rf5_l80_n64,h12_move5,long_only_margin,long_only_margin__density_16_0__maxhold_8__flat_or_opp,flat_or_opp,8,2025-01-08T17:20:00+00:00,2025-01-08T18:00:00+00:00,8,long,0.009997423741,-0.000562137088,21053.66,21121.91,6.525,0.3,research_development_density_lift_trade_shape_model_training_and_proxy_scout_only_no_mt5_execution_no_forward_pass_no_live_readiness_no_operating_promotion_no_runtime_authority_no_goal_claim
run364L_train_density_lift_trade_shape_onnx_scout_without_db_v1,validation,h12_move5__rf5_l80_n64,h12_move5,long_only_margin,long_only_margin__density_16_0__maxhold_8__flat_or_opp,flat_or_opp,8,2025-01-08T18:25:00+00:00,2025-01-08T19:05:00+00:00,8,long,-4.0990121e-05,-0.000562137088,21126.91,21110.91,-1.9,0.3,research_development_density_lift_trade_shape_model_training_and_proxy_scout_only_no_mt5_execution_no_forward_pass_no_live_readiness_no_operating_promotion_no_runtime_authority_no_goal_claim
run364L_train_density_lift_trade_shape_onnx_scout_without_db_v1,validation,h12_move5__rf5_l80_n64,h12_move5,long_only_margin,long_only_margin__density_16_0__maxhold_8__flat_or_opp,flat_or_opp,8,2025-01-08T20:05:00+00:00,2025-01-08T20:45:00+00:00,8,long,0.003584296086,-0.000562137088,21084.91,21141.78,5.387,0.3,research_development_density_lift_trade_shape_model_training_and_proxy_scout_only_no_mt5_execution_no_forward_pass_no_live_readiness_no_operating_promotion_no_runtime_authority_no_goal_claim
run364L_train_density_lift_trade_shape_onnx_scout_without_db_v1,validation,h12_move5__rf5_l80_n64,h12_move5,long_only_margin,long_only_margin__density_16_0__maxhold_8__flat_or_opp,flat_or_opp,8,2025-01-08T20:50:00+00:00,2025-01-08T21:30:00+00:00,8,long,0.005231812211,-0.000562137088,21107.53,21182.28,7.175,0.3,research_development_density_lift_trade_shape_model_training_and_proxy_scout_only_no_mt5_execution_no_forward_pass_no_live_readiness_no_operating_promotion_no_runtime_authority_no_goal_claim
run364L_train_density_lift_trade_shape_onnx_scout_without_db_v1,validation,h12_move5__rf5_l80_n64,h12_move5,long_only_margin,long_only_margin__density_16_0__maxhold_8__flat_or_opp,flat_or_opp,8,2025-01-08T21:50:00+00:00,2025-01-10T17:00:00+00:00,8,long,0.001348847954,-0.000562137088,21105.66,20825.86,-28.28,0.3,research_development_density_lift_trade_shape_model_training_and_proxy_scout_only_no_mt5_execution_no_forward_pass_no_live_readiness_no_operating_promotion_no_runtime_authority_no_goal_claim
run364L_train_density_lift_trade_shape_onnx_scout_without_db_v1,validation,h12_move5__rf5_l80_n64,h12_move5,long_only_margin,long_only_margin__density_16_0__maxhold_8__flat_or_opp,flat_or_opp,8,2025-01-10T17:30:00+00:00,2025-01-10T18:10:00+00:00,8,long,0.043172958243,-0.000562137088,20801.61,20730.36,-7.425,0.3,research_development_density_lift_trade_shape_model_training_and_proxy_scout_only_no_mt5_execution_no_forward_pass_no_live_readiness_no_operating_promotion_no_runtime_authority_no_goal_claim
run364L_train_density_lift_trade_shape_onnx_scout_without_db_v1,validation,h12_move5__rf5_l80_n64,h12_move5,long_only_margin,long_only_margin__density_16_0__maxhold_8__flat_or_opp,flat_or_opp,8,2025-01-10T18:25:00+00:00,2025-01-10T19:05:00+00:00,8,long,0.00042050708,-0.000562137088,20733.48,20664.36,-7.212,0.3,research_development_density_lift_trade_shape_model_training_and_proxy_scout_only_no_mt5_execution_no_forward_pass_no_live_readiness_no_operating_promotion_no_runtime_authority_no_goal_claim
run364L_train_density_lift_trade_shape_onnx_scout_without_db_v1,validation,h12_move5__rf5_l80_n64,h12_move5,long_only_margin,long_only_margin__density_16_0__maxhold_8__flat_or_opp,flat_or_opp,8,2025-01-13T17:10:00+00:00,2025-01-13T17:50:00+00:00,8,long,-0.00043371067,-0.000562137088,20583.83,20660.95,7.412,0.3,research_development_density_lift_trade_shape_model_training_and_proxy_scout_only_no_mt5_execution_no_forward_pass_no_live_readiness_no_operating_promotion_no_runtime_authority_no_goal_claim
run364L_train_density_lift_trade_shape_onnx_scout_without_db_v1,validation,h12_move5__rf5_l80_n64,h12_move5,long_only_margin,long_only_margin__density_16_0__maxhold_8__flat_or_opp,flat_or_opp,8,2025-01-13T18:00:00+00:00,2025-01-13T18:40:00+00:00,8,long,0.000653226772,-0.000562137088,20580.83,20548.7,-3.513,0.3,research_development_density_lift_trade_shape_model_training_and_proxy_scout_only_no_mt5_execution_no_forward_pass_no_live_readiness_no_operating_promotion_no_runtime_authority_no_goal_claim
run364L_train_density_lift_trade_shape_onnx_scout_without_db_v1,validation,h12_move5__rf5_l80_n64,h12_move5,long_only_margin,long_only_margin__density_16_0__maxhold_8__flat_or_opp,flat_or_opp,8,2025-01-13T18:45:00+00:00,2025-01-13T19:30:00+00:00,8,long,0.004147403601,-0.000562137088,20599.7,20630.2,2.75,0.3,research_development_density_lift_trade_shape_model_training_and_proxy_scout_only_no_mt5_execution_no_forward_pass_no_live_readiness_no_operating_promotion_no_runtime_authority_no_goal_claim
run364L_train_density_lift_trade_shape_onnx_scout_without_db_v1,validation,h12_move5__rf5_l80_n64,h12_move5,long_only_margin,long_only_margin__density_16_0__maxhold_8__flat_or_opp,flat_or_opp,8,2025-01-13T20:00:00+00:00,2025-01-13T20:50:00+00:00,8,long,0.007151947898,-0.000562137088,20672.45,20690.45,1.5,0.3,research_development_density_lift_trade_shape_model_training_and_proxy_scout_only_no_mt5_execution_no_forward_pass_no_live_readiness_no_operating_promotion_no_runtime_authority_no_goal_claim
run364L_train_density_lift_trade_shape_onnx_scout_without_db_v1,validation,h12_move5__rf5_l80_n64,h12_move5,long_only_margin,long_only_margin__density_16_0__maxhold_8__flat_or_opp,flat_or_opp,8,2025-01-13T21:50:00+00:00,2025-01-14T17:00:00+00:00,8,long,0.002968867006,-0.000562137088,20659.33,20767.39,10.506,0.3,research_development_density_lift_trade_shape_model_training_and_proxy_scout_only_no_mt5_execution_no_forward_pass_no_live_readiness_no_operating_promotion_no_runtime_authority_no_goal_claim
run364L_train_density_lift_trade_shape_onnx_scout_without_db_v1,validation,h12_move5__rf5_l80_n64,h12_move5,long_only_margin,long_only_margin__density_16_0__maxhold_8__flat_or_opp,flat_or_opp,8,2025-01-14T17:05:00+00:00,2025-01-14T17:45:00+00:00,8,long,0.064220576268,-0.000562137088,20801.77,20801.02,-0.375,0.3,research_development_density_lift_trade_shape_model_training_and_proxy_scout_only_no_mt5_execution_no_forward_pass_no_live_readiness_no_operating_promotion_no_runtime_authority_no_goal_claim
run364L_train_density_lift_trade_shape_onnx_scout_without_db_v1,validation,h12_move5__rf5_l80_n64,h12_move5,long_only_margin,long_only_margin__density_16_0__maxhold_8__flat_or_opp,flat_or_opp,8,2025-01-14T17:55:00+00:00,2025-01-14T18:35:00+00:00,8,long,0.023491627198,-0.000562137088,20772.52,20704.89,-7.063,0.3,research_development_density_lift_trade_shape_model_training_and_proxy_scout_only_no_mt5_execution_no_forward_pass_no_live_readiness_no_operating_promotion_no_runtime_authority_no_goal_claim
run364L_train_density_lift_trade_shape_onnx_scout_without_db_v1,validation,h12_move5__rf5_l80_n64,h12_move5,long_only_margin,long_only_margin__density_16_0__maxhold_8__flat_or_opp,flat_or_opp,8,2025-01-14T20:10:00+00:00,2025-01-14T20:55:00+00:00,8,long,0.004944655207,-0.000562137088,20670.52,20788.14,11.462,0.3,research_development_density_lift_trade_shape_model_training_and_proxy_scout_only_no_mt5_execution_no_forward_pass_no_live_readiness_no_operating_promotion_no_runtime_authority_no_goal_claim
run364L_train_density_lift_trade_shape_onnx_scout_without_db_v1,validation,h12_move5__rf5_l80_n64,h12_move5,long_only_margin,long_only_margin__density_16_0__maxhold_8__flat_or_opp,flat_or_opp,8,2025-01-14T21:00:00+00:00,2025-01-14T21:05:00+00:00,1,long,0.009374287637,-0.000562137088,20783.89,20777.02,-0.987,0.3,research_development_density_lift_trade_shape_model_training_and_proxy_scout_only_no_mt5_execution_no_forward_pass_no_live_readiness_no_operating_promotion_no_runtime_authority_no_goal_claim
run364L_train_density_lift_trade_shape_onnx_scout_without_db_v1,validation,h12_move5__rf5_l80_n64,h12_move5,long_only_margin,long_only_margin__density_16_0__maxhold_8__flat_or_opp,flat_or_opp,8,2025-01-15T16:35:00+00:00,2025-01-15T17:15:00+00:00,8,long,0.101977881015,-0.000562137088,21054.85,21153.85,9.6,0.3,research_development_density_lift_trade_shape_model_training_and_proxy_scout_only_no_mt5_execution_no_forward_pass_no_live_readiness_no_operating_promotion_no_runtime_authority_no_goal_claim
run364L_train_density_lift_trade_shape_onnx_scout_without_db_v1,validation,h12_move5__rf5_l80_n64,h12_move5,long_only_margin,long_only_margin__density_16_0__maxhold_8__flat_or_opp,flat_or_opp,8,2025-01-15T17:20:00+00:00,2025-01-15T18:00:00+00:00,8,long,0.067115489921,-0.000562137088,21195.85,21109.1,-8.975,0.3,research_development_density_lift_trade_shape_model_training_and_proxy_scout_only_no_mt5_execution_no_forward_pass_no_live_readiness_no_operating_promotion_no_runtime_authority_no_goal_claim
run364L_train_density_lift_trade_shape_onnx_scout_without_db_v1,validation,h12_move5__rf5_l80_n64,h12_move5,long_only_margin,long_only_margin__density_16_0__maxhold_8__flat_or_opp,flat_or_opp,8,2025-01-15T18:05:00+00:00,2025-01-15T18:45:00+00:00,8,long,0.035795593646,-0.000562137088,21145.85,21059.48,-8.937,0.3,research_development_density_lift_trade_shape_model_training_and_proxy_scout_only_no_mt5_execution_no_forward_pass_no_live_readiness_no_operating_promotion_no_runtime_authority_no_goal_claim
run364L_train_density_lift_trade_shape_onnx_scout_without_db_v1,validation,h12_move5__rf5_l80_n64,h12_move5,long_only_margin,long_only_margin__density_16_0__maxhold_8__flat_or_opp,flat_or_opp,8,2025-01-15T19:10:00+00:00,2025-01-15T19:50:00+00:00,8,long,0.003563755451,-0.000562137088,21101.1,21150.6,4.65,0.3,research_development_density_lift_trade_shape_model_training_and_proxy_scout_only_no_mt5_execution_no_forward_pass_no_live_readiness_no_operating_promotion_no_runtime_authority_no_goal_claim
run364L_train_density_lift_trade_shape_onnx_scout_without_db_v1,validation,h12_move5__rf5_l80_n64,h12_move5,long_only_margin,long_only_margin__density_16_0__maxhold_8__flat_or_opp,flat_or_opp,8,2025-01-15T19:55:00+00:00,2025-01-15T20:10:00+00:00,3,long,0.023959043992,-0.000562137088,21135.85,21134.85,-0.4,0.3,research_development_density_lift_trade_shape_model_training_and_proxy_scout_only_no_mt5_execution_no_forward_pass_no_live_readiness_no_operating_promotion_no_runtime_authority_no_goal_claim
run364L_train_density_lift_trade_shape_onnx_scout_without_db_v1,validation,h12_move5__rf5_l80_n64,h12_move5,long_only_margin,long_only_margin__density_16_0__maxhold_8__flat_or_opp,flat_or_opp,8,2025-01-15T20:20:00+00:00,2025-01-15T20:25:00+00:00,1,long,0.001043067616,-0.000562137088,21159.73,21160.73,-0.2,0.3,research_development_density_lift_trade_shape_model_training_and_proxy_scout_only_no_mt5_execution_no_forward_pass_no_live_readiness_no_operating_promotion_no_runtime_authority_no_goal_claim
run364L_train_density_lift_trade_shape_onnx_scout_without_db_v1,validation,h12_move5__rf5_l80_n64,h12_move5,long_only_margin,long_only_margin__density_16_0__maxhold_8__flat_or_opp,flat_or_opp,8,2025-01-16T17:30:00+00:00,2025-01-16T18:20:00+00:00,8,long,0.02972680191,-0.000562137088,21169.7,21219.57,4.687,0.3,research_development_density_lift_trade_shape_model_training_and_proxy_scout_only_no_mt5_execution_no_forward_pass_no_live_readiness_no_operating_promotion_no_runtime_authority_no_goal_claim
run364L_train_density_lift_trade_shape_onnx_scout_without_db_v1,validation,h12_move5__rf5_l80_n64,h12_move5,long_only_margin,long_only_margin__density_16_0__maxhold_8__flat_or_opp,flat_or_opp,8,2025-01-16T18:30:00+00:00,2025-01-16T19:10:00+00:00,8,long,0.004782207267,-0.000562137088,21200.95,21197.32,-0.663,0.3,research_development_density_lift_trade_shape_model_training_and_proxy_scout_only_no_mt5_execution_no_forward_pass_no_live_readiness_no_operating_promotion_no_runtime_authority_no_goal_claim
run364L_train_density_lift_trade_shape_onnx_scout_without_db_v1,validation,h12_move5__rf5_l80_n64,h12_move5,long_only_margin,long_only_margin__density_16_0__maxhold_8__flat_or_opp,flat_or_opp,8,2025-01-16T19:15:00+00:00,2025-01-16T19:55:00+00:00,8,long,0.005273691693,-0.000562137088,21194.32,21184.32,-1.3,0.3,research_development_density_lift_trade_shape_model_training_and_proxy_scout_only_no_mt5_execution_no_forward_pass_no_live_readiness_no_operating_promotion_no_runtime_authority_no_goal_claim
run364L_train_density_lift_trade_shape_onnx_scout_without_db_v1,validation,h12_move5__rf5_l80_n64,h12_move5,long_only_margin,long_only_margin__density_16_0__maxhold_8__flat_or_opp,flat_or_opp,8,2025-01-16T21:35:00+00:00,2025-01-16T21:55:00+00:00,4,long,0.00116564502,-0.000562137088,21136.7,21150.82,1.112,0.3,research_development_density_lift_trade_shape_model_training_and_proxy_scout_only_no_mt5_execution_no_forward_pass_no_live_readiness_no_operating_promotion_no_runtime_authority_no_goal_claim
run364L_train_density_lift_trade_shape_onnx_scout_without_db_v1,validation,h12_move5__rf5_l80_n64,h12_move5,long_only_margin,long_only_margin__density_16_0__maxhold_8__flat_or_opp,flat_or_opp,8,2025-01-17T16:35:00+00:00,2025-01-17T17:15:00+00:00,8,long,0.033220507329,-0.000562137088,21353.28,21354.66,-0.162,0.3,research_development_density_lift_trade_shape_model_training_and_proxy_scout_only_no_mt5_execution_no_forward_pass_no_live_readiness_no_operating_promotion_no_runtime_authority_no_goal_claim
run364L_train_density_lift_trade_shape_onnx_scout_without_db_v1,validation,h12_move5__rf5_l80_n64,h12_move5,long_only_margin,long_only_margin__density_16_0__maxhold_8__flat_or_opp,flat_or_opp,8,2025-01-17T17:20:00+00:00,2025-01-17T18:35:00+00:00,8,long,0.034525827822,-0.000562137088,21357.16,21391.78,3.162,0.3,research_development_density_lift_trade_shape_model_training_and_proxy_scout_only_no_mt5_execution_no_forward_pass_no_live_readiness_no_operating_promotion_no_runtime_authority_no_goal_claim
run364L_train_density_lift_trade_shape_onnx_scout_without_db_v1,validation,h12_move5__rf5_l80_n64,h12_move5,long_only_margin,long_only_margin__density_16_0__maxhold_8__flat_or_opp,flat_or_opp,8,2025-01-17T18:40:00+00:00,2025-01-17T19:15:00+00:00,6,long,0.016952219928,-0.000562137088,21416.03,21400.66,-1.837,0.3,research_development_density_lift_trade_shape_model_training_and_proxy_scout_only_no_mt5_execution_no_forward_pass_no_live_readiness_no_operating_promotion_no_runtime_authority_no_goal_claim
run364L_train_density_lift_trade_shape_onnx_scout_without_db_v1,validation,h12_move5__rf5_l80_n64,h12_move5,long_only_margin,long_only_margin__density_16_0__maxhold_8__flat_or_opp,flat_or_opp,8,2025-01-17T21:20:00+00:00,2025-01-17T21:30:00+00:00,1,long,0.018264005385,-0.000562137088,21412.16,21429.03,1.387,0.3,research_development_density_lift_trade_shape_model_training_and_proxy_scout_only_no_mt5_execution_no_forward_pass_no_live_readiness_no_operating_promotion_no_runtime_authority_no_goal_claim
run364L_train_density_lift_trade_shape_onnx_scout_without_db_v1,validation,h12_move5__rf5_l80_n64,h12_move5,long_only_margin,long_only_margin__density_16_0__maxhold_8__flat_or_opp,flat_or_opp,8,2025-01-21T17:25:00+00:00,2025-01-21T18:25:00+00:00,8,long,0.000954161032,-0.000562137088,21413.72,21442.72,2.6,0.3,research_development_density_lift_trade_shape_model_training_and_proxy_scout_only_no_mt5_execution_no_forward_pass_no_live_readiness_no_operating_promotion_no_runtime_authority_no_goal_claim
run364L_train_density_lift_trade_shape_onnx_scout_without_db_v1,validation,h12_move5__rf5_l80_n64,h12_move5,long_only_margin,long_only_margin__density_16_0__maxhold_8__flat_or_opp,flat_or_opp,8,2025-01-21T18:35:00+00:00,2025-01-21T20:05:00+00:00,6,long,0.001212490925,-0.000562137088,21452.47,21552.97,9.75,0.3,research_development_density_lift_trade_shape_model_training_and_proxy_scout_only_no_mt5_execution_no_forward_pass_no_live_readiness_no_operating_promotion_no_runtime_authority_no_goal_claim
run364L_train_density_lift_trade_shape_onnx_scout_without_db_v1,validation,h12_move5__rf5_l80_n64,h12_move5,long_only_margin,long_only_margin__density_16_0__maxhold_8__flat_or_opp,flat_or_opp,8,2025-01-22T16:40:00+00:00,2025-01-22T17:30:00+00:00,6,long,0.013191354778,-0.000562137088,21773.67,21829.05,5.238,0.3,research_development_density_lift_trade_shape_model_training_and_proxy_scout_only_no_mt5_execution_no_forward_pass_no_live_readiness_no_operating_promotion_no_runtime_authority_no_goal_claim
run364L_train_density_lift_trade_shape_onnx_scout_without_db_v1,validation,h12_move5__rf5_l80_n64,h12_move5,long_only_margin,long_only_margin__density_16_0__maxhold_8__flat_or_opp,flat_or_opp,8,2025-01-22T17:55:00+00:00,2025-01-22T18:00:00+00:00,1,long,0.016796348785,-0.000562137088,21829.67,21810.8,-2.187,0.3,research_development_density_lift_trade_shape_model_training_and_proxy_scout_only_no_mt5_execution_no_forward_pass_no_live_readiness_no_operating_promotion_no_runtime_authority_no_goal_claim
run364L_train_density_lift_trade_shape_onnx_scout_without_db_v1,validation,h12_move5__rf5_l80_n64,h12_move5,long_only_margin,long_only_margin__density_16_0__maxhold_8__flat_or_opp,flat_or_opp,8,2025-01-22T18:15:00+00:00,2025-01-22T18:30:00+00:00,1,long,0.017028100988,-0.000562137088,21822.17,21868.05,4.288,0.3,research_development_density_lift_trade_shape_model_training_and_proxy_scout_only_no_mt5_execution_no_forward_pass_no_live_readiness_no_operating_promotion_no_runtime_authority_no_goal_claim
run364L_train_density_lift_trade_shape_onnx_scout_without_db_v1,validation,h12_move5__rf5_l80_n64,h12_move5,long_only_margin,long_only_margin__density_16_0__maxhold_8__flat_or_opp,flat_or_opp,8,2025-01-22T20:20:00+00:00,2025-01-22T20:35:00+00:00,2,long,0.037074995011,-0.000562137088,21842.92,21842.17,-0.375,0.3,research_development_density_lift_trade_shape_model_training_and_proxy_scout_only_no_mt5_execution_no_forward_pass_no_live_readiness_no_operating_promotion_no_runtime_authority_no_goal_claim
run364L_train_density_lift_trade_shape_onnx_scout_without_db_v1,validation,h12_move5__rf5_l80_n64,h12_move5,long_only_margin,long_only_margin__density_16_0__maxhold_8__flat_or_opp,flat_or_opp,8,2025-01-24T17:00:00+00:00,2025-01-24T18:00:00+00:00,4,long,0.003502587555,-0.000562137088,21881.08,21810.08,-7.4,0.3,research_development_density_lift_trade_shape_model_training_and_proxy_scout_only_no_mt5_execution_no_forward_pass_no_live_readiness_no_operating_promotion_no_runtime_authority_no_goal_claim
run364L_train_density_lift_trade_shape_onnx_scout_without_db_v1,validation,h12_move5__rf5_l80_n64,h12_move5,long_only_margin,long_only_margin__density_16_0__maxhold_8__flat_or_opp,flat_or_opp,8,2025-01-24T19:55:00+00:00,2025-01-24T20:05:00+00:00,2,long,0.003216984632,-0.000562137088,21785.33,21771.33,-1.7,0.3,research_development_density_lift_trade_shape_model_training_and_proxy_scout_only_no_mt5_execution_no_forward_pass_no_live_readiness_no_operating_promotion_no_runtime_authority_no_goal_claim
run364L_train_density_lift_trade_shape_onnx_scout_without_db_v1,validation,h12_move5__rf5_l80_n64,h12_move5,long_only_margin,long_only_margin__density_16_0__maxhold_8__flat_or_opp,flat_or_opp,8,2025-01-24T20:50:00+00:00,2025-01-24T21:45:00+00:00,6,long,0.002072630708,-0.000562137088,21731.33,21692.08,-4.225,0.3,research_development_density_lift_trade_shape_model_training_and_proxy_scout_only_no_mt5_execution_no_forward_pass_no_live_readiness_no_operating_promotion_no_runtime_authority_no_goal_claim
run364L_train_density_lift_trade_shape_onnx_scout_without_db_v1,validation,h12_move5__rf5_l80_n64,h12_move5,long_only_margin,long_only_margin__density_16_0__maxhold_8__flat_or_opp,flat_or_opp,8,2025-01-24T22:00:00+00:00,2025-01-27T17:10:00+00:00,8,long,0.021595488175,-0.000562137088,21691.58,21127.62,-56.696,0.3,research_development_density_lift_trade_shape_model_training_and_proxy_scout_only_no_mt5_execution_no_forward_pass_no_live_readiness_no_operating_promotion_no_runtime_authority_no_goal_claim
run364L_train_density_lift_trade_shape_onnx_scout_without_db_v1,validation,h12_move5__rf5_l80_n64,h12_move5,long_only_margin,long_only_margin__density_16_0__maxhold_8__flat_or_opp,flat_or_opp,8,2025-01-27T17:15:00+00:00,2025-01-27T17:55:00+00:00,8,long,0.018890313428,-0.000562137088,21125.12,21207.24,7.912,0.3,research_development_density_lift_trade_shape_model_training_and_proxy_scout_only_no_mt5_execution_no_forward_pass_no_live_readiness_no_operating_promotion_no_runtime_authority_no_goal_claim
run364L_train_density_lift_trade_shape_onnx_scout_without_db_v1,validation,h12_move5__rf5_l80_n64,h12_move5,long_only_margin,long_only_margin__density_16_0__maxhold_8__flat_or_opp,flat_or_opp,8,2025-01-27T18:00:00+00:00,2025-01-27T18:40:00+00:00,8,long,0.009749479808,-0.000562137088,21146.24,21035.37,-11.387,0.3,research_development_density_lift_trade_shape_model_training_and_proxy_scout_only_no_mt5_execution_no_forward_pass_no_live_readiness_no_operating_promotion_no_runtime_authority_no_goal_claim
run364L_train_density_lift_trade_shape_onnx_scout_without_db_v1,validation,h12_move5__rf5_l80_n64,h12_move5,long_only_margin,long_only_margin__density_16_0__maxhold_8__flat_or_opp,flat_or_opp,8,2025-01-28T16:55:00+00:00,2025-01-28T17:35:00+00:00,8,long,0.006792753124,-0.000562137088,21103.09,21264.84,15.875,0.3,research_development_density_lift_trade_shape_model_training_and_proxy_scout_only_no_mt5_execution_no_forward_pass_no_live_readiness_no_operating_promotion_no_runtime_authority_no_goal_claim
run364L_train_density_lift_trade_shape_onnx_scout_without_db_v1,validation,h12_move5__rf5_l80_n64,h12_move5,long_only_margin,long_only_margin__density_16_0__maxhold_8__flat_or_opp,flat_or_opp,8,2025-01-28T17:40:00+00:00,2025-01-28T18:20:00+00:00,8,long,0.024093893278,-0.000562137088,21279.96,21278.21,-0.475,0.3,research_development_density_lift_trade_shape_model_training_and_proxy_scout_only_no_mt5_execution_no_forward_pass_no_live_readiness_no_operating_promotion_no_runtime_authority_no_goal_claim
run364L_train_density_lift_trade_shape_onnx_scout_without_db_v1,validation,h12_move5__rf5_l80_n64,h12_move5,long_only_margin,long_only_margin__density_16_0__maxhold_8__flat_or_opp,flat_or_opp,8,2025-01-28T18:25:00+00:00,2025-01-28T19:05:00+00:00,8,long,0.008829640857,-0.000562137088,21260.21,21334.59,7.138,0.3,research_development_density_lift_trade_shape_model_training_and_proxy_scout_only_no_mt5_execution_no_forward_pass_no_live_readiness_no_operating_promotion_no_runtime_authority_no_goal_claim
run364L_train_density_lift_trade_shape_onnx_scout_without_db_v1,validation,h12_move5__rf5_l80_n64,h12_move5,long_only_margin,long_only_margin__density_16_0__maxhold_8__flat_or_opp,flat_or_opp,8,2025-01-28T19:15:00+00:00,2025-01-28T19:55:00+00:00,5,long,0.043359668234,-0.000562137088,21373.21,21385.71,0.95,0.3,research_development_density_lift_trade_shape_model_training_and_proxy_scout_only_no_mt5_execution_no_forward_pass_no_live_readiness_no_operating_promotion_no_runtime_authority_no_goal_claim
run364L_train_density_lift_trade_shape_onnx_scout_without_db_v1,validation,h12_move5__rf5_l80_n64,h12_move5,long_only_margin,long_only_margin__density_16_0__maxhold_8__flat_or_opp,flat_or_opp,8,2025-01-28T20:05:00+00:00,2025-01-28T20:10:00+00:00,1,long,0.015725819309,-0.000562137088,21400.46,21402.71,-0.075,0.3,research_development_density_lift_trade_shape_model_training_and_proxy_scout_only_no_mt5_execution_no_forward_pass_no_live_readiness_no_operating_promotion_no_runtime_authority_no_goal_claim
run364L_train_density_lift_trade_shape_onnx_scout_without_db_v1,validation,h12_move5__rf5_l80_n64,h12_move5,long_only_margin,long_only_margin__density_16_0__maxhold_8__flat_or_opp,flat_or_opp,8,2025-01-28T20:25:00+00:00,2025-01-28T20:45:00+00:00,3,long,0.017234578254,-0.000562137088,21400.71,21373.21,-3.05,0.3,research_development_density_lift_trade_shape_model_training_and_proxy_scout_only_no_mt5_execution_no_forward_pass_no_live_readiness_no_operating_promotion_no_runtime_authority_no_goal_claim
run364L_train_density_lift_trade_shape_onnx_scout_without_db_v1,validation,h12_move5__rf5_l80_n64,h12_move5,long_only_margin,long_only_margin__density_16_0__maxhold_8__flat_or_opp,flat_or_opp,8,2025-01-28T20:50:00+00:00,2025-01-28T20:55:00+00:00,1,long,0.004483454547,-0.000562137088,21383.46,21379.46,-0.7,0.3,research_development_density_lift_trade_shape_model_training_and_proxy_scout_only_no_mt5_execution_no_forward_pass_no_live_readiness_no_operating_promotion_no_runtime_authority_no_goal_claim
run364L_train_density_lift_trade_shape_onnx_scout_without_db_v1,validation,h12_move5__rf5_l80_n64,h12_move5,long_only_margin,long_only_margin__density_16_0__maxhold_8__flat_or_opp,flat_or_opp,8,2025-01-28T21:10:00+00:00,2025-01-28T21:15:00+00:00,1,long,0.013739875976,-0.000562137088,21356.21,21363.96,0.475,0.3,research_development_density_lift_trade_shape_model_training_and_proxy_scout_only_no_mt5_execution_no_forward_pass_no_live_readiness_no_operating_promotion_no_runtime_authority_no_goal_claim
run364L_train_density_lift_trade_shape_onnx_scout_without_db_v1,validation,h12_move5__rf5_l80_n64,h12_move5,long_only_margin,long_only_margin__density_16_0__maxhold_8__flat_or_opp,flat_or_opp,8,2025-01-29T17:10:00+00:00,2025-01-29T17:50:00+00:00,8,long,0.004500411032,-0.000562137088,21396.92,21348.67,-5.125,0.3,research_development_density_lift_trade_shape_model_training_and_proxy_scout_only_no_mt5_execution_no_forward_pass_no_live_readiness_no_operating_promotion_no_runtime_authority_no_goal_claim
run364L_train_density_lift_trade_shape_onnx_scout_without_db_v1,validation,h12_move5__rf5_l80_n64,h12_move5,long_only_margin,long_only_margin__density_16_0__maxhold_8__flat_or_opp,flat_or_opp,8,2025-01-29T17:55:00+00:00,2025-01-29T18:35:00+00:00,8,long,0.00117125356,-0.000562137088,21365.3,21342.92,-2.538,0.3,research_development_density_lift_trade_shape_model_training_and_proxy_scout_only_no_mt5_execution_no_forward_pass_no_live_readiness_no_operating_promotion_no_runtime_authority_no_goal_claim
run364L_train_density_lift_trade_shape_onnx_scout_without_db_v1,validation,h12_move5__rf5_l80_n64,h12_move5,long_only_margin,long_only_margin__density_16_0__maxhold_8__flat_or_opp,flat_or_opp,8,2025-01-29T19:15:00+00:00,2025-01-29T19:40:00+00:00,3,long,-8.6505885e-05,-0.000562137088,21357.55,21364.3,0.375,0.3,research_development_density_lift_trade_shape_model_training_and_proxy_scout_only_no_mt5_execution_no_forward_pass_no_live_readiness_no_operating_promotion_no_runtime_authority_no_goal_claim
run364L_train_density_lift_trade_shape_onnx_scout_without_db_v1,validation,h12_move5__rf5_l80_n64,h12_move5,long_only_margin,long_only_margin__density_16_0__maxhold_8__flat_or_opp,flat_or_opp,8,2025-01-29T21:45:00+00:00,2025-01-30T16:55:00+00:00,8,long,0.002511731932,-0.000562137088,21393.92,21555.5,15.858,0.3,research_development_density_lift_trade_shape_model_training_and_proxy_scout_only_no_mt5_execution_no_forward_pass_no_live_readiness_no_operating_promotion_no_runtime_authority_no_goal_claim
run364L_train_density_lift_trade_shape_onnx_scout_without_db_v1,validation,h12_move5__rf5_l80_n64,h12_move5,long_only_margin,long_only_margin__density_16_0__maxhold_8__flat_or_opp,flat_or_opp,8,2025-01-30T17:00:00+00:00,2025-01-30T17:40:00+00:00,8,long,0.02662294029,-0.000562137088,21518.75,21424.0,-9.775,0.3,research_development_density_lift_trade_shape_model_training_and_proxy_scout_only_no_mt5_execution_no_forward_pass_no_live_readiness_no_operating_promotion_no_runtime_authority_no_goal_claim
run364L_train_density_lift_trade_shape_onnx_scout_without_db_v1,validation,h12_move5__rf5_l80_n64,h12_move5,long_only_margin,long_only_margin__density_16_0__maxhold_8__flat_or_opp,flat_or_opp,8,2025-01-30T17:45:00+00:00,2025-01-30T18:25:00+00:00,8,long,0.00397017406,-0.000562137088,21398.37,21371.12,-3.025,0.3,research_development_density_lift_trade_shape_model_training_and_proxy_scout_only_no_mt5_execution_no_forward_pass_no_live_readiness_no_operating_promotion_no_runtime_authority_no_goal_claim
run364L_train_density_lift_trade_shape_onnx_scout_without_db_v1,validation,h12_move5__rf5_l80_n64,h12_move5,long_only_margin,long_only_margin__density_16_0__maxhold_8__flat_or_opp,flat_or_opp,8,2025-01-30T18:30:00+00:00,2025-01-30T19:10:00+00:00,8,long,0.006353100381,-0.000562137088,21396.12,21431.37,3.225,0.3,research_development_density_lift_trade_shape_model_training_and_proxy_scout_only_no_mt5_execution_no_forward_pass_no_live_readiness_no_operating_promotion_no_runtime_authority_no_goal_claim
run364L_train_density_lift_trade_shape_onnx_scout_without_db_v1,oos,h12_move5__rf5_l80_n64,h12_move5,long_only_margin,long_only_margin__density_16_0__maxhold_8__flat_or_opp,flat_or_opp,8,2025-10-01T17:15:00+00:00,2025-10-01T18:00:00+00:00,7,long,0.000290396641,-0.000562137088,24622.93,24689.18,6.325,0.3,research_development_density_lift_trade_shape_model_training_and_proxy_scout_only_no_mt5_execution_no_forward_pass_no_live_readiness_no_operating_promotion_no_runtime_authority_no_goal_claim
run364L_train_density_lift_trade_shape_onnx_scout_without_db_v1,oos,h12_move5__rf5_l80_n64,h12_move5,long_only_margin,long_only_margin__density_16_0__maxhold_8__flat_or_opp,flat_or_opp,8,2025-10-01T18:05:00+00:00,2025-10-01T18:20:00+00:00,2,long,-0.000400518067,-0.000562137088,24696.8,24672.05,-2.775,0.3,research_development_density_lift_trade_shape_model_training_and_proxy_scout_only_no_mt5_execution_no_forward_pass_no_live_readiness_no_operating_promotion_no_runtime_authority_no_goal_claim
run364L_train_density_lift_trade_shape_onnx_scout_without_db_v1,oos,h12_move5__rf5_l80_n64,h12_move5,long_only_margin,long_only_margin__density_16_0__maxhold_8__flat_or_opp,flat_or_opp,8,2025-10-02T18:15:00+00:00,2025-10-02T18:25:00+00:00,1,long,0.010725782505,-0.000562137088,24827.56,24839.94,0.938,0.3,research_development_density_lift_trade_shape_model_training_and_proxy_scout_only_no_mt5_execution_no_forward_pass_no_live_readiness_no_operating_promotion_no_runtime_authority_no_goal_claim
run364L_train_density_lift_trade_shape_onnx_scout_without_db_v1,oos,h12_move5__rf5_l80_n64,h12_move5,long_only_margin,long_only_margin__density_16_0__maxhold_8__flat_or_opp,flat_or_opp,8,2025-10-02T18:30:00+00:00,2025-10-02T18:35:00+00:00,1,long,0.000667532201,-0.000562137088,24837.06,24824.56,-1.55,0.3,research_development_density_lift_trade_shape_model_training_and_proxy_scout_only_no_mt5_execution_no_forward_pass_no_live_readiness_no_operating_promotion_no_runtime_authority_no_goal_claim
run364L_train_density_lift_trade_shape_onnx_scout_without_db_v1,oos,h12_move5__rf5_l80_n64,h12_move5,long_only_margin,long_only_margin__density_16_0__maxhold_8__flat_or_opp,flat_or_opp,8,2025-10-02T18:40:00+00:00,2025-10-02T18:45:00+00:00,1,long,0.011990355014,-0.000562137088,24815.56,24820.81,0.225,0.3,research_development_density_lift_trade_shape_model_training_and_proxy_scout_only_no_mt5_execution_no_forward_pass_no_live_readiness_no_operating_promotion_no_runtime_authority_no_goal_claim
run364L_train_density_lift_trade_shape_onnx_scout_without_db_v1,oos,h12_move5__rf5_l80_n64,h12_move5,long_only_margin,long_only_margin__density_16_0__maxhold_8__flat_or_opp,flat_or_opp,8,2025-10-03T16:35:00+00:00,2025-10-03T17:20:00+00:00,8,long,0.004190195922,-0.000562137088,24941.86,24870.61,-7.425,0.3,research_development_density_lift_trade_shape_model_training_and_proxy_scout_only_no_mt5_execution_no_forward_pass_no_live_readiness_no_operating_promotion_no_runtime_authority_no_goal_claim
run364L_train_density_lift_trade_shape_onnx_scout_without_db_v1,oos,h12_move5__rf5_l80_n64,h12_move5,long_only_margin,long_only_margin__density_16_0__maxhold_8__flat_or_opp,flat_or_opp,8,2025-10-03T17:25:00+00:00,2025-10-03T17:35:00+00:00,1,long,0.008915547004,-0.000562137088,24874.98,24889.86,1.188,0.3,research_development_density_lift_trade_shape_model_training_and_proxy_scout_only_no_mt5_execution_no_forward_pass_no_live_readiness_no_operating_promotion_no_runtime_authority_no_goal_claim
run364L_train_density_lift_trade_shape_onnx_scout_without_db_v1,oos,h12_move5__rf5_l80_n64,h12_move5,long_only_margin,long_only_margin__density_16_0__maxhold_8__flat_or_opp,flat_or_opp,8,2025-10-03T17:50:00+00:00,2025-10-03T17:55:00+00:00,1,long,0.002376115857,-0.000562137088,24895.73,24916.48,1.775,0.3,research_development_density_lift_trade_shape_model_training_and_proxy_scout_only_no_mt5_execution_no_forward_pass_no_live_readiness_no_operating_promotion_no_runtime_authority_no_goal_claim
run364L_train_density_lift_trade_shape_onnx_scout_without_db_v1,oos,h12_move5__rf5_l80_n64,h12_move5,long_only_margin,long_only_margin__density_16_0__maxhold_8__flat_or_opp,flat_or_opp,8,2025-10-03T20:40:00+00:00,2025-10-03T21:25:00+00:00,8,long,0.006558473708,-0.000562137088,24835.36,24816.36,-2.2,0.3,research_development_density_lift_trade_shape_model_training_and_proxy_scout_only_no_mt5_execution_no_forward_pass_no_live_readiness_no_operating_promotion_no_runtime_authority_no_goal_claim
run364L_train_density_lift_trade_shape_onnx_scout_without_db_v1,oos,h12_move5__rf5_l80_n64,h12_move5,long_only_margin,long_only_margin__density_16_0__maxhold_8__flat_or_opp,flat_or_opp,8,2025-10-06T16:45:00+00:00,2025-10-06T17:20:00+00:00,7,long,0.000309471813,-0.000562137088,24945.63,24968.0,1.937,0.3,research_development_density_lift_trade_shape_model_training_and_proxy_scout_only_no_mt5_execution_no_forward_pass_no_live_readiness_no_operating_promotion_no_runtime_authority_no_goal_claim
run364L_train_density_lift_trade_shape_onnx_scout_without_db_v1,oos,h12_move5__rf5_l80_n64,h12_move5,long_only_margin,long_only_margin__density_16_0__maxhold_8__flat_or_opp,flat_or_opp,8,2025-10-06T17:50:00+00:00,2025-10-06T17:55:00+00:00,1,long,0.021980963268,-0.000562137088,24960.25,24942.38,-2.087,0.3,research_development_density_lift_trade_shape_model_training_and_proxy_scout_only_no_mt5_execution_no_forward_pass_no_live_readiness_no_operating_promotion_no_runtime_authority_no_goal_claim
run364L_train_density_lift_trade_shape_onnx_scout_without_db_v1,oos,h12_move5__rf5_l80_n64,h12_move5,long_only_margin,long_only_margin__density_16_0__maxhold_8__flat_or_opp,flat_or_opp,8,2025-10-07T17:40:00+00:00,2025-10-07T17:45:00+00:00,1,long,0.002104286576,-0.000562137088,25006.6,25007.1,-0.25,0.3,research_development_density_lift_trade_shape_model_training_and_proxy_scout_only_no_mt5_execution_no_forward_pass_no_live_readiness_no_operating_promotion_no_runtime_authority_no_goal_claim
run364L_train_density_lift_trade_shape_onnx_scout_without_db_v1,oos,h12_move5__rf5_l80_n64,h12_move5,long_only_margin,long_only_margin__density_16_0__maxhold_8__flat_or_opp,flat_or_opp,8,2025-10-07T21:05:00+00:00,2025-10-07T21:15:00+00:00,1,long,0.005981254395,-0.000562137088,24809.73,24843.35,3.062,0.3,research_development_density_lift_trade_shape_model_training_and_proxy_scout_only_no_mt5_execution_no_forward_pass_no_live_readiness_no_operating_promotion_no_runtime_authority_no_goal_claim
run364L_train_density_lift_trade_shape_onnx_scout_without_db_v1,oos,h12_move5__rf5_l80_n64,h12_move5,long_only_margin,long_only_margin__density_16_0__maxhold_8__flat_or_opp,flat_or_opp,8,2025-10-07T21:20:00+00:00,2025-10-07T21:30:00+00:00,1,long,0.001869724628,-0.000562137088,24840.98,24842.35,-0.163,0.3,research_development_density_lift_trade_shape_model_training_and_proxy_scout_only_no_mt5_execution_no_forward_pass_no_live_readiness_no_operating_promotion_no_runtime_authority_no_goal_claim
run364L_train_density_lift_trade_shape_onnx_scout_without_db_v1,oos,h12_move5__rf5_l80_n64,h12_move5,long_only_margin,long_only_margin__density_16_0__maxhold_8__flat_or_opp,flat_or_opp,8,2025-10-08T16:40:00+00:00,2025-10-08T17:15:00+00:00,6,long,0.003555254869,-0.000562137088,24959.71,25021.71,5.9,0.3,research_development_density_lift_trade_shape_model_training_and_proxy_scout_only_no_mt5_execution_no_forward_pass_no_live_readiness_no_operating_promotion_no_runtime_authority_no_goal_claim
run364L_train_density_lift_trade_shape_onnx_scout_without_db_v1,oos,h12_move5__rf5_l80_n64,h12_move5,long_only_margin,long_only_margin__density_16_0__maxhold_8__flat_or_opp,flat_or_opp,8,2025-10-09T16:55:00+00:00,2025-10-09T17:25:00+00:00,6,long,0.004707550542,-0.000562137088,25080.37,25086.37,0.3,0.3,research_development_density_lift_trade_shape_model_training_and_proxy_scout_only_no_mt5_execution_no_forward_pass_no_live_readiness_no_operating_promotion_no_runtime_authority_no_goal_claim
run364L_train_density_lift_trade_shape_onnx_scout_without_db_v1,oos,h12_move5__rf5_l80_n64,h12_move5,long_only_margin,long_only_margin__density_16_0__maxhold_8__flat_or_opp,flat_or_opp,8,2025-10-09T18:35:00+00:00,2025-10-09T18:50:00+00:00,3,long,0.004682242341,-0.000562137088,25024.37,25064.37,3.7,0.3,research_development_density_lift_trade_shape_model_training_and_proxy_scout_only_no_mt5_execution_no_forward_pass_no_live_readiness_no_operating_promotion_no_runtime_authority_no_goal_claim
run364L_train_density_lift_trade_shape_onnx_scout_without_db_v1,oos,h12_move5__rf5_l80_n64,h12_move5,long_only_margin,long_only_margin__density_16_0__maxhold_8__flat_or_opp,flat_or_opp,8,2025-10-09T20:00:00+00:00,2025-10-09T20:45:00+00:00,8,long,0.008323625147,-0.000562137088,25018.12,25013.62,-0.75,0.3,research_development_density_lift_trade_shape_model_training_and_proxy_scout_only_no_mt5_execution_no_forward_pass_no_live_readiness_no_operating_promotion_no_runtime_authority_no_goal_claim
run364L_train_density_lift_trade_shape_onnx_scout_without_db_v1,oos,h12_move5__rf5_l80_n64,h12_move5,long_only_margin,long_only_margin__density_16_0__maxhold_8__flat_or_opp,flat_or_opp,8,2025-10-09T21:10:00+00:00,2025-10-09T21:15:00+00:00,1,long,0.000830243943,-0.000562137088,25011.87,25022.12,0.725,0.3,research_development_density_lift_trade_shape_model_training_and_proxy_scout_only_no_mt5_execution_no_forward_pass_no_live_readiness_no_operating_promotion_no_runtime_authority_no_goal_claim
run364L_train_density_lift_trade_shape_onnx_scout_without_db_v1,oos,h12_move5__rf5_l80_n64,h12_move5,long_only_margin,long_only_margin__density_16_0__maxhold_8__flat_or_opp,flat_or_opp,8,2025-10-10T17:05:00+00:00,2025-10-10T17:10:00+00:00,1,long,0.004876890685,-0.000562137088,25153.4,25163.65,0.725,0.3,research_development_density_lift_trade_shape_model_training_and_proxy_scout_only_no_mt5_execution_no_forward_pass_no_live_readiness_no_operating_promotion_no_runtime_authority_no_goal_claim
run364L_train_density_lift_trade_shape_onnx_scout_without_db_v1,oos,h12_move5__rf5_l80_n64,h12_move5,long_only_margin,long_only_margin__density_16_0__maxhold_8__flat_or_opp,flat_or_opp,8,2025-10-10T17:15:00+00:00,2025-10-10T17:20:00+00:00,1,long,0.016325935382,-0.000562137088,25145.9,25139.9,-0.9,0.3,research_development_density_lift_trade_shape_model_training_and_proxy_scout_only_no_mt5_execution_no_forward_pass_no_live_readiness_no_operating_promotion_no_runtime_authority_no_goal_claim
run364L_train_density_lift_trade_shape_onnx_scout_without_db_v1,oos,h12_move5__rf5_l80_n64,h12_move5,long_only_margin,long_only_margin__density_16_0__maxhold_8__flat_or_opp,flat_or_opp,8,2025-10-13T16:45:00+00:00,2025-10-13T17:35:00+00:00,8,long,0.014515380872,-0.000562137088,24638.3,24678.92,3.762,0.3,research_development_density_lift_trade_shape_model_training_and_proxy_scout_only_no_mt5_execution_no_forward_pass_no_live_readiness_no_operating_promotion_no_runtime_authority_no_goal_claim
run364L_train_density_lift_trade_shape_onnx_scout_without_db_v1,oos,h12_move5__rf5_l80_n64,h12_move5,long_only_margin,long_only_margin__density_16_0__maxhold_8__flat_or_opp,flat_or_opp,8,2025-10-13T17:40:00+00:00,2025-10-13T18:35:00+00:00,8,long,0.019575530495,-0.000562137088,24707.92,24714.55,0.363,0.3,research_development_density_lift_trade_shape_model_training_and_proxy_scout_only_no_mt5_execution_no_forward_pass_no_live_readiness_no_operating_promotion_no_runtime_authority_no_goal_claim
run364L_train_density_lift_trade_shape_onnx_scout_without_db_v1,oos,h12_move5__rf5_l80_n64,h12_move5,long_only_margin,long_only_margin__density_16_0__maxhold_8__flat_or_opp,flat_or_opp,8,2025-10-13T18:40:00+00:00,2025-10-13T19:20:00+00:00,7,long,0.014581698291,-0.000562137088,24699.8,24742.92,4.012,0.3,research_development_density_lift_trade_shape_model_training_and_proxy_scout_only_no_mt5_execution_no_forward_pass_no_live_readiness_no_operating_promotion_no_runtime_authority_no_goal_claim
run364L_train_density_lift_trade_shape_onnx_scout_without_db_v1,oos,h12_move5__rf5_l80_n64,h12_move5,long_only_margin,long_only_margin__density_16_0__maxhold_8__flat_or_opp,flat_or_opp,8,2025-10-13T19:25:00+00:00,2025-10-13T19:30:00+00:00,1,long,0.006953433824,-0.000562137088,24734.42,24735.42,-0.2,0.3,research_development_density_lift_trade_shape_model_training_and_proxy_scout_only_no_mt5_execution_no_forward_pass_no_live_readiness_no_operating_promotion_no_runtime_authority_no_goal_claim
run364L_train_density_lift_trade_shape_onnx_scout_without_db_v1,oos,h12_move5__rf5_l80_n64,h12_move5,long_only_margin,long_only_margin__density_16_0__maxhold_8__flat_or_opp,flat_or_opp,8,2025-10-14T16:55:00+00:00,2025-10-14T17:35:00+00:00,8,long,0.014839280852,-0.000562137088,24374.14,24529.64,15.25,0.3,research_development_density_lift_trade_shape_model_training_and_proxy_scout_only_no_mt5_execution_no_forward_pass_no_live_readiness_no_operating_promotion_no_runtime_authority_no_goal_claim
run364L_train_density_lift_trade_shape_onnx_scout_without_db_v1,oos,h12_move5__rf5_l80_n64,h12_move5,long_only_margin,long_only_margin__density_16_0__maxhold_8__flat_or_opp,flat_or_opp,8,2025-10-14T17:40:00+00:00,2025-10-14T18:20:00+00:00,8,long,0.006309071351,-0.000562137088,24558.76,24522.51,-3.925,0.3,research_development_density_lift_trade_shape_model_training_and_proxy_scout_only_no_mt5_execution_no_forward_pass_no_live_readiness_no_operating_promotion_no_runtime_authority_no_goal_claim
run364L_train_density_lift_trade_shape_onnx_scout_without_db_v1,oos,h12_move5__rf5_l80_n64,h12_move5,long_only_margin,long_only_margin__density_16_0__maxhold_8__flat_or_opp,flat_or_opp,8,2025-10-14T18:40:00+00:00,2025-10-14T19:20:00+00:00,8,long,0.019063977874,-0.000562137088,24543.51,24657.01,11.05,0.3,research_development_density_lift_trade_shape_model_training_and_proxy_scout_only_no_mt5_execution_no_forward_pass_no_live_readiness_no_operating_promotion_no_runtime_authority_no_goal_claim
run364L_train_density_lift_trade_shape_onnx_scout_without_db_v1,oos,h12_move5__rf5_l80_n64,h12_move5,long_only_margin,long_only_margin__density_16_0__maxhold_8__flat_or_opp,flat_or_opp,8,2025-10-14T19:25:00+00:00,2025-10-14T20:05:00+00:00,8,long,0.004279019825,-0.000562137088,24680.89,24724.01,4.012,0.3,research_development_density_lift_trade_shape_model_training_and_proxy_scout_only_no_mt5_execution_no_forward_pass_no_live_readiness_no_operating_promotion_no_runtime_authority_no_goal_claim
run364L_train_density_lift_trade_shape_onnx_scout_without_db_v1,oos,h12_move5__rf5_l80_n64,h12_move5,long_only_margin,long_only_margin__density_16_0__maxhold_8__flat_or_opp,flat_or_opp,8,2025-10-14T20:10:00+00:00,2025-10-14T20:30:00+00:00,4,long,0.028195968069,-0.000562137088,24740.01,24756.26,1.325,0.3,research_development_density_lift_trade_shape_model_training_and_proxy_scout_only_no_mt5_execution_no_forward_pass_no_live_readiness_no_operating_promotion_no_runtime_authority_no_goal_claim
run364L_train_density_lift_trade_shape_onnx_scout_without_db_v1,oos,h12_move5__rf5_l80_n64,h12_move5,long_only_margin,long_only_margin__density_16_0__maxhold_8__flat_or_opp,flat_or_opp,8,2025-10-14T20:45:00+00:00,2025-10-14T20:50:00+00:00,1,long,-0.000346384949,-0.000562137088,24747.14,24746.14,-0.4,0.3,research_development_density_lift_trade_shape_model_training_and_proxy_scout_only_no_mt5_execution_no_forward_pass_no_live_readiness_no_operating_promotion_no_runtime_authority_no_goal_claim
run364L_train_density_lift_trade_shape_onnx_scout_without_db_v1,oos,h12_move5__rf5_l80_n64,h12_move5,long_only_margin,long_only_margin__density_16_0__maxhold_8__flat_or_opp,flat_or_opp,8,2025-10-14T20:55:00+00:00,2025-10-14T21:00:00+00:00,1,long,0.013554669369,-0.000562137088,24735.76,24729.51,-0.925,0.3,research_development_density_lift_trade_shape_model_training_and_proxy_scout_only_no_mt5_execution_no_forward_pass_no_live_readiness_no_operating_promotion_no_runtime_authority_no_goal_claim
run364L_train_density_lift_trade_shape_onnx_scout_without_db_v1,oos,h12_move5__rf5_l80_n64,h12_move5,long_only_margin,long_only_margin__density_16_0__maxhold_8__flat_or_opp,flat_or_opp,8,2025-10-15T16:35:00+00:00,2025-10-15T17:15:00+00:00,8,long,0.004254142386,-0.000562137088,24793.72,24911.09,11.437,0.3,research_development_density_lift_trade_shape_model_training_and_proxy_scout_only_no_mt5_execution_no_forward_pass_no_live_readiness_no_operating_promotion_no_runtime_authority_no_goal_claim
run364L_train_density_lift_trade_shape_onnx_scout_without_db_v1,oos,h12_move5__rf5_l80_n64,h12_move5,long_only_margin,long_only_margin__density_16_0__maxhold_8__flat_or_opp,flat_or_opp,8,2025-10-15T17:20:00+00:00,2025-10-15T18:00:00+00:00,8,long,0.046001940671,-0.000562137088,24919.59,24932.59,1.0,0.3,research_development_density_lift_trade_shape_model_training_and_proxy_scout_only_no_mt5_execution_no_forward_pass_no_live_readiness_no_operating_promotion_no_runtime_authority_no_goal_claim
run364L_train_density_lift_trade_shape_onnx_scout_without_db_v1,oos,h12_move5__rf5_l80_n64,h12_move5,long_only_margin,long_only_margin__density_16_0__maxhold_8__flat_or_opp,flat_or_opp,8,2025-10-15T18:05:00+00:00,2025-10-15T18:45:00+00:00,8,long,0.034070425668,-0.000562137088,24924.34,24793.09,-13.425,0.3,research_development_density_lift_trade_shape_model_training_and_proxy_scout_only_no_mt5_execution_no_forward_pass_no_live_readiness_no_operating_promotion_no_runtime_authority_no_goal_claim
run364L_train_density_lift_trade_shape_onnx_scout_without_db_v1,oos,h12_move5__rf5_l80_n64,h12_move5,long_only_margin,long_only_margin__density_16_0__maxhold_8__flat_or_opp,flat_or_opp,8,2025-10-15T19:15:00+00:00,2025-10-15T19:55:00+00:00,8,long,0.000238072779,-0.000562137088,24793.34,24738.84,-5.75,0.3,research_development_density_lift_trade_shape_model_training_and_proxy_scout_only_no_mt5_execution_no_forward_pass_no_live_readiness_no_operating_promotion_no_runtime_authority_no_goal_claim
run364L_train_density_lift_trade_shape_onnx_scout_without_db_v1,oos,h12_move5__rf5_l80_n64,h12_move5,long_only_margin,long_only_margin__density_16_0__maxhold_8__flat_or_opp,flat_or_opp,8,2025-10-15T20:00:00+00:00,2025-10-15T20:40:00+00:00,8,long,-0.000472555343,-0.000562137088,24735.09,24650.34,-8.775,0.3,research_development_density_lift_trade_shape_model_training_and_proxy_scout_only_no_mt5_execution_no_forward_pass_no_live_readiness_no_operating_promotion_no_runtime_authority_no_goal_claim
run364L_train_density_lift_trade_shape_onnx_scout_without_db_v1,oos,h12_move5__rf5_l80_n64,h12_move5,long_only_margin,long_only_margin__density_16_0__maxhold_8__flat_or_opp,flat_or_opp,8,2025-10-15T20:55:00+00:00,2025-10-15T21:40:00+00:00,8,long,0.014290797114,-0.000562137088,24735.22,24755.34,1.712,0.3,research_development_density_lift_trade_shape_model_training_and_proxy_scout_only_no_mt5_execution_no_forward_pass_no_live_readiness_no_operating_promotion_no_runtime_authority_no_goal_claim
run364L_train_density_lift_trade_shape_onnx_scout_without_db_v1,oos,h12_move5__rf5_l80_n64,h12_move5,long_only_margin,long_only_margin__density_16_0__maxhold_8__flat_or_opp,flat_or_opp,8,2025-10-15T21:50:00+00:00,2025-10-16T17:00:00+00:00,8,long,0.008565071404,-0.000562137088,24755.59,24897.53,13.894,0.3,research_development_density_lift_trade_shape_model_training_and_proxy_scout_only_no_mt5_execution_no_forward_pass_no_live_readiness_no_operating_promotion_no_runtime_authority_no_goal_claim
run364L_train_density_lift_trade_shape_onnx_scout_without_db_v1,oos,h12_move5__rf5_l80_n64,h12_move5,long_only_margin,long_only_margin__density_16_0__maxhold_8__flat_or_opp,flat_or_opp,8,2025-10-16T17:05:00+00:00,2025-10-16T17:45:00+00:00,8,long,0.006144082392,-0.000562137088,24902.03,25005.65,10.062,0.3,research_development_density_lift_trade_shape_model_training_and_proxy_scout_only_no_mt5_execution_no_forward_pass_no_live_readiness_no_operating_promotion_no_runtime_authority_no_goal_claim
run364L_train_density_lift_trade_shape_onnx_scout_without_db_v1,oos,h12_move5__rf5_l80_n64,h12_move5,long_only_margin,long_only_margin__density_16_0__maxhold_8__flat_or_opp,flat_or_opp,8,2025-10-16T17:50:00+00:00,2025-10-16T18:30:00+00:00,8,long,0.021541165464,-0.000562137088,24977.78,24874.03,-10.675,0.3,research_development_density_lift_trade_shape_model_training_and_proxy_scout_only_no_mt5_execution_no_forward_pass_no_live_readiness_no_operating_promotion_no_runtime_authority_no_goal_claim
run364L_train_density_lift_trade_shape_onnx_scout_without_db_v1,oos,h12_move5__rf5_l80_n64,h12_move5,long_only_margin,long_only_margin__density_16_0__maxhold_8__flat_or_opp,flat_or_opp,8,2025-10-16T20:00:00+00:00,2025-10-16T20:40:00+00:00,8,long,0.018875407296,-0.000562137088,24763.28,24733.15,-3.313,0.3,research_development_density_lift_trade_shape_model_training_and_proxy_scout_only_no_mt5_execution_no_forward_pass_no_live_readiness_no_operating_promotion_no_runtime_authority_no_goal_claim
run364L_train_density_lift_trade_shape_onnx_scout_without_db_v1,oos,h12_move5__rf5_l80_n64,h12_move5,long_only_margin,long_only_margin__density_16_0__maxhold_8__flat_or_opp,flat_or_opp,8,2025-10-16T20:50:00+00:00,2025-10-16T21:30:00+00:00,8,long,0.014212021911,-0.000562137088,24712.9,24532.9,-18.3,0.3,research_development_density_lift_trade_shape_model_training_and_proxy_scout_only_no_mt5_execution_no_forward_pass_no_live_readiness_no_operating_promotion_no_runtime_authority_no_goal_claim
run364L_train_density_lift_trade_shape_onnx_scout_without_db_v1,oos,h12_move5__rf5_l80_n64,h12_move5,long_only_margin,long_only_margin__density_16_0__maxhold_8__flat_or_opp,flat_or_opp,8,2025-10-17T16:40:00+00:00,2025-10-17T17:20:00+00:00,8,long,0.006180124615,-0.000562137088,24575.17,24738.05,15.988,0.3,research_development_density_lift_trade_shape_model_training_and_proxy_scout_only_no_mt5_execution_no_forward_pass_no_live_readiness_no_operating_promotion_no_runtime_authority_no_goal_claim
run364L_train_density_lift_trade_shape_onnx_scout_without_db_v1,oos,h12_move5__rf5_l80_n64,h12_move5,long_only_margin,long_only_margin__density_16_0__maxhold_8__flat_or_opp,flat_or_opp,8,2025-10-17T17:25:00+00:00,2025-10-17T18:05:00+00:00,8,long,0.039261279142,-0.000562137088,24753.8,24661.67,-9.513,0.3,research_development_density_lift_trade_shape_model_training_and_proxy_scout_only_no_mt5_execution_no_forward_pass_no_live_readiness_no_operating_promotion_no_runtime_authority_no_goal_claim
run364L_train_density_lift_trade_shape_onnx_scout_without_db_v1,oos,h12_move5__rf5_l80_n64,h12_move5,long_only_margin,long_only_margin__density_16_0__maxhold_8__flat_or_opp,flat_or_opp,8,2025-10-17T18:50:00+00:00,2025-10-17T19:30:00+00:00,8,long,0.003715627689,-0.000562137088,24669.55,24787.42,11.487,0.3,research_development_density_lift_trade_shape_model_training_and_proxy_scout_only_no_mt5_execution_no_forward_pass_no_live_readiness_no_operating_promotion_no_runtime_authority_no_goal_claim
run364L_train_density_lift_trade_shape_onnx_scout_without_db_v1,oos,h12_move5__rf5_l80_n64,h12_move5,long_only_margin,long_only_margin__density_16_0__maxhold_8__flat_or_opp,flat_or_opp,8,2025-10-17T19:35:00+00:00,2025-10-17T20:15:00+00:00,8,long,0.024812641416,-0.000562137088,24768.3,24721.55,-4.975,0.3,research_development_density_lift_trade_shape_model_training_and_proxy_scout_only_no_mt5_execution_no_forward_pass_no_live_readiness_no_operating_promotion_no_runtime_authority_no_goal_claim
run364L_train_density_lift_trade_shape_onnx_scout_without_db_v1,oos,h12_move5__rf5_l80_n64,h12_move5,long_only_margin,long_only_margin__density_16_0__maxhold_8__flat_or_opp,flat_or_opp,8,2025-10-17T20:55:00+00:00,2025-10-17T21:35:00+00:00,8,long,0.002608872558,-0.000562137088,24776.55,24847.42,6.787,0.3,research_development_density_lift_trade_shape_model_training_and_proxy_scout_only_no_mt5_execution_no_forward_pass_no_live_readiness_no_operating_promotion_no_runtime_authority_no_goal_claim
run364L_train_density_lift_trade_shape_onnx_scout_without_db_v1,oos,h12_move5__rf5_l80_n64,h12_move5,long_only_margin,long_only_margin__density_16_0__maxhold_8__flat_or_opp,flat_or_opp,8,2025-10-17T21:40:00+00:00,2025-10-20T16:50:00+00:00,8,long,0.026537066864,-0.000562137088,24840.92,25067.8,22.388,0.3,research_development_density_lift_trade_shape_model_training_and_proxy_scout_only_no_mt5_execution_no_forward_pass_no_live_readiness_no_operating_promotion_no_runtime_authority_no_goal_claim
run364L_train_density_lift_trade_shape_onnx_scout_without_db_v1,oos,h12_move5__rf5_l80_n64,h12_move5,long_only_margin,long_only_margin__density_16_0__maxhold_8__flat_or_opp,flat_or_opp,8,2025-10-20T16:55:00+00:00,2025-10-20T17:15:00+00:00,4,long,0.043100944349,-0.000562137088,25078.05,25085.67,0.462,0.3,research_development_density_lift_trade_shape_model_training_and_proxy_scout_only_no_mt5_execution_no_forward_pass_no_live_readiness_no_operating_promotion_no_runtime_authority_no_goal_claim
run364L_train_density_lift_trade_shape_onnx_scout_without_db_v1,oos,h12_move5__rf5_l80_n64,h12_move5,long_only_margin,long_only_margin__density_16_0__maxhold_8__flat_or_opp,flat_or_opp,8,2025-10-20T17:20:00+00:00,2025-10-20T17:45:00+00:00,5,long,0.011995868743,-0.000562137088,25072.92,25144.3,6.838,0.3,research_development_density_lift_trade_shape_model_training_and_proxy_scout_only_no_mt5_execution_no_forward_pass_no_live_readiness_no_operating_promotion_no_runtime_authority_no_goal_claim
run364L_train_density_lift_trade_shape_onnx_scout_without_db_v1,oos,h12_move5__rf5_l80_n64,h12_move5,long_only_margin,long_only_margin__density_16_0__maxhold_8__flat_or_opp,flat_or_opp,8,2025-10-20T17:50:00+00:00,2025-10-20T17:55:00+00:00,1,long,0.00241995278,-0.000562137088,25156.8,25166.67,0.687,0.3,research_development_density_lift_trade_shape_model_training_and_proxy_scout_only_no_mt5_execution_no_forward_pass_no_live_readiness_no_operating_promotion_no_runtime_authority_no_goal_claim
run364L_train_density_lift_trade_shape_onnx_scout_without_db_v1,oos,h12_move5__rf5_l80_n64,h12_move5,long_only_margin,long_only_margin__density_16_0__maxhold_8__flat_or_opp,flat_or_opp,8,2025-10-20T18:55:00+00:00,2025-10-20T19:05:00+00:00,2,long,0.02486868758,-0.000562137088,25175.3,25162.55,-1.575,0.3,research_development_density_lift_trade_shape_model_training_and_proxy_scout_only_no_mt5_execution_no_forward_pass_no_live_readiness_no_operating_promotion_no_runtime_authority_no_goal_claim
run364L_train_density_lift_trade_shape_onnx_scout_without_db_v1,oos,h12_move5__rf5_l80_n64,h12_move5,long_only_margin,long_only_margin__density_16_0__maxhold_8__flat_or_opp,flat_or_opp,8,2025-10-21T16:55:00+00:00,2025-10-21T17:25:00+00:00,6,long,0.016729719693,-0.000562137088,25104.85,25118.6,1.075,0.3,research_development_density_lift_trade_shape_model_training_and_proxy_scout_only_no_mt5_execution_no_forward_pass_no_live_readiness_no_operating_promotion_no_runtime_authority_no_goal_claim
run364L_train_density_lift_trade_shape_onnx_scout_without_db_v1,oos,h12_move5__rf5_l80_n64,h12_move5,long_only_margin,long_only_margin__density_16_0__maxhold_8__flat_or_opp,flat_or_opp,8,2025-10-21T18:05:00+00:00,2025-10-21T18:10:00+00:00,1,long,0.00979072256,-0.000562137088,25127.73,25136.85,0.612,0.3,research_development_density_lift_trade_shape_model_training_and_proxy_scout_only_no_mt5_execution_no_forward_pass_no_live_readiness_no_operating_promotion_no_runtime_authority_no_goal_claim
run364L_train_density_lift_trade_shape_onnx_scout_without_db_v1,oos,h12_move5__rf5_l80_n64,h12_move5,long_only_margin,long_only_margin__density_16_0__maxhold_8__flat_or_opp,flat_or_opp,8,2025-10-22T17:00:00+00:00,2025-10-22T17:10:00+00:00,2,long,0.005513339693,-0.000562137088,25112.32,25107.94,-0.738,0.3,research_development_density_lift_trade_shape_model_training_and_proxy_scout_only_no_mt5_execution_no_forward_pass_no_live_readiness_no_operating_promotion_no_runtime_authority_no_goal_claim
run364L_train_density_lift_trade_shape_onnx_scout_without_db_v1,oos,h12_move5__rf5_l80_n64,h12_move5,long_only_margin,long_only_margin__density_16_0__maxhold_8__flat_or_opp,flat_or_opp,8,2025-10-22T18:50:00+00:00,2025-10-22T19:30:00+00:00,8,long,0.009799832548,-0.000562137088,24955.94,24882.94,-7.6,0.3,research_development_density_lift_trade_shape_model_training_and_proxy_scout_only_no_mt5_execution_no_forward_pass_no_live_readiness_no_operating_promotion_no_runtime_authority_no_goal_claim
run364L_train_density_lift_trade_shape_onnx_scout_without_db_v1,oos,h12_move5__rf5_l80_n64,h12_move5,long_only_margin,long_only_margin__density_16_0__maxhold_8__flat_or_opp,flat_or_opp,8,2025-10-23T16:35:00+00:00,2025-10-23T17:15:00+00:00,8,long,0.002886143659,-0.000562137088,24889.04,24993.54,10.15,0.3,research_development_density_lift_trade_shape_model_training_and_proxy_scout_only_no_mt5_execution_no_forward_pass_no_live_readiness_no_operating_promotion_no_runtime_authority_no_goal_claim
run364L_train_density_lift_trade_shape_onnx_scout_without_db_v1,oos,h12_move5__rf5_l80_n64,h12_move5,long_only_margin,long_only_margin__density_16_0__maxhold_8__flat_or_opp,flat_or_opp,8,2025-10-23T17:20:00+00:00,2025-10-23T18:00:00+00:00,8,long,0.004947468192,-0.000562137088,24953.17,25047.04,9.087,0.3,research_development_density_lift_trade_shape_model_training_and_proxy_scout_only_no_mt5_execution_no_forward_pass_no_live_readiness_no_operating_promotion_no_runtime_authority_no_goal_claim
run364L_train_density_lift_trade_shape_onnx_scout_without_db_v1,oos,h12_move5__rf5_l80_n64,h12_move5,long_only_margin,long_only_margin__density_16_0__maxhold_8__flat_or_opp,flat_or_opp,8,2025-10-23T18:05:00+00:00,2025-10-23T18:45:00+00:00,8,long,0.017847742203,-0.000562137088,25037.04,24985.54,-5.45,0.3,research_development_density_lift_trade_shape_model_training_and_proxy_scout_only_no_mt5_execution_no_forward_pass_no_live_readiness_no_operating_promotion_no_runtime_authority_no_goal_claim
run364L_train_density_lift_trade_shape_onnx_scout_without_db_v1,oos,h12_move5__rf5_l80_n64,h12_move5,long_only_margin,long_only_margin__density_16_0__maxhold_8__flat_or_opp,flat_or_opp,8,2025-10-23T18:50:00+00:00,2025-10-23T19:30:00+00:00,4,long,0.006178120349,-0.000562137088,25024.79,25057.67,2.988,0.3,research_development_density_lift_trade_shape_model_training_and_proxy_scout_only_no_mt5_execution_no_forward_pass_no_live_readiness_no_operating_promotion_no_runtime_authority_no_goal_claim
run364L_train_density_lift_trade_shape_onnx_scout_without_db_v1,oos,h12_move5__rf5_l80_n64,h12_move5,long_only_margin,long_only_margin__density_16_0__maxhold_8__flat_or_opp,flat_or_opp,8,2025-10-23T20:10:00+00:00,2025-10-23T20:20:00+00:00,2,long,0.020160866199,-0.000562137088,25067.79,25082.29,1.15,0.3,research_development_density_lift_trade_shape_model_training_and_proxy_scout_only_no_mt5_execution_no_forward_pass_no_live_readiness_no_operating_promotion_no_runtime_authority_no_goal_claim
run364L_train_density_lift_trade_shape_onnx_scout_without_db_v1,oos,h12_move5__rf5_l80_n64,h12_move5,long_only_margin,long_only_margin__density_16_0__maxhold_8__flat_or_opp,flat_or_opp,8,2025-10-23T20:40:00+00:00,2025-10-23T20:50:00+00:00,1,long,0.000821695761,-0.000562137088,25126.29,25127.67,-0.162,0.3,research_development_density_lift_trade_shape_model_training_and_proxy_scout_only_no_mt5_execution_no_forward_pass_no_live_readiness_no_operating_promotion_no_runtime_authority_no_goal_claim
run364L_train_density_lift_trade_shape_onnx_scout_without_db_v1,oos,h12_move5__rf5_l80_n64,h12_move5,long_only_margin,long_only_margin__density_16_0__maxhold_8__flat_or_opp,flat_or_opp,8,2025-10-24T16:35:00+00:00,2025-10-24T17:15:00+00:00,8,long,0.031274537951,-0.000562137088,25350.75,25398.12,4.437,0.3,research_development_density_lift_trade_shape_model_training_and_proxy_scout_only_no_mt5_execution_no_forward_pass_no_live_readiness_no_operating_promotion_no_runtime_authority_no_goal_claim
run364L_train_density_lift_trade_shape_onnx_scout_without_db_v1,oos,h12_move5__rf5_l80_n64,h12_move5,long_only_margin,long_only_margin__density_16_0__maxhold_8__flat_or_opp,flat_or_opp,8,2025-10-24T17:25:00+00:00,2025-10-24T17:30:00+00:00,1,long,0.004816608151,-0.000562137088,25375.62,25360.25,-1.837,0.3,research_development_density_lift_trade_shape_model_training_and_proxy_scout_only_no_mt5_execution_no_forward_pass_no_live_readiness_no_operating_promotion_no_runtime_authority_no_goal_claim
run364L_train_density_lift_trade_shape_onnx_scout_without_db_v1,oos,h12_move5__rf5_l80_n64,h12_move5,long_only_margin,long_only_margin__density_16_0__maxhold_8__flat_or_opp,flat_or_opp,8,2025-10-24T17:40:00+00:00,2025-10-24T17:45:00+00:00,1,long,0.022893777178,-0.000562137088,25371.37,25391.87,1.75,0.3,research_development_density_lift_trade_shape_model_training_and_proxy_scout_only_no_mt5_execution_no_forward_pass_no_live_readiness_no_operating_promotion_no_runtime_authority_no_goal_claim
run364L_train_density_lift_trade_shape_onnx_scout_without_db_v1,oos,h12_move5__rf5_l80_n64,h12_move5,long_only_margin,long_only_margin__density_16_0__maxhold_8__flat_or_opp,flat_or_opp,8,2025-10-24T17:55:00+00:00,2025-10-24T18:30:00+00:00,6,long,0.006759626713,-0.000562137088,25333.12,25395.12,5.9,0.3,research_development_density_lift_trade_shape_model_training_and_proxy_scout_only_no_mt5_execution_no_forward_pass_no_live_readiness_no_operating_promotion_no_runtime_authority_no_goal_claim
run364L_train_density_lift_trade_shape_onnx_scout_without_db_v1,oos,h12_move5__rf5_l80_n64,h12_move5,long_only_margin,long_only_margin__density_16_0__maxhold_8__flat_or_opp,flat_or_opp,8,2025-10-27T16:35:00+00:00,2025-10-27T16:45:00+00:00,2,long,0.017364065854,-0.000562137088,25693.59,25707.34,1.075,0.3,research_development_density_lift_trade_shape_model_training_and_proxy_scout_only_no_mt5_execution_no_forward_pass_no_live_readiness_no_operating_promotion_no_runtime_authority_no_goal_claim
run364L_train_density_lift_trade_shape_onnx_scout_without_db_v1,oos,h12_move5__rf5_l80_n64,h12_move5,long_only_margin,long_only_margin__density_16_0__maxhold_8__flat_or_opp,flat_or_opp,8,2025-10-27T17:20:00+00:00,2025-10-27T17:35:00+00:00,3,long,0.016898535198,-0.000562137088,25705.09,25743.59,3.55,0.3,research_development_density_lift_trade_shape_model_training_and_proxy_scout_only_no_mt5_execution_no_forward_pass_no_live_readiness_no_operating_promotion_no_runtime_authority_no_goal_claim
run364L_train_density_lift_trade_shape_onnx_scout_without_db_v1,oos,h12_move5__rf5_l80_n64,h12_move5,long_only_margin,long_only_margin__density_16_0__maxhold_8__flat_or_opp,flat_or_opp,8,2025-10-27T18:05:00+00:00,2025-10-27T18:10:00+00:00,1,long,0.020119899461,-0.000562137088,25750.09,25744.84,-0.825,0.3,research_development_density_lift_trade_shape_model_training_and_proxy_scout_only_no_mt5_execution_no_forward_pass_no_live_readiness_no_operating_promotion_no_runtime_authority_no_goal_claim
run364L_train_density_lift_trade_shape_onnx_scout_without_db_v1,oos,h12_move5__rf5_l80_n64,h12_move5,long_only_margin,long_only_margin__density_16_0__maxhold_8__flat_or_opp,flat_or_opp,8,2025-10-28T16:35:00+00:00,2025-10-28T16:40:00+00:00,1,long,0.019914951914,-0.000562137088,25943.48,25932.85,-1.363,0.3,research_development_density_lift_trade_shape_model_training_and_proxy_scout_only_no_mt5_execution_no_forward_pass_no_live_readiness_no_operating_promotion_no_runtime_authority_no_goal_claim
run364L_train_density_lift_trade_shape_onnx_scout_without_db_v1,oos,h12_move5__rf5_l80_n64,h12_move5,long_only_margin,long_only_margin__density_16_0__maxhold_8__flat_or_opp,flat_or_opp,8,2025-10-28T16:45:00+00:00,2025-10-28T17:05:00+00:00,4,long,0.002057866631,-0.000562137088,25949.98,25941.35,-1.163,0.3,research_development_density_lift_trade_shape_model_training_and_proxy_scout_only_no_mt5_execution_no_forward_pass_no_live_readiness_no_operating_promotion_no_runtime_authority_no_goal_claim
run364L_train_density_lift_trade_shape_onnx_scout_without_db_v1,oos,h12_move5__rf5_l80_n64,h12_move5,long_only_margin,long_only_margin__density_16_0__maxhold_8__flat_or_opp,flat_or_opp,8,2025-10-28T19:35:00+00:00,2025-10-28T19:40:00+00:00,1,long,0.004791905286,-0.000562137088,25981.35,25974.98,-0.937,0.3,research_development_density_lift_trade_shape_model_training_and_proxy_scout_only_no_mt5_execution_no_forward_pass_no_live_readiness_no_operating_promotion_no_runtime_authority_no_goal_claim
run364L_train_density_lift_trade_shape_onnx_scout_without_db_v1,oos,h12_move5__rf5_l80_n64,h12_move5,long_only_margin,long_only_margin__density_16_0__maxhold_8__flat_or_opp,flat_or_opp,8,2025-10-29T19:05:00+00:00,2025-10-29T19:10:00+00:00,1,long,0.020896440137,-0.000562137088,26088.96,26088.46,-0.35,0.3,research_development_density_lift_trade_shape_model_training_and_proxy_scout_only_no_mt5_execution_no_forward_pass_no_live_readiness_no_operating_promotion_no_runtime_authority_no_goal_claim
run364L_train_density_lift_trade_shape_onnx_scout_without_db_v1,oos,h12_move5__rf5_l80_n64,h12_move5,long_only_margin,long_only_margin__density_16_0__maxhold_8__flat_or_opp,flat_or_opp,8,2025-10-30T16:55:00+00:00,2025-10-30T17:35:00+00:00,8,long,0.005847232827,-0.000562137088,26010.91,25928.66,-8.525,0.3,research_development_density_lift_trade_shape_model_training_and_proxy_scout_only_no_mt5_execution_no_forward_pass_no_live_readiness_no_operating_promotion_no_runtime_authority_no_goal_claim
run364L_train_density_lift_trade_shape_onnx_scout_without_db_v1,oos,h12_move5__rf5_l80_n64,h12_move5,long_only_margin,long_only_margin__density_16_0__maxhold_8__flat_or_opp,flat_or_opp,8,2025-10-30T17:40:00+00:00,2025-10-30T18:20:00+00:00,8,long,0.006029796617,-0.000562137088,25919.66,25939.28,1.662,0.3,research_development_density_lift_trade_shape_model_training_and_proxy_scout_only_no_mt5_execution_no_forward_pass_no_live_readiness_no_operating_promotion_no_runtime_authority_no_goal_claim
run364L_train_density_lift_trade_shape_onnx_scout_without_db_v1,oos,h12_move5__rf5_l80_n64,h12_move5,long_only_margin,long_only_margin__density_16_0__maxhold_8__flat_or_opp,flat_or_opp,8,2025-10-30T18:25:00+00:00,2025-10-30T19:05:00+00:00,8,long,0.001979175273,-0.000562137088,25945.28,25908.78,-3.95,0.3,research_development_density_lift_trade_shape_model_training_and_proxy_scout_only_no_mt5_execution_no_forward_pass_no_live_readiness_no_operating_promotion_no_runtime_authority_no_goal_claim
run364L_train_density_lift_trade_shape_onnx_scout_without_db_v1,oos,h12_move5__rf5_l80_n64,h12_move5,long_only_margin,long_only_margin__density_16_0__maxhold_8__flat_or_opp,flat_or_opp,8,2025-10-31T18:30:00+00:00,2025-10-31T18:35:00+00:00,1,long,0.000282365079,-0.000562137088,26016.23,26019.73,0.05,0.3,research_development_density_lift_trade_shape_model_training_and_proxy_scout_only_no_mt5_execution_no_forward_pass_no_live_readiness_no_operating_promotion_no_runtime_authority_no_goal_claim
run364L_train_density_lift_trade_shape_onnx_scout_without_db_v1,oos,h12_move5__rf5_l80_n64,h12_move5,long_only_margin,long_only_margin__density_16_0__maxhold_8__flat_or_opp,flat_or_opp,8,2025-11-03T18:05:00+00:00,2025-11-03T18:45:00+00:00,8,long,0.001795240761,-0.000562137088,25964.76,25967.51,-0.025,0.3,research_development_density_lift_trade_shape_model_training_and_proxy_scout_only_no_mt5_execution_no_forward_pass_no_live_readiness_no_operating_promotion_no_runtime_authority_no_goal_claim
run364L_train_density_lift_trade_shape_onnx_scout_without_db_v1,oos,h12_move5__rf5_l80_n64,h12_move5,long_only_margin,long_only_margin__density_16_0__maxhold_8__flat_or_opp,flat_or_opp,8,2025-11-03T18:50:00+00:00,2025-11-03T19:45:00+00:00,6,long,0.002985769622,-0.000562137088,25952.26,26026.76,7.15,0.3,research_development_density_lift_trade_shape_model_training_and_proxy_scout_only_no_mt5_execution_no_forward_pass_no_live_readiness_no_operating_promotion_no_runtime_authority_no_goal_claim
run364L_train_density_lift_trade_shape_onnx_scout_without_db_v1,validation,h24_move8__rf5_l80_n64,h24_move8,long_only_margin,long_only_margin__density_20_0__maxhold_12__flat_or_opp,flat_or_opp,12,2025-01-02T16:55:00+00:00,2025-01-02T18:00:00+00:00,12,long,0.014476663971,-0.008647959677,21125.82,21024.32,-10.45,0.3,research_development_density_lift_trade_shape_model_training_and_proxy_scout_only_no_mt5_execution_no_forward_pass_no_live_readiness_no_operating_promotion_no_runtime_authority_no_goal_claim
run364L_train_density_lift_trade_shape_onnx_scout_without_db_v1,validation,h24_move8__rf5_l80_n64,h24_move8,long_only_margin,long_only_margin__density_20_0__maxhold_12__flat_or_opp,flat_or_opp,12,2025-01-02T18:25:00+00:00,2025-01-02T19:25:00+00:00,12,long,-6.3484154e-05,-0.008647959677,21034.44,20992.19,-4.525,0.3,research_development_density_lift_trade_shape_model_training_and_proxy_scout_only_no_mt5_execution_no_forward_pass_no_live_readiness_no_operating_promotion_no_runtime_authority_no_goal_claim
run364L_train_density_lift_trade_shape_onnx_scout_without_db_v1,validation,h24_move8__rf5_l80_n64,h24_move8,long_only_margin,long_only_margin__density_20_0__maxhold_12__flat_or_opp,flat_or_opp,12,2025-01-03T16:35:00+00:00,2025-01-03T17:35:00+00:00,12,long,0.017168076936,-0.008647959677,21079.29,21101.79,1.95,0.3,research_development_density_lift_trade_shape_model_training_and_proxy_scout_only_no_mt5_execution_no_forward_pass_no_live_readiness_no_operating_promotion_no_runtime_authority_no_goal_claim
run364L_train_density_lift_trade_shape_onnx_scout_without_db_v1,validation,h24_move8__rf5_l80_n64,h24_move8,long_only_margin,long_only_margin__density_20_0__maxhold_12__flat_or_opp,flat_or_opp,12,2025-01-03T17:40:00+00:00,2025-01-03T18:40:00+00:00,12,long,0.008577878584,-0.008647959677,21101.54,21203.29,9.875,0.3,research_development_density_lift_trade_shape_model_training_and_proxy_scout_only_no_mt5_execution_no_forward_pass_no_live_readiness_no_operating_promotion_no_runtime_authority_no_goal_claim
run364L_train_density_lift_trade_shape_onnx_scout_without_db_v1,validation,h24_move8__rf5_l80_n64,h24_move8,long_only_margin,long_only_margin__density_20_0__maxhold_12__flat_or_opp,flat_or_opp,12,2025-01-03T18:45:00+00:00,2025-01-03T19:50:00+00:00,12,long,0.041203788587,-0.008647959677,21220.66,21205.79,-1.787,0.3,research_development_density_lift_trade_shape_model_training_and_proxy_scout_only_no_mt5_execution_no_forward_pass_no_live_readiness_no_operating_promotion_no_runtime_authority_no_goal_claim
run364L_train_density_lift_trade_shape_onnx_scout_without_db_v1,validation,h24_move8__rf5_l80_n64,h24_move8,long_only_margin,long_only_margin__density_20_0__maxhold_12__flat_or_opp,flat_or_opp,12,2025-01-03T19:55:00+00:00,2025-01-03T20:10:00+00:00,3,long,0.027665125145,-0.008647959677,21215.79,21217.66,-0.113,0.3,research_development_density_lift_trade_shape_model_training_and_proxy_scout_only_no_mt5_execution_no_forward_pass_no_live_readiness_no_operating_promotion_no_runtime_authority_no_goal_claim
run364L_train_density_lift_trade_shape_onnx_scout_without_db_v1,validation,h24_move8__rf5_l80_n64,h24_move8,long_only_margin,long_only_margin__density_20_0__maxhold_12__flat_or_opp,flat_or_opp,12,2025-01-03T20:15:00+00:00,2025-01-03T20:30:00+00:00,3,long,0.02717472623,-0.008647959677,21220.66,21251.04,2.738,0.3,research_development_density_lift_trade_shape_model_training_and_proxy_scout_only_no_mt5_execution_no_forward_pass_no_live_readiness_no_operating_promotion_no_runtime_authority_no_goal_claim
run364L_train_density_lift_trade_shape_onnx_scout_without_db_v1,validation,h24_move8__rf5_l80_n64,h24_move8,long_only_margin,long_only_margin__density_20_0__maxhold_12__flat_or_opp,flat_or_opp,12,2025-01-03T20:35:00+00:00,2025-01-03T20:40:00+00:00,1,long,-0.006783053109,-0.008647959677,21249.91,21271.04,1.813,0.3,research_development_density_lift_trade_shape_model_training_and_proxy_scout_only_no_mt5_execution_no_forward_pass_no_live_readiness_no_operating_promotion_no_runtime_authority_no_goal_claim
run364L_train_density_lift_trade_shape_onnx_scout_without_db_v1,validation,h24_move8__rf5_l80_n64,h24_move8,long_only_margin,long_only_margin__density_20_0__maxhold_12__flat_or_opp,flat_or_opp,12,2025-01-06T16:35:00+00:00,2025-01-06T17:45:00+00:00,12,long,0.021398770016,-0.008647959677,21538.62,21628.37,8.675,0.3,research_development_density_lift_trade_shape_model_training_and_proxy_scout_only_no_mt5_execution_no_forward_pass_no_live_readiness_no_operating_promotion_no_runtime_authority_no_goal_claim
run364L_train_density_lift_trade_shape_onnx_scout_without_db_v1,validation,h24_move8__rf5_l80_n64,h24_move8,long_only_margin,long_only_margin__density_20_0__maxhold_12__flat_or_opp,flat_or_opp,12,2025-01-06T17:50:00+00:00,2025-01-06T19:15:00+00:00,12,long,0.048831793794,-0.008647959677,21632.75,21600.12,-3.563,0.3,research_development_density_lift_trade_shape_model_training_and_proxy_scout_only_no_mt5_execution_no_forward_pass_no_live_readiness_no_operating_promotion_no_runtime_authority_no_goal_claim
run364L_train_density_lift_trade_shape_onnx_scout_without_db_v1,validation,h24_move8__rf5_l80_n64,h24_move8,long_only_margin,long_only_margin__density_20_0__maxhold_12__flat_or_opp,flat_or_opp,12,2025-01-06T19:20:00+00:00,2025-01-06T19:35:00+00:00,1,long,0.02131067923,-0.008647959677,21591.12,21586.87,-0.725,0.3,research_development_density_lift_trade_shape_model_training_and_proxy_scout_only_no_mt5_execution_no_forward_pass_no_live_readiness_no_operating_promotion_no_runtime_authority_no_goal_claim
run364L_train_density_lift_trade_shape_onnx_scout_without_db_v1,validation,h24_move8__rf5_l80_n64,h24_move8,long_only_margin,long_only_margin__density_20_0__maxhold_12__flat_or_opp,flat_or_opp,12,2025-01-06T19:40:00+00:00,2025-01-06T20:25:00+00:00,9,long,0.02458682154,-0.008647959677,21565.5,21536.12,-3.238,0.3,research_development_density_lift_trade_shape_model_training_and_proxy_scout_only_no_mt5_execution_no_forward_pass_no_live_readiness_no_operating_promotion_no_runtime_authority_no_goal_claim
run364L_train_density_lift_trade_shape_onnx_scout_without_db_v1,validation,h24_move8__rf5_l80_n64,h24_move8,long_only_margin,long_only_margin__density_20_0__maxhold_12__flat_or_opp,flat_or_opp,12,2025-01-06T20:30:00+00:00,2025-01-06T20:40:00+00:00,2,long,-0.007280294333,-0.008647959677,21544.0,21526.62,-2.038,0.3,research_development_density_lift_trade_shape_model_training_and_proxy_scout_only_no_mt5_execution_no_forward_pass_no_live_readiness_no_operating_promotion_no_runtime_authority_no_goal_claim
run364L_train_density_lift_trade_shape_onnx_scout_without_db_v1,validation,h24_move8__rf5_l80_n64,h24_move8,long_only_margin,long_only_margin__density_20_0__maxhold_12__flat_or_opp,flat_or_opp,12,2025-01-06T20:45:00+00:00,2025-01-06T21:40:00+00:00,11,long,0.014592531998,-0.008647959677,21509.0,21457.0,-5.5,0.3,research_development_density_lift_trade_shape_model_training_and_proxy_scout_only_no_mt5_execution_no_forward_pass_no_live_readiness_no_operating_promotion_no_runtime_authority_no_goal_claim
run364L_train_density_lift_trade_shape_onnx_scout_without_db_v1,validation,h24_move8__rf5_l80_n64,h24_move8,long_only_margin,long_only_margin__density_20_0__maxhold_12__flat_or_opp,flat_or_opp,12,2025-01-07T16:55:00+00:00,2025-01-07T17:55:00+00:00,12,long,-0.001711770709,-0.008647959677,21518.76,21249.26,-27.25,0.3,research_development_density_lift_trade_shape_model_training_and_proxy_scout_only_no_mt5_execution_no_forward_pass_no_live_readiness_no_operating_promotion_no_runtime_authority_no_goal_claim
run364L_train_density_lift_trade_shape_onnx_scout_without_db_v1,validation,h24_move8__rf5_l80_n64,h24_move8,long_only_margin,long_only_margin__density_20_0__maxhold_12__flat_or_opp,flat_or_opp,12,2025-01-07T18:10:00+00:00,2025-01-07T19:10:00+00:00,12,long,-0.007568223821,-0.008647959677,21300.51,21208.76,-9.475,0.3,research_development_density_lift_trade_shape_model_training_and_proxy_scout_only_no_mt5_execution_no_forward_pass_no_live_readiness_no_operating_promotion_no_runtime_authority_no_goal_claim
run364L_train_density_lift_trade_shape_onnx_scout_without_db_v1,validation,h24_move8__rf5_l80_n64,h24_move8,long_only_margin,long_only_margin__density_20_0__maxhold_12__flat_or_opp,flat_or_opp,12,2025-01-08T16:35:00+00:00,2025-01-08T17:35:00+00:00,12,long,0.023896743456,-0.008647959677,21136.03,21067.66,-7.137,0.3,research_development_density_lift_trade_shape_model_training_and_proxy_scout_only_no_mt5_execution_no_forward_pass_no_live_readiness_no_operating_promotion_no_runtime_authority_no_goal_claim
run364L_train_density_lift_trade_shape_onnx_scout_without_db_v1,validation,h24_move8__rf5_l80_n64,h24_move8,long_only_margin,long_only_margin__density_20_0__maxhold_12__flat_or_opp,flat_or_opp,12,2025-01-08T17:40:00+00:00,2025-01-08T18:40:00+00:00,12,long,-0.002578436656,-0.008647959677,21090.16,21156.53,6.337,0.3,research_development_density_lift_trade_shape_model_training_and_proxy_scout_only_no_mt5_execution_no_forward_pass_no_live_readiness_no_operating_promotion_no_runtime_authority_no_goal_claim
run364L_train_density_lift_trade_shape_onnx_scout_without_db_v1,validation,h24_move8__rf5_l80_n64,h24_move8,long_only_margin,long_only_margin__density_20_0__maxhold_12__flat_or_opp,flat_or_opp,12,2025-01-08T19:05:00+00:00,2025-01-08T20:05:00+00:00,12,long,-0.007777564806,-0.008647959677,21110.91,21084.91,-2.9,0.3,research_development_density_lift_trade_shape_model_training_and_proxy_scout_only_no_mt5_execution_no_forward_pass_no_live_readiness_no_operating_promotion_no_runtime_authority_no_goal_claim
run364L_train_density_lift_trade_shape_onnx_scout_without_db_v1,validation,h24_move8__rf5_l80_n64,h24_move8,long_only_margin,long_only_margin__density_20_0__maxhold_12__flat_or_opp,flat_or_opp,12,2025-01-10T16:35:00+00:00,2025-01-10T17:35:00+00:00,12,long,0.054223013678,-0.008647959677,20929.61,20800.61,-13.2,0.3,research_development_density_lift_trade_shape_model_training_and_proxy_scout_only_no_mt5_execution_no_forward_pass_no_live_readiness_no_operating_promotion_no_runtime_authority_no_goal_claim
run364L_train_density_lift_trade_shape_onnx_scout_without_db_v1,validation,h24_move8__rf5_l80_n64,h24_move8,long_only_margin,long_only_margin__density_20_0__maxhold_12__flat_or_opp,flat_or_opp,12,2025-01-10T17:40:00+00:00,2025-01-10T18:40:00+00:00,12,long,0.004988749439,-0.008647959677,20841.61,20673.11,-17.15,0.3,research_development_density_lift_trade_shape_model_training_and_proxy_scout_only_no_mt5_execution_no_forward_pass_no_live_readiness_no_operating_promotion_no_runtime_authority_no_goal_claim
run364L_train_density_lift_trade_shape_onnx_scout_without_db_v1,validation,h24_move8__rf5_l80_n64,h24_move8,long_only_margin,long_only_margin__density_20_0__maxhold_12__flat_or_opp,flat_or_opp,12,2025-01-13T16:45:00+00:00,2025-01-13T17:45:00+00:00,12,long,-0.00659924245,-0.008647959677,20563.33,20638.08,7.175,0.3,research_development_density_lift_trade_shape_model_training_and_proxy_scout_only_no_mt5_execution_no_forward_pass_no_live_readiness_no_operating_promotion_no_runtime_authority_no_goal_claim
run364L_train_density_lift_trade_shape_onnx_scout_without_db_v1,validation,h24_move8__rf5_l80_n64,h24_move8,long_only_margin,long_only_margin__density_20_0__maxhold_12__flat_or_opp,flat_or_opp,12,2025-01-13T17:50:00+00:00,2025-01-13T18:55:00+00:00,12,long,-0.004859081408,-0.008647959677,20660.95,20556.45,-10.75,0.3,research_development_density_lift_trade_shape_model_training_and_proxy_scout_only_no_mt5_execution_no_forward_pass_no_live_readiness_no_operating_promotion_no_runtime_authority_no_goal_claim
run364L_train_density_lift_trade_shape_onnx_scout_without_db_v1,validation,h24_move8__rf5_l80_n64,h24_move8,long_only_margin,long_only_margin__density_20_0__maxhold_12__flat_or_opp,flat_or_opp,12,2025-01-13T21:20:00+00:00,2025-01-13T21:35:00+00:00,3,long,-0.001470008591,-0.008647959677,20626.2,20671.58,4.238,0.3,research_development_density_lift_trade_shape_model_training_and_proxy_scout_only_no_mt5_execution_no_forward_pass_no_live_readiness_no_operating_promotion_no_runtime_authority_no_goal_claim
run364L_train_density_lift_trade_shape_onnx_scout_without_db_v1,validation,h24_move8__rf5_l80_n64,h24_move8,long_only_margin,long_only_margin__density_20_0__maxhold_12__flat_or_opp,flat_or_opp,12,2025-01-14T16:35:00+00:00,2025-01-14T17:35:00+00:00,12,long,0.018144822637,-0.008647959677,20858.02,20779.89,-8.113,0.3,research_development_density_lift_trade_shape_model_training_and_proxy_scout_only_no_mt5_execution_no_forward_pass_no_live_readiness_no_operating_promotion_no_runtime_authority_no_goal_claim
run364L_train_density_lift_trade_shape_onnx_scout_without_db_v1,validation,h24_move8__rf5_l80_n64,h24_move8,long_only_margin,long_only_margin__density_20_0__maxhold_12__flat_or_opp,flat_or_opp,12,2025-01-14T17:40:00+00:00,2025-01-14T18:40:00+00:00,12,long,0.005983756795,-0.008647959677,20741.77,20676.52,-6.825,0.3,research_development_density_lift_trade_shape_model_training_and_proxy_scout_only_no_mt5_execution_no_forward_pass_no_live_readiness_no_operating_promotion_no_runtime_authority_no_goal_claim
run364L_train_density_lift_trade_shape_onnx_scout_without_db_v1,validation,h24_move8__rf5_l80_n64,h24_move8,long_only_margin,long_only_margin__density_20_0__maxhold_12__flat_or_opp,flat_or_opp,12,2025-01-14T20:35:00+00:00,2025-01-14T20:45:00+00:00,1,long,-0.002123088866,-0.008647959677,20721.64,20763.64,3.9,0.3,research_development_density_lift_trade_shape_model_training_and_proxy_scout_only_no_mt5_execution_no_forward_pass_no_live_readiness_no_operating_promotion_no_runtime_authority_no_goal_claim
run364L_train_density_lift_trade_shape_onnx_scout_without_db_v1,validation,h24_move8__rf5_l80_n64,h24_move8,long_only_margin,long_only_margin__density_20_0__maxhold_12__flat_or_opp,flat_or_opp,12,2025-01-14T21:55:00+00:00,2025-01-15T17:30:00+00:00,12,long,-0.005953555551,-0.008647959677,20706.14,21182.1,47.296,0.3,research_development_density_lift_trade_shape_model_training_and_proxy_scout_only_no_mt5_execution_no_forward_pass_no_live_readiness_no_operating_promotion_no_runtime_authority_no_goal_claim
run364L_train_density_lift_trade_shape_onnx_scout_without_db_v1,validation,h24_move8__rf5_l80_n64,h24_move8,long_only_margin,long_only_margin__density_20_0__maxhold_12__flat_or_opp,flat_or_opp,12,2025-01-15T17:35:00+00:00,2025-01-15T18:35:00+00:00,12,long,0.082627358609,-0.008647959677,21170.35,21074.23,-9.912,0.3,research_development_density_lift_trade_shape_model_training_and_proxy_scout_only_no_mt5_execution_no_forward_pass_no_live_readiness_no_operating_promotion_no_runtime_authority_no_goal_claim
run364L_train_density_lift_trade_shape_onnx_scout_without_db_v1,validation,h24_move8__rf5_l80_n64,h24_move8,long_only_margin,long_only_margin__density_20_0__maxhold_12__flat_or_opp,flat_or_opp,12,2025-01-15T18:50:00+00:00,2025-01-15T19:45:00+00:00,11,long,-0.000935821404,-0.008647959677,21073.6,21146.48,6.988,0.3,research_development_density_lift_trade_shape_model_training_and_proxy_scout_only_no_mt5_execution_no_forward_pass_no_live_readiness_no_operating_promotion_no_runtime_authority_no_goal_claim
run364L_train_density_lift_trade_shape_onnx_scout_without_db_v1,validation,h24_move8__rf5_l80_n64,h24_move8,long_only_margin,long_only_margin__density_20_0__maxhold_12__flat_or_opp,flat_or_opp,12,2025-01-15T19:50:00+00:00,2025-01-15T20:25:00+00:00,6,long,0.000400739944,-0.008647959677,21150.6,21160.73,0.713,0.3,research_development_density_lift_trade_shape_model_training_and_proxy_scout_only_no_mt5_execution_no_forward_pass_no_live_readiness_no_operating_promotion_no_runtime_authority_no_goal_claim
run364L_train_density_lift_trade_shape_onnx_scout_without_db_v1,validation,h24_move8__rf5_l80_n64,h24_move8,long_only_margin,long_only_margin__density_20_0__maxhold_12__flat_or_opp,flat_or_opp,12,2025-01-16T16:40:00+00:00,2025-01-16T17:40:00+00:00,12,long,0.015617293951,-0.008647959677,21239.95,21195.2,-4.775,0.3,research_development_density_lift_trade_shape_model_training_and_proxy_scout_only_no_mt5_execution_no_forward_pass_no_live_readiness_no_operating_promotion_no_runtime_authority_no_goal_claim
run364L_train_density_lift_trade_shape_onnx_scout_without_db_v1,validation,h24_move8__rf5_l80_n64,h24_move8,long_only_margin,long_only_margin__density_20_0__maxhold_12__flat_or_opp,flat_or_opp,12,2025-01-16T17:45:00+00:00,2025-01-16T18:55:00+00:00,12,long,0.014787112042,-0.008647959677,21167.45,21166.45,-0.4,0.3,research_development_density_lift_trade_shape_model_training_and_proxy_scout_only_no_mt5_execution_no_forward_pass_no_live_readiness_no_operating_promotion_no_runtime_authority_no_goal_claim
run364L_train_density_lift_trade_shape_onnx_scout_without_db_v1,validation,h24_move8__rf5_l80_n64,h24_move8,long_only_margin,long_only_margin__density_20_0__maxhold_12__flat_or_opp,flat_or_opp,12,2025-01-16T19:00:00+00:00,2025-01-16T19:15:00+00:00,3,long,0.010137125724,-0.008647959677,21194.07,21194.32,-0.275,0.3,research_development_density_lift_trade_shape_model_training_and_proxy_scout_only_no_mt5_execution_no_forward_pass_no_live_readiness_no_operating_promotion_no_runtime_authority_no_goal_claim
run364L_train_density_lift_trade_shape_onnx_scout_without_db_v1,validation,h24_move8__rf5_l80_n64,h24_move8,long_only_margin,long_only_margin__density_20_0__maxhold_12__flat_or_opp,flat_or_opp,12,2025-01-16T19:20:00+00:00,2025-01-16T19:45:00+00:00,5,long,-0.000238685075,-0.008647959677,21177.57,21183.32,0.275,0.3,research_development_density_lift_trade_shape_model_training_and_proxy_scout_only_no_mt5_execution_no_forward_pass_no_live_readiness_no_operating_promotion_no_runtime_authority_no_goal_claim
run364L_train_density_lift_trade_shape_onnx_scout_without_db_v1,validation,h24_move8__rf5_l80_n64,h24_move8,long_only_margin,long_only_margin__density_20_0__maxhold_12__flat_or_opp,flat_or_opp,12,2025-01-16T19:50:00+00:00,2025-01-16T19:55:00+00:00,1,long,-0.000536245342,-0.008647959677,21182.32,21184.32,-0.1,0.3,research_development_density_lift_trade_shape_model_training_and_proxy_scout_only_no_mt5_execution_no_forward_pass_no_live_readiness_no_operating_promotion_no_runtime_authority_no_goal_claim
run364L_train_density_lift_trade_shape_onnx_scout_without_db_v1,validation,h24_move8__rf5_l80_n64,h24_move8,long_only_margin,long_only_margin__density_20_0__maxhold_12__flat_or_opp,flat_or_opp,12,2025-01-16T20:00:00+00:00,2025-01-16T20:05:00+00:00,1,long,0.001104803703,-0.008647959677,21180.07,21196.32,1.325,0.3,research_development_density_lift_trade_shape_model_training_and_proxy_scout_only_no_mt5_execution_no_forward_pass_no_live_readiness_no_operating_promotion_no_runtime_authority_no_goal_claim
run364L_train_density_lift_trade_shape_onnx_scout_without_db_v1,validation,h24_move8__rf5_l80_n64,h24_move8,long_only_margin,long_only_margin__density_20_0__maxhold_12__flat_or_opp,flat_or_opp,12,2025-01-16T20:10:00+00:00,2025-01-16T20:15:00+00:00,1,long,-8.8436301e-05,-0.008647959677,21193.07,21181.82,-1.425,0.3,research_development_density_lift_trade_shape_model_training_and_proxy_scout_only_no_mt5_execution_no_forward_pass_no_live_readiness_no_operating_promotion_no_runtime_authority_no_goal_claim
run364L_train_density_lift_trade_shape_onnx_scout_without_db_v1,validation,h24_move8__rf5_l80_n64,h24_move8,long_only_margin,long_only_margin__density_20_0__maxhold_12__flat_or_opp,flat_or_opp,12,2025-01-16T20:30:00+00:00,2025-01-16T21:35:00+00:00,12,long,0.000798332134,-0.008647959677,21137.57,21136.7,-0.387,0.3,research_development_density_lift_trade_shape_model_training_and_proxy_scout_only_no_mt5_execution_no_forward_pass_no_live_readiness_no_operating_promotion_no_runtime_authority_no_goal_claim
run364L_train_density_lift_trade_shape_onnx_scout_without_db_v1,validation,h24_move8__rf5_l80_n64,h24_move8,long_only_margin,long_only_margin__density_20_0__maxhold_12__flat_or_opp,flat_or_opp,12,2025-01-17T16:35:00+00:00,2025-01-17T17:45:00+00:00,12,long,0.078195061742,-0.008647959677,21353.28,21351.53,-0.475,0.3,research_development_density_lift_trade_shape_model_training_and_proxy_scout_only_no_mt5_execution_no_forward_pass_no_live_readiness_no_operating_promotion_no_runtime_authority_no_goal_claim
run364L_train_density_lift_trade_shape_onnx_scout_without_db_v1,validation,h24_move8__rf5_l80_n64,h24_move8,long_only_margin,long_only_margin__density_20_0__maxhold_12__flat_or_opp,flat_or_opp,12,2025-01-17T17:50:00+00:00,2025-01-17T19:20:00+00:00,12,long,0.009513473235,-0.008647959677,21368.03,21404.03,3.3,0.3,research_development_density_lift_trade_shape_model_training_and_proxy_scout_only_no_mt5_execution_no_forward_pass_no_live_readiness_no_operating_promotion_no_runtime_authority_no_goal_claim
run364L_train_density_lift_trade_shape_onnx_scout_without_db_v1,validation,h24_move8__rf5_l80_n64,h24_move8,long_only_margin,long_only_margin__density_20_0__maxhold_12__flat_or_opp,flat_or_opp,12,2025-01-17T19:30:00+00:00,2025-01-17T20:00:00+00:00,4,long,0.003955620039,-0.008647959677,21421.03,21423.28,-0.075,0.3,research_development_density_lift_trade_shape_model_training_and_proxy_scout_only_no_mt5_execution_no_forward_pass_no_live_readiness_no_operating_promotion_no_runtime_authority_no_goal_claim
run364L_train_density_lift_trade_shape_onnx_scout_without_db_v1,validation,h24_move8__rf5_l80_n64,h24_move8,long_only_margin,long_only_margin__density_20_0__maxhold_12__flat_or_opp,flat_or_opp,12,2025-01-21T17:00:00+00:00,2025-01-21T18:10:00+00:00,12,long,-0.003763794304,-0.008647959677,21443.6,21461.1,1.45,0.3,research_development_density_lift_trade_shape_model_training_and_proxy_scout_only_no_mt5_execution_no_forward_pass_no_live_readiness_no_operating_promotion_no_runtime_authority_no_goal_claim
run364L_train_density_lift_trade_shape_onnx_scout_without_db_v1,validation,h24_move8__rf5_l80_n64,h24_move8,long_only_margin,long_only_margin__density_20_0__maxhold_12__flat_or_opp,flat_or_opp,12,2025-01-21T18:25:00+00:00,2025-01-21T20:10:00+00:00,9,long,0.016516234173,-0.008647959677,21442.72,21550.1,10.438,0.3,research_development_density_lift_trade_shape_model_training_and_proxy_scout_only_no_mt5_execution_no_forward_pass_no_live_readiness_no_operating_promotion_no_runtime_authority_no_goal_claim
run364L_train_density_lift_trade_shape_onnx_scout_without_db_v1,validation,h24_move8__rf5_l80_n64,h24_move8,long_only_margin,long_only_margin__density_20_0__maxhold_12__flat_or_opp,flat_or_opp,12,2025-01-21T20:15:00+00:00,2025-01-21T20:40:00+00:00,1,long,2.5648553e-05,-0.008647959677,21567.97,21571.97,0.1,0.3,research_development_density_lift_trade_shape_model_training_and_proxy_scout_only_no_mt5_execution_no_forward_pass_no_live_readiness_no_operating_promotion_no_runtime_authority_no_goal_claim
run364L_train_density_lift_trade_shape_onnx_scout_without_db_v1,validation,h24_move8__rf5_l80_n64,h24_move8,long_only_margin,long_only_margin__density_20_0__maxhold_12__flat_or_opp,flat_or_opp,12,2025-01-22T16:40:00+00:00,2025-01-22T18:05:00+00:00,11,long,0.00870534488,-0.008647959677,21773.67,21826.42,4.975,0.3,research_development_density_lift_trade_shape_model_training_and_proxy_scout_only_no_mt5_execution_no_forward_pass_no_live_readiness_no_operating_promotion_no_runtime_authority_no_goal_claim
run364L_train_density_lift_trade_shape_onnx_scout_without_db_v1,validation,h24_move8__rf5_l80_n64,h24_move8,long_only_margin,long_only_margin__density_20_0__maxhold_12__flat_or_opp,flat_or_opp,12,2025-01-22T18:10:00+00:00,2025-01-22T18:30:00+00:00,2,long,0.021877673385,-0.008647959677,21840.55,21868.05,2.45,0.3,research_development_density_lift_trade_shape_model_training_and_proxy_scout_only_no_mt5_execution_no_forward_pass_no_live_readiness_no_operating_promotion_no_runtime_authority_no_goal_claim
run364L_train_density_lift_trade_shape_onnx_scout_without_db_v1,validation,h24_move8__rf5_l80_n64,h24_move8,long_only_margin,long_only_margin__density_20_0__maxhold_12__flat_or_opp,flat_or_opp,12,2025-01-22T18:45:00+00:00,2025-01-22T18:50:00+00:00,1,long,0.002174316849,-0.008647959677,21882.67,21876.67,-0.9,0.3,research_development_density_lift_trade_shape_model_training_and_proxy_scout_only_no_mt5_execution_no_forward_pass_no_live_readiness_no_operating_promotion_no_runtime_authority_no_goal_claim
run364L_train_density_lift_trade_shape_onnx_scout_without_db_v1,validation,h24_move8__rf5_l80_n64,h24_move8,long_only_margin,long_only_margin__density_20_0__maxhold_12__flat_or_opp,flat_or_opp,12,2025-01-22T19:25:00+00:00,2025-01-22T20:00:00+00:00,1,long,-0.007736692321,-0.008647959677,21882.67,21873.17,-1.25,0.3,research_development_density_lift_trade_shape_model_training_and_proxy_scout_only_no_mt5_execution_no_forward_pass_no_live_readiness_no_operating_promotion_no_runtime_authority_no_goal_claim
run364L_train_density_lift_trade_shape_onnx_scout_without_db_v1,validation,h24_move8__rf5_l80_n64,h24_move8,long_only_margin,long_only_margin__density_20_0__maxhold_12__flat_or_opp,flat_or_opp,12,2025-01-24T16:45:00+00:00,2025-01-24T17:15:00+00:00,5,long,0.005494933849,-0.008647959677,21852.33,21840.21,-1.512,0.3,research_development_density_lift_trade_shape_model_training_and_proxy_scout_only_no_mt5_execution_no_forward_pass_no_live_readiness_no_operating_promotion_no_runtime_authority_no_goal_claim
run364L_train_density_lift_trade_shape_onnx_scout_without_db_v1,validation,h24_move8__rf5_l80_n64,h24_move8,long_only_margin,long_only_margin__density_20_0__maxhold_12__flat_or_opp,flat_or_opp,12,2025-01-24T20:00:00+00:00,2025-01-24T20:05:00+00:00,1,long,0.010017222689,-0.008647959677,21765.08,21771.33,0.325,0.3,research_development_density_lift_trade_shape_model_training_and_proxy_scout_only_no_mt5_execution_no_forward_pass_no_live_readiness_no_operating_promotion_no_runtime_authority_no_goal_claim
run364L_train_density_lift_trade_shape_onnx_scout_without_db_v1,validation,h24_move8__rf5_l80_n64,h24_move8,long_only_margin,long_only_margin__density_20_0__maxhold_12__flat_or_opp,flat_or_opp,12,2025-01-24T20:15:00+00:00,2025-01-24T20:20:00+00:00,1,long,0.020313327927,-0.008647959677,21754.08,21762.21,0.513,0.3,research_development_density_lift_trade_shape_model_training_and_proxy_scout_only_no_mt5_execution_no_forward_pass_no_live_readiness_no_operating_promotion_no_runtime_authority_no_goal_claim
run364L_train_density_lift_trade_shape_onnx_scout_without_db_v1,validation,h24_move8__rf5_l80_n64,h24_move8,long_only_margin,long_only_margin__density_20_0__maxhold_12__flat_or_opp,flat_or_opp,12,2025-01-24T20:40:00+00:00,2025-01-24T20:50:00+00:00,1,long,-0.008093811923,-0.008647959677,21749.33,21731.33,-2.1,0.3,research_development_density_lift_trade_shape_model_training_and_proxy_scout_only_no_mt5_execution_no_forward_pass_no_live_readiness_no_operating_promotion_no_runtime_authority_no_goal_claim
run364L_train_density_lift_trade_shape_onnx_scout_without_db_v1,validation,h24_move8__rf5_l80_n64,h24_move8,long_only_margin,long_only_margin__density_20_0__maxhold_12__flat_or_opp,flat_or_opp,12,2025-01-24T21:00:00+00:00,2025-01-24T21:30:00+00:00,3,long,-0.006159545096,-0.008647959677,21691.33,21691.33,-0.3,0.3,research_development_density_lift_trade_shape_model_training_and_proxy_scout_only_no_mt5_execution_no_forward_pass_no_live_readiness_no_operating_promotion_no_runtime_authority_no_goal_claim
run364L_train_density_lift_trade_shape_onnx_scout_without_db_v1,validation,h24_move8__rf5_l80_n64,h24_move8,long_only_margin,long_only_margin__density_20_0__maxhold_12__flat_or_opp,flat_or_opp,12,2025-01-27T16:35:00+00:00,2025-01-27T17:35:00+00:00,12,long,0.02404170075,-0.008647959677,21072.37,21235.87,16.05,0.3,research_development_density_lift_trade_shape_model_training_and_proxy_scout_only_no_mt5_execution_no_forward_pass_no_live_readiness_no_operating_promotion_no_runtime_authority_no_goal_claim
run364L_train_density_lift_trade_shape_onnx_scout_without_db_v1,validation,h24_move8__rf5_l80_n64,h24_move8,long_only_margin,long_only_margin__density_20_0__maxhold_12__flat_or_opp,flat_or_opp,12,2025-01-27T17:40:00+00:00,2025-01-27T18:40:00+00:00,12,long,0.04990187918,-0.008647959677,21224.37,21035.37,-19.2,0.3,research_development_density_lift_trade_shape_model_training_and_proxy_scout_only_no_mt5_execution_no_forward_pass_no_live_readiness_no_operating_promotion_no_runtime_authority_no_goal_claim
run364L_train_density_lift_trade_shape_onnx_scout_without_db_v1,validation,h24_move8__rf5_l80_n64,h24_move8,long_only_margin,long_only_margin__density_20_0__maxhold_12__flat_or_opp,flat_or_opp,12,2025-01-28T16:35:00+00:00,2025-01-28T17:35:00+00:00,12,long,0.015352959811,-0.008647959677,21097.34,21264.84,16.45,0.3,research_development_density_lift_trade_shape_model_training_and_proxy_scout_only_no_mt5_execution_no_forward_pass_no_live_readiness_no_operating_promotion_no_runtime_authority_no_goal_claim
run364L_train_density_lift_trade_shape_onnx_scout_without_db_v1,validation,h24_move8__rf5_l80_n64,h24_move8,long_only_margin,long_only_margin__density_20_0__maxhold_12__flat_or_opp,flat_or_opp,12,2025-01-28T17:40:00+00:00,2025-01-28T18:40:00+00:00,12,long,0.027316286069,-0.008647959677,21279.96,21283.21,0.025,0.3,research_development_density_lift_trade_shape_model_training_and_proxy_scout_only_no_mt5_execution_no_forward_pass_no_live_readiness_no_operating_promotion_no_runtime_authority_no_goal_claim
run364L_train_density_lift_trade_shape_onnx_scout_without_db_v1,validation,h24_move8__rf5_l80_n64,h24_move8,long_only_margin,long_only_margin__density_20_0__maxhold_12__flat_or_opp,flat_or_opp,12,2025-01-28T18:45:00+00:00,2025-01-28T20:05:00+00:00,12,long,0.006724970076,-0.008647959677,21259.21,21400.46,13.825,0.3,research_development_density_lift_trade_shape_model_training_and_proxy_scout_only_no_mt5_execution_no_forward_pass_no_live_readiness_no_operating_promotion_no_runtime_authority_no_goal_claim
run364L_train_density_lift_trade_shape_onnx_scout_without_db_v1,validation,h24_move8__rf5_l80_n64,h24_move8,long_only_margin,long_only_margin__density_20_0__maxhold_12__flat_or_opp,flat_or_opp,12,2025-01-28T20:10:00+00:00,2025-01-28T21:05:00+00:00,10,long,0.033226090462,-0.008647959677,21402.71,21365.21,-4.05,0.3,research_development_density_lift_trade_shape_model_training_and_proxy_scout_only_no_mt5_execution_no_forward_pass_no_live_readiness_no_operating_promotion_no_runtime_authority_no_goal_claim
run364L_train_density_lift_trade_shape_onnx_scout_without_db_v1,validation,h24_move8__rf5_l80_n64,h24_move8,long_only_margin,long_only_margin__density_20_0__maxhold_12__flat_or_opp,flat_or_opp,12,2025-01-28T21:10:00+00:00,2025-01-28T21:15:00+00:00,1,long,0.003477160666,-0.008647959677,21356.21,21363.96,0.475,0.3,research_development_density_lift_trade_shape_model_training_and_proxy_scout_only_no_mt5_execution_no_forward_pass_no_live_readiness_no_operating_promotion_no_runtime_authority_no_goal_claim
run364L_train_density_lift_trade_shape_onnx_scout_without_db_v1,validation,h24_move8__rf5_l80_n64,h24_move8,long_only_margin,long_only_margin__density_20_0__maxhold_12__flat_or_opp,flat_or_opp,12,2025-01-28T21:20:00+00:00,2025-01-28T21:25:00+00:00,1,long,0.014556696137,-0.008647959677,21388.46,21389.21,-0.225,0.3,research_development_density_lift_trade_shape_model_training_and_proxy_scout_only_no_mt5_execution_no_forward_pass_no_live_readiness_no_operating_promotion_no_runtime_authority_no_goal_claim
run364L_train_density_lift_trade_shape_onnx_scout_without_db_v1,validation,h24_move8__rf5_l80_n64,h24_move8,long_only_margin,long_only_margin__density_20_0__maxhold_12__flat_or_opp,flat_or_opp,12,2025-01-29T16:55:00+00:00,2025-01-29T17:55:00+00:00,12,long,0.025164467398,-0.008647959677,21377.42,21365.3,-1.512,0.3,research_development_density_lift_trade_shape_model_training_and_proxy_scout_only_no_mt5_execution_no_forward_pass_no_live_readiness_no_operating_promotion_no_runtime_authority_no_goal_claim
run364L_train_density_lift_trade_shape_onnx_scout_without_db_v1,validation,h24_move8__rf5_l80_n64,h24_move8,long_only_margin,long_only_margin__density_20_0__maxhold_12__flat_or_opp,flat_or_opp,12,2025-01-29T18:00:00+00:00,2025-01-29T18:35:00+00:00,7,long,-0.000557167274,-0.008647959677,21348.67,21342.92,-0.875,0.3,research_development_density_lift_trade_shape_model_training_and_proxy_scout_only_no_mt5_execution_no_forward_pass_no_live_readiness_no_operating_promotion_no_runtime_authority_no_goal_claim
run364L_train_density_lift_trade_shape_onnx_scout_without_db_v1,validation,h24_move8__rf5_l80_n64,h24_move8,long_only_margin,long_only_margin__density_20_0__maxhold_12__flat_or_opp,flat_or_opp,12,2025-01-29T18:40:00+00:00,2025-01-29T18:50:00+00:00,2,long,-0.006953166834,-0.008647959677,21316.42,21347.42,2.8,0.3,research_development_density_lift_trade_shape_model_training_and_proxy_scout_only_no_mt5_execution_no_forward_pass_no_live_readiness_no_operating_promotion_no_runtime_authority_no_goal_claim
run364L_train_density_lift_trade_shape_onnx_scout_without_db_v1,validation,h24_move8__rf5_l80_n64,h24_move8,long_only_margin,long_only_margin__density_20_0__maxhold_12__flat_or_opp,flat_or_opp,12,2025-01-30T16:35:00+00:00,2025-01-30T17:35:00+00:00,12,long,-0.004356651892,-0.008647959677,21465.0,21387.62,-8.038,0.3,research_development_density_lift_trade_shape_model_training_and_proxy_scout_only_no_mt5_execution_no_forward_pass_no_live_readiness_no_operating_promotion_no_runtime_authority_no_goal_claim
run364L_train_density_lift_trade_shape_onnx_scout_without_db_v1,validation,h24_move8__rf5_l80_n64,h24_move8,long_only_margin,long_only_margin__density_20_0__maxhold_12__flat_or_opp,flat_or_opp,12,2025-01-30T17:40:00+00:00,2025-01-30T18:40:00+00:00,12,long,0.027808451414,-0.008647959677,21424.0,21397.12,-2.988,0.3,research_development_density_lift_trade_shape_model_training_and_proxy_scout_only_no_mt5_execution_no_forward_pass_no_live_readiness_no_operating_promotion_no_runtime_authority_no_goal_claim
run364L_train_density_lift_trade_shape_onnx_scout_without_db_v1,validation,h24_move8__rf5_l80_n64,h24_move8,long_only_margin,long_only_margin__density_20_0__maxhold_12__flat_or_opp,flat_or_opp,12,2025-01-30T18:45:00+00:00,2025-01-30T19:45:00+00:00,12,long,-0.007853868337,-0.008647959677,21397.37,21364.62,-3.575,0.3,research_development_density_lift_trade_shape_model_training_and_proxy_scout_only_no_mt5_execution_no_forward_pass_no_live_readiness_no_operating_promotion_no_runtime_authority_no_goal_claim
run364L_train_density_lift_trade_shape_onnx_scout_without_db_v1,validation,h24_move8__rf5_l80_n64,h24_move8,long_only_margin,long_only_margin__density_20_0__maxhold_12__flat_or_opp,flat_or_opp,12,2025-01-30T19:55:00+00:00,2025-01-30T20:55:00+00:00,9,long,-0.005504245456,-0.008647959677,21392.62,21442.75,4.713,0.3,research_development_density_lift_trade_shape_model_training_and_proxy_scout_only_no_mt5_execution_no_forward_pass_no_live_readiness_no_operating_promotion_no_runtime_authority_no_goal_claim
run364L_train_density_lift_trade_shape_onnx_scout_without_db_v1,validation,h24_move8__rf5_l80_n64,h24_move8,long_only_margin,long_only_margin__density_20_0__maxhold_12__flat_or_opp,flat_or_opp,12,2025-01-31T16:35:00+00:00,2025-01-31T17:40:00+00:00,12,long,0.004867143569,-0.008647959677,21659.85,21782.85,12.0,0.3,research_development_density_lift_trade_shape_model_training_and_proxy_scout_only_no_mt5_execution_no_forward_pass_no_live_readiness_no_operating_promotion_no_runtime_authority_no_goal_claim
run364L_train_density_lift_trade_shape_onnx_scout_without_db_v1,validation,h24_move8__rf5_l80_n64,h24_move8,long_only_margin,long_only_margin__density_20_0__maxhold_12__flat_or_opp,flat_or_opp,12,2025-01-31T17:45:00+00:00,2025-01-31T19:25:00+00:00,12,long,0.049109821473,-0.008647959677,21756.1,21770.6,1.15,0.3,research_development_density_lift_trade_shape_model_training_and_proxy_scout_only_no_mt5_execution_no_forward_pass_no_live_readiness_no_operating_promotion_no_runtime_authority_no_goal_claim
run364L_train_density_lift_trade_shape_onnx_scout_without_db_v1,validation,h24_move8__rf5_l80_n64,h24_move8,long_only_margin,long_only_margin__density_20_0__maxhold_12__flat_or_opp,flat_or_opp,12,2025-01-31T20:20:00+00:00,2025-01-31T21:25:00+00:00,12,long,0.007985448749,-0.008647959677,21697.6,21568.1,-13.25,0.3,research_development_density_lift_trade_shape_model_training_and_proxy_scout_only_no_mt5_execution_no_forward_pass_no_live_readiness_no_operating_promotion_no_runtime_authority_no_goal_claim
run364L_train_density_lift_trade_shape_onnx_scout_without_db_v1,validation,h24_move8__rf5_l80_n64,h24_move8,long_only_margin,long_only_margin__density_20_0__maxhold_12__flat_or_opp,flat_or_opp,12,2025-02-03T16:35:00+00:00,2025-02-03T17:35:00+00:00,12,long,-0.003156945267,-0.008647959677,21084.74,21228.36,14.062,0.3,research_development_density_lift_trade_shape_model_training_and_proxy_scout_only_no_mt5_execution_no_forward_pass_no_live_readiness_no_operating_promotion_no_runtime_authority_no_goal_claim
run364L_train_density_lift_trade_shape_onnx_scout_without_db_v1,validation,h24_move8__rf5_l80_n64,h24_move8,long_only_margin,long_only_margin__density_20_0__maxhold_12__flat_or_opp,flat_or_opp,12,2025-02-03T17:40:00+00:00,2025-02-03T18:40:00+00:00,12,long,0.027851656241,-0.008647959677,21222.86,21292.24,6.638,0.3,research_development_density_lift_trade_shape_model_training_and_proxy_scout_only_no_mt5_execution_no_forward_pass_no_live_readiness_no_operating_promotion_no_runtime_authority_no_goal_claim
run364L_train_density_lift_trade_shape_onnx_scout_without_db_v1,validation,h24_move8__rf5_l80_n64,h24_move8,long_only_margin,long_only_margin__density_20_0__maxhold_12__flat_or_opp,flat_or_opp,12,2025-02-03T18:45:00+00:00,2025-02-03T19:45:00+00:00,12,long,0.01477749779,-0.008647959677,21291.49,21216.74,-7.775,0.3,research_development_density_lift_trade_shape_model_training_and_proxy_scout_only_no_mt5_execution_no_forward_pass_no_live_readiness_no_operating_promotion_no_runtime_authority_no_goal_claim
run364L_train_density_lift_trade_shape_onnx_scout_without_db_v1,validation,h24_move8__rf5_l80_n64,h24_move8,long_only_margin,long_only_margin__density_20_0__maxhold_12__flat_or_opp,flat_or_opp,12,2025-02-03T20:55:00+00:00,2025-02-03T21:30:00+00:00,7,long,-0.004276893249,-0.008647959677,21318.61,21347.86,2.625,0.3,research_development_density_lift_trade_shape_model_training_and_proxy_scout_only_no_mt5_execution_no_forward_pass_no_live_readiness_no_operating_promotion_no_runtime_authority_no_goal_claim
run364L_train_density_lift_trade_shape_onnx_scout_without_db_v1,validation,h24_move8__rf5_l80_n64,h24_move8,long_only_margin,long_only_margin__density_20_0__maxhold_12__flat_or_opp,flat_or_opp,12,2025-02-03T21:40:00+00:00,2025-02-03T21:45:00+00:00,1,long,0.001270125342,-0.008647959677,21348.86,21359.36,0.75,0.3,research_development_density_lift_trade_shape_model_training_and_proxy_scout_only_no_mt5_execution_no_forward_pass_no_live_readiness_no_operating_promotion_no_runtime_authority_no_goal_claim
run364L_train_density_lift_trade_shape_onnx_scout_without_db_v1,validation,h24_move8__rf5_l80_n64,h24_move8,long_only_margin,long_only_margin__density_20_0__maxhold_12__flat_or_opp,flat_or_opp,12,2025-02-04T16:35:00+00:00,2025-02-04T17:35:00+00:00,12,long,0.024502759102,-0.008647959677,21314.93,21506.68,18.875,0.3,research_development_density_lift_trade_shape_model_training_and_proxy_scout_only_no_mt5_execution_no_forward_pass_no_live_readiness_no_operating_promotion_no_runtime_authority_no_goal_claim
run364L_train_density_lift_trade_shape_onnx_scout_without_db_v1,validation,h24_move8__rf5_l80_n64,h24_move8,long_only_margin,long_only_margin__density_20_0__maxhold_12__flat_or_opp,flat_or_opp,12,2025-02-04T17:40:00+00:00,2025-02-04T18:45:00+00:00,12,long,0.092282767017,-0.008647959677,21528.3,21530.05,-0.125,0.3,research_development_density_lift_trade_shape_model_training_and_proxy_scout_only_no_mt5_execution_no_forward_pass_no_live_readiness_no_operating_promotion_no_runtime_authority_no_goal_claim
run364L_train_density_lift_trade_shape_onnx_scout_without_db_v1,validation,h24_move8__rf5_l80_n64,h24_move8,long_only_margin,long_only_margin__density_20_0__maxhold_12__flat_or_opp,flat_or_opp,12,2025-02-04T18:50:00+00:00,2025-02-04T19:50:00+00:00,12,long,0.027307322077,-0.008647959677,21512.05,21450.8,-6.425,0.3,research_development_density_lift_trade_shape_model_training_and_proxy_scout_only_no_mt5_execution_no_forward_pass_no_live_readiness_no_operating_promotion_no_runtime_authority_no_goal_claim
run364L_train_density_lift_trade_shape_onnx_scout_without_db_v1,oos,h24_move8__rf5_l80_n64,h24_move8,long_only_margin,long_only_margin__density_20_0__maxhold_12__flat_or_opp,flat_or_opp,12,2025-10-01T16:35:00+00:00,2025-10-01T17:40:00+00:00,12,long,-0.001011124771,-0.008647959677,24608.18,24687.18,7.6,0.3,research_development_density_lift_trade_shape_model_training_and_proxy_scout_only_no_mt5_execution_no_forward_pass_no_live_readiness_no_operating_promotion_no_runtime_authority_no_goal_claim
run364L_train_density_lift_trade_shape_onnx_scout_without_db_v1,oos,h24_move8__rf5_l80_n64,h24_move8,long_only_margin,long_only_margin__density_20_0__maxhold_12__flat_or_opp,flat_or_opp,12,2025-10-01T17:45:00+00:00,2025-10-01T18:05:00+00:00,3,long,0.020610758396,-0.008647959677,24682.55,24696.8,1.125,0.3,research_development_density_lift_trade_shape_model_training_and_proxy_scout_only_no_mt5_execution_no_forward_pass_no_live_readiness_no_operating_promotion_no_runtime_authority_no_goal_claim
run364L_train_density_lift_trade_shape_onnx_scout_without_db_v1,oos,h24_move8__rf5_l80_n64,h24_move8,long_only_margin,long_only_margin__density_20_0__maxhold_12__flat_or_opp,flat_or_opp,12,2025-10-01T18:15:00+00:00,2025-10-01T18:20:00+00:00,1,long,0.006284111562,-0.008647959677,24692.68,24672.05,-2.363,0.3,research_development_density_lift_trade_shape_model_training_and_proxy_scout_only_no_mt5_execution_no_forward_pass_no_live_readiness_no_operating_promotion_no_runtime_authority_no_goal_claim
run364L_train_density_lift_trade_shape_onnx_scout_without_db_v1,oos,h24_move8__rf5_l80_n64,h24_move8,long_only_margin,long_only_margin__density_20_0__maxhold_12__flat_or_opp,flat_or_opp,12,2025-10-02T17:05:00+00:00,2025-10-02T17:40:00+00:00,7,long,0.001580644997,-0.008647959677,24869.56,24883.81,1.125,0.3,research_development_density_lift_trade_shape_model_training_and_proxy_scout_only_no_mt5_execution_no_forward_pass_no_live_readiness_no_operating_promotion_no_runtime_authority_no_goal_claim
run364L_train_density_lift_trade_shape_onnx_scout_without_db_v1,oos,h24_move8__rf5_l80_n64,h24_move8,long_only_margin,long_only_margin__density_20_0__maxhold_12__flat_or_opp,flat_or_opp,12,2025-10-02T17:45:00+00:00,2025-10-02T18:30:00+00:00,8,long,0.000755188941,-0.008647959677,24859.06,24837.06,-2.5,0.3,research_development_density_lift_trade_shape_model_training_and_proxy_scout_only_no_mt5_execution_no_forward_pass_no_live_readiness_no_operating_promotion_no_runtime_authority_no_goal_claim
run364L_train_density_lift_trade_shape_onnx_scout_without_db_v1,oos,h24_move8__rf5_l80_n64,h24_move8,long_only_margin,long_only_margin__density_20_0__maxhold_12__flat_or_opp,flat_or_opp,12,2025-10-02T18:40:00+00:00,2025-10-02T18:55:00+00:00,2,long,0.008972830266,-0.008647959677,24815.56,24857.81,3.925,0.3,research_development_density_lift_trade_shape_model_training_and_proxy_scout_only_no_mt5_execution_no_forward_pass_no_live_readiness_no_operating_promotion_no_runtime_authority_no_goal_claim
run364L_train_density_lift_trade_shape_onnx_scout_without_db_v1,oos,h24_move8__rf5_l80_n64,h24_move8,long_only_margin,long_only_margin__density_20_0__maxhold_12__flat_or_opp,flat_or_opp,12,2025-10-03T16:40:00+00:00,2025-10-03T17:35:00+00:00,9,long,-0.002565017212,-0.008647959677,24955.23,24889.86,-6.837,0.3,research_development_density_lift_trade_shape_model_training_and_proxy_scout_only_no_mt5_execution_no_forward_pass_no_live_readiness_no_operating_promotion_no_runtime_authority_no_goal_claim
run364L_train_density_lift_trade_shape_onnx_scout_without_db_v1,oos,h24_move8__rf5_l80_n64,h24_move8,long_only_margin,long_only_margin__density_20_0__maxhold_12__flat_or_opp,flat_or_opp,12,2025-10-06T16:35:00+00:00,2025-10-06T17:35:00+00:00,12,long,-0.002951645167,-0.008647959677,24967.38,24938.5,-3.188,0.3,research_development_density_lift_trade_shape_model_training_and_proxy_scout_only_no_mt5_execution_no_forward_pass_no_live_readiness_no_operating_promotion_no_runtime_authority_no_goal_claim
run364L_train_density_lift_trade_shape_onnx_scout_without_db_v1,oos,h24_move8__rf5_l80_n64,h24_move8,long_only_margin,long_only_margin__density_20_0__maxhold_12__flat_or_opp,flat_or_opp,12,2025-10-06T17:50:00+00:00,2025-10-06T17:55:00+00:00,1,long,0.030664115148,-0.008647959677,24960.25,24942.38,-2.087,0.3,research_development_density_lift_trade_shape_model_training_and_proxy_scout_only_no_mt5_execution_no_forward_pass_no_live_readiness_no_operating_promotion_no_runtime_authority_no_goal_claim
run364L_train_density_lift_trade_shape_onnx_scout_without_db_v1,oos,h24_move8__rf5_l80_n64,h24_move8,long_only_margin,long_only_margin__density_20_0__maxhold_12__flat_or_opp,flat_or_opp,12,2025-10-06T18:00:00+00:00,2025-10-06T18:10:00+00:00,1,long,0.01536271362,-0.008647959677,24957.5,24968.75,0.825,0.3,research_development_density_lift_trade_shape_model_training_and_proxy_scout_only_no_mt5_execution_no_forward_pass_no_live_readiness_no_operating_promotion_no_runtime_authority_no_goal_claim
run364L_train_density_lift_trade_shape_onnx_scout_without_db_v1,oos,h24_move8__rf5_l80_n64,h24_move8,long_only_margin,long_only_margin__density_20_0__maxhold_12__flat_or_opp,flat_or_opp,12,2025-10-06T18:20:00+00:00,2025-10-06T18:25:00+00:00,1,long,0.005357678548,-0.008647959677,24967.25,24966.5,-0.375,0.3,research_development_density_lift_trade_shape_model_training_and_proxy_scout_only_no_mt5_execution_no_forward_pass_no_live_readiness_no_operating_promotion_no_runtime_authority_no_goal_claim
run364L_train_density_lift_trade_shape_onnx_scout_without_db_v1,oos,h24_move8__rf5_l80_n64,h24_move8,long_only_margin,long_only_margin__density_20_0__maxhold_12__flat_or_opp,flat_or_opp,12,2025-10-07T16:35:00+00:00,2025-10-07T17:15:00+00:00,6,long,-0.001662453125,-0.008647959677,25047.1,25047.35,-0.275,0.3,research_development_density_lift_trade_shape_model_training_and_proxy_scout_only_no_mt5_execution_no_forward_pass_no_live_readiness_no_operating_promotion_no_runtime_authority_no_goal_claim
run364L_train_density_lift_trade_shape_onnx_scout_without_db_v1,oos,h24_move8__rf5_l80_n64,h24_move8,long_only_margin,long_only_margin__density_20_0__maxhold_12__flat_or_opp,flat_or_opp,12,2025-10-07T18:05:00+00:00,2025-10-07T19:05:00+00:00,12,long,-0.008295246171,-0.008647959677,24952.85,24862.23,-9.362,0.3,research_development_density_lift_trade_shape_model_training_and_proxy_scout_only_no_mt5_execution_no_forward_pass_no_live_readiness_no_operating_promotion_no_runtime_authority_no_goal_claim
run364L_train_density_lift_trade_shape_onnx_scout_without_db_v1,oos,h24_move8__rf5_l80_n64,h24_move8,long_only_margin,long_only_margin__density_20_0__maxhold_12__flat_or_opp,flat_or_opp,12,2025-10-07T20:55:00+00:00,2025-10-07T21:00:00+00:00,1,long,-0.006427893839,-0.008647959677,24828.85,24824.1,-0.775,0.3,research_development_density_lift_trade_shape_model_training_and_proxy_scout_only_no_mt5_execution_no_forward_pass_no_live_readiness_no_operating_promotion_no_runtime_authority_no_goal_claim
run364L_train_density_lift_trade_shape_onnx_scout_without_db_v1,oos,h24_move8__rf5_l80_n64,h24_move8,long_only_margin,long_only_margin__density_20_0__maxhold_12__flat_or_opp,flat_or_opp,12,2025-10-08T16:35:00+00:00,2025-10-08T17:15:00+00:00,7,long,0.012368284041,-0.008647959677,24934.96,25021.71,8.375,0.3,research_development_density_lift_trade_shape_model_training_and_proxy_scout_only_no_mt5_execution_no_forward_pass_no_live_readiness_no_operating_promotion_no_runtime_authority_no_goal_claim
run364L_train_density_lift_trade_shape_onnx_scout_without_db_v1,oos,h24_move8__rf5_l80_n64,h24_move8,long_only_margin,long_only_margin__density_20_0__maxhold_12__flat_or_opp,flat_or_opp,12,2025-10-08T17:20:00+00:00,2025-10-08T17:40:00+00:00,3,long,0.009195016045,-0.008647959677,25022.71,25024.46,-0.125,0.3,research_development_density_lift_trade_shape_model_training_and_proxy_scout_only_no_mt5_execution_no_forward_pass_no_live_readiness_no_operating_promotion_no_runtime_authority_no_goal_claim
run364L_train_density_lift_trade_shape_onnx_scout_without_db_v1,oos,h24_move8__rf5_l80_n64,h24_move8,long_only_margin,long_only_margin__density_20_0__maxhold_12__flat_or_opp,flat_or_opp,12,2025-10-08T17:45:00+00:00,2025-10-08T17:50:00+00:00,1,long,0.002735753512,-0.008647959677,25008.09,25004.59,-0.65,0.3,research_development_density_lift_trade_shape_model_training_and_proxy_scout_only_no_mt5_execution_no_forward_pass_no_live_readiness_no_operating_promotion_no_runtime_authority_no_goal_claim
run364L_train_density_lift_trade_shape_onnx_scout_without_db_v1,oos,h24_move8__rf5_l80_n64,h24_move8,long_only_margin,long_only_margin__density_20_0__maxhold_12__flat_or_opp,flat_or_opp,12,2025-10-08T18:05:00+00:00,2025-10-08T18:10:00+00:00,1,long,0.023167667021,-0.008647959677,25014.96,25016.09,-0.187,0.3,research_development_density_lift_trade_shape_model_training_and_proxy_scout_only_no_mt5_execution_no_forward_pass_no_live_readiness_no_operating_promotion_no_runtime_authority_no_goal_claim
run364L_train_density_lift_trade_shape_onnx_scout_without_db_v1,oos,h24_move8__rf5_l80_n64,h24_move8,long_only_margin,long_only_margin__density_20_0__maxhold_12__flat_or_opp,flat_or_opp,12,2025-10-09T16:35:00+00:00,2025-10-09T17:10:00+00:00,7,long,-0.007699901273,-0.008647959677,25121.0,25085.62,-3.838,0.3,research_development_density_lift_trade_shape_model_training_and_proxy_scout_only_no_mt5_execution_no_forward_pass_no_live_readiness_no_operating_promotion_no_runtime_authority_no_goal_claim
run364L_train_density_lift_trade_shape_onnx_scout_without_db_v1,oos,h24_move8__rf5_l80_n64,h24_move8,long_only_margin,long_only_margin__density_20_0__maxhold_12__flat_or_opp,flat_or_opp,12,2025-10-09T17:25:00+00:00,2025-10-09T17:55:00+00:00,5,long,0.003541605719,-0.008647959677,25086.37,25052.62,-3.675,0.3,research_development_density_lift_trade_shape_model_training_and_proxy_scout_only_no_mt5_execution_no_forward_pass_no_live_readiness_no_operating_promotion_no_runtime_authority_no_goal_claim
run364L_train_density_lift_trade_shape_onnx_scout_without_db_v1,oos,h24_move8__rf5_l80_n64,h24_move8,long_only_margin,long_only_margin__density_20_0__maxhold_12__flat_or_opp,flat_or_opp,12,2025-10-09T18:10:00+00:00,2025-10-09T18:15:00+00:00,1,long,0.012726763446,-0.008647959677,25080.0,25071.37,-1.163,0.3,research_development_density_lift_trade_shape_model_training_and_proxy_scout_only_no_mt5_execution_no_forward_pass_no_live_readiness_no_operating_promotion_no_runtime_authority_no_goal_claim
run364L_train_density_lift_trade_shape_onnx_scout_without_db_v1,oos,h24_move8__rf5_l80_n64,h24_move8,long_only_margin,long_only_margin__density_20_0__maxhold_12__flat_or_opp,flat_or_opp,12,2025-10-09T18:35:00+00:00,2025-10-09T18:45:00+00:00,2,long,0.004042000025,-0.008647959677,25024.37,25030.37,0.3,0.3,research_development_density_lift_trade_shape_model_training_and_proxy_scout_only_no_mt5_execution_no_forward_pass_no_live_readiness_no_operating_promotion_no_runtime_authority_no_goal_claim
run364L_train_density_lift_trade_shape_onnx_scout_without_db_v1,oos,h24_move8__rf5_l80_n64,h24_move8,long_only_margin,long_only_margin__density_20_0__maxhold_12__flat_or_opp,flat_or_opp,12,2025-10-10T16:40:00+00:00,2025-10-10T17:20:00+00:00,7,long,-0.003013692566,-0.008647959677,25189.03,25139.9,-5.213,0.3,research_development_density_lift_trade_shape_model_training_and_proxy_scout_only_no_mt5_execution_no_forward_pass_no_live_readiness_no_operating_promotion_no_runtime_authority_no_goal_claim
run364L_train_density_lift_trade_shape_onnx_scout_without_db_v1,oos,h24_move8__rf5_l80_n64,h24_move8,long_only_margin,long_only_margin__density_20_0__maxhold_12__flat_or_opp,flat_or_opp,12,2025-10-13T16:35:00+00:00,2025-10-13T17:50:00+00:00,12,long,0.013286719007,-0.008647959677,24585.8,24629.55,4.075,0.3,research_development_density_lift_trade_shape_model_training_and_proxy_scout_only_no_mt5_execution_no_forward_pass_no_live_readiness_no_operating_promotion_no_runtime_authority_no_goal_claim
run364L_train_density_lift_trade_shape_onnx_scout_without_db_v1,oos,h24_move8__rf5_l80_n64,h24_move8,long_only_margin,long_only_margin__density_20_0__maxhold_12__flat_or_opp,flat_or_opp,12,2025-10-13T17:55:00+00:00,2025-10-13T19:10:00+00:00,12,long,0.003222097156,-0.008647959677,24609.55,24718.92,10.637,0.3,research_development_density_lift_trade_shape_model_training_and_proxy_scout_only_no_mt5_execution_no_forward_pass_no_live_readiness_no_operating_promotion_no_runtime_authority_no_goal_claim
run364L_train_density_lift_trade_shape_onnx_scout_without_db_v1,oos,h24_move8__rf5_l80_n64,h24_move8,long_only_margin,long_only_margin__density_20_0__maxhold_12__flat_or_opp,flat_or_opp,12,2025-10-13T19:15:00+00:00,2025-10-13T19:20:00+00:00,1,long,0.005531512583,-0.008647959677,24729.05,24742.92,1.087,0.3,research_development_density_lift_trade_shape_model_training_and_proxy_scout_only_no_mt5_execution_no_forward_pass_no_live_readiness_no_operating_promotion_no_runtime_authority_no_goal_claim
run364L_train_density_lift_trade_shape_onnx_scout_without_db_v1,oos,h24_move8__rf5_l80_n64,h24_move8,long_only_margin,long_only_margin__density_20_0__maxhold_12__flat_or_opp,flat_or_opp,12,2025-10-13T19:25:00+00:00,2025-10-13T19:45:00+00:00,3,long,0.000204280948,-0.008647959677,24734.42,24727.17,-1.025,0.3,research_development_density_lift_trade_shape_model_training_and_proxy_scout_only_no_mt5_execution_no_forward_pass_no_live_readiness_no_operating_promotion_no_runtime_authority_no_goal_claim
run364L_train_density_lift_trade_shape_onnx_scout_without_db_v1,oos,h24_move8__rf5_l80_n64,h24_move8,long_only_margin,long_only_margin__density_20_0__maxhold_12__flat_or_opp,flat_or_opp,12,2025-10-13T19:50:00+00:00,2025-10-13T20:00:00+00:00,1,long,-0.001954023859,-0.008647959677,24751.05,24774.67,2.062,0.3,research_development_density_lift_trade_shape_model_training_and_proxy_scout_only_no_mt5_execution_no_forward_pass_no_live_readiness_no_operating_promotion_no_runtime_authority_no_goal_claim
run364L_train_density_lift_trade_shape_onnx_scout_without_db_v1,oos,h24_move8__rf5_l80_n64,h24_move8,long_only_margin,long_only_margin__density_20_0__maxhold_12__flat_or_opp,flat_or_opp,12,2025-10-13T20:15:00+00:00,2025-10-13T20:25:00+00:00,1,long,0.011650406395,-0.008647959677,24742.17,24737.17,-0.8,0.3,research_development_density_lift_trade_shape_model_training_and_proxy_scout_only_no_mt5_execution_no_forward_pass_no_live_readiness_no_operating_promotion_no_runtime_authority_no_goal_claim
run364L_train_density_lift_trade_shape_onnx_scout_without_db_v1,oos,h24_move8__rf5_l80_n64,h24_move8,long_only_margin,long_only_margin__density_20_0__maxhold_12__flat_or_opp,flat_or_opp,12,2025-10-14T16:55:00+00:00,2025-10-14T17:55:00+00:00,12,long,0.005425560117,-0.008647959677,24374.14,24531.26,15.412,0.3,research_development_density_lift_trade_shape_model_training_and_proxy_scout_only_no_mt5_execution_no_forward_pass_no_live_readiness_no_operating_promotion_no_runtime_authority_no_goal_claim
run364L_train_density_lift_trade_shape_onnx_scout_without_db_v1,oos,h24_move8__rf5_l80_n64,h24_move8,long_only_margin,long_only_margin__density_20_0__maxhold_12__flat_or_opp,flat_or_opp,12,2025-10-14T18:10:00+00:00,2025-10-14T19:10:00+00:00,12,long,0.006846775444,-0.008647959677,24543.01,24595.14,4.913,0.3,research_development_density_lift_trade_shape_model_training_and_proxy_scout_only_no_mt5_execution_no_forward_pass_no_live_readiness_no_operating_promotion_no_runtime_authority_no_goal_claim
run364L_train_density_lift_trade_shape_onnx_scout_without_db_v1,oos,h24_move8__rf5_l80_n64,h24_move8,long_only_margin,long_only_margin__density_20_0__maxhold_12__flat_or_opp,flat_or_opp,12,2025-10-14T19:20:00+00:00,2025-10-14T20:20:00+00:00,12,long,-0.006746334358,-0.008647959677,24657.01,24732.64,7.263,0.3,research_development_density_lift_trade_shape_model_training_and_proxy_scout_only_no_mt5_execution_no_forward_pass_no_live_readiness_no_operating_promotion_no_runtime_authority_no_goal_claim
run364L_train_density_lift_trade_shape_onnx_scout_without_db_v1,oos,h24_move8__rf5_l80_n64,h24_move8,long_only_margin,long_only_margin__density_20_0__maxhold_12__flat_or_opp,flat_or_opp,12,2025-10-14T20:25:00+00:00,2025-10-14T21:15:00+00:00,10,long,-0.001614884757,-0.008647959677,24754.76,24733.26,-2.45,0.3,research_development_density_lift_trade_shape_model_training_and_proxy_scout_only_no_mt5_execution_no_forward_pass_no_live_readiness_no_operating_promotion_no_runtime_authority_no_goal_claim
run364L_train_density_lift_trade_shape_onnx_scout_without_db_v1,oos,h24_move8__rf5_l80_n64,h24_move8,long_only_margin,long_only_margin__density_20_0__maxhold_12__flat_or_opp,flat_or_opp,12,2025-10-14T21:20:00+00:00,2025-10-14T21:35:00+00:00,2,long,1.4770891e-05,-0.008647959677,24734.26,24740.14,0.288,0.3,research_development_density_lift_trade_shape_model_training_and_proxy_scout_only_no_mt5_execution_no_forward_pass_no_live_readiness_no_operating_promotion_no_runtime_authority_no_goal_claim
run364L_train_density_lift_trade_shape_onnx_scout_without_db_v1,oos,h24_move8__rf5_l80_n64,h24_move8,long_only_margin,long_only_margin__density_20_0__maxhold_12__flat_or_opp,flat_or_opp,12,2025-10-15T16:35:00+00:00,2025-10-15T17:35:00+00:00,12,long,-0.003073702646,-0.008647959677,24793.72,24939.59,14.287,0.3,research_development_density_lift_trade_shape_model_training_and_proxy_scout_only_no_mt5_execution_no_forward_pass_no_live_readiness_no_operating_promotion_no_runtime_authority_no_goal_claim
run364L_train_density_lift_trade_shape_onnx_scout_without_db_v1,oos,h24_move8__rf5_l80_n64,h24_move8,long_only_margin,long_only_margin__density_20_0__maxhold_12__flat_or_opp,flat_or_opp,12,2025-10-15T17:40:00+00:00,2025-10-15T18:40:00+00:00,12,long,0.054860573537,-0.008647959677,24937.09,24831.84,-10.825,0.3,research_development_density_lift_trade_shape_model_training_and_proxy_scout_only_no_mt5_execution_no_forward_pass_no_live_readiness_no_operating_promotion_no_runtime_authority_no_goal_claim
run364L_train_density_lift_trade_shape_onnx_scout_without_db_v1,oos,h24_move8__rf5_l80_n64,h24_move8,long_only_margin,long_only_margin__density_20_0__maxhold_12__flat_or_opp,flat_or_opp,12,2025-10-15T19:20:00+00:00,2025-10-15T20:20:00+00:00,12,long,-0.003196571869,-0.008647959677,24774.84,24565.22,-21.262,0.3,research_development_density_lift_trade_shape_model_training_and_proxy_scout_only_no_mt5_execution_no_forward_pass_no_live_readiness_no_operating_promotion_no_runtime_authority_no_goal_claim
run364L_train_density_lift_trade_shape_onnx_scout_without_db_v1,oos,h24_move8__rf5_l80_n64,h24_move8,long_only_margin,long_only_margin__density_20_0__maxhold_12__flat_or_opp,flat_or_opp,12,2025-10-15T21:00:00+00:00,2025-10-15T21:55:00+00:00,9,long,-0.001344663351,-0.008647959677,24736.22,24776.84,3.762,0.3,research_development_density_lift_trade_shape_model_training_and_proxy_scout_only_no_mt5_execution_no_forward_pass_no_live_readiness_no_operating_promotion_no_runtime_authority_no_goal_claim
run364L_train_density_lift_trade_shape_onnx_scout_without_db_v1,oos,h24_move8__rf5_l80_n64,h24_move8,long_only_margin,long_only_margin__density_20_0__maxhold_12__flat_or_opp,flat_or_opp,12,2025-10-16T16:35:00+00:00,2025-10-16T17:35:00+00:00,12,long,-0.004185928934,-0.008647959677,24925.28,24944.78,1.65,0.3,research_development_density_lift_trade_shape_model_training_and_proxy_scout_only_no_mt5_execution_no_forward_pass_no_live_readiness_no_operating_promotion_no_runtime_authority_no_goal_claim
run364L_train_density_lift_trade_shape_onnx_scout_without_db_v1,oos,h24_move8__rf5_l80_n64,h24_move8,long_only_margin,long_only_margin__density_20_0__maxhold_12__flat_or_opp,flat_or_opp,12,2025-10-16T17:40:00+00:00,2025-10-16T18:40:00+00:00,12,long,0.025729748995,-0.008647959677,24961.53,24883.03,-8.15,0.3,research_development_density_lift_trade_shape_model_training_and_proxy_scout_only_no_mt5_execution_no_forward_pass_no_live_readiness_no_operating_promotion_no_runtime_authority_no_goal_claim
run364L_train_density_lift_trade_shape_onnx_scout_without_db_v1,oos,h24_move8__rf5_l80_n64,h24_move8,long_only_margin,long_only_margin__density_20_0__maxhold_12__flat_or_opp,flat_or_opp,12,2025-10-16T18:45:00+00:00,2025-10-16T19:45:00+00:00,12,long,-0.005599503862,-0.008647959677,24834.4,24635.78,-20.162,0.3,research_development_density_lift_trade_shape_model_training_and_proxy_scout_only_no_mt5_execution_no_forward_pass_no_live_readiness_no_operating_promotion_no_runtime_authority_no_goal_claim
run364L_train_density_lift_trade_shape_onnx_scout_without_db_v1,oos,h24_move8__rf5_l80_n64,h24_move8,long_only_margin,long_only_margin__density_20_0__maxhold_12__flat_or_opp,flat_or_opp,12,2025-10-17T16:35:00+00:00,2025-10-17T17:35:00+00:00,12,long,0.012420059936,-0.008647959677,24618.67,24696.3,7.463,0.3,research_development_density_lift_trade_shape_model_training_and_proxy_scout_only_no_mt5_execution_no_forward_pass_no_live_readiness_no_operating_promotion_no_runtime_authority_no_goal_claim
run364L_train_density_lift_trade_shape_onnx_scout_without_db_v1,oos,h24_move8__rf5_l80_n64,h24_move8,long_only_margin,long_only_margin__density_20_0__maxhold_12__flat_or_opp,flat_or_opp,12,2025-10-17T17:40:00+00:00,2025-10-17T18:40:00+00:00,12,long,-0.003227407872,-0.008647959677,24646.55,24589.55,-6.0,0.3,research_development_density_lift_trade_shape_model_training_and_proxy_scout_only_no_mt5_execution_no_forward_pass_no_live_readiness_no_operating_promotion_no_runtime_authority_no_goal_claim
run364L_train_density_lift_trade_shape_onnx_scout_without_db_v1,oos,h24_move8__rf5_l80_n64,h24_move8,long_only_margin,long_only_margin__density_20_0__maxhold_12__flat_or_opp,flat_or_opp,12,2025-10-17T19:00:00+00:00,2025-10-17T20:00:00+00:00,12,long,-0.008482429837,-0.008647959677,24687.92,24741.55,5.063,0.3,research_development_density_lift_trade_shape_model_training_and_proxy_scout_only_no_mt5_execution_no_forward_pass_no_live_readiness_no_operating_promotion_no_runtime_authority_no_goal_claim
run364L_train_density_lift_trade_shape_onnx_scout_without_db_v1,oos,h24_move8__rf5_l80_n64,h24_move8,long_only_margin,long_only_margin__density_20_0__maxhold_12__flat_or_opp,flat_or_opp,12,2025-10-17T21:05:00+00:00,2025-10-20T16:40:00+00:00,12,long,-0.006971508062,-0.008647959677,24782.8,25056.92,27.112,0.3,research_development_density_lift_trade_shape_model_training_and_proxy_scout_only_no_mt5_execution_no_forward_pass_no_live_readiness_no_operating_promotion_no_runtime_authority_no_goal_claim
run364L_train_density_lift_trade_shape_onnx_scout_without_db_v1,oos,h24_move8__rf5_l80_n64,h24_move8,long_only_margin,long_only_margin__density_20_0__maxhold_12__flat_or_opp,flat_or_opp,12,2025-10-20T16:45:00+00:00,2025-10-20T17:45:00+00:00,12,long,0.030331569301,-0.008647959677,25036.8,25144.3,10.45,0.3,research_development_density_lift_trade_shape_model_training_and_proxy_scout_only_no_mt5_execution_no_forward_pass_no_live_readiness_no_operating_promotion_no_runtime_authority_no_goal_claim
run364L_train_density_lift_trade_shape_onnx_scout_without_db_v1,oos,h24_move8__rf5_l80_n64,h24_move8,long_only_margin,long_only_margin__density_20_0__maxhold_12__flat_or_opp,flat_or_opp,12,2025-10-20T17:50:00+00:00,2025-10-20T18:25:00+00:00,7,long,0.056309534418,-0.008647959677,25156.8,25167.42,0.762,0.3,research_development_density_lift_trade_shape_model_training_and_proxy_scout_only_no_mt5_execution_no_forward_pass_no_live_readiness_no_operating_promotion_no_runtime_authority_no_goal_claim
run364L_train_density_lift_trade_shape_onnx_scout_without_db_v1,oos,h24_move8__rf5_l80_n64,h24_move8,long_only_margin,long_only_margin__density_20_0__maxhold_12__flat_or_opp,flat_or_opp,12,2025-10-20T18:30:00+00:00,2025-10-20T18:50:00+00:00,3,long,0.005245910237,-0.008647959677,25169.17,25182.17,1.0,0.3,research_development_density_lift_trade_shape_model_training_and_proxy_scout_only_no_mt5_execution_no_forward_pass_no_live_readiness_no_operating_promotion_no_runtime_authority_no_goal_claim
run364L_train_density_lift_trade_shape_onnx_scout_without_db_v1,oos,h24_move8__rf5_l80_n64,h24_move8,long_only_margin,long_only_margin__density_20_0__maxhold_12__flat_or_opp,flat_or_opp,12,2025-10-20T18:55:00+00:00,2025-10-20T19:50:00+00:00,11,long,0.037441958631,-0.008647959677,25175.3,25159.67,-1.863,0.3,research_development_density_lift_trade_shape_model_training_and_proxy_scout_only_no_mt5_execution_no_forward_pass_no_live_readiness_no_operating_promotion_no_runtime_authority_no_goal_claim
run364L_train_density_lift_trade_shape_onnx_scout_without_db_v1,oos,h24_move8__rf5_l80_n64,h24_move8,long_only_margin,long_only_margin__density_20_0__maxhold_12__flat_or_opp,flat_or_opp,12,2025-10-20T19:55:00+00:00,2025-10-20T20:00:00+00:00,1,long,0.012215705315,-0.008647959677,25159.67,25162.42,-0.025,0.3,research_development_density_lift_trade_shape_model_training_and_proxy_scout_only_no_mt5_execution_no_forward_pass_no_live_readiness_no_operating_promotion_no_runtime_authority_no_goal_claim
run364L_train_density_lift_trade_shape_onnx_scout_without_db_v1,oos,h24_move8__rf5_l80_n64,h24_move8,long_only_margin,long_only_margin__density_20_0__maxhold_12__flat_or_opp,flat_or_opp,12,2025-10-21T16:35:00+00:00,2025-10-21T17:15:00+00:00,8,long,0.020683637552,-0.008647959677,25131.73,25099.35,-3.538,0.3,research_development_density_lift_trade_shape_model_training_and_proxy_scout_only_no_mt5_execution_no_forward_pass_no_live_readiness_no_operating_promotion_no_runtime_authority_no_goal_claim
run364L_train_density_lift_trade_shape_onnx_scout_without_db_v1,oos,h24_move8__rf5_l80_n64,h24_move8,long_only_margin,long_only_margin__density_20_0__maxhold_12__flat_or_opp,flat_or_opp,12,2025-10-21T17:20:00+00:00,2025-10-21T17:25:00+00:00,1,long,0.008475584827,-0.008647959677,25123.85,25118.6,-0.825,0.3,research_development_density_lift_trade_shape_model_training_and_proxy_scout_only_no_mt5_execution_no_forward_pass_no_live_readiness_no_operating_promotion_no_runtime_authority_no_goal_claim
run364L_train_density_lift_trade_shape_onnx_scout_without_db_v1,oos,h24_move8__rf5_l80_n64,h24_move8,long_only_margin,long_only_margin__density_20_0__maxhold_12__flat_or_opp,flat_or_opp,12,2025-10-21T17:30:00+00:00,2025-10-21T17:35:00+00:00,1,long,0.002501006839,-0.008647959677,25072.35,25083.23,0.788,0.3,research_development_density_lift_trade_shape_model_training_and_proxy_scout_only_no_mt5_execution_no_forward_pass_no_live_readiness_no_operating_promotion_no_runtime_authority_no_goal_claim
run364L_train_density_lift_trade_shape_onnx_scout_without_db_v1,oos,h24_move8__rf5_l80_n64,h24_move8,long_only_margin,long_only_margin__density_20_0__maxhold_12__flat_or_opp,flat_or_opp,12,2025-10-21T17:40:00+00:00,2025-10-21T17:45:00+00:00,1,long,-0.00633240077,-0.008647959677,25101.6,25098.1,-0.65,0.3,research_development_density_lift_trade_shape_model_training_and_proxy_scout_only_no_mt5_execution_no_forward_pass_no_live_readiness_no_operating_promotion_no_runtime_authority_no_goal_claim
run364L_train_density_lift_trade_shape_onnx_scout_without_db_v1,oos,h24_move8__rf5_l80_n64,h24_move8,long_only_margin,long_only_margin__density_20_0__maxhold_12__flat_or_opp,flat_or_opp,12,2025-10-21T18:05:00+00:00,2025-10-21T18:30:00+00:00,5,long,0.021507879762,-0.008647959677,25127.73,25126.85,-0.388,0.3,research_development_density_lift_trade_shape_model_training_and_proxy_scout_only_no_mt5_execution_no_forward_pass_no_live_readiness_no_operating_promotion_no_runtime_authority_no_goal_claim
run364L_train_density_lift_trade_shape_onnx_scout_without_db_v1,oos,h24_move8__rf5_l80_n64,h24_move8,long_only_margin,long_only_margin__density_20_0__maxhold_12__flat_or_opp,flat_or_opp,12,2025-10-21T20:30:00+00:00,2025-10-21T20:35:00+00:00,1,long,0.013199436315,-0.008647959677,25135.1,25136.23,-0.187,0.3,research_development_density_lift_trade_shape_model_training_and_proxy_scout_only_no_mt5_execution_no_forward_pass_no_live_readiness_no_operating_promotion_no_runtime_authority_no_goal_claim
run364L_train_density_lift_trade_shape_onnx_scout_without_db_v1,oos,h24_move8__rf5_l80_n64,h24_move8,long_only_margin,long_only_margin__density_20_0__maxhold_12__flat_or_opp,flat_or_opp,12,2025-10-22T16:40:00+00:00,2025-10-22T17:10:00+00:00,6,long,-0.006271504801,-0.008647959677,25079.57,25107.94,2.537,0.3,research_development_density_lift_trade_shape_model_training_and_proxy_scout_only_no_mt5_execution_no_forward_pass_no_live_readiness_no_operating_promotion_no_runtime_authority_no_goal_claim
run364L_train_density_lift_trade_shape_onnx_scout_without_db_v1,oos,h24_move8__rf5_l80_n64,h24_move8,long_only_margin,long_only_margin__density_20_0__maxhold_12__flat_or_opp,flat_or_opp,12,2025-10-22T17:15:00+00:00,2025-10-22T18:15:00+00:00,12,long,0.003970804886,-0.008647959677,25065.57,24996.07,-7.25,0.3,research_development_density_lift_trade_shape_model_training_and_proxy_scout_only_no_mt5_execution_no_forward_pass_no_live_readiness_no_operating_promotion_no_runtime_authority_no_goal_claim
run364L_train_density_lift_trade_shape_onnx_scout_without_db_v1,oos,h24_move8__rf5_l80_n64,h24_move8,long_only_margin,long_only_margin__density_20_0__maxhold_12__flat_or_opp,flat_or_opp,12,2025-10-22T19:05:00+00:00,2025-10-22T20:05:00+00:00,12,long,-0.001766915527,-0.008647959677,24927.57,24822.32,-10.825,0.3,research_development_density_lift_trade_shape_model_training_and_proxy_scout_only_no_mt5_execution_no_forward_pass_no_live_readiness_no_operating_promotion_no_runtime_authority_no_goal_claim
run364L_train_density_lift_trade_shape_onnx_scout_without_db_v1,oos,h24_move8__rf5_l80_n64,h24_move8,long_only_margin,long_only_margin__density_20_0__maxhold_12__flat_or_opp,flat_or_opp,12,2025-10-23T16:35:00+00:00,2025-10-23T17:35:00+00:00,12,long,0.006135708807,-0.008647959677,24889.04,25019.04,12.7,0.3,research_development_density_lift_trade_shape_model_training_and_proxy_scout_only_no_mt5_execution_no_forward_pass_no_live_readiness_no_operating_promotion_no_runtime_authority_no_goal_claim
run364L_train_density_lift_trade_shape_onnx_scout_without_db_v1,oos,h24_move8__rf5_l80_n64,h24_move8,long_only_margin,long_only_margin__density_20_0__maxhold_12__flat_or_opp,flat_or_opp,12,2025-10-23T17:40:00+00:00,2025-10-23T18:40:00+00:00,12,long,0.023661266559,-0.008647959677,25044.04,25028.79,-1.825,0.3,research_development_density_lift_trade_shape_model_training_and_proxy_scout_only_no_mt5_execution_no_forward_pass_no_live_readiness_no_operating_promotion_no_runtime_authority_no_goal_claim
run364L_train_density_lift_trade_shape_onnx_scout_without_db_v1,oos,h24_move8__rf5_l80_n64,h24_move8,long_only_margin,long_only_margin__density_20_0__maxhold_12__flat_or_opp,flat_or_opp,12,2025-10-23T18:45:00+00:00,2025-10-23T19:30:00+00:00,5,long,-0.008175838691,-0.008647959677,24985.54,25057.67,6.913,0.3,research_development_density_lift_trade_shape_model_training_and_proxy_scout_only_no_mt5_execution_no_forward_pass_no_live_readiness_no_operating_promotion_no_runtime_authority_no_goal_claim
run364L_train_density_lift_trade_shape_onnx_scout_without_db_v1,oos,h24_move8__rf5_l80_n64,h24_move8,long_only_margin,long_only_margin__density_20_0__maxhold_12__flat_or_opp,flat_or_opp,12,2025-10-23T19:40:00+00:00,2025-10-23T20:10:00+00:00,5,long,0.012957901881,-0.008647959677,25075.29,25067.79,-1.05,0.3,research_development_density_lift_trade_shape_model_training_and_proxy_scout_only_no_mt5_execution_no_forward_pass_no_live_readiness_no_operating_promotion_no_runtime_authority_no_goal_claim
run364L_train_density_lift_trade_shape_onnx_scout_without_db_v1,oos,h24_move8__rf5_l80_n64,h24_move8,long_only_margin,long_only_margin__density_20_0__maxhold_12__flat_or_opp,flat_or_opp,12,2025-10-23T20:15:00+00:00,2025-10-23T20:20:00+00:00,1,long,0.022192070134,-0.008647959677,25093.29,25082.29,-1.4,0.3,research_development_density_lift_trade_shape_model_training_and_proxy_scout_only_no_mt5_execution_no_forward_pass_no_live_readiness_no_operating_promotion_no_runtime_authority_no_goal_claim
run364L_train_density_lift_trade_shape_onnx_scout_without_db_v1,oos,h24_move8__rf5_l80_n64,h24_move8,long_only_margin,long_only_margin__density_20_0__maxhold_12__flat_or_opp,flat_or_opp,12,2025-10-23T20:40:00+00:00,2025-10-23T20:50:00+00:00,1,long,0.00313622864,-0.008647959677,25126.29,25127.67,-0.162,0.3,research_development_density_lift_trade_shape_model_training_and_proxy_scout_only_no_mt5_execution_no_forward_pass_no_live_readiness_no_operating_promotion_no_runtime_authority_no_goal_claim
run364L_train_density_lift_trade_shape_onnx_scout_without_db_v1,oos,h24_move8__rf5_l80_n64,h24_move8,long_only_margin,long_only_margin__density_20_0__maxhold_12__flat_or_opp,flat_or_opp,12,2025-10-24T16:35:00+00:00,2025-10-24T17:35:00+00:00,12,long,0.023854436338,-0.008647959677,25350.75,25360.87,0.712,0.3,research_development_density_lift_trade_shape_model_training_and_proxy_scout_only_no_mt5_execution_no_forward_pass_no_live_readiness_no_operating_promotion_no_runtime_authority_no_goal_claim
run364L_train_density_lift_trade_shape_onnx_scout_without_db_v1,oos,h24_move8__rf5_l80_n64,h24_move8,long_only_margin,long_only_margin__density_20_0__maxhold_12__flat_or_opp,flat_or_opp,12,2025-10-24T17:40:00+00:00,2025-10-24T18:10:00+00:00,6,long,0.035844488811,-0.008647959677,25371.37,25347.62,-2.675,0.3,research_development_density_lift_trade_shape_model_training_and_proxy_scout_only_no_mt5_execution_no_forward_pass_no_live_readiness_no_operating_promotion_no_runtime_authority_no_goal_claim
run364L_train_density_lift_trade_shape_onnx_scout_without_db_v1,oos,h24_move8__rf5_l80_n64,h24_move8,long_only_margin,long_only_margin__density_20_0__maxhold_12__flat_or_opp,flat_or_opp,12,2025-10-24T19:10:00+00:00,2025-10-24T19:20:00+00:00,1,long,-0.005354545004,-0.008647959677,25394.12,25401.37,0.425,0.3,research_development_density_lift_trade_shape_model_training_and_proxy_scout_only_no_mt5_execution_no_forward_pass_no_live_readiness_no_operating_promotion_no_runtime_authority_no_goal_claim
run364L_train_density_lift_trade_shape_onnx_scout_without_db_v1,oos,h24_move8__rf5_l80_n64,h24_move8,long_only_margin,long_only_margin__density_20_0__maxhold_12__flat_or_opp,flat_or_opp,12,2025-10-27T16:35:00+00:00,2025-10-27T16:45:00+00:00,2,long,0.03856159142,-0.008647959677,25693.59,25707.34,1.075,0.3,research_development_density_lift_trade_shape_model_training_and_proxy_scout_only_no_mt5_execution_no_forward_pass_no_live_readiness_no_operating_promotion_no_runtime_authority_no_goal_claim
run364L_train_density_lift_trade_shape_onnx_scout_without_db_v1,oos,h24_move8__rf5_l80_n64,h24_move8,long_only_margin,long_only_margin__density_20_0__maxhold_12__flat_or_opp,flat_or_opp,12,2025-10-27T16:50:00+00:00,2025-10-27T17:00:00+00:00,2,long,-0.004303334449,-0.008647959677,25700.34,25718.84,1.55,0.3,research_development_density_lift_trade_shape_model_training_and_proxy_scout_only_no_mt5_execution_no_forward_pass_no_live_readiness_no_operating_promotion_no_runtime_authority_no_goal_claim
run364L_train_density_lift_trade_shape_onnx_scout_without_db_v1,oos,h24_move8__rf5_l80_n64,h24_move8,long_only_margin,long_only_margin__density_20_0__maxhold_12__flat_or_opp,flat_or_opp,12,2025-10-27T17:20:00+00:00,2025-10-27T17:30:00+00:00,2,long,0.027758543966,-0.008647959677,25705.09,25728.97,2.088,0.3,research_development_density_lift_trade_shape_model_training_and_proxy_scout_only_no_mt5_execution_no_forward_pass_no_live_readiness_no_operating_promotion_no_runtime_authority_no_goal_claim
run364L_train_density_lift_trade_shape_onnx_scout_without_db_v1,oos,h24_move8__rf5_l80_n64,h24_move8,long_only_margin,long_only_margin__density_20_0__maxhold_12__flat_or_opp,flat_or_opp,12,2025-10-27T18:10:00+00:00,2025-10-27T18:15:00+00:00,1,long,-0.003300724394,-0.008647959677,25744.84,25763.97,1.613,0.3,research_development_density_lift_trade_shape_model_training_and_proxy_scout_only_no_mt5_execution_no_forward_pass_no_live_readiness_no_operating_promotion_no_runtime_authority_no_goal_claim
run364L_train_density_lift_trade_shape_onnx_scout_without_db_v1,oos,h24_move8__rf5_l80_n64,h24_move8,long_only_margin,long_only_margin__density_20_0__maxhold_12__flat_or_opp,flat_or_opp,12,2025-10-27T18:20:00+00:00,2025-10-27T18:35:00+00:00,3,long,0.01631275215,-0.008647959677,25756.09,25769.09,1.0,0.3,research_development_density_lift_trade_shape_model_training_and_proxy_scout_only_no_mt5_execution_no_forward_pass_no_live_readiness_no_operating_promotion_no_runtime_authority_no_goal_claim
run364L_train_density_lift_trade_shape_onnx_scout_without_db_v1,oos,h24_move8__rf5_l80_n64,h24_move8,long_only_margin,long_only_margin__density_20_0__maxhold_12__flat_or_opp,flat_or_opp,12,2025-10-27T18:40:00+00:00,2025-10-27T18:45:00+00:00,1,long,-0.008339251571,-0.008647959677,25768.59,25777.09,0.55,0.3,research_development_density_lift_trade_shape_model_training_and_proxy_scout_only_no_mt5_execution_no_forward_pass_no_live_readiness_no_operating_promotion_no_runtime_authority_no_goal_claim
run364L_train_density_lift_trade_shape_onnx_scout_without_db_v1,oos,h24_move8__rf5_l80_n64,h24_move8,long_only_margin,long_only_margin__density_20_0__maxhold_12__flat_or_opp,flat_or_opp,12,2025-10-28T16:35:00+00:00,2025-10-28T17:30:00+00:00,11,long,0.024406473269,-0.008647959677,25943.48,25918.1,-2.838,0.3,research_development_density_lift_trade_shape_model_training_and_proxy_scout_only_no_mt5_execution_no_forward_pass_no_live_readiness_no_operating_promotion_no_runtime_authority_no_goal_claim
run364L_train_density_lift_trade_shape_onnx_scout_without_db_v1,oos,h24_move8__rf5_l80_n64,h24_move8,long_only_margin,long_only_margin__density_20_0__maxhold_12__flat_or_opp,flat_or_opp,12,2025-10-28T17:35:00+00:00,2025-10-28T17:40:00+00:00,1,long,-0.007058641723,-0.008647959677,25907.48,25899.85,-1.063,0.3,research_development_density_lift_trade_shape_model_training_and_proxy_scout_only_no_mt5_execution_no_forward_pass_no_live_readiness_no_operating_promotion_no_runtime_authority_no_goal_claim
run364L_train_density_lift_trade_shape_onnx_scout_without_db_v1,oos,h24_move8__rf5_l80_n64,h24_move8,long_only_margin,long_only_margin__density_20_0__maxhold_12__flat_or_opp,flat_or_opp,12,2025-10-28T18:00:00+00:00,2025-10-28T18:05:00+00:00,1,long,-0.005097303654,-0.008647959677,25905.85,25907.98,-0.087,0.3,research_development_density_lift_trade_shape_model_training_and_proxy_scout_only_no_mt5_execution_no_forward_pass_no_live_readiness_no_operating_promotion_no_runtime_authority_no_goal_claim
run364L_train_density_lift_trade_shape_onnx_scout_without_db_v1,oos,h24_move8__rf5_l80_n64,h24_move8,long_only_margin,long_only_margin__density_20_0__maxhold_12__flat_or_opp,flat_or_opp,12,2025-10-29T16:45:00+00:00,2025-10-29T17:00:00+00:00,3,long,-0.000432247822,-0.008647959677,26151.09,26193.96,3.987,0.3,research_development_density_lift_trade_shape_model_training_and_proxy_scout_only_no_mt5_execution_no_forward_pass_no_live_readiness_no_operating_promotion_no_runtime_authority_no_goal_claim
run364L_train_density_lift_trade_shape_onnx_scout_without_db_v1,oos,h24_move8__rf5_l80_n64,h24_move8,long_only_margin,long_only_margin__density_20_0__maxhold_12__flat_or_opp,flat_or_opp,12,2025-10-29T17:05:00+00:00,2025-10-29T17:10:00+00:00,1,long,0.014021012687,-0.008647959677,26161.96,26154.84,-1.012,0.3,research_development_density_lift_trade_shape_model_training_and_proxy_scout_only_no_mt5_execution_no_forward_pass_no_live_readiness_no_operating_promotion_no_runtime_authority_no_goal_claim
run364L_train_density_lift_trade_shape_onnx_scout_without_db_v1,oos,h24_move8__rf5_l80_n64,h24_move8,long_only_margin,long_only_margin__density_20_0__maxhold_12__flat_or_opp,flat_or_opp,12,2025-10-29T18:00:00+00:00,2025-10-29T18:05:00+00:00,1,long,-0.006500014842,-0.008647959677,26134.21,26130.21,-0.7,0.3,research_development_density_lift_trade_shape_model_training_and_proxy_scout_only_no_mt5_execution_no_forward_pass_no_live_readiness_no_operating_promotion_no_runtime_authority_no_goal_claim
