run_id,variant_id,split,trade_index,direction,open_time,close_time,hold_bars,net_profit,session_slice,volatility_regime,trend_regime,adx_bucket,spread_regime
run50AH_nf200s25b_logreg_deep_v1,nf200s25b,validation,1,sell,2025-01-02 16:35:00,2025-01-02 16:50:00,3.0,-3.65,early,vol_mid,downtrend,adx_gt25,spread_low
run50AH_nf200s25b_logreg_deep_v1,nf200s25b,validation,2,buy,2025-01-02 16:50:00,2025-01-02 17:30:00,8.0,-1.62,early,vol_high,downtrend,adx_gt25,spread_low
run50AH_nf200s25b_logreg_deep_v1,nf200s25b,validation,3,buy,2025-01-02 18:20:00,2025-01-02 19:00:00,8.0,4.44,early,vol_high,downtrend,adx_gt25,spread_low
run50AH_nf200s25b_logreg_deep_v1,nf200s25b,validation,4,buy,2025-01-02 19:45:00,2025-01-02 19:50:00,1.0,-4.96,mid,vol_high,downtrend,adx_20_25,spread_low
run50AH_nf200s25b_logreg_deep_v1,nf200s25b,validation,5,sell,2025-01-02 19:50:00,2025-01-02 20:30:00,8.0,-6.38,mid,vol_high,downtrend,adx_gt25,spread_low
run50AH_nf200s25b_logreg_deep_v1,nf200s25b,validation,6,sell,2025-01-02 21:15:00,2025-01-02 21:30:00,3.0,-4.75,late,vol_high,downtrend,adx_gt25,spread_low
run50AH_nf200s25b_logreg_deep_v1,nf200s25b,validation,7,buy,2025-01-02 21:30:00,2025-01-03 16:40:00,230.0,29.71,late,vol_high,downtrend,adx_gt25,spread_low
run50AH_nf200s25b_logreg_deep_v1,nf200s25b,validation,8,buy,2025-01-03 17:25:00,2025-01-03 18:05:00,8.0,7.76,early,vol_high,downtrend,adx_gt25,spread_low
run50AH_nf200s25b_logreg_deep_v1,nf200s25b,validation,9,buy,2025-01-03 18:50:00,2025-01-03 19:30:00,8.0,-2.93,mid,vol_mid,range_or_weak_trend,adx_lt20,spread_low
run50AH_nf200s25b_logreg_deep_v1,nf200s25b,validation,10,buy,2025-01-03 20:20:00,2025-01-03 21:00:00,8.0,2.66,late,vol_low,range_or_weak_trend,adx_lt20,spread_low
run50AH_nf200s25b_logreg_deep_v1,nf200s25b,validation,11,buy,2025-01-03 21:55:00,2025-01-06 17:05:00,806.0,28.41,late,vol_low,downtrend,adx_20_25,spread_low
run50AH_nf200s25b_logreg_deep_v1,nf200s25b,validation,12,buy,2025-01-06 18:00:00,2025-01-06 19:05:00,13.0,-1.28,early,vol_mid,downtrend,adx_gt25,spread_low
run50AH_nf200s25b_logreg_deep_v1,nf200s25b,validation,13,buy,2025-01-06 20:00:00,2025-01-06 20:05:00,1.0,-1.85,mid,vol_low,downtrend,adx_gt25,spread_low
run50AH_nf200s25b_logreg_deep_v1,nf200s25b,validation,14,sell,2025-01-06 20:05:00,2025-01-06 20:10:00,1.0,-0.57,mid,vol_low,downtrend,adx_gt25,spread_low
run50AH_nf200s25b_logreg_deep_v1,nf200s25b,validation,15,buy,2025-01-06 20:10:00,2025-01-06 20:50:00,8.0,-6.43,mid,vol_low,downtrend,adx_gt25,spread_low
run50AH_nf200s25b_logreg_deep_v1,nf200s25b,validation,16,buy,2025-01-06 21:35:00,2025-01-07 16:35:00,228.0,4.51,late,vol_low,downtrend,adx_gt25,spread_low
run50AH_nf200s25b_logreg_deep_v1,nf200s25b,validation,17,sell,2025-01-07 16:35:00,2025-01-07 16:50:00,3.0,-1.0,early,vol_low,range_or_weak_trend,adx_lt20,spread_low
run50AH_nf200s25b_logreg_deep_v1,nf200s25b,validation,18,buy,2025-01-07 16:50:00,2025-01-07 17:00:00,2.0,-4.76,early,vol_mid,downtrend,adx_20_25,spread_low
run50AH_nf200s25b_logreg_deep_v1,nf200s25b,validation,19,sell,2025-01-07 17:00:00,2025-01-07 17:40:00,8.0,27.99,early,vol_mid,range_or_weak_trend,adx_lt20,spread_low
run50AH_nf200s25b_logreg_deep_v1,nf200s25b,validation,20,buy,2025-01-07 18:25:00,2025-01-07 19:05:00,8.0,-10.12,mid,vol_high,downtrend,adx_gt25,spread_low
run50AH_nf200s25b_logreg_deep_v1,nf200s25b,validation,21,buy,2025-01-07 19:50:00,2025-01-07 20:30:00,8.0,9.92,mid,vol_mid,downtrend,adx_gt25,spread_low
run50AH_nf200s25b_logreg_deep_v1,nf200s25b,validation,22,sell,2025-01-07 21:15:00,2025-01-07 22:00:00,9.0,4.11,late,vol_low,range_or_weak_trend,adx_lt20,spread_low
run50AH_nf200s25b_logreg_deep_v1,nf200s25b,validation,23,buy,2025-01-08 17:15:00,2025-01-08 17:55:00,8.0,10.16,early,vol_high,range_or_weak_trend,adx_lt20,spread_low
run50AH_nf200s25b_logreg_deep_v1,nf200s25b,validation,24,buy,2025-01-08 18:40:00,2025-01-08 19:20:00,8.0,-10.91,mid,vol_high,range_or_weak_trend,adx_lt20,spread_low
run50AH_nf200s25b_logreg_deep_v1,nf200s25b,validation,25,buy,2025-01-08 20:05:00,2025-01-08 20:45:00,8.0,5.57,mid,vol_high,downtrend,adx_20_25,spread_low
run50AH_nf200s25b_logreg_deep_v1,nf200s25b,validation,26,buy,2025-01-08 21:30:00,2025-01-08 21:35:00,1.0,-6.26,late,vol_high,range_or_weak_trend,adx_lt20,spread_low
run50AH_nf200s25b_logreg_deep_v1,nf200s25b,validation,27,sell,2025-01-08 21:35:00,2025-01-08 21:40:00,1.0,1.17,late,vol_high,range_or_weak_trend,adx_lt20,spread_low
run50AH_nf200s25b_logreg_deep_v1,nf200s25b,validation,28,buy,2025-01-08 21:40:00,2025-01-08 22:00:00,4.0,-0.72,late,vol_high,range_or_weak_trend,adx_lt20,spread_low
run50AH_nf200s25b_logreg_deep_v1,nf200s25b,validation,29,sell,2025-01-08 22:00:00,2025-01-10 16:35:00,511.0,17.32,late,vol_high,range_or_weak_trend,adx_lt20,spread_low
run50AH_nf200s25b_logreg_deep_v1,nf200s25b,validation,30,buy,2025-01-10 16:35:00,2025-01-10 17:15:00,8.0,-25.4,early,vol_high,downtrend,adx_gt25,spread_low
run50AH_nf200s25b_logreg_deep_v1,nf200s25b,validation,31,buy,2025-01-10 18:00:00,2025-01-10 18:40:00,8.0,-8.85,early,vol_high,downtrend,adx_gt25,spread_low
run50AH_nf200s25b_logreg_deep_v1,nf200s25b,validation,32,buy,2025-01-10 19:25:00,2025-01-10 20:05:00,8.0,9.76,mid,vol_high,downtrend,adx_gt25,spread_low
run50AH_nf200s25b_logreg_deep_v1,nf200s25b,validation,33,buy,2025-01-10 20:50:00,2025-01-10 21:05:00,3.0,-2.22,late,vol_mid,downtrend,adx_gt25,spread_low
run50AH_nf200s25b_logreg_deep_v1,nf200s25b,validation,34,sell,2025-01-10 21:05:00,2025-01-10 21:45:00,8.0,5.16,late,vol_mid,downtrend,adx_gt25,spread_low
run50AH_nf200s25b_logreg_deep_v1,nf200s25b,validation,35,sell,2025-01-13 17:00:00,2025-01-13 17:20:00,4.0,1.46,early,vol_high,range_or_weak_trend,adx_lt20,spread_low
run50AH_nf200s25b_logreg_deep_v1,nf200s25b,validation,36,buy,2025-01-13 17:20:00,2025-01-13 17:25:00,1.0,-3.72,early,vol_high,range_or_weak_trend,adx_lt20,spread_low
run50AH_nf200s25b_logreg_deep_v1,nf200s25b,validation,37,sell,2025-01-13 17:25:00,2025-01-13 17:30:00,1.0,3.08,early,vol_high,range_or_weak_trend,adx_lt20,spread_low
run50AH_nf200s25b_logreg_deep_v1,nf200s25b,validation,38,buy,2025-01-13 17:30:00,2025-01-13 17:35:00,1.0,4.06,early,vol_high,range_or_weak_trend,adx_lt20,spread_low
run50AH_nf200s25b_logreg_deep_v1,nf200s25b,validation,39,sell,2025-01-13 17:35:00,2025-01-13 17:50:00,3.0,-11.98,early,vol_high,range_or_weak_trend,adx_lt20,spread_low
run50AH_nf200s25b_logreg_deep_v1,nf200s25b,validation,40,buy,2025-01-13 17:50:00,2025-01-13 17:55:00,1.0,-5.63,early,vol_high,range_or_weak_trend,adx_lt20,spread_low
run50AH_nf200s25b_logreg_deep_v1,nf200s25b,validation,41,sell,2025-01-13 17:55:00,2025-01-13 18:00:00,1.0,2.38,early,vol_high,range_or_weak_trend,adx_lt20,spread_low
run50AH_nf200s25b_logreg_deep_v1,nf200s25b,validation,42,buy,2025-01-13 18:00:00,2025-01-13 18:05:00,1.0,-1.38,early,vol_high,range_or_weak_trend,adx_lt20,spread_low
run50AH_nf200s25b_logreg_deep_v1,nf200s25b,validation,43,sell,2025-01-13 18:05:00,2025-01-13 18:10:00,1.0,1.87,early,vol_high,range_or_weak_trend,adx_lt20,spread_low
run50AH_nf200s25b_logreg_deep_v1,nf200s25b,validation,44,buy,2025-01-13 18:10:00,2025-01-13 18:20:00,2.0,-0.35,early,vol_high,range_or_weak_trend,adx_lt20,spread_low
run50AH_nf200s25b_logreg_deep_v1,nf200s25b,validation,45,sell,2025-01-13 18:20:00,2025-01-13 18:25:00,1.0,0.32,early,vol_high,range_or_weak_trend,adx_lt20,spread_low
run50AH_nf200s25b_logreg_deep_v1,nf200s25b,validation,46,buy,2025-01-13 18:25:00,2025-01-13 18:40:00,3.0,0.58,mid,vol_high,range_or_weak_trend,adx_lt20,spread_low
run50AH_nf200s25b_logreg_deep_v1,nf200s25b,validation,47,sell,2025-01-13 18:40:00,2025-01-13 18:45:00,1.0,-5.22,mid,vol_high,range_or_weak_trend,adx_lt20,spread_low
run50AH_nf200s25b_logreg_deep_v1,nf200s25b,validation,48,buy,2025-01-13 18:45:00,2025-01-13 19:00:00,3.0,-8.05,mid,vol_high,range_or_weak_trend,adx_lt20,spread_low
run50AH_nf200s25b_logreg_deep_v1,nf200s25b,validation,49,sell,2025-01-13 19:00:00,2025-01-13 19:10:00,2.0,-4.95,mid,vol_high,range_or_weak_trend,adx_lt20,spread_low
run50AH_nf200s25b_logreg_deep_v1,nf200s25b,validation,50,buy,2025-01-13 19:10:00,2025-01-13 19:15:00,1.0,2.41,mid,vol_high,range_or_weak_trend,adx_lt20,spread_low
run50AH_nf200s25b_logreg_deep_v1,nf200s25b,validation,51,sell,2025-01-13 19:15:00,2025-01-13 19:20:00,1.0,-2.27,mid,vol_high,range_or_weak_trend,adx_lt20,spread_low
run50AH_nf200s25b_logreg_deep_v1,nf200s25b,validation,52,buy,2025-01-13 19:20:00,2025-01-13 19:50:00,6.0,0.68,mid,vol_high,range_or_weak_trend,adx_lt20,spread_low
run50AH_nf200s25b_logreg_deep_v1,nf200s25b,validation,53,sell,2025-01-13 19:50:00,2025-01-13 19:55:00,1.0,-0.46,mid,vol_mid,range_or_weak_trend,adx_lt20,spread_low
run50AH_nf200s25b_logreg_deep_v1,nf200s25b,validation,54,buy,2025-01-13 19:55:00,2025-01-13 20:20:00,5.0,1.89,mid,vol_mid,range_or_weak_trend,adx_lt20,spread_low
run50AH_nf200s25b_logreg_deep_v1,nf200s25b,validation,55,sell,2025-01-13 20:20:00,2025-01-13 20:25:00,1.0,-0.56,late,vol_high,range_or_weak_trend,adx_lt20,spread_low
run50AH_nf200s25b_logreg_deep_v1,nf200s25b,validation,56,buy,2025-01-13 20:25:00,2025-01-13 20:30:00,1.0,2.23,late,vol_mid,range_or_weak_trend,adx_lt20,spread_low
run50AH_nf200s25b_logreg_deep_v1,nf200s25b,validation,57,sell,2025-01-13 20:30:00,2025-01-13 20:35:00,1.0,-0.97,late,vol_mid,range_or_weak_trend,adx_lt20,spread_low
run50AH_nf200s25b_logreg_deep_v1,nf200s25b,validation,58,buy,2025-01-13 20:35:00,2025-01-13 20:55:00,4.0,-2.51,late,vol_mid,range_or_weak_trend,adx_lt20,spread_low
run50AH_nf200s25b_logreg_deep_v1,nf200s25b,validation,59,sell,2025-01-13 20:55:00,2025-01-13 21:10:00,3.0,0.54,late,vol_mid,range_or_weak_trend,adx_lt20,spread_low
run50AH_nf200s25b_logreg_deep_v1,nf200s25b,validation,60,buy,2025-01-13 21:10:00,2025-01-13 21:15:00,1.0,-2.03,late,vol_mid,range_or_weak_trend,adx_lt20,spread_low
run50AH_nf200s25b_logreg_deep_v1,nf200s25b,validation,61,sell,2025-01-13 21:15:00,2025-01-13 21:55:00,8.0,-3.33,late,vol_mid,range_or_weak_trend,adx_lt20,spread_low
run50AH_nf200s25b_logreg_deep_v1,nf200s25b,validation,62,buy,2025-01-14 17:10:00,2025-01-14 17:50:00,8.0,-9.95,early,vol_high,downtrend,adx_gt25,spread_low
run50AH_nf200s25b_logreg_deep_v1,nf200s25b,validation,63,buy,2025-01-14 18:35:00,2025-01-14 19:10:00,7.0,-6.97,mid,vol_high,downtrend,adx_gt25,spread_low
run50AH_nf200s25b_logreg_deep_v1,nf200s25b,validation,64,sell,2025-01-14 19:10:00,2025-01-14 19:20:00,2.0,-0.82,mid,vol_high,downtrend,adx_gt25,spread_low
run50AH_nf200s25b_logreg_deep_v1,nf200s25b,validation,65,buy,2025-01-14 19:20:00,2025-01-14 20:00:00,8.0,0.48,mid,vol_high,downtrend,adx_gt25,spread_low
run50AH_nf200s25b_logreg_deep_v1,nf200s25b,validation,66,buy,2025-01-14 20:50:00,2025-01-14 21:35:00,9.0,-0.15,late,vol_mid,downtrend,adx_20_25,spread_low
run50AH_nf200s25b_logreg_deep_v1,nf200s25b,validation,67,buy,2025-01-15 16:50:00,2025-01-15 17:30:00,8.0,4.64,early,vol_high,downtrend,adx_gt25,spread_low
run50AH_nf200s25b_logreg_deep_v1,nf200s25b,validation,68,buy,2025-01-15 18:15:00,2025-01-15 18:55:00,8.0,-8.42,early,vol_high,downtrend,adx_gt25,spread_low
run50AH_nf200s25b_logreg_deep_v1,nf200s25b,validation,69,buy,2025-01-15 19:40:00,2025-01-15 20:25:00,9.0,1.22,mid,vol_mid,range_or_weak_trend,adx_lt20,spread_low
run50AH_nf200s25b_logreg_deep_v1,nf200s25b,validation,70,buy,2025-01-15 21:35:00,2025-01-16 16:45:00,230.0,-0.08,late,vol_low,downtrend,adx_20_25,spread_low
run50AH_nf200s25b_logreg_deep_v1,nf200s25b,validation,71,buy,2025-01-16 17:30:00,2025-01-16 18:20:00,10.0,4.87,early,vol_high,downtrend,adx_gt25,spread_low
run50AH_nf200s25b_logreg_deep_v1,nf200s25b,validation,72,buy,2025-01-16 19:05:00,2025-01-16 19:45:00,8.0,-1.77,mid,vol_high,downtrend,adx_20_25,spread_low
run50AH_nf200s25b_logreg_deep_v1,nf200s25b,validation,73,sell,2025-01-16 20:45:00,2025-01-16 21:20:00,7.0,-3.32,late,vol_low,downtrend,adx_gt25,spread_low
run50AH_nf200s25b_logreg_deep_v1,nf200s25b,validation,74,buy,2025-01-16 21:20:00,2025-01-16 21:25:00,1.0,-2.71,late,vol_low,downtrend,adx_gt25,spread_low
run50AH_nf200s25b_logreg_deep_v1,nf200s25b,validation,75,sell,2025-01-16 21:25:00,2025-01-16 21:35:00,2.0,-3.12,late,vol_low,downtrend,adx_gt25,spread_low
run50AH_nf200s25b_logreg_deep_v1,nf200s25b,validation,76,buy,2025-01-16 21:35:00,2025-01-16 21:55:00,4.0,1.29,late,vol_mid,downtrend,adx_gt25,spread_low
run50AH_nf200s25b_logreg_deep_v1,nf200s25b,validation,77,sell,2025-01-16 21:55:00,2025-01-17 16:35:00,224.0,-20.27,late,vol_mid,downtrend,adx_gt25,spread_low
run50AH_nf200s25b_logreg_deep_v1,nf200s25b,validation,78,buy,2025-01-17 16:35:00,2025-01-17 17:15:00,8.0,0.02,early,vol_high,downtrend,adx_gt25,spread_low
run50AH_nf200s25b_logreg_deep_v1,nf200s25b,validation,79,buy,2025-01-17 18:35:00,2025-01-17 19:20:00,9.0,1.11,mid,vol_mid,downtrend,adx_20_25,spread_low
run50AH_nf200s25b_logreg_deep_v1,nf200s25b,validation,80,buy,2025-01-17 20:30:00,2025-01-17 22:00:00,18.0,-3.15,late,vol_low,range_or_weak_trend,adx_lt20,spread_low
run50AH_nf200s25b_logreg_deep_v1,nf200s25b,validation,81,buy,2025-01-21 17:15:00,2025-01-21 18:05:00,10.0,7.68,early,vol_high,downtrend,adx_gt25,spread_low
run50AH_nf200s25b_logreg_deep_v1,nf200s25b,validation,82,buy,2025-01-21 19:10:00,2025-01-21 21:40:00,30.0,3.86,mid,vol_mid,range_or_weak_trend,adx_lt20,spread_low
run50AH_nf200s25b_logreg_deep_v1,nf200s25b,validation,83,buy,2025-01-22 17:35:00,2025-01-22 18:00:00,5.0,-3.31,early,vol_low,downtrend,adx_gt25,spread_low
run50AH_nf200s25b_logreg_deep_v1,nf200s25b,validation,84,sell,2025-01-22 18:00:00,2025-01-22 18:10:00,2.0,-3.1,early,vol_low,downtrend,adx_gt25,spread_low
run50AH_nf200s25b_logreg_deep_v1,nf200s25b,validation,85,buy,2025-01-22 18:10:00,2025-01-22 18:30:00,4.0,2.63,early,vol_low,downtrend,adx_gt25,spread_low
run50AH_nf200s25b_logreg_deep_v1,nf200s25b,validation,86,sell,2025-01-22 18:30:00,2025-01-22 18:45:00,3.0,-1.58,mid,vol_low,downtrend,adx_gt25,spread_low
run50AH_nf200s25b_logreg_deep_v1,nf200s25b,validation,87,buy,2025-01-22 18:45:00,2025-01-22 20:55:00,26.0,-2.23,mid,vol_low,downtrend,adx_gt25,spread_low
run50AH_nf200s25b_logreg_deep_v1,nf200s25b,validation,88,buy,2025-01-23 16:40:00,2025-01-23 17:00:00,4.0,-1.3,early,vol_low,range_or_weak_trend,adx_lt20,spread_low
run50AH_nf200s25b_logreg_deep_v1,nf200s25b,validation,89,sell,2025-01-23 17:00:00,2025-01-23 17:10:00,2.0,0.91,early,vol_low,range_or_weak_trend,adx_lt20,spread_low
run50AH_nf200s25b_logreg_deep_v1,nf200s25b,validation,90,buy,2025-01-23 17:10:00,2025-01-23 17:25:00,3.0,1.58,early,vol_low,range_or_weak_trend,adx_lt20,spread_low
run50AH_nf200s25b_logreg_deep_v1,nf200s25b,validation,91,sell,2025-01-23 17:25:00,2025-01-23 18:00:00,7.0,-2.87,early,vol_low,range_or_weak_trend,adx_lt20,spread_low
run50AH_nf200s25b_logreg_deep_v1,nf200s25b,validation,92,buy,2025-01-23 18:00:00,2025-01-23 19:35:00,19.0,-2.25,early,vol_low,downtrend,adx_20_25,spread_low
run50AH_nf200s25b_logreg_deep_v1,nf200s25b,validation,93,buy,2025-01-23 21:55:00,2025-01-24 16:45:00,226.0,7.9,late,vol_low,range_or_weak_trend,adx_lt20,spread_low
run50AH_nf200s25b_logreg_deep_v1,nf200s25b,validation,94,sell,2025-01-24 16:45:00,2025-01-24 16:50:00,1.0,-3.6,early,vol_low,range_or_weak_trend,adx_lt20,spread_low
run50AH_nf200s25b_logreg_deep_v1,nf200s25b,validation,95,buy,2025-01-24 16:50:00,2025-01-24 18:15:00,17.0,-7.02,early,vol_low,range_or_weak_trend,adx_lt20,spread_low
run50AH_nf200s25b_logreg_deep_v1,nf200s25b,validation,96,buy,2025-01-24 20:00:00,2025-01-24 20:05:00,1.0,0.51,mid,vol_low,downtrend,adx_gt25,spread_low
run50AH_nf200s25b_logreg_deep_v1,nf200s25b,validation,97,sell,2025-01-24 20:05:00,2025-01-24 20:40:00,7.0,2.08,mid,vol_low,downtrend,adx_gt25,spread_low
run50AH_nf200s25b_logreg_deep_v1,nf200s25b,validation,98,buy,2025-01-24 20:40:00,2025-01-24 20:50:00,2.0,-1.92,late,vol_low,downtrend,adx_gt25,spread_low
run50AH_nf200s25b_logreg_deep_v1,nf200s25b,validation,99,sell,2025-01-24 20:50:00,2025-01-24 21:45:00,11.0,3.81,late,vol_low,downtrend,adx_gt25,spread_low
run50AH_nf200s25b_logreg_deep_v1,nf200s25b,validation,100,buy,2025-01-24 21:45:00,2025-01-27 16:45:00,804.0,-59.65,late,vol_low,downtrend,adx_gt25,spread_low
run50AH_nf200s25b_logreg_deep_v1,nf200s25b,validation,101,sell,2025-01-27 16:45:00,2025-01-27 17:25:00,8.0,-4.37,early,vol_high,downtrend,adx_gt25,spread_low
run50AH_nf200s25b_logreg_deep_v1,nf200s25b,validation,102,sell,2025-01-27 18:10:00,2025-01-27 18:50:00,8.0,0.19,early,vol_high,downtrend,adx_gt25,spread_low
run50AH_nf200s25b_logreg_deep_v1,nf200s25b,validation,103,sell,2025-01-27 19:35:00,2025-01-27 20:15:00,8.0,7.61,mid,vol_high,range_or_weak_trend,adx_lt20,spread_low
run50AH_nf200s25b_logreg_deep_v1,nf200s25b,validation,104,sell,2025-01-27 21:00:00,2025-01-27 21:40:00,8.0,-6.01,late,vol_mid,range_or_weak_trend,adx_lt20,spread_low
run50AH_nf200s25b_logreg_deep_v1,nf200s25b,validation,105,buy,2025-01-28 16:55:00,2025-01-28 17:35:00,8.0,16.06,early,vol_high,downtrend,adx_gt25,spread_low
run50AH_nf200s25b_logreg_deep_v1,nf200s25b,validation,106,buy,2025-01-28 18:20:00,2025-01-28 19:00:00,8.0,3.21,early,vol_high,downtrend,adx_gt25,spread_low
run50AH_nf200s25b_logreg_deep_v1,nf200s25b,validation,107,buy,2025-01-28 20:05:00,2025-01-28 20:50:00,9.0,-1.82,mid,vol_low,downtrend,adx_gt25,spread_low
run50AH_nf200s25b_logreg_deep_v1,nf200s25b,validation,108,buy,2025-01-28 21:35:00,2025-01-29 16:35:00,228.0,-3.56,late,vol_low,range_or_weak_trend,adx_lt20,spread_low
run50AH_nf200s25b_logreg_deep_v1,nf200s25b,validation,109,sell,2025-01-29 16:35:00,2025-01-29 16:40:00,1.0,-0.83,early,vol_mid,downtrend,adx_gt25,spread_low
run50AH_nf200s25b_logreg_deep_v1,nf200s25b,validation,110,buy,2025-01-29 16:40:00,2025-01-29 17:20:00,8.0,-0.81,early,vol_mid,downtrend,adx_gt25,spread_low
run50AH_nf200s25b_logreg_deep_v1,nf200s25b,validation,111,buy,2025-01-29 18:05:00,2025-01-29 18:45:00,8.0,-2.28,early,vol_mid,downtrend,adx_gt25,spread_low
run50AH_nf200s25b_logreg_deep_v1,nf200s25b,validation,112,buy,2025-01-29 19:40:00,2025-01-29 20:05:00,5.0,-13.93,mid,vol_mid,downtrend,adx_gt25,spread_low
run50AH_nf200s25b_logreg_deep_v1,nf200s25b,validation,113,sell,2025-01-29 20:05:00,2025-01-29 20:10:00,1.0,-7.6,mid,vol_high,downtrend,adx_gt25,spread_low
run50AH_nf200s25b_logreg_deep_v1,nf200s25b,validation,114,buy,2025-01-29 20:10:00,2025-01-29 20:15:00,1.0,-0.23,mid,vol_high,downtrend,adx_gt25,spread_low
run50AH_nf200s25b_logreg_deep_v1,nf200s25b,validation,115,sell,2025-01-29 20:15:00,2025-01-29 20:20:00,1.0,0.89,late,vol_high,downtrend,adx_gt25,spread_low
run50AH_nf200s25b_logreg_deep_v1,nf200s25b,validation,116,buy,2025-01-29 20:20:00,2025-01-29 21:05:00,9.0,-1.41,late,vol_high,downtrend,adx_gt25,spread_low
run50AH_nf200s25b_logreg_deep_v1,nf200s25b,validation,117,buy,2025-01-29 21:50:00,2025-01-30 17:00:00,230.0,12.91,late,vol_high,downtrend,adx_gt25,spread_low
run50AH_nf200s25b_logreg_deep_v1,nf200s25b,validation,118,buy,2025-01-30 17:45:00,2025-01-30 18:25:00,8.0,-2.85,early,vol_high,range_or_weak_trend,adx_lt20,spread_low
run50AH_nf200s25b_logreg_deep_v1,nf200s25b,validation,119,buy,2025-01-30 19:10:00,2025-01-30 19:50:00,8.0,-4.9,mid,vol_high,range_or_weak_trend,adx_lt20,spread_low
run50AH_nf200s25b_logreg_deep_v1,nf200s25b,validation,120,buy,2025-01-30 20:40:00,2025-01-30 21:35:00,11.0,0.58,late,vol_low,range_or_weak_trend,adx_lt20,spread_low
run50AH_nf200s25b_logreg_deep_v1,nf200s25b,validation,121,buy,2025-01-31 16:50:00,2025-01-31 17:35:00,9.0,10.49,early,vol_low,downtrend,adx_20_25,spread_low
run50AH_nf200s25b_logreg_deep_v1,nf200s25b,validation,122,buy,2025-01-31 18:55:00,2025-01-31 19:55:00,12.0,1.03,mid,vol_low,downtrend,adx_gt25,spread_low
run50AH_nf200s25b_logreg_deep_v1,nf200s25b,validation,123,sell,2025-01-31 20:55:00,2025-01-31 21:15:00,4.0,0.52,late,vol_mid,downtrend,adx_gt25,spread_low
run50AH_nf200s25b_logreg_deep_v1,nf200s25b,validation,124,buy,2025-01-31 21:15:00,2025-01-31 22:00:00,9.0,-8.4,late,vol_high,downtrend,adx_gt25,spread_low
run50AH_nf200s25b_logreg_deep_v1,nf200s25b,validation,125,buy,2025-02-03 17:15:00,2025-02-03 17:55:00,8.0,27.19,early,vol_high,range_or_weak_trend,adx_lt20,spread_low
run50AH_nf200s25b_logreg_deep_v1,nf200s25b,validation,126,buy,2025-02-03 18:40:00,2025-02-03 19:00:00,4.0,-5.16,mid,vol_high,downtrend,adx_gt25,spread_low
run50AH_nf200s25b_logreg_deep_v1,nf200s25b,validation,127,sell,2025-02-03 19:00:00,2025-02-03 19:05:00,1.0,-0.25,mid,vol_high,downtrend,adx_gt25,spread_low
run50AH_nf200s25b_logreg_deep_v1,nf200s25b,validation,128,buy,2025-02-03 19:05:00,2025-02-03 19:45:00,8.0,-2.76,mid,vol_high,downtrend,adx_20_25,spread_low
run50AH_nf200s25b_logreg_deep_v1,nf200s25b,validation,129,buy,2025-02-03 20:30:00,2025-02-03 20:35:00,1.0,2.03,late,vol_high,range_or_weak_trend,adx_lt20,spread_low
run50AH_nf200s25b_logreg_deep_v1,nf200s25b,validation,130,sell,2025-02-03 20:35:00,2025-02-03 20:45:00,2.0,1.93,late,vol_high,range_or_weak_trend,adx_lt20,spread_low
run50AH_nf200s25b_logreg_deep_v1,nf200s25b,validation,131,buy,2025-02-03 20:45:00,2025-02-03 21:25:00,8.0,8.87,late,vol_high,range_or_weak_trend,adx_lt20,spread_low
run50AH_nf200s25b_logreg_deep_v1,nf200s25b,validation,132,buy,2025-02-04 16:45:00,2025-02-04 17:25:00,8.0,13.52,early,vol_low,downtrend,adx_20_25,spread_low
run50AH_nf200s25b_logreg_deep_v1,nf200s25b,validation,133,buy,2025-02-04 18:10:00,2025-02-04 18:56:35,9.316667,-0.31,early,vol_mid,downtrend,adx_gt25,spread_low
run50AH_nf200s25b_logreg_deep_v1,nf200s25b,validation,134,sell,2025-02-04 19:40:00,2025-02-04 19:45:00,1.0,-1.72,mid,vol_mid,downtrend,adx_gt25,spread_low
run50AH_nf200s25b_logreg_deep_v1,nf200s25b,validation,135,buy,2025-02-04 19:45:00,2025-02-04 20:25:00,8.0,3.41,mid,vol_mid,downtrend,adx_gt25,spread_low
run50AH_nf200s25b_logreg_deep_v1,nf200s25b,validation,136,buy,2025-02-05 16:35:00,2025-02-05 17:00:00,5.0,1.81,early,vol_low,downtrend,adx_gt25,spread_low
run50AH_nf200s25b_logreg_deep_v1,nf200s25b,validation,137,sell,2025-02-05 17:00:00,2025-02-05 17:10:00,2.0,3.08,early,vol_low,downtrend,adx_gt25,spread_low
run50AH_nf200s25b_logreg_deep_v1,nf200s25b,validation,138,buy,2025-02-05 17:10:00,2025-02-05 17:55:00,9.0,5.38,early,vol_low,downtrend,adx_gt25,spread_low
run50AH_nf200s25b_logreg_deep_v1,nf200s25b,validation,139,buy,2025-02-05 18:40:00,2025-02-05 19:20:00,8.0,6.76,mid,vol_mid,downtrend,adx_gt25,spread_low
run50AH_nf200s25b_logreg_deep_v1,nf200s25b,validation,140,buy,2025-02-05 20:10:00,2025-02-05 21:10:00,12.0,2.82,mid,vol_low,downtrend,adx_gt25,spread_low
run50AH_nf200s25b_logreg_deep_v1,nf200s25b,validation,141,sell,2025-02-06 17:00:00,2025-02-06 17:05:00,1.0,1.01,early,vol_low,range_or_weak_trend,adx_lt20,spread_low
run50AH_nf200s25b_logreg_deep_v1,nf200s25b,validation,142,buy,2025-02-06 17:05:00,2025-02-06 17:25:00,4.0,1.83,early,vol_low,range_or_weak_trend,adx_lt20,spread_low
run50AH_nf200s25b_logreg_deep_v1,nf200s25b,validation,143,sell,2025-02-06 17:25:00,2025-02-06 17:30:00,1.0,0.44,early,vol_mid,range_or_weak_trend,adx_lt20,spread_low
run50AH_nf200s25b_logreg_deep_v1,nf200s25b,validation,144,buy,2025-02-06 17:30:00,2025-02-06 18:10:00,8.0,-0.41,early,vol_mid,range_or_weak_trend,adx_lt20,spread_low
run50AH_nf200s25b_logreg_deep_v1,nf200s25b,validation,145,buy,2025-02-06 19:10:00,2025-02-06 20:10:00,12.0,4.09,mid,vol_low,range_or_weak_trend,adx_lt20,spread_low
run50AH_nf200s25b_logreg_deep_v1,nf200s25b,validation,146,buy,2025-02-06 21:10:00,2025-02-06 21:35:00,5.0,-9.33,late,vol_low,range_or_weak_trend,adx_lt20,spread_low
run50AH_nf200s25b_logreg_deep_v1,nf200s25b,validation,147,sell,2025-02-06 21:35:00,2025-02-06 21:50:00,3.0,-2.9,late,vol_mid,range_or_weak_trend,adx_lt20,spread_low
run50AH_nf200s25b_logreg_deep_v1,nf200s25b,validation,148,buy,2025-02-06 21:50:00,2025-02-06 22:00:00,2.0,-1.36,late,vol_mid,downtrend,adx_20_25,spread_low
run50AH_nf200s25b_logreg_deep_v1,nf200s25b,validation,149,sell,2025-02-06 22:00:00,2025-02-07 16:35:00,223.0,-20.14,late,vol_mid,downtrend,adx_gt25,spread_low
run50AH_nf200s25b_logreg_deep_v1,nf200s25b,validation,150,buy,2025-02-07 16:35:00,2025-02-07 17:05:00,6.0,-19.38,early,vol_mid,downtrend,adx_gt25,spread_low
run50AH_nf200s25b_logreg_deep_v1,nf200s25b,validation,151,sell,2025-02-07 17:05:00,2025-02-07 17:10:00,1.0,-3.12,early,vol_high,downtrend,adx_gt25,spread_low
run50AH_nf200s25b_logreg_deep_v1,nf200s25b,validation,152,buy,2025-02-07 17:10:00,2025-02-07 17:15:00,1.0,-6.46,early,vol_high,downtrend,adx_gt25,spread_low
run50AH_nf200s25b_logreg_deep_v1,nf200s25b,validation,153,sell,2025-02-07 17:15:00,2025-02-07 17:20:00,1.0,-2.8,early,vol_high,downtrend,adx_gt25,spread_low
run50AH_nf200s25b_logreg_deep_v1,nf200s25b,validation,154,buy,2025-02-07 17:20:00,2025-02-07 17:40:00,4.0,1.57,early,vol_high,downtrend,adx_gt25,spread_low
run50AH_nf200s25b_logreg_deep_v1,nf200s25b,validation,155,sell,2025-02-07 17:40:00,2025-02-07 17:45:00,1.0,1.12,early,vol_high,downtrend,adx_gt25,spread_low
run50AH_nf200s25b_logreg_deep_v1,nf200s25b,validation,156,buy,2025-02-07 17:45:00,2025-02-07 17:55:00,2.0,-10.4,early,vol_high,downtrend,adx_gt25,spread_low
run50AH_nf200s25b_logreg_deep_v1,nf200s25b,validation,157,sell,2025-02-07 17:55:00,2025-02-07 18:00:00,1.0,-7.56,early,vol_high,downtrend,adx_gt25,spread_low
run50AH_nf200s25b_logreg_deep_v1,nf200s25b,validation,158,buy,2025-02-07 18:00:00,2025-02-07 18:40:00,8.0,-7.07,early,vol_high,downtrend,adx_gt25,spread_low
run50AH_nf200s25b_logreg_deep_v1,nf200s25b,validation,159,buy,2025-02-07 19:25:00,2025-02-07 20:05:00,8.0,6.93,mid,vol_high,downtrend,adx_gt25,spread_low
run50AH_nf200s25b_logreg_deep_v1,nf200s25b,validation,160,buy,2025-02-07 20:50:00,2025-02-07 20:55:00,1.0,-0.86,late,vol_mid,range_or_weak_trend,adx_lt20,spread_low
run50AH_nf200s25b_logreg_deep_v1,nf200s25b,validation,161,sell,2025-02-07 20:55:00,2025-02-07 21:35:00,8.0,4.57,late,vol_mid,range_or_weak_trend,adx_lt20,spread_low
run50AH_nf200s25b_logreg_deep_v1,nf200s25b,validation,162,buy,2025-02-10 17:05:00,2025-02-10 17:45:00,8.0,6.01,early,vol_low,downtrend,adx_20_25,spread_low
run50AH_nf200s25b_logreg_deep_v1,nf200s25b,validation,163,buy,2025-02-10 18:30:00,2025-02-10 18:35:00,1.0,-1.35,mid,vol_low,downtrend,adx_gt25,spread_low
run50AH_nf200s25b_logreg_deep_v1,nf200s25b,validation,164,sell,2025-02-10 18:35:00,2025-02-10 18:40:00,1.0,-1.16,mid,vol_low,downtrend,adx_gt25,spread_low
run50AH_nf200s25b_logreg_deep_v1,nf200s25b,validation,165,buy,2025-02-10 18:40:00,2025-02-10 19:20:00,8.0,-2.82,mid,vol_low,downtrend,adx_gt25,spread_low
run50AH_nf200s25b_logreg_deep_v1,nf200s25b,validation,166,buy,2025-02-10 20:25:00,2025-02-10 21:20:00,11.0,-0.36,late,vol_low,range_or_weak_trend,adx_lt20,spread_low
run50AH_nf200s25b_logreg_deep_v1,nf200s25b,validation,167,buy,2025-02-11 16:50:00,2025-02-11 17:35:00,9.0,5.43,early,vol_mid,downtrend,adx_gt25,spread_low
run50AH_nf200s25b_logreg_deep_v1,nf200s25b,validation,168,buy,2025-02-11 18:35:00,2025-02-11 19:05:00,6.0,-7.87,mid,vol_low,downtrend,adx_gt25,spread_low
run50AH_nf200s25b_logreg_deep_v1,nf200s25b,validation,169,sell,2025-02-11 19:05:00,2025-02-11 19:30:00,5.0,-3.92,mid,vol_low,downtrend,adx_gt25,spread_low
run50AH_nf200s25b_logreg_deep_v1,nf200s25b,validation,170,buy,2025-02-11 19:30:00,2025-02-11 19:40:00,2.0,-1.22,mid,vol_low,downtrend,adx_gt25,spread_low
run50AH_nf200s25b_logreg_deep_v1,nf200s25b,validation,171,sell,2025-02-11 19:40:00,2025-02-11 19:50:00,2.0,0.78,mid,vol_low,downtrend,adx_gt25,spread_low
run50AH_nf200s25b_logreg_deep_v1,nf200s25b,validation,172,buy,2025-02-11 19:50:00,2025-02-11 19:55:00,1.0,-0.52,mid,vol_low,downtrend,adx_gt25,spread_low
run50AH_nf200s25b_logreg_deep_v1,nf200s25b,validation,173,sell,2025-02-11 19:55:00,2025-02-11 20:05:00,2.0,-0.35,mid,vol_low,downtrend,adx_gt25,spread_low
run50AH_nf200s25b_logreg_deep_v1,nf200s25b,validation,174,buy,2025-02-11 20:05:00,2025-02-11 20:55:00,10.0,3.74,mid,vol_low,downtrend,adx_gt25,spread_low
run50AH_nf200s25b_logreg_deep_v1,nf200s25b,validation,175,buy,2025-02-11 22:00:00,2025-02-12 17:10:00,230.0,-21.0,late,vol_low,range_or_weak_trend,adx_lt20,spread_low
run50AH_nf200s25b_logreg_deep_v1,nf200s25b,validation,176,buy,2025-02-12 17:55:00,2025-02-12 18:35:00,8.0,-4.1,early,vol_high,downtrend,adx_gt25,spread_low
run50AH_nf200s25b_logreg_deep_v1,nf200s25b,validation,177,buy,2025-02-12 19:20:00,2025-02-12 20:00:00,8.0,3.52,mid,vol_mid,downtrend,adx_20_25,spread_low
run50AH_nf200s25b_logreg_deep_v1,nf200s25b,validation,178,sell,2025-02-12 21:05:00,2025-02-12 21:55:00,10.0,-5.62,late,vol_low,range_or_weak_trend,adx_lt20,spread_low
run50AH_nf200s25b_logreg_deep_v1,nf200s25b,validation,179,buy,2025-02-13 17:10:00,2025-02-13 17:50:00,8.0,13.07,early,vol_high,downtrend,adx_gt25,spread_low
run50AH_nf200s25b_logreg_deep_v1,nf200s25b,validation,180,buy,2025-02-13 18:55:00,2025-02-13 19:00:00,1.0,-1.76,mid,vol_mid,downtrend,adx_gt25,spread_low
run50AH_nf200s25b_logreg_deep_v1,nf200s25b,validation,181,sell,2025-02-13 19:00:00,2025-02-13 19:10:00,2.0,-3.02,mid,vol_low,downtrend,adx_gt25,spread_low
run50AH_nf200s25b_logreg_deep_v1,nf200s25b,validation,182,buy,2025-02-13 19:10:00,2025-02-13 19:20:00,2.0,-2.97,mid,vol_low,downtrend,adx_gt25,spread_low
run50AH_nf200s25b_logreg_deep_v1,nf200s25b,validation,183,sell,2025-02-13 19:20:00,2025-02-13 19:30:00,2.0,-0.57,mid,vol_low,downtrend,adx_gt25,spread_low
run50AH_nf200s25b_logreg_deep_v1,nf200s25b,validation,184,buy,2025-02-13 19:30:00,2025-02-13 19:55:00,5.0,1.33,mid,vol_low,downtrend,adx_20_25,spread_low
run50AH_nf200s25b_logreg_deep_v1,nf200s25b,validation,185,sell,2025-02-13 19:55:00,2025-02-13 20:00:00,1.0,1.38,mid,vol_low,range_or_weak_trend,adx_lt20,spread_low
run50AH_nf200s25b_logreg_deep_v1,nf200s25b,validation,186,buy,2025-02-13 20:00:00,2025-02-13 20:45:00,9.0,-1.17,mid,vol_low,range_or_weak_trend,adx_lt20,spread_low
run50AH_nf200s25b_logreg_deep_v1,nf200s25b,validation,187,buy,2025-02-14 16:40:00,2025-02-14 17:45:00,13.0,1.33,early,vol_low,downtrend,adx_gt25,spread_low
run50AH_nf200s25b_logreg_deep_v1,nf200s25b,validation,188,buy,2025-02-14 19:05:00,2025-02-14 21:55:00,34.0,3.21,mid,vol_low,range_or_weak_trend,adx_lt20,spread_low
run50AH_nf200s25b_logreg_deep_v1,nf200s25b,validation,189,sell,2025-02-18 17:10:00,2025-02-18 17:50:00,8.0,4.03,early,vol_mid,downtrend,adx_gt25,spread_low
run50AH_nf200s25b_logreg_deep_v1,nf200s25b,validation,190,buy,2025-02-18 17:50:00,2025-02-18 19:35:00,21.0,2.46,early,vol_mid,downtrend,adx_gt25,spread_low
run50AH_nf200s25b_logreg_deep_v1,nf200s25b,validation,191,sell,2025-02-18 21:15:00,2025-02-18 21:25:00,2.0,-3.25,late,vol_low,downtrend,adx_gt25,spread_low
run50AH_nf200s25b_logreg_deep_v1,nf200s25b,validation,192,buy,2025-02-18 21:25:00,2025-02-18 21:30:00,1.0,-0.52,late,vol_low,downtrend,adx_gt25,spread_low
run50AH_nf200s25b_logreg_deep_v1,nf200s25b,validation,193,sell,2025-02-18 21:30:00,2025-02-18 21:45:00,3.0,-0.6,late,vol_low,downtrend,adx_gt25,spread_low
run50AH_nf200s25b_logreg_deep_v1,nf200s25b,validation,194,buy,2025-02-18 21:45:00,2025-02-19 16:35:00,226.0,3.97,late,vol_mid,downtrend,adx_gt25,spread_low
run50AH_nf200s25b_logreg_deep_v1,nf200s25b,validation,195,sell,2025-02-19 16:35:00,2025-02-19 16:40:00,1.0,0.93,early,vol_low,downtrend,adx_gt25,spread_low
run50AH_nf200s25b_logreg_deep_v1,nf200s25b,validation,196,buy,2025-02-19 16:40:00,2025-02-19 17:25:00,9.0,-4.45,early,vol_low,downtrend,adx_gt25,spread_low
run50AH_nf200s25b_logreg_deep_v1,nf200s25b,validation,197,buy,2025-02-19 20:15:00,2025-02-19 21:45:00,18.0,7.46,late,vol_low,range_or_weak_trend,adx_lt20,spread_low
run50AH_nf200s25b_logreg_deep_v1,nf200s25b,validation,198,sell,2025-02-20 17:05:00,2025-02-20 17:25:00,4.0,-5.45,early,vol_mid,downtrend,adx_gt25,spread_low
run50AH_nf200s25b_logreg_deep_v1,nf200s25b,validation,199,buy,2025-02-20 17:25:00,2025-02-20 17:35:00,2.0,-0.25,early,vol_high,downtrend,adx_gt25,spread_low
run50AH_nf200s25b_logreg_deep_v1,nf200s25b,validation,200,sell,2025-02-20 17:35:00,2025-02-20 17:55:00,4.0,7.01,early,vol_high,downtrend,adx_gt25,spread_low
run50AH_nf200s25b_logreg_deep_v1,nf200s25b,validation,201,buy,2025-02-20 17:55:00,2025-02-20 18:00:00,1.0,-2.45,early,vol_high,downtrend,adx_gt25,spread_low
run50AH_nf200s25b_logreg_deep_v1,nf200s25b,validation,202,sell,2025-02-20 18:00:00,2025-02-20 18:05:00,1.0,-3.02,early,vol_high,downtrend,adx_gt25,spread_low
run50AH_nf200s25b_logreg_deep_v1,nf200s25b,validation,203,buy,2025-02-20 18:05:00,2025-02-20 18:45:00,8.0,3.63,early,vol_high,downtrend,adx_gt25,spread_low
run50AH_nf200s25b_logreg_deep_v1,nf200s25b,validation,204,buy,2025-02-20 19:40:00,2025-02-20 20:30:00,10.0,-3.62,mid,vol_low,downtrend,adx_20_25,spread_low
run50AH_nf200s25b_logreg_deep_v1,nf200s25b,validation,205,sell,2025-02-20 20:30:00,2025-02-20 20:35:00,1.0,-0.92,late,vol_low,range_or_weak_trend,adx_lt20,spread_low
run50AH_nf200s25b_logreg_deep_v1,nf200s25b,validation,206,buy,2025-02-20 20:35:00,2025-02-20 21:35:00,12.0,2.36,late,vol_low,range_or_weak_trend,adx_lt20,spread_low
run50AH_nf200s25b_logreg_deep_v1,nf200s25b,validation,207,sell,2025-02-20 21:35:00,2025-02-20 21:55:00,4.0,-4.03,late,vol_low,range_or_weak_trend,adx_lt20,spread_low
run50AH_nf200s25b_logreg_deep_v1,nf200s25b,validation,208,buy,2025-02-20 21:55:00,2025-02-21 16:35:00,224.0,3.47,late,vol_low,range_or_weak_trend,adx_lt20,spread_low
run50AH_nf200s25b_logreg_deep_v1,nf200s25b,validation,209,sell,2025-02-21 16:35:00,2025-02-21 17:15:00,8.0,7.39,early,vol_low,downtrend,adx_gt25,spread_low
run50AH_nf200s25b_logreg_deep_v1,nf200s25b,validation,210,buy,2025-02-21 18:00:00,2025-02-21 18:50:00,10.0,-2.22,early,vol_mid,downtrend,adx_gt25,spread_low
run50AH_nf200s25b_logreg_deep_v1,nf200s25b,validation,211,buy,2025-02-21 19:40:00,2025-02-21 20:00:00,4.0,-3.1,mid,vol_mid,downtrend,adx_gt25,spread_low
run50AH_nf200s25b_logreg_deep_v1,nf200s25b,validation,212,sell,2025-02-21 20:00:00,2025-02-21 20:40:00,8.0,3.77,mid,vol_mid,downtrend,adx_gt25,spread_low
run50AH_nf200s25b_logreg_deep_v1,nf200s25b,validation,213,buy,2025-02-21 21:25:00,2025-02-21 21:30:00,1.0,-4.25,late,vol_low,downtrend,adx_gt25,spread_low
run50AH_nf200s25b_logreg_deep_v1,nf200s25b,validation,214,sell,2025-02-21 21:30:00,2025-02-24 16:45:00,807.0,-4.02,late,vol_low,downtrend,adx_gt25,spread_low
run50AH_nf200s25b_logreg_deep_v1,nf200s25b,validation,215,sell,2025-02-24 17:30:00,2025-02-24 18:00:00,6.0,1.38,early,vol_high,downtrend,adx_gt25,spread_low
run50AH_nf200s25b_logreg_deep_v1,nf200s25b,validation,216,buy,2025-02-24 18:00:00,2025-02-24 18:40:00,8.0,6.34,early,vol_high,downtrend,adx_gt25,spread_low
run50AH_nf200s25b_logreg_deep_v1,nf200s25b,validation,217,buy,2025-02-24 19:25:00,2025-02-24 20:05:00,8.0,-1.88,mid,vol_mid,range_or_weak_trend,adx_lt20,spread_low
run50AH_nf200s25b_logreg_deep_v1,nf200s25b,validation,218,sell,2025-02-24 20:55:00,2025-02-24 21:35:00,8.0,3.78,late,vol_mid,range_or_weak_trend,adx_lt20,spread_low
run50AH_nf200s25b_logreg_deep_v1,nf200s25b,validation,219,sell,2025-02-25 16:50:00,2025-02-25 17:30:00,8.0,23.74,early,vol_mid,downtrend,adx_gt25,spread_low
run50AH_nf200s25b_logreg_deep_v1,nf200s25b,validation,220,buy,2025-02-25 18:15:00,2025-02-25 18:55:00,8.0,5.51,early,vol_high,downtrend,adx_gt25,spread_low
run50AH_nf200s25b_logreg_deep_v1,nf200s25b,validation,221,buy,2025-02-25 19:40:00,2025-02-25 20:20:00,8.0,1.18,mid,vol_mid,downtrend,adx_gt25,spread_low
run50AH_nf200s25b_logreg_deep_v1,nf200s25b,validation,222,sell,2025-02-25 21:05:00,2025-02-25 21:45:00,8.0,-1.27,late,vol_high,range_or_weak_trend,adx_lt20,spread_low
run50AH_nf200s25b_logreg_deep_v1,nf200s25b,validation,223,buy,2025-02-26 17:00:00,2025-02-26 17:40:00,8.0,1.92,early,vol_mid,downtrend,adx_gt25,spread_low
run50AH_nf200s25b_logreg_deep_v1,nf200s25b,validation,224,buy,2025-02-26 18:25:00,2025-02-26 19:05:00,8.0,-0.57,mid,vol_mid,range_or_weak_trend,adx_lt20,spread_low
run50AH_nf200s25b_logreg_deep_v1,nf200s25b,validation,225,buy,2025-02-26 19:50:00,2025-02-26 19:55:00,1.0,-2.15,mid,vol_mid,range_or_weak_trend,adx_lt20,spread_low
run50AH_nf200s25b_logreg_deep_v1,nf200s25b,validation,226,sell,2025-02-26 19:55:00,2025-02-26 20:35:00,8.0,9.08,mid,vol_mid,range_or_weak_trend,adx_lt20,spread_low
run50AH_nf200s25b_logreg_deep_v1,nf200s25b,validation,227,sell,2025-02-26 21:20:00,2025-02-26 21:30:00,2.0,-0.8,late,vol_mid,downtrend,adx_gt25,spread_low
run50AH_nf200s25b_logreg_deep_v1,nf200s25b,validation,228,buy,2025-02-26 21:30:00,2025-02-27 16:40:00,230.0,18.24,late,vol_mid,downtrend,adx_gt25,spread_low
run50AH_nf200s25b_logreg_deep_v1,nf200s25b,validation,229,buy,2025-02-27 17:25:00,2025-02-27 18:05:00,8.0,-8.73,early,vol_high,downtrend,adx_gt25,spread_low
run50AH_nf200s25b_logreg_deep_v1,nf200s25b,validation,230,buy,2025-02-27 18:50:00,2025-02-27 19:30:00,8.0,-1.4,mid,vol_high,downtrend,adx_gt25,spread_low
run50AH_nf200s25b_logreg_deep_v1,nf200s25b,validation,231,buy,2025-02-27 20:25:00,2025-02-27 21:05:00,8.0,-6.38,late,vol_high,downtrend,adx_20_25,spread_low
run50AH_nf200s25b_logreg_deep_v1,nf200s25b,validation,232,sell,2025-02-27 21:05:00,2025-02-27 21:50:00,9.0,21.37,late,vol_mid,range_or_weak_trend,adx_lt20,spread_low
run50AH_nf200s25b_logreg_deep_v1,nf200s25b,validation,233,buy,2025-02-28 17:05:00,2025-02-28 17:45:00,8.0,9.14,early,vol_high,downtrend,adx_20_25,spread_low
run50AH_nf200s25b_logreg_deep_v1,nf200s25b,validation,234,sell,2025-02-28 18:30:00,2025-02-28 19:05:00,7.0,-3.77,mid,vol_high,range_or_weak_trend,adx_lt20,spread_low
run50AH_nf200s25b_logreg_deep_v1,nf200s25b,validation,235,buy,2025-02-28 19:05:00,2025-02-28 19:10:00,1.0,0.06,mid,vol_high,range_or_weak_trend,adx_lt20,spread_low
run50AH_nf200s25b_logreg_deep_v1,nf200s25b,validation,236,sell,2025-02-28 19:10:00,2025-02-28 19:15:00,1.0,-3.73,mid,vol_high,range_or_weak_trend,adx_lt20,spread_low
run50AH_nf200s25b_logreg_deep_v1,nf200s25b,validation,237,buy,2025-02-28 19:15:00,2025-02-28 19:20:00,1.0,2.42,mid,vol_high,range_or_weak_trend,adx_lt20,spread_low
run50AH_nf200s25b_logreg_deep_v1,nf200s25b,validation,238,sell,2025-02-28 19:20:00,2025-02-28 20:00:00,8.0,19.67,mid,vol_high,range_or_weak_trend,adx_lt20,spread_low
run50AH_nf200s25b_logreg_deep_v1,nf200s25b,validation,239,buy,2025-02-28 20:50:00,2025-02-28 21:25:00,7.0,-4.02,late,vol_high,downtrend,adx_20_25,spread_low
run50AH_nf200s25b_logreg_deep_v1,nf200s25b,validation,240,sell,2025-02-28 21:25:00,2025-02-28 21:40:00,3.0,-8.13,late,vol_high,range_or_weak_trend,adx_lt20,spread_low
run50AH_nf200s25b_logreg_deep_v1,nf200s25b,validation,241,buy,2025-02-28 21:40:00,2025-03-03 16:50:00,806.0,27.06,late,vol_high,range_or_weak_trend,adx_lt20,spread_low
run50AH_nf200s25b_logreg_deep_v1,nf200s25b,validation,242,buy,2025-03-03 17:35:00,2025-03-03 18:15:00,8.0,-3.62,early,vol_high,downtrend,adx_gt25,spread_low
run50AH_nf200s25b_logreg_deep_v1,nf200s25b,validation,243,buy,2025-03-03 19:00:00,2025-03-03 19:40:00,8.0,1.38,mid,vol_high,range_or_weak_trend,adx_lt20,spread_low
run50AH_nf200s25b_logreg_deep_v1,nf200s25b,validation,244,sell,2025-03-03 20:35:00,2025-03-03 21:10:00,7.0,-10.38,late,vol_high,downtrend,adx_gt25,spread_low
run50AH_nf200s25b_logreg_deep_v1,nf200s25b,validation,245,buy,2025-03-03 21:10:00,2025-03-03 21:50:00,8.0,-5.36,late,vol_high,downtrend,adx_20_25,spread_low
run50AH_nf200s25b_logreg_deep_v1,nf200s25b,validation,246,buy,2025-03-04 17:05:00,2025-03-04 17:20:00,3.0,-11.98,early,vol_high,downtrend,adx_gt25,spread_low
run50AH_nf200s25b_logreg_deep_v1,nf200s25b,validation,247,sell,2025-03-04 17:20:00,2025-03-04 17:25:00,1.0,-1.87,early,vol_high,downtrend,adx_gt25,spread_low
run50AH_nf200s25b_logreg_deep_v1,nf200s25b,validation,248,buy,2025-03-04 17:25:00,2025-03-04 17:30:00,1.0,3.63,early,vol_high,downtrend,adx_gt25,spread_low
run50AH_nf200s25b_logreg_deep_v1,nf200s25b,validation,249,sell,2025-03-04 17:30:00,2025-03-04 17:35:00,1.0,-5.28,early,vol_high,downtrend,adx_gt25,spread_low
run50AH_nf200s25b_logreg_deep_v1,nf200s25b,validation,250,buy,2025-03-04 17:35:00,2025-03-04 17:40:00,1.0,-2.0,early,vol_high,downtrend,adx_gt25,spread_low
run50AH_nf200s25b_logreg_deep_v1,nf200s25b,validation,251,sell,2025-03-04 17:40:00,2025-03-04 17:45:00,1.0,-4.32,early,vol_high,downtrend,adx_gt25,spread_low
run50AH_nf200s25b_logreg_deep_v1,nf200s25b,validation,252,buy,2025-03-04 17:45:00,2025-03-04 17:50:00,1.0,-0.33,early,vol_high,downtrend,adx_gt25,spread_low
run50AH_nf200s25b_logreg_deep_v1,nf200s25b,validation,253,sell,2025-03-04 17:50:00,2025-03-04 17:55:00,1.0,5.56,early,vol_high,downtrend,adx_gt25,spread_low
run50AH_nf200s25b_logreg_deep_v1,nf200s25b,validation,254,buy,2025-03-04 17:55:00,2025-03-04 18:35:00,8.0,0.16,early,vol_high,downtrend,adx_gt25,spread_low
run50AH_nf200s25b_logreg_deep_v1,nf200s25b,validation,255,buy,2025-03-04 19:20:00,2025-03-04 20:00:00,8.0,1.14,mid,vol_high,downtrend,adx_20_25,spread_low
run50AH_nf200s25b_logreg_deep_v1,nf200s25b,validation,256,sell,2025-03-04 20:45:00,2025-03-04 21:25:00,8.0,-15.33,late,vol_high,downtrend,adx_gt25,spread_low
run50AH_nf200s25b_logreg_deep_v1,nf200s25b,validation,257,buy,2025-03-05 16:40:00,2025-03-05 17:20:00,8.0,-0.23,early,vol_high,downtrend,adx_gt25,spread_low
run50AH_nf200s25b_logreg_deep_v1,nf200s25b,validation,258,buy,2025-03-05 18:05:00,2025-03-05 18:45:00,8.0,-12.05,early,vol_high,downtrend,adx_gt25,spread_low
run50AH_nf200s25b_logreg_deep_v1,nf200s25b,validation,259,buy,2025-03-05 19:30:00,2025-03-05 20:10:00,8.0,-0.53,mid,vol_high,downtrend,adx_gt25,spread_low
run50AH_nf200s25b_logreg_deep_v1,nf200s25b,validation,260,sell,2025-03-05 20:55:00,2025-03-05 21:25:00,6.0,-12.8,late,vol_high,range_or_weak_trend,adx_lt20,spread_low
run50AH_nf200s25b_logreg_deep_v1,nf200s25b,validation,261,buy,2025-03-05 21:25:00,2025-03-05 21:50:00,5.0,-2.21,late,vol_high,downtrend,adx_20_25,spread_low
run50AH_nf200s25b_logreg_deep_v1,nf200s25b,validation,262,sell,2025-03-05 21:50:00,2025-03-06 16:45:00,227.0,41.85,late,vol_high,range_or_weak_trend,adx_lt20,spread_low
run50AH_nf200s25b_logreg_deep_v1,nf200s25b,validation,263,buy,2025-03-06 16:45:00,2025-03-06 16:55:00,2.0,5.23,early,vol_mid,downtrend,adx_gt25,spread_low
run50AH_nf200s25b_logreg_deep_v1,nf200s25b,validation,264,sell,2025-03-06 16:55:00,2025-03-06 17:00:00,1.0,1.77,early,vol_high,downtrend,adx_gt25,spread_low
run50AH_nf200s25b_logreg_deep_v1,nf200s25b,validation,265,buy,2025-03-06 17:00:00,2025-03-06 17:40:00,8.0,21.02,early,vol_high,downtrend,adx_gt25,spread_low
run50AH_nf200s25b_logreg_deep_v1,nf200s25b,validation,266,buy,2025-03-06 18:25:00,2025-03-06 18:55:00,6.0,-13.1,mid,vol_high,range_or_weak_trend,adx_lt20,spread_low
run50AH_nf200s25b_logreg_deep_v1,nf200s25b,validation,267,sell,2025-03-06 18:55:00,2025-03-06 19:35:00,8.0,10.59,mid,vol_high,range_or_weak_trend,adx_lt20,spread_low
run50AH_nf200s25b_logreg_deep_v1,nf200s25b,validation,268,sell,2025-03-06 20:20:00,2025-03-06 21:00:00,8.0,6.98,late,vol_high,downtrend,adx_gt25,spread_low
run50AH_nf200s25b_logreg_deep_v1,nf200s25b,validation,269,sell,2025-03-06 21:45:00,2025-03-07 16:35:00,226.0,-3.96,late,vol_high,downtrend,adx_gt25,spread_low
run50AH_nf200s25b_logreg_deep_v1,nf200s25b,validation,270,buy,2025-03-07 16:35:00,2025-03-07 17:15:00,8.0,1.22,early,vol_high,downtrend,adx_gt25,spread_low
run50AH_nf200s25b_logreg_deep_v1,nf200s25b,validation,271,buy,2025-03-07 18:00:00,2025-03-07 18:40:00,8.0,-18.8,early,vol_high,downtrend,adx_20_25,spread_low
run50AH_nf200s25b_logreg_deep_v1,nf200s25b,validation,272,buy,2025-03-07 19:25:00,2025-03-07 19:30:00,1.0,2.49,mid,vol_high,downtrend,adx_gt25,spread_low
run50AH_nf200s25b_logreg_deep_v1,nf200s25b,validation,273,sell,2025-03-07 19:30:00,2025-03-07 19:35:00,1.0,-6.15,mid,vol_high,downtrend,adx_gt25,spread_low
run50AH_nf200s25b_logreg_deep_v1,nf200s25b,validation,274,buy,2025-03-07 19:35:00,2025-03-07 20:15:00,8.0,14.94,mid,vol_high,downtrend,adx_gt25,spread_low
run50AH_nf200s25b_logreg_deep_v1,nf200s25b,validation,275,buy,2025-03-07 21:00:00,2025-03-07 21:40:00,8.0,8.24,late,vol_high,range_or_weak_trend,adx_lt20,spread_low
run50AH_nf200s25b_logreg_deep_v1,nf200s25b,validation,276,sell,2025-03-10 17:35:00,2025-03-10 17:40:00,1.0,-2.36,mid,vol_mid,downtrend,adx_gt25,spread_low
run50AH_nf200s25b_logreg_deep_v1,nf200s25b,validation,277,buy,2025-03-10 17:40:00,2025-03-10 18:15:00,7.0,-12.11,mid,vol_mid,downtrend,adx_gt25,spread_low
run50AH_nf200s25b_logreg_deep_v1,nf200s25b,validation,278,sell,2025-03-10 18:15:00,2025-03-10 18:55:00,8.0,16.03,mid,vol_high,downtrend,adx_gt25,spread_low
run50AH_nf200s25b_logreg_deep_v1,nf200s25b,validation,279,buy,2025-03-10 19:40:00,2025-03-10 20:20:00,8.0,-11.91,late,vol_high,downtrend,adx_gt25,spread_low
run50AH_nf200s25b_logreg_deep_v1,nf200s25b,validation,280,sell,2025-03-11 17:35:00,2025-03-11 17:40:00,1.0,-11.63,mid,vol_mid,downtrend,adx_gt25,spread_low
run50AH_nf200s25b_logreg_deep_v1,nf200s25b,validation,281,buy,2025-03-11 17:40:00,2025-03-11 18:20:00,8.0,-8.56,mid,vol_high,downtrend,adx_gt25,spread_low
run50AH_nf200s25b_logreg_deep_v1,nf200s25b,validation,282,buy,2025-03-11 19:05:00,2025-03-11 19:45:00,8.0,18.47,mid,vol_high,downtrend,adx_gt25,spread_low
run50AH_nf200s25b_logreg_deep_v1,nf200s25b,validation,283,buy,2025-03-11 20:30:00,2025-03-11 20:40:00,2.0,-1.23,late,vol_high,range_or_weak_trend,adx_lt20,spread_low
run50AH_nf200s25b_logreg_deep_v1,nf200s25b,validation,284,sell,2025-03-11 20:40:00,2025-03-11 20:45:00,1.0,1.19,late,vol_high,range_or_weak_trend,adx_lt20,spread_low
run50AH_nf200s25b_logreg_deep_v1,nf200s25b,validation,285,buy,2025-03-11 20:45:00,2025-03-11 20:50:00,1.0,1.69,late,vol_high,range_or_weak_trend,adx_lt20,spread_low
run50AH_nf200s25b_logreg_deep_v1,nf200s25b,validation,286,sell,2025-03-11 20:50:00,2025-03-11 20:55:00,1.0,4.64,late,vol_high,range_or_weak_trend,adx_lt20,spread_low
run50AH_nf200s25b_logreg_deep_v1,nf200s25b,validation,287,buy,2025-03-11 20:55:00,2025-03-12 16:05:00,230.0,23.4,late,vol_high,range_or_weak_trend,adx_lt20,spread_low
run50AH_nf200s25b_logreg_deep_v1,nf200s25b,validation,288,buy,2025-03-12 16:50:00,2025-03-12 17:30:00,8.0,0.4,early,feature_missing,feature_missing,feature_missing,spread_low
run50AH_nf200s25b_logreg_deep_v1,nf200s25b,validation,289,buy,2025-03-12 18:15:00,2025-03-12 18:55:00,8.0,-8.15,mid,vol_high,downtrend,adx_gt25,spread_low
run50AH_nf200s25b_logreg_deep_v1,nf200s25b,validation,290,buy,2025-03-12 19:40:00,2025-03-12 20:20:00,8.0,10.82,late,vol_high,downtrend,adx_20_25,spread_low
run50AH_nf200s25b_logreg_deep_v1,nf200s25b,validation,291,sell,2025-03-13 15:40:00,2025-03-13 16:20:00,8.0,2.19,early,feature_missing,feature_missing,feature_missing,spread_low
run50AH_nf200s25b_logreg_deep_v1,nf200s25b,validation,292,buy,2025-03-13 17:35:00,2025-03-13 18:15:00,8.0,-8.65,mid,vol_mid,downtrend,adx_20_25,spread_low
run50AH_nf200s25b_logreg_deep_v1,nf200s25b,validation,293,buy,2025-03-13 19:00:00,2025-03-13 19:40:00,8.0,-12.92,mid,vol_high,downtrend,adx_20_25,spread_low
run50AH_nf200s25b_logreg_deep_v1,nf200s25b,validation,294,buy,2025-03-13 20:25:00,2025-03-14 15:35:00,230.0,15.26,late,vol_high,downtrend,adx_gt25,spread_low
run50AH_nf200s25b_logreg_deep_v1,nf200s25b,validation,295,buy,2025-03-14 17:35:00,2025-03-14 18:15:00,8.0,-6.0,mid,vol_mid,downtrend,adx_gt25,spread_low
run50AH_nf200s25b_logreg_deep_v1,nf200s25b,validation,296,buy,2025-03-14 19:00:00,2025-03-14 19:40:00,8.0,7.04,mid,vol_high,range_or_weak_trend,adx_lt20,spread_low
run50AH_nf200s25b_logreg_deep_v1,nf200s25b,validation,297,buy,2025-03-14 20:25:00,2025-03-17 15:35:00,806.0,9.08,late,vol_mid,range_or_weak_trend,adx_lt20,spread_low
run50AH_nf200s25b_logreg_deep_v1,nf200s25b,validation,298,buy,2025-03-17 16:35:00,2025-03-17 17:15:00,8.0,5.07,early,vol_high,downtrend,adx_gt25,spread_low
run50AH_nf200s25b_logreg_deep_v1,nf200s25b,validation,299,buy,2025-03-17 18:00:00,2025-03-17 18:40:00,8.0,-3.68,mid,vol_high,downtrend,adx_20_25,spread_low
run50AH_nf200s25b_logreg_deep_v1,nf200s25b,validation,300,buy,2025-03-17 19:25:00,2025-03-17 20:05:00,8.0,-0.6,late,vol_high,downtrend,adx_20_25,spread_low
run50AH_nf200s25b_logreg_deep_v1,nf200s25b,validation,301,buy,2025-03-17 20:50:00,2025-03-18 16:00:00,230.0,-12.55,late,vol_mid,range_or_weak_trend,adx_lt20,spread_low
run50AH_nf200s25b_logreg_deep_v1,nf200s25b,validation,302,sell,2025-03-18 16:45:00,2025-03-18 16:50:00,1.0,-1.91,early,vol_high,downtrend,adx_gt25,spread_low
run50AH_nf200s25b_logreg_deep_v1,nf200s25b,validation,303,buy,2025-03-18 16:50:00,2025-03-18 16:55:00,1.0,-2.77,early,vol_high,downtrend,adx_gt25,spread_low
run50AH_nf200s25b_logreg_deep_v1,nf200s25b,validation,304,sell,2025-03-18 16:55:00,2025-03-18 17:30:00,7.0,0.18,early,vol_high,downtrend,adx_gt25,spread_low
run50AH_nf200s25b_logreg_deep_v1,nf200s25b,validation,305,buy,2025-03-18 17:30:00,2025-03-18 18:10:00,8.0,-7.26,mid,vol_high,downtrend,adx_gt25,spread_low
run50AH_nf200s25b_logreg_deep_v1,nf200s25b,validation,306,buy,2025-03-18 18:55:00,2025-03-18 19:35:00,8.0,7.97,mid,vol_mid,downtrend,adx_gt25,spread_low
run50AH_nf200s25b_logreg_deep_v1,nf200s25b,validation,307,buy,2025-03-18 20:20:00,2025-03-18 20:55:00,7.0,3.36,late,vol_high,range_or_weak_trend,adx_lt20,spread_low
run50AH_nf200s25b_logreg_deep_v1,nf200s25b,validation,308,sell,2025-03-18 20:55:00,2025-03-18 21:00:00,1.0,1.53,late,vol_high,range_or_weak_trend,adx_lt20,spread_low
run50AH_nf200s25b_logreg_deep_v1,nf200s25b,validation,309,buy,2025-03-18 21:00:00,2025-03-19 16:10:00,230.0,5.13,late,vol_high,range_or_weak_trend,adx_lt20,spread_low
run50AH_nf200s25b_logreg_deep_v1,nf200s25b,validation,310,sell,2025-03-19 16:55:00,2025-03-19 17:00:00,1.0,0.72,early,vol_mid,range_or_weak_trend,adx_lt20,spread_low
run50AH_nf200s25b_logreg_deep_v1,nf200s25b,validation,311,buy,2025-03-19 17:00:00,2025-03-19 17:40:00,8.0,2.63,early,vol_mid,range_or_weak_trend,adx_lt20,spread_low
run50AH_nf200s25b_logreg_deep_v1,nf200s25b,validation,312,buy,2025-03-19 18:25:00,2025-03-19 19:15:00,10.0,3.24,mid,vol_high,range_or_weak_trend,adx_lt20,spread_low
run50AH_nf200s25b_logreg_deep_v1,nf200s25b,validation,313,buy,2025-03-19 20:10:00,2025-03-19 20:20:00,2.0,-1.87,late,vol_low,range_or_weak_trend,adx_lt20,spread_low
run50AH_nf200s25b_logreg_deep_v1,nf200s25b,validation,314,sell,2025-03-19 20:20:00,2025-03-19 20:40:00,4.0,-1.8,late,vol_low,range_or_weak_trend,adx_lt20,spread_low
run50AH_nf200s25b_logreg_deep_v1,nf200s25b,validation,315,buy,2025-03-19 20:40:00,2025-03-20 15:50:00,230.0,-1.38,late,vol_low,downtrend,adx_20_25,spread_low
run50AH_nf200s25b_logreg_deep_v1,nf200s25b,validation,316,buy,2025-03-20 16:35:00,2025-03-20 17:15:00,8.0,13.52,early,vol_mid,downtrend,adx_gt25,spread_low
run50AH_nf200s25b_logreg_deep_v1,nf200s25b,validation,317,buy,2025-03-20 18:00:00,2025-03-20 18:35:00,7.0,-4.87,mid,vol_high,downtrend,adx_gt25,spread_low
run50AH_nf200s25b_logreg_deep_v1,nf200s25b,validation,318,sell,2025-03-20 18:35:00,2025-03-20 18:55:00,4.0,-4.92,mid,vol_high,downtrend,adx_gt25,spread_low
run50AH_nf200s25b_logreg_deep_v1,nf200s25b,validation,319,buy,2025-03-20 18:55:00,2025-03-20 19:30:00,7.0,-16.37,mid,vol_mid,downtrend,adx_gt25,spread_low
run50AH_nf200s25b_logreg_deep_v1,nf200s25b,validation,320,sell,2025-03-20 19:30:00,2025-03-20 20:10:00,8.0,-5.27,late,vol_high,downtrend,adx_gt25,spread_low
run50AH_nf200s25b_logreg_deep_v1,nf200s25b,validation,321,buy,2025-03-20 20:55:00,2025-03-21 15:45:00,226.0,-15.63,late,vol_high,downtrend,adx_gt25,spread_low
run50AH_nf200s25b_logreg_deep_v1,nf200s25b,validation,322,sell,2025-03-21 15:45:00,2025-03-21 16:25:00,8.0,7.07,early,feature_missing,feature_missing,feature_missing,spread_low
run50AH_nf200s25b_logreg_deep_v1,nf200s25b,validation,323,buy,2025-03-21 17:10:00,2025-03-21 17:50:00,8.0,5.87,early,vol_high,downtrend,adx_gt25,spread_low
run50AH_nf200s25b_logreg_deep_v1,nf200s25b,validation,324,buy,2025-03-21 18:35:00,2025-03-21 18:45:00,2.0,-4.66,mid,vol_high,range_or_weak_trend,adx_lt20,spread_low
run50AH_nf200s25b_logreg_deep_v1,nf200s25b,validation,325,sell,2025-03-21 18:45:00,2025-03-21 19:25:00,8.0,-18.01,mid,vol_high,range_or_weak_trend,adx_lt20,spread_low
run50AH_nf200s25b_logreg_deep_v1,nf200s25b,validation,326,buy,2025-03-21 20:10:00,2025-03-21 20:30:00,4.0,-5.27,late,vol_high,downtrend,adx_20_25,spread_low
run50AH_nf200s25b_logreg_deep_v1,nf200s25b,validation,327,sell,2025-03-21 20:30:00,2025-03-24 15:35:00,805.0,-45.12,late,vol_high,range_or_weak_trend,adx_lt20,spread_low
run50AH_nf200s25b_logreg_deep_v1,nf200s25b,validation,328,buy,2025-03-24 15:35:00,2025-03-24 16:15:00,8.0,0.74,early,feature_missing,feature_missing,feature_missing,spread_low
run50AH_nf200s25b_logreg_deep_v1,nf200s25b,validation,329,buy,2025-03-24 17:05:00,2025-03-24 17:45:00,8.0,1.49,early,vol_mid,downtrend,adx_gt25,spread_low
run50AH_nf200s25b_logreg_deep_v1,nf200s25b,validation,330,buy,2025-03-24 19:00:00,2025-03-24 19:55:00,11.0,-0.72,mid,vol_low,range_or_weak_trend,adx_lt20,spread_low
run50AH_nf200s25b_logreg_deep_v1,nf200s25b,validation,331,buy,2025-03-24 20:45:00,2025-03-25 16:00:00,231.0,6.89,late,vol_low,range_or_weak_trend,adx_lt20,spread_low
run50AH_nf200s25b_logreg_deep_v1,nf200s25b,validation,332,buy,2025-03-25 16:45:00,2025-03-25 16:55:00,2.0,0.61,early,vol_low,downtrend,adx_gt25,spread_low
run50AH_nf200s25b_logreg_deep_v1,nf200s25b,validation,333,sell,2025-03-25 16:55:00,2025-03-25 17:00:00,1.0,-1.18,early,vol_low,downtrend,adx_gt25,spread_low
run50AH_nf200s25b_logreg_deep_v1,nf200s25b,validation,334,buy,2025-03-25 17:00:00,2025-03-25 17:05:00,1.0,-2.63,early,vol_low,downtrend,adx_gt25,spread_low
run50AH_nf200s25b_logreg_deep_v1,nf200s25b,validation,335,sell,2025-03-25 17:05:00,2025-03-25 17:20:00,3.0,-3.98,early,vol_low,downtrend,adx_gt25,spread_low
run50AH_nf200s25b_logreg_deep_v1,nf200s25b,validation,336,buy,2025-03-25 17:20:00,2025-03-25 18:15:00,11.0,5.37,early,vol_low,downtrend,adx_20_25,spread_low
run50AH_nf200s25b_logreg_deep_v1,nf200s25b,validation,337,buy,2025-03-25 20:20:00,2025-03-25 21:00:00,8.0,-2.83,late,vol_low,range_or_weak_trend,adx_lt20,spread_low
run50AH_nf200s25b_logreg_deep_v1,nf200s25b,validation,338,sell,2025-03-26 16:55:00,2025-03-26 17:35:00,8.0,8.76,early,vol_low,downtrend,adx_gt25,spread_low
run50AH_nf200s25b_logreg_deep_v1,nf200s25b,validation,339,buy,2025-03-26 18:20:00,2025-03-26 18:55:00,7.0,-10.96,mid,vol_high,downtrend,adx_gt25,spread_low
run50AH_nf200s25b_logreg_deep_v1,nf200s25b,validation,340,sell,2025-03-26 18:55:00,2025-03-26 19:00:00,1.0,1.34,mid,vol_mid,downtrend,adx_gt25,spread_low
run50AH_nf200s25b_logreg_deep_v1,nf200s25b,validation,341,buy,2025-03-26 19:00:00,2025-03-26 19:05:00,1.0,-1.75,mid,vol_mid,downtrend,adx_gt25,spread_low
run50AH_nf200s25b_logreg_deep_v1,nf200s25b,validation,342,sell,2025-03-26 19:05:00,2025-03-26 19:30:00,5.0,-2.97,mid,vol_mid,downtrend,adx_gt25,spread_low
run50AH_nf200s25b_logreg_deep_v1,nf200s25b,validation,343,buy,2025-03-26 19:30:00,2025-03-26 19:45:00,3.0,-3.02,late,vol_mid,downtrend,adx_gt25,spread_low
run50AH_nf200s25b_logreg_deep_v1,nf200s25b,validation,344,sell,2025-03-26 19:45:00,2025-03-26 19:50:00,1.0,-1.82,late,vol_mid,downtrend,adx_gt25,spread_low
run50AH_nf200s25b_logreg_deep_v1,nf200s25b,validation,345,buy,2025-03-26 19:50:00,2025-03-26 20:05:00,3.0,-5.77,late,vol_mid,downtrend,adx_gt25,spread_low
run50AH_nf200s25b_logreg_deep_v1,nf200s25b,validation,346,sell,2025-03-26 20:05:00,2025-03-26 20:45:00,8.0,3.34,late,vol_mid,downtrend,adx_gt25,spread_low
run50AH_nf200s25b_logreg_deep_v1,nf200s25b,validation,347,buy,2025-03-27 16:45:00,2025-03-27 17:25:00,8.0,8.51,early,vol_mid,downtrend,adx_gt25,spread_low
run50AH_nf200s25b_logreg_deep_v1,nf200s25b,validation,348,buy,2025-03-27 18:10:00,2025-03-27 18:50:00,8.0,-9.57,mid,vol_high,range_or_weak_trend,adx_lt20,spread_low
run50AH_nf200s25b_logreg_deep_v1,nf200s25b,validation,349,sell,2025-03-27 19:35:00,2025-03-27 20:15:00,8.0,2.43,late,vol_mid,range_or_weak_trend,adx_lt20,spread_low
run50AH_nf200s25b_logreg_deep_v1,nf200s25b,validation,350,buy,2025-03-27 21:00:00,2025-03-28 16:10:00,230.0,-12.0,late,vol_mid,range_or_weak_trend,adx_lt20,spread_low
run50AH_nf200s25b_logreg_deep_v1,nf200s25b,validation,351,buy,2025-03-28 16:55:00,2025-03-28 17:25:00,6.0,-18.06,early,vol_high,downtrend,adx_20_25,spread_low
run50AH_nf200s25b_logreg_deep_v1,nf200s25b,validation,352,sell,2025-03-28 17:25:00,2025-03-28 18:05:00,8.0,12.41,mid,vol_high,downtrend,adx_gt25,spread_low
run50AH_nf200s25b_logreg_deep_v1,nf200s25b,validation,353,buy,2025-03-28 18:50:00,2025-03-28 19:30:00,8.0,-10.73,mid,vol_high,downtrend,adx_gt25,spread_low
run50AH_nf200s25b_logreg_deep_v1,nf200s25b,validation,354,sell,2025-03-28 20:15:00,2025-03-28 20:55:00,8.0,0.81,late,vol_mid,downtrend,adx_gt25,spread_low
run50AH_nf200s25b_logreg_deep_v1,nf200s25b,validation,355,sell,2025-03-31 17:10:00,2025-03-31 17:35:00,5.0,-0.11,early,vol_high,downtrend,adx_gt25,spread_low
run50AH_nf200s25b_logreg_deep_v1,nf200s25b,validation,356,buy,2025-03-31 17:35:00,2025-03-31 18:15:00,8.0,-3.73,early,vol_high,downtrend,adx_gt25,spread_low
run50AH_nf200s25b_logreg_deep_v1,nf200s25b,validation,357,buy,2025-03-31 19:00:00,2025-03-31 19:20:00,4.0,1.04,mid,vol_high,downtrend,adx_20_25,spread_low
run50AH_nf200s25b_logreg_deep_v1,nf200s25b,validation,358,sell,2025-03-31 19:20:00,2025-03-31 19:40:00,4.0,-4.31,mid,vol_high,range_or_weak_trend,adx_lt20,spread_low
run50AH_nf200s25b_logreg_deep_v1,nf200s25b,validation,359,buy,2025-03-31 19:40:00,2025-03-31 20:05:00,5.0,-2.76,mid,vol_high,downtrend,adx_20_25,spread_low
run50AH_nf200s25b_logreg_deep_v1,nf200s25b,validation,360,sell,2025-03-31 20:05:00,2025-03-31 20:45:00,8.0,2.38,mid,vol_high,range_or_weak_trend,adx_lt20,spread_low
run50AH_nf200s25b_logreg_deep_v1,nf200s25b,validation,361,buy,2025-03-31 21:30:00,2025-03-31 22:00:00,6.0,-2.37,late,vol_high,downtrend,adx_20_25,spread_low
run50AH_nf200s25b_logreg_deep_v1,nf200s25b,validation,362,sell,2025-03-31 22:00:00,2025-04-01 16:35:00,223.0,-2.29,late,vol_high,downtrend,adx_gt25,spread_low
run50AH_nf200s25b_logreg_deep_v1,nf200s25b,validation,363,buy,2025-04-01 16:35:00,2025-04-01 17:15:00,8.0,-7.02,early,vol_low,downtrend,adx_20_25,spread_low
run50AH_nf200s25b_logreg_deep_v1,nf200s25b,validation,364,buy,2025-04-01 18:00:00,2025-04-01 18:40:00,8.0,4.42,early,vol_high,downtrend,adx_20_25,spread_low
run50AH_nf200s25b_logreg_deep_v1,nf200s25b,validation,365,buy,2025-04-01 19:25:00,2025-04-01 20:05:00,8.0,-3.83,mid,vol_mid,downtrend,adx_gt25,spread_low
run50AH_nf200s25b_logreg_deep_v1,nf200s25b,validation,366,buy,2025-04-01 20:50:00,2025-04-01 21:15:00,5.0,-11.01,late,vol_high,range_or_weak_trend,adx_lt20,spread_low
run50AH_nf200s25b_logreg_deep_v1,nf200s25b,validation,367,sell,2025-04-01 21:15:00,2025-04-01 22:00:00,9.0,-0.68,late,vol_high,range_or_weak_trend,adx_lt20,spread_low
run50AH_nf200s25b_logreg_deep_v1,nf200s25b,validation,368,buy,2025-04-02 17:15:00,2025-04-02 17:55:00,8.0,6.62,early,vol_high,downtrend,adx_gt25,spread_low
run50AH_nf200s25b_logreg_deep_v1,nf200s25b,validation,369,buy,2025-04-02 18:40:00,2025-04-02 19:20:00,8.0,3.21,mid,vol_high,downtrend,adx_gt25,spread_low
run50AH_nf200s25b_logreg_deep_v1,nf200s25b,validation,370,buy,2025-04-02 20:05:00,2025-04-02 20:45:00,8.0,-6.17,mid,vol_mid,downtrend,adx_gt25,spread_low
run50AH_nf200s25b_logreg_deep_v1,nf200s25b,validation,371,sell,2025-04-02 21:30:00,2025-04-02 21:45:00,3.0,-8.37,late,vol_mid,downtrend,adx_gt25,spread_low
run50AH_nf200s25b_logreg_deep_v1,nf200s25b,validation,372,buy,2025-04-02 21:45:00,2025-04-02 21:55:00,2.0,-2.11,late,vol_high,downtrend,adx_gt25,spread_low
run50AH_nf200s25b_logreg_deep_v1,nf200s25b,validation,373,sell,2025-04-02 21:55:00,2025-04-03 16:35:00,224.0,62.34,late,vol_mid,downtrend,adx_gt25,spread_low
run50AH_nf200s25b_logreg_deep_v1,nf200s25b,validation,374,buy,2025-04-03 16:35:00,2025-04-03 17:15:00,8.0,-14.82,early,vol_high,downtrend,adx_gt25,spread_low
run50AH_nf200s25b_logreg_deep_v1,nf200s25b,validation,375,sell,2025-04-03 18:00:00,2025-04-03 18:40:00,8.0,-13.28,early,vol_high,range_or_weak_trend,adx_lt20,spread_low
run50AH_nf200s25b_logreg_deep_v1,nf200s25b,validation,376,buy,2025-04-03 19:25:00,2025-04-03 19:35:00,2.0,-6.73,mid,vol_high,range_or_weak_trend,adx_lt20,spread_low
run50AH_nf200s25b_logreg_deep_v1,nf200s25b,validation,377,sell,2025-04-03 19:35:00,2025-04-03 19:40:00,1.0,-0.51,mid,vol_high,range_or_weak_trend,adx_lt20,spread_low
run50AH_nf200s25b_logreg_deep_v1,nf200s25b,validation,378,buy,2025-04-03 19:40:00,2025-04-03 19:45:00,1.0,0.94,mid,vol_high,range_or_weak_trend,adx_lt20,spread_low
run50AH_nf200s25b_logreg_deep_v1,nf200s25b,validation,379,sell,2025-04-03 19:45:00,2025-04-03 20:25:00,8.0,6.87,mid,vol_high,range_or_weak_trend,adx_lt20,spread_low
run50AH_nf200s25b_logreg_deep_v1,nf200s25b,validation,380,sell,2025-04-03 21:10:00,2025-04-03 21:50:00,8.0,-3.67,late,vol_high,range_or_weak_trend,adx_lt20,spread_low
run50AH_nf200s25b_logreg_deep_v1,nf200s25b,validation,381,sell,2025-04-04 17:05:00,2025-04-04 17:10:00,1.0,10.16,early,vol_high,range_or_weak_trend,adx_lt20,spread_low
run50AH_nf200s25b_logreg_deep_v1,nf200s25b,validation,382,buy,2025-04-04 17:10:00,2025-04-04 17:20:00,2.0,-2.81,early,vol_high,range_or_weak_trend,adx_lt20,spread_low
run50AH_nf200s25b_logreg_deep_v1,nf200s25b,validation,383,sell,2025-04-04 17:20:00,2025-04-04 18:00:00,8.0,16.31,early,vol_high,range_or_weak_trend,adx_lt20,spread_low
run50AH_nf200s25b_logreg_deep_v1,nf200s25b,validation,384,buy,2025-04-04 18:45:00,2025-04-04 18:50:00,1.0,7.62,mid,vol_high,range_or_weak_trend,adx_lt20,spread_low
run50AH_nf200s25b_logreg_deep_v1,nf200s25b,validation,385,sell,2025-04-04 18:50:00,2025-04-04 19:30:00,8.0,23.76,mid,vol_high,range_or_weak_trend,adx_lt20,spread_low
run50AH_nf200s25b_logreg_deep_v1,nf200s25b,validation,386,sell,2025-04-04 20:45:00,2025-04-04 21:25:00,8.0,10.17,late,vol_high,range_or_weak_trend,adx_lt20,spread_low
run50AH_nf200s25b_logreg_deep_v1,nf200s25b,validation,387,buy,2025-04-07 17:05:00,2025-04-07 17:45:00,8.0,21.41,early,vol_high,downtrend,adx_20_25,spread_low
run50AH_nf200s25b_logreg_deep_v1,nf200s25b,validation,388,buy,2025-04-07 18:30:00,2025-04-07 19:10:00,8.0,6.09,mid,vol_high,range_or_weak_trend,adx_lt20,spread_low
run50AH_nf200s25b_logreg_deep_v1,nf200s25b,validation,389,sell,2025-04-07 19:55:00,2025-04-07 20:05:00,2.0,2.54,mid,vol_high,range_or_weak_trend,adx_lt20,spread_low
run50AH_nf200s25b_logreg_deep_v1,nf200s25b,validation,390,buy,2025-04-07 20:05:00,2025-04-07 20:10:00,1.0,2.66,mid,vol_high,range_or_weak_trend,adx_lt20,spread_low
run50AH_nf200s25b_logreg_deep_v1,nf200s25b,validation,391,sell,2025-04-07 20:10:00,2025-04-07 20:35:00,5.0,-25.91,mid,vol_high,range_or_weak_trend,adx_lt20,spread_low
run50AH_nf200s25b_logreg_deep_v1,nf200s25b,validation,392,buy,2025-04-07 20:35:00,2025-04-07 21:15:00,8.0,6.98,late,vol_high,range_or_weak_trend,adx_lt20,spread_low
run50AH_nf200s25b_logreg_deep_v1,nf200s25b,validation,393,buy,2025-04-08 16:35:00,2025-04-08 17:15:00,8.0,12.22,early,vol_high,downtrend,adx_gt25,spread_low
run50AH_nf200s25b_logreg_deep_v1,nf200s25b,validation,394,buy,2025-04-08 18:00:00,2025-04-08 18:40:00,8.0,-2.65,early,vol_high,downtrend,adx_gt25,spread_low
run50AH_nf200s25b_logreg_deep_v1,nf200s25b,validation,395,buy,2025-04-08 19:25:00,2025-04-08 20:05:00,8.0,-17.06,mid,vol_high,downtrend,adx_gt25,spread_low
run50AH_nf200s25b_logreg_deep_v1,nf200s25b,validation,396,buy,2025-04-08 20:50:00,2025-04-08 21:30:00,8.0,-10.92,late,vol_high,downtrend,adx_gt25,spread_low
run50AH_nf200s25b_logreg_deep_v1,nf200s25b,validation,397,buy,2025-04-09 16:45:00,2025-04-09 17:25:00,8.0,7.89,early,vol_high,downtrend,adx_gt25,spread_low
run50AH_nf200s25b_logreg_deep_v1,nf200s25b,validation,398,sell,2025-04-09 18:10:00,2025-04-09 18:50:00,8.0,-0.96,early,vol_high,downtrend,adx_gt25,spread_low
run50AH_nf200s25b_logreg_deep_v1,nf200s25b,validation,399,sell,2025-04-09 20:00:00,2025-04-09 20:10:00,2.0,-3.87,mid,vol_high,downtrend,adx_gt25,spread_low
run50AH_nf200s25b_logreg_deep_v1,nf200s25b,validation,400,buy,2025-04-09 20:10:00,2025-04-09 20:50:00,8.0,113.74,mid,vol_high,downtrend,adx_gt25,spread_low
run50AH_nf200s25b_logreg_deep_v1,nf200s25b,validation,401,buy,2025-04-09 21:35:00,2025-04-10 16:45:00,230.0,-24.72,late,vol_high,downtrend,adx_gt25,spread_low
run50AH_nf200s25b_logreg_deep_v1,nf200s25b,validation,402,buy,2025-04-10 17:30:00,2025-04-10 18:10:00,8.0,2.47,early,vol_high,downtrend,adx_20_25,spread_low
run50AH_nf200s25b_logreg_deep_v1,nf200s25b,validation,403,sell,2025-04-10 18:55:00,2025-04-10 19:00:00,1.0,11.06,mid,vol_high,downtrend,adx_gt25,spread_low
run50AH_nf200s25b_logreg_deep_v1,nf200s25b,validation,404,buy,2025-04-10 19:00:00,2025-04-10 19:10:00,2.0,-3.85,mid,vol_high,downtrend,adx_gt25,spread_low
run50AH_nf200s25b_logreg_deep_v1,nf200s25b,validation,405,sell,2025-04-10 19:10:00,2025-04-10 19:15:00,1.0,5.84,mid,vol_high,downtrend,adx_gt25,spread_low
run50AH_nf200s25b_logreg_deep_v1,nf200s25b,validation,406,buy,2025-04-10 19:15:00,2025-04-10 19:35:00,4.0,-0.26,mid,vol_high,downtrend,adx_gt25,spread_low
run50AH_nf200s25b_logreg_deep_v1,nf200s25b,validation,407,sell,2025-04-10 19:35:00,2025-04-10 19:45:00,2.0,-4.57,mid,vol_high,downtrend,adx_gt25,spread_low
run50AH_nf200s25b_logreg_deep_v1,nf200s25b,validation,408,buy,2025-04-10 19:45:00,2025-04-10 20:25:00,8.0,-7.11,mid,vol_high,downtrend,adx_gt25,spread_low
run50AH_nf200s25b_logreg_deep_v1,nf200s25b,validation,409,buy,2025-04-10 21:10:00,2025-04-10 21:50:00,8.0,15.82,late,vol_high,downtrend,adx_20_25,spread_low
run50AH_nf200s25b_logreg_deep_v1,nf200s25b,validation,410,buy,2025-04-11 17:05:00,2025-04-11 17:45:00,8.0,-0.42,early,vol_high,range_or_weak_trend,adx_lt20,spread_low
run50AH_nf200s25b_logreg_deep_v1,nf200s25b,validation,411,buy,2025-04-11 18:30:00,2025-04-11 19:10:00,8.0,15.54,mid,vol_high,range_or_weak_trend,adx_lt20,spread_low
run50AH_nf200s25b_logreg_deep_v1,nf200s25b,validation,412,buy,2025-04-11 19:55:00,2025-04-11 20:35:00,8.0,-12.32,mid,vol_high,downtrend,adx_gt25,spread_low
run50AH_nf200s25b_logreg_deep_v1,nf200s25b,validation,413,sell,2025-04-11 21:20:00,2025-04-11 22:00:00,8.0,0.63,late,vol_high,downtrend,adx_gt25,spread_low
run50AH_nf200s25b_logreg_deep_v1,nf200s25b,validation,414,buy,2025-04-14 17:15:00,2025-04-14 17:55:00,8.0,8.97,early,vol_high,downtrend,adx_gt25,spread_low
run50AH_nf200s25b_logreg_deep_v1,nf200s25b,validation,415,buy,2025-04-14 18:40:00,2025-04-14 19:20:00,8.0,-3.32,mid,vol_high,downtrend,adx_gt25,spread_low
run50AH_nf200s25b_logreg_deep_v1,nf200s25b,validation,416,buy,2025-04-14 20:05:00,2025-04-14 20:45:00,8.0,2.24,mid,vol_high,downtrend,adx_gt25,spread_low
run50AH_nf200s25b_logreg_deep_v1,nf200s25b,validation,417,buy,2025-04-14 21:30:00,2025-04-15 16:40:00,230.0,5.94,late,vol_high,downtrend,adx_20_25,spread_low
run50AH_nf200s25b_logreg_deep_v1,nf200s25b,validation,418,buy,2025-04-15 17:25:00,2025-04-15 18:05:00,8.0,7.54,early,vol_high,downtrend,adx_gt25,spread_low
run50AH_nf200s25b_logreg_deep_v1,nf200s25b,validation,419,buy,2025-04-15 18:50:00,2025-04-15 19:30:00,8.0,6.22,mid,vol_high,range_or_weak_trend,adx_lt20,spread_low
run50AH_nf200s25b_logreg_deep_v1,nf200s25b,validation,420,buy,2025-04-15 20:15:00,2025-04-15 20:55:00,8.0,-7.37,late,vol_high,range_or_weak_trend,adx_lt20,spread_low
run50AH_nf200s25b_logreg_deep_v1,nf200s25b,validation,421,buy,2025-04-15 21:40:00,2025-04-16 16:35:00,227.0,-31.45,late,vol_high,downtrend,adx_gt25,spread_low
run50AH_nf200s25b_logreg_deep_v1,nf200s25b,validation,422,sell,2025-04-16 16:35:00,2025-04-16 16:40:00,1.0,-3.06,early,vol_mid,downtrend,adx_gt25,spread_low
run50AH_nf200s25b_logreg_deep_v1,nf200s25b,validation,423,buy,2025-04-16 16:40:00,2025-04-16 16:50:00,2.0,-6.05,early,vol_mid,downtrend,adx_gt25,spread_low
run50AH_nf200s25b_logreg_deep_v1,nf200s25b,validation,424,sell,2025-04-16 16:50:00,2025-04-16 17:05:00,3.0,4.79,early,vol_mid,downtrend,adx_gt25,spread_low
run50AH_nf200s25b_logreg_deep_v1,nf200s25b,validation,425,buy,2025-04-16 17:05:00,2025-04-16 17:45:00,8.0,10.71,early,vol_high,downtrend,adx_gt25,spread_low
run50AH_nf200s25b_logreg_deep_v1,nf200s25b,validation,426,buy,2025-04-16 18:30:00,2025-04-16 19:10:00,8.0,-12.86,mid,vol_high,downtrend,adx_20_25,spread_low
run50AH_nf200s25b_logreg_deep_v1,nf200s25b,validation,427,sell,2025-04-16 20:30:00,2025-04-16 20:35:00,1.0,12.13,late,vol_mid,range_or_weak_trend,adx_lt20,spread_low
run50AH_nf200s25b_logreg_deep_v1,nf200s25b,validation,428,buy,2025-04-16 20:35:00,2025-04-16 20:45:00,2.0,-5.7,late,vol_high,downtrend,adx_20_25,spread_low
run50AH_nf200s25b_logreg_deep_v1,nf200s25b,validation,429,sell,2025-04-16 20:45:00,2025-04-16 21:25:00,8.0,4.91,late,vol_high,downtrend,adx_gt25,spread_low
run50AH_nf200s25b_logreg_deep_v1,nf200s25b,validation,430,buy,2025-04-17 16:40:00,2025-04-17 17:20:00,8.0,-2.0,early,vol_high,downtrend,adx_20_25,spread_low
run50AH_nf200s25b_logreg_deep_v1,nf200s25b,validation,431,buy,2025-04-17 18:05:00,2025-04-17 18:45:00,8.0,4.56,early,vol_high,downtrend,adx_20_25,spread_low
run50AH_nf200s25b_logreg_deep_v1,nf200s25b,validation,432,buy,2025-04-17 19:30:00,2025-04-17 20:10:00,8.0,0.31,mid,vol_high,range_or_weak_trend,adx_lt20,spread_low
run50AH_nf200s25b_logreg_deep_v1,nf200s25b,validation,433,sell,2025-04-17 20:55:00,2025-04-17 21:35:00,8.0,-2.8,late,vol_high,range_or_weak_trend,adx_lt20,spread_low
run50AH_nf200s25b_logreg_deep_v1,nf200s25b,validation,434,sell,2025-04-21 16:50:00,2025-04-21 16:55:00,1.0,4.74,early,vol_mid,range_or_weak_trend,adx_lt20,spread_low
run50AH_nf200s25b_logreg_deep_v1,nf200s25b,validation,435,buy,2025-04-21 16:55:00,2025-04-21 17:10:00,3.0,-11.05,early,vol_mid,range_or_weak_trend,adx_lt20,spread_low
run50AH_nf200s25b_logreg_deep_v1,nf200s25b,validation,436,sell,2025-04-21 17:10:00,2025-04-21 17:50:00,8.0,2.96,early,vol_high,downtrend,adx_gt25,spread_low
run50AH_nf200s25b_logreg_deep_v1,nf200s25b,validation,437,sell,2025-04-21 18:35:00,2025-04-21 19:15:00,8.0,-0.25,mid,vol_high,downtrend,adx_gt25,spread_low
run50AH_nf200s25b_logreg_deep_v1,nf200s25b,validation,438,sell,2025-04-21 20:00:00,2025-04-21 20:40:00,8.0,4.38,mid,vol_mid,downtrend,adx_gt25,spread_low
run50AH_nf200s25b_logreg_deep_v1,nf200s25b,validation,439,sell,2025-04-21 21:25:00,2025-04-22 16:35:00,230.0,-37.75,late,vol_mid,downtrend,adx_gt25,spread_low
run50AH_nf200s25b_logreg_deep_v1,nf200s25b,validation,440,buy,2025-04-22 17:20:00,2025-04-22 18:00:00,8.0,7.77,early,vol_high,downtrend,adx_gt25,spread_low
run50AH_nf200s25b_logreg_deep_v1,nf200s25b,validation,441,buy,2025-04-22 18:45:00,2025-04-22 19:25:00,8.0,20.28,mid,vol_mid,downtrend,adx_gt25,spread_low
run50AH_nf200s25b_logreg_deep_v1,nf200s25b,validation,442,buy,2025-04-22 20:10:00,2025-04-22 20:15:00,1.0,-8.47,mid,vol_high,downtrend,adx_gt25,spread_low
run50AH_nf200s25b_logreg_deep_v1,nf200s25b,validation,443,sell,2025-04-22 20:15:00,2025-04-22 20:30:00,3.0,12.51,late,vol_high,downtrend,adx_gt25,spread_low
run50AH_nf200s25b_logreg_deep_v1,nf200s25b,validation,444,buy,2025-04-22 20:30:00,2025-04-22 21:10:00,8.0,3.58,late,vol_high,downtrend,adx_gt25,spread_low
run50AH_nf200s25b_logreg_deep_v1,nf200s25b,validation,445,buy,2025-04-22 21:55:00,2025-04-23 17:05:00,230.0,66.93,late,vol_high,downtrend,adx_20_25,spread_low
run50AH_nf200s25b_logreg_deep_v1,nf200s25b,validation,446,buy,2025-04-23 17:50:00,2025-04-23 18:30:00,8.0,-19.0,early,vol_high,downtrend,adx_gt25,spread_low
run50AH_nf200s25b_logreg_deep_v1,nf200s25b,validation,447,buy,2025-04-23 19:15:00,2025-04-23 19:55:00,8.0,4.06,mid,vol_high,downtrend,adx_gt25,spread_low
run50AH_nf200s25b_logreg_deep_v1,nf200s25b,validation,448,buy,2025-04-23 20:40:00,2025-04-23 21:20:00,8.0,5.42,late,vol_high,range_or_weak_trend,adx_lt20,spread_low
run50AH_nf200s25b_logreg_deep_v1,nf200s25b,validation,449,buy,2025-04-24 16:35:00,2025-04-24 17:15:00,8.0,19.18,early,vol_mid,downtrend,adx_gt25,spread_low
run50AH_nf200s25b_logreg_deep_v1,nf200s25b,validation,450,buy,2025-04-24 18:00:00,2025-04-24 18:45:00,9.0,1.11,early,vol_mid,downtrend,adx_gt25,spread_low
run50AH_nf200s25b_logreg_deep_v1,nf200s25b,validation,451,buy,2025-04-24 19:30:00,2025-04-24 20:10:00,8.0,0.86,mid,vol_mid,downtrend,adx_gt25,spread_low
run50AH_nf200s25b_logreg_deep_v1,nf200s25b,validation,452,buy,2025-04-24 20:55:00,2025-04-24 21:35:00,8.0,2.83,late,vol_mid,downtrend,adx_gt25,spread_low
run50AH_nf200s25b_logreg_deep_v1,nf200s25b,validation,453,buy,2025-04-25 17:00:00,2025-04-25 17:40:00,8.0,6.98,early,vol_mid,range_or_weak_trend,adx_lt20,spread_low
run50AH_nf200s25b_logreg_deep_v1,nf200s25b,validation,454,buy,2025-04-25 18:25:00,2025-04-25 19:05:00,8.0,-1.88,mid,vol_high,range_or_weak_trend,adx_lt20,spread_low
run50AH_nf200s25b_logreg_deep_v1,nf200s25b,validation,455,buy,2025-04-25 19:55:00,2025-04-25 20:35:00,8.0,6.09,mid,vol_mid,range_or_weak_trend,adx_lt20,spread_low
run50AH_nf200s25b_logreg_deep_v1,nf200s25b,validation,456,buy,2025-04-25 21:20:00,2025-04-25 22:00:00,8.0,2.59,late,vol_high,range_or_weak_trend,adx_lt20,spread_low
run50AH_nf200s25b_logreg_deep_v1,nf200s25b,validation,457,buy,2025-04-28 17:15:00,2025-04-28 17:55:00,8.0,-0.78,early,vol_high,downtrend,adx_20_25,spread_low
run50AH_nf200s25b_logreg_deep_v1,nf200s25b,validation,458,buy,2025-04-28 18:40:00,2025-04-28 19:20:00,8.0,-6.02,mid,vol_high,downtrend,adx_gt25,spread_low
run50AH_nf200s25b_logreg_deep_v1,nf200s25b,validation,459,buy,2025-04-28 20:05:00,2025-04-28 20:45:00,8.0,0.57,mid,vol_mid,downtrend,adx_gt25,spread_low
run50AH_nf200s25b_logreg_deep_v1,nf200s25b,validation,460,buy,2025-04-28 21:35:00,2025-04-29 16:45:00,230.0,7.87,late,vol_mid,downtrend,adx_20_25,spread_low
run50AH_nf200s25b_logreg_deep_v1,nf200s25b,validation,461,buy,2025-04-29 17:30:00,2025-04-29 18:10:00,8.0,8.89,early,vol_high,downtrend,adx_20_25,spread_low
run50AH_nf200s25b_logreg_deep_v1,nf200s25b,validation,462,buy,2025-04-29 18:55:00,2025-04-29 19:35:00,8.0,0.96,mid,vol_high,range_or_weak_trend,adx_lt20,spread_low
run50AH_nf200s25b_logreg_deep_v1,nf200s25b,validation,463,sell,2025-04-29 20:20:00,2025-04-29 20:25:00,1.0,-0.75,late,vol_high,range_or_weak_trend,adx_lt20,spread_low
run50AH_nf200s25b_logreg_deep_v1,nf200s25b,validation,464,buy,2025-04-29 20:25:00,2025-04-29 21:10:00,9.0,9.58,late,vol_high,range_or_weak_trend,adx_lt20,spread_low
run50AH_nf200s25b_logreg_deep_v1,nf200s25b,validation,465,buy,2025-04-29 21:55:00,2025-04-30 16:35:00,224.0,-36.88,late,vol_mid,downtrend,adx_gt25,spread_low
run50AH_nf200s25b_logreg_deep_v1,nf200s25b,validation,466,sell,2025-04-30 16:35:00,2025-04-30 16:45:00,2.0,11.46,early,vol_high,downtrend,adx_gt25,spread_low
run50AH_nf200s25b_logreg_deep_v1,nf200s25b,validation,467,buy,2025-04-30 16:45:00,2025-04-30 17:25:00,8.0,10.67,early,vol_high,downtrend,adx_gt25,spread_low
run50AH_nf200s25b_logreg_deep_v1,nf200s25b,validation,468,buy,2025-04-30 18:10:00,2025-04-30 18:50:00,8.0,4.67,early,vol_high,downtrend,adx_gt25,spread_low
run50AH_nf200s25b_logreg_deep_v1,nf200s25b,validation,469,sell,2025-04-30 19:35:00,2025-04-30 20:15:00,8.0,0.06,mid,vol_mid,range_or_weak_trend,adx_lt20,spread_low
run50AH_nf200s25b_logreg_deep_v1,nf200s25b,validation,470,sell,2025-04-30 21:05:00,2025-04-30 21:15:00,2.0,-4.62,late,vol_high,range_or_weak_trend,adx_lt20,spread_low
run50AH_nf200s25b_logreg_deep_v1,nf200s25b,validation,471,buy,2025-04-30 21:15:00,2025-04-30 21:20:00,1.0,2.08,late,vol_high,range_or_weak_trend,adx_lt20,spread_low
run50AH_nf200s25b_logreg_deep_v1,nf200s25b,validation,472,sell,2025-04-30 21:20:00,2025-04-30 22:00:00,8.0,6.52,late,vol_high,range_or_weak_trend,adx_lt20,spread_low
run50AH_nf200s25b_logreg_deep_v1,nf200s25b,validation,473,buy,2025-05-01 17:15:00,2025-05-01 17:55:00,8.0,11.82,early,vol_high,downtrend,adx_gt25,spread_low
run50AH_nf200s25b_logreg_deep_v1,nf200s25b,validation,474,buy,2025-05-01 18:40:00,2025-05-01 19:20:00,8.0,-11.6,mid,vol_mid,downtrend,adx_gt25,spread_low
run50AH_nf200s25b_logreg_deep_v1,nf200s25b,validation,475,buy,2025-05-01 20:05:00,2025-05-01 20:45:00,8.0,-4.47,mid,vol_high,downtrend,adx_gt25,spread_low
run50AH_nf200s25b_logreg_deep_v1,nf200s25b,validation,476,buy,2025-05-01 21:30:00,2025-05-02 16:40:00,230.0,6.93,late,vol_mid,range_or_weak_trend,adx_lt20,spread_low
run50AH_nf200s25b_logreg_deep_v1,nf200s25b,validation,477,buy,2025-05-02 17:25:00,2025-05-02 18:05:00,8.0,1.96,early,vol_mid,downtrend,adx_gt25,spread_low
run50AH_nf200s25b_logreg_deep_v1,nf200s25b,validation,478,buy,2025-05-02 18:55:00,2025-05-02 19:40:00,9.0,8.49,mid,vol_mid,downtrend,adx_20_25,spread_low
run50AH_nf200s25b_logreg_deep_v1,nf200s25b,validation,479,buy,2025-05-02 20:30:00,2025-05-02 21:35:00,13.0,4.79,late,vol_mid,range_or_weak_trend,adx_lt20,spread_low
run50AH_nf200s25b_logreg_deep_v1,nf200s25b,validation,480,buy,2025-05-05 17:00:00,2025-05-05 17:40:00,8.0,0.83,early,vol_low,downtrend,adx_20_25,spread_low
run50AH_nf200s25b_logreg_deep_v1,nf200s25b,validation,481,buy,2025-05-05 18:25:00,2025-05-05 19:10:00,9.0,-0.32,mid,vol_mid,downtrend,adx_20_25,spread_low
run50AH_nf200s25b_logreg_deep_v1,nf200s25b,validation,482,buy,2025-05-05 20:00:00,2025-05-05 20:20:00,4.0,-1.13,mid,vol_low,downtrend,adx_gt25,spread_low
run50AH_nf200s25b_logreg_deep_v1,nf200s25b,validation,483,sell,2025-05-05 20:20:00,2025-05-05 20:30:00,2.0,-0.82,late,vol_low,downtrend,adx_gt25,spread_low
run50AH_nf200s25b_logreg_deep_v1,nf200s25b,validation,484,buy,2025-05-05 20:30:00,2025-05-05 21:10:00,8.0,2.82,late,vol_low,downtrend,adx_20_25,spread_low
run50AH_nf200s25b_logreg_deep_v1,nf200s25b,validation,485,buy,2025-05-05 22:00:00,2025-05-06 16:35:00,223.0,-31.8,late,vol_low,downtrend,adx_gt25,spread_low
run50AH_nf200s25b_logreg_deep_v1,nf200s25b,validation,486,sell,2025-05-06 16:35:00,2025-05-06 17:10:00,7.0,1.46,early,vol_mid,downtrend,adx_gt25,spread_low
run50AH_nf200s25b_logreg_deep_v1,nf200s25b,validation,487,buy,2025-05-06 17:10:00,2025-05-06 17:50:00,8.0,9.53,early,vol_high,downtrend,adx_20_25,spread_low
run50AH_nf200s25b_logreg_deep_v1,nf200s25b,validation,488,buy,2025-05-06 18:35:00,2025-05-06 19:05:00,6.0,-4.07,mid,vol_mid,downtrend,adx_gt25,spread_low
run50AH_nf200s25b_logreg_deep_v1,nf200s25b,validation,489,sell,2025-05-06 19:05:00,2025-05-06 19:40:00,7.0,-1.7,mid,vol_mid,range_or_weak_trend,adx_lt20,spread_low
run50AH_nf200s25b_logreg_deep_v1,nf200s25b,validation,490,buy,2025-05-06 19:40:00,2025-05-06 19:45:00,1.0,-2.6,mid,vol_high,range_or_weak_trend,adx_lt20,spread_low
run50AH_nf200s25b_logreg_deep_v1,nf200s25b,validation,491,sell,2025-05-06 19:45:00,2025-05-06 19:55:00,2.0,1.47,mid,vol_high,range_or_weak_trend,adx_lt20,spread_low
run50AH_nf200s25b_logreg_deep_v1,nf200s25b,validation,492,buy,2025-05-06 19:55:00,2025-05-06 20:00:00,1.0,-2.07,mid,vol_high,range_or_weak_trend,adx_lt20,spread_low
run50AH_nf200s25b_logreg_deep_v1,nf200s25b,validation,493,sell,2025-05-06 20:00:00,2025-05-06 20:40:00,8.0,-0.27,mid,vol_high,range_or_weak_trend,adx_lt20,spread_low
run50AH_nf200s25b_logreg_deep_v1,nf200s25b,validation,494,sell,2025-05-06 21:25:00,2025-05-06 21:35:00,2.0,-1.31,late,vol_mid,range_or_weak_trend,adx_lt20,spread_low
run50AH_nf200s25b_logreg_deep_v1,nf200s25b,validation,495,buy,2025-05-06 21:35:00,2025-05-07 16:35:00,228.0,-3.66,late,vol_mid,range_or_weak_trend,adx_lt20,spread_low
run50AH_nf200s25b_logreg_deep_v1,nf200s25b,validation,496,sell,2025-05-07 16:35:00,2025-05-07 16:45:00,2.0,-2.98,early,vol_mid,downtrend,adx_gt25,spread_low
run50AH_nf200s25b_logreg_deep_v1,nf200s25b,validation,497,buy,2025-05-07 16:45:00,2025-05-07 17:25:00,8.0,3.74,early,vol_mid,downtrend,adx_gt25,spread_low
run50AH_nf200s25b_logreg_deep_v1,nf200s25b,validation,498,buy,2025-05-07 18:10:00,2025-05-07 18:25:00,3.0,-0.08,early,vol_high,downtrend,adx_gt25,spread_low
run50AH_nf200s25b_logreg_deep_v1,nf200s25b,validation,499,sell,2025-05-07 18:25:00,2025-05-07 18:45:00,4.0,-2.07,mid,vol_high,downtrend,adx_gt25,spread_low
run50AH_nf200s25b_logreg_deep_v1,nf200s25b,validation,500,buy,2025-05-07 18:45:00,2025-05-07 19:25:00,8.0,-3.25,mid,vol_high,downtrend,adx_gt25,spread_low
run50AH_nf200s25b_logreg_deep_v1,nf200s25b,validation,501,buy,2025-05-07 20:10:00,2025-05-07 20:50:00,8.0,-2.73,mid,vol_mid,downtrend,adx_gt25,spread_low
run50AH_nf200s25b_logreg_deep_v1,nf200s25b,validation,502,sell,2025-05-07 21:35:00,2025-05-07 22:00:00,5.0,-7.07,late,vol_high,downtrend,adx_gt25,spread_low
run50AH_nf200s25b_logreg_deep_v1,nf200s25b,validation,503,buy,2025-05-07 22:00:00,2025-05-08 17:10:00,230.0,18.08,late,vol_high,downtrend,adx_20_25,spread_low
run50AH_nf200s25b_logreg_deep_v1,nf200s25b,validation,504,buy,2025-05-08 17:55:00,2025-05-08 18:35:00,8.0,16.73,early,vol_mid,downtrend,adx_gt25,spread_low
run50AH_nf200s25b_logreg_deep_v1,nf200s25b,validation,505,buy,2025-05-08 19:20:00,2025-05-08 20:05:00,9.0,0.27,mid,vol_high,downtrend,adx_gt25,spread_low
run50AH_nf200s25b_logreg_deep_v1,nf200s25b,validation,506,buy,2025-05-08 20:50:00,2025-05-08 21:30:00,8.0,-1.03,late,vol_low,downtrend,adx_20_25,spread_low
run50AH_nf200s25b_logreg_deep_v1,nf200s25b,validation,507,buy,2025-05-09 16:45:00,2025-05-09 17:25:00,8.0,-4.78,early,vol_mid,range_or_weak_trend,adx_lt20,spread_low
run50AH_nf200s25b_logreg_deep_v1,nf200s25b,validation,508,buy,2025-05-09 18:10:00,2025-05-09 18:50:00,8.0,-2.91,early,vol_high,downtrend,adx_gt25,spread_low
run50AH_nf200s25b_logreg_deep_v1,nf200s25b,validation,509,buy,2025-05-09 19:35:00,2025-05-09 20:10:00,7.0,-0.38,mid,vol_mid,downtrend,adx_gt25,spread_low
run50AH_nf200s25b_logreg_deep_v1,nf200s25b,validation,510,sell,2025-05-09 20:10:00,2025-05-09 20:15:00,1.0,1.53,mid,vol_mid,downtrend,adx_gt25,spread_low
run50AH_nf200s25b_logreg_deep_v1,nf200s25b,validation,511,buy,2025-05-09 20:15:00,2025-05-09 20:55:00,8.0,5.68,late,vol_mid,downtrend,adx_gt25,spread_low
run50AH_nf200s25b_logreg_deep_v1,nf200s25b,validation,512,buy,2025-05-09 21:40:00,2025-05-12 16:50:00,806.0,65.74,late,vol_low,downtrend,adx_20_25,spread_low
run50AH_nf200s25b_logreg_deep_v1,nf200s25b,validation,513,buy,2025-05-12 17:35:00,2025-05-12 18:15:00,8.0,7.02,early,vol_high,downtrend,adx_gt25,spread_low
run50AH_nf200s25b_logreg_deep_v1,nf200s25b,validation,514,buy,2025-05-12 19:00:00,2025-05-12 19:50:00,10.0,10.36,mid,vol_high,downtrend,adx_gt25,spread_low
run50AH_nf200s25b_logreg_deep_v1,nf200s25b,validation,515,buy,2025-05-12 21:15:00,2025-05-13 16:40:00,233.0,15.23,late,vol_low,downtrend,adx_gt25,spread_low
run50AH_nf200s25b_logreg_deep_v1,nf200s25b,validation,516,buy,2025-05-13 17:35:00,2025-05-13 18:15:00,8.0,3.06,early,vol_mid,downtrend,adx_gt25,spread_low
run50AH_nf200s25b_logreg_deep_v1,nf200s25b,validation,517,buy,2025-05-13 19:05:00,2025-05-13 20:20:00,15.0,6.14,mid,vol_low,downtrend,adx_gt25,spread_low
run50AH_nf200s25b_logreg_deep_v1,nf200s25b,validation,518,buy,2025-05-13 21:25:00,2025-05-14 17:00:00,235.0,1.74,late,vol_low,downtrend,adx_gt25,spread_low
run50AH_nf200s25b_logreg_deep_v1,nf200s25b,validation,519,buy,2025-05-14 17:45:00,2025-05-14 18:25:00,8.0,3.83,early,vol_mid,range_or_weak_trend,adx_lt20,spread_low
run50AH_nf200s25b_logreg_deep_v1,nf200s25b,validation,520,buy,2025-05-14 19:20:00,2025-05-14 20:25:00,13.0,-7.86,mid,vol_mid,range_or_weak_trend,adx_lt20,spread_low
run50AH_nf200s25b_logreg_deep_v1,nf200s25b,validation,521,buy,2025-05-14 21:15:00,2025-05-14 21:55:00,8.0,1.81,late,vol_low,range_or_weak_trend,adx_lt20,spread_low
run50AH_nf200s25b_logreg_deep_v1,nf200s25b,validation,522,buy,2025-05-15 17:10:00,2025-05-15 17:20:00,2.0,0.92,early,vol_high,downtrend,adx_20_25,spread_low
run50AH_nf200s25b_logreg_deep_v1,nf200s25b,validation,523,sell,2025-05-15 17:20:00,2025-05-15 17:25:00,1.0,-0.56,early,vol_mid,range_or_weak_trend,adx_lt20,spread_low
run50AH_nf200s25b_logreg_deep_v1,nf200s25b,validation,524,buy,2025-05-15 17:25:00,2025-05-15 18:00:00,7.0,1.13,early,vol_mid,range_or_weak_trend,adx_lt20,spread_low
run50AH_nf200s25b_logreg_deep_v1,nf200s25b,validation,525,sell,2025-05-15 18:00:00,2025-05-15 18:10:00,2.0,-2.43,early,vol_mid,range_or_weak_trend,adx_lt20,spread_low
run50AH_nf200s25b_logreg_deep_v1,nf200s25b,validation,526,buy,2025-05-15 18:10:00,2025-05-15 18:55:00,9.0,6.08,early,vol_high,range_or_weak_trend,adx_lt20,spread_low
run50AH_nf200s25b_logreg_deep_v1,nf200s25b,validation,527,buy,2025-05-15 19:40:00,2025-05-15 20:40:00,12.0,2.77,mid,vol_low,downtrend,adx_gt25,spread_low
run50AH_nf200s25b_logreg_deep_v1,nf200s25b,validation,528,sell,2025-05-15 21:35:00,2025-05-15 21:40:00,1.0,0.27,late,vol_mid,downtrend,adx_gt25,spread_low
run50AH_nf200s25b_logreg_deep_v1,nf200s25b,validation,529,buy,2025-05-15 21:40:00,2025-05-15 21:50:00,2.0,-1.6,late,vol_mid,downtrend,adx_gt25,spread_low
run50AH_nf200s25b_logreg_deep_v1,nf200s25b,validation,530,sell,2025-05-15 21:50:00,2025-05-15 21:55:00,1.0,1.61,late,vol_low,downtrend,adx_gt25,spread_low
run50AH_nf200s25b_logreg_deep_v1,nf200s25b,validation,531,buy,2025-05-15 21:55:00,2025-05-16 16:35:00,224.0,2.29,late,vol_low,downtrend,adx_gt25,spread_low
run50AH_nf200s25b_logreg_deep_v1,nf200s25b,validation,532,sell,2025-05-16 16:35:00,2025-05-16 16:40:00,1.0,-1.2,early,vol_low,downtrend,adx_gt25,spread_low
run50AH_nf200s25b_logreg_deep_v1,nf200s25b,validation,533,buy,2025-05-16 16:40:00,2025-05-16 17:30:00,10.0,-2.65,early,vol_low,downtrend,adx_20_25,spread_low
run50AH_nf200s25b_logreg_deep_v1,nf200s25b,validation,534,buy,2025-05-16 18:15:00,2025-05-16 19:20:00,13.0,3.68,early,vol_mid,downtrend,adx_gt25,spread_low
run50AH_nf200s25b_logreg_deep_v1,nf200s25b,validation,535,buy,2025-05-16 20:20:00,2025-05-16 21:30:00,14.0,-0.28,late,vol_low,range_or_weak_trend,adx_lt20,spread_low
run50AH_nf200s25b_logreg_deep_v1,nf200s25b,validation,536,buy,2025-05-19 17:00:00,2025-05-19 17:40:00,8.0,5.33,early,vol_mid,downtrend,adx_gt25,spread_low
run50AH_nf200s25b_logreg_deep_v1,nf200s25b,validation,537,buy,2025-05-19 18:25:00,2025-05-19 18:40:00,3.0,4.08,mid,vol_mid,downtrend,adx_gt25,spread_low
run50AH_nf200s25b_logreg_deep_v1,nf200s25b,validation,538,sell,2025-05-19 18:40:00,2025-05-19 18:45:00,1.0,0.08,mid,vol_mid,downtrend,adx_gt25,spread_low
run50AH_nf200s25b_logreg_deep_v1,nf200s25b,validation,539,buy,2025-05-19 18:45:00,2025-05-19 18:55:00,2.0,-2.17,mid,vol_mid,downtrend,adx_gt25,spread_low
run50AH_nf200s25b_logreg_deep_v1,nf200s25b,validation,540,sell,2025-05-19 18:55:00,2025-05-19 19:10:00,3.0,-0.77,mid,vol_mid,downtrend,adx_gt25,spread_low
run50AH_nf200s25b_logreg_deep_v1,nf200s25b,validation,541,buy,2025-05-19 19:10:00,2025-05-19 19:30:00,4.0,3.66,mid,vol_low,downtrend,adx_gt25,spread_low
run50AH_nf200s25b_logreg_deep_v1,nf200s25b,validation,542,sell,2025-05-19 19:30:00,2025-05-19 19:35:00,1.0,1.81,mid,vol_low,downtrend,adx_gt25,spread_low
run50AH_nf200s25b_logreg_deep_v1,nf200s25b,validation,543,buy,2025-05-19 19:35:00,2025-05-19 20:45:00,14.0,6.77,mid,vol_low,downtrend,adx_gt25,spread_low
run50AH_nf200s25b_logreg_deep_v1,nf200s25b,validation,544,buy,2025-05-19 21:35:00,2025-05-20 16:45:00,230.0,-6.43,late,vol_low,downtrend,adx_gt25,spread_low
run50AH_nf200s25b_logreg_deep_v1,nf200s25b,validation,545,buy,2025-05-20 17:30:00,2025-05-20 18:10:00,8.0,1.81,early,vol_mid,downtrend,adx_gt25,spread_low
run50AH_nf200s25b_logreg_deep_v1,nf200s25b,validation,546,buy,2025-05-20 19:00:00,2025-05-20 19:40:00,8.0,2.11,mid,vol_low,range_or_weak_trend,adx_lt20,spread_low
run50AH_nf200s25b_logreg_deep_v1,nf200s25b,validation,547,buy,2025-05-20 20:45:00,2025-05-20 21:20:00,7.0,-1.31,late,vol_low,range_or_weak_trend,adx_lt20,spread_low
run50AH_nf200s25b_logreg_deep_v1,nf200s25b,validation,548,sell,2025-05-20 21:20:00,2025-05-20 22:00:00,8.0,7.12,late,vol_low,range_or_weak_trend,adx_lt20,spread_low
run50AH_nf200s25b_logreg_deep_v1,nf200s25b,validation,549,buy,2025-05-21 17:15:00,2025-05-21 17:55:00,8.0,2.19,early,vol_low,downtrend,adx_gt25,spread_low
run50AH_nf200s25b_logreg_deep_v1,nf200s25b,validation,550,buy,2025-05-21 18:50:00,2025-05-21 19:40:00,10.0,1.66,mid,vol_mid,downtrend,adx_gt25,spread_low
run50AH_nf200s25b_logreg_deep_v1,nf200s25b,validation,551,sell,2025-05-21 20:35:00,2025-05-21 21:15:00,8.0,1.48,late,vol_high,downtrend,adx_gt25,spread_low
run50AH_nf200s25b_logreg_deep_v1,nf200s25b,validation,552,buy,2025-05-21 22:00:00,2025-05-27 17:10:00,1670.0,16.44,late,vol_high,downtrend,adx_gt25,spread_low
run50AH_nf200s25b_logreg_deep_v1,nf200s25b,validation,553,buy,2025-05-27 18:00:00,2025-05-27 18:45:00,9.0,2.84,early,vol_mid,downtrend,adx_20_25,spread_low
run50AH_nf200s25b_logreg_deep_v1,nf200s25b,validation,554,buy,2025-05-27 19:45:00,2025-05-27 20:40:00,11.0,0.41,mid,vol_low,downtrend,adx_gt25,spread_low
run50AH_nf200s25b_logreg_deep_v1,nf200s25b,validation,555,sell,2025-05-28 16:45:00,2025-05-28 17:05:00,4.0,6.24,early,vol_low,downtrend,adx_gt25,spread_low
run50AH_nf200s25b_logreg_deep_v1,nf200s25b,validation,556,buy,2025-05-28 17:05:00,2025-05-28 17:45:00,8.0,-3.2,early,vol_mid,downtrend,adx_gt25,spread_low
run50AH_nf200s25b_logreg_deep_v1,nf200s25b,validation,557,buy,2025-05-28 18:40:00,2025-05-28 19:25:00,9.0,0.79,mid,vol_low,downtrend,adx_20_25,spread_low
run50AH_nf200s25b_logreg_deep_v1,nf200s25b,validation,558,buy,2025-05-28 20:20:00,2025-05-28 21:05:00,9.0,0.07,late,vol_low,range_or_weak_trend,adx_lt20,spread_low
run50AH_nf200s25b_logreg_deep_v1,nf200s25b,validation,559,buy,2025-05-29 16:35:00,2025-05-29 17:10:00,7.0,-19.51,early,vol_mid,downtrend,adx_20_25,spread_low
run50AH_nf200s25b_logreg_deep_v1,nf200s25b,validation,560,sell,2025-05-29 17:10:00,2025-05-29 17:15:00,1.0,-2.23,early,vol_high,downtrend,adx_gt25,spread_low
run50AH_nf200s25b_logreg_deep_v1,nf200s25b,validation,561,buy,2025-05-29 17:15:00,2025-05-29 17:55:00,8.0,5.99,early,vol_high,downtrend,adx_gt25,spread_low
run50AH_nf200s25b_logreg_deep_v1,nf200s25b,validation,562,buy,2025-05-29 18:40:00,2025-05-29 19:20:00,8.0,-1.82,mid,vol_high,downtrend,adx_gt25,spread_low
run50AH_nf200s25b_logreg_deep_v1,nf200s25b,validation,563,buy,2025-05-29 20:05:00,2025-05-29 20:15:00,2.0,-0.62,mid,vol_high,downtrend,adx_20_25,spread_low
run50AH_nf200s25b_logreg_deep_v1,nf200s25b,validation,564,sell,2025-05-29 20:15:00,2025-05-29 20:45:00,6.0,3.99,late,vol_high,range_or_weak_trend,adx_lt20,spread_low
run50AH_nf200s25b_logreg_deep_v1,nf200s25b,validation,565,buy,2025-05-29 20:45:00,2025-05-29 20:50:00,1.0,-3.08,late,vol_low,range_or_weak_trend,adx_lt20,spread_low
run50AH_nf200s25b_logreg_deep_v1,nf200s25b,validation,566,sell,2025-05-29 20:50:00,2025-05-29 21:30:00,8.0,4.67,late,vol_low,range_or_weak_trend,adx_lt20,spread_low
run50AH_nf200s25b_logreg_deep_v1,nf200s25b,validation,567,buy,2025-05-30 16:45:00,2025-05-30 17:30:00,9.0,8.24,early,vol_high,downtrend,adx_gt25,spread_low
run50AH_nf200s25b_logreg_deep_v1,nf200s25b,validation,568,buy,2025-05-30 18:15:00,2025-05-30 18:55:00,8.0,-1.68,early,vol_mid,range_or_weak_trend,adx_lt20,spread_low
run50AH_nf200s25b_logreg_deep_v1,nf200s25b,validation,569,sell,2025-05-30 19:45:00,2025-05-30 20:30:00,9.0,-4.3,mid,vol_high,downtrend,adx_gt25,spread_low
run50AH_nf200s25b_logreg_deep_v1,nf200s25b,validation,570,buy,2025-05-30 21:15:00,2025-05-30 21:55:00,8.0,6.07,late,vol_mid,downtrend,adx_gt25,spread_low
run50AH_nf200s25b_logreg_deep_v1,nf200s25b,validation,571,buy,2025-06-02 17:10:00,2025-06-02 17:50:00,8.0,5.51,early,vol_high,downtrend,adx_20_25,spread_low
run50AH_nf200s25b_logreg_deep_v1,nf200s25b,validation,572,buy,2025-06-02 18:35:00,2025-06-02 19:15:00,8.0,7.22,mid,vol_mid,range_or_weak_trend,adx_lt20,spread_low
run50AH_nf200s25b_logreg_deep_v1,nf200s25b,validation,573,buy,2025-06-02 20:05:00,2025-06-02 21:00:00,11.0,-1.36,mid,vol_mid,range_or_weak_trend,adx_lt20,spread_low
run50AH_nf200s25b_logreg_deep_v1,nf200s25b,validation,574,buy,2025-06-02 21:55:00,2025-06-03 17:10:00,231.0,7.77,late,vol_low,downtrend,adx_20_25,spread_low
run50AH_nf200s25b_logreg_deep_v1,nf200s25b,validation,575,buy,2025-06-03 17:55:00,2025-06-03 18:50:00,11.0,2.13,early,vol_mid,downtrend,adx_gt25,spread_low
run50AH_nf200s25b_logreg_deep_v1,nf200s25b,validation,576,buy,2025-06-03 20:40:00,2025-06-03 21:40:00,12.0,-5.01,late,vol_low,downtrend,adx_gt25,spread_low
run50AH_nf200s25b_logreg_deep_v1,nf200s25b,validation,577,buy,2025-06-04 17:00:00,2025-06-04 17:40:00,8.0,-2.01,early,vol_mid,downtrend,adx_gt25,spread_low
run50AH_nf200s25b_logreg_deep_v1,nf200s25b,validation,578,buy,2025-06-04 18:35:00,2025-06-04 19:15:00,8.0,-4.61,mid,vol_mid,range_or_weak_trend,adx_lt20,spread_low
run50AH_nf200s25b_logreg_deep_v1,nf200s25b,validation,579,buy,2025-06-04 20:05:00,2025-06-04 21:10:00,13.0,1.59,mid,vol_low,range_or_weak_trend,adx_lt20,spread_low
run50AH_nf200s25b_logreg_deep_v1,nf200s25b,validation,580,buy,2025-06-05 16:50:00,2025-06-05 17:30:00,8.0,6.47,early,vol_high,downtrend,adx_20_25,spread_low
run50AH_nf200s25b_logreg_deep_v1,nf200s25b,validation,581,buy,2025-06-05 18:15:00,2025-06-05 18:55:00,8.0,3.84,early,vol_high,range_or_weak_trend,adx_lt20,spread_low
run50AH_nf200s25b_logreg_deep_v1,nf200s25b,validation,582,sell,2025-06-05 19:55:00,2025-06-05 20:40:00,9.0,-6.22,mid,vol_mid,downtrend,adx_gt25,spread_low
run50AH_nf200s25b_logreg_deep_v1,nf200s25b,validation,583,sell,2025-06-05 21:25:00,2025-06-05 21:35:00,2.0,-1.51,late,vol_high,downtrend,adx_gt25,spread_low
run50AH_nf200s25b_logreg_deep_v1,nf200s25b,validation,584,buy,2025-06-05 21:35:00,2025-06-06 16:45:00,230.0,11.75,late,vol_mid,downtrend,adx_gt25,spread_low
run50AH_nf200s25b_logreg_deep_v1,nf200s25b,validation,585,buy,2025-06-06 17:30:00,2025-06-06 18:20:00,10.0,-1.55,early,vol_mid,downtrend,adx_gt25,spread_low
run50AH_nf200s25b_logreg_deep_v1,nf200s25b,validation,586,buy,2025-06-06 19:10:00,2025-06-06 20:00:00,10.0,-5.97,mid,vol_mid,range_or_weak_trend,adx_lt20,spread_low
run50AH_nf200s25b_logreg_deep_v1,nf200s25b,validation,587,buy,2025-06-06 21:00:00,2025-06-09 16:35:00,811.0,-4.71,late,vol_low,range_or_weak_trend,adx_lt20,spread_low
run50AH_nf200s25b_logreg_deep_v1,nf200s25b,validation,588,buy,2025-06-09 17:25:00,2025-06-09 18:15:00,10.0,-0.55,early,vol_low,range_or_weak_trend,adx_lt20,spread_low
run50AH_nf200s25b_logreg_deep_v1,nf200s25b,validation,589,buy,2025-06-09 19:20:00,2025-06-09 21:05:00,21.0,3.44,mid,vol_low,range_or_weak_trend,adx_lt20,spread_low
run50AH_nf200s25b_logreg_deep_v1,nf200s25b,validation,590,buy,2025-06-10 17:30:00,2025-06-10 18:00:00,6.0,-2.11,early,vol_mid,range_or_weak_trend,adx_lt20,spread_low
run50AH_nf200s25b_logreg_deep_v1,nf200s25b,validation,591,sell,2025-06-10 18:00:00,2025-06-10 18:05:00,1.0,-1.63,early,vol_mid,range_or_weak_trend,adx_lt20,spread_low
run50AH_nf200s25b_logreg_deep_v1,nf200s25b,validation,592,buy,2025-06-10 18:05:00,2025-06-10 18:35:00,6.0,-9.23,early,vol_mid,range_or_weak_trend,adx_lt20,spread_low
run50AH_nf200s25b_logreg_deep_v1,nf200s25b,validation,593,sell,2025-06-10 18:35:00,2025-06-10 18:40:00,1.0,-3.86,mid,vol_mid,range_or_weak_trend,adx_lt20,spread_low
run50AH_nf200s25b_logreg_deep_v1,nf200s25b,validation,594,buy,2025-06-10 18:40:00,2025-06-10 20:10:00,18.0,9.37,mid,vol_mid,range_or_weak_trend,adx_lt20,spread_low
run50AH_nf200s25b_logreg_deep_v1,nf200s25b,validation,595,buy,2025-06-10 21:20:00,2025-06-11 16:35:00,231.0,9.62,late,vol_low,range_or_weak_trend,adx_lt20,spread_low
run50AH_nf200s25b_logreg_deep_v1,nf200s25b,validation,596,sell,2025-06-11 16:35:00,2025-06-11 16:40:00,1.0,-2.52,early,vol_high,downtrend,adx_gt25,spread_low
run50AH_nf200s25b_logreg_deep_v1,nf200s25b,validation,597,buy,2025-06-11 16:40:00,2025-06-11 16:45:00,1.0,-2.51,early,vol_high,downtrend,adx_gt25,spread_low
run50AH_nf200s25b_logreg_deep_v1,nf200s25b,validation,598,sell,2025-06-11 16:45:00,2025-06-11 16:50:00,1.0,1.73,early,vol_high,downtrend,adx_gt25,spread_low
run50AH_nf200s25b_logreg_deep_v1,nf200s25b,validation,599,buy,2025-06-11 16:50:00,2025-06-11 17:35:00,9.0,9.03,early,vol_high,downtrend,adx_gt25,spread_low
run50AH_nf200s25b_logreg_deep_v1,nf200s25b,validation,600,buy,2025-06-11 18:25:00,2025-06-11 19:05:00,8.0,-5.02,mid,vol_mid,range_or_weak_trend,adx_lt20,spread_low
run50AH_nf200s25b_logreg_deep_v1,nf200s25b,validation,601,buy,2025-06-11 19:55:00,2025-06-11 20:35:00,8.0,2.28,mid,vol_low,downtrend,adx_gt25,spread_low
run50AH_nf200s25b_logreg_deep_v1,nf200s25b,validation,602,sell,2025-06-11 21:20:00,2025-06-11 21:50:00,6.0,-7.8,late,vol_mid,downtrend,adx_gt25,spread_low
run50AH_nf200s25b_logreg_deep_v1,nf200s25b,validation,603,buy,2025-06-11 21:50:00,2025-06-11 21:55:00,1.0,-2.82,late,vol_mid,downtrend,adx_gt25,spread_low
run50AH_nf200s25b_logreg_deep_v1,nf200s25b,validation,604,sell,2025-06-11 21:55:00,2025-06-12 16:35:00,224.0,3.28,late,vol_mid,downtrend,adx_gt25,spread_low
run50AH_nf200s25b_logreg_deep_v1,nf200s25b,validation,605,buy,2025-06-12 16:35:00,2025-06-12 17:15:00,8.0,6.74,early,vol_low,downtrend,adx_gt25,spread_low
run50AH_nf200s25b_logreg_deep_v1,nf200s25b,validation,606,buy,2025-06-12 18:00:00,2025-06-12 18:20:00,4.0,-1.11,early,vol_low,downtrend,adx_gt25,spread_low
run50AH_nf200s25b_logreg_deep_v1,nf200s25b,validation,607,sell,2025-06-12 18:20:00,2025-06-12 18:50:00,6.0,1.89,early,vol_low,downtrend,adx_gt25,spread_low
run50AH_nf200s25b_logreg_deep_v1,nf200s25b,validation,608,buy,2025-06-12 18:50:00,2025-06-12 19:25:00,7.0,2.12,mid,vol_low,downtrend,adx_gt25,spread_low
run50AH_nf200s25b_logreg_deep_v1,nf200s25b,validation,609,sell,2025-06-12 19:25:00,2025-06-12 19:35:00,2.0,-1.57,mid,vol_low,range_or_weak_trend,adx_lt20,spread_low
run50AH_nf200s25b_logreg_deep_v1,nf200s25b,validation,610,buy,2025-06-12 19:35:00,2025-06-12 20:15:00,8.0,0.89,mid,vol_mid,range_or_weak_trend,adx_lt20,spread_low
run50AH_nf200s25b_logreg_deep_v1,nf200s25b,validation,611,buy,2025-06-12 21:05:00,2025-06-12 21:55:00,10.0,-1.3,late,vol_low,range_or_weak_trend,adx_lt20,spread_low
run50AH_nf200s25b_logreg_deep_v1,nf200s25b,validation,612,buy,2025-06-13 17:10:00,2025-06-13 17:25:00,3.0,-6.06,early,vol_mid,downtrend,adx_gt25,spread_low
run50AH_nf200s25b_logreg_deep_v1,nf200s25b,validation,613,sell,2025-06-13 17:25:00,2025-06-13 17:45:00,4.0,-4.41,early,vol_mid,downtrend,adx_gt25,spread_low
run50AH_nf200s25b_logreg_deep_v1,nf200s25b,validation,614,buy,2025-06-13 17:45:00,2025-06-13 18:25:00,8.0,7.18,early,vol_high,downtrend,adx_20_25,spread_low
run50AH_nf200s25b_logreg_deep_v1,nf200s25b,validation,615,buy,2025-06-13 19:10:00,2025-06-13 19:50:00,8.0,-3.43,mid,vol_mid,downtrend,adx_gt25,spread_low
run50AH_nf200s25b_logreg_deep_v1,nf200s25b,validation,616,sell,2025-06-13 20:35:00,2025-06-13 20:55:00,4.0,-2.01,late,vol_low,range_or_weak_trend,adx_lt20,spread_low
run50AH_nf200s25b_logreg_deep_v1,nf200s25b,validation,617,buy,2025-06-13 20:55:00,2025-06-13 21:05:00,2.0,-3.4,late,vol_low,range_or_weak_trend,adx_lt20,spread_low
run50AH_nf200s25b_logreg_deep_v1,nf200s25b,validation,618,sell,2025-06-13 21:05:00,2025-06-13 21:15:00,2.0,2.38,late,vol_low,range_or_weak_trend,adx_lt20,spread_low
run50AH_nf200s25b_logreg_deep_v1,nf200s25b,validation,619,buy,2025-06-13 21:15:00,2025-06-13 21:20:00,1.0,-0.5,late,vol_low,range_or_weak_trend,adx_lt20,spread_low
run50AH_nf200s25b_logreg_deep_v1,nf200s25b,validation,620,sell,2025-06-13 21:20:00,2025-06-13 22:00:00,8.0,6.13,late,vol_low,range_or_weak_trend,adx_lt20,spread_low
run50AH_nf200s25b_logreg_deep_v1,nf200s25b,validation,621,buy,2025-06-16 17:15:00,2025-06-16 17:55:00,8.0,-0.17,early,vol_mid,downtrend,adx_gt25,spread_low
run50AH_nf200s25b_logreg_deep_v1,nf200s25b,validation,622,buy,2025-06-16 18:40:00,2025-06-16 19:20:00,8.0,-0.98,mid,vol_low,downtrend,adx_gt25,spread_low
run50AH_nf200s25b_logreg_deep_v1,nf200s25b,validation,623,buy,2025-06-16 20:05:00,2025-06-16 20:10:00,1.0,-0.25,mid,vol_low,range_or_weak_trend,adx_lt20,spread_low
run50AH_nf200s25b_logreg_deep_v1,nf200s25b,validation,624,sell,2025-06-16 20:10:00,2025-06-16 20:15:00,1.0,0.86,mid,vol_low,range_or_weak_trend,adx_lt20,spread_low
run50AH_nf200s25b_logreg_deep_v1,nf200s25b,validation,625,buy,2025-06-16 20:15:00,2025-06-16 21:00:00,9.0,0.74,late,vol_low,range_or_weak_trend,adx_lt20,spread_low
run50AH_nf200s25b_logreg_deep_v1,nf200s25b,validation,626,buy,2025-06-16 21:45:00,2025-06-17 16:45:00,228.0,-12.39,late,vol_low,range_or_weak_trend,adx_lt20,spread_low
run50AH_nf200s25b_logreg_deep_v1,nf200s25b,validation,627,sell,2025-06-17 16:45:00,2025-06-17 17:00:00,3.0,-5.98,early,vol_low,range_or_weak_trend,adx_lt20,spread_low
run50AH_nf200s25b_logreg_deep_v1,nf200s25b,validation,628,buy,2025-06-17 17:00:00,2025-06-17 17:10:00,2.0,0.87,early,vol_mid,range_or_weak_trend,adx_lt20,spread_low
run50AH_nf200s25b_logreg_deep_v1,nf200s25b,validation,629,sell,2025-06-17 17:10:00,2025-06-17 17:15:00,1.0,-1.76,early,vol_mid,range_or_weak_trend,adx_lt20,spread_low
run50AH_nf200s25b_logreg_deep_v1,nf200s25b,validation,630,buy,2025-06-17 17:15:00,2025-06-17 17:55:00,8.0,-2.77,early,vol_mid,range_or_weak_trend,adx_lt20,spread_low
run50AH_nf200s25b_logreg_deep_v1,nf200s25b,validation,631,buy,2025-06-17 18:40:00,2025-06-17 19:20:00,8.0,2.92,mid,vol_low,range_or_weak_trend,adx_lt20,spread_low
run50AH_nf200s25b_logreg_deep_v1,nf200s25b,validation,632,sell,2025-06-17 20:20:00,2025-06-17 21:00:00,8.0,7.79,late,vol_low,downtrend,adx_gt25,spread_low
run50AH_nf200s25b_logreg_deep_v1,nf200s25b,validation,633,sell,2025-06-17 21:45:00,2025-06-17 22:00:00,3.0,-4.37,late,vol_low,downtrend,adx_gt25,spread_low
run50AH_nf200s25b_logreg_deep_v1,nf200s25b,validation,634,buy,2025-06-17 22:00:00,2025-06-18 16:35:00,223.0,-4.88,late,vol_mid,downtrend,adx_gt25,spread_low
run50AH_nf200s25b_logreg_deep_v1,nf200s25b,validation,635,sell,2025-06-18 16:35:00,2025-06-18 16:45:00,2.0,-4.77,early,vol_low,range_or_weak_trend,adx_lt20,spread_low
run50AH_nf200s25b_logreg_deep_v1,nf200s25b,validation,636,buy,2025-06-18 16:45:00,2025-06-18 17:25:00,8.0,8.81,early,vol_mid,range_or_weak_trend,adx_lt20,spread_low
run50AH_nf200s25b_logreg_deep_v1,nf200s25b,validation,637,buy,2025-06-18 18:10:00,2025-06-18 18:50:00,8.0,-0.36,early,vol_mid,downtrend,adx_20_25,spread_low
run50AH_nf200s25b_logreg_deep_v1,nf200s25b,validation,638,buy,2025-06-18 19:45:00,2025-06-18 20:25:00,8.0,-4.7,mid,vol_low,range_or_weak_trend,adx_lt20,spread_low
run50AH_nf200s25b_logreg_deep_v1,nf200s25b,validation,639,buy,2025-06-18 21:10:00,2025-06-18 21:50:00,8.0,1.86,late,vol_mid,downtrend,adx_gt25,spread_low
run50AH_nf200s25b_logreg_deep_v1,nf200s25b,validation,640,buy,2025-06-20 17:05:00,2025-06-20 17:10:00,1.0,-2.67,early,vol_mid,downtrend,adx_gt25,spread_low
run50AH_nf200s25b_logreg_deep_v1,nf200s25b,validation,641,sell,2025-06-20 17:10:00,2025-06-20 17:15:00,1.0,-0.3,early,vol_mid,downtrend,adx_gt25,spread_low
run50AH_nf200s25b_logreg_deep_v1,nf200s25b,validation,642,buy,2025-06-20 17:15:00,2025-06-20 17:20:00,1.0,-0.2,early,vol_mid,downtrend,adx_gt25,spread_low
run50AH_nf200s25b_logreg_deep_v1,nf200s25b,validation,643,sell,2025-06-20 17:20:00,2025-06-20 18:05:00,9.0,21.11,early,vol_mid,downtrend,adx_gt25,spread_low
run50AH_nf200s25b_logreg_deep_v1,nf200s25b,validation,644,buy,2025-06-20 18:50:00,2025-06-20 19:35:00,9.0,-3.68,mid,vol_high,downtrend,adx_gt25,spread_low
run50AH_nf200s25b_logreg_deep_v1,nf200s25b,validation,645,buy,2025-06-20 20:20:00,2025-06-20 21:00:00,8.0,-2.33,late,vol_mid,range_or_weak_trend,adx_lt20,spread_low
run50AH_nf200s25b_logreg_deep_v1,nf200s25b,validation,646,buy,2025-06-20 21:50:00,2025-06-20 22:00:00,2.0,-5.15,late,vol_mid,range_or_weak_trend,adx_lt20,spread_low
run50AH_nf200s25b_logreg_deep_v1,nf200s25b,validation,647,sell,2025-06-20 22:00:00,2025-06-23 16:40:00,800.0,-5.85,late,vol_mid,range_or_weak_trend,adx_lt20,spread_low
run50AH_nf200s25b_logreg_deep_v1,nf200s25b,validation,648,buy,2025-06-23 16:40:00,2025-06-23 17:20:00,8.0,12.89,early,vol_high,downtrend,adx_20_25,spread_low
run50AH_nf200s25b_logreg_deep_v1,nf200s25b,validation,649,buy,2025-06-23 18:05:00,2025-06-23 18:45:00,8.0,-4.38,early,vol_high,range_or_weak_trend,adx_lt20,spread_low
run50AH_nf200s25b_logreg_deep_v1,nf200s25b,validation,650,sell,2025-06-23 19:30:00,2025-06-23 19:45:00,3.0,-2.06,mid,vol_mid,downtrend,adx_gt25,spread_low
run50AH_nf200s25b_logreg_deep_v1,nf200s25b,validation,651,buy,2025-06-23 19:45:00,2025-06-23 20:25:00,8.0,9.47,mid,vol_high,downtrend,adx_gt25,spread_low
run50AH_nf200s25b_logreg_deep_v1,nf200s25b,validation,652,buy,2025-06-23 21:10:00,2025-06-23 21:50:00,8.0,-2.33,late,vol_high,downtrend,adx_gt25,spread_low
run50AH_nf200s25b_logreg_deep_v1,nf200s25b,validation,653,buy,2025-06-24 17:05:00,2025-06-24 17:45:00,8.0,3.24,early,vol_low,range_or_weak_trend,adx_lt20,spread_low
run50AH_nf200s25b_logreg_deep_v1,nf200s25b,validation,654,buy,2025-06-24 18:50:00,2025-06-24 19:55:00,13.0,0.87,mid,vol_low,range_or_weak_trend,adx_lt20,spread_low
run50AH_nf200s25b_logreg_deep_v1,nf200s25b,validation,655,buy,2025-06-24 22:00:00,2025-06-25 16:50:00,226.0,8.66,late,vol_low,downtrend,adx_20_25,spread_low
run50AH_nf200s25b_logreg_deep_v1,nf200s25b,validation,656,sell,2025-06-25 16:50:00,2025-06-25 17:05:00,3.0,0.96,early,vol_low,downtrend,adx_gt25,spread_low
run50AH_nf200s25b_logreg_deep_v1,nf200s25b,validation,657,buy,2025-06-25 17:05:00,2025-06-25 17:15:00,2.0,-3.05,early,vol_low,downtrend,adx_gt25,spread_low
run50AH_nf200s25b_logreg_deep_v1,nf200s25b,validation,658,sell,2025-06-25 17:15:00,2025-06-25 17:20:00,1.0,-0.67,early,vol_low,downtrend,adx_gt25,spread_low
run50AH_nf200s25b_logreg_deep_v1,nf200s25b,validation,659,buy,2025-06-25 17:20:00,2025-06-25 18:00:00,8.0,1.11,early,vol_low,downtrend,adx_gt25,spread_low
run50AH_nf200s25b_logreg_deep_v1,nf200s25b,validation,660,buy,2025-06-25 18:50:00,2025-06-25 19:35:00,9.0,-2.47,mid,vol_low,downtrend,adx_gt25,spread_low
run50AH_nf200s25b_logreg_deep_v1,nf200s25b,validation,661,buy,2025-06-25 20:30:00,2025-06-25 21:20:00,10.0,-3.42,late,vol_low,downtrend,adx_gt25,spread_low
run50AH_nf200s25b_logreg_deep_v1,nf200s25b,validation,662,buy,2025-06-26 17:10:00,2025-06-26 18:05:00,11.0,3.49,early,vol_mid,downtrend,adx_20_25,spread_low
run50AH_nf200s25b_logreg_deep_v1,nf200s25b,validation,663,buy,2025-06-26 20:10:00,2025-06-26 21:25:00,15.0,5.98,mid,vol_low,range_or_weak_trend,adx_lt20,spread_low
run50AH_nf200s25b_logreg_deep_v1,nf200s25b,validation,664,buy,2025-06-27 17:10:00,2025-06-27 17:55:00,9.0,-2.4,early,vol_low,downtrend,adx_gt25,spread_low
run50AH_nf200s25b_logreg_deep_v1,nf200s25b,validation,665,sell,2025-06-27 17:55:00,2025-06-27 18:10:00,3.0,-0.25,early,vol_low,downtrend,adx_gt25,spread_low
run50AH_nf200s25b_logreg_deep_v1,nf200s25b,validation,666,buy,2025-06-27 18:10:00,2025-06-27 18:50:00,8.0,4.19,early,vol_low,downtrend,adx_20_25,spread_low
run50AH_nf200s25b_logreg_deep_v1,nf200s25b,validation,667,buy,2025-06-27 20:20:00,2025-06-27 20:45:00,5.0,-3.56,late,vol_low,range_or_weak_trend,adx_lt20,spread_low
run50AH_nf200s25b_logreg_deep_v1,nf200s25b,validation,668,sell,2025-06-27 20:45:00,2025-06-27 21:05:00,4.0,2.16,late,vol_low,range_or_weak_trend,adx_lt20,spread_low
run50AH_nf200s25b_logreg_deep_v1,nf200s25b,validation,669,buy,2025-06-27 21:05:00,2025-06-27 21:15:00,2.0,-1.82,late,vol_low,downtrend,adx_gt25,spread_low
run50AH_nf200s25b_logreg_deep_v1,nf200s25b,validation,670,sell,2025-06-27 21:15:00,2025-06-27 21:55:00,8.0,9.86,late,vol_low,downtrend,adx_gt25,spread_low
run50AH_nf200s25b_logreg_deep_v1,nf200s25b,validation,671,buy,2025-06-30 17:10:00,2025-06-30 17:50:00,8.0,0.01,early,vol_low,downtrend,adx_gt25,spread_low
run50AH_nf200s25b_logreg_deep_v1,nf200s25b,validation,672,buy,2025-06-30 18:35:00,2025-06-30 19:25:00,10.0,-0.22,mid,vol_low,downtrend,adx_gt25,spread_low
run50AH_nf200s25b_logreg_deep_v1,nf200s25b,validation,673,sell,2025-06-30 21:00:00,2025-06-30 21:05:00,1.0,-0.6,late,vol_low,range_or_weak_trend,adx_lt20,spread_low
run50AH_nf200s25b_logreg_deep_v1,nf200s25b,validation,674,buy,2025-06-30 21:05:00,2025-07-01 16:35:00,234.0,-2.38,late,vol_low,range_or_weak_trend,adx_lt20,spread_low
run50AH_nf200s25b_logreg_deep_v1,nf200s25b,validation,675,buy,2025-07-01 17:20:00,2025-07-01 17:55:00,7.0,-11.9,early,vol_low,range_or_weak_trend,adx_lt20,spread_low
run50AH_nf200s25b_logreg_deep_v1,nf200s25b,validation,676,sell,2025-07-01 17:55:00,2025-07-01 18:30:00,7.0,2.06,early,vol_low,downtrend,adx_gt25,spread_low
run50AH_nf200s25b_logreg_deep_v1,nf200s25b,validation,677,buy,2025-07-01 18:30:00,2025-07-01 18:40:00,2.0,-3.27,mid,vol_high,downtrend,adx_gt25,spread_low
run50AH_nf200s25b_logreg_deep_v1,nf200s25b,validation,678,sell,2025-07-01 18:40:00,2025-07-01 18:55:00,3.0,-1.57,mid,vol_high,downtrend,adx_gt25,spread_low
run50AH_nf200s25b_logreg_deep_v1,nf200s25b,validation,679,buy,2025-07-01 18:55:00,2025-07-01 19:05:00,2.0,-2.72,mid,vol_high,downtrend,adx_gt25,spread_low
run50AH_nf200s25b_logreg_deep_v1,nf200s25b,validation,680,sell,2025-07-01 19:05:00,2025-07-01 19:10:00,1.0,-1.42,mid,vol_high,downtrend,adx_gt25,spread_low
run50AH_nf200s25b_logreg_deep_v1,nf200s25b,validation,681,buy,2025-07-01 19:10:00,2025-07-01 19:50:00,8.0,5.61,mid,vol_high,downtrend,adx_gt25,spread_low
run50AH_nf200s25b_logreg_deep_v1,nf200s25b,validation,682,buy,2025-07-01 21:00:00,2025-07-02 16:35:00,235.0,-7.78,late,vol_low,range_or_weak_trend,adx_lt20,spread_low
run50AH_nf200s25b_logreg_deep_v1,nf200s25b,validation,683,sell,2025-07-02 16:35:00,2025-07-02 16:40:00,1.0,-3.66,early,vol_low,downtrend,adx_gt25,spread_low
run50AH_nf200s25b_logreg_deep_v1,nf200s25b,validation,684,buy,2025-07-02 16:40:00,2025-07-02 17:25:00,9.0,6.33,early,vol_mid,downtrend,adx_gt25,spread_low
run50AH_nf200s25b_logreg_deep_v1,nf200s25b,validation,685,buy,2025-07-02 18:30:00,2025-07-02 20:05:00,19.0,3.51,mid,vol_low,downtrend,adx_gt25,spread_low
run50AH_nf200s25b_logreg_deep_v1,nf200s25b,validation,686,buy,2025-07-02 21:30:00,2025-07-07 16:35:00,1381.0,9.11,late,vol_low,range_or_weak_trend,adx_lt20,spread_low
run50AH_nf200s25b_logreg_deep_v1,nf200s25b,validation,687,sell,2025-07-07 16:35:00,2025-07-07 16:40:00,1.0,0.19,early,vol_low,downtrend,adx_gt25,spread_low
run50AH_nf200s25b_logreg_deep_v1,nf200s25b,validation,688,buy,2025-07-07 16:40:00,2025-07-07 17:25:00,9.0,2.18,early,vol_low,downtrend,adx_gt25,spread_low
run50AH_nf200s25b_logreg_deep_v1,nf200s25b,validation,689,buy,2025-07-07 18:20:00,2025-07-07 19:05:00,9.0,4.23,early,vol_low,downtrend,adx_gt25,spread_low
run50AH_nf200s25b_logreg_deep_v1,nf200s25b,validation,690,sell,2025-07-07 19:55:00,2025-07-07 20:10:00,3.0,-2.3,mid,vol_low,downtrend,adx_gt25,spread_low
run50AH_nf200s25b_logreg_deep_v1,nf200s25b,validation,691,buy,2025-07-07 20:10:00,2025-07-07 20:55:00,9.0,-1.93,mid,vol_low,downtrend,adx_gt25,spread_low
run50AH_nf200s25b_logreg_deep_v1,nf200s25b,validation,692,buy,2025-07-07 21:40:00,2025-07-08 16:35:00,227.0,7.79,late,vol_low,downtrend,adx_gt25,spread_low
run50AH_nf200s25b_logreg_deep_v1,nf200s25b,validation,693,sell,2025-07-08 16:35:00,2025-07-08 16:40:00,1.0,0.64,early,vol_low,range_or_weak_trend,adx_lt20,spread_low
run50AH_nf200s25b_logreg_deep_v1,nf200s25b,validation,694,buy,2025-07-08 16:40:00,2025-07-08 17:25:00,9.0,-3.6,early,vol_low,range_or_weak_trend,adx_lt20,spread_low
run50AH_nf200s25b_logreg_deep_v1,nf200s25b,validation,695,buy,2025-07-08 18:30:00,2025-07-08 19:35:00,13.0,5.69,mid,vol_mid,downtrend,adx_gt25,spread_low
run50AH_nf200s25b_logreg_deep_v1,nf200s25b,validation,696,buy,2025-07-08 20:30:00,2025-07-08 21:30:00,12.0,-0.1,late,vol_low,range_or_weak_trend,adx_lt20,spread_low
run50AH_nf200s25b_logreg_deep_v1,nf200s25b,validation,697,buy,2025-07-09 17:20:00,2025-07-09 17:30:00,2.0,-2.98,early,vol_low,downtrend,adx_gt25,spread_low
run50AH_nf200s25b_logreg_deep_v1,nf200s25b,validation,698,sell,2025-07-09 17:30:00,2025-07-09 18:10:00,8.0,10.28,early,vol_low,downtrend,adx_gt25,spread_low
run50AH_nf200s25b_logreg_deep_v1,nf200s25b,validation,699,buy,2025-07-09 19:05:00,2025-07-09 20:20:00,15.0,2.31,mid,vol_mid,downtrend,adx_gt25,spread_low
run50AH_nf200s25b_logreg_deep_v1,nf200s25b,validation,700,buy,2025-07-10 16:40:00,2025-07-10 16:55:00,3.0,-5.87,early,vol_low,downtrend,adx_20_25,spread_low
run50AH_nf200s25b_logreg_deep_v1,nf200s25b,validation,701,sell,2025-07-10 16:55:00,2025-07-10 17:20:00,5.0,1.29,early,vol_low,downtrend,adx_gt25,spread_low
run50AH_nf200s25b_logreg_deep_v1,nf200s25b,validation,702,buy,2025-07-10 17:20:00,2025-07-10 17:25:00,1.0,-2.91,early,vol_mid,downtrend,adx_gt25,spread_low
run50AH_nf200s25b_logreg_deep_v1,nf200s25b,validation,703,sell,2025-07-10 17:25:00,2025-07-10 17:40:00,3.0,-2.8,early,vol_mid,downtrend,adx_gt25,spread_low
run50AH_nf200s25b_logreg_deep_v1,nf200s25b,validation,704,buy,2025-07-10 17:40:00,2025-07-10 19:55:00,27.0,3.63,early,vol_mid,downtrend,adx_gt25,spread_low
run50AH_nf200s25b_logreg_deep_v1,nf200s25b,validation,705,buy,2025-07-11 16:45:00,2025-07-11 16:50:00,1.0,5.69,early,vol_low,range_or_weak_trend,adx_lt20,spread_low
run50AH_nf200s25b_logreg_deep_v1,nf200s25b,validation,706,sell,2025-07-11 16:50:00,2025-07-11 17:10:00,4.0,-1.7,early,vol_mid,range_or_weak_trend,adx_lt20,spread_low
run50AH_nf200s25b_logreg_deep_v1,nf200s25b,validation,707,buy,2025-07-11 17:10:00,2025-07-11 17:55:00,9.0,0.59,early,vol_mid,downtrend,adx_20_25,spread_low
run50AH_nf200s25b_logreg_deep_v1,nf200s25b,validation,708,buy,2025-07-11 18:50:00,2025-07-11 19:40:00,10.0,0.23,mid,vol_low,range_or_weak_trend,adx_lt20,spread_low
run50AH_nf200s25b_logreg_deep_v1,nf200s25b,validation,709,buy,2025-07-11 20:45:00,2025-07-14 16:40:00,815.0,-4.5,late,vol_low,downtrend,adx_20_25,spread_low
run50AH_nf200s25b_logreg_deep_v1,nf200s25b,validation,710,buy,2025-07-14 17:25:00,2025-07-14 17:30:00,1.0,-3.92,early,vol_high,range_or_weak_trend,adx_lt20,spread_low
run50AH_nf200s25b_logreg_deep_v1,nf200s25b,validation,711,sell,2025-07-14 17:30:00,2025-07-14 17:35:00,1.0,0.91,early,vol_high,range_or_weak_trend,adx_lt20,spread_low
run50AH_nf200s25b_logreg_deep_v1,nf200s25b,validation,712,buy,2025-07-14 17:35:00,2025-07-14 17:40:00,1.0,1.09,early,vol_high,range_or_weak_trend,adx_lt20,spread_low
run50AH_nf200s25b_logreg_deep_v1,nf200s25b,validation,713,sell,2025-07-14 17:40:00,2025-07-14 18:15:00,7.0,-6.71,early,vol_high,range_or_weak_trend,adx_lt20,spread_low
run50AH_nf200s25b_logreg_deep_v1,nf200s25b,validation,714,buy,2025-07-14 18:15:00,2025-07-14 19:15:00,12.0,1.68,early,vol_high,range_or_weak_trend,adx_lt20,spread_low
run50AH_nf200s25b_logreg_deep_v1,nf200s25b,validation,715,buy,2025-07-14 20:40:00,2025-07-15 16:50:00,242.0,8.86,late,vol_low,downtrend,adx_gt25,spread_low
run50AH_nf200s25b_logreg_deep_v1,nf200s25b,validation,716,buy,2025-07-15 17:35:00,2025-07-15 18:20:00,9.0,-2.97,early,vol_low,range_or_weak_trend,adx_lt20,spread_low
run50AH_nf200s25b_logreg_deep_v1,nf200s25b,validation,717,buy,2025-07-15 19:10:00,2025-07-15 19:50:00,8.0,-0.25,mid,vol_low,range_or_weak_trend,adx_lt20,spread_low
run50AH_nf200s25b_logreg_deep_v1,nf200s25b,validation,718,buy,2025-07-15 20:55:00,2025-07-15 22:00:00,13.0,-6.35,late,vol_low,range_or_weak_trend,adx_lt20,spread_low
run50AH_nf200s25b_logreg_deep_v1,nf200s25b,validation,719,sell,2025-07-15 22:00:00,2025-07-16 17:10:00,230.0,11.64,late,vol_low,range_or_weak_trend,adx_lt20,spread_low
run50AH_nf200s25b_logreg_deep_v1,nf200s25b,validation,720,buy,2025-07-16 18:00:00,2025-07-16 18:40:00,8.0,-12.1,early,vol_mid,downtrend,adx_gt25,spread_low
run50AH_nf200s25b_logreg_deep_v1,nf200s25b,validation,721,buy,2025-07-16 19:25:00,2025-07-16 20:10:00,9.0,7.61,mid,vol_high,range_or_weak_trend,adx_lt20,spread_low
run50AH_nf200s25b_logreg_deep_v1,nf200s25b,validation,722,buy,2025-07-16 21:05:00,2025-07-16 21:20:00,3.0,-0.9,late,vol_low,range_or_weak_trend,adx_lt20,spread_low
run50AH_nf200s25b_logreg_deep_v1,nf200s25b,validation,723,sell,2025-07-16 21:20:00,2025-07-17 16:45:00,233.0,-9.87,late,vol_low,range_or_weak_trend,adx_lt20,spread_low
run50AH_nf200s25b_logreg_deep_v1,nf200s25b,validation,724,buy,2025-07-17 16:45:00,2025-07-17 17:45:00,12.0,4.94,early,vol_low,downtrend,adx_gt25,spread_low
run50AH_nf200s25b_logreg_deep_v1,nf200s25b,validation,725,buy,2025-07-17 20:55:00,2025-07-18 16:35:00,236.0,2.87,late,vol_low,downtrend,adx_gt25,spread_low
run50AH_nf200s25b_logreg_deep_v1,nf200s25b,validation,726,sell,2025-07-18 16:35:00,2025-07-18 16:55:00,4.0,2.57,early,vol_low,range_or_weak_trend,adx_lt20,spread_low
run50AH_nf200s25b_logreg_deep_v1,nf200s25b,validation,727,buy,2025-07-18 16:55:00,2025-07-18 17:30:00,7.0,-7.27,early,vol_low,downtrend,adx_20_25,spread_low
run50AH_nf200s25b_logreg_deep_v1,nf200s25b,validation,728,sell,2025-07-18 17:30:00,2025-07-18 17:35:00,1.0,-1.25,early,vol_low,range_or_weak_trend,adx_lt20,spread_low
run50AH_nf200s25b_logreg_deep_v1,nf200s25b,validation,729,buy,2025-07-18 17:35:00,2025-07-18 17:40:00,1.0,0.06,early,vol_low,range_or_weak_trend,adx_lt20,spread_low
run50AH_nf200s25b_logreg_deep_v1,nf200s25b,validation,730,sell,2025-07-18 17:40:00,2025-07-18 17:45:00,1.0,-1.82,early,vol_low,range_or_weak_trend,adx_lt20,spread_low
run50AH_nf200s25b_logreg_deep_v1,nf200s25b,validation,731,buy,2025-07-18 17:45:00,2025-07-18 18:00:00,3.0,-2.0,early,vol_low,range_or_weak_trend,adx_lt20,spread_low
run50AH_nf200s25b_logreg_deep_v1,nf200s25b,validation,732,sell,2025-07-18 18:00:00,2025-07-18 18:20:00,4.0,-0.18,early,vol_low,range_or_weak_trend,adx_lt20,spread_low
run50AH_nf200s25b_logreg_deep_v1,nf200s25b,validation,733,buy,2025-07-18 18:20:00,2025-07-18 19:25:00,13.0,1.34,early,vol_low,range_or_weak_trend,adx_lt20,spread_low
run50AH_nf200s25b_logreg_deep_v1,nf200s25b,validation,734,sell,2025-07-18 19:25:00,2025-07-18 19:50:00,5.0,1.96,mid,vol_low,range_or_weak_trend,adx_lt20,spread_low
run50AH_nf200s25b_logreg_deep_v1,nf200s25b,validation,735,buy,2025-07-18 19:50:00,2025-07-18 20:00:00,2.0,-1.32,mid,vol_low,range_or_weak_trend,adx_lt20,spread_low
run50AH_nf200s25b_logreg_deep_v1,nf200s25b,validation,736,sell,2025-07-18 20:00:00,2025-07-18 20:05:00,1.0,0.09,mid,vol_low,range_or_weak_trend,adx_lt20,spread_low
run50AH_nf200s25b_logreg_deep_v1,nf200s25b,validation,737,buy,2025-07-18 20:05:00,2025-07-18 20:55:00,10.0,0.69,mid,vol_low,downtrend,adx_20_25,spread_low
run50AH_nf200s25b_logreg_deep_v1,nf200s25b,validation,738,buy,2025-07-21 16:45:00,2025-07-21 17:35:00,10.0,7.86,early,vol_low,downtrend,adx_gt25,spread_low
run50AH_nf200s25b_logreg_deep_v1,nf200s25b,validation,739,buy,2025-07-21 19:05:00,2025-07-21 20:10:00,13.0,1.93,mid,vol_low,downtrend,adx_gt25,spread_low
run50AH_nf200s25b_logreg_deep_v1,nf200s25b,validation,740,sell,2025-07-22 16:45:00,2025-07-22 17:25:00,8.0,11.33,early,vol_low,downtrend,adx_gt25,spread_low
run50AH_nf200s25b_logreg_deep_v1,nf200s25b,validation,741,buy,2025-07-22 18:10:00,2025-07-22 18:55:00,9.0,-0.25,early,vol_high,downtrend,adx_gt25,spread_low
run50AH_nf200s25b_logreg_deep_v1,nf200s25b,validation,742,buy,2025-07-22 19:45:00,2025-07-22 21:10:00,17.0,5.02,mid,vol_low,range_or_weak_trend,adx_lt20,spread_low
run50AH_nf200s25b_logreg_deep_v1,nf200s25b,validation,743,sell,2025-07-23 17:00:00,2025-07-23 17:20:00,4.0,-0.26,early,vol_low,downtrend,adx_gt25,spread_low
run50AH_nf200s25b_logreg_deep_v1,nf200s25b,validation,744,buy,2025-07-23 17:20:00,2025-07-23 17:35:00,3.0,-1.7,early,vol_low,downtrend,adx_gt25,spread_low
run50AH_nf200s25b_logreg_deep_v1,nf200s25b,validation,745,sell,2025-07-23 17:35:00,2025-07-23 17:40:00,1.0,-1.4,early,vol_mid,downtrend,adx_gt25,spread_low
run50AH_nf200s25b_logreg_deep_v1,nf200s25b,validation,746,buy,2025-07-23 17:40:00,2025-07-23 18:25:00,9.0,3.71,early,vol_mid,downtrend,adx_gt25,spread_low
run50AH_nf200s25b_logreg_deep_v1,nf200s25b,validation,747,buy,2025-07-23 19:40:00,2025-07-23 20:50:00,14.0,4.54,mid,vol_low,downtrend,adx_20_25,spread_low
run50AH_nf200s25b_logreg_deep_v1,nf200s25b,validation,748,buy,2025-07-24 16:35:00,2025-07-24 17:15:00,8.0,-5.7,early,vol_low,downtrend,adx_gt25,spread_low
run50AH_nf200s25b_logreg_deep_v1,nf200s25b,validation,749,buy,2025-07-24 18:10:00,2025-07-24 19:15:00,13.0,-2.55,early,vol_low,downtrend,adx_20_25,spread_low
run50AH_nf200s25b_logreg_deep_v1,nf200s25b,validation,750,buy,2025-07-24 20:10:00,2025-07-24 21:20:00,14.0,2.43,mid,vol_low,range_or_weak_trend,adx_lt20,spread_low
run50AH_nf200s25b_logreg_deep_v1,nf200s25b,validation,751,sell,2025-07-25 16:50:00,2025-07-25 17:10:00,4.0,-1.9,early,vol_low,downtrend,adx_gt25,spread_low
run50AH_nf200s25b_logreg_deep_v1,nf200s25b,validation,752,buy,2025-07-25 17:10:00,2025-07-25 17:35:00,5.0,-0.22,early,vol_low,downtrend,adx_20_25,spread_low
run50AH_nf200s25b_logreg_deep_v1,nf200s25b,validation,753,sell,2025-07-25 17:35:00,2025-07-25 17:40:00,1.0,-0.23,early,vol_low,range_or_weak_trend,adx_lt20,spread_low
run50AH_nf200s25b_logreg_deep_v1,nf200s25b,validation,754,buy,2025-07-25 17:40:00,2025-07-25 19:15:00,19.0,3.98,early,vol_low,range_or_weak_trend,adx_lt20,spread_low
run50AH_nf200s25b_logreg_deep_v1,nf200s25b,validation,755,sell,2025-07-28 16:40:00,2025-07-28 17:10:00,6.0,-3.65,early,vol_low,downtrend,adx_gt25,spread_low
run50AH_nf200s25b_logreg_deep_v1,nf200s25b,validation,756,buy,2025-07-28 17:10:00,2025-07-28 17:15:00,1.0,-0.78,early,vol_low,downtrend,adx_20_25,spread_low
run50AH_nf200s25b_logreg_deep_v1,nf200s25b,validation,757,sell,2025-07-28 17:15:00,2025-07-28 17:20:00,1.0,0.68,early,vol_low,range_or_weak_trend,adx_lt20,spread_low
run50AH_nf200s25b_logreg_deep_v1,nf200s25b,validation,758,buy,2025-07-28 17:20:00,2025-07-28 17:25:00,1.0,-0.97,early,vol_low,range_or_weak_trend,adx_lt20,spread_low
run50AH_nf200s25b_logreg_deep_v1,nf200s25b,validation,759,sell,2025-07-28 17:25:00,2025-07-28 17:35:00,2.0,-0.35,early,vol_low,range_or_weak_trend,adx_lt20,spread_low
run50AH_nf200s25b_logreg_deep_v1,nf200s25b,validation,760,buy,2025-07-28 17:35:00,2025-07-28 18:25:00,10.0,-3.37,early,vol_low,downtrend,adx_20_25,spread_low
run50AH_nf200s25b_logreg_deep_v1,nf200s25b,validation,761,sell,2025-07-28 18:25:00,2025-07-28 18:35:00,2.0,-1.32,mid,vol_low,downtrend,adx_gt25,spread_low
run50AH_nf200s25b_logreg_deep_v1,nf200s25b,validation,762,buy,2025-07-28 18:35:00,2025-07-28 20:35:00,24.0,-0.07,mid,vol_low,downtrend,adx_gt25,spread_low
run50AH_nf200s25b_logreg_deep_v1,nf200s25b,validation,763,buy,2025-07-28 22:00:00,2025-07-29 17:15:00,231.0,10.71,late,vol_low,downtrend,adx_gt25,spread_low
run50AH_nf200s25b_logreg_deep_v1,nf200s25b,validation,764,sell,2025-07-29 18:00:00,2025-07-29 18:40:00,8.0,5.78,early,vol_low,downtrend,adx_gt25,spread_low
run50AH_nf200s25b_logreg_deep_v1,nf200s25b,validation,765,buy,2025-07-29 19:25:00,2025-07-29 20:05:00,8.0,3.51,mid,vol_low,downtrend,adx_gt25,spread_low
run50AH_nf200s25b_logreg_deep_v1,nf200s25b,validation,766,buy,2025-07-29 20:50:00,2025-07-29 21:50:00,12.0,1.76,late,vol_low,downtrend,adx_20_25,spread_low
run50AH_nf200s25b_logreg_deep_v1,nf200s25b,validation,767,buy,2025-07-30 17:05:00,2025-07-30 17:50:00,9.0,3.86,early,vol_low,range_or_weak_trend,adx_lt20,spread_low
run50AH_nf200s25b_logreg_deep_v1,nf200s25b,validation,768,buy,2025-07-30 18:35:00,2025-07-30 19:20:00,9.0,5.63,mid,vol_low,range_or_weak_trend,adx_lt20,spread_low
run50AH_nf200s25b_logreg_deep_v1,nf200s25b,validation,769,buy,2025-07-30 21:00:00,2025-07-30 21:40:00,8.0,-0.33,late,vol_low,range_or_weak_trend,adx_lt20,spread_low
run50AH_nf200s25b_logreg_deep_v1,nf200s25b,validation,770,sell,2025-07-30 21:40:00,2025-07-31 16:35:00,227.0,-13.96,late,vol_low,range_or_weak_trend,adx_lt20,spread_low
run50AH_nf200s25b_logreg_deep_v1,nf200s25b,validation,771,buy,2025-07-31 16:35:00,2025-07-31 16:40:00,1.0,-2.1,early,vol_mid,downtrend,adx_20_25,spread_low
run50AH_nf200s25b_logreg_deep_v1,nf200s25b,validation,772,sell,2025-07-31 16:40:00,2025-07-31 16:50:00,2.0,1.31,early,vol_mid,downtrend,adx_gt25,spread_low
run50AH_nf200s25b_logreg_deep_v1,nf200s25b,validation,773,buy,2025-07-31 16:50:00,2025-07-31 17:35:00,9.0,-2.5,early,vol_mid,downtrend,adx_gt25,spread_low
run50AH_nf200s25b_logreg_deep_v1,nf200s25b,validation,774,buy,2025-07-31 18:20:00,2025-07-31 19:05:00,9.0,7.26,early,vol_mid,downtrend,adx_gt25,spread_low
run50AH_nf200s25b_logreg_deep_v1,nf200s25b,validation,775,buy,2025-07-31 20:20:00,2025-07-31 20:25:00,1.0,-2.77,late,vol_low,downtrend,adx_gt25,spread_low
run50AH_nf200s25b_logreg_deep_v1,nf200s25b,validation,776,sell,2025-07-31 20:25:00,2025-07-31 21:05:00,8.0,10.81,late,vol_low,downtrend,adx_gt25,spread_low
run50AH_nf200s25b_logreg_deep_v1,nf200s25b,validation,777,buy,2025-07-31 21:50:00,2025-07-31 22:00:00,2.0,-2.92,late,vol_mid,downtrend,adx_gt25,spread_low
run50AH_nf200s25b_logreg_deep_v1,nf200s25b,validation,778,sell,2025-07-31 22:00:00,2025-08-01 17:10:00,230.0,52.16,late,vol_mid,downtrend,adx_gt25,spread_low
run50AH_nf200s25b_logreg_deep_v1,nf200s25b,validation,779,sell,2025-08-01 17:55:00,2025-08-01 18:35:00,8.0,3.27,early,vol_high,downtrend,adx_gt25,spread_low
run50AH_nf200s25b_logreg_deep_v1,nf200s25b,validation,780,buy,2025-08-01 19:20:00,2025-08-01 20:00:00,8.0,-14.76,mid,vol_mid,downtrend,adx_20_25,spread_low
run50AH_nf200s25b_logreg_deep_v1,nf200s25b,validation,781,sell,2025-08-01 20:45:00,2025-08-01 21:25:00,8.0,-0.86,late,vol_low,downtrend,adx_gt25,spread_low
run50AH_nf200s25b_logreg_deep_v1,nf200s25b,validation,782,buy,2025-08-04 16:40:00,2025-08-04 17:20:00,8.0,8.73,early,vol_low,downtrend,adx_20_25,spread_low
run50AH_nf200s25b_logreg_deep_v1,nf200s25b,validation,783,sell,2025-08-04 18:05:00,2025-08-04 18:10:00,1.0,0.29,early,vol_mid,downtrend,adx_gt25,spread_low
run50AH_nf200s25b_logreg_deep_v1,nf200s25b,validation,784,buy,2025-08-04 18:10:00,2025-08-04 18:55:00,9.0,2.74,early,vol_mid,downtrend,adx_gt25,spread_low
run50AH_nf200s25b_logreg_deep_v1,nf200s25b,validation,785,buy,2025-08-04 19:50:00,2025-08-04 20:50:00,12.0,-0.35,mid,vol_low,downtrend,adx_20_25,spread_low
run50AH_nf200s25b_logreg_deep_v1,nf200s25b,validation,786,buy,2025-08-04 21:45:00,2025-08-05 16:35:00,226.0,4.59,late,vol_low,range_or_weak_trend,adx_lt20,spread_low
run50AH_nf200s25b_logreg_deep_v1,nf200s25b,validation,787,sell,2025-08-05 16:35:00,2025-08-05 16:40:00,1.0,-4.38,early,vol_low,range_or_weak_trend,adx_lt20,spread_low
run50AH_nf200s25b_logreg_deep_v1,nf200s25b,validation,788,buy,2025-08-05 16:40:00,2025-08-05 16:45:00,1.0,0.36,early,vol_low,range_or_weak_trend,adx_lt20,spread_low
run50AH_nf200s25b_logreg_deep_v1,nf200s25b,validation,789,sell,2025-08-05 16:45:00,2025-08-05 16:50:00,1.0,-2.68,early,vol_low,range_or_weak_trend,adx_lt20,spread_low
run50AH_nf200s25b_logreg_deep_v1,nf200s25b,validation,790,buy,2025-08-05 16:50:00,2025-08-05 16:55:00,1.0,0.67,early,vol_mid,range_or_weak_trend,adx_lt20,spread_low
run50AH_nf200s25b_logreg_deep_v1,nf200s25b,validation,791,sell,2025-08-05 16:55:00,2025-08-05 17:05:00,2.0,6.06,early,vol_mid,range_or_weak_trend,adx_lt20,spread_low
run50AH_nf200s25b_logreg_deep_v1,nf200s25b,validation,792,buy,2025-08-05 17:05:00,2025-08-05 17:45:00,8.0,-14.17,early,vol_mid,range_or_weak_trend,adx_lt20,spread_low
run50AH_nf200s25b_logreg_deep_v1,nf200s25b,validation,793,buy,2025-08-05 18:30:00,2025-08-05 19:10:00,8.0,0.19,mid,vol_mid,downtrend,adx_gt25,spread_low
run50AH_nf200s25b_logreg_deep_v1,nf200s25b,validation,794,buy,2025-08-05 20:10:00,2025-08-05 21:05:00,11.0,5.63,mid,vol_low,downtrend,adx_gt25,spread_low
run50AH_nf200s25b_logreg_deep_v1,nf200s25b,validation,795,sell,2025-08-05 22:00:00,2025-08-06 16:40:00,224.0,-1.55,late,vol_low,downtrend,adx_gt25,spread_low
run50AH_nf200s25b_logreg_deep_v1,nf200s25b,validation,796,buy,2025-08-06 16:40:00,2025-08-06 16:50:00,2.0,5.71,early,vol_mid,range_or_weak_trend,adx_lt20,spread_low
run50AH_nf200s25b_logreg_deep_v1,nf200s25b,validation,797,sell,2025-08-06 16:50:00,2025-08-06 16:55:00,1.0,-1.26,early,vol_mid,range_or_weak_trend,adx_lt20,spread_low
run50AH_nf200s25b_logreg_deep_v1,nf200s25b,validation,798,buy,2025-08-06 16:55:00,2025-08-06 17:35:00,8.0,-2.66,early,vol_mid,downtrend,adx_20_25,spread_low
run50AH_nf200s25b_logreg_deep_v1,nf200s25b,validation,799,buy,2025-08-06 18:20:00,2025-08-06 19:05:00,9.0,6.77,early,vol_high,downtrend,adx_20_25,spread_low
run50AH_nf200s25b_logreg_deep_v1,nf200s25b,validation,800,sell,2025-08-06 19:50:00,2025-08-06 20:05:00,3.0,-0.45,mid,vol_low,downtrend,adx_gt25,spread_low
run50AH_nf200s25b_logreg_deep_v1,nf200s25b,validation,801,buy,2025-08-06 20:05:00,2025-08-06 21:10:00,13.0,2.63,mid,vol_low,downtrend,adx_gt25,spread_low
run50AH_nf200s25b_logreg_deep_v1,nf200s25b,validation,802,buy,2025-08-07 16:55:00,2025-08-07 17:35:00,8.0,-5.22,early,vol_low,downtrend,adx_20_25,spread_low
run50AH_nf200s25b_logreg_deep_v1,nf200s25b,validation,803,buy,2025-08-07 18:20:00,2025-08-07 19:10:00,10.0,-6.41,early,vol_mid,downtrend,adx_gt25,spread_low
run50AH_nf200s25b_logreg_deep_v1,nf200s25b,validation,804,buy,2025-08-07 20:00:00,2025-08-07 20:40:00,8.0,-5.41,mid,vol_mid,downtrend,adx_gt25,spread_low
run50AH_nf200s25b_logreg_deep_v1,nf200s25b,validation,805,buy,2025-08-07 21:25:00,2025-08-07 21:45:00,4.0,1.42,late,vol_mid,downtrend,adx_gt25,spread_low
run50AH_nf200s25b_logreg_deep_v1,nf200s25b,validation,806,sell,2025-08-07 21:45:00,2025-08-07 21:50:00,1.0,-2.8,late,vol_mid,downtrend,adx_gt25,spread_low
run50AH_nf200s25b_logreg_deep_v1,nf200s25b,validation,807,buy,2025-08-07 21:50:00,2025-08-08 17:00:00,230.0,26.33,late,vol_mid,downtrend,adx_gt25,spread_low
run50AH_nf200s25b_logreg_deep_v1,nf200s25b,validation,808,buy,2025-08-08 18:05:00,2025-08-08 18:40:00,7.0,-3.47,early,vol_low,downtrend,adx_gt25,spread_low
run50AH_nf200s25b_logreg_deep_v1,nf200s25b,validation,809,sell,2025-08-08 18:40:00,2025-08-08 18:50:00,2.0,-1.93,mid,vol_low,downtrend,adx_gt25,spread_low
run50AH_nf200s25b_logreg_deep_v1,nf200s25b,validation,810,buy,2025-08-08 18:50:00,2025-08-08 19:55:00,13.0,3.14,mid,vol_low,downtrend,adx_gt25,spread_low
run50AH_nf200s25b_logreg_deep_v1,nf200s25b,validation,811,buy,2025-08-08 20:50:00,2025-08-11 16:35:00,813.0,-1.21,late,vol_low,range_or_weak_trend,adx_lt20,spread_low
run50AH_nf200s25b_logreg_deep_v1,nf200s25b,validation,812,buy,2025-08-11 17:20:00,2025-08-11 17:50:00,6.0,-3.87,early,vol_low,downtrend,adx_20_25,spread_low
run50AH_nf200s25b_logreg_deep_v1,nf200s25b,validation,813,sell,2025-08-11 17:50:00,2025-08-11 18:05:00,3.0,0.31,early,vol_low,range_or_weak_trend,adx_lt20,spread_low
run50AH_nf200s25b_logreg_deep_v1,nf200s25b,validation,814,buy,2025-08-11 18:05:00,2025-08-11 19:10:00,13.0,7.26,early,vol_low,range_or_weak_trend,adx_lt20,spread_low
run50AH_nf200s25b_logreg_deep_v1,nf200s25b,validation,815,buy,2025-08-11 20:55:00,2025-08-11 21:05:00,2.0,-1.7,late,vol_low,downtrend,adx_20_25,spread_low
run50AH_nf200s25b_logreg_deep_v1,nf200s25b,validation,816,sell,2025-08-11 21:05:00,2025-08-11 21:20:00,3.0,-0.47,late,vol_low,downtrend,adx_gt25,spread_low
run50AH_nf200s25b_logreg_deep_v1,nf200s25b,validation,817,buy,2025-08-11 21:20:00,2025-08-11 21:45:00,5.0,-3.06,late,vol_low,downtrend,adx_gt25,spread_low
run50AH_nf200s25b_logreg_deep_v1,nf200s25b,validation,818,sell,2025-08-11 21:45:00,2025-08-11 21:50:00,1.0,-2.83,late,vol_low,downtrend,adx_gt25,spread_low
run50AH_nf200s25b_logreg_deep_v1,nf200s25b,validation,819,buy,2025-08-11 21:50:00,2025-08-12 16:50:00,228.0,1.38,late,vol_low,downtrend,adx_gt25,spread_low
run50AH_nf200s25b_logreg_deep_v1,nf200s25b,validation,820,sell,2025-08-12 16:50:00,2025-08-12 17:05:00,3.0,3.53,early,vol_high,downtrend,adx_gt25,spread_low
run50AH_nf200s25b_logreg_deep_v1,nf200s25b,validation,821,buy,2025-08-12 17:05:00,2025-08-12 17:55:00,10.0,9.97,early,vol_high,downtrend,adx_gt25,spread_low
run50AH_nf200s25b_logreg_deep_v1,nf200s25b,validation,822,buy,2025-08-12 20:15:00,2025-08-13 16:45:00,246.0,14.45,late,vol_low,downtrend,adx_gt25,spread_low
run50AH_nf200s25b_logreg_deep_v1,nf200s25b,validation,823,buy,2025-08-13 17:50:00,2025-08-13 18:05:00,3.0,-2.43,early,vol_low,downtrend,adx_gt25,spread_low
run50AH_nf200s25b_logreg_deep_v1,nf200s25b,validation,824,sell,2025-08-13 18:05:00,2025-08-13 18:25:00,4.0,-0.71,early,vol_low,downtrend,adx_gt25,spread_low
run50AH_nf200s25b_logreg_deep_v1,nf200s25b,validation,825,buy,2025-08-13 18:25:00,2025-08-13 19:15:00,10.0,-1.23,mid,vol_low,downtrend,adx_gt25,spread_low
run50AH_nf200s25b_logreg_deep_v1,nf200s25b,validation,826,buy,2025-08-13 20:10:00,2025-08-13 21:00:00,10.0,3.33,mid,vol_low,downtrend,adx_gt25,spread_low
run50AH_nf200s25b_logreg_deep_v1,nf200s25b,validation,827,buy,2025-08-14 16:35:00,2025-08-14 17:15:00,8.0,0.66,early,vol_high,downtrend,adx_gt25,spread_low
run50AH_nf200s25b_logreg_deep_v1,nf200s25b,validation,828,buy,2025-08-14 18:10:00,2025-08-14 18:55:00,9.0,-1.93,early,vol_low,downtrend,adx_20_25,spread_low
run50AH_nf200s25b_logreg_deep_v1,nf200s25b,validation,829,sell,2025-08-14 19:40:00,2025-08-14 19:45:00,1.0,0.08,mid,vol_low,range_or_weak_trend,adx_lt20,spread_low
run50AH_nf200s25b_logreg_deep_v1,nf200s25b,validation,830,buy,2025-08-14 19:45:00,2025-08-14 20:40:00,11.0,5.13,mid,vol_low,range_or_weak_trend,adx_lt20,spread_low
run50AH_nf200s25b_logreg_deep_v1,nf200s25b,validation,831,buy,2025-08-14 21:35:00,2025-08-15 16:35:00,228.0,-5.34,late,vol_low,range_or_weak_trend,adx_lt20,spread_low
run50AH_nf200s25b_logreg_deep_v1,nf200s25b,validation,832,sell,2025-08-15 16:35:00,2025-08-15 17:05:00,6.0,0.17,early,vol_low,range_or_weak_trend,adx_lt20,spread_low
run50AH_nf200s25b_logreg_deep_v1,nf200s25b,validation,833,buy,2025-08-15 17:05:00,2025-08-15 17:45:00,8.0,-2.26,early,vol_mid,downtrend,adx_gt25,spread_low
run50AH_nf200s25b_logreg_deep_v1,nf200s25b,validation,834,buy,2025-08-15 18:30:00,2025-08-15 18:45:00,3.0,-6.22,mid,vol_low,downtrend,adx_gt25,spread_low
run50AH_nf200s25b_logreg_deep_v1,nf200s25b,validation,835,sell,2025-08-15 18:45:00,2025-08-15 18:50:00,1.0,-3.9,mid,vol_low,downtrend,adx_gt25,spread_low
run50AH_nf200s25b_logreg_deep_v1,nf200s25b,validation,836,buy,2025-08-15 18:50:00,2025-08-15 19:40:00,10.0,0.18,mid,vol_low,downtrend,adx_gt25,spread_low
run50AH_nf200s25b_logreg_deep_v1,nf200s25b,validation,837,buy,2025-08-15 20:45:00,2025-08-15 21:00:00,3.0,2.89,late,vol_low,range_or_weak_trend,adx_lt20,spread_low
run50AH_nf200s25b_logreg_deep_v1,nf200s25b,validation,838,sell,2025-08-15 21:00:00,2025-08-15 21:05:00,1.0,0.73,late,vol_low,range_or_weak_trend,adx_lt20,spread_low
run50AH_nf200s25b_logreg_deep_v1,nf200s25b,validation,839,buy,2025-08-15 21:05:00,2025-08-18 16:35:00,810.0,-1.95,late,vol_low,range_or_weak_trend,adx_lt20,spread_low
run50AH_nf200s25b_logreg_deep_v1,nf200s25b,validation,840,sell,2025-08-18 17:25:00,2025-08-18 17:30:00,1.0,4.07,early,vol_mid,range_or_weak_trend,adx_lt20,spread_low
run50AH_nf200s25b_logreg_deep_v1,nf200s25b,validation,841,buy,2025-08-18 17:30:00,2025-08-18 17:50:00,4.0,-2.81,early,vol_mid,range_or_weak_trend,adx_lt20,spread_low
run50AH_nf200s25b_logreg_deep_v1,nf200s25b,validation,842,sell,2025-08-18 17:50:00,2025-08-18 18:00:00,2.0,-3.08,early,vol_mid,range_or_weak_trend,adx_lt20,spread_low
run50AH_nf200s25b_logreg_deep_v1,nf200s25b,validation,843,buy,2025-08-18 18:00:00,2025-08-18 18:10:00,2.0,0.11,early,vol_mid,range_or_weak_trend,adx_lt20,spread_low
run50AH_nf200s25b_logreg_deep_v1,nf200s25b,validation,844,sell,2025-08-18 18:10:00,2025-08-18 18:20:00,2.0,2.38,early,vol_mid,range_or_weak_trend,adx_lt20,spread_low
run50AH_nf200s25b_logreg_deep_v1,nf200s25b,validation,845,buy,2025-08-18 18:20:00,2025-08-18 19:30:00,14.0,1.36,early,vol_mid,range_or_weak_trend,adx_lt20,spread_low
run50AH_nf200s25b_logreg_deep_v1,nf200s25b,validation,846,buy,2025-08-18 20:15:00,2025-08-18 21:15:00,12.0,0.06,late,vol_low,range_or_weak_trend,adx_lt20,spread_low
run50AH_nf200s25b_logreg_deep_v1,nf200s25b,validation,847,sell,2025-08-19 16:50:00,2025-08-19 17:05:00,3.0,-7.2,early,vol_mid,downtrend,adx_gt25,spread_low
run50AH_nf200s25b_logreg_deep_v1,nf200s25b,validation,848,buy,2025-08-19 17:05:00,2025-08-19 17:30:00,5.0,-9.55,early,vol_high,downtrend,adx_gt25,spread_low
run50AH_nf200s25b_logreg_deep_v1,nf200s25b,validation,849,sell,2025-08-19 17:30:00,2025-08-19 17:35:00,1.0,-1.58,early,vol_high,downtrend,adx_gt25,spread_low
run50AH_nf200s25b_logreg_deep_v1,nf200s25b,validation,850,buy,2025-08-19 17:35:00,2025-08-19 17:40:00,1.0,-3.68,early,vol_high,downtrend,adx_gt25,spread_low
run50AH_nf200s25b_logreg_deep_v1,nf200s25b,validation,851,sell,2025-08-19 17:40:00,2025-08-19 18:20:00,8.0,3.36,early,vol_high,downtrend,adx_gt25,spread_low
run50AH_nf200s25b_logreg_deep_v1,nf200s25b,validation,852,buy,2025-08-19 19:15:00,2025-08-19 20:00:00,9.0,-4.2,mid,vol_mid,downtrend,adx_gt25,spread_low
run50AH_nf200s25b_logreg_deep_v1,nf200s25b,validation,853,buy,2025-08-19 20:55:00,2025-08-19 21:05:00,2.0,-1.7,late,vol_low,downtrend,adx_gt25,spread_low
run50AH_nf200s25b_logreg_deep_v1,nf200s25b,validation,854,sell,2025-08-19 21:05:00,2025-08-19 21:50:00,9.0,2.93,late,vol_low,downtrend,adx_gt25,spread_low
run50AH_nf200s25b_logreg_deep_v1,nf200s25b,validation,855,sell,2025-08-20 17:10:00,2025-08-20 17:50:00,8.0,5.19,early,vol_high,downtrend,adx_gt25,spread_low
run50AH_nf200s25b_logreg_deep_v1,nf200s25b,validation,856,buy,2025-08-20 18:35:00,2025-08-20 19:20:00,9.0,0.93,mid,vol_high,downtrend,adx_gt25,spread_low
run50AH_nf200s25b_logreg_deep_v1,nf200s25b,validation,857,buy,2025-08-20 20:20:00,2025-08-20 20:35:00,3.0,3.73,late,vol_mid,downtrend,adx_20_25,spread_low
run50AH_nf200s25b_logreg_deep_v1,nf200s25b,validation,858,sell,2025-08-20 20:35:00,2025-08-20 20:55:00,4.0,0.93,late,vol_mid,range_or_weak_trend,adx_lt20,spread_low
run50AH_nf200s25b_logreg_deep_v1,nf200s25b,validation,859,buy,2025-08-20 20:55:00,2025-08-20 21:15:00,4.0,-5.75,late,vol_mid,downtrend,adx_20_25,spread_low
run50AH_nf200s25b_logreg_deep_v1,nf200s25b,validation,860,sell,2025-08-20 21:15:00,2025-08-21 16:40:00,233.0,-5.06,late,vol_mid,range_or_weak_trend,adx_lt20,spread_low
run50AH_nf200s25b_logreg_deep_v1,nf200s25b,validation,861,buy,2025-08-21 17:25:00,2025-08-21 18:05:00,8.0,-3.82,early,vol_high,downtrend,adx_gt25,spread_low
run50AH_nf200s25b_logreg_deep_v1,nf200s25b,validation,862,sell,2025-08-21 19:15:00,2025-08-21 19:55:00,8.0,-1.15,mid,vol_high,downtrend,adx_gt25,spread_low
run50AH_nf200s25b_logreg_deep_v1,nf200s25b,validation,863,buy,2025-08-21 19:55:00,2025-08-21 20:00:00,1.0,-4.41,mid,vol_mid,downtrend,adx_gt25,spread_low
run50AH_nf200s25b_logreg_deep_v1,nf200s25b,validation,864,sell,2025-08-21 20:00:00,2025-08-21 20:05:00,1.0,-2.03,mid,vol_mid,downtrend,adx_gt25,spread_low
run50AH_nf200s25b_logreg_deep_v1,nf200s25b,validation,865,buy,2025-08-21 20:05:00,2025-08-21 20:35:00,6.0,-0.67,mid,vol_mid,downtrend,adx_gt25,spread_low
run50AH_nf200s25b_logreg_deep_v1,nf200s25b,validation,866,sell,2025-08-21 20:35:00,2025-08-21 20:40:00,1.0,-2.15,late,vol_mid,downtrend,adx_gt25,spread_low
run50AH_nf200s25b_logreg_deep_v1,nf200s25b,validation,867,buy,2025-08-21 20:40:00,2025-08-21 21:30:00,10.0,0.18,late,vol_mid,downtrend,adx_gt25,spread_low
run50AH_nf200s25b_logreg_deep_v1,nf200s25b,validation,868,buy,2025-08-22 16:50:00,2025-08-22 16:55:00,1.0,-2.33,early,vol_low,range_or_weak_trend,adx_lt20,spread_low
run50AH_nf200s25b_logreg_deep_v1,nf200s25b,validation,869,sell,2025-08-22 16:55:00,2025-08-22 17:05:00,2.0,-17.52,early,vol_mid,range_or_weak_trend,adx_lt20,spread_low
run50AH_nf200s25b_logreg_deep_v1,nf200s25b,validation,870,buy,2025-08-22 17:05:00,2025-08-22 17:45:00,8.0,13.43,early,vol_high,range_or_weak_trend,adx_lt20,spread_low
run50AH_nf200s25b_logreg_deep_v1,nf200s25b,validation,871,buy,2025-08-22 18:40:00,2025-08-22 19:45:00,13.0,-6.97,mid,vol_high,downtrend,adx_gt25,spread_low
run50AH_nf200s25b_logreg_deep_v1,nf200s25b,validation,872,buy,2025-08-22 21:05:00,2025-08-25 16:45:00,812.0,-13.65,late,vol_low,range_or_weak_trend,adx_lt20,spread_low
run50AH_nf200s25b_logreg_deep_v1,nf200s25b,validation,873,buy,2025-08-25 17:40:00,2025-08-25 18:20:00,8.0,3.21,early,vol_low,downtrend,adx_20_25,spread_low
run50AH_nf200s25b_logreg_deep_v1,nf200s25b,validation,874,buy,2025-08-25 20:10:00,2025-08-25 21:40:00,18.0,-2.81,mid,vol_low,downtrend,adx_20_25,spread_low
run50AH_nf200s25b_logreg_deep_v1,nf200s25b,validation,875,sell,2025-08-26 17:10:00,2025-08-26 17:15:00,1.0,-0.72,early,vol_mid,range_or_weak_trend,adx_lt20,spread_low
run50AH_nf200s25b_logreg_deep_v1,nf200s25b,validation,876,buy,2025-08-26 17:15:00,2025-08-26 18:00:00,9.0,1.37,early,vol_mid,range_or_weak_trend,adx_lt20,spread_low
run50AH_nf200s25b_logreg_deep_v1,nf200s25b,validation,877,buy,2025-08-26 19:15:00,2025-08-26 20:45:00,18.0,-3.45,mid,vol_low,range_or_weak_trend,adx_lt20,spread_low
run50AH_nf200s25b_logreg_deep_v1,nf200s25b,validation,878,sell,2025-08-27 16:40:00,2025-08-27 16:55:00,3.0,1.28,early,vol_low,downtrend,adx_gt25,spread_low
run50AH_nf200s25b_logreg_deep_v1,nf200s25b,validation,879,buy,2025-08-27 16:55:00,2025-08-27 17:00:00,1.0,-0.57,early,vol_low,downtrend,adx_gt25,spread_low
run50AH_nf200s25b_logreg_deep_v1,nf200s25b,validation,880,sell,2025-08-27 17:00:00,2025-08-27 17:05:00,1.0,-0.18,early,vol_low,downtrend,adx_gt25,spread_low
run50AH_nf200s25b_logreg_deep_v1,nf200s25b,validation,881,buy,2025-08-27 17:05:00,2025-08-27 18:35:00,18.0,5.67,early,vol_low,downtrend,adx_gt25,spread_low
run50AH_nf200s25b_logreg_deep_v1,nf200s25b,validation,882,buy,2025-08-27 19:50:00,2025-08-27 21:15:00,17.0,5.39,mid,vol_low,downtrend,adx_20_25,spread_low
run50AH_nf200s25b_logreg_deep_v1,nf200s25b,validation,883,buy,2025-08-28 17:05:00,2025-08-28 17:45:00,8.0,8.83,early,vol_mid,downtrend,adx_gt25,spread_low
run50AH_nf200s25b_logreg_deep_v1,nf200s25b,validation,884,buy,2025-08-28 18:50:00,2025-08-28 20:05:00,15.0,4.93,mid,vol_mid,range_or_weak_trend,adx_lt20,spread_low
run50AH_nf200s25b_logreg_deep_v1,nf200s25b,validation,885,sell,2025-08-29 16:55:00,2025-08-29 17:35:00,8.0,5.63,early,vol_mid,downtrend,adx_gt25,spread_low
run50AH_nf200s25b_logreg_deep_v1,nf200s25b,validation,886,buy,2025-08-29 18:20:00,2025-08-29 19:00:00,8.0,-3.93,early,vol_mid,downtrend,adx_gt25,spread_low
run50AH_nf200s25b_logreg_deep_v1,nf200s25b,validation,887,buy,2025-08-29 19:50:00,2025-08-29 20:05:00,3.0,-4.47,mid,vol_low,downtrend,adx_gt25,spread_low
run50AH_nf200s25b_logreg_deep_v1,nf200s25b,validation,888,sell,2025-08-29 20:05:00,2025-08-29 20:10:00,1.0,-1.07,mid,vol_low,downtrend,adx_gt25,spread_low
run50AH_nf200s25b_logreg_deep_v1,nf200s25b,validation,889,buy,2025-08-29 20:10:00,2025-08-29 20:25:00,3.0,-1.45,mid,vol_low,downtrend,adx_gt25,spread_low
run50AH_nf200s25b_logreg_deep_v1,nf200s25b,validation,890,sell,2025-08-29 20:25:00,2025-08-29 20:30:00,1.0,0.08,late,vol_low,downtrend,adx_gt25,spread_low
run50AH_nf200s25b_logreg_deep_v1,nf200s25b,validation,891,buy,2025-08-29 20:30:00,2025-08-29 21:00:00,6.0,3.03,late,vol_low,downtrend,adx_gt25,spread_low
run50AH_nf200s25b_logreg_deep_v1,nf200s25b,validation,892,sell,2025-08-29 21:00:00,2025-09-02 16:40:00,1100.0,31.79,late,vol_low,downtrend,adx_gt25,spread_low
run50AH_nf200s25b_logreg_deep_v1,nf200s25b,validation,893,buy,2025-09-02 17:25:00,2025-09-02 18:00:00,7.0,-4.51,early,vol_mid,downtrend,adx_gt25,spread_low
run50AH_nf200s25b_logreg_deep_v1,nf200s25b,validation,894,sell,2025-09-02 18:00:00,2025-09-02 18:40:00,8.0,10.46,early,vol_high,downtrend,adx_gt25,spread_low
run50AH_nf200s25b_logreg_deep_v1,nf200s25b,validation,895,sell,2025-09-02 19:35:00,2025-09-02 20:20:00,9.0,-5.82,mid,vol_low,downtrend,adx_gt25,spread_low
run50AH_nf200s25b_logreg_deep_v1,nf200s25b,validation,896,sell,2025-09-02 21:15:00,2025-09-03 16:35:00,232.0,-22.06,late,vol_low,downtrend,adx_gt25,spread_low
run50AH_nf200s25b_logreg_deep_v1,nf200s25b,validation,897,buy,2025-09-03 16:35:00,2025-09-03 17:15:00,8.0,-0.75,early,vol_low,downtrend,adx_20_25,spread_low
run50AH_nf200s25b_logreg_deep_v1,nf200s25b,validation,898,buy,2025-09-03 18:00:00,2025-09-03 18:45:00,9.0,-8.03,early,vol_mid,downtrend,adx_20_25,spread_low
run50AH_nf200s25b_logreg_deep_v1,nf200s25b,validation,899,buy,2025-09-03 19:30:00,2025-09-03 20:15:00,9.0,1.06,mid,vol_low,range_or_weak_trend,adx_lt20,spread_low
run50AH_nf200s25b_logreg_deep_v1,nf200s25b,validation,900,buy,2025-09-03 21:00:00,2025-09-03 21:40:00,8.0,-4.5,late,vol_low,downtrend,adx_20_25,spread_low
run50AH_nf200s25b_logreg_deep_v1,nf200s25b,validation,901,sell,2025-09-03 21:40:00,2025-09-03 21:45:00,1.0,-2.96,late,vol_low,downtrend,adx_gt25,spread_low
run50AH_nf200s25b_logreg_deep_v1,nf200s25b,validation,902,buy,2025-09-03 21:45:00,2025-09-04 16:55:00,230.0,12.06,late,vol_low,downtrend,adx_gt25,spread_low
run50AH_nf200s25b_logreg_deep_v1,nf200s25b,validation,903,buy,2025-09-04 17:40:00,2025-09-04 19:00:00,16.0,1.82,early,vol_mid,range_or_weak_trend,adx_lt20,spread_low
run50AH_nf200s25b_logreg_deep_v1,nf200s25b,validation,904,buy,2025-09-04 20:25:00,2025-09-05 16:35:00,242.0,26.81,late,vol_low,range_or_weak_trend,adx_lt20,spread_low
run50AH_nf200s25b_logreg_deep_v1,nf200s25b,validation,905,sell,2025-09-05 16:35:00,2025-09-05 16:40:00,1.0,1.02,early,vol_low,range_or_weak_trend,adx_lt20,spread_low
run50AH_nf200s25b_logreg_deep_v1,nf200s25b,validation,906,buy,2025-09-05 16:40:00,2025-09-05 17:20:00,8.0,-14.15,early,vol_low,range_or_weak_trend,adx_lt20,spread_low
run50AH_nf200s25b_logreg_deep_v1,nf200s25b,validation,907,buy,2025-09-05 18:05:00,2025-09-05 18:10:00,1.0,0.06,early,vol_high,downtrend,adx_gt25,spread_low
run50AH_nf200s25b_logreg_deep_v1,nf200s25b,validation,908,sell,2025-09-05 18:10:00,2025-09-05 18:15:00,1.0,-3.72,early,vol_high,downtrend,adx_gt25,spread_low
run50AH_nf200s25b_logreg_deep_v1,nf200s25b,validation,909,buy,2025-09-05 18:15:00,2025-09-05 18:55:00,8.0,5.42,early,vol_high,downtrend,adx_gt25,spread_low
run50AH_nf200s25b_logreg_deep_v1,nf200s25b,validation,910,buy,2025-09-05 19:40:00,2025-09-05 20:30:00,10.0,1.96,mid,vol_mid,downtrend,adx_gt25,spread_low
run50AH_nf200s25b_logreg_deep_v1,nf200s25b,validation,911,buy,2025-09-05 21:20:00,2025-09-05 22:00:00,8.0,0.41,late,vol_mid,range_or_weak_trend,adx_lt20,spread_low
run50AH_nf200s25b_logreg_deep_v1,nf200s25b,validation,912,sell,2025-09-05 22:00:00,2025-09-08 16:35:00,799.0,-16.78,late,vol_low,range_or_weak_trend,adx_lt20,spread_low
run50AH_nf200s25b_logreg_deep_v1,nf200s25b,validation,913,buy,2025-09-08 16:35:00,2025-09-08 17:15:00,8.0,2.04,early,vol_low,downtrend,adx_20_25,spread_low
run50AH_nf200s25b_logreg_deep_v1,nf200s25b,validation,914,buy,2025-09-08 18:20:00,2025-09-08 19:10:00,10.0,-0.5,early,vol_low,downtrend,adx_gt25,spread_low
run50AH_nf200s25b_logreg_deep_v1,nf200s25b,validation,915,buy,2025-09-08 20:05:00,2025-09-08 21:05:00,12.0,-1.85,mid,vol_low,downtrend,adx_gt25,spread_low
run50AH_nf200s25b_logreg_deep_v1,nf200s25b,validation,916,buy,2025-09-08 22:00:00,2025-09-09 16:45:00,225.0,4.57,late,vol_low,downtrend,adx_20_25,spread_low
run50AH_nf200s25b_logreg_deep_v1,nf200s25b,validation,917,sell,2025-09-09 16:45:00,2025-09-09 17:10:00,5.0,0.83,early,vol_low,downtrend,adx_gt25,spread_low
run50AH_nf200s25b_logreg_deep_v1,nf200s25b,validation,918,buy,2025-09-09 17:10:00,2025-09-09 17:35:00,5.0,-7.91,early,vol_low,downtrend,adx_gt25,spread_low
run50AH_nf200s25b_logreg_deep_v1,nf200s25b,validation,919,sell,2025-09-09 17:35:00,2025-09-09 17:50:00,3.0,-0.83,early,vol_mid,downtrend,adx_gt25,spread_low
run50AH_nf200s25b_logreg_deep_v1,nf200s25b,validation,920,buy,2025-09-09 17:50:00,2025-09-09 18:35:00,9.0,1.22,early,vol_mid,downtrend,adx_gt25,spread_low
run50AH_nf200s25b_logreg_deep_v1,nf200s25b,validation,921,buy,2025-09-09 19:35:00,2025-09-09 22:00:00,29.0,2.31,mid,vol_low,downtrend,adx_20_25,spread_low
run50AH_nf200s25b_logreg_deep_v1,nf200s25b,validation,922,buy,2025-09-10 17:20:00,2025-09-10 18:20:00,12.0,-3.27,early,vol_low,downtrend,adx_gt25,spread_low
run50AH_nf200s25b_logreg_deep_v1,nf200s25b,validation,923,buy,2025-09-10 19:30:00,2025-09-10 20:25:00,11.0,-2.1,mid,vol_low,downtrend,adx_20_25,spread_low
run50AH_nf200s25b_logreg_deep_v1,nf200s25b,validation,924,buy,2025-09-10 21:15:00,2025-09-10 21:50:00,7.0,-4.12,late,vol_low,downtrend,adx_gt25,spread_low
run50AH_nf200s25b_logreg_deep_v1,nf200s25b,validation,925,sell,2025-09-10 21:50:00,2025-09-10 21:55:00,1.0,0.19,late,vol_low,downtrend,adx_gt25,spread_low
run50AH_nf200s25b_logreg_deep_v1,nf200s25b,validation,926,buy,2025-09-10 21:55:00,2025-09-11 16:50:00,227.0,10.3,late,vol_low,downtrend,adx_gt25,spread_low
run50AH_nf200s25b_logreg_deep_v1,nf200s25b,validation,927,sell,2025-09-11 16:50:00,2025-09-11 17:00:00,2.0,-3.02,early,vol_mid,range_or_weak_trend,adx_lt20,spread_low
run50AH_nf200s25b_logreg_deep_v1,nf200s25b,validation,928,buy,2025-09-11 17:00:00,2025-09-11 17:45:00,9.0,3.43,early,vol_mid,range_or_weak_trend,adx_lt20,spread_low
run50AH_nf200s25b_logreg_deep_v1,nf200s25b,validation,929,buy,2025-09-11 19:05:00,2025-09-11 22:00:00,35.0,-0.91,mid,vol_low,range_or_weak_trend,adx_lt20,spread_low
run50AH_nf200s25b_logreg_deep_v1,nf200s25b,validation,930,buy,2025-09-12 17:15:00,2025-09-12 17:20:00,1.0,2.13,early,vol_low,range_or_weak_trend,adx_lt20,spread_low
run50AH_nf200s25b_logreg_deep_v1,nf200s25b,validation,931,sell,2025-09-12 17:20:00,2025-09-12 17:30:00,2.0,-1.85,early,vol_low,range_or_weak_trend,adx_lt20,spread_low
run50AH_nf200s25b_logreg_deep_v1,nf200s25b,validation,932,buy,2025-09-12 17:30:00,2025-09-12 18:50:00,16.0,0.78,early,vol_low,range_or_weak_trend,adx_lt20,spread_low
run50AH_nf200s25b_logreg_deep_v1,nf200s25b,validation,933,sell,2025-09-12 18:50:00,2025-09-12 19:00:00,2.0,-1.17,mid,vol_low,range_or_weak_trend,adx_lt20,spread_low
run50AH_nf200s25b_logreg_deep_v1,nf200s25b,validation,934,buy,2025-09-12 19:00:00,2025-09-15 17:15:00,843.0,15.05,mid,vol_low,range_or_weak_trend,adx_lt20,spread_low
run50AH_nf200s25b_logreg_deep_v1,nf200s25b,validation,935,buy,2025-09-15 18:50:00,2025-09-15 20:00:00,14.0,-1.27,mid,vol_low,downtrend,adx_gt25,spread_low
run50AH_nf200s25b_logreg_deep_v1,nf200s25b,validation,936,buy,2025-09-15 20:50:00,2025-09-15 21:50:00,12.0,-1.55,late,vol_low,downtrend,adx_20_25,spread_low
run50AH_nf200s25b_logreg_deep_v1,nf200s25b,validation,937,buy,2025-09-16 17:20:00,2025-09-16 18:05:00,9.0,-3.06,early,vol_low,downtrend,adx_gt25,spread_low
run50AH_nf200s25b_logreg_deep_v1,nf200s25b,validation,938,buy,2025-09-16 18:55:00,2025-09-16 20:05:00,14.0,0.83,mid,vol_low,downtrend,adx_gt25,spread_low
run50AH_nf200s25b_logreg_deep_v1,nf200s25b,validation,939,buy,2025-09-16 21:35:00,2025-09-16 21:50:00,3.0,0.79,late,vol_low,range_or_weak_trend,adx_lt20,spread_low
run50AH_nf200s25b_logreg_deep_v1,nf200s25b,validation,940,sell,2025-09-16 21:50:00,2025-09-16 22:00:00,2.0,-0.78,late,vol_low,range_or_weak_trend,adx_lt20,spread_low
run50AH_nf200s25b_logreg_deep_v1,nf200s25b,validation,941,buy,2025-09-16 22:00:00,2025-09-17 16:35:00,223.0,-4.82,late,vol_low,range_or_weak_trend,adx_lt20,spread_low
run50AH_nf200s25b_logreg_deep_v1,nf200s25b,validation,942,sell,2025-09-17 16:35:00,2025-09-17 16:50:00,3.0,0.33,early,vol_low,range_or_weak_trend,adx_lt20,spread_low
run50AH_nf200s25b_logreg_deep_v1,nf200s25b,validation,943,buy,2025-09-17 16:50:00,2025-09-17 17:35:00,9.0,-5.0,early,vol_low,downtrend,adx_20_25,spread_low
run50AH_nf200s25b_logreg_deep_v1,nf200s25b,validation,944,buy,2025-09-17 18:45:00,2025-09-17 20:25:00,20.0,-1.15,mid,vol_low,downtrend,adx_gt25,spread_low
run50AH_nf200s25b_logreg_deep_v1,nf200s25b,validation,945,buy,2025-09-17 21:20:00,2025-09-17 21:45:00,5.0,-5.73,late,vol_high,downtrend,adx_gt25,spread_low
run50AH_nf200s25b_logreg_deep_v1,nf200s25b,validation,946,sell,2025-09-17 21:45:00,2025-09-17 21:50:00,1.0,-2.48,late,vol_high,downtrend,adx_gt25,spread_low
run50AH_nf200s25b_logreg_deep_v1,nf200s25b,validation,947,buy,2025-09-17 21:50:00,2025-09-17 21:55:00,1.0,-7.57,late,vol_high,downtrend,adx_gt25,spread_low
run50AH_nf200s25b_logreg_deep_v1,nf200s25b,validation,948,sell,2025-09-17 21:55:00,2025-09-17 22:00:00,1.0,-12.66,late,vol_high,downtrend,adx_gt25,spread_low
run50AH_nf200s25b_logreg_deep_v1,nf200s25b,validation,949,buy,2025-09-17 22:00:00,2025-09-18 16:45:00,225.0,23.02,late,vol_high,downtrend,adx_gt25,spread_low
run50AH_nf200s25b_logreg_deep_v1,nf200s25b,validation,950,sell,2025-09-18 16:45:00,2025-09-18 16:50:00,1.0,-3.28,early,vol_low,downtrend,adx_gt25,spread_low
run50AH_nf200s25b_logreg_deep_v1,nf200s25b,validation,951,buy,2025-09-18 16:50:00,2025-09-18 17:40:00,10.0,10.64,early,vol_low,downtrend,adx_gt25,spread_low
run50AH_nf200s25b_logreg_deep_v1,nf200s25b,validation,952,buy,2025-09-18 18:25:00,2025-09-18 19:25:00,12.0,-3.07,mid,vol_low,range_or_weak_trend,adx_lt20,spread_low
run50AH_nf200s25b_logreg_deep_v1,nf200s25b,validation,953,buy,2025-09-18 21:15:00,2025-09-19 16:35:00,232.0,1.18,late,vol_low,downtrend,adx_20_25,spread_low
run50AH_nf200s25b_logreg_deep_v1,nf200s25b,validation,954,sell,2025-09-19 16:35:00,2025-09-19 16:40:00,1.0,-0.16,early,vol_low,downtrend,adx_gt25,spread_low
run50AH_nf200s25b_logreg_deep_v1,nf200s25b,validation,955,buy,2025-09-19 16:40:00,2025-09-19 16:45:00,1.0,1.29,early,vol_low,downtrend,adx_gt25,spread_low
run50AH_nf200s25b_logreg_deep_v1,nf200s25b,validation,956,sell,2025-09-19 16:45:00,2025-09-19 16:55:00,2.0,-3.68,early,vol_low,downtrend,adx_gt25,spread_low
run50AH_nf200s25b_logreg_deep_v1,nf200s25b,validation,957,buy,2025-09-19 16:55:00,2025-09-19 17:00:00,1.0,-1.3,early,vol_low,downtrend,adx_gt25,spread_low
run50AH_nf200s25b_logreg_deep_v1,nf200s25b,validation,958,sell,2025-09-19 17:00:00,2025-09-19 17:05:00,1.0,-0.95,early,vol_low,downtrend,adx_gt25,spread_low
run50AH_nf200s25b_logreg_deep_v1,nf200s25b,validation,959,buy,2025-09-19 17:05:00,2025-09-19 17:10:00,1.0,-1.32,early,vol_low,downtrend,adx_gt25,spread_low
run50AH_nf200s25b_logreg_deep_v1,nf200s25b,validation,960,sell,2025-09-19 17:10:00,2025-09-19 18:00:00,10.0,2.21,early,vol_low,downtrend,adx_gt25,spread_low
run50AH_nf200s25b_logreg_deep_v1,nf200s25b,validation,961,buy,2025-09-19 18:55:00,2025-09-19 20:00:00,13.0,5.56,mid,vol_low,range_or_weak_trend,adx_lt20,spread_low
run50AH_nf200s25b_logreg_deep_v1,nf200s25b,validation,962,buy,2025-09-22 16:35:00,2025-09-22 18:40:00,25.0,6.01,early,vol_low,downtrend,adx_20_25,spread_low
run50AH_nf200s25b_logreg_deep_v1,nf200s25b,validation,963,buy,2025-09-22 21:05:00,2025-09-23 16:35:00,234.0,-0.3,late,vol_low,downtrend,adx_gt25,spread_low
run50AH_nf200s25b_logreg_deep_v1,nf200s25b,validation,964,sell,2025-09-23 16:35:00,2025-09-23 17:10:00,7.0,3.81,early,vol_low,range_or_weak_trend,adx_lt20,spread_low
run50AH_nf200s25b_logreg_deep_v1,nf200s25b,validation,965,buy,2025-09-23 17:10:00,2025-09-23 17:25:00,3.0,-1.72,early,vol_low,downtrend,adx_gt25,spread_low
run50AH_nf200s25b_logreg_deep_v1,nf200s25b,validation,966,sell,2025-09-23 17:25:00,2025-09-23 17:35:00,2.0,-1.66,early,vol_low,downtrend,adx_gt25,spread_low
run50AH_nf200s25b_logreg_deep_v1,nf200s25b,validation,967,buy,2025-09-23 17:35:00,2025-09-23 18:25:00,10.0,1.56,early,vol_low,downtrend,adx_gt25,spread_low
run50AH_nf200s25b_logreg_deep_v1,nf200s25b,validation,968,buy,2025-09-23 19:30:00,2025-09-23 20:15:00,9.0,-2.17,mid,vol_low,downtrend,adx_gt25,spread_low
run50AH_nf200s25b_logreg_deep_v1,nf200s25b,validation,969,sell,2025-09-23 21:05:00,2025-09-23 21:35:00,6.0,-1.16,late,vol_low,downtrend,adx_gt25,spread_low
run50AH_nf200s25b_logreg_deep_v1,nf200s25b,validation,970,buy,2025-09-23 21:35:00,2025-09-23 21:40:00,1.0,-2.86,late,vol_mid,downtrend,adx_gt25,spread_low
run50AH_nf200s25b_logreg_deep_v1,nf200s25b,validation,971,sell,2025-09-23 21:40:00,2025-09-23 21:45:00,1.0,-0.82,late,vol_mid,downtrend,adx_gt25,spread_low
run50AH_nf200s25b_logreg_deep_v1,nf200s25b,validation,972,buy,2025-09-23 21:45:00,2025-09-24 16:35:00,226.0,2.8,late,vol_mid,downtrend,adx_gt25,spread_low
run50AH_nf200s25b_logreg_deep_v1,nf200s25b,validation,973,sell,2025-09-24 16:35:00,2025-09-24 17:05:00,6.0,0.16,early,vol_low,range_or_weak_trend,adx_lt20,spread_low
run50AH_nf200s25b_logreg_deep_v1,nf200s25b,validation,974,buy,2025-09-24 17:05:00,2025-09-24 17:10:00,1.0,-2.45,early,vol_low,downtrend,adx_gt25,spread_low
run50AH_nf200s25b_logreg_deep_v1,nf200s25b,validation,975,sell,2025-09-24 17:10:00,2025-09-24 17:30:00,4.0,-0.47,early,vol_low,downtrend,adx_gt25,spread_low
run50AH_nf200s25b_logreg_deep_v1,nf200s25b,validation,976,buy,2025-09-24 17:30:00,2025-09-24 17:35:00,1.0,-1.95,early,vol_low,downtrend,adx_gt25,spread_low
run50AH_nf200s25b_logreg_deep_v1,nf200s25b,validation,977,sell,2025-09-24 17:35:00,2025-09-24 17:40:00,1.0,-1.32,early,vol_low,downtrend,adx_gt25,spread_low
run50AH_nf200s25b_logreg_deep_v1,nf200s25b,validation,978,buy,2025-09-24 17:40:00,2025-09-24 18:45:00,13.0,-4.92,early,vol_low,downtrend,adx_gt25,spread_low
run50AH_nf200s25b_logreg_deep_v1,nf200s25b,validation,979,buy,2025-09-24 19:50:00,2025-09-24 20:40:00,10.0,3.23,mid,vol_low,downtrend,adx_gt25,spread_low
run50AH_nf200s25b_logreg_deep_v1,nf200s25b,validation,980,buy,2025-09-24 21:30:00,2025-09-24 21:55:00,5.0,3.18,late,vol_low,range_or_weak_trend,adx_lt20,spread_low
run50AH_nf200s25b_logreg_deep_v1,nf200s25b,validation,981,sell,2025-09-24 21:55:00,2025-09-24 22:00:00,1.0,-0.5,late,vol_low,range_or_weak_trend,adx_lt20,spread_low
run50AH_nf200s25b_logreg_deep_v1,nf200s25b,validation,982,buy,2025-09-24 22:00:00,2025-09-25 16:35:00,223.0,-22.21,late,vol_low,range_or_weak_trend,adx_lt20,spread_low
run50AH_nf200s25b_logreg_deep_v1,nf200s25b,validation,983,sell,2025-09-25 16:35:00,2025-09-25 16:50:00,3.0,3.26,early,vol_mid,downtrend,adx_gt25,spread_low
run50AH_nf200s25b_logreg_deep_v1,nf200s25b,validation,984,buy,2025-09-25 16:50:00,2025-09-25 16:55:00,1.0,-2.77,early,vol_mid,downtrend,adx_gt25,spread_low
run50AH_nf200s25b_logreg_deep_v1,nf200s25b,validation,985,sell,2025-09-25 16:55:00,2025-09-25 17:00:00,1.0,0.51,early,vol_mid,downtrend,adx_gt25,spread_low
run50AH_nf200s25b_logreg_deep_v1,nf200s25b,validation,986,buy,2025-09-25 17:00:00,2025-09-25 17:40:00,8.0,17.87,early,vol_mid,downtrend,adx_gt25,spread_low
run50AH_nf200s25b_logreg_deep_v1,nf200s25b,validation,987,buy,2025-09-25 18:25:00,2025-09-25 19:05:00,8.0,5.78,mid,vol_high,downtrend,adx_gt25,spread_low
run50AH_nf200s25b_logreg_deep_v1,nf200s25b,validation,988,sell,2025-09-25 19:50:00,2025-09-25 20:30:00,8.0,2.98,mid,vol_mid,range_or_weak_trend,adx_lt20,spread_low
run50AH_nf200s25b_logreg_deep_v1,nf200s25b,validation,989,sell,2025-09-25 21:15:00,2025-09-25 21:50:00,7.0,-8.5,late,vol_mid,downtrend,adx_gt25,spread_low
run50AH_nf200s25b_logreg_deep_v1,nf200s25b,validation,990,buy,2025-09-25 21:50:00,2025-09-26 16:35:00,225.0,7.48,late,vol_mid,downtrend,adx_gt25,spread_low
run50AH_nf200s25b_logreg_deep_v1,nf200s25b,validation,991,sell,2025-09-26 16:35:00,2025-09-26 17:00:00,5.0,-1.45,early,vol_mid,downtrend,adx_gt25,spread_low
run50AH_nf200s25b_logreg_deep_v1,nf200s25b,validation,992,buy,2025-09-26 17:00:00,2025-09-26 17:30:00,6.0,-13.83,early,vol_mid,downtrend,adx_gt25,spread_low
run50AH_nf200s25b_logreg_deep_v1,nf200s25b,validation,993,sell,2025-09-26 17:30:00,2025-09-26 17:40:00,2.0,-4.13,early,vol_mid,downtrend,adx_gt25,spread_low
run50AH_nf200s25b_logreg_deep_v1,nf200s25b,validation,994,buy,2025-09-26 17:40:00,2025-09-26 18:20:00,8.0,-0.7,early,vol_mid,downtrend,adx_gt25,spread_low
run50AH_nf200s25b_logreg_deep_v1,nf200s25b,validation,995,buy,2025-09-26 19:05:00,2025-09-26 19:50:00,9.0,8.41,mid,vol_high,downtrend,adx_20_25,spread_low
run50AH_nf200s25b_logreg_deep_v1,nf200s25b,validation,996,buy,2025-09-26 21:20:00,2025-09-29 16:40:00,808.0,17.12,late,vol_low,downtrend,adx_20_25,spread_low
run50AH_nf200s25b_logreg_deep_v1,nf200s25b,validation,997,sell,2025-09-29 16:40:00,2025-09-29 16:45:00,1.0,-4.26,early,vol_low,range_or_weak_trend,adx_lt20,spread_low
run50AH_nf200s25b_logreg_deep_v1,nf200s25b,validation,998,buy,2025-09-29 16:45:00,2025-09-29 17:05:00,4.0,1.18,early,vol_low,range_or_weak_trend,adx_lt20,spread_low
run50AH_nf200s25b_logreg_deep_v1,nf200s25b,validation,999,sell,2025-09-29 17:05:00,2025-09-29 17:10:00,1.0,-4.31,early,vol_low,range_or_weak_trend,adx_lt20,spread_low
run50AH_nf200s25b_logreg_deep_v1,nf200s25b,validation,1000,buy,2025-09-29 17:10:00,2025-09-29 17:25:00,3.0,-0.52,early,vol_mid,downtrend,adx_20_25,spread_low
run50AH_nf200s25b_logreg_deep_v1,nf200s25b,validation,1001,sell,2025-09-29 17:25:00,2025-09-29 17:30:00,1.0,0.68,early,vol_mid,range_or_weak_trend,adx_lt20,spread_low
run50AH_nf200s25b_logreg_deep_v1,nf200s25b,validation,1002,buy,2025-09-29 17:30:00,2025-09-29 17:40:00,2.0,-1.47,early,vol_mid,range_or_weak_trend,adx_lt20,spread_low
run50AH_nf200s25b_logreg_deep_v1,nf200s25b,validation,1003,sell,2025-09-29 17:40:00,2025-09-29 17:45:00,1.0,-0.9,early,vol_mid,range_or_weak_trend,adx_lt20,spread_low
run50AH_nf200s25b_logreg_deep_v1,nf200s25b,validation,1004,buy,2025-09-29 17:45:00,2025-09-29 18:25:00,8.0,-7.86,early,vol_mid,range_or_weak_trend,adx_lt20,spread_low
run50AH_nf200s25b_logreg_deep_v1,nf200s25b,validation,1005,buy,2025-09-29 19:20:00,2025-09-29 20:10:00,10.0,-2.62,mid,vol_low,downtrend,adx_gt25,spread_low
run50AH_nf200s25b_logreg_deep_v1,nf200s25b,validation,1006,buy,2025-09-29 21:05:00,2025-09-29 22:00:00,11.0,-0.9,late,vol_low,downtrend,adx_gt25,spread_low
run50AH_nf200s25b_logreg_deep_v1,nf200s25b,validation,1007,buy,2025-09-30 17:15:00,2025-09-30 18:05:00,10.0,8.69,early,vol_mid,downtrend,adx_gt25,spread_low
run50AH_nf200s25b_logreg_deep_v1,nf200s25b,validation,1008,buy,2025-09-30 18:55:00,2025-09-30 19:50:00,11.0,-0.9,mid,vol_mid,range_or_weak_trend,adx_lt20,spread_low
run50AH_nf200s25b_logreg_deep_v1,nf200s25b,validation,1009,buy,2025-09-30 20:45:00,2025-09-30 21:40:00,11.0,7.47,late,vol_low,range_or_weak_trend,adx_lt20,spread_low
run50AH_nf200s25b_logreg_deep_v1,nf200s25b,oos,1,buy,2025-10-01 16:45:00,2025-10-01 17:10:00,5.0,-1.51,early,vol_low,downtrend,adx_20_25,spread_low
run50AH_nf200s25b_logreg_deep_v1,nf200s25b,oos,2,sell,2025-10-01 17:10:00,2025-10-01 17:15:00,1.0,-1.71,early,vol_high,range_or_weak_trend,adx_lt20,spread_low
run50AH_nf200s25b_logreg_deep_v1,nf200s25b,oos,3,buy,2025-10-01 17:15:00,2025-10-01 17:20:00,1.0,2.59,early,vol_high,range_or_weak_trend,adx_lt20,spread_low
run50AH_nf200s25b_logreg_deep_v1,nf200s25b,oos,4,sell,2025-10-01 17:20:00,2025-10-01 17:25:00,1.0,-1.5,early,vol_high,range_or_weak_trend,adx_lt20,spread_low
run50AH_nf200s25b_logreg_deep_v1,nf200s25b,oos,5,buy,2025-10-01 17:25:00,2025-10-01 18:20:00,11.0,0.71,early,vol_high,range_or_weak_trend,adx_lt20,spread_low
run50AH_nf200s25b_logreg_deep_v1,nf200s25b,oos,6,buy,2025-10-01 19:05:00,2025-10-01 19:50:00,9.0,0.74,mid,vol_low,downtrend,adx_gt25,spread_low
run50AH_nf200s25b_logreg_deep_v1,nf200s25b,oos,7,buy,2025-10-01 20:55:00,2025-10-01 21:40:00,9.0,5.08,late,vol_low,downtrend,adx_gt25,spread_low
run50AH_nf200s25b_logreg_deep_v1,nf200s25b,oos,8,sell,2025-10-02 16:55:00,2025-10-02 17:30:00,7.0,-2.72,early,vol_low,downtrend,adx_gt25,spread_low
run50AH_nf200s25b_logreg_deep_v1,nf200s25b,oos,9,buy,2025-10-02 17:30:00,2025-10-02 17:45:00,3.0,-1.35,early,vol_low,downtrend,adx_gt25,spread_low
run50AH_nf200s25b_logreg_deep_v1,nf200s25b,oos,10,sell,2025-10-02 17:45:00,2025-10-02 17:50:00,1.0,1.11,early,vol_mid,downtrend,adx_gt25,spread_low
run50AH_nf200s25b_logreg_deep_v1,nf200s25b,oos,11,buy,2025-10-02 17:50:00,2025-10-02 17:55:00,1.0,-2.97,early,vol_mid,downtrend,adx_gt25,spread_low
run50AH_nf200s25b_logreg_deep_v1,nf200s25b,oos,12,sell,2025-10-02 17:55:00,2025-10-02 18:00:00,1.0,0.01,early,vol_mid,downtrend,adx_gt25,spread_low
run50AH_nf200s25b_logreg_deep_v1,nf200s25b,oos,13,buy,2025-10-02 18:00:00,2025-10-02 18:45:00,9.0,0.26,early,vol_mid,downtrend,adx_gt25,spread_low
run50AH_nf200s25b_logreg_deep_v1,nf200s25b,oos,14,buy,2025-10-02 19:55:00,2025-10-02 21:00:00,13.0,0.68,mid,vol_low,downtrend,adx_gt25,spread_low
run50AH_nf200s25b_logreg_deep_v1,nf200s25b,oos,15,buy,2025-10-02 21:50:00,2025-10-03 16:45:00,227.0,2.5,late,vol_low,range_or_weak_trend,adx_lt20,spread_low
run50AH_nf200s25b_logreg_deep_v1,nf200s25b,oos,16,sell,2025-10-03 16:45:00,2025-10-03 17:05:00,4.0,4.88,early,vol_low,downtrend,adx_gt25,spread_low
run50AH_nf200s25b_logreg_deep_v1,nf200s25b,oos,17,buy,2025-10-03 17:05:00,2025-10-03 17:55:00,10.0,3.38,early,vol_low,downtrend,adx_gt25,spread_low
run50AH_nf200s25b_logreg_deep_v1,nf200s25b,oos,18,buy,2025-10-03 18:50:00,2025-10-03 19:35:00,9.0,1.78,mid,vol_low,range_or_weak_trend,adx_lt20,spread_low
run50AH_nf200s25b_logreg_deep_v1,nf200s25b,oos,19,sell,2025-10-03 20:25:00,2025-10-03 21:10:00,9.0,8.84,late,vol_mid,downtrend,adx_gt25,spread_low
run50AH_nf200s25b_logreg_deep_v1,nf200s25b,oos,20,buy,2025-10-03 22:00:00,2025-10-06 17:10:00,806.0,13.76,late,vol_mid,downtrend,adx_gt25,spread_low
run50AH_nf200s25b_logreg_deep_v1,nf200s25b,oos,21,buy,2025-10-06 18:00:00,2025-10-06 18:55:00,11.0,5.67,early,vol_mid,downtrend,adx_20_25,spread_low
run50AH_nf200s25b_logreg_deep_v1,nf200s25b,oos,22,buy,2025-10-06 20:00:00,2025-10-06 20:40:00,8.0,2.01,mid,vol_low,range_or_weak_trend,adx_lt20,spread_low
run50AH_nf200s25b_logreg_deep_v1,nf200s25b,oos,23,buy,2025-10-06 21:40:00,2025-10-07 17:00:00,232.0,0.29,late,vol_low,downtrend,adx_gt25,spread_low
run50AH_nf200s25b_logreg_deep_v1,nf200s25b,oos,24,buy,2025-10-07 17:55:00,2025-10-07 18:00:00,1.0,-0.67,early,vol_low,downtrend,adx_20_25,spread_low
run50AH_nf200s25b_logreg_deep_v1,nf200s25b,oos,25,sell,2025-10-07 18:00:00,2025-10-07 18:25:00,5.0,7.98,early,vol_low,downtrend,adx_gt25,spread_low
run50AH_nf200s25b_logreg_deep_v1,nf200s25b,oos,26,buy,2025-10-07 18:25:00,2025-10-07 18:30:00,1.0,-3.13,mid,vol_mid,downtrend,adx_gt25,spread_low
run50AH_nf200s25b_logreg_deep_v1,nf200s25b,oos,27,sell,2025-10-07 18:30:00,2025-10-07 19:05:00,7.0,2.01,mid,vol_mid,downtrend,adx_gt25,spread_low
run50AH_nf200s25b_logreg_deep_v1,nf200s25b,oos,28,buy,2025-10-07 19:05:00,2025-10-07 19:45:00,8.0,1.83,mid,vol_high,downtrend,adx_gt25,spread_low
run50AH_nf200s25b_logreg_deep_v1,nf200s25b,oos,29,buy,2025-10-07 20:35:00,2025-10-07 21:35:00,12.0,0.06,late,vol_mid,downtrend,adx_gt25,spread_low
run50AH_nf200s25b_logreg_deep_v1,nf200s25b,oos,30,buy,2025-10-08 16:55:00,2025-10-08 17:45:00,10.0,3.07,early,vol_low,downtrend,adx_gt25,spread_low
run50AH_nf200s25b_logreg_deep_v1,nf200s25b,oos,31,buy,2025-10-08 18:30:00,2025-10-08 19:15:00,9.0,2.83,mid,vol_low,downtrend,adx_gt25,spread_low
run50AH_nf200s25b_logreg_deep_v1,nf200s25b,oos,32,buy,2025-10-08 20:10:00,2025-10-08 21:00:00,10.0,2.23,mid,vol_low,downtrend,adx_gt25,spread_low
run50AH_nf200s25b_logreg_deep_v1,nf200s25b,oos,33,buy,2025-10-08 21:50:00,2025-10-09 16:45:00,227.0,0.35,late,vol_low,downtrend,adx_gt25,spread_low
run50AH_nf200s25b_logreg_deep_v1,nf200s25b,oos,34,sell,2025-10-09 16:45:00,2025-10-09 17:10:00,5.0,0.33,early,vol_low,range_or_weak_trend,adx_lt20,spread_low
run50AH_nf200s25b_logreg_deep_v1,nf200s25b,oos,35,buy,2025-10-09 17:10:00,2025-10-09 17:25:00,3.0,-0.05,early,vol_low,downtrend,adx_gt25,spread_low
run50AH_nf200s25b_logreg_deep_v1,nf200s25b,oos,36,sell,2025-10-09 17:25:00,2025-10-09 17:55:00,6.0,3.26,early,vol_low,downtrend,adx_gt25,spread_low
run50AH_nf200s25b_logreg_deep_v1,nf200s25b,oos,37,buy,2025-10-09 17:55:00,2025-10-09 18:35:00,8.0,-2.95,early,vol_low,downtrend,adx_gt25,spread_low
run50AH_nf200s25b_logreg_deep_v1,nf200s25b,oos,38,buy,2025-10-09 19:20:00,2025-10-09 19:55:00,7.0,-3.36,mid,vol_low,downtrend,adx_gt25,spread_low
run50AH_nf200s25b_logreg_deep_v1,nf200s25b,oos,39,sell,2025-10-09 19:55:00,2025-10-09 20:10:00,3.0,0.29,mid,vol_low,downtrend,adx_gt25,spread_low
run50AH_nf200s25b_logreg_deep_v1,nf200s25b,oos,40,buy,2025-10-09 20:10:00,2025-10-09 20:40:00,6.0,-2.42,mid,vol_low,downtrend,adx_gt25,spread_low
run50AH_nf200s25b_logreg_deep_v1,nf200s25b,oos,41,sell,2025-10-09 20:40:00,2025-10-09 20:45:00,1.0,0.01,late,vol_low,downtrend,adx_gt25,spread_low
run50AH_nf200s25b_logreg_deep_v1,nf200s25b,oos,42,buy,2025-10-09 20:45:00,2025-10-09 21:45:00,12.0,1.93,late,vol_low,downtrend,adx_gt25,spread_low
run50AH_nf200s25b_logreg_deep_v1,nf200s25b,oos,43,buy,2025-10-10 17:10:00,2025-10-10 17:50:00,8.0,0.38,early,vol_low,downtrend,adx_gt25,spread_low
run50AH_nf200s25b_logreg_deep_v1,nf200s25b,oos,44,sell,2025-10-10 18:35:00,2025-10-10 18:55:00,4.0,-14.1,mid,vol_high,downtrend,adx_gt25,spread_low
run50AH_nf200s25b_logreg_deep_v1,nf200s25b,oos,45,buy,2025-10-10 18:55:00,2025-10-10 19:35:00,8.0,-9.25,mid,vol_high,downtrend,adx_gt25,spread_low
run50AH_nf200s25b_logreg_deep_v1,nf200s25b,oos,46,buy,2025-10-10 20:20:00,2025-10-10 21:05:00,9.0,0.96,late,vol_high,downtrend,adx_gt25,spread_low
run50AH_nf200s25b_logreg_deep_v1,nf200s25b,oos,47,sell,2025-10-10 21:50:00,2025-10-13 16:35:00,801.0,-15.12,late,vol_mid,downtrend,adx_gt25,spread_low
run50AH_nf200s25b_logreg_deep_v1,nf200s25b,oos,48,buy,2025-10-13 16:35:00,2025-10-13 17:20:00,9.0,10.02,early,vol_high,downtrend,adx_20_25,spread_low
run50AH_nf200s25b_logreg_deep_v1,nf200s25b,oos,49,buy,2025-10-13 18:20:00,2025-10-13 19:10:00,10.0,2.59,early,vol_high,range_or_weak_trend,adx_lt20,spread_low
run50AH_nf200s25b_logreg_deep_v1,nf200s25b,oos,50,buy,2025-10-13 20:10:00,2025-10-13 20:25:00,3.0,-3.67,mid,vol_low,range_or_weak_trend,adx_lt20,spread_low
run50AH_nf200s25b_logreg_deep_v1,nf200s25b,oos,51,sell,2025-10-13 20:25:00,2025-10-13 20:30:00,1.0,0.57,late,vol_low,range_or_weak_trend,adx_lt20,spread_low
run50AH_nf200s25b_logreg_deep_v1,nf200s25b,oos,52,buy,2025-10-13 20:30:00,2025-10-13 20:45:00,3.0,-1.17,late,vol_low,range_or_weak_trend,adx_lt20,spread_low
run50AH_nf200s25b_logreg_deep_v1,nf200s25b,oos,53,sell,2025-10-13 20:45:00,2025-10-13 21:05:00,4.0,-3.68,late,vol_low,range_or_weak_trend,adx_lt20,spread_low
run50AH_nf200s25b_logreg_deep_v1,nf200s25b,oos,54,buy,2025-10-13 21:05:00,2025-10-13 21:45:00,8.0,-0.91,late,vol_low,range_or_weak_trend,adx_lt20,spread_low
run50AH_nf200s25b_logreg_deep_v1,nf200s25b,oos,55,sell,2025-10-13 21:45:00,2025-10-14 16:55:00,230.0,37.32,late,vol_low,range_or_weak_trend,adx_lt20,spread_low
run50AH_nf200s25b_logreg_deep_v1,nf200s25b,oos,56,buy,2025-10-14 17:40:00,2025-10-14 18:20:00,8.0,-3.75,early,vol_high,downtrend,adx_20_25,spread_low
run50AH_nf200s25b_logreg_deep_v1,nf200s25b,oos,57,buy,2025-10-14 19:05:00,2025-10-14 19:15:00,2.0,0.52,mid,vol_mid,downtrend,adx_gt25,spread_low
run50AH_nf200s25b_logreg_deep_v1,nf200s25b,oos,58,sell,2025-10-14 19:15:00,2025-10-14 19:20:00,1.0,-3.33,mid,vol_mid,downtrend,adx_gt25,spread_low
run50AH_nf200s25b_logreg_deep_v1,nf200s25b,oos,59,buy,2025-10-14 19:20:00,2025-10-14 20:00:00,8.0,6.36,mid,vol_mid,downtrend,adx_gt25,spread_low
run50AH_nf200s25b_logreg_deep_v1,nf200s25b,oos,60,sell,2025-10-14 20:45:00,2025-10-14 21:30:00,9.0,0.07,late,vol_mid,downtrend,adx_gt25,spread_low
run50AH_nf200s25b_logreg_deep_v1,nf200s25b,oos,61,buy,2025-10-15 16:50:00,2025-10-15 17:30:00,8.0,18.22,early,vol_low,downtrend,adx_20_25,spread_low
run50AH_nf200s25b_logreg_deep_v1,nf200s25b,oos,62,buy,2025-10-15 18:15:00,2025-10-15 18:55:00,8.0,-17.36,early,vol_mid,downtrend,adx_20_25,spread_low
run50AH_nf200s25b_logreg_deep_v1,nf200s25b,oos,63,buy,2025-10-15 19:40:00,2025-10-15 20:15:00,7.0,-24.57,mid,vol_mid,downtrend,adx_gt25,spread_low
run50AH_nf200s25b_logreg_deep_v1,nf200s25b,oos,64,sell,2025-10-15 20:15:00,2025-10-15 20:30:00,3.0,-4.57,late,vol_high,downtrend,adx_gt25,spread_low
run50AH_nf200s25b_logreg_deep_v1,nf200s25b,oos,65,buy,2025-10-15 20:30:00,2025-10-15 21:10:00,8.0,14.14,late,vol_high,downtrend,adx_gt25,spread_low
run50AH_nf200s25b_logreg_deep_v1,nf200s25b,oos,66,buy,2025-10-16 16:35:00,2025-10-16 17:15:00,8.0,-4.73,early,vol_low,range_or_weak_trend,adx_lt20,spread_low
run50AH_nf200s25b_logreg_deep_v1,nf200s25b,oos,67,buy,2025-10-16 18:00:00,2025-10-16 18:40:00,8.0,-6.05,early,vol_mid,range_or_weak_trend,adx_lt20,spread_low
run50AH_nf200s25b_logreg_deep_v1,nf200s25b,oos,68,buy,2025-10-16 19:25:00,2025-10-16 19:30:00,1.0,-5.45,mid,vol_mid,downtrend,adx_gt25,spread_low
run50AH_nf200s25b_logreg_deep_v1,nf200s25b,oos,69,sell,2025-10-16 19:30:00,2025-10-16 19:35:00,1.0,10.83,mid,vol_mid,downtrend,adx_gt25,spread_low
run50AH_nf200s25b_logreg_deep_v1,nf200s25b,oos,70,buy,2025-10-16 19:35:00,2025-10-16 19:40:00,1.0,1.31,mid,vol_high,downtrend,adx_gt25,spread_low
run50AH_nf200s25b_logreg_deep_v1,nf200s25b,oos,71,sell,2025-10-16 19:40:00,2025-10-16 19:50:00,2.0,-2.67,mid,vol_high,downtrend,adx_gt25,spread_low
run50AH_nf200s25b_logreg_deep_v1,nf200s25b,oos,72,buy,2025-10-16 19:50:00,2025-10-16 20:30:00,8.0,12.21,mid,vol_high,downtrend,adx_gt25,spread_low
run50AH_nf200s25b_logreg_deep_v1,nf200s25b,oos,73,buy,2025-10-16 21:15:00,2025-10-16 21:55:00,8.0,8.03,late,vol_high,downtrend,adx_gt25,spread_low
run50AH_nf200s25b_logreg_deep_v1,nf200s25b,oos,74,sell,2025-10-17 17:10:00,2025-10-17 17:15:00,1.0,-11.18,early,vol_high,downtrend,adx_gt25,spread_low
run50AH_nf200s25b_logreg_deep_v1,nf200s25b,oos,75,buy,2025-10-17 17:15:00,2025-10-17 17:55:00,8.0,-11.02,early,vol_high,downtrend,adx_gt25,spread_low
run50AH_nf200s25b_logreg_deep_v1,nf200s25b,oos,76,buy,2025-10-17 18:40:00,2025-10-17 19:20:00,8.0,15.94,mid,vol_high,downtrend,adx_20_25,spread_low
run50AH_nf200s25b_logreg_deep_v1,nf200s25b,oos,77,buy,2025-10-17 20:05:00,2025-10-17 20:25:00,4.0,-0.5,mid,vol_mid,downtrend,adx_20_25,spread_low
run50AH_nf200s25b_logreg_deep_v1,nf200s25b,oos,78,sell,2025-10-17 20:25:00,2025-10-17 20:35:00,2.0,-2.37,late,vol_mid,range_or_weak_trend,adx_lt20,spread_low
run50AH_nf200s25b_logreg_deep_v1,nf200s25b,oos,79,buy,2025-10-17 20:35:00,2025-10-17 20:50:00,3.0,-2.02,late,vol_mid,range_or_weak_trend,adx_lt20,spread_low
run50AH_nf200s25b_logreg_deep_v1,nf200s25b,oos,80,sell,2025-10-17 20:50:00,2025-10-17 21:15:00,5.0,-8.88,late,vol_mid,range_or_weak_trend,adx_lt20,spread_low
run50AH_nf200s25b_logreg_deep_v1,nf200s25b,oos,81,buy,2025-10-17 21:15:00,2025-10-17 21:55:00,8.0,2.41,late,vol_high,range_or_weak_trend,adx_lt20,spread_low
run50AH_nf200s25b_logreg_deep_v1,nf200s25b,oos,82,buy,2025-10-20 17:10:00,2025-10-20 17:50:00,8.0,5.89,early,vol_mid,downtrend,adx_gt25,spread_low
run50AH_nf200s25b_logreg_deep_v1,nf200s25b,oos,83,buy,2025-10-20 18:35:00,2025-10-20 19:20:00,9.0,-0.27,mid,vol_low,downtrend,adx_gt25,spread_low
run50AH_nf200s25b_logreg_deep_v1,nf200s25b,oos,84,buy,2025-10-20 20:15:00,2025-10-20 21:05:00,10.0,1.18,late,vol_low,downtrend,adx_gt25,spread_low
run50AH_nf200s25b_logreg_deep_v1,nf200s25b,oos,85,buy,2025-10-20 21:55:00,2025-10-21 16:35:00,224.0,-3.81,late,vol_low,downtrend,adx_gt25,spread_low
run50AH_nf200s25b_logreg_deep_v1,nf200s25b,oos,86,sell,2025-10-21 16:35:00,2025-10-21 16:40:00,1.0,0.12,early,vol_low,range_or_weak_trend,adx_lt20,spread_low
run50AH_nf200s25b_logreg_deep_v1,nf200s25b,oos,87,buy,2025-10-21 16:40:00,2025-10-21 16:45:00,1.0,-2.31,early,vol_low,range_or_weak_trend,adx_lt20,spread_low
run50AH_nf200s25b_logreg_deep_v1,nf200s25b,oos,88,sell,2025-10-21 16:45:00,2025-10-21 17:15:00,6.0,0.69,early,vol_low,range_or_weak_trend,adx_lt20,spread_low
run50AH_nf200s25b_logreg_deep_v1,nf200s25b,oos,89,buy,2025-10-21 17:15:00,2025-10-21 17:55:00,8.0,2.81,early,vol_low,downtrend,adx_gt25,spread_low
run50AH_nf200s25b_logreg_deep_v1,nf200s25b,oos,90,buy,2025-10-21 18:45:00,2025-10-21 19:25:00,8.0,4.93,mid,vol_low,range_or_weak_trend,adx_lt20,spread_low
run50AH_nf200s25b_logreg_deep_v1,nf200s25b,oos,91,sell,2025-10-21 20:15:00,2025-10-21 20:35:00,4.0,2.02,late,vol_low,range_or_weak_trend,adx_lt20,spread_low
run50AH_nf200s25b_logreg_deep_v1,nf200s25b,oos,92,buy,2025-10-21 20:35:00,2025-10-21 21:35:00,12.0,3.22,late,vol_low,downtrend,adx_20_25,spread_low
run50AH_nf200s25b_logreg_deep_v1,nf200s25b,oos,93,sell,2025-10-22 17:00:00,2025-10-22 17:05:00,1.0,0.64,early,vol_mid,range_or_weak_trend,adx_lt20,spread_low
run50AH_nf200s25b_logreg_deep_v1,nf200s25b,oos,94,buy,2025-10-22 17:05:00,2025-10-22 17:40:00,7.0,-15.85,early,vol_mid,range_or_weak_trend,adx_lt20,spread_low
run50AH_nf200s25b_logreg_deep_v1,nf200s25b,oos,95,sell,2025-10-22 17:40:00,2025-10-22 17:55:00,3.0,-4.02,early,vol_high,downtrend,adx_gt25,spread_low
run50AH_nf200s25b_logreg_deep_v1,nf200s25b,oos,96,buy,2025-10-22 17:55:00,2025-10-22 18:35:00,8.0,-10.13,early,vol_high,downtrend,adx_gt25,spread_low
run50AH_nf200s25b_logreg_deep_v1,nf200s25b,oos,97,buy,2025-10-22 19:20:00,2025-10-22 20:00:00,8.0,-7.51,mid,vol_mid,downtrend,adx_gt25,spread_low
run50AH_nf200s25b_logreg_deep_v1,nf200s25b,oos,98,sell,2025-10-22 20:45:00,2025-10-22 21:25:00,8.0,-10.57,late,vol_mid,downtrend,adx_gt25,spread_low
run50AH_nf200s25b_logreg_deep_v1,nf200s25b,oos,99,buy,2025-10-22 21:25:00,2025-10-23 16:35:00,230.0,9.58,late,vol_high,downtrend,adx_gt25,spread_low
run50AH_nf200s25b_logreg_deep_v1,nf200s25b,oos,100,buy,2025-10-23 17:20:00,2025-10-23 18:00:00,8.0,9.27,early,vol_mid,downtrend,adx_gt25,spread_low
run50AH_nf200s25b_logreg_deep_v1,nf200s25b,oos,101,sell,2025-10-23 18:55:00,2025-10-23 19:00:00,1.0,0.08,mid,vol_mid,range_or_weak_trend,adx_lt20,spread_low
run50AH_nf200s25b_logreg_deep_v1,nf200s25b,oos,102,buy,2025-10-23 19:00:00,2025-10-23 20:10:00,14.0,1.46,mid,vol_mid,range_or_weak_trend,adx_lt20,spread_low
run50AH_nf200s25b_logreg_deep_v1,nf200s25b,oos,103,buy,2025-10-23 21:05:00,2025-10-23 21:45:00,8.0,-0.22,late,vol_low,range_or_weak_trend,adx_lt20,spread_low
run50AH_nf200s25b_logreg_deep_v1,nf200s25b,oos,104,buy,2025-10-24 17:00:00,2025-10-24 17:40:00,8.0,-0.02,early,vol_mid,downtrend,adx_gt25,spread_low
run50AH_nf200s25b_logreg_deep_v1,nf200s25b,oos,105,buy,2025-10-24 18:30:00,2025-10-24 19:25:00,11.0,0.53,mid,vol_low,range_or_weak_trend,adx_lt20,spread_low
run50AH_nf200s25b_logreg_deep_v1,nf200s25b,oos,106,buy,2025-10-24 20:30:00,2025-10-24 21:30:00,12.0,-0.17,late,vol_low,range_or_weak_trend,adx_lt20,spread_low
run50AH_nf200s25b_logreg_deep_v1,nf200s25b,oos,107,buy,2025-10-27 16:35:00,2025-10-27 17:15:09,8.03,3.53,early,vol_low,range_or_weak_trend,adx_lt20,spread_low
run50AH_nf200s25b_logreg_deep_v1,nf200s25b,oos,108,buy,2025-10-27 18:00:00,2025-10-27 18:40:00,8.0,4.43,mid,vol_low,range_or_weak_trend,adx_lt20,spread_low
run50AH_nf200s25b_logreg_deep_v1,nf200s25b,oos,109,buy,2025-10-27 19:35:00,2025-10-27 20:25:00,10.0,-1.56,late,vol_low,range_or_weak_trend,adx_lt20,spread_low
run50AH_nf200s25b_logreg_deep_v1,nf200s25b,oos,110,buy,2025-10-28 16:35:00,2025-10-28 16:50:00,3.0,-1.35,early,vol_low,downtrend,adx_gt25,spread_low
run50AH_nf200s25b_logreg_deep_v1,nf200s25b,oos,111,sell,2025-10-28 16:50:00,2025-10-28 17:10:00,4.0,-0.96,early,vol_low,downtrend,adx_gt25,spread_low
run50AH_nf200s25b_logreg_deep_v1,nf200s25b,oos,112,buy,2025-10-28 17:10:00,2025-10-28 17:50:00,8.0,-3.16,early,vol_low,downtrend,adx_gt25,spread_low
run50AH_nf200s25b_logreg_deep_v1,nf200s25b,oos,113,buy,2025-10-28 18:35:00,2025-10-28 19:20:00,9.0,4.34,mid,vol_low,range_or_weak_trend,adx_lt20,spread_low
run50AH_nf200s25b_logreg_deep_v1,nf200s25b,oos,114,buy,2025-10-28 20:15:00,2025-10-29 15:50:00,235.0,13.08,late,vol_low,downtrend,adx_gt25,spread_low
run50AH_nf200s25b_logreg_deep_v1,nf200s25b,oos,115,buy,2025-10-29 16:40:00,2025-10-29 17:05:00,5.0,1.26,early,vol_low,range_or_weak_trend,adx_lt20,spread_low
run50AH_nf200s25b_logreg_deep_v1,nf200s25b,oos,116,sell,2025-10-29 17:05:00,2025-10-29 17:10:00,1.0,0.59,early,vol_low,range_or_weak_trend,adx_lt20,spread_low
run50AH_nf200s25b_logreg_deep_v1,nf200s25b,oos,117,buy,2025-10-29 17:10:00,2025-10-29 17:55:00,9.0,-0.88,early,vol_low,downtrend,adx_20_25,spread_low
run50AH_nf200s25b_logreg_deep_v1,nf200s25b,oos,118,buy,2025-10-29 18:45:00,2025-10-29 19:55:00,14.0,2.26,mid,vol_low,downtrend,adx_20_25,spread_low
run50AH_nf200s25b_logreg_deep_v1,nf200s25b,oos,119,sell,2025-10-30 15:45:00,2025-10-30 16:25:00,8.0,0.01,early,feature_missing,feature_missing,feature_missing,spread_low
run50AH_nf200s25b_logreg_deep_v1,nf200s25b,oos,120,buy,2025-10-30 17:10:00,2025-10-30 17:50:00,8.0,-3.88,early,vol_high,downtrend,adx_gt25,spread_low
run50AH_nf200s25b_logreg_deep_v1,nf200s25b,oos,121,buy,2025-10-30 18:35:00,2025-10-30 19:15:00,8.0,6.09,mid,vol_mid,range_or_weak_trend,adx_lt20,spread_low
run50AH_nf200s25b_logreg_deep_v1,nf200s25b,oos,122,sell,2025-10-30 20:00:00,2025-10-30 20:55:00,11.0,0.33,late,vol_low,range_or_weak_trend,adx_lt20,spread_low
run50AH_nf200s25b_logreg_deep_v1,nf200s25b,oos,123,buy,2025-10-31 16:35:00,2025-10-31 16:45:00,2.0,-4.19,early,vol_low,downtrend,adx_20_25,spread_low
run50AH_nf200s25b_logreg_deep_v1,nf200s25b,oos,124,sell,2025-10-31 16:45:00,2025-10-31 17:25:00,8.0,1.59,early,vol_low,downtrend,adx_gt25,spread_low
run50AH_nf200s25b_logreg_deep_v1,nf200s25b,oos,125,buy,2025-10-31 18:10:00,2025-10-31 18:35:00,5.0,-2.07,mid,vol_low,downtrend,adx_gt25,spread_low
run50AH_nf200s25b_logreg_deep_v1,nf200s25b,oos,126,sell,2025-10-31 18:35:00,2025-10-31 18:45:00,2.0,1.93,mid,vol_low,downtrend,adx_gt25,spread_low
run50AH_nf200s25b_logreg_deep_v1,nf200s25b,oos,127,buy,2025-10-31 18:45:00,2025-10-31 18:50:00,1.0,-4.93,mid,vol_low,downtrend,adx_gt25,spread_low
run50AH_nf200s25b_logreg_deep_v1,nf200s25b,oos,128,sell,2025-10-31 18:50:00,2025-10-31 18:55:00,1.0,-1.05,mid,vol_mid,downtrend,adx_gt25,spread_low
run50AH_nf200s25b_logreg_deep_v1,nf200s25b,oos,129,buy,2025-10-31 18:55:00,2025-10-31 19:10:00,3.0,-7.37,mid,vol_mid,downtrend,adx_gt25,spread_low
run50AH_nf200s25b_logreg_deep_v1,nf200s25b,oos,130,sell,2025-10-31 19:10:00,2025-10-31 19:35:00,5.0,-1.23,mid,vol_mid,downtrend,adx_gt25,spread_low
run50AH_nf200s25b_logreg_deep_v1,nf200s25b,oos,131,buy,2025-10-31 19:35:00,2025-10-31 19:45:00,2.0,-3.73,late,vol_mid,downtrend,adx_gt25,spread_low
run50AH_nf200s25b_logreg_deep_v1,nf200s25b,oos,132,sell,2025-10-31 19:45:00,2025-10-31 20:25:00,8.0,7.23,late,vol_mid,downtrend,adx_gt25,spread_low
run50AH_nf200s25b_logreg_deep_v1,nf200s25b,oos,133,buy,2025-11-03 17:40:00,2025-11-03 18:20:00,8.0,2.07,early,vol_mid,downtrend,adx_gt25,spread_low
run50AH_nf200s25b_logreg_deep_v1,nf200s25b,oos,134,buy,2025-11-03 19:10:00,2025-11-03 20:15:00,13.0,3.41,mid,vol_mid,range_or_weak_trend,adx_lt20,spread_low
run50AH_nf200s25b_logreg_deep_v1,nf200s25b,oos,135,sell,2025-11-03 21:25:00,2025-11-03 21:55:00,6.0,-2.12,late,vol_low,range_or_weak_trend,adx_lt20,spread_low
run50AH_nf200s25b_logreg_deep_v1,nf200s25b,oos,136,buy,2025-11-03 21:55:00,2025-11-03 22:00:00,1.0,-0.17,late,vol_low,downtrend,adx_gt25,spread_low
run50AH_nf200s25b_logreg_deep_v1,nf200s25b,oos,137,sell,2025-11-03 22:00:00,2025-11-04 16:55:00,227.0,25.97,late,vol_low,downtrend,adx_gt25,spread_low
run50AH_nf200s25b_logreg_deep_v1,nf200s25b,oos,138,buy,2025-11-04 16:55:00,2025-11-04 17:35:00,8.0,1.11,early,vol_high,range_or_weak_trend,adx_lt20,spread_low
run50AH_nf200s25b_logreg_deep_v1,nf200s25b,oos,139,sell,2025-11-04 18:20:00,2025-11-04 19:00:00,8.0,0.51,early,vol_high,range_or_weak_trend,adx_lt20,spread_low
run50AH_nf200s25b_logreg_deep_v1,nf200s25b,oos,140,sell,2025-11-04 20:05:00,2025-11-04 20:45:00,8.0,0.99,mid,vol_mid,downtrend,adx_gt25,spread_low
run50AH_nf200s25b_logreg_deep_v1,nf200s25b,oos,141,buy,2025-11-04 21:45:00,2025-11-04 22:00:00,3.0,1.16,late,vol_mid,downtrend,adx_gt25,spread_low
run50AH_nf200s25b_logreg_deep_v1,nf200s25b,oos,142,sell,2025-11-04 22:00:00,2025-11-05 16:50:00,226.0,-0.64,late,vol_mid,downtrend,adx_gt25,spread_low
run50AH_nf200s25b_logreg_deep_v1,nf200s25b,oos,143,buy,2025-11-05 16:50:00,2025-11-05 17:30:00,8.0,7.84,early,vol_mid,downtrend,adx_gt25,spread_low
run50AH_nf200s25b_logreg_deep_v1,nf200s25b,oos,144,buy,2025-11-05 18:15:00,2025-11-05 18:55:00,8.0,10.19,early,vol_high,downtrend,adx_gt25,spread_low
run50AH_nf200s25b_logreg_deep_v1,nf200s25b,oos,145,buy,2025-11-05 19:45:00,2025-11-05 20:30:00,9.0,0.23,mid,vol_low,downtrend,adx_gt25,spread_low
run50AH_nf200s25b_logreg_deep_v1,nf200s25b,oos,146,buy,2025-11-05 21:45:00,2025-11-06 16:35:00,226.0,-21.66,late,vol_low,downtrend,adx_gt25,spread_low
run50AH_nf200s25b_logreg_deep_v1,nf200s25b,oos,147,sell,2025-11-06 16:35:00,2025-11-06 17:15:00,8.0,22.09,early,vol_low,downtrend,adx_gt25,spread_low
run50AH_nf200s25b_logreg_deep_v1,nf200s25b,oos,148,buy,2025-11-06 18:00:00,2025-11-06 18:40:00,8.0,-4.66,early,vol_high,downtrend,adx_gt25,spread_low
run50AH_nf200s25b_logreg_deep_v1,nf200s25b,oos,149,buy,2025-11-06 19:25:00,2025-11-06 20:05:00,8.0,6.93,mid,vol_high,downtrend,adx_gt25,spread_low
run50AH_nf200s25b_logreg_deep_v1,nf200s25b,oos,150,buy,2025-11-06 21:00:00,2025-11-06 21:35:00,7.0,9.11,late,vol_mid,downtrend,adx_20_25,spread_low
run50AH_nf200s25b_logreg_deep_v1,nf200s25b,oos,151,sell,2025-11-06 21:35:00,2025-11-07 16:45:00,230.0,44.65,late,vol_mid,range_or_weak_trend,adx_lt20,spread_low
run50AH_nf200s25b_logreg_deep_v1,nf200s25b,oos,152,buy,2025-11-07 17:30:00,2025-11-07 17:55:00,5.0,-11.61,early,vol_high,downtrend,adx_20_25,spread_low
run50AH_nf200s25b_logreg_deep_v1,nf200s25b,oos,153,sell,2025-11-07 17:55:00,2025-11-07 18:35:00,8.0,3.54,early,vol_high,downtrend,adx_gt25,spread_low
run50AH_nf200s25b_logreg_deep_v1,nf200s25b,oos,154,sell,2025-11-07 19:20:00,2025-11-07 19:35:00,3.0,-5.38,mid,vol_mid,downtrend,adx_gt25,spread_low
run50AH_nf200s25b_logreg_deep_v1,nf200s25b,oos,155,buy,2025-11-07 19:35:00,2025-11-07 19:40:00,1.0,-2.21,mid,vol_mid,downtrend,adx_gt25,spread_low
run50AH_nf200s25b_logreg_deep_v1,nf200s25b,oos,156,sell,2025-11-07 19:40:00,2025-11-07 20:25:00,9.0,-8.07,mid,vol_mid,downtrend,adx_gt25,spread_low
run50AH_nf200s25b_logreg_deep_v1,nf200s25b,oos,157,sell,2025-11-07 21:20:00,2025-11-10 16:35:00,807.0,-64.62,late,vol_mid,range_or_weak_trend,adx_lt20,spread_low
run50AH_nf200s25b_logreg_deep_v1,nf200s25b,oos,158,buy,2025-11-10 17:20:00,2025-11-10 17:55:00,7.0,-6.91,early,vol_low,downtrend,adx_gt25,spread_low
run50AH_nf200s25b_logreg_deep_v1,nf200s25b,oos,159,sell,2025-11-10 17:55:00,2025-11-10 18:00:00,1.0,3.21,early,vol_mid,downtrend,adx_gt25,spread_low
run50AH_nf200s25b_logreg_deep_v1,nf200s25b,oos,160,buy,2025-11-10 18:00:00,2025-11-10 18:45:00,9.0,-4.2,early,vol_mid,downtrend,adx_gt25,spread_low
run50AH_nf200s25b_logreg_deep_v1,nf200s25b,oos,161,buy,2025-11-10 19:45:00,2025-11-10 21:05:00,16.0,6.83,mid,vol_mid,downtrend,adx_20_25,spread_low
run50AH_nf200s25b_logreg_deep_v1,nf200s25b,oos,162,buy,2025-11-11 16:55:00,2025-11-11 17:35:00,8.0,-6.02,early,vol_low,range_or_weak_trend,adx_lt20,spread_low
run50AH_nf200s25b_logreg_deep_v1,nf200s25b,oos,163,buy,2025-11-11 18:30:00,2025-11-11 19:30:00,12.0,5.04,mid,vol_mid,range_or_weak_trend,adx_lt20,spread_low
run50AH_nf200s25b_logreg_deep_v1,nf200s25b,oos,164,sell,2025-11-12 16:45:00,2025-11-12 17:05:00,4.0,1.94,early,vol_mid,downtrend,adx_gt25,spread_low
run50AH_nf200s25b_logreg_deep_v1,nf200s25b,oos,165,buy,2025-11-12 17:05:00,2025-11-12 17:45:00,8.0,-2.86,early,vol_mid,downtrend,adx_gt25,spread_low
run50AH_nf200s25b_logreg_deep_v1,nf200s25b,oos,166,buy,2025-11-12 18:30:00,2025-11-12 19:15:00,9.0,-2.46,mid,vol_mid,downtrend,adx_gt25,spread_low
run50AH_nf200s25b_logreg_deep_v1,nf200s25b,oos,167,buy,2025-11-12 20:00:00,2025-11-12 21:00:00,12.0,0.27,mid,vol_mid,downtrend,adx_20_25,spread_low
run50AH_nf200s25b_logreg_deep_v1,nf200s25b,oos,168,sell,2025-11-13 16:40:00,2025-11-13 16:55:00,3.0,0.32,early,vol_mid,downtrend,adx_gt25,spread_low
run50AH_nf200s25b_logreg_deep_v1,nf200s25b,oos,169,buy,2025-11-13 16:55:00,2025-11-13 17:35:00,8.0,-4.1,early,vol_high,downtrend,adx_gt25,spread_low
run50AH_nf200s25b_logreg_deep_v1,nf200s25b,oos,170,buy,2025-11-13 18:20:00,2025-11-13 19:00:00,8.0,-2.06,early,vol_high,downtrend,adx_gt25,spread_low
run50AH_nf200s25b_logreg_deep_v1,nf200s25b,oos,171,buy,2025-11-13 19:50:00,2025-11-13 20:25:00,7.0,-6.93,mid,vol_mid,downtrend,adx_20_25,spread_low
run50AH_nf200s25b_logreg_deep_v1,nf200s25b,oos,172,sell,2025-11-13 20:25:00,2025-11-13 21:05:00,8.0,6.19,late,vol_mid,downtrend,adx_gt25,spread_low
run50AH_nf200s25b_logreg_deep_v1,nf200s25b,oos,173,sell,2025-11-13 21:50:00,2025-11-14 16:50:00,228.0,16.56,late,vol_mid,downtrend,adx_gt25,spread_low
run50AH_nf200s25b_logreg_deep_v1,nf200s25b,oos,174,buy,2025-11-14 16:50:00,2025-11-14 17:30:00,8.0,11.46,early,vol_high,downtrend,adx_20_25,spread_low
run50AH_nf200s25b_logreg_deep_v1,nf200s25b,oos,175,buy,2025-11-14 18:15:00,2025-11-14 18:55:00,8.0,12.47,early,vol_high,downtrend,adx_gt25,spread_low
run50AH_nf200s25b_logreg_deep_v1,nf200s25b,oos,176,sell,2025-11-14 19:40:00,2025-11-14 20:25:00,9.0,13.03,mid,vol_mid,downtrend,adx_gt25,spread_low
run50AH_nf200s25b_logreg_deep_v1,nf200s25b,oos,177,sell,2025-11-14 21:15:00,2025-11-14 21:55:00,8.0,-7.03,late,vol_high,range_or_weak_trend,adx_lt20,spread_low
run50AH_nf200s25b_logreg_deep_v1,nf200s25b,oos,178,buy,2025-11-14 21:55:00,2025-11-14 22:00:00,1.0,0.51,late,vol_high,range_or_weak_trend,adx_lt20,spread_low
run50AH_nf200s25b_logreg_deep_v1,nf200s25b,oos,179,sell,2025-11-14 22:00:00,2025-11-17 16:35:00,799.0,12.6,late,vol_mid,range_or_weak_trend,adx_lt20,spread_low
run50AH_nf200s25b_logreg_deep_v1,nf200s25b,oos,180,buy,2025-11-17 16:35:00,2025-11-17 17:15:00,8.0,2.96,early,vol_high,downtrend,adx_gt25,spread_low
run50AH_nf200s25b_logreg_deep_v1,nf200s25b,oos,181,buy,2025-11-17 18:05:00,2025-11-17 18:50:00,9.0,9.16,early,vol_high,downtrend,adx_20_25,spread_low
run50AH_nf200s25b_logreg_deep_v1,nf200s25b,oos,182,sell,2025-11-17 19:40:00,2025-11-17 20:30:00,10.0,12.74,mid,vol_high,range_or_weak_trend,adx_lt20,spread_low
run50AH_nf200s25b_logreg_deep_v1,nf200s25b,oos,183,sell,2025-11-17 21:20:00,2025-11-17 22:00:00,8.0,10.57,late,vol_mid,downtrend,adx_gt25,spread_low
run50AH_nf200s25b_logreg_deep_v1,nf200s25b,oos,184,buy,2025-11-18 17:15:00,2025-11-18 17:55:00,8.0,-3.57,early,vol_high,downtrend,adx_20_25,spread_low
run50AH_nf200s25b_logreg_deep_v1,nf200s25b,oos,185,buy,2025-11-18 18:40:00,2025-11-18 19:25:00,9.0,-6.12,mid,vol_high,downtrend,adx_20_25,spread_low
run50AH_nf200s25b_logreg_deep_v1,nf200s25b,oos,186,buy,2025-11-18 20:10:00,2025-11-18 20:50:00,8.0,0.44,mid,vol_high,downtrend,adx_20_25,spread_low
run50AH_nf200s25b_logreg_deep_v1,nf200s25b,oos,187,sell,2025-11-18 21:45:00,2025-11-19 16:40:00,227.0,5.69,late,vol_high,range_or_weak_trend,adx_lt20,spread_low
run50AH_nf200s25b_logreg_deep_v1,nf200s25b,oos,188,buy,2025-11-19 16:40:00,2025-11-19 17:20:00,8.0,27.84,early,vol_low,downtrend,adx_20_25,spread_low
run50AH_nf200s25b_logreg_deep_v1,nf200s25b,oos,189,sell,2025-11-19 18:05:00,2025-11-19 18:45:00,8.0,8.28,early,vol_high,downtrend,adx_gt25,spread_low
run50AH_nf200s25b_logreg_deep_v1,nf200s25b,oos,190,buy,2025-11-19 19:30:00,2025-11-19 20:10:00,8.0,2.08,mid,vol_high,downtrend,adx_gt25,spread_low
run50AH_nf200s25b_logreg_deep_v1,nf200s25b,oos,191,buy,2025-11-19 20:55:00,2025-11-19 21:35:00,8.0,-7.82,late,vol_high,downtrend,adx_20_25,spread_low
run50AH_nf200s25b_logreg_deep_v1,nf200s25b,oos,192,buy,2025-11-20 16:50:00,2025-11-20 17:30:00,8.0,4.37,early,vol_mid,downtrend,adx_gt25,spread_low
run50AH_nf200s25b_logreg_deep_v1,nf200s25b,oos,193,buy,2025-11-20 18:15:00,2025-11-20 18:20:00,1.0,-7.08,early,vol_high,downtrend,adx_20_25,spread_low
run50AH_nf200s25b_logreg_deep_v1,nf200s25b,oos,194,sell,2025-11-20 18:20:00,2025-11-20 19:00:00,8.0,38.51,early,vol_high,downtrend,adx_gt25,spread_low
run50AH_nf200s25b_logreg_deep_v1,nf200s25b,oos,195,buy,2025-11-20 19:45:00,2025-11-20 20:25:00,8.0,11.88,mid,vol_high,downtrend,adx_gt25,spread_low
run50AH_nf200s25b_logreg_deep_v1,nf200s25b,oos,196,buy,2025-11-20 21:10:00,2025-11-20 21:50:00,8.0,1.44,late,vol_high,downtrend,adx_gt25,spread_low
run50AH_nf200s25b_logreg_deep_v1,nf200s25b,oos,197,sell,2025-11-21 17:10:00,2025-11-21 17:30:00,4.0,11.24,early,vol_high,range_or_weak_trend,adx_lt20,spread_low
run50AH_nf200s25b_logreg_deep_v1,nf200s25b,oos,198,buy,2025-11-21 17:30:00,2025-11-21 17:40:00,2.0,-9.57,early,vol_high,range_or_weak_trend,adx_lt20,spread_low
run50AH_nf200s25b_logreg_deep_v1,nf200s25b,oos,199,sell,2025-11-21 17:40:00,2025-11-21 17:45:00,1.0,-7.87,early,vol_high,range_or_weak_trend,adx_lt20,spread_low
run50AH_nf200s25b_logreg_deep_v1,nf200s25b,oos,200,buy,2025-11-21 17:45:00,2025-11-21 17:50:00,1.0,6.43,early,vol_high,range_or_weak_trend,adx_lt20,spread_low
run50AH_nf200s25b_logreg_deep_v1,nf200s25b,oos,201,sell,2025-11-21 17:50:00,2025-11-21 18:00:00,2.0,7.11,early,vol_high,range_or_weak_trend,adx_lt20,spread_low
run50AH_nf200s25b_logreg_deep_v1,nf200s25b,oos,202,buy,2025-11-21 18:00:00,2025-11-21 18:05:00,1.0,-4.07,early,vol_high,range_or_weak_trend,adx_lt20,spread_low
run50AH_nf200s25b_logreg_deep_v1,nf200s25b,oos,203,sell,2025-11-21 18:05:00,2025-11-21 18:20:00,3.0,-2.02,early,vol_high,range_or_weak_trend,adx_lt20,spread_low
run50AH_nf200s25b_logreg_deep_v1,nf200s25b,oos,204,buy,2025-11-21 18:20:00,2025-11-21 19:00:00,8.0,36.96,early,vol_high,range_or_weak_trend,adx_lt20,spread_low
run50AH_nf200s25b_logreg_deep_v1,nf200s25b,oos,205,buy,2025-11-21 19:50:00,2025-11-21 20:05:00,3.0,-12.01,mid,vol_high,downtrend,adx_gt25,spread_low
run50AH_nf200s25b_logreg_deep_v1,nf200s25b,oos,206,sell,2025-11-21 20:05:00,2025-11-21 20:45:00,8.0,-11.3,mid,vol_high,downtrend,adx_gt25,spread_low
run50AH_nf200s25b_logreg_deep_v1,nf200s25b,oos,207,buy,2025-11-21 21:30:00,2025-11-21 21:45:00,3.0,-7.41,late,vol_high,downtrend,adx_gt25,spread_low
run50AH_nf200s25b_logreg_deep_v1,nf200s25b,oos,208,sell,2025-11-21 21:45:00,2025-11-24 16:35:00,802.0,-18.22,late,vol_high,downtrend,adx_gt25,spread_low
run50AH_nf200s25b_logreg_deep_v1,nf200s25b,oos,209,buy,2025-11-24 16:35:00,2025-11-24 17:15:00,8.0,5.11,early,vol_high,downtrend,adx_gt25,spread_low
run50AH_nf200s25b_logreg_deep_v1,nf200s25b,oos,210,buy,2025-11-24 18:00:00,2025-11-24 18:40:00,8.0,7.81,early,vol_high,downtrend,adx_gt25,spread_low
run50AH_nf200s25b_logreg_deep_v1,nf200s25b,oos,211,buy,2025-11-24 19:45:00,2025-11-24 20:25:00,8.0,2.66,mid,vol_low,downtrend,adx_gt25,spread_low
run50AH_nf200s25b_logreg_deep_v1,nf200s25b,oos,212,buy,2025-11-24 21:15:00,2025-11-24 21:55:00,8.0,-4.2,late,vol_low,downtrend,adx_gt25,spread_low
run50AH_nf200s25b_logreg_deep_v1,nf200s25b,oos,213,buy,2025-11-25 17:10:00,2025-11-25 17:50:00,8.0,3.62,early,vol_high,downtrend,adx_gt25,spread_low
run50AH_nf200s25b_logreg_deep_v1,nf200s25b,oos,214,buy,2025-11-25 18:35:00,2025-11-25 19:20:00,9.0,10.37,mid,vol_high,downtrend,adx_20_25,spread_low
run50AH_nf200s25b_logreg_deep_v1,nf200s25b,oos,215,buy,2025-11-25 20:05:00,2025-11-25 20:45:00,8.0,0.67,mid,vol_mid,downtrend,adx_gt25,spread_low
run50AH_nf200s25b_logreg_deep_v1,nf200s25b,oos,216,buy,2025-11-25 22:00:00,2025-11-26 17:10:00,230.0,19.32,late,vol_low,downtrend,adx_20_25,spread_low
run50AH_nf200s25b_logreg_deep_v1,nf200s25b,oos,217,buy,2025-11-26 17:55:00,2025-11-26 18:35:00,8.0,8.96,early,vol_mid,range_or_weak_trend,adx_lt20,spread_low
run50AH_nf200s25b_logreg_deep_v1,nf200s25b,oos,218,buy,2025-11-26 19:20:00,2025-11-26 20:10:00,10.0,-0.86,mid,vol_low,downtrend,adx_20_25,spread_low
run50AH_nf200s25b_logreg_deep_v1,nf200s25b,oos,219,buy,2025-11-26 21:10:00,2025-12-01 16:35:00,1385.0,-1.47,late,vol_mid,range_or_weak_trend,adx_lt20,spread_low
run50AH_nf200s25b_logreg_deep_v1,nf200s25b,oos,220,buy,2025-12-01 17:25:00,2025-12-01 18:05:00,8.0,7.72,early,vol_mid,downtrend,adx_20_25,spread_low
run50AH_nf200s25b_logreg_deep_v1,nf200s25b,oos,221,buy,2025-12-01 18:50:00,2025-12-01 19:40:00,10.0,1.04,mid,vol_mid,range_or_weak_trend,adx_lt20,spread_low
run50AH_nf200s25b_logreg_deep_v1,nf200s25b,oos,222,sell,2025-12-01 20:50:00,2025-12-01 22:00:00,14.0,9.69,late,vol_low,range_or_weak_trend,adx_lt20,spread_low
run50AH_nf200s25b_logreg_deep_v1,nf200s25b,oos,223,buy,2025-12-02 17:15:00,2025-12-02 17:30:00,3.0,-6.17,early,vol_mid,downtrend,adx_gt25,spread_low
run50AH_nf200s25b_logreg_deep_v1,nf200s25b,oos,224,sell,2025-12-02 17:30:00,2025-12-02 17:35:00,1.0,2.22,early,vol_mid,downtrend,adx_gt25,spread_low
run50AH_nf200s25b_logreg_deep_v1,nf200s25b,oos,225,buy,2025-12-02 17:35:00,2025-12-02 18:15:00,8.0,-1.14,early,vol_mid,downtrend,adx_gt25,spread_low
run50AH_nf200s25b_logreg_deep_v1,nf200s25b,oos,226,buy,2025-12-02 19:00:00,2025-12-02 19:40:00,8.0,8.71,mid,vol_high,downtrend,adx_gt25,spread_low
run50AH_nf200s25b_logreg_deep_v1,nf200s25b,oos,227,buy,2025-12-02 20:30:00,2025-12-02 21:15:00,9.0,3.99,late,vol_mid,range_or_weak_trend,adx_lt20,spread_low
run50AH_nf200s25b_logreg_deep_v1,nf200s25b,oos,228,sell,2025-12-03 16:35:00,2025-12-03 16:55:00,4.0,-1.57,early,vol_high,downtrend,adx_gt25,spread_low
run50AH_nf200s25b_logreg_deep_v1,nf200s25b,oos,229,buy,2025-12-03 16:55:00,2025-12-03 17:35:00,8.0,8.81,early,vol_high,downtrend,adx_gt25,spread_low
run50AH_nf200s25b_logreg_deep_v1,nf200s25b,oos,230,buy,2025-12-03 18:20:00,2025-12-03 19:05:00,9.0,1.07,early,vol_high,range_or_weak_trend,adx_lt20,spread_low
run50AH_nf200s25b_logreg_deep_v1,nf200s25b,oos,231,buy,2025-12-03 20:10:00,2025-12-03 20:50:00,8.0,2.67,mid,vol_low,range_or_weak_trend,adx_lt20,spread_low
run50AH_nf200s25b_logreg_deep_v1,nf200s25b,oos,232,sell,2025-12-03 20:50:00,2025-12-03 21:00:00,2.0,1.95,late,vol_low,range_or_weak_trend,adx_lt20,spread_low
run50AH_nf200s25b_logreg_deep_v1,nf200s25b,oos,233,buy,2025-12-03 21:00:00,2025-12-03 21:05:00,1.0,1.34,late,vol_low,range_or_weak_trend,adx_lt20,spread_low
run50AH_nf200s25b_logreg_deep_v1,nf200s25b,oos,234,sell,2025-12-03 21:05:00,2025-12-03 21:15:00,2.0,-0.72,late,vol_low,range_or_weak_trend,adx_lt20,spread_low
run50AH_nf200s25b_logreg_deep_v1,nf200s25b,oos,235,buy,2025-12-03 21:15:00,2025-12-03 21:55:00,8.0,1.62,late,vol_low,range_or_weak_trend,adx_lt20,spread_low
run50AH_nf200s25b_logreg_deep_v1,nf200s25b,oos,236,sell,2025-12-03 21:55:00,2025-12-03 22:00:00,1.0,-0.48,late,vol_low,range_or_weak_trend,adx_lt20,spread_low
run50AH_nf200s25b_logreg_deep_v1,nf200s25b,oos,237,buy,2025-12-03 22:00:00,2025-12-04 16:35:00,223.0,-10.9,late,vol_low,range_or_weak_trend,adx_lt20,spread_low
run50AH_nf200s25b_logreg_deep_v1,nf200s25b,oos,238,sell,2025-12-04 16:35:00,2025-12-04 16:40:00,1.0,-5.32,early,vol_high,downtrend,adx_gt25,spread_low
run50AH_nf200s25b_logreg_deep_v1,nf200s25b,oos,239,buy,2025-12-04 16:40:00,2025-12-04 16:45:00,1.0,-2.55,early,vol_high,downtrend,adx_gt25,spread_low
run50AH_nf200s25b_logreg_deep_v1,nf200s25b,oos,240,sell,2025-12-04 16:45:00,2025-12-04 16:50:00,1.0,0.47,early,vol_high,downtrend,adx_gt25,spread_low
run50AH_nf200s25b_logreg_deep_v1,nf200s25b,oos,241,buy,2025-12-04 16:50:00,2025-12-04 17:00:00,2.0,-3.13,early,vol_high,downtrend,adx_gt25,spread_low
run50AH_nf200s25b_logreg_deep_v1,nf200s25b,oos,242,sell,2025-12-04 17:00:00,2025-12-04 17:05:00,1.0,-1.3,early,vol_high,downtrend,adx_gt25,spread_low
run50AH_nf200s25b_logreg_deep_v1,nf200s25b,oos,243,buy,2025-12-04 17:05:00,2025-12-04 17:10:00,1.0,0.71,early,vol_high,downtrend,adx_gt25,spread_low
run50AH_nf200s25b_logreg_deep_v1,nf200s25b,oos,244,sell,2025-12-04 17:10:00,2025-12-04 17:15:00,1.0,0.82,early,vol_high,downtrend,adx_gt25,spread_low
run50AH_nf200s25b_logreg_deep_v1,nf200s25b,oos,245,buy,2025-12-04 17:15:00,2025-12-04 17:55:00,8.0,2.06,early,vol_high,downtrend,adx_gt25,spread_low
run50AH_nf200s25b_logreg_deep_v1,nf200s25b,oos,246,buy,2025-12-04 18:45:00,2025-12-04 19:30:00,9.0,3.07,mid,vol_low,downtrend,adx_gt25,spread_low
run50AH_nf200s25b_logreg_deep_v1,nf200s25b,oos,247,buy,2025-12-04 20:25:00,2025-12-04 21:05:00,8.0,-1.54,late,vol_low,range_or_weak_trend,adx_lt20,spread_low
run50AH_nf200s25b_logreg_deep_v1,nf200s25b,oos,248,sell,2025-12-04 22:00:00,2025-12-05 16:35:00,223.0,-16.93,late,vol_low,range_or_weak_trend,adx_lt20,spread_low
run50AH_nf200s25b_logreg_deep_v1,nf200s25b,oos,249,buy,2025-12-05 16:35:00,2025-12-05 17:15:00,8.0,9.92,early,vol_mid,downtrend,adx_gt25,spread_low
run50AH_nf200s25b_logreg_deep_v1,nf200s25b,oos,250,sell,2025-12-05 18:00:00,2025-12-05 18:05:00,1.0,-0.09,early,vol_high,downtrend,adx_gt25,spread_low
run50AH_nf200s25b_logreg_deep_v1,nf200s25b,oos,251,buy,2025-12-05 18:05:00,2025-12-05 18:10:00,1.0,-0.99,early,vol_high,downtrend,adx_gt25,spread_low
run50AH_nf200s25b_logreg_deep_v1,nf200s25b,oos,252,sell,2025-12-05 18:10:00,2025-12-05 18:50:00,8.0,2.56,early,vol_high,downtrend,adx_gt25,spread_low
run50AH_nf200s25b_logreg_deep_v1,nf200s25b,oos,253,buy,2025-12-05 19:35:00,2025-12-05 20:15:00,8.0,4.09,mid,vol_low,downtrend,adx_20_25,spread_low
run50AH_nf200s25b_logreg_deep_v1,nf200s25b,oos,254,buy,2025-12-05 21:05:00,2025-12-05 21:55:00,10.0,0.74,late,vol_low,range_or_weak_trend,adx_lt20,spread_low
run50AH_nf200s25b_logreg_deep_v1,nf200s25b,oos,255,buy,2025-12-08 17:15:00,2025-12-08 17:20:00,1.0,-0.94,early,vol_low,downtrend,adx_20_25,spread_low
run50AH_nf200s25b_logreg_deep_v1,nf200s25b,oos,256,sell,2025-12-08 17:20:00,2025-12-08 17:40:00,4.0,2.67,early,vol_low,downtrend,adx_gt25,spread_low
run50AH_nf200s25b_logreg_deep_v1,nf200s25b,oos,257,buy,2025-12-08 17:40:00,2025-12-08 17:45:00,1.0,-1.86,early,vol_mid,downtrend,adx_gt25,spread_low
run50AH_nf200s25b_logreg_deep_v1,nf200s25b,oos,258,sell,2025-12-08 17:45:00,2025-12-08 18:20:00,7.0,4.42,early,vol_low,downtrend,adx_gt25,spread_low
run50AH_nf200s25b_logreg_deep_v1,nf200s25b,oos,259,buy,2025-12-08 18:20:00,2025-12-08 19:00:00,8.0,-0.44,early,vol_low,downtrend,adx_gt25,spread_low
run50AH_nf200s25b_logreg_deep_v1,nf200s25b,oos,260,buy,2025-12-08 20:00:00,2025-12-08 20:45:00,9.0,-5.41,mid,vol_low,downtrend,adx_gt25,spread_low
run50AH_nf200s25b_logreg_deep_v1,nf200s25b,oos,261,buy,2025-12-08 21:35:00,2025-12-08 21:45:00,2.0,-0.41,late,vol_low,downtrend,adx_gt25,spread_low
run50AH_nf200s25b_logreg_deep_v1,nf200s25b,oos,262,sell,2025-12-08 21:45:00,2025-12-08 21:55:00,2.0,-0.81,late,vol_low,downtrend,adx_gt25,spread_low
run50AH_nf200s25b_logreg_deep_v1,nf200s25b,oos,263,buy,2025-12-08 21:55:00,2025-12-08 22:00:00,1.0,-2.21,late,vol_low,downtrend,adx_gt25,spread_low
run50AH_nf200s25b_logreg_deep_v1,nf200s25b,oos,264,sell,2025-12-08 22:00:00,2025-12-09 16:40:00,224.0,-5.27,late,vol_low,downtrend,adx_gt25,spread_low
run50AH_nf200s25b_logreg_deep_v1,nf200s25b,oos,265,buy,2025-12-09 16:40:00,2025-12-09 17:20:00,8.0,-0.61,early,vol_low,downtrend,adx_gt25,spread_low
run50AH_nf200s25b_logreg_deep_v1,nf200s25b,oos,266,buy,2025-12-09 18:05:00,2025-12-09 18:50:00,9.0,0.17,early,vol_mid,downtrend,adx_gt25,spread_low
run50AH_nf200s25b_logreg_deep_v1,nf200s25b,oos,267,buy,2025-12-09 19:50:00,2025-12-09 19:55:00,1.0,1.52,mid,vol_low,downtrend,adx_20_25,spread_low
run50AH_nf200s25b_logreg_deep_v1,nf200s25b,oos,268,sell,2025-12-09 19:55:00,2025-12-09 20:35:00,8.0,-1.31,mid,vol_low,range_or_weak_trend,adx_lt20,spread_low
run50AH_nf200s25b_logreg_deep_v1,nf200s25b,oos,269,buy,2025-12-09 20:35:00,2025-12-09 20:55:00,4.0,1.04,late,vol_low,range_or_weak_trend,adx_lt20,spread_low
run50AH_nf200s25b_logreg_deep_v1,nf200s25b,oos,270,sell,2025-12-09 20:55:00,2025-12-09 21:00:00,1.0,0.89,late,vol_low,range_or_weak_trend,adx_lt20,spread_low
run50AH_nf200s25b_logreg_deep_v1,nf200s25b,oos,271,buy,2025-12-09 21:00:00,2025-12-09 21:50:00,10.0,-2.66,late,vol_low,range_or_weak_trend,adx_lt20,spread_low
run50AH_nf200s25b_logreg_deep_v1,nf200s25b,oos,272,buy,2025-12-10 17:05:00,2025-12-10 17:45:00,8.0,-4.01,early,vol_low,downtrend,adx_gt25,spread_low
run50AH_nf200s25b_logreg_deep_v1,nf200s25b,oos,273,buy,2025-12-10 18:40:00,2025-12-10 19:45:00,13.0,-1.24,mid,vol_mid,downtrend,adx_20_25,spread_low
run50AH_nf200s25b_logreg_deep_v1,nf200s25b,oos,274,sell,2025-12-10 20:35:00,2025-12-10 21:05:00,6.0,-4.41,late,vol_low,range_or_weak_trend,adx_lt20,spread_low
run50AH_nf200s25b_logreg_deep_v1,nf200s25b,oos,275,buy,2025-12-10 21:05:00,2025-12-10 21:45:00,8.0,1.29,late,vol_low,range_or_weak_trend,adx_lt20,spread_low
run50AH_nf200s25b_logreg_deep_v1,nf200s25b,oos,276,sell,2025-12-11 17:00:00,2025-12-11 17:10:00,2.0,-12.41,early,vol_high,downtrend,adx_gt25,spread_low
run50AH_nf200s25b_logreg_deep_v1,nf200s25b,oos,277,buy,2025-12-11 17:10:00,2025-12-11 17:50:00,8.0,-4.56,early,vol_high,downtrend,adx_gt25,spread_low
run50AH_nf200s25b_logreg_deep_v1,nf200s25b,oos,278,buy,2025-12-11 18:35:00,2025-12-11 19:15:00,8.0,7.15,mid,vol_high,downtrend,adx_gt25,spread_low
run50AH_nf200s25b_logreg_deep_v1,nf200s25b,oos,279,buy,2025-12-11 20:05:00,2025-12-11 20:50:00,9.0,5.34,mid,vol_mid,range_or_weak_trend,adx_lt20,spread_low
run50AH_nf200s25b_logreg_deep_v1,nf200s25b,oos,280,buy,2025-12-11 21:40:00,2025-12-12 16:35:00,227.0,-11.91,late,vol_low,downtrend,adx_gt25,spread_low
run50AH_nf200s25b_logreg_deep_v1,nf200s25b,oos,281,sell,2025-12-12 16:35:00,2025-12-12 16:40:00,1.0,-3.64,early,vol_low,downtrend,adx_gt25,spread_low
run50AH_nf200s25b_logreg_deep_v1,nf200s25b,oos,282,buy,2025-12-12 16:40:00,2025-12-12 17:10:00,6.0,-17.94,early,vol_low,downtrend,adx_gt25,spread_low
run50AH_nf200s25b_logreg_deep_v1,nf200s25b,oos,283,sell,2025-12-12 17:10:00,2025-12-12 17:50:00,8.0,4.47,early,vol_high,downtrend,adx_gt25,spread_low
run50AH_nf200s25b_logreg_deep_v1,nf200s25b,oos,284,sell,2025-12-12 18:35:00,2025-12-12 18:50:00,3.0,0.72,mid,vol_high,downtrend,adx_gt25,spread_low
run50AH_nf200s25b_logreg_deep_v1,nf200s25b,oos,285,buy,2025-12-12 18:50:00,2025-12-12 19:30:00,8.0,4.97,mid,vol_high,downtrend,adx_gt25,spread_low
run50AH_nf200s25b_logreg_deep_v1,nf200s25b,oos,286,buy,2025-12-12 20:15:00,2025-12-12 21:00:00,9.0,-5.84,late,vol_mid,downtrend,adx_gt25,spread_low
run50AH_nf200s25b_logreg_deep_v1,nf200s25b,oos,287,sell,2025-12-15 16:40:00,2025-12-15 16:50:00,2.0,-1.04,early,vol_mid,downtrend,adx_gt25,spread_low
run50AH_nf200s25b_logreg_deep_v1,nf200s25b,oos,288,buy,2025-12-15 16:50:00,2025-12-15 16:55:00,1.0,-5.14,early,vol_mid,downtrend,adx_gt25,spread_low
run50AH_nf200s25b_logreg_deep_v1,nf200s25b,oos,289,sell,2025-12-15 16:55:00,2025-12-15 17:35:00,8.0,14.04,early,vol_mid,downtrend,adx_gt25,spread_low
run50AH_nf200s25b_logreg_deep_v1,nf200s25b,oos,290,buy,2025-12-15 18:20:00,2025-12-15 19:00:00,8.0,-7.94,early,vol_high,downtrend,adx_gt25,spread_low
run50AH_nf200s25b_logreg_deep_v1,nf200s25b,oos,291,buy,2025-12-15 19:50:00,2025-12-15 20:55:00,13.0,1.25,mid,vol_high,downtrend,adx_20_25,spread_low
run50AH_nf200s25b_logreg_deep_v1,nf200s25b,oos,292,buy,2025-12-16 16:50:00,2025-12-16 17:30:00,8.0,-8.04,early,vol_high,downtrend,adx_20_25,spread_low
run50AH_nf200s25b_logreg_deep_v1,nf200s25b,oos,293,buy,2025-12-16 18:15:00,2025-12-16 18:55:00,8.0,2.99,early,vol_high,range_or_weak_trend,adx_lt20,spread_low
run50AH_nf200s25b_logreg_deep_v1,nf200s25b,oos,294,buy,2025-12-16 19:45:00,2025-12-16 20:00:00,3.0,-4.89,mid,vol_mid,range_or_weak_trend,adx_lt20,spread_low
run50AH_nf200s25b_logreg_deep_v1,nf200s25b,oos,295,sell,2025-12-16 20:00:00,2025-12-16 20:35:00,7.0,-5.39,mid,vol_mid,range_or_weak_trend,adx_lt20,spread_low
run50AH_nf200s25b_logreg_deep_v1,nf200s25b,oos,296,buy,2025-12-16 20:35:00,2025-12-16 21:25:00,10.0,-0.34,late,vol_mid,downtrend,adx_20_25,spread_low
run50AH_nf200s25b_logreg_deep_v1,nf200s25b,oos,297,sell,2025-12-16 21:25:00,2025-12-16 21:35:00,2.0,-4.59,late,vol_mid,range_or_weak_trend,adx_lt20,spread_low
run50AH_nf200s25b_logreg_deep_v1,nf200s25b,oos,298,buy,2025-12-16 21:35:00,2025-12-17 16:50:00,231.0,0.06,late,vol_mid,range_or_weak_trend,adx_lt20,spread_low
run50AH_nf200s25b_logreg_deep_v1,nf200s25b,oos,299,buy,2025-12-17 17:35:00,2025-12-17 18:15:00,8.0,-23.29,early,vol_mid,downtrend,adx_gt25,spread_low
run50AH_nf200s25b_logreg_deep_v1,nf200s25b,oos,300,buy,2025-12-17 19:05:00,2025-12-17 19:55:00,10.0,0.82,mid,vol_high,downtrend,adx_gt25,spread_low
run50AH_nf200s25b_logreg_deep_v1,nf200s25b,oos,301,sell,2025-12-17 20:55:00,2025-12-17 21:55:00,12.0,-3.35,late,vol_mid,downtrend,adx_gt25,spread_low
run50AH_nf200s25b_logreg_deep_v1,nf200s25b,oos,302,buy,2025-12-18 17:10:00,2025-12-18 17:50:00,8.0,13.47,early,vol_high,downtrend,adx_gt25,spread_low
run50AH_nf200s25b_logreg_deep_v1,nf200s25b,oos,303,buy,2025-12-18 18:35:00,2025-12-18 19:10:00,7.0,-12.35,mid,vol_high,downtrend,adx_gt25,spread_low
run50AH_nf200s25b_logreg_deep_v1,nf200s25b,oos,304,sell,2025-12-18 19:10:00,2025-12-18 19:40:00,6.0,-4.31,mid,vol_mid,downtrend,adx_gt25,spread_low
run50AH_nf200s25b_logreg_deep_v1,nf200s25b,oos,305,buy,2025-12-18 19:40:00,2025-12-18 20:35:00,11.0,7.5,mid,vol_high,downtrend,adx_gt25,spread_low
run50AH_nf200s25b_logreg_deep_v1,nf200s25b,oos,306,buy,2025-12-18 21:35:00,2025-12-19 16:50:00,231.0,29.71,late,vol_mid,downtrend,adx_20_25,spread_low
run50AH_nf200s25b_logreg_deep_v1,nf200s25b,oos,307,buy,2025-12-19 17:35:00,2025-12-19 18:15:00,8.0,0.35,early,vol_high,downtrend,adx_gt25,spread_low
run50AH_nf200s25b_logreg_deep_v1,nf200s25b,oos,308,buy,2025-12-19 19:00:00,2025-12-19 19:45:00,9.0,5.99,mid,vol_mid,range_or_weak_trend,adx_lt20,spread_low
run50AH_nf200s25b_logreg_deep_v1,nf200s25b,oos,309,buy,2025-12-19 20:55:00,2025-12-19 21:55:00,12.0,2.44,late,vol_low,range_or_weak_trend,adx_lt20,spread_low
run50AH_nf200s25b_logreg_deep_v1,nf200s25b,oos,310,buy,2025-12-22 17:15:00,2025-12-22 18:30:00,15.0,3.09,early,vol_mid,downtrend,adx_gt25,spread_low
run50AH_nf200s25b_logreg_deep_v1,nf200s25b,oos,311,buy,2025-12-22 19:45:00,2025-12-22 20:40:00,11.0,-0.26,mid,vol_low,range_or_weak_trend,adx_lt20,spread_low
run50AH_nf200s25b_logreg_deep_v1,nf200s25b,oos,312,buy,2025-12-22 21:35:00,2025-12-23 17:00:00,233.0,-1.82,late,vol_low,range_or_weak_trend,adx_lt20,spread_low
run50AH_nf200s25b_logreg_deep_v1,nf200s25b,oos,313,buy,2025-12-23 17:45:00,2025-12-23 18:30:00,9.0,2.99,early,vol_mid,downtrend,adx_20_25,spread_low
run50AH_nf200s25b_logreg_deep_v1,nf200s25b,oos,314,buy,2025-12-23 19:20:00,2025-12-23 20:25:00,13.0,0.72,mid,vol_low,downtrend,adx_gt25,spread_low
run50AH_nf200s25b_logreg_deep_v1,nf200s25b,oos,315,sell,2025-12-26 16:50:00,2025-12-26 17:25:00,7.0,3.49,early,vol_low,range_or_weak_trend,adx_lt20,spread_low
run50AH_nf200s25b_logreg_deep_v1,nf200s25b,oos,316,buy,2025-12-26 17:25:00,2025-12-26 17:55:00,6.0,1.57,early,vol_low,downtrend,adx_gt25,spread_low
run50AH_nf200s25b_logreg_deep_v1,nf200s25b,oos,317,sell,2025-12-26 17:55:00,2025-12-26 18:00:00,1.0,-0.36,early,vol_low,downtrend,adx_gt25,spread_low
run50AH_nf200s25b_logreg_deep_v1,nf200s25b,oos,318,buy,2025-12-26 18:00:00,2025-12-26 18:40:00,8.0,-1.89,early,vol_low,downtrend,adx_gt25,spread_low
run50AH_nf200s25b_logreg_deep_v1,nf200s25b,oos,319,buy,2025-12-26 19:40:00,2025-12-26 20:35:00,11.0,0.47,mid,vol_low,downtrend,adx_20_25,spread_low
run50AH_nf200s25b_logreg_deep_v1,nf200s25b,oos,320,buy,2025-12-26 22:00:00,2025-12-29 16:55:00,803.0,-16.06,late,vol_low,range_or_weak_trend,adx_lt20,spread_low
run50AH_nf200s25b_logreg_deep_v1,nf200s25b,oos,321,sell,2025-12-29 16:55:00,2025-12-29 17:05:00,2.0,2.44,early,vol_mid,downtrend,adx_gt25,spread_low
run50AH_nf200s25b_logreg_deep_v1,nf200s25b,oos,322,buy,2025-12-29 17:05:00,2025-12-29 17:50:00,9.0,0.14,early,vol_mid,downtrend,adx_gt25,spread_low
run50AH_nf200s25b_logreg_deep_v1,nf200s25b,oos,323,buy,2025-12-29 18:50:00,2025-12-29 19:45:00,11.0,-2.39,mid,vol_low,range_or_weak_trend,adx_lt20,spread_low
run50AH_nf200s25b_logreg_deep_v1,nf200s25b,oos,324,buy,2025-12-29 20:55:00,2025-12-29 21:50:00,11.0,5.29,late,vol_low,range_or_weak_trend,adx_lt20,spread_low
run50AH_nf200s25b_logreg_deep_v1,nf200s25b,oos,325,sell,2025-12-30 17:15:00,2025-12-30 17:20:00,1.0,-0.06,early,vol_low,range_or_weak_trend,adx_lt20,spread_low
run50AH_nf200s25b_logreg_deep_v1,nf200s25b,oos,326,buy,2025-12-30 17:20:00,2025-12-30 18:05:00,9.0,6.08,early,vol_low,range_or_weak_trend,adx_lt20,spread_low
run50AH_nf200s25b_logreg_deep_v1,nf200s25b,oos,327,buy,2025-12-30 19:10:00,2025-12-30 20:40:00,18.0,0.84,mid,vol_low,range_or_weak_trend,adx_lt20,spread_low
run50AH_nf200s25b_logreg_deep_v1,nf200s25b,oos,328,sell,2025-12-30 20:40:00,2025-12-30 21:05:00,5.0,0.92,late,vol_low,range_or_weak_trend,adx_lt20,spread_low
run50AH_nf200s25b_logreg_deep_v1,nf200s25b,oos,329,buy,2025-12-30 21:05:00,2025-12-30 21:15:00,2.0,1.54,late,vol_low,range_or_weak_trend,adx_lt20,spread_low
run50AH_nf200s25b_logreg_deep_v1,nf200s25b,oos,330,sell,2025-12-30 21:15:00,2025-12-30 21:25:00,2.0,-0.49,late,vol_low,range_or_weak_trend,adx_lt20,spread_low
run50AH_nf200s25b_logreg_deep_v1,nf200s25b,oos,331,buy,2025-12-30 21:25:00,2025-12-31 16:35:00,230.0,-7.65,late,vol_low,range_or_weak_trend,adx_lt20,spread_low
run50AH_nf200s25b_logreg_deep_v1,nf200s25b,oos,332,sell,2025-12-31 16:35:00,2025-12-31 17:15:00,8.0,6.07,early,vol_low,downtrend,adx_gt25,spread_low
run50AH_nf200s25b_logreg_deep_v1,nf200s25b,oos,333,buy,2025-12-31 18:05:00,2025-12-31 18:55:00,10.0,2.78,early,vol_low,downtrend,adx_gt25,spread_low
run50AH_nf200s25b_logreg_deep_v1,nf200s25b,oos,334,buy,2025-12-31 19:40:00,2025-12-31 20:20:00,8.0,-0.59,mid,vol_low,downtrend,adx_20_25,spread_low
run50AH_nf200s25b_logreg_deep_v1,nf200s25b,oos,335,buy,2025-12-31 21:05:00,2025-12-31 21:55:00,10.0,-9.19,late,vol_low,downtrend,adx_20_25,spread_low
run50AH_nf200s25b_logreg_deep_v1,nf200s25b,oos,336,sell,2025-12-31 21:55:00,2026-01-02 16:35:00,512.0,-14.61,late,vol_low,downtrend,adx_gt25,spread_low
run50AH_nf200s25b_logreg_deep_v1,nf200s25b,oos,337,buy,2026-01-02 16:35:00,2026-01-02 17:20:00,9.0,-10.01,early,vol_low,range_or_weak_trend,adx_lt20,spread_low
run50AH_nf200s25b_logreg_deep_v1,nf200s25b,oos,338,buy,2026-01-02 18:10:00,2026-01-02 18:50:00,8.0,-0.66,early,vol_high,downtrend,adx_gt25,spread_low
run50AH_nf200s25b_logreg_deep_v1,nf200s25b,oos,339,buy,2026-01-02 19:45:00,2026-01-02 20:45:00,12.0,-3.36,mid,vol_mid,downtrend,adx_gt25,spread_low
run50AH_nf200s25b_logreg_deep_v1,nf200s25b,oos,340,buy,2026-01-02 21:45:00,2026-01-05 16:55:00,806.0,16.65,late,vol_mid,downtrend,adx_gt25,spread_low
run50AH_nf200s25b_logreg_deep_v1,nf200s25b,oos,341,buy,2026-01-05 17:40:00,2026-01-05 18:20:00,8.0,2.17,early,vol_mid,range_or_weak_trend,adx_lt20,spread_low
run50AH_nf200s25b_logreg_deep_v1,nf200s25b,oos,342,buy,2026-01-05 19:15:00,2026-01-05 20:20:00,13.0,-9.31,mid,vol_low,range_or_weak_trend,adx_lt20,spread_low
run50AH_nf200s25b_logreg_deep_v1,nf200s25b,oos,343,buy,2026-01-05 21:20:00,2026-01-06 16:35:00,231.0,4.51,late,vol_low,downtrend,adx_gt25,spread_low
run50AH_nf200s25b_logreg_deep_v1,nf200s25b,oos,344,buy,2026-01-06 17:20:00,2026-01-06 17:45:00,5.0,-2.94,early,vol_low,downtrend,adx_gt25,spread_low
run50AH_nf200s25b_logreg_deep_v1,nf200s25b,oos,345,sell,2026-01-06 17:45:00,2026-01-06 17:50:00,1.0,-0.36,early,vol_low,downtrend,adx_gt25,spread_low
run50AH_nf200s25b_logreg_deep_v1,nf200s25b,oos,346,buy,2026-01-06 17:50:00,2026-01-06 17:55:00,1.0,-2.46,early,vol_low,downtrend,adx_gt25,spread_low
run50AH_nf200s25b_logreg_deep_v1,nf200s25b,oos,347,sell,2026-01-06 17:55:00,2026-01-06 18:20:00,5.0,1.89,early,vol_low,downtrend,adx_gt25,spread_low
run50AH_nf200s25b_logreg_deep_v1,nf200s25b,oos,348,buy,2026-01-06 18:20:00,2026-01-06 19:00:00,8.0,1.47,early,vol_low,downtrend,adx_gt25,spread_low
run50AH_nf200s25b_logreg_deep_v1,nf200s25b,oos,349,buy,2026-01-06 20:00:00,2026-01-06 20:45:00,9.0,2.29,mid,vol_low,downtrend,adx_20_25,spread_low
run50AH_nf200s25b_logreg_deep_v1,nf200s25b,oos,350,buy,2026-01-06 21:50:00,2026-01-07 16:35:00,225.0,0.71,late,vol_low,downtrend,adx_gt25,spread_low
run50AH_nf200s25b_logreg_deep_v1,nf200s25b,oos,351,sell,2026-01-07 16:35:00,2026-01-07 16:50:00,3.0,-3.41,early,vol_low,range_or_weak_trend,adx_lt20,spread_low
run50AH_nf200s25b_logreg_deep_v1,nf200s25b,oos,352,buy,2026-01-07 16:50:00,2026-01-07 17:05:00,3.0,-1.34,early,vol_low,downtrend,adx_20_25,spread_low
run50AH_nf200s25b_logreg_deep_v1,nf200s25b,oos,353,sell,2026-01-07 17:05:00,2026-01-07 17:10:00,1.0,-1.31,early,vol_low,downtrend,adx_gt25,spread_low
run50AH_nf200s25b_logreg_deep_v1,nf200s25b,oos,354,buy,2026-01-07 17:10:00,2026-01-07 17:15:00,1.0,0.32,early,vol_low,downtrend,adx_gt25,spread_low
run50AH_nf200s25b_logreg_deep_v1,nf200s25b,oos,355,sell,2026-01-07 17:15:00,2026-01-07 17:35:00,4.0,-2.31,early,vol_low,downtrend,adx_gt25,spread_low
run50AH_nf200s25b_logreg_deep_v1,nf200s25b,oos,356,buy,2026-01-07 17:35:00,2026-01-07 17:50:00,3.0,1.47,early,vol_low,downtrend,adx_20_25,spread_low
run50AH_nf200s25b_logreg_deep_v1,nf200s25b,oos,357,sell,2026-01-07 17:50:00,2026-01-07 17:55:00,1.0,-0.76,early,vol_low,range_or_weak_trend,adx_lt20,spread_low
run50AH_nf200s25b_logreg_deep_v1,nf200s25b,oos,358,buy,2026-01-07 17:55:00,2026-01-07 18:30:00,7.0,-1.09,early,vol_low,range_or_weak_trend,adx_lt20,spread_low
run50AH_nf200s25b_logreg_deep_v1,nf200s25b,oos,359,sell,2026-01-07 18:30:00,2026-01-07 18:35:00,1.0,-0.79,mid,vol_low,range_or_weak_trend,adx_lt20,spread_low
run50AH_nf200s25b_logreg_deep_v1,nf200s25b,oos,360,buy,2026-01-07 18:35:00,2026-01-07 19:15:00,8.0,7.27,mid,vol_low,range_or_weak_trend,adx_lt20,spread_low
run50AH_nf200s25b_logreg_deep_v1,nf200s25b,oos,361,buy,2026-01-07 20:05:00,2026-01-07 21:05:00,12.0,-0.94,mid,vol_low,downtrend,adx_gt25,spread_low
run50AH_nf200s25b_logreg_deep_v1,nf200s25b,oos,362,buy,2026-01-07 21:55:00,2026-01-08 16:35:00,224.0,-21.3,late,vol_low,downtrend,adx_20_25,spread_low
run50AH_nf200s25b_logreg_deep_v1,nf200s25b,oos,363,sell,2026-01-08 16:35:00,2026-01-08 17:10:00,7.0,2.59,early,vol_mid,range_or_weak_trend,adx_lt20,spread_low
run50AH_nf200s25b_logreg_deep_v1,nf200s25b,oos,364,buy,2026-01-08 17:10:00,2026-01-08 17:55:00,9.0,-6.19,early,vol_high,downtrend,adx_gt25,spread_low
run50AH_nf200s25b_logreg_deep_v1,nf200s25b,oos,365,buy,2026-01-08 18:40:00,2026-01-08 19:20:00,8.0,4.72,mid,vol_mid,downtrend,adx_gt25,spread_low
run50AH_nf200s25b_logreg_deep_v1,nf200s25b,oos,366,sell,2026-01-08 20:20:00,2026-01-08 20:35:00,3.0,1.32,late,vol_mid,range_or_weak_trend,adx_lt20,spread_low
run50AH_nf200s25b_logreg_deep_v1,nf200s25b,oos,367,buy,2026-01-08 20:35:00,2026-01-08 20:40:00,1.0,0.62,late,vol_low,range_or_weak_trend,adx_lt20,spread_low
run50AH_nf200s25b_logreg_deep_v1,nf200s25b,oos,368,sell,2026-01-08 20:40:00,2026-01-08 21:40:00,12.0,3.19,late,vol_low,range_or_weak_trend,adx_lt20,spread_low
run50AH_nf200s25b_logreg_deep_v1,nf200s25b,oos,369,sell,2026-01-09 16:55:00,2026-01-09 17:05:00,2.0,2.52,early,vol_mid,downtrend,adx_gt25,spread_low
run50AH_nf200s25b_logreg_deep_v1,nf200s25b,oos,370,buy,2026-01-09 17:05:00,2026-01-09 17:45:00,8.0,6.77,early,vol_mid,downtrend,adx_gt25,spread_low
run50AH_nf200s25b_logreg_deep_v1,nf200s25b,oos,371,buy,2026-01-09 18:30:00,2026-01-09 19:10:00,8.0,5.39,mid,vol_high,range_or_weak_trend,adx_lt20,spread_low
run50AH_nf200s25b_logreg_deep_v1,nf200s25b,oos,372,buy,2026-01-09 19:55:00,2026-01-09 20:35:00,8.0,0.27,mid,vol_low,range_or_weak_trend,adx_lt20,spread_low
run50AH_nf200s25b_logreg_deep_v1,nf200s25b,oos,373,buy,2026-01-09 21:25:00,2026-01-12 16:40:00,807.0,-8.47,late,vol_low,downtrend,adx_20_25,spread_low
run50AH_nf200s25b_logreg_deep_v1,nf200s25b,oos,374,buy,2026-01-12 17:25:00,2026-01-12 18:05:00,8.0,-0.49,early,vol_mid,downtrend,adx_gt25,spread_low
run50AH_nf200s25b_logreg_deep_v1,nf200s25b,oos,375,buy,2026-01-12 18:55:00,2026-01-12 19:35:00,8.0,-0.96,mid,vol_low,downtrend,adx_gt25,spread_low
run50AH_nf200s25b_logreg_deep_v1,nf200s25b,oos,376,buy,2026-01-12 20:25:00,2026-01-12 21:30:00,13.0,0.42,late,vol_low,downtrend,adx_gt25,spread_low
run50AH_nf200s25b_logreg_deep_v1,nf200s25b,oos,377,buy,2026-01-13 16:45:00,2026-01-13 16:55:00,2.0,-3.51,early,vol_high,downtrend,adx_gt25,spread_low
run50AH_nf200s25b_logreg_deep_v1,nf200s25b,oos,378,sell,2026-01-13 16:55:00,2026-01-13 17:00:00,1.0,0.79,early,vol_high,downtrend,adx_gt25,spread_low
run50AH_nf200s25b_logreg_deep_v1,nf200s25b,oos,379,buy,2026-01-13 17:00:00,2026-01-13 17:20:00,4.0,-6.44,early,vol_high,downtrend,adx_gt25,spread_low
run50AH_nf200s25b_logreg_deep_v1,nf200s25b,oos,380,sell,2026-01-13 17:20:00,2026-01-13 17:55:00,7.0,-0.56,early,vol_low,downtrend,adx_gt25,spread_low
run50AH_nf200s25b_logreg_deep_v1,nf200s25b,oos,381,buy,2026-01-13 17:55:00,2026-01-13 18:35:00,8.0,5.59,early,vol_mid,downtrend,adx_gt25,spread_low
run50AH_nf200s25b_logreg_deep_v1,nf200s25b,oos,382,buy,2026-01-13 19:20:00,2026-01-13 20:05:00,9.0,-9.61,mid,vol_mid,range_or_weak_trend,adx_lt20,spread_low
run50AH_nf200s25b_logreg_deep_v1,nf200s25b,oos,383,sell,2026-01-13 20:55:00,2026-01-13 21:00:00,1.0,1.24,late,vol_mid,downtrend,adx_gt25,spread_low
run50AH_nf200s25b_logreg_deep_v1,nf200s25b,oos,384,buy,2026-01-13 21:00:00,2026-01-13 21:05:00,1.0,-0.76,late,vol_low,downtrend,adx_gt25,spread_low
run50AH_nf200s25b_logreg_deep_v1,nf200s25b,oos,385,sell,2026-01-13 21:05:00,2026-01-13 21:35:00,6.0,-1.95,late,vol_low,downtrend,adx_gt25,spread_low
run50AH_nf200s25b_logreg_deep_v1,nf200s25b,oos,386,buy,2026-01-13 21:35:00,2026-01-14 16:35:00,228.0,-7.52,late,vol_low,downtrend,adx_gt25,spread_low
run50AH_nf200s25b_logreg_deep_v1,nf200s25b,oos,387,sell,2026-01-14 16:35:00,2026-01-14 17:15:00,8.0,10.72,early,vol_low,downtrend,adx_gt25,spread_low
run50AH_nf200s25b_logreg_deep_v1,nf200s25b,oos,388,buy,2026-01-14 18:00:00,2026-01-14 18:40:00,8.0,5.17,early,vol_high,downtrend,adx_gt25,spread_low
run50AH_nf200s25b_logreg_deep_v1,nf200s25b,oos,389,sell,2026-01-14 19:45:00,2026-01-14 19:50:00,1.0,-1.34,mid,vol_mid,downtrend,adx_gt25,spread_low
run50AH_nf200s25b_logreg_deep_v1,nf200s25b,oos,390,buy,2026-01-14 19:50:00,2026-01-14 20:05:00,3.0,-1.24,mid,vol_mid,downtrend,adx_gt25,spread_low
run50AH_nf200s25b_logreg_deep_v1,nf200s25b,oos,391,sell,2026-01-14 20:05:00,2026-01-14 20:40:00,7.0,4.42,mid,vol_mid,downtrend,adx_gt25,spread_low
run50AH_nf200s25b_logreg_deep_v1,nf200s25b,oos,392,buy,2026-01-14 20:40:00,2026-01-14 20:45:00,1.0,2.92,late,vol_mid,range_or_weak_trend,adx_lt20,spread_low
run50AH_nf200s25b_logreg_deep_v1,nf200s25b,oos,393,sell,2026-01-14 20:45:00,2026-01-14 21:50:00,13.0,-5.31,late,vol_mid,range_or_weak_trend,adx_lt20,spread_low
run50AH_nf200s25b_logreg_deep_v1,nf200s25b,oos,394,buy,2026-01-15 17:05:00,2026-01-15 17:50:00,9.0,-4.56,early,vol_mid,downtrend,adx_gt25,spread_low
run50AH_nf200s25b_logreg_deep_v1,nf200s25b,oos,395,buy,2026-01-15 18:45:00,2026-01-15 20:00:00,15.0,-6.29,mid,vol_mid,range_or_weak_trend,adx_lt20,spread_low
run50AH_nf200s25b_logreg_deep_v1,nf200s25b,oos,396,buy,2026-01-15 21:45:00,2026-01-16 16:45:00,228.0,3.45,late,vol_low,downtrend,adx_gt25,spread_low
run50AH_nf200s25b_logreg_deep_v1,nf200s25b,oos,397,sell,2026-01-16 16:45:00,2026-01-16 16:50:00,1.0,-0.24,early,vol_low,downtrend,adx_gt25,spread_low
run50AH_nf200s25b_logreg_deep_v1,nf200s25b,oos,398,buy,2026-01-16 16:50:00,2026-01-16 17:00:00,2.0,-9.41,early,vol_low,downtrend,adx_gt25,spread_low
run50AH_nf200s25b_logreg_deep_v1,nf200s25b,oos,399,sell,2026-01-16 17:00:00,2026-01-16 17:05:00,1.0,-0.29,early,vol_mid,downtrend,adx_gt25,spread_low
run50AH_nf200s25b_logreg_deep_v1,nf200s25b,oos,400,buy,2026-01-16 17:05:00,2026-01-16 17:20:00,3.0,-5.77,early,vol_mid,downtrend,adx_gt25,spread_low
run50AH_nf200s25b_logreg_deep_v1,nf200s25b,oos,401,sell,2026-01-16 17:20:00,2026-01-16 17:35:00,3.0,1.53,early,vol_mid,downtrend,adx_gt25,spread_low
run50AH_nf200s25b_logreg_deep_v1,nf200s25b,oos,402,buy,2026-01-16 17:35:00,2026-01-16 17:40:00,1.0,-2.44,early,vol_mid,downtrend,adx_gt25,spread_low
run50AH_nf200s25b_logreg_deep_v1,nf200s25b,oos,403,sell,2026-01-16 17:40:00,2026-01-16 18:00:00,4.0,-4.72,early,vol_mid,downtrend,adx_gt25,spread_low
run50AH_nf200s25b_logreg_deep_v1,nf200s25b,oos,404,buy,2026-01-16 18:00:00,2026-01-16 18:40:00,8.0,4.49,early,vol_high,downtrend,adx_gt25,spread_low
run50AH_nf200s25b_logreg_deep_v1,nf200s25b,oos,405,buy,2026-01-16 19:25:00,2026-01-16 20:10:00,9.0,-0.11,mid,vol_low,downtrend,adx_20_25,spread_low
run50AH_nf200s25b_logreg_deep_v1,nf200s25b,oos,406,sell,2026-01-16 21:20:00,2026-01-16 21:45:00,5.0,-2.79,late,vol_low,range_or_weak_trend,adx_lt20,spread_low
run50AH_nf200s25b_logreg_deep_v1,nf200s25b,oos,407,buy,2026-01-16 21:45:00,2026-01-16 21:50:00,1.0,0.42,late,vol_low,range_or_weak_trend,adx_lt20,spread_low
run50AH_nf200s25b_logreg_deep_v1,nf200s25b,oos,408,sell,2026-01-16 21:50:00,2026-01-20 16:55:00,1093.0,37.75,late,vol_low,range_or_weak_trend,adx_lt20,spread_low
run50AH_nf200s25b_logreg_deep_v1,nf200s25b,oos,409,buy,2026-01-20 16:55:00,2026-01-20 17:35:00,8.0,5.59,early,vol_high,downtrend,adx_20_25,spread_low
run50AH_nf200s25b_logreg_deep_v1,nf200s25b,oos,410,buy,2026-01-20 18:20:00,2026-01-20 19:00:00,8.0,0.69,early,vol_mid,downtrend,adx_gt25,spread_low
run50AH_nf200s25b_logreg_deep_v1,nf200s25b,oos,411,sell,2026-01-20 19:50:00,2026-01-20 20:35:00,9.0,4.09,mid,vol_mid,range_or_weak_trend,adx_lt20,spread_low
run50AH_nf200s25b_logreg_deep_v1,nf200s25b,oos,412,sell,2026-01-20 21:20:00,2026-01-21 16:35:00,231.0,1.02,late,vol_low,downtrend,adx_gt25,spread_low
run50AH_nf200s25b_logreg_deep_v1,nf200s25b,oos,413,buy,2026-01-21 16:35:00,2026-01-21 17:15:00,8.0,16.29,early,vol_mid,downtrend,adx_gt25,spread_low
run50AH_nf200s25b_logreg_deep_v1,nf200s25b,oos,414,buy,2026-01-21 18:00:00,2026-01-21 18:35:00,7.0,-5.21,early,vol_mid,downtrend,adx_gt25,spread_low
run50AH_nf200s25b_logreg_deep_v1,nf200s25b,oos,415,sell,2026-01-21 18:35:00,2026-01-21 19:15:00,8.0,26.29,mid,vol_low,downtrend,adx_gt25,spread_low
run50AH_nf200s25b_logreg_deep_v1,nf200s25b,oos,416,sell,2026-01-21 20:05:00,2026-01-21 20:10:00,1.0,-2.81,mid,vol_high,downtrend,adx_gt25,spread_low
run50AH_nf200s25b_logreg_deep_v1,nf200s25b,oos,417,buy,2026-01-21 20:10:00,2026-01-21 20:50:00,8.0,8.09,mid,vol_high,downtrend,adx_gt25,spread_low
run50AH_nf200s25b_logreg_deep_v1,nf200s25b,oos,418,buy,2026-01-21 21:45:00,2026-01-22 16:45:00,228.0,9.18,late,vol_high,downtrend,adx_gt25,spread_low
run50AH_nf200s25b_logreg_deep_v1,nf200s25b,oos,419,sell,2026-01-22 16:45:00,2026-01-22 16:50:00,1.0,7.44,early,vol_mid,range_or_weak_trend,adx_lt20,spread_low
run50AH_nf200s25b_logreg_deep_v1,nf200s25b,oos,420,buy,2026-01-22 16:50:00,2026-01-22 17:30:00,8.0,1.94,early,vol_mid,downtrend,adx_20_25,spread_low
run50AH_nf200s25b_logreg_deep_v1,nf200s25b,oos,421,buy,2026-01-22 18:15:00,2026-01-22 19:00:00,9.0,1.44,early,vol_mid,downtrend,adx_20_25,spread_low
run50AH_nf200s25b_logreg_deep_v1,nf200s25b,oos,422,buy,2026-01-22 19:45:00,2026-01-22 20:25:00,8.0,0.44,mid,vol_low,range_or_weak_trend,adx_lt20,spread_low
run50AH_nf200s25b_logreg_deep_v1,nf200s25b,oos,423,buy,2026-01-22 21:10:00,2026-01-22 22:00:00,10.0,-5.79,late,vol_low,range_or_weak_trend,adx_lt20,spread_low
run50AH_nf200s25b_logreg_deep_v1,nf200s25b,oos,424,sell,2026-01-22 22:00:00,2026-01-23 16:35:00,223.0,4.61,late,vol_low,range_or_weak_trend,adx_lt20,spread_low
run50AH_nf200s25b_logreg_deep_v1,nf200s25b,oos,425,buy,2026-01-23 16:35:00,2026-01-23 17:15:00,8.0,9.69,early,vol_low,downtrend,adx_20_25,spread_low
run50AH_nf200s25b_logreg_deep_v1,nf200s25b,oos,426,buy,2026-01-23 18:00:00,2026-01-23 18:40:00,8.0,-1.15,early,vol_mid,downtrend,adx_gt25,spread_low
run50AH_nf200s25b_logreg_deep_v1,nf200s25b,oos,427,buy,2026-01-23 19:25:00,2026-01-23 20:05:00,8.0,-6.14,mid,vol_low,downtrend,adx_20_25,spread_low
run50AH_nf200s25b_logreg_deep_v1,nf200s25b,oos,428,sell,2026-01-23 20:05:00,2026-01-23 20:35:00,6.0,-1.24,mid,vol_mid,downtrend,adx_gt25,spread_low
run50AH_nf200s25b_logreg_deep_v1,nf200s25b,oos,429,buy,2026-01-23 20:35:00,2026-01-23 21:30:00,11.0,1.04,late,vol_mid,downtrend,adx_20_25,spread_low
run50AH_nf200s25b_logreg_deep_v1,nf200s25b,oos,430,buy,2026-01-26 16:45:00,2026-01-26 17:25:00,8.0,6.27,early,vol_low,downtrend,adx_gt25,spread_low
run50AH_nf200s25b_logreg_deep_v1,nf200s25b,oos,431,buy,2026-01-26 18:10:00,2026-01-26 18:25:00,3.0,0.19,early,vol_low,downtrend,adx_gt25,spread_low
run50AH_nf200s25b_logreg_deep_v1,nf200s25b,oos,432,sell,2026-01-26 18:25:00,2026-01-26 18:30:00,1.0,-1.41,mid,vol_low,downtrend,adx_gt25,spread_low
run50AH_nf200s25b_logreg_deep_v1,nf200s25b,oos,433,buy,2026-01-26 18:30:00,2026-01-26 18:40:00,2.0,-0.1,mid,vol_low,downtrend,adx_gt25,spread_low
run50AH_nf200s25b_logreg_deep_v1,nf200s25b,oos,434,sell,2026-01-26 18:40:00,2026-01-26 18:45:00,1.0,0.73,mid,vol_low,downtrend,adx_gt25,spread_low
run50AH_nf200s25b_logreg_deep_v1,nf200s25b,oos,435,buy,2026-01-26 18:45:00,2026-01-26 19:05:00,4.0,2.69,mid,vol_low,downtrend,adx_gt25,spread_low
run50AH_nf200s25b_logreg_deep_v1,nf200s25b,oos,436,sell,2026-01-26 19:05:00,2026-01-26 19:10:00,1.0,1.04,mid,vol_low,downtrend,adx_gt25,spread_low
run50AH_nf200s25b_logreg_deep_v1,nf200s25b,oos,437,buy,2026-01-26 19:10:00,2026-01-26 20:05:00,11.0,-2.54,mid,vol_low,downtrend,adx_gt25,spread_low
run50AH_nf200s25b_logreg_deep_v1,nf200s25b,oos,438,buy,2026-01-26 20:50:00,2026-01-26 21:55:00,13.0,-1.61,late,vol_low,range_or_weak_trend,adx_lt20,spread_low
run50AH_nf200s25b_logreg_deep_v1,nf200s25b,oos,439,buy,2026-01-27 17:10:00,2026-01-27 17:55:00,9.0,0.34,early,vol_low,range_or_weak_trend,adx_lt20,spread_low
run50AH_nf200s25b_logreg_deep_v1,nf200s25b,oos,440,buy,2026-01-27 18:40:00,2026-01-27 19:25:00,9.0,-2.66,mid,vol_low,range_or_weak_trend,adx_lt20,spread_low
run50AH_nf200s25b_logreg_deep_v1,nf200s25b,oos,441,buy,2026-01-27 20:10:00,2026-01-27 20:50:00,8.0,3.04,mid,vol_low,range_or_weak_trend,adx_lt20,spread_low
run50AH_nf200s25b_logreg_deep_v1,nf200s25b,oos,442,buy,2026-01-27 21:35:00,2026-01-28 16:50:00,231.0,16.03,late,vol_low,range_or_weak_trend,adx_lt20,spread_low
run50AH_nf200s25b_logreg_deep_v1,nf200s25b,oos,443,buy,2026-01-28 17:35:00,2026-01-28 18:15:00,8.0,-1.36,early,vol_mid,range_or_weak_trend,adx_lt20,spread_low
run50AH_nf200s25b_logreg_deep_v1,nf200s25b,oos,444,buy,2026-01-28 19:10:00,2026-01-28 20:05:00,11.0,1.57,mid,vol_low,downtrend,adx_gt25,spread_low
run50AH_nf200s25b_logreg_deep_v1,nf200s25b,oos,445,buy,2026-01-28 21:00:00,2026-01-28 21:40:00,8.0,-2.6,late,vol_low,range_or_weak_trend,adx_lt20,spread_low
run50AH_nf200s25b_logreg_deep_v1,nf200s25b,oos,446,buy,2026-01-29 16:55:00,2026-01-29 17:00:00,1.0,-7.86,early,vol_mid,downtrend,adx_gt25,spread_low
run50AH_nf200s25b_logreg_deep_v1,nf200s25b,oos,447,sell,2026-01-29 17:00:00,2026-01-29 17:40:00,8.0,20.09,early,vol_high,downtrend,adx_gt25,spread_low
run50AH_nf200s25b_logreg_deep_v1,nf200s25b,oos,448,buy,2026-01-29 18:25:00,2026-01-29 19:15:00,10.0,11.59,mid,vol_high,downtrend,adx_gt25,spread_low
run50AH_nf200s25b_logreg_deep_v1,nf200s25b,oos,449,buy,2026-01-29 20:00:00,2026-01-29 20:40:00,8.0,11.02,mid,vol_mid,downtrend,adx_gt25,spread_low
run50AH_nf200s25b_logreg_deep_v1,nf200s25b,oos,450,sell,2026-01-29 21:40:00,2026-01-30 16:35:00,227.0,-3.86,late,vol_low,range_or_weak_trend,adx_lt20,spread_low
run50AH_nf200s25b_logreg_deep_v1,nf200s25b,oos,451,buy,2026-01-30 16:35:00,2026-01-30 17:15:00,8.0,0.57,early,vol_low,range_or_weak_trend,adx_lt20,spread_low
run50AH_nf200s25b_logreg_deep_v1,nf200s25b,oos,452,buy,2026-01-30 18:00:00,2026-01-30 18:40:00,8.0,-3.46,early,vol_high,range_or_weak_trend,adx_lt20,spread_low
run50AH_nf200s25b_logreg_deep_v1,nf200s25b,oos,453,buy,2026-01-30 19:25:00,2026-01-30 19:30:00,1.0,2.94,mid,vol_mid,range_or_weak_trend,adx_lt20,spread_low
run50AH_nf200s25b_logreg_deep_v1,nf200s25b,oos,454,sell,2026-01-30 19:30:00,2026-01-30 19:45:00,3.0,3.92,mid,vol_mid,range_or_weak_trend,adx_lt20,spread_low
run50AH_nf200s25b_logreg_deep_v1,nf200s25b,oos,455,buy,2026-01-30 19:45:00,2026-01-30 20:20:00,7.0,-12.19,mid,vol_mid,range_or_weak_trend,adx_lt20,spread_low
run50AH_nf200s25b_logreg_deep_v1,nf200s25b,oos,456,sell,2026-01-30 20:20:00,2026-01-30 20:50:00,6.0,-5.74,late,vol_mid,range_or_weak_trend,adx_lt20,spread_low
run50AH_nf200s25b_logreg_deep_v1,nf200s25b,oos,457,buy,2026-01-30 20:50:00,2026-01-30 21:35:00,9.0,4.59,late,vol_high,range_or_weak_trend,adx_lt20,spread_low
run50AH_nf200s25b_logreg_deep_v1,nf200s25b,oos,458,buy,2026-02-02 16:50:00,2026-02-02 17:30:00,8.0,12.07,early,vol_mid,downtrend,adx_gt25,spread_low
run50AH_nf200s25b_logreg_deep_v1,nf200s25b,oos,459,buy,2026-02-02 18:15:00,2026-02-02 19:00:00,9.0,3.92,early,vol_mid,downtrend,adx_gt25,spread_low
run50AH_nf200s25b_logreg_deep_v1,nf200s25b,oos,460,buy,2026-02-02 19:50:00,2026-02-02 20:40:00,10.0,-0.49,mid,vol_low,downtrend,adx_gt25,spread_low
run50AH_nf200s25b_logreg_deep_v1,nf200s25b,oos,461,sell,2026-02-03 16:35:00,2026-02-03 16:50:00,3.0,7.54,early,vol_low,downtrend,adx_gt25,spread_low
run50AH_nf200s25b_logreg_deep_v1,nf200s25b,oos,462,buy,2026-02-03 16:50:00,2026-02-03 16:55:00,1.0,-7.66,early,vol_mid,downtrend,adx_gt25,spread_low
run50AH_nf200s25b_logreg_deep_v1,nf200s25b,oos,463,sell,2026-02-03 16:55:00,2026-02-03 17:30:00,7.0,17.79,early,vol_high,downtrend,adx_gt25,spread_low
run50AH_nf200s25b_logreg_deep_v1,nf200s25b,oos,464,buy,2026-02-03 17:30:00,2026-02-03 17:35:00,1.0,-4.46,early,vol_high,downtrend,adx_gt25,spread_low
run50AH_nf200s25b_logreg_deep_v1,nf200s25b,oos,465,sell,2026-02-03 17:35:00,2026-02-03 17:40:00,1.0,-4.51,early,vol_high,downtrend,adx_gt25,spread_low
run50AH_nf200s25b_logreg_deep_v1,nf200s25b,oos,466,buy,2026-02-03 17:40:00,2026-02-03 18:20:00,8.0,0.32,early,vol_high,downtrend,adx_gt25,spread_low
run50AH_nf200s25b_logreg_deep_v1,nf200s25b,oos,467,buy,2026-02-03 19:10:00,2026-02-03 19:50:00,8.0,-10.36,mid,vol_mid,downtrend,adx_gt25,spread_low
run50AH_nf200s25b_logreg_deep_v1,nf200s25b,oos,468,sell,2026-02-03 20:40:00,2026-02-03 21:25:00,9.0,-0.34,late,vol_high,downtrend,adx_gt25,spread_low
run50AH_nf200s25b_logreg_deep_v1,nf200s25b,oos,469,buy,2026-02-04 16:45:00,2026-02-04 17:25:00,8.0,-7.0,early,vol_high,downtrend,adx_gt25,spread_low
run50AH_nf200s25b_logreg_deep_v1,nf200s25b,oos,470,buy,2026-02-04 18:10:00,2026-02-04 18:50:00,8.0,-11.41,early,vol_high,downtrend,adx_gt25,spread_low
run50AH_nf200s25b_logreg_deep_v1,nf200s25b,oos,471,buy,2026-02-04 19:35:00,2026-02-04 19:40:00,1.0,-6.79,mid,vol_high,downtrend,adx_gt25,spread_low
run50AH_nf200s25b_logreg_deep_v1,nf200s25b,oos,472,sell,2026-02-04 19:40:00,2026-02-04 20:20:00,8.0,-1.64,mid,vol_high,downtrend,adx_gt25,spread_low
run50AH_nf200s25b_logreg_deep_v1,nf200s25b,oos,473,sell,2026-02-04 21:05:00,2026-02-04 21:55:00,10.0,-18.11,late,vol_high,downtrend,adx_gt25,spread_low
run50AH_nf200s25b_logreg_deep_v1,nf200s25b,oos,474,buy,2026-02-05 17:10:00,2026-02-05 17:35:00,5.0,-10.61,early,vol_high,downtrend,adx_gt25,spread_low
run50AH_nf200s25b_logreg_deep_v1,nf200s25b,oos,475,sell,2026-02-05 17:35:00,2026-02-05 17:40:00,1.0,-9.76,early,vol_high,downtrend,adx_gt25,spread_low
run50AH_nf200s25b_logreg_deep_v1,nf200s25b,oos,476,buy,2026-02-05 17:40:00,2026-02-05 17:45:00,1.0,1.17,early,vol_high,downtrend,adx_gt25,spread_low
run50AH_nf200s25b_logreg_deep_v1,nf200s25b,oos,477,sell,2026-02-05 17:45:00,2026-02-05 17:50:00,1.0,8.87,early,vol_high,downtrend,adx_gt25,spread_low
run50AH_nf200s25b_logreg_deep_v1,nf200s25b,oos,478,buy,2026-02-05 17:50:00,2026-02-05 18:30:00,8.0,19.27,early,vol_high,downtrend,adx_gt25,spread_low
run50AH_nf200s25b_logreg_deep_v1,nf200s25b,oos,479,buy,2026-02-05 19:15:00,2026-02-05 19:30:00,3.0,6.82,mid,vol_high,downtrend,adx_20_25,spread_low
run50AH_nf200s25b_logreg_deep_v1,nf200s25b,oos,480,sell,2026-02-05 19:30:00,2026-02-05 20:15:00,9.0,6.77,mid,vol_high,range_or_weak_trend,adx_lt20,spread_low
run50AH_nf200s25b_logreg_deep_v1,nf200s25b,oos,481,sell,2026-02-05 21:10:00,2026-02-06 16:35:00,233.0,-10.67,late,vol_mid,range_or_weak_trend,adx_lt20,spread_low
run50AH_nf200s25b_logreg_deep_v1,nf200s25b,oos,482,buy,2026-02-06 17:20:00,2026-02-06 18:00:00,8.0,4.52,early,vol_high,range_or_weak_trend,adx_lt20,spread_low
run50AH_nf200s25b_logreg_deep_v1,nf200s25b,oos,483,buy,2026-02-06 18:55:00,2026-02-06 19:45:00,10.0,4.14,mid,vol_high,range_or_weak_trend,adx_lt20,spread_low
run50AH_nf200s25b_logreg_deep_v1,nf200s25b,oos,484,buy,2026-02-06 20:40:00,2026-02-09 16:35:00,815.0,-6.06,late,vol_low,downtrend,adx_20_25,spread_low
run50AH_nf200s25b_logreg_deep_v1,nf200s25b,oos,485,sell,2026-02-09 16:35:00,2026-02-09 16:40:00,1.0,-8.26,early,vol_low,range_or_weak_trend,adx_lt20,spread_low
run50AH_nf200s25b_logreg_deep_v1,nf200s25b,oos,486,buy,2026-02-09 16:40:00,2026-02-09 17:20:00,8.0,11.64,early,vol_mid,range_or_weak_trend,adx_lt20,spread_low
run50AH_nf200s25b_logreg_deep_v1,nf200s25b,oos,487,buy,2026-02-09 18:05:00,2026-02-09 18:50:00,9.0,6.22,early,vol_high,downtrend,adx_20_25,spread_low
run50AH_nf200s25b_logreg_deep_v1,nf200s25b,oos,488,buy,2026-02-09 19:40:00,2026-02-09 20:30:00,10.0,-4.06,mid,vol_low,downtrend,adx_gt25,spread_low
run50AH_nf200s25b_logreg_deep_v1,nf200s25b,oos,489,buy,2026-02-09 21:35:00,2026-02-10 16:45:00,230.0,-11.54,late,vol_low,range_or_weak_trend,adx_lt20,spread_low
run50AH_nf200s25b_logreg_deep_v1,nf200s25b,oos,490,sell,2026-02-10 16:45:00,2026-02-10 16:55:00,2.0,-5.84,early,vol_low,downtrend,adx_gt25,spread_low
run50AH_nf200s25b_logreg_deep_v1,nf200s25b,oos,491,buy,2026-02-10 16:55:00,2026-02-10 17:35:00,8.0,3.89,early,vol_mid,downtrend,adx_gt25,spread_low
run50AH_nf200s25b_logreg_deep_v1,nf200s25b,oos,492,buy,2026-02-10 18:20:00,2026-02-10 19:00:00,8.0,-5.76,early,vol_high,range_or_weak_trend,adx_lt20,spread_low
run50AH_nf200s25b_logreg_deep_v1,nf200s25b,oos,493,buy,2026-02-10 19:55:00,2026-02-10 20:30:00,7.0,-9.76,mid,vol_low,range_or_weak_trend,adx_lt20,spread_low
run50AH_nf200s25b_logreg_deep_v1,nf200s25b,oos,494,sell,2026-02-10 20:30:00,2026-02-10 20:45:00,3.0,-0.59,late,vol_low,range_or_weak_trend,adx_lt20,spread_low
run50AH_nf200s25b_logreg_deep_v1,nf200s25b,oos,495,buy,2026-02-10 20:45:00,2026-02-10 21:40:00,11.0,-0.34,late,vol_low,downtrend,adx_20_25,spread_low
run50AH_nf200s25b_logreg_deep_v1,nf200s25b,oos,496,buy,2026-02-11 16:55:00,2026-02-11 17:00:00,1.0,-7.24,early,vol_high,downtrend,adx_gt25,spread_low
run50AH_nf200s25b_logreg_deep_v1,nf200s25b,oos,497,sell,2026-02-11 17:00:00,2026-02-11 17:40:00,8.0,13.73,early,vol_high,downtrend,adx_gt25,spread_low
run50AH_nf200s25b_logreg_deep_v1,nf200s25b,oos,498,buy,2026-02-11 18:25:00,2026-02-11 19:05:00,8.0,-11.6,mid,vol_high,downtrend,adx_20_25,spread_low
run50AH_nf200s25b_logreg_deep_v1,nf200s25b,oos,499,buy,2026-02-11 19:50:00,2026-02-11 20:25:00,7.0,-5.76,mid,vol_high,range_or_weak_trend,adx_lt20,spread_low
run50AH_nf200s25b_logreg_deep_v1,nf200s25b,oos,500,sell,2026-02-11 20:25:00,2026-02-11 21:05:00,8.0,-4.49,late,vol_mid,range_or_weak_trend,adx_lt20,spread_low
run50AH_nf200s25b_logreg_deep_v1,nf200s25b,oos,501,sell,2026-02-11 22:00:00,2026-02-12 16:35:00,223.0,-5.11,late,vol_low,range_or_weak_trend,adx_lt20,spread_low
run50AH_nf200s25b_logreg_deep_v1,nf200s25b,oos,502,buy,2026-02-12 16:35:00,2026-02-12 16:55:00,4.0,-8.44,early,vol_low,downtrend,adx_20_25,spread_low
run50AH_nf200s25b_logreg_deep_v1,nf200s25b,oos,503,sell,2026-02-12 16:55:00,2026-02-12 17:05:00,2.0,7.19,early,vol_mid,downtrend,adx_gt25,spread_low
run50AH_nf200s25b_logreg_deep_v1,nf200s25b,oos,504,buy,2026-02-12 17:05:00,2026-02-12 17:10:00,1.0,-0.74,early,vol_mid,downtrend,adx_gt25,spread_low
run50AH_nf200s25b_logreg_deep_v1,nf200s25b,oos,505,sell,2026-02-12 17:10:00,2026-02-12 17:15:00,1.0,-3.94,early,vol_mid,downtrend,adx_gt25,spread_low
run50AH_nf200s25b_logreg_deep_v1,nf200s25b,oos,506,buy,2026-02-12 17:15:00,2026-02-12 17:35:00,4.0,-5.51,early,vol_mid,downtrend,adx_gt25,spread_low
run50AH_nf200s25b_logreg_deep_v1,nf200s25b,oos,507,sell,2026-02-12 17:35:00,2026-02-12 17:40:00,1.0,4.37,early,vol_high,downtrend,adx_gt25,spread_low
run50AH_nf200s25b_logreg_deep_v1,nf200s25b,oos,508,buy,2026-02-12 17:40:00,2026-02-12 17:45:00,1.0,-4.81,early,vol_high,downtrend,adx_gt25,spread_low
run50AH_nf200s25b_logreg_deep_v1,nf200s25b,oos,509,sell,2026-02-12 17:45:00,2026-02-12 17:50:00,1.0,-1.14,early,vol_high,downtrend,adx_gt25,spread_low
run50AH_nf200s25b_logreg_deep_v1,nf200s25b,oos,510,buy,2026-02-12 17:50:00,2026-02-12 18:05:00,3.0,-9.89,early,vol_high,downtrend,adx_gt25,spread_low
run50AH_nf200s25b_logreg_deep_v1,nf200s25b,oos,511,sell,2026-02-12 18:05:00,2026-02-12 18:45:00,8.0,12.34,early,vol_high,downtrend,adx_gt25,spread_low
run50AH_nf200s25b_logreg_deep_v1,nf200s25b,oos,512,buy,2026-02-12 19:30:00,2026-02-12 20:10:00,8.0,-1.49,mid,vol_high,downtrend,adx_gt25,spread_low
run50AH_nf200s25b_logreg_deep_v1,nf200s25b,oos,513,buy,2026-02-12 20:55:00,2026-02-12 21:35:00,8.0,-2.51,late,vol_high,downtrend,adx_gt25,spread_low
run50AH_nf200s25b_logreg_deep_v1,nf200s25b,oos,514,sell,2026-02-13 16:50:00,2026-02-13 17:00:00,2.0,7.69,early,vol_high,range_or_weak_trend,adx_lt20,spread_low
run50AH_nf200s25b_logreg_deep_v1,nf200s25b,oos,515,buy,2026-02-13 17:00:00,2026-02-13 17:40:00,8.0,12.84,early,vol_high,range_or_weak_trend,adx_lt20,spread_low
run50AH_nf200s25b_logreg_deep_v1,nf200s25b,oos,516,buy,2026-02-13 18:25:00,2026-02-13 19:05:00,8.0,12.02,mid,vol_high,range_or_weak_trend,adx_lt20,spread_low
run50AH_nf200s25b_logreg_deep_v1,nf200s25b,oos,517,sell,2026-02-13 20:55:00,2026-02-13 21:35:00,8.0,0.22,late,vol_mid,range_or_weak_trend,adx_lt20,spread_low
run50AH_nf200s25b_logreg_deep_v1,nf200s25b,oos,518,buy,2026-02-17 16:55:00,2026-02-17 17:35:00,8.0,-6.79,early,vol_high,downtrend,adx_gt25,spread_low
run50AH_nf200s25b_logreg_deep_v1,nf200s25b,oos,519,buy,2026-02-17 18:20:00,2026-02-17 19:00:00,8.0,-2.29,early,vol_high,downtrend,adx_20_25,spread_low
run50AH_nf200s25b_logreg_deep_v1,nf200s25b,oos,520,sell,2026-02-17 19:50:00,2026-02-17 20:00:00,2.0,-3.39,mid,vol_high,range_or_weak_trend,adx_lt20,spread_low
run50AH_nf200s25b_logreg_deep_v1,nf200s25b,oos,521,buy,2026-02-17 20:00:00,2026-02-17 20:05:00,1.0,-1.59,mid,vol_high,range_or_weak_trend,adx_lt20,spread_low
run50AH_nf200s25b_logreg_deep_v1,nf200s25b,oos,522,sell,2026-02-17 20:05:00,2026-02-17 20:10:00,1.0,1.34,mid,vol_high,range_or_weak_trend,adx_lt20,spread_low
run50AH_nf200s25b_logreg_deep_v1,nf200s25b,oos,523,buy,2026-02-17 20:10:00,2026-02-17 20:15:00,1.0,0.37,mid,vol_high,range_or_weak_trend,adx_lt20,spread_low
run50AH_nf200s25b_logreg_deep_v1,nf200s25b,oos,524,sell,2026-02-17 20:15:00,2026-02-17 20:25:00,2.0,-9.46,late,vol_high,range_or_weak_trend,adx_lt20,spread_low
run50AH_nf200s25b_logreg_deep_v1,nf200s25b,oos,525,buy,2026-02-17 20:25:00,2026-02-17 21:10:00,9.0,8.02,late,vol_high,range_or_weak_trend,adx_lt20,spread_low
run50AH_nf200s25b_logreg_deep_v1,nf200s25b,oos,526,buy,2026-02-18 16:35:00,2026-02-18 17:15:00,8.0,27.72,early,vol_low,downtrend,adx_gt25,spread_low
run50AH_nf200s25b_logreg_deep_v1,nf200s25b,oos,527,buy,2026-02-18 18:10:00,2026-02-18 19:05:00,11.0,0.89,early,vol_high,downtrend,adx_gt25,spread_low
run50AH_nf200s25b_logreg_deep_v1,nf200s25b,oos,528,buy,2026-02-18 20:10:00,2026-02-18 20:45:00,7.0,-6.66,mid,vol_low,downtrend,adx_20_25,spread_low
run50AH_nf200s25b_logreg_deep_v1,nf200s25b,oos,529,sell,2026-02-18 20:45:00,2026-02-18 21:35:00,10.0,6.54,late,vol_low,range_or_weak_trend,adx_lt20,spread_low
run50AH_nf200s25b_logreg_deep_v1,nf200s25b,oos,530,buy,2026-02-19 17:05:00,2026-02-19 17:45:00,8.0,-0.54,early,vol_mid,downtrend,adx_20_25,spread_low
run50AH_nf200s25b_logreg_deep_v1,nf200s25b,oos,531,buy,2026-02-19 18:30:00,2026-02-19 18:55:00,5.0,-0.56,mid,vol_high,range_or_weak_trend,adx_lt20,spread_low
run50AH_nf200s25b_logreg_deep_v1,nf200s25b,oos,532,sell,2026-02-19 18:55:00,2026-02-19 19:30:00,7.0,0.79,mid,vol_high,range_or_weak_trend,adx_lt20,spread_low
run50AH_nf200s25b_logreg_deep_v1,nf200s25b,oos,533,buy,2026-02-19 19:30:00,2026-02-19 19:55:00,5.0,-6.94,mid,vol_high,downtrend,adx_20_25,spread_low
run50AH_nf200s25b_logreg_deep_v1,nf200s25b,oos,534,sell,2026-02-19 19:55:00,2026-02-19 20:25:00,6.0,1.07,mid,vol_high,downtrend,adx_gt25,spread_low
run50AH_nf200s25b_logreg_deep_v1,nf200s25b,oos,535,buy,2026-02-19 20:25:00,2026-02-19 20:30:00,1.0,1.14,late,vol_mid,downtrend,adx_gt25,spread_low
run50AH_nf200s25b_logreg_deep_v1,nf200s25b,oos,536,sell,2026-02-19 20:30:00,2026-02-19 20:35:00,1.0,1.09,late,vol_mid,downtrend,adx_gt25,spread_low
run50AH_nf200s25b_logreg_deep_v1,nf200s25b,oos,537,buy,2026-02-19 20:35:00,2026-02-19 20:40:00,1.0,0.99,late,vol_mid,downtrend,adx_gt25,spread_low
run50AH_nf200s25b_logreg_deep_v1,nf200s25b,oos,538,sell,2026-02-19 20:40:00,2026-02-19 20:45:00,1.0,0.32,late,vol_mid,downtrend,adx_gt25,spread_low
run50AH_nf200s25b_logreg_deep_v1,nf200s25b,oos,539,buy,2026-02-19 20:45:00,2026-02-19 21:25:00,8.0,6.09,late,vol_mid,downtrend,adx_gt25,spread_low
run50AH_nf200s25b_logreg_deep_v1,nf200s25b,oos,540,buy,2026-02-20 16:40:00,2026-02-20 17:20:00,8.0,11.57,early,vol_high,downtrend,adx_gt25,spread_low
run50AH_nf200s25b_logreg_deep_v1,nf200s25b,oos,541,buy,2026-02-20 18:05:00,2026-02-20 18:45:00,8.0,-3.26,early,vol_high,downtrend,adx_gt25,spread_low
run50AH_nf200s25b_logreg_deep_v1,nf200s25b,oos,542,sell,2026-02-20 19:30:00,2026-02-20 20:10:00,8.0,-9.79,mid,vol_high,downtrend,adx_gt25,spread_low
run50AH_nf200s25b_logreg_deep_v1,nf200s25b,oos,543,buy,2026-02-20 20:55:00,2026-02-20 21:35:00,8.0,-4.21,late,vol_high,range_or_weak_trend,adx_lt20,spread_low
run50AH_nf200s25b_logreg_deep_v1,nf200s25b,oos,544,buy,2026-02-23 16:50:00,2026-02-23 17:30:00,8.0,-2.09,early,vol_high,downtrend,adx_20_25,spread_low
run50AH_nf200s25b_logreg_deep_v1,nf200s25b,oos,545,sell,2026-02-23 18:20:00,2026-02-23 18:25:00,1.0,-0.49,early,vol_high,downtrend,adx_gt25,spread_low
run50AH_nf200s25b_logreg_deep_v1,nf200s25b,oos,546,buy,2026-02-23 18:25:00,2026-02-23 19:05:00,8.0,1.92,mid,vol_mid,downtrend,adx_gt25,spread_low
run50AH_nf200s25b_logreg_deep_v1,nf200s25b,oos,547,buy,2026-02-23 19:55:00,2026-02-23 21:00:00,13.0,-1.06,mid,vol_mid,downtrend,adx_gt25,spread_low
run50AH_nf200s25b_logreg_deep_v1,nf200s25b,oos,548,buy,2026-02-24 16:40:00,2026-02-24 17:20:00,8.0,9.04,early,vol_mid,downtrend,adx_20_25,spread_low
run50AH_nf200s25b_logreg_deep_v1,nf200s25b,oos,549,buy,2026-02-24 18:05:00,2026-02-24 18:50:00,9.0,-1.21,early,vol_high,range_or_weak_trend,adx_lt20,spread_low
run50AH_nf200s25b_logreg_deep_v1,nf200s25b,oos,550,buy,2026-02-24 19:45:00,2026-02-24 20:40:00,11.0,0.09,mid,vol_low,downtrend,adx_20_25,spread_low
run50AH_nf200s25b_logreg_deep_v1,nf200s25b,oos,551,sell,2026-02-24 21:25:00,2026-02-24 21:30:00,1.0,-0.24,late,vol_low,range_or_weak_trend,adx_lt20,spread_low
run50AH_nf200s25b_logreg_deep_v1,nf200s25b,oos,552,buy,2026-02-24 21:30:00,2026-02-25 16:45:00,231.0,26.82,late,vol_low,range_or_weak_trend,adx_lt20,spread_low
run50AH_nf200s25b_logreg_deep_v1,nf200s25b,oos,553,buy,2026-02-25 17:30:00,2026-02-25 18:10:00,8.0,-3.01,early,vol_mid,downtrend,adx_gt25,spread_low
run50AH_nf200s25b_logreg_deep_v1,nf200s25b,oos,554,buy,2026-02-25 18:55:00,2026-02-25 19:40:00,9.0,0.54,mid,vol_low,downtrend,adx_gt25,spread_low
run50AH_nf200s25b_logreg_deep_v1,nf200s25b,oos,555,buy,2026-02-25 20:55:00,2026-02-25 22:00:00,13.0,1.39,late,vol_low,downtrend,adx_gt25,spread_low
run50AH_nf200s25b_logreg_deep_v1,nf200s25b,oos,556,sell,2026-02-26 17:15:00,2026-02-26 17:50:00,7.0,5.22,early,vol_mid,downtrend,adx_gt25,spread_low
run50AH_nf200s25b_logreg_deep_v1,nf200s25b,oos,557,buy,2026-02-26 17:50:00,2026-02-26 17:55:00,1.0,-0.51,early,vol_high,downtrend,adx_gt25,spread_low
run50AH_nf200s25b_logreg_deep_v1,nf200s25b,oos,558,sell,2026-02-26 17:55:00,2026-02-26 18:00:00,1.0,0.82,early,vol_high,downtrend,adx_gt25,spread_low
run50AH_nf200s25b_logreg_deep_v1,nf200s25b,oos,559,buy,2026-02-26 18:00:00,2026-02-26 18:40:00,8.0,1.62,early,vol_high,downtrend,adx_gt25,spread_low
run50AH_nf200s25b_logreg_deep_v1,nf200s25b,oos,560,buy,2026-02-26 19:30:00,2026-02-26 20:10:00,8.0,-6.26,mid,vol_mid,downtrend,adx_gt25,spread_low
run50AH_nf200s25b_logreg_deep_v1,nf200s25b,oos,561,buy,2026-02-26 21:00:00,2026-02-26 21:50:00,10.0,8.52,late,vol_mid,downtrend,adx_gt25,spread_low
run50AH_nf200s25b_logreg_deep_v1,nf200s25b,oos,562,buy,2026-02-27 17:05:00,2026-02-27 17:45:00,8.0,7.74,early,vol_high,downtrend,adx_gt25,spread_low
run50AH_nf200s25b_logreg_deep_v1,nf200s25b,oos,563,buy,2026-02-27 18:30:00,2026-02-27 19:05:00,7.0,3.14,mid,vol_high,range_or_weak_trend,adx_lt20,spread_low
run50AH_nf200s25b_logreg_deep_v1,nf200s25b,oos,564,sell,2026-02-27 19:05:00,2026-02-27 19:20:00,3.0,5.92,mid,vol_high,range_or_weak_trend,adx_lt20,spread_low
run50AH_nf200s25b_logreg_deep_v1,nf200s25b,oos,565,buy,2026-02-27 19:20:00,2026-02-27 19:25:00,1.0,-0.11,mid,vol_high,range_or_weak_trend,adx_lt20,spread_low
run50AH_nf200s25b_logreg_deep_v1,nf200s25b,oos,566,sell,2026-02-27 19:25:00,2026-02-27 20:05:00,8.0,1.02,mid,vol_high,range_or_weak_trend,adx_lt20,spread_low
run50AH_nf200s25b_logreg_deep_v1,nf200s25b,oos,567,sell,2026-02-27 20:55:00,2026-02-27 21:25:00,6.0,-0.54,late,vol_low,range_or_weak_trend,adx_lt20,spread_low
run50AH_nf200s25b_logreg_deep_v1,nf200s25b,oos,568,buy,2026-02-27 21:25:00,2026-03-02 16:35:00,806.0,-7.3,late,vol_low,range_or_weak_trend,adx_lt20,spread_low
run50AH_nf200s25b_logreg_deep_v1,nf200s25b,oos,569,buy,2026-03-02 17:20:00,2026-03-02 18:00:00,8.0,1.02,early,vol_high,downtrend,adx_gt25,spread_low
run50AH_nf200s25b_logreg_deep_v1,nf200s25b,oos,570,sell,2026-03-02 18:45:00,2026-03-02 18:50:00,1.0,-0.34,mid,vol_high,downtrend,adx_gt25,spread_low
run50AH_nf200s25b_logreg_deep_v1,nf200s25b,oos,571,buy,2026-03-02 18:50:00,2026-03-02 19:30:00,8.0,2.69,mid,vol_high,downtrend,adx_gt25,spread_low
run50AH_nf200s25b_logreg_deep_v1,nf200s25b,oos,572,buy,2026-03-02 20:15:00,2026-03-02 20:25:00,2.0,-2.54,late,vol_mid,downtrend,adx_gt25,spread_low
run50AH_nf200s25b_logreg_deep_v1,nf200s25b,oos,573,sell,2026-03-02 20:25:00,2026-03-02 21:10:00,9.0,-0.49,late,vol_low,downtrend,adx_gt25,spread_low
run50AH_nf200s25b_logreg_deep_v1,nf200s25b,oos,574,buy,2026-03-02 21:10:00,2026-03-02 21:50:00,8.0,6.47,late,vol_low,range_or_weak_trend,adx_lt20,spread_low
run50AH_nf200s25b_logreg_deep_v1,nf200s25b,oos,575,buy,2026-03-03 17:25:00,2026-03-03 17:45:00,4.0,1.77,early,vol_high,downtrend,adx_20_25,spread_low
run50AH_nf200s25b_logreg_deep_v1,nf200s25b,oos,576,sell,2026-03-03 17:45:00,2026-03-03 18:10:00,5.0,-15.15,early,vol_high,range_or_weak_trend,adx_lt20,spread_low
run50AH_nf200s25b_logreg_deep_v1,nf200s25b,oos,577,buy,2026-03-03 18:10:00,2026-03-03 18:50:00,8.0,12.23,early,vol_high,range_or_weak_trend,adx_lt20,spread_low
run50AH_nf200s25b_logreg_deep_v1,nf200s25b,oos,578,sell,2026-03-03 20:15:00,2026-03-03 20:55:00,8.0,-12.42,late,vol_high,range_or_weak_trend,adx_lt20,spread_low
run50AH_nf200s25b_logreg_deep_v1,nf200s25b,oos,579,sell,2026-03-03 21:45:00,2026-03-04 16:35:00,226.0,-14.45,late,vol_high,range_or_weak_trend,adx_lt20,spread_low
run50AH_nf200s25b_logreg_deep_v1,nf200s25b,oos,580,buy,2026-03-04 16:35:00,2026-03-04 17:15:00,8.0,1.24,early,vol_high,downtrend,adx_gt25,spread_low
run50AH_nf200s25b_logreg_deep_v1,nf200s25b,oos,581,buy,2026-03-04 18:00:00,2026-03-04 18:40:00,8.0,-1.24,early,vol_high,downtrend,adx_gt25,spread_low
run50AH_nf200s25b_logreg_deep_v1,nf200s25b,oos,582,buy,2026-03-04 19:30:00,2026-03-04 20:10:00,8.0,3.94,mid,vol_mid,downtrend,adx_gt25,spread_low
run50AH_nf200s25b_logreg_deep_v1,nf200s25b,oos,583,buy,2026-03-04 21:10:00,2026-03-04 21:55:00,9.0,-0.94,late,vol_low,downtrend,adx_20_25,spread_low
run50AH_nf200s25b_logreg_deep_v1,nf200s25b,oos,584,buy,2026-03-05 17:10:00,2026-03-05 17:50:00,8.0,-10.59,early,vol_high,downtrend,adx_gt25,spread_low
run50AH_nf200s25b_logreg_deep_v1,nf200s25b,oos,585,buy,2026-03-05 18:35:00,2026-03-05 19:15:00,8.0,2.82,mid,vol_high,downtrend,adx_20_25,spread_low
run50AH_nf200s25b_logreg_deep_v1,nf200s25b,oos,586,sell,2026-03-05 20:00:00,2026-03-05 20:35:00,7.0,0.92,mid,vol_high,downtrend,adx_gt25,spread_low
run50AH_nf200s25b_logreg_deep_v1,nf200s25b,oos,587,buy,2026-03-05 20:35:00,2026-03-05 21:15:00,8.0,5.79,late,vol_high,downtrend,adx_gt25,spread_low
run50AH_nf200s25b_logreg_deep_v1,nf200s25b,oos,588,sell,2026-03-05 22:00:00,2026-03-06 16:35:00,223.0,15.12,late,vol_mid,range_or_weak_trend,adx_lt20,spread_low
run50AH_nf200s25b_logreg_deep_v1,nf200s25b,oos,589,buy,2026-03-06 16:35:00,2026-03-06 17:25:00,10.0,10.77,early,vol_mid,downtrend,adx_gt25,spread_low
run50AH_nf200s25b_logreg_deep_v1,nf200s25b,oos,590,buy,2026-03-06 18:10:00,2026-03-06 18:45:00,7.0,-0.24,early,vol_high,downtrend,adx_20_25,spread_low
run50AH_nf200s25b_logreg_deep_v1,nf200s25b,oos,591,sell,2026-03-06 18:45:00,2026-03-06 18:50:00,1.0,-3.54,mid,vol_high,range_or_weak_trend,adx_lt20,spread_low
run50AH_nf200s25b_logreg_deep_v1,nf200s25b,oos,592,buy,2026-03-06 18:50:00,2026-03-06 18:55:00,1.0,-2.79,mid,vol_high,range_or_weak_trend,adx_lt20,spread_low
run50AH_nf200s25b_logreg_deep_v1,nf200s25b,oos,593,sell,2026-03-06 18:55:00,2026-03-06 19:35:00,8.0,3.37,mid,vol_high,range_or_weak_trend,adx_lt20,spread_low
run50AH_nf200s25b_logreg_deep_v1,nf200s25b,oos,594,sell,2026-03-06 20:20:00,2026-03-06 21:00:00,8.0,8.34,late,vol_high,range_or_weak_trend,adx_lt20,spread_low
run50AH_nf200s25b_logreg_deep_v1,nf200s25b,oos,595,sell,2026-03-06 21:45:00,2026-03-09 15:55:00,794.0,43.52,late,vol_mid,range_or_weak_trend,adx_lt20,spread_low
run50AH_nf200s25b_logreg_deep_v1,nf200s25b,oos,596,buy,2026-03-09 16:40:00,2026-03-09 17:20:00,8.0,-0.64,early,vol_high,range_or_weak_trend,adx_lt20,spread_low
run50AH_nf200s25b_logreg_deep_v1,nf200s25b,oos,597,buy,2026-03-09 18:05:00,2026-03-09 18:45:00,8.0,2.9,mid,vol_high,downtrend,adx_gt25,spread_low
run50AH_nf200s25b_logreg_deep_v1,nf200s25b,oos,598,buy,2026-03-09 19:30:00,2026-03-09 20:10:00,8.0,-0.49,late,vol_low,downtrend,adx_gt25,spread_low
run50AH_nf200s25b_logreg_deep_v1,nf200s25b,oos,599,sell,2026-03-09 20:55:00,2026-03-10 15:35:00,224.0,-30.8,late,vol_low,downtrend,adx_gt25,spread_low
run50AH_nf200s25b_logreg_deep_v1,nf200s25b,oos,600,buy,2026-03-10 15:35:00,2026-03-10 16:15:00,8.0,4.17,early,feature_missing,feature_missing,feature_missing,spread_low
run50AH_nf200s25b_logreg_deep_v1,nf200s25b,oos,601,buy,2026-03-10 17:00:00,2026-03-10 17:40:00,8.0,12.72,early,vol_mid,downtrend,adx_20_25,spread_low
run50AH_nf200s25b_logreg_deep_v1,nf200s25b,oos,602,buy,2026-03-10 18:25:00,2026-03-10 19:05:00,8.0,-3.56,mid,vol_high,downtrend,adx_gt25,spread_low
run50AH_nf200s25b_logreg_deep_v1,nf200s25b,oos,603,buy,2026-03-10 19:50:00,2026-03-10 20:30:00,8.0,8.27,late,vol_mid,downtrend,adx_gt25,spread_low
run50AH_nf200s25b_logreg_deep_v1,nf200s25b,oos,604,buy,2026-03-11 15:45:00,2026-03-11 16:25:00,8.0,8.52,early,feature_missing,feature_missing,feature_missing,spread_low
run50AH_nf200s25b_logreg_deep_v1,nf200s25b,oos,605,buy,2026-03-11 17:10:00,2026-03-11 17:50:00,8.0,-3.96,early,vol_mid,downtrend,adx_gt25,spread_low
run50AH_nf200s25b_logreg_deep_v1,nf200s25b,oos,606,buy,2026-03-11 19:35:00,2026-03-11 20:15:00,8.0,-0.36,late,vol_high,downtrend,adx_20_25,spread_low
run50AH_nf200s25b_logreg_deep_v1,nf200s25b,oos,607,buy,2026-03-11 21:00:00,2026-03-12 16:10:00,230.0,-11.42,late,vol_mid,range_or_weak_trend,adx_lt20,spread_low
run50AH_nf200s25b_logreg_deep_v1,nf200s25b,oos,608,sell,2026-03-12 16:55:00,2026-03-12 17:00:00,1.0,1.12,early,vol_mid,downtrend,adx_gt25,spread_low
run50AH_nf200s25b_logreg_deep_v1,nf200s25b,oos,609,buy,2026-03-12 17:00:00,2026-03-12 17:30:00,6.0,-4.09,early,vol_mid,downtrend,adx_gt25,spread_low
run50AH_nf200s25b_logreg_deep_v1,nf200s25b,oos,610,sell,2026-03-12 17:30:00,2026-03-12 17:35:00,1.0,1.14,mid,vol_high,downtrend,adx_gt25,spread_low
run50AH_nf200s25b_logreg_deep_v1,nf200s25b,oos,611,buy,2026-03-12 17:35:00,2026-03-12 17:40:00,1.0,-0.01,mid,vol_high,downtrend,adx_gt25,spread_low
run50AH_nf200s25b_logreg_deep_v1,nf200s25b,oos,612,sell,2026-03-12 17:40:00,2026-03-12 17:45:00,1.0,-4.04,mid,vol_high,downtrend,adx_gt25,spread_low
run50AH_nf200s25b_logreg_deep_v1,nf200s25b,oos,613,buy,2026-03-12 17:45:00,2026-03-12 18:25:00,8.0,-4.61,mid,vol_high,downtrend,adx_gt25,spread_low
run50AH_nf200s25b_logreg_deep_v1,nf200s25b,oos,614,buy,2026-03-12 19:10:00,2026-03-12 19:50:00,8.0,6.34,mid,vol_high,downtrend,adx_20_25,spread_low
run50AH_nf200s25b_logreg_deep_v1,nf200s25b,oos,615,buy,2026-03-12 20:35:00,2026-03-12 20:40:00,1.0,1.79,late,vol_high,range_or_weak_trend,adx_lt20,spread_low
run50AH_nf200s25b_logreg_deep_v1,nf200s25b,oos,616,sell,2026-03-12 20:40:00,2026-03-12 20:50:00,2.0,5.34,late,vol_high,range_or_weak_trend,adx_lt20,spread_low
run50AH_nf200s25b_logreg_deep_v1,nf200s25b,oos,617,buy,2026-03-12 20:50:00,2026-03-12 20:55:00,1.0,-0.54,late,vol_high,range_or_weak_trend,adx_lt20,spread_low
run50AH_nf200s25b_logreg_deep_v1,nf200s25b,oos,618,sell,2026-03-12 20:55:00,2026-03-13 16:05:00,230.0,-5.23,late,vol_mid,range_or_weak_trend,adx_lt20,spread_low
run50AH_nf200s25b_logreg_deep_v1,nf200s25b,oos,619,buy,2026-03-13 16:50:00,2026-03-13 17:00:00,2.0,-3.01,early,vol_mid,downtrend,adx_gt25,spread_low
run50AH_nf200s25b_logreg_deep_v1,nf200s25b,oos,620,sell,2026-03-13 17:00:00,2026-03-13 17:05:00,1.0,1.44,early,vol_high,downtrend,adx_gt25,spread_low
run50AH_nf200s25b_logreg_deep_v1,nf200s25b,oos,621,buy,2026-03-13 17:05:00,2026-03-13 17:30:00,5.0,-3.76,early,vol_high,downtrend,adx_gt25,spread_low
run50AH_nf200s25b_logreg_deep_v1,nf200s25b,oos,622,sell,2026-03-13 17:30:00,2026-03-13 17:35:00,1.0,-1.56,mid,vol_high,downtrend,adx_gt25,spread_low
run50AH_nf200s25b_logreg_deep_v1,nf200s25b,oos,623,buy,2026-03-13 17:35:00,2026-03-13 17:50:00,3.0,-11.79,mid,vol_high,downtrend,adx_gt25,spread_low
run50AH_nf200s25b_logreg_deep_v1,nf200s25b,oos,624,sell,2026-03-13 17:50:00,2026-03-13 18:30:00,8.0,10.17,mid,vol_high,downtrend,adx_gt25,spread_low
run50AH_nf200s25b_logreg_deep_v1,nf200s25b,oos,625,buy,2026-03-13 19:15:00,2026-03-13 19:55:00,8.0,3.24,late,vol_high,downtrend,adx_gt25,spread_low
run50AH_nf200s25b_logreg_deep_v1,nf200s25b,oos,626,buy,2026-03-13 20:40:00,2026-03-16 15:50:00,806.0,23.61,late,vol_mid,range_or_weak_trend,adx_lt20,spread_low
run50AH_nf200s25b_logreg_deep_v1,nf200s25b,oos,627,buy,2026-03-16 16:35:00,2026-03-16 17:15:00,8.0,4.32,early,vol_low,downtrend,adx_gt25,spread_low
run50AH_nf200s25b_logreg_deep_v1,nf200s25b,oos,628,buy,2026-03-16 18:00:00,2026-03-16 18:40:00,8.0,2.79,mid,vol_mid,downtrend,adx_gt25,spread_low
run50AH_nf200s25b_logreg_deep_v1,nf200s25b,oos,629,buy,2026-03-16 19:25:00,2026-03-16 20:05:00,8.0,5.79,late,vol_mid,downtrend,adx_20_25,spread_low
run50AH_nf200s25b_logreg_deep_v1,nf200s25b,oos,630,buy,2026-03-16 20:55:00,2026-03-17 16:05:00,230.0,4.98,late,vol_low,range_or_weak_trend,adx_lt20,spread_low
run50AH_nf200s25b_logreg_deep_v1,nf200s25b,oos,631,buy,2026-03-17 16:50:00,2026-03-17 17:30:00,8.0,-5.21,early,vol_low,downtrend,adx_gt25,spread_low
run50AH_nf200s25b_logreg_deep_v1,nf200s25b,oos,632,sell,2026-03-17 18:15:00,2026-03-17 18:25:00,2.0,-0.21,mid,vol_mid,downtrend,adx_gt25,spread_low
run50AH_nf200s25b_logreg_deep_v1,nf200s25b,oos,633,buy,2026-03-17 18:25:00,2026-03-17 18:30:00,1.0,-1.81,mid,vol_mid,downtrend,adx_gt25,spread_low
run50AH_nf200s25b_logreg_deep_v1,nf200s25b,oos,634,sell,2026-03-17 18:30:00,2026-03-17 18:55:00,5.0,0.44,mid,vol_mid,downtrend,adx_gt25,spread_low
run50AH_nf200s25b_logreg_deep_v1,nf200s25b,oos,635,buy,2026-03-17 18:55:00,2026-03-17 19:05:00,2.0,-3.41,mid,vol_mid,downtrend,adx_gt25,spread_low
run50AH_nf200s25b_logreg_deep_v1,nf200s25b,oos,636,sell,2026-03-17 19:05:00,2026-03-17 19:15:00,2.0,-0.8,mid,vol_low,downtrend,adx_gt25,spread_low
run50AH_nf200s25b_logreg_deep_v1,nf200s25b,oos,637,buy,2026-03-17 19:15:00,2026-03-17 19:55:00,8.0,3.23,late,vol_low,downtrend,adx_gt25,spread_low
run50AH_nf200s25b_logreg_deep_v1,nf200s25b,oos,638,buy,2026-03-17 20:40:00,2026-03-18 15:45:00,229.0,-11.24,late,vol_low,range_or_weak_trend,adx_lt20,spread_low
run50AH_nf200s25b_logreg_deep_v1,nf200s25b,oos,639,sell,2026-03-18 15:45:00,2026-03-18 16:25:00,8.0,1.07,early,feature_missing,feature_missing,feature_missing,spread_low
run50AH_nf200s25b_logreg_deep_v1,nf200s25b,oos,640,buy,2026-03-18 17:10:00,2026-03-18 17:50:00,8.0,-13.71,early,vol_mid,downtrend,adx_gt25,spread_low
run50AH_nf200s25b_logreg_deep_v1,nf200s25b,oos,641,buy,2026-03-18 18:35:00,2026-03-18 19:20:00,9.0,-0.11,mid,vol_high,downtrend,adx_gt25,spread_low
run50AH_nf200s25b_logreg_deep_v1,nf200s25b,oos,642,sell,2026-03-18 20:20:00,2026-03-18 21:00:00,8.0,-6.19,late,vol_low,downtrend,adx_gt25,spread_low
run50AH_nf200s25b_logreg_deep_v1,nf200s25b,oos,643,buy,2026-03-18 21:00:00,2026-03-19 15:35:00,223.0,-39.63,late,vol_low,downtrend,adx_20_25,spread_low
run50AH_nf200s25b_logreg_deep_v1,nf200s25b,oos,644,sell,2026-03-19 15:35:00,2026-03-19 16:15:00,8.0,6.87,early,feature_missing,feature_missing,feature_missing,spread_low
run50AH_nf200s25b_logreg_deep_v1,nf200s25b,oos,645,buy,2026-03-19 17:00:00,2026-03-19 17:40:00,8.0,-3.9,early,vol_high,downtrend,adx_20_25,spread_low
run50AH_nf200s25b_logreg_deep_v1,nf200s25b,oos,646,buy,2026-03-19 18:25:00,2026-03-19 18:40:00,3.0,-3.46,mid,vol_high,range_or_weak_trend,adx_lt20,spread_low
run50AH_nf200s25b_logreg_deep_v1,nf200s25b,oos,647,sell,2026-03-19 18:40:00,2026-03-19 19:20:00,8.0,-3.19,mid,vol_high,range_or_weak_trend,adx_lt20,spread_low
run50AH_nf200s25b_logreg_deep_v1,nf200s25b,oos,648,sell,2026-03-19 20:05:00,2026-03-19 20:45:00,8.0,-0.81,late,vol_mid,range_or_weak_trend,adx_lt20,spread_low
run50AH_nf200s25b_logreg_deep_v1,nf200s25b,oos,649,sell,2026-03-20 16:35:00,2026-03-20 17:15:00,8.0,14.37,early,vol_mid,range_or_weak_trend,adx_lt20,spread_low
run50AH_nf200s25b_logreg_deep_v1,nf200s25b,oos,650,buy,2026-03-20 18:10:00,2026-03-20 18:50:00,8.0,3.34,mid,vol_high,downtrend,adx_20_25,spread_low
run50AH_nf200s25b_logreg_deep_v1,nf200s25b,oos,651,buy,2026-03-20 19:35:00,2026-03-20 20:00:00,5.0,-0.74,late,vol_mid,downtrend,adx_20_25,spread_low
run50AH_nf200s25b_logreg_deep_v1,nf200s25b,oos,652,sell,2026-03-20 20:00:00,2026-03-20 20:40:00,8.0,7.32,late,vol_low,range_or_weak_trend,adx_lt20,spread_low
run50AH_nf200s25b_logreg_deep_v1,nf200s25b,oos,653,sell,2026-03-23 16:35:00,2026-03-23 17:15:00,8.0,-12.86,early,vol_high,downtrend,adx_gt25,spread_low
run50AH_nf200s25b_logreg_deep_v1,nf200s25b,oos,654,sell,2026-03-23 18:00:00,2026-03-23 18:05:00,1.0,-6.36,mid,vol_high,downtrend,adx_gt25,spread_low
run50AH_nf200s25b_logreg_deep_v1,nf200s25b,oos,655,buy,2026-03-23 18:05:00,2026-03-23 18:10:00,1.0,0.09,mid,vol_high,downtrend,adx_gt25,spread_low
run50AH_nf200s25b_logreg_deep_v1,nf200s25b,oos,656,sell,2026-03-23 18:10:00,2026-03-23 18:15:00,1.0,1.14,mid,vol_high,downtrend,adx_gt25,spread_low
run50AH_nf200s25b_logreg_deep_v1,nf200s25b,oos,657,buy,2026-03-23 18:15:00,2026-03-23 18:55:00,8.0,-22.41,mid,vol_high,downtrend,adx_gt25,spread_low
run50AH_nf200s25b_logreg_deep_v1,nf200s25b,oos,658,sell,2026-03-23 19:40:00,2026-03-23 20:05:00,5.0,2.17,late,vol_high,downtrend,adx_gt25,spread_low
run50AH_nf200s25b_logreg_deep_v1,nf200s25b,oos,659,buy,2026-03-23 20:05:00,2026-03-23 20:45:00,8.0,6.49,late,vol_high,downtrend,adx_gt25,spread_low
run50AH_nf200s25b_logreg_deep_v1,nf200s25b,oos,660,buy,2026-03-24 16:00:00,2026-03-24 16:40:00,8.0,-7.06,early,feature_missing,feature_missing,feature_missing,spread_low
run50AH_nf200s25b_logreg_deep_v1,nf200s25b,oos,661,buy,2026-03-24 17:25:00,2026-03-24 18:05:00,8.0,8.69,mid,vol_high,downtrend,adx_gt25,spread_low
run50AH_nf200s25b_logreg_deep_v1,nf200s25b,oos,662,buy,2026-03-24 18:50:00,2026-03-24 19:30:00,8.0,-2.21,mid,vol_high,downtrend,adx_gt25,spread_low
run50AH_nf200s25b_logreg_deep_v1,nf200s25b,oos,663,buy,2026-03-25 15:35:00,2026-03-25 16:15:00,8.0,4.32,early,feature_missing,feature_missing,feature_missing,spread_low
run50AH_nf200s25b_logreg_deep_v1,nf200s25b,oos,664,buy,2026-03-25 17:00:00,2026-03-25 17:40:00,8.0,11.09,early,vol_mid,downtrend,adx_20_25,spread_low
run50AH_nf200s25b_logreg_deep_v1,nf200s25b,oos,665,buy,2026-03-25 18:25:00,2026-03-25 19:05:00,8.0,-4.09,mid,vol_high,downtrend,adx_20_25,spread_low
run50AH_nf200s25b_logreg_deep_v1,nf200s25b,oos,666,buy,2026-03-25 19:50:00,2026-03-25 20:30:00,8.0,1.07,late,vol_high,downtrend,adx_20_25,spread_low
run50AH_nf200s25b_logreg_deep_v1,nf200s25b,oos,667,sell,2026-03-26 15:45:00,2026-03-26 16:25:00,8.0,-4.26,early,feature_missing,feature_missing,feature_missing,spread_low
run50AH_nf200s25b_logreg_deep_v1,nf200s25b,oos,668,buy,2026-03-26 17:10:00,2026-03-26 17:45:00,7.0,-6.31,early,vol_high,downtrend,adx_20_25,spread_low
run50AH_nf200s25b_logreg_deep_v1,nf200s25b,oos,669,sell,2026-03-26 17:45:00,2026-03-26 18:25:00,8.0,3.0,mid,vol_high,range_or_weak_trend,adx_lt20,spread_low
run50AH_nf200s25b_logreg_deep_v1,nf200s25b,oos,670,sell,2026-03-26 19:10:00,2026-03-26 19:50:00,8.0,10.37,mid,vol_mid,downtrend,adx_gt25,spread_low
run50AH_nf200s25b_logreg_deep_v1,nf200s25b,oos,671,sell,2026-03-26 20:35:00,2026-03-27 15:45:00,230.0,33.53,late,vol_low,downtrend,adx_gt25,spread_low
run50AH_nf200s25b_logreg_deep_v1,nf200s25b,oos,672,sell,2026-03-27 16:35:00,2026-03-27 16:40:00,1.0,-3.06,early,vol_mid,downtrend,adx_gt25,spread_low
run50AH_nf200s25b_logreg_deep_v1,nf200s25b,oos,673,buy,2026-03-27 16:40:00,2026-03-27 16:45:00,1.0,-0.41,early,vol_high,downtrend,adx_gt25,spread_low
run50AH_nf200s25b_logreg_deep_v1,nf200s25b,oos,674,sell,2026-03-27 16:45:00,2026-03-27 16:50:00,1.0,-2.54,early,vol_mid,downtrend,adx_gt25,spread_low
run50AH_nf200s25b_logreg_deep_v1,nf200s25b,oos,675,buy,2026-03-27 16:50:00,2026-03-27 16:55:00,1.0,-9.06,early,vol_mid,downtrend,adx_gt25,spread_low
run50AH_nf200s25b_logreg_deep_v1,nf200s25b,oos,676,sell,2026-03-27 16:55:00,2026-03-27 17:00:00,1.0,3.88,early,vol_high,downtrend,adx_gt25,spread_low
run50AH_nf200s25b_logreg_deep_v1,nf200s25b,oos,677,buy,2026-03-27 17:00:00,2026-03-27 17:05:00,1.0,2.2,early,vol_high,downtrend,adx_gt25,spread_low
run50AH_nf200s25b_logreg_deep_v1,nf200s25b,oos,678,sell,2026-03-27 17:05:00,2026-03-27 17:45:00,8.0,3.92,early,vol_high,downtrend,adx_gt25,spread_low
run50AH_nf200s25b_logreg_deep_v1,nf200s25b,oos,679,buy,2026-03-27 18:30:00,2026-03-27 19:05:00,7.0,-1.81,mid,vol_high,downtrend,adx_20_25,spread_low
run50AH_nf200s25b_logreg_deep_v1,nf200s25b,oos,680,sell,2026-03-27 19:05:00,2026-03-27 19:45:00,8.0,6.44,mid,vol_high,range_or_weak_trend,adx_lt20,spread_low
run50AH_nf200s25b_logreg_deep_v1,nf200s25b,oos,681,sell,2026-03-27 20:30:00,2026-03-30 16:40:00,818.0,-4.61,late,vol_mid,range_or_weak_trend,adx_lt20,spread_low
run50AH_nf200s25b_logreg_deep_v1,nf200s25b,oos,682,sell,2026-03-30 17:25:00,2026-03-30 17:35:00,2.0,2.74,early,vol_mid,downtrend,adx_gt25,spread_low
run50AH_nf200s25b_logreg_deep_v1,nf200s25b,oos,683,buy,2026-03-30 17:35:00,2026-03-30 17:40:00,1.0,-1.49,early,vol_mid,downtrend,adx_gt25,spread_low
run50AH_nf200s25b_logreg_deep_v1,nf200s25b,oos,684,sell,2026-03-30 17:40:00,2026-03-30 17:50:00,2.0,0.57,early,vol_mid,downtrend,adx_gt25,spread_low
run50AH_nf200s25b_logreg_deep_v1,nf200s25b,oos,685,buy,2026-03-30 17:50:00,2026-03-30 18:30:00,8.0,2.29,early,vol_mid,downtrend,adx_gt25,spread_low
run50AH_nf200s25b_logreg_deep_v1,nf200s25b,oos,686,buy,2026-03-30 19:15:00,2026-03-30 19:55:00,8.0,-4.81,mid,vol_high,downtrend,adx_20_25,spread_low
run50AH_nf200s25b_logreg_deep_v1,nf200s25b,oos,687,sell,2026-03-30 20:40:00,2026-03-30 21:15:00,7.0,1.19,late,vol_mid,downtrend,adx_gt25,spread_low
run50AH_nf200s25b_logreg_deep_v1,nf200s25b,oos,688,buy,2026-03-30 21:15:00,2026-03-30 21:30:00,3.0,-4.04,late,vol_low,downtrend,adx_gt25,spread_low
run50AH_nf200s25b_logreg_deep_v1,nf200s25b,oos,689,sell,2026-03-30 21:30:00,2026-03-30 21:35:00,1.0,-1.39,late,vol_mid,downtrend,adx_gt25,spread_low
run50AH_nf200s25b_logreg_deep_v1,nf200s25b,oos,690,buy,2026-03-30 21:35:00,2026-03-30 21:40:00,1.0,-0.94,late,vol_mid,downtrend,adx_gt25,spread_low
run50AH_nf200s25b_logreg_deep_v1,nf200s25b,oos,691,sell,2026-03-30 21:40:00,2026-03-30 21:45:00,1.0,0.27,late,vol_mid,downtrend,adx_gt25,spread_low
run50AH_nf200s25b_logreg_deep_v1,nf200s25b,oos,692,buy,2026-03-30 21:45:00,2026-03-30 21:55:00,2.0,-2.61,late,vol_mid,downtrend,adx_gt25,spread_low
run50AH_nf200s25b_logreg_deep_v1,nf200s25b,oos,693,sell,2026-03-30 21:55:00,2026-03-31 16:35:00,224.0,-32.92,late,vol_low,downtrend,adx_gt25,spread_low
run50AH_nf200s25b_logreg_deep_v1,nf200s25b,oos,694,buy,2026-03-31 16:35:00,2026-03-31 17:15:00,8.0,6.57,early,vol_high,downtrend,adx_20_25,spread_low
run50AH_nf200s25b_logreg_deep_v1,nf200s25b,oos,695,sell,2026-03-31 18:00:00,2026-03-31 18:05:00,1.0,-5.44,early,vol_high,downtrend,adx_gt25,spread_low
run50AH_nf200s25b_logreg_deep_v1,nf200s25b,oos,696,buy,2026-03-31 18:05:00,2026-03-31 18:45:00,8.0,2.09,early,vol_high,downtrend,adx_gt25,spread_low
run50AH_nf200s25b_logreg_deep_v1,nf200s25b,oos,697,buy,2026-03-31 19:30:00,2026-03-31 20:10:00,8.0,22.39,mid,vol_high,range_or_weak_trend,adx_lt20,spread_low
run50AH_nf200s25b_logreg_deep_v1,nf200s25b,oos,698,buy,2026-03-31 20:55:00,2026-03-31 21:35:00,8.0,2.44,late,vol_high,downtrend,adx_gt25,spread_low
run50AH_nf200s25b_logreg_deep_v1,nf200s25b,oos,699,buy,2026-04-01 16:50:00,2026-04-01 17:30:00,8.0,11.14,early,vol_high,range_or_weak_trend,adx_lt20,spread_low
run50AH_nf200s25b_logreg_deep_v1,nf200s25b,oos,700,buy,2026-04-01 18:15:00,2026-04-01 18:55:00,8.0,3.56,early,vol_high,downtrend,adx_gt25,spread_low
run50AH_nf200s25b_logreg_deep_v1,nf200s25b,oos,701,buy,2026-04-01 19:40:00,2026-04-01 20:25:00,9.0,2.67,mid,vol_low,downtrend,adx_gt25,spread_low
run50AH_nf200s25b_logreg_deep_v1,nf200s25b,oos,702,sell,2026-04-01 21:15:00,2026-04-01 21:50:00,7.0,5.69,late,vol_low,downtrend,adx_gt25,spread_low
run50AH_nf200s25b_logreg_deep_v1,nf200s25b,oos,703,buy,2026-04-01 21:50:00,2026-04-01 21:55:00,1.0,-0.26,late,vol_low,downtrend,adx_gt25,spread_low
run50AH_nf200s25b_logreg_deep_v1,nf200s25b,oos,704,sell,2026-04-01 21:55:00,2026-04-02 16:55:00,228.0,32.26,late,vol_low,downtrend,adx_gt25,spread_low
run50AH_nf200s25b_logreg_deep_v1,nf200s25b,oos,705,buy,2026-04-02 16:55:00,2026-04-02 17:35:00,8.0,17.14,early,vol_high,range_or_weak_trend,adx_lt20,spread_low
run50AH_nf200s25b_logreg_deep_v1,nf200s25b,oos,706,buy,2026-04-02 18:20:00,2026-04-02 19:00:00,8.0,-4.61,early,vol_high,downtrend,adx_gt25,spread_low
run50AH_nf200s25b_logreg_deep_v1,nf200s25b,oos,707,sell,2026-04-02 19:45:00,2026-04-02 20:25:00,8.0,-2.86,mid,vol_mid,downtrend,adx_gt25,spread_low
run50AH_nf200s25b_logreg_deep_v1,nf200s25b,oos,708,buy,2026-04-02 20:25:00,2026-04-02 21:10:00,9.0,-4.54,late,vol_mid,downtrend,adx_20_25,spread_low
run50AH_nf200s25b_logreg_deep_v1,nf200s25b,oos,709,buy,2026-04-02 21:55:00,2026-04-06 17:05:00,1094.0,13.35,late,vol_mid,range_or_weak_trend,adx_lt20,spread_low
run50AH_nf200s25b_logreg_deep_v1,nf200s25b,oos,710,buy,2026-04-06 17:50:00,2026-04-06 18:30:00,8.0,1.17,early,vol_high,range_or_weak_trend,adx_lt20,spread_low
run50AH_nf200s25b_logreg_deep_v1,nf200s25b,oos,711,buy,2026-04-06 19:15:00,2026-04-06 19:55:00,8.0,1.64,mid,vol_mid,range_or_weak_trend,adx_lt20,spread_low
run50AH_nf200s25b_logreg_deep_v1,nf200s25b,oos,712,buy,2026-04-06 20:40:00,2026-04-06 21:20:00,8.0,3.4,late,vol_mid,range_or_weak_trend,adx_lt20,spread_low
run50AH_nf200s25b_logreg_deep_v1,nf200s25b,oos,713,buy,2026-04-07 16:40:00,2026-04-07 17:20:00,8.0,-15.66,early,vol_mid,downtrend,adx_gt25,spread_low
run50AH_nf200s25b_logreg_deep_v1,nf200s25b,oos,714,buy,2026-04-07 18:05:00,2026-04-07 18:10:00,1.0,-1.14,early,vol_high,range_or_weak_trend,adx_lt20,spread_low
run50AH_nf200s25b_logreg_deep_v1,nf200s25b,oos,715,sell,2026-04-07 18:10:00,2026-04-07 18:15:00,1.0,-4.01,early,vol_high,range_or_weak_trend,adx_lt20,spread_low
run50AH_nf200s25b_logreg_deep_v1,nf200s25b,oos,716,buy,2026-04-07 18:15:00,2026-04-07 18:55:00,8.0,7.82,early,vol_high,range_or_weak_trend,adx_lt20,spread_low
run50AH_nf200s25b_logreg_deep_v1,nf200s25b,oos,717,buy,2026-04-07 19:40:00,2026-04-07 20:20:00,8.0,0.64,mid,vol_mid,downtrend,adx_gt25,spread_low
run50AH_nf200s25b_logreg_deep_v1,nf200s25b,oos,718,sell,2026-04-07 21:05:00,2026-04-07 21:45:00,8.0,5.42,late,vol_mid,downtrend,adx_gt25,spread_low
run50AH_nf200s25b_logreg_deep_v1,nf200s25b,oos,719,buy,2026-04-08 17:00:00,2026-04-08 17:40:00,8.0,-3.49,early,vol_mid,downtrend,adx_20_25,spread_low
run50AH_nf200s25b_logreg_deep_v1,nf200s25b,oos,720,buy,2026-04-08 18:25:00,2026-04-08 19:05:00,8.0,7.42,mid,vol_mid,downtrend,adx_gt25,spread_low
run50AH_nf200s25b_logreg_deep_v1,nf200s25b,oos,721,buy,2026-04-08 19:50:00,2026-04-08 20:30:00,8.0,-5.74,mid,vol_low,downtrend,adx_20_25,spread_low
run50AH_nf200s25b_logreg_deep_v1,nf200s25b,oos,722,buy,2026-04-08 21:15:00,2026-04-08 21:20:00,1.0,-6.66,late,vol_low,range_or_weak_trend,adx_lt20,spread_low
run50AH_nf200s25b_logreg_deep_v1,nf200s25b,oos,723,sell,2026-04-08 21:20:00,2026-04-08 21:35:00,3.0,-0.51,late,vol_low,range_or_weak_trend,adx_lt20,spread_low
run50AH_nf200s25b_logreg_deep_v1,nf200s25b,oos,724,buy,2026-04-08 21:35:00,2026-04-08 21:45:00,2.0,-4.21,late,vol_low,downtrend,adx_20_25,spread_low
run50AH_nf200s25b_logreg_deep_v1,nf200s25b,oos,725,sell,2026-04-08 21:45:00,2026-04-09 16:35:00,226.0,-1.12,late,vol_low,downtrend,adx_gt25,spread_low
run50AH_nf200s25b_logreg_deep_v1,nf200s25b,oos,726,buy,2026-04-09 16:35:00,2026-04-09 16:45:00,2.0,7.24,early,vol_low,downtrend,adx_gt25,spread_low
run50AH_nf200s25b_logreg_deep_v1,nf200s25b,oos,727,sell,2026-04-09 16:45:00,2026-04-09 16:50:00,1.0,2.39,early,vol_mid,downtrend,adx_gt25,spread_low
run50AH_nf200s25b_logreg_deep_v1,nf200s25b,oos,728,buy,2026-04-09 16:50:00,2026-04-09 17:35:00,9.0,-10.04,early,vol_mid,downtrend,adx_gt25,spread_low
run50AH_nf200s25b_logreg_deep_v1,nf200s25b,oos,729,buy,2026-04-09 18:20:00,2026-04-09 19:00:00,8.0,8.97,early,vol_mid,downtrend,adx_20_25,spread_low
run50AH_nf200s25b_logreg_deep_v1,nf200s25b,oos,730,buy,2026-04-09 19:45:00,2026-04-09 20:25:00,8.0,4.79,mid,vol_mid,downtrend,adx_gt25,spread_low
run50AH_nf200s25b_logreg_deep_v1,nf200s25b,oos,731,sell,2026-04-09 21:10:00,2026-04-09 21:50:00,8.0,0.12,late,vol_mid,downtrend,adx_gt25,spread_low
run50AH_nf200s25b_logreg_deep_v1,nf200s25b,oos,732,buy,2026-04-10 17:05:00,2026-04-10 17:45:00,8.0,2.99,early,vol_low,downtrend,adx_gt25,spread_low
run50AH_nf200s25b_logreg_deep_v1,nf200s25b,oos,733,buy,2026-04-10 18:30:00,2026-04-10 19:10:00,8.0,-8.64,mid,vol_mid,downtrend,adx_gt25,spread_low
run50AH_nf200s25b_logreg_deep_v1,nf200s25b,oos,734,buy,2026-04-10 19:55:00,2026-04-10 20:35:00,8.0,-2.71,mid,vol_low,downtrend,adx_gt25,spread_low
run50AH_nf200s25b_logreg_deep_v1,nf200s25b,oos,735,buy,2026-04-10 21:20:00,2026-04-13 16:40:00,808.0,-7.43,late,vol_low,downtrend,adx_20_25,spread_low
run50AH_nf200s25b_logreg_deep_v1,nf200s25b,oos,736,buy,2026-04-13 17:25:00,2026-04-13 18:05:00,8.0,1.44,early,vol_mid,downtrend,adx_gt25,spread_low
run50AH_nf200s25b_logreg_deep_v1,nf200s25b,oos,737,buy,2026-04-13 18:50:00,2026-04-13 19:30:00,8.0,6.42,mid,vol_mid,downtrend,adx_gt25,spread_low
run50AH_nf200s25b_logreg_deep_v1,nf200s25b,oos,738,buy,2026-04-13 20:15:00,2026-04-13 21:00:00,9.0,-0.94,late,vol_low,downtrend,adx_gt25,spread_low
run50AH_nf200s25b_logreg_deep_v1,nf200s25b,oos,739,buy,2026-04-13 22:00:00,2026-04-13 23:59:58,23.993333,13.8,late,vol_low,downtrend,adx_gt25,spread_low
