run_id,variant_id,split,trade_index,direction,open_time,close_time,hold_bars,net_profit,session_slice,volatility_regime,trend_regime,adx_bucket,spread_regime
run50D_d390h10_logreg_deep_v1,d390h10,validation,1,sell,2025-01-02 16:35:00,2025-01-02 16:50:00,3.0,-3.65,early,vol_mid,downtrend,adx_gt25,spread_low
run50D_d390h10_logreg_deep_v1,d390h10,validation,2,buy,2025-01-02 16:50:00,2025-01-02 17:40:00,10.0,-5.01,early,vol_high,downtrend,adx_gt25,spread_low
run50D_d390h10_logreg_deep_v1,d390h10,validation,3,buy,2025-01-02 17:45:00,2025-01-02 18:35:00,10.0,5.44,early,vol_high,downtrend,adx_gt25,spread_low
run50D_d390h10_logreg_deep_v1,d390h10,validation,4,buy,2025-01-02 18:40:00,2025-01-02 19:30:00,10.0,-15.28,mid,vol_high,downtrend,adx_20_25,spread_low
run50D_d390h10_logreg_deep_v1,d390h10,validation,5,buy,2025-01-02 19:35:00,2025-01-02 19:50:00,3.0,-10.91,mid,vol_high,range_or_weak_trend,adx_lt20,spread_low
run50D_d390h10_logreg_deep_v1,d390h10,validation,6,sell,2025-01-02 19:50:00,2025-01-02 20:40:00,10.0,-1.88,mid,vol_high,downtrend,adx_gt25,spread_low
run50D_d390h10_logreg_deep_v1,d390h10,validation,7,buy,2025-01-02 20:45:00,2025-01-02 21:20:00,7.0,1.31,late,vol_high,downtrend,adx_gt25,spread_low
run50D_d390h10_logreg_deep_v1,d390h10,validation,8,sell,2025-01-02 21:20:00,2025-01-02 21:30:00,2.0,-3.55,late,vol_high,downtrend,adx_gt25,spread_low
run50D_d390h10_logreg_deep_v1,d390h10,validation,9,buy,2025-01-02 21:30:00,2025-01-02 21:50:00,4.0,0.53,late,vol_high,downtrend,adx_gt25,spread_low
run50D_d390h10_logreg_deep_v1,d390h10,validation,10,sell,2025-01-02 21:50:00,2025-01-03 16:35:00,225.0,-21.34,late,vol_high,downtrend,adx_20_25,spread_low
run50D_d390h10_logreg_deep_v1,d390h10,validation,11,buy,2025-01-03 16:35:00,2025-01-03 17:25:00,10.0,-1.07,early,vol_low,downtrend,adx_20_25,spread_low
run50D_d390h10_logreg_deep_v1,d390h10,validation,12,buy,2025-01-03 17:35:00,2025-01-03 18:25:00,10.0,4.22,early,vol_high,downtrend,adx_20_25,spread_low
run50D_d390h10_logreg_deep_v1,d390h10,validation,13,buy,2025-01-03 19:00:00,2025-01-03 19:50:00,10.0,-0.75,mid,vol_mid,range_or_weak_trend,adx_lt20,spread_low
run50D_d390h10_logreg_deep_v1,d390h10,validation,14,buy,2025-01-06 16:35:00,2025-01-06 17:25:00,10.0,7.83,early,vol_mid,downtrend,adx_20_25,spread_low
run50D_d390h10_logreg_deep_v1,d390h10,validation,15,buy,2025-01-06 17:30:00,2025-01-06 18:20:00,10.0,-0.06,early,vol_high,downtrend,adx_gt25,spread_low
run50D_d390h10_logreg_deep_v1,d390h10,validation,16,buy,2025-01-06 18:25:00,2025-01-06 19:15:00,10.0,-2.73,mid,vol_low,downtrend,adx_gt25,spread_low
run50D_d390h10_logreg_deep_v1,d390h10,validation,17,sell,2025-01-07 16:40:00,2025-01-07 16:50:00,2.0,-5.8,early,vol_mid,downtrend,adx_20_25,spread_low
run50D_d390h10_logreg_deep_v1,d390h10,validation,18,buy,2025-01-07 16:50:00,2025-01-07 17:00:00,2.0,-4.76,early,vol_mid,downtrend,adx_20_25,spread_low
run50D_d390h10_logreg_deep_v1,d390h10,validation,19,sell,2025-01-07 17:00:00,2025-01-07 17:50:00,10.0,26.51,early,vol_mid,range_or_weak_trend,adx_lt20,spread_low
run50D_d390h10_logreg_deep_v1,d390h10,validation,20,sell,2025-01-07 17:55:00,2025-01-07 18:00:00,1.0,-6.25,early,vol_high,downtrend,adx_gt25,spread_low
run50D_d390h10_logreg_deep_v1,d390h10,validation,21,buy,2025-01-07 18:00:00,2025-01-07 18:50:00,10.0,-4.7,early,vol_high,downtrend,adx_gt25,spread_low
run50D_d390h10_logreg_deep_v1,d390h10,validation,22,buy,2025-01-07 18:55:00,2025-01-07 19:45:00,10.0,-3.01,mid,vol_high,downtrend,adx_gt25,spread_low
run50D_d390h10_logreg_deep_v1,d390h10,validation,23,buy,2025-01-07 19:50:00,2025-01-07 20:40:00,10.0,5.64,mid,vol_mid,downtrend,adx_gt25,spread_low
run50D_d390h10_logreg_deep_v1,d390h10,validation,24,sell,2025-01-07 21:40:00,2025-01-08 16:35:00,227.0,4.73,late,vol_low,range_or_weak_trend,adx_lt20,spread_low
run50D_d390h10_logreg_deep_v1,d390h10,validation,25,buy,2025-01-08 16:35:00,2025-01-08 16:50:00,3.0,-0.45,early,vol_mid,downtrend,adx_20_25,spread_low
run50D_d390h10_logreg_deep_v1,d390h10,validation,26,sell,2025-01-08 16:50:00,2025-01-08 16:55:00,1.0,4.83,early,vol_high,range_or_weak_trend,adx_lt20,spread_low
run50D_d390h10_logreg_deep_v1,d390h10,validation,27,buy,2025-01-08 16:55:00,2025-01-08 17:45:00,10.0,-1.18,early,vol_high,range_or_weak_trend,adx_lt20,spread_low
run50D_d390h10_logreg_deep_v1,d390h10,validation,28,buy,2025-01-08 17:50:00,2025-01-08 18:40:00,10.0,7.46,early,vol_high,range_or_weak_trend,adx_lt20,spread_low
run50D_d390h10_logreg_deep_v1,d390h10,validation,29,buy,2025-01-08 18:45:00,2025-01-08 19:20:00,7.0,-12.68,mid,vol_high,range_or_weak_trend,adx_lt20,spread_low
run50D_d390h10_logreg_deep_v1,d390h10,validation,30,sell,2025-01-08 19:20:00,2025-01-08 20:05:00,9.0,-3.75,mid,vol_mid,range_or_weak_trend,adx_lt20,spread_low
run50D_d390h10_logreg_deep_v1,d390h10,validation,31,buy,2025-01-08 20:05:00,2025-01-08 20:55:00,10.0,-2.82,mid,vol_high,downtrend,adx_20_25,spread_low
run50D_d390h10_logreg_deep_v1,d390h10,validation,32,buy,2025-01-08 21:10:00,2025-01-08 21:15:00,1.0,-6.35,late,vol_high,range_or_weak_trend,adx_lt20,spread_low
run50D_d390h10_logreg_deep_v1,d390h10,validation,33,sell,2025-01-08 21:15:00,2025-01-08 21:20:00,1.0,-4.83,late,vol_high,range_or_weak_trend,adx_lt20,spread_low
run50D_d390h10_logreg_deep_v1,d390h10,validation,34,buy,2025-01-08 21:20:00,2025-01-08 21:35:00,3.0,-2.08,late,vol_high,range_or_weak_trend,adx_lt20,spread_low
run50D_d390h10_logreg_deep_v1,d390h10,validation,35,sell,2025-01-08 21:35:00,2025-01-08 21:40:00,1.0,1.17,late,vol_high,range_or_weak_trend,adx_lt20,spread_low
run50D_d390h10_logreg_deep_v1,d390h10,validation,36,buy,2025-01-08 21:40:00,2025-01-10 17:00:00,520.0,-29.2,late,vol_high,range_or_weak_trend,adx_lt20,spread_low
run50D_d390h10_logreg_deep_v1,d390h10,validation,37,buy,2025-01-10 17:05:00,2025-01-10 17:55:00,10.0,9.63,early,vol_high,downtrend,adx_gt25,spread_low
run50D_d390h10_logreg_deep_v1,d390h10,validation,38,buy,2025-01-10 18:00:00,2025-01-10 18:50:00,10.0,-5.35,early,vol_high,downtrend,adx_gt25,spread_low
run50D_d390h10_logreg_deep_v1,d390h10,validation,39,buy,2025-01-10 18:55:00,2025-01-10 19:45:00,10.0,5.56,mid,vol_high,downtrend,adx_gt25,spread_low
run50D_d390h10_logreg_deep_v1,d390h10,validation,40,buy,2025-01-10 19:50:00,2025-01-10 20:40:00,10.0,11.44,mid,vol_high,downtrend,adx_20_25,spread_low
run50D_d390h10_logreg_deep_v1,d390h10,validation,41,sell,2025-01-10 21:05:00,2025-01-10 21:55:00,10.0,3.69,late,vol_mid,downtrend,adx_gt25,spread_low
run50D_d390h10_logreg_deep_v1,d390h10,validation,42,sell,2025-01-10 22:00:00,2025-01-13 17:20:00,808.0,29.32,late,vol_high,range_or_weak_trend,adx_lt20,spread_low
run50D_d390h10_logreg_deep_v1,d390h10,validation,43,sell,2025-01-13 17:25:00,2025-01-13 17:30:00,1.0,3.08,early,vol_high,range_or_weak_trend,adx_lt20,spread_low
run50D_d390h10_logreg_deep_v1,d390h10,validation,44,buy,2025-01-13 17:30:00,2025-01-13 17:35:00,1.0,4.06,early,vol_high,range_or_weak_trend,adx_lt20,spread_low
run50D_d390h10_logreg_deep_v1,d390h10,validation,45,sell,2025-01-13 17:35:00,2025-01-13 18:00:00,5.0,-3.97,early,vol_high,range_or_weak_trend,adx_lt20,spread_low
run50D_d390h10_logreg_deep_v1,d390h10,validation,46,buy,2025-01-13 18:00:00,2025-01-13 18:50:00,10.0,0.62,early,vol_high,range_or_weak_trend,adx_lt20,spread_low
run50D_d390h10_logreg_deep_v1,d390h10,validation,47,buy,2025-01-13 18:55:00,2025-01-13 19:00:00,1.0,-3.72,mid,vol_high,range_or_weak_trend,adx_lt20,spread_low
run50D_d390h10_logreg_deep_v1,d390h10,validation,48,sell,2025-01-13 19:00:00,2025-01-13 19:50:00,10.0,-10.42,mid,vol_high,range_or_weak_trend,adx_lt20,spread_low
run50D_d390h10_logreg_deep_v1,d390h10,validation,49,buy,2025-01-13 20:00:00,2025-01-13 20:50:00,10.0,1.68,mid,vol_high,range_or_weak_trend,adx_lt20,spread_low
run50D_d390h10_logreg_deep_v1,d390h10,validation,50,buy,2025-01-14 16:35:00,2025-01-14 17:25:00,10.0,-3.25,early,vol_high,downtrend,adx_gt25,spread_low
run50D_d390h10_logreg_deep_v1,d390h10,validation,51,buy,2025-01-14 17:30:00,2025-01-14 18:20:00,10.0,-11.87,early,vol_high,downtrend,adx_20_25,spread_low
run50D_d390h10_logreg_deep_v1,d390h10,validation,52,buy,2025-01-14 18:25:00,2025-01-14 19:10:00,9.0,-7.67,mid,vol_high,downtrend,adx_gt25,spread_low
run50D_d390h10_logreg_deep_v1,d390h10,validation,53,sell,2025-01-14 19:10:00,2025-01-14 19:35:00,5.0,3.83,mid,vol_high,downtrend,adx_gt25,spread_low
run50D_d390h10_logreg_deep_v1,d390h10,validation,54,buy,2025-01-14 19:35:00,2025-01-14 20:25:00,10.0,10.66,mid,vol_high,downtrend,adx_gt25,spread_low
run50D_d390h10_logreg_deep_v1,d390h10,validation,55,buy,2025-01-14 20:30:00,2025-01-14 21:20:00,10.0,6.58,late,vol_mid,downtrend,adx_20_25,spread_low
run50D_d390h10_logreg_deep_v1,d390h10,validation,56,sell,2025-01-14 21:55:00,2025-01-15 16:35:00,224.0,-34.81,late,vol_mid,downtrend,adx_20_25,spread_low
run50D_d390h10_logreg_deep_v1,d390h10,validation,57,buy,2025-01-15 16:35:00,2025-01-15 17:25:00,10.0,13.27,early,vol_high,downtrend,adx_gt25,spread_low
run50D_d390h10_logreg_deep_v1,d390h10,validation,58,buy,2025-01-15 17:35:00,2025-01-15 18:25:00,10.0,-3.81,early,vol_mid,downtrend,adx_gt25,spread_low
run50D_d390h10_logreg_deep_v1,d390h10,validation,59,buy,2025-01-16 16:35:00,2025-01-16 17:25:00,10.0,-1.56,early,vol_mid,downtrend,adx_20_25,spread_low
run50D_d390h10_logreg_deep_v1,d390h10,validation,60,buy,2025-01-16 17:30:00,2025-01-16 18:20:00,10.0,4.87,early,vol_high,downtrend,adx_gt25,spread_low
run50D_d390h10_logreg_deep_v1,d390h10,validation,61,buy,2025-01-16 18:25:00,2025-01-16 19:15:00,10.0,-0.35,mid,vol_high,downtrend,adx_20_25,spread_low
run50D_d390h10_logreg_deep_v1,d390h10,validation,62,buy,2025-01-16 19:20:00,2025-01-16 20:10:00,10.0,1.43,mid,vol_mid,downtrend,adx_20_25,spread_low
run50D_d390h10_logreg_deep_v1,d390h10,validation,63,buy,2025-01-16 20:15:00,2025-01-16 20:50:00,7.0,-10.48,late,vol_mid,range_or_weak_trend,adx_lt20,spread_low
run50D_d390h10_logreg_deep_v1,d390h10,validation,64,sell,2025-01-16 20:50:00,2025-01-16 21:40:00,10.0,-7.51,late,vol_low,downtrend,adx_gt25,spread_low
run50D_d390h10_logreg_deep_v1,d390h10,validation,65,buy,2025-01-17 16:35:00,2025-01-17 17:25:00,10.0,-3.61,early,vol_high,downtrend,adx_gt25,spread_low
run50D_d390h10_logreg_deep_v1,d390h10,validation,66,buy,2025-01-17 17:30:00,2025-01-17 18:20:00,10.0,6.07,early,vol_high,downtrend,adx_gt25,spread_low
run50D_d390h10_logreg_deep_v1,d390h10,validation,67,buy,2025-01-21 16:35:00,2025-01-21 16:40:00,1.0,-5.5,early,vol_low,range_or_weak_trend,adx_lt20,spread_low
run50D_d390h10_logreg_deep_v1,d390h10,validation,68,sell,2025-01-21 16:40:00,2025-01-21 16:45:00,1.0,1.61,early,vol_low,range_or_weak_trend,adx_lt20,spread_low
run50D_d390h10_logreg_deep_v1,d390h10,validation,69,buy,2025-01-21 16:45:00,2025-01-21 17:35:00,10.0,0.18,early,vol_low,range_or_weak_trend,adx_lt20,spread_low
run50D_d390h10_logreg_deep_v1,d390h10,validation,70,buy,2025-01-21 17:40:00,2025-01-21 18:30:00,10.0,0.92,early,feature_missing,feature_missing,feature_missing,spread_low
run50D_d390h10_logreg_deep_v1,d390h10,validation,71,buy,2025-01-21 18:35:00,2025-01-21 19:25:00,10.0,3.18,mid,vol_high,downtrend,adx_gt25,spread_low
run50D_d390h10_logreg_deep_v1,d390h10,validation,72,buy,2025-01-22 16:45:00,2025-01-22 17:35:00,10.0,6.53,early,feature_missing,feature_missing,feature_missing,spread_low
run50D_d390h10_logreg_deep_v1,d390h10,validation,73,sell,2025-01-27 16:35:00,2025-01-27 17:25:00,10.0,-7.86,early,vol_high,downtrend,adx_20_25,spread_low
run50D_d390h10_logreg_deep_v1,d390h10,validation,74,sell,2025-01-27 17:30:00,2025-01-27 18:20:00,10.0,10.27,early,vol_high,downtrend,adx_gt25,spread_low
run50D_d390h10_logreg_deep_v1,d390h10,validation,75,sell,2025-01-27 18:25:00,2025-01-27 19:15:00,10.0,0.47,mid,vol_high,downtrend,adx_gt25,spread_low
run50D_d390h10_logreg_deep_v1,d390h10,validation,76,sell,2025-01-27 19:20:00,2025-01-27 20:10:00,10.0,2.74,mid,vol_high,range_or_weak_trend,adx_lt20,spread_low
run50D_d390h10_logreg_deep_v1,d390h10,validation,77,sell,2025-01-27 20:15:00,2025-01-27 21:05:00,10.0,-1.67,late,vol_high,range_or_weak_trend,adx_lt20,spread_low
run50D_d390h10_logreg_deep_v1,d390h10,validation,78,sell,2025-01-27 21:10:00,2025-01-27 22:00:00,10.0,2.78,late,vol_mid,range_or_weak_trend,adx_lt20,spread_low
run50D_d390h10_logreg_deep_v1,d390h10,validation,79,buy,2025-01-28 16:35:00,2025-01-28 16:45:00,2.0,-7.57,early,vol_mid,downtrend,adx_gt25,spread_low
run50D_d390h10_logreg_deep_v1,d390h10,validation,80,sell,2025-01-28 16:45:00,2025-01-28 16:50:00,1.0,-1.85,early,vol_mid,downtrend,adx_gt25,spread_low
run50D_d390h10_logreg_deep_v1,d390h10,validation,81,buy,2025-01-28 16:50:00,2025-01-28 17:40:00,10.0,23.87,early,vol_mid,downtrend,adx_gt25,spread_low
run50D_d390h10_logreg_deep_v1,d390h10,validation,82,buy,2025-01-28 17:45:00,2025-01-28 18:35:00,10.0,-1.12,early,vol_high,downtrend,adx_gt25,spread_low
run50D_d390h10_logreg_deep_v1,d390h10,validation,83,buy,2025-01-28 18:40:00,2025-01-28 19:30:00,10.0,10.38,mid,vol_high,downtrend,adx_gt25,spread_low
run50D_d390h10_logreg_deep_v1,d390h10,validation,84,sell,2025-01-29 16:35:00,2025-01-29 16:40:00,1.0,-0.83,early,vol_mid,downtrend,adx_gt25,spread_low
run50D_d390h10_logreg_deep_v1,d390h10,validation,85,buy,2025-01-29 16:40:00,2025-01-29 17:30:00,10.0,-4.31,early,vol_mid,downtrend,adx_gt25,spread_low
run50D_d390h10_logreg_deep_v1,d390h10,validation,86,buy,2025-01-29 17:35:00,2025-01-29 18:25:00,10.0,-0.57,early,vol_mid,downtrend,adx_gt25,spread_low
run50D_d390h10_logreg_deep_v1,d390h10,validation,87,buy,2025-01-29 18:30:00,2025-01-29 19:20:00,10.0,3.49,mid,vol_mid,downtrend,adx_gt25,spread_low
run50D_d390h10_logreg_deep_v1,d390h10,validation,88,buy,2025-01-29 19:25:00,2025-01-29 20:05:00,8.0,-15.05,mid,vol_mid,downtrend,adx_gt25,spread_low
run50D_d390h10_logreg_deep_v1,d390h10,validation,89,sell,2025-01-29 20:05:00,2025-01-29 20:10:00,1.0,-7.6,mid,vol_high,downtrend,adx_gt25,spread_low
run50D_d390h10_logreg_deep_v1,d390h10,validation,90,buy,2025-01-29 20:10:00,2025-01-29 21:00:00,10.0,0.61,mid,vol_high,downtrend,adx_gt25,spread_low
run50D_d390h10_logreg_deep_v1,d390h10,validation,91,sell,2025-01-29 21:05:00,2025-01-29 21:45:00,8.0,-11.83,late,vol_high,downtrend,adx_gt25,spread_low
run50D_d390h10_logreg_deep_v1,d390h10,validation,92,buy,2025-01-29 21:45:00,2025-01-30 17:05:00,232.0,4.37,late,vol_high,downtrend,adx_gt25,spread_low
run50D_d390h10_logreg_deep_v1,d390h10,validation,93,buy,2025-01-30 17:10:00,2025-01-30 18:00:00,10.0,-12.87,early,vol_high,range_or_weak_trend,adx_lt20,spread_low
run50D_d390h10_logreg_deep_v1,d390h10,validation,94,buy,2025-01-30 18:05:00,2025-01-30 18:55:00,10.0,12.39,early,vol_high,downtrend,adx_20_25,spread_low
run50D_d390h10_logreg_deep_v1,d390h10,validation,95,buy,2025-01-30 19:00:00,2025-01-30 19:50:00,10.0,-7.35,mid,vol_high,range_or_weak_trend,adx_lt20,spread_low
run50D_d390h10_logreg_deep_v1,d390h10,validation,96,buy,2025-01-30 20:05:00,2025-01-30 20:55:00,10.0,5.09,mid,vol_mid,range_or_weak_trend,adx_lt20,spread_low
run50D_d390h10_logreg_deep_v1,d390h10,validation,97,sell,2025-01-31 16:35:00,2025-01-31 16:40:00,1.0,1.17,early,vol_low,downtrend,adx_20_25,spread_low
run50D_d390h10_logreg_deep_v1,d390h10,validation,98,buy,2025-01-31 16:40:00,2025-01-31 17:30:00,10.0,9.62,early,vol_low,downtrend,adx_20_25,spread_low
run50D_d390h10_logreg_deep_v1,d390h10,validation,99,buy,2025-01-31 17:45:00,2025-01-31 18:35:00,10.0,0.88,early,vol_mid,downtrend,adx_gt25,spread_low
run50D_d390h10_logreg_deep_v1,d390h10,validation,100,buy,2025-01-31 19:15:00,2025-01-31 20:05:00,10.0,0.66,mid,vol_low,downtrend,adx_gt25,spread_low
run50D_d390h10_logreg_deep_v1,d390h10,validation,101,sell,2025-01-31 20:35:00,2025-01-31 21:25:00,10.0,2.38,late,vol_mid,downtrend,adx_20_25,spread_low
run50D_d390h10_logreg_deep_v1,d390h10,validation,102,buy,2025-01-31 21:45:00,2025-02-03 16:35:00,802.0,-40.33,late,vol_high,downtrend,adx_gt25,spread_low
run50D_d390h10_logreg_deep_v1,d390h10,validation,103,sell,2025-02-03 16:35:00,2025-02-03 16:40:00,1.0,-8.27,early,vol_low,range_or_weak_trend,adx_lt20,spread_low
run50D_d390h10_logreg_deep_v1,d390h10,validation,104,buy,2025-02-03 16:40:00,2025-02-03 17:30:00,10.0,4.51,early,vol_mid,range_or_weak_trend,adx_lt20,spread_low
run50D_d390h10_logreg_deep_v1,d390h10,validation,105,buy,2025-02-03 17:35:00,2025-02-03 18:25:00,10.0,6.69,early,vol_high,downtrend,adx_20_25,spread_low
run50D_d390h10_logreg_deep_v1,d390h10,validation,106,buy,2025-02-03 18:30:00,2025-02-03 19:00:00,6.0,-2.32,mid,vol_high,downtrend,adx_gt25,spread_low
run50D_d390h10_logreg_deep_v1,d390h10,validation,107,sell,2025-02-03 19:00:00,2025-02-03 19:05:00,1.0,-0.25,mid,vol_high,downtrend,adx_gt25,spread_low
run50D_d390h10_logreg_deep_v1,d390h10,validation,108,buy,2025-02-03 19:05:00,2025-02-03 19:25:00,4.0,6.23,mid,vol_high,downtrend,adx_20_25,spread_low
run50D_d390h10_logreg_deep_v1,d390h10,validation,109,sell,2025-02-03 19:25:00,2025-02-03 19:30:00,1.0,5.41,mid,vol_mid,downtrend,adx_20_25,spread_low
run50D_d390h10_logreg_deep_v1,d390h10,validation,110,buy,2025-02-03 19:30:00,2025-02-03 19:55:00,5.0,2.56,mid,vol_high,downtrend,adx_20_25,spread_low
run50D_d390h10_logreg_deep_v1,d390h10,validation,111,sell,2025-02-03 19:55:00,2025-02-03 20:10:00,3.0,4.87,mid,vol_high,range_or_weak_trend,adx_lt20,spread_low
run50D_d390h10_logreg_deep_v1,d390h10,validation,112,buy,2025-02-03 20:10:00,2025-02-03 21:00:00,10.0,9.56,mid,vol_high,range_or_weak_trend,adx_lt20,spread_low
run50D_d390h10_logreg_deep_v1,d390h10,validation,113,buy,2025-02-04 16:35:00,2025-02-04 16:40:00,1.0,5.37,early,vol_low,downtrend,adx_20_25,spread_low
run50D_d390h10_logreg_deep_v1,d390h10,validation,114,sell,2025-02-04 16:40:00,2025-02-04 16:45:00,1.0,-0.03,early,vol_low,downtrend,adx_20_25,spread_low
run50D_d390h10_logreg_deep_v1,d390h10,validation,115,buy,2025-02-04 16:45:00,2025-02-04 17:35:00,10.0,13.66,early,vol_low,downtrend,adx_20_25,spread_low
run50D_d390h10_logreg_deep_v1,d390h10,validation,116,buy,2025-02-04 17:40:00,2025-02-04 18:30:00,10.0,1.68,early,vol_mid,downtrend,adx_gt25,spread_low
run50D_d390h10_logreg_deep_v1,d390h10,validation,117,buy,2025-02-04 18:35:00,2025-02-04 19:25:00,10.0,-6.87,mid,vol_mid,downtrend,adx_gt25,spread_low
run50D_d390h10_logreg_deep_v1,d390h10,validation,118,buy,2025-02-05 16:40:00,2025-02-05 17:30:00,10.0,1.14,early,vol_low,downtrend,adx_gt25,spread_low
run50D_d390h10_logreg_deep_v1,d390h10,validation,119,buy,2025-02-06 16:40:00,2025-02-06 17:30:00,10.0,2.69,early,vol_low,range_or_weak_trend,adx_lt20,spread_low
run50D_d390h10_logreg_deep_v1,d390h10,validation,120,sell,2025-02-06 21:35:00,2025-02-07 16:35:00,228.0,-21.6,late,vol_mid,range_or_weak_trend,adx_lt20,spread_low
run50D_d390h10_logreg_deep_v1,d390h10,validation,121,buy,2025-02-07 16:35:00,2025-02-07 17:05:00,6.0,-19.38,early,vol_mid,downtrend,adx_gt25,spread_low
run50D_d390h10_logreg_deep_v1,d390h10,validation,122,sell,2025-02-07 17:05:00,2025-02-07 17:10:00,1.0,-3.12,early,vol_high,downtrend,adx_gt25,spread_low
run50D_d390h10_logreg_deep_v1,d390h10,validation,123,buy,2025-02-07 17:10:00,2025-02-07 17:15:00,1.0,-6.46,early,vol_high,downtrend,adx_gt25,spread_low
run50D_d390h10_logreg_deep_v1,d390h10,validation,124,sell,2025-02-07 17:15:00,2025-02-07 17:20:00,1.0,-2.8,early,vol_high,downtrend,adx_gt25,spread_low
run50D_d390h10_logreg_deep_v1,d390h10,validation,125,buy,2025-02-07 17:20:00,2025-02-07 17:40:00,4.0,1.57,early,vol_high,downtrend,adx_gt25,spread_low
run50D_d390h10_logreg_deep_v1,d390h10,validation,126,sell,2025-02-07 17:40:00,2025-02-07 17:45:00,1.0,1.12,early,vol_high,downtrend,adx_gt25,spread_low
run50D_d390h10_logreg_deep_v1,d390h10,validation,127,buy,2025-02-07 17:45:00,2025-02-07 17:55:00,2.0,-10.4,early,vol_high,downtrend,adx_gt25,spread_low
run50D_d390h10_logreg_deep_v1,d390h10,validation,128,sell,2025-02-07 17:55:00,2025-02-07 18:00:00,1.0,-7.56,early,vol_high,downtrend,adx_gt25,spread_low
run50D_d390h10_logreg_deep_v1,d390h10,validation,129,buy,2025-02-07 18:00:00,2025-02-07 18:50:00,10.0,-8.6,early,vol_high,downtrend,adx_gt25,spread_low
run50D_d390h10_logreg_deep_v1,d390h10,validation,130,buy,2025-02-07 18:55:00,2025-02-07 19:45:00,10.0,2.67,mid,vol_high,downtrend,adx_gt25,spread_low
run50D_d390h10_logreg_deep_v1,d390h10,validation,131,buy,2025-02-07 19:50:00,2025-02-07 20:40:00,10.0,5.01,mid,vol_high,downtrend,adx_gt25,spread_low
run50D_d390h10_logreg_deep_v1,d390h10,validation,132,sell,2025-02-07 20:45:00,2025-02-07 21:35:00,10.0,7.18,late,vol_high,range_or_weak_trend,adx_lt20,spread_low
run50D_d390h10_logreg_deep_v1,d390h10,validation,133,sell,2025-02-07 21:40:00,2025-02-10 17:00:00,808.0,-19.22,late,vol_mid,downtrend,adx_gt25,spread_low
run50D_d390h10_logreg_deep_v1,d390h10,validation,134,buy,2025-02-11 16:35:00,2025-02-11 17:25:00,10.0,3.37,early,vol_mid,downtrend,adx_gt25,spread_low
run50D_d390h10_logreg_deep_v1,d390h10,validation,135,buy,2025-02-12 16:35:00,2025-02-12 17:25:00,10.0,12.57,early,vol_high,downtrend,adx_gt25,spread_low
run50D_d390h10_logreg_deep_v1,d390h10,validation,136,buy,2025-02-12 17:30:00,2025-02-12 18:20:00,10.0,-2.32,early,vol_high,downtrend,adx_gt25,spread_low
run50D_d390h10_logreg_deep_v1,d390h10,validation,137,buy,2025-02-12 18:25:00,2025-02-12 19:15:00,10.0,11.63,mid,vol_high,downtrend,adx_20_25,spread_low
run50D_d390h10_logreg_deep_v1,d390h10,validation,138,buy,2025-02-13 16:35:00,2025-02-13 16:40:00,1.0,-8.31,early,vol_mid,downtrend,adx_gt25,spread_low
run50D_d390h10_logreg_deep_v1,d390h10,validation,139,sell,2025-02-13 16:40:00,2025-02-13 16:45:00,1.0,-3.27,early,vol_high,downtrend,adx_gt25,spread_low
run50D_d390h10_logreg_deep_v1,d390h10,validation,140,buy,2025-02-13 16:45:00,2025-02-13 17:35:00,10.0,10.41,early,vol_high,downtrend,adx_gt25,spread_low
run50D_d390h10_logreg_deep_v1,d390h10,validation,141,buy,2025-02-13 17:40:00,2025-02-13 18:30:00,10.0,-3.02,early,vol_high,downtrend,adx_gt25,spread_low
run50D_d390h10_logreg_deep_v1,d390h10,validation,142,buy,2025-02-14 16:40:00,2025-02-14 17:30:00,10.0,3.44,early,vol_low,downtrend,adx_gt25,spread_low
run50D_d390h10_logreg_deep_v1,d390h10,validation,143,sell,2025-02-18 16:40:00,2025-02-18 17:30:00,10.0,10.46,early,vol_low,downtrend,adx_gt25,spread_low
run50D_d390h10_logreg_deep_v1,d390h10,validation,144,buy,2025-02-19 16:55:00,2025-02-19 17:45:00,10.0,-0.17,early,vol_low,downtrend,adx_gt25,spread_low
run50D_d390h10_logreg_deep_v1,d390h10,validation,145,buy,2025-02-20 16:50:00,2025-02-20 16:55:00,1.0,-7.1,early,vol_low,range_or_weak_trend,adx_lt20,spread_low
run50D_d390h10_logreg_deep_v1,d390h10,validation,146,sell,2025-02-20 16:55:00,2025-02-20 17:45:00,10.0,0.96,early,vol_mid,downtrend,adx_20_25,spread_low
run50D_d390h10_logreg_deep_v1,d390h10,validation,147,sell,2025-02-21 16:35:00,2025-02-21 17:25:00,10.0,12.19,early,vol_low,downtrend,adx_gt25,spread_low
run50D_d390h10_logreg_deep_v1,d390h10,validation,148,sell,2025-02-21 17:30:00,2025-02-21 18:15:00,9.0,-1.12,early,vol_low,downtrend,adx_gt25,spread_low
run50D_d390h10_logreg_deep_v1,d390h10,validation,149,buy,2025-02-21 18:15:00,2025-02-21 19:05:00,10.0,-2.45,early,vol_high,downtrend,adx_gt25,spread_low
run50D_d390h10_logreg_deep_v1,d390h10,validation,150,buy,2025-02-21 19:10:00,2025-02-21 20:00:00,10.0,-11.47,mid,vol_high,downtrend,adx_gt25,spread_low
run50D_d390h10_logreg_deep_v1,d390h10,validation,151,sell,2025-02-21 20:15:00,2025-02-21 21:05:00,10.0,5.31,late,vol_low,downtrend,adx_gt25,spread_low
run50D_d390h10_logreg_deep_v1,d390h10,validation,152,buy,2025-02-21 21:25:00,2025-02-21 21:40:00,3.0,-3.95,late,vol_low,downtrend,adx_gt25,spread_low
run50D_d390h10_logreg_deep_v1,d390h10,validation,153,sell,2025-02-21 21:40:00,2025-02-24 17:00:00,808.0,11.0,late,vol_mid,downtrend,adx_gt25,spread_low
run50D_d390h10_logreg_deep_v1,d390h10,validation,154,sell,2025-02-24 17:05:00,2025-02-24 17:55:00,10.0,2.88,early,vol_high,downtrend,adx_gt25,spread_low
run50D_d390h10_logreg_deep_v1,d390h10,validation,155,buy,2025-02-24 18:00:00,2025-02-24 18:50:00,10.0,10.88,early,vol_high,downtrend,adx_gt25,spread_low
run50D_d390h10_logreg_deep_v1,d390h10,validation,156,buy,2025-02-24 18:55:00,2025-02-24 19:45:00,10.0,5.24,mid,vol_high,downtrend,adx_gt25,spread_low
run50D_d390h10_logreg_deep_v1,d390h10,validation,157,buy,2025-02-24 19:55:00,2025-02-24 20:45:00,10.0,2.96,mid,vol_mid,range_or_weak_trend,adx_lt20,spread_low
run50D_d390h10_logreg_deep_v1,d390h10,validation,158,sell,2025-02-24 21:20:00,2025-02-25 16:40:00,232.0,19.95,late,vol_low,range_or_weak_trend,adx_lt20,spread_low
run50D_d390h10_logreg_deep_v1,d390h10,validation,159,sell,2025-02-25 16:45:00,2025-02-25 17:35:00,10.0,24.26,early,vol_mid,downtrend,adx_20_25,spread_low
run50D_d390h10_logreg_deep_v1,d390h10,validation,160,sell,2025-02-25 17:40:00,2025-02-25 18:15:00,7.0,4.29,early,vol_high,downtrend,adx_gt25,spread_low
run50D_d390h10_logreg_deep_v1,d390h10,validation,161,buy,2025-02-25 18:15:00,2025-02-25 19:05:00,10.0,7.61,early,vol_high,downtrend,adx_gt25,spread_low
run50D_d390h10_logreg_deep_v1,d390h10,validation,162,buy,2025-02-25 19:10:00,2025-02-25 20:00:00,10.0,7.18,mid,vol_high,downtrend,adx_gt25,spread_low
run50D_d390h10_logreg_deep_v1,d390h10,validation,163,buy,2025-02-25 20:05:00,2025-02-25 20:30:00,5.0,-7.65,mid,vol_mid,downtrend,adx_20_25,spread_low
run50D_d390h10_logreg_deep_v1,d390h10,validation,164,sell,2025-02-25 20:30:00,2025-02-25 21:20:00,10.0,1.36,late,vol_mid,downtrend,adx_20_25,spread_low
run50D_d390h10_logreg_deep_v1,d390h10,validation,165,sell,2025-02-25 21:25:00,2025-02-26 16:40:00,231.0,-12.72,late,vol_high,range_or_weak_trend,adx_lt20,spread_low
run50D_d390h10_logreg_deep_v1,d390h10,validation,166,buy,2025-02-26 16:40:00,2025-02-26 17:30:00,10.0,1.62,early,vol_mid,downtrend,adx_gt25,spread_low
run50D_d390h10_logreg_deep_v1,d390h10,validation,167,buy,2025-02-26 17:35:00,2025-02-26 18:25:00,10.0,6.32,early,vol_high,range_or_weak_trend,adx_lt20,spread_low
run50D_d390h10_logreg_deep_v1,d390h10,validation,168,buy,2025-02-26 18:30:00,2025-02-26 19:20:00,10.0,1.46,mid,vol_mid,range_or_weak_trend,adx_lt20,spread_low
run50D_d390h10_logreg_deep_v1,d390h10,validation,169,sell,2025-02-26 20:15:00,2025-02-26 21:05:00,10.0,13.84,late,vol_mid,downtrend,adx_20_25,spread_low
run50D_d390h10_logreg_deep_v1,d390h10,validation,170,sell,2025-02-26 21:10:00,2025-02-26 21:40:00,6.0,-7.1,late,vol_mid,downtrend,adx_gt25,spread_low
run50D_d390h10_logreg_deep_v1,d390h10,validation,171,buy,2025-02-26 21:40:00,2025-02-27 16:55:00,231.0,-8.15,late,vol_mid,downtrend,adx_gt25,spread_low
run50D_d390h10_logreg_deep_v1,d390h10,validation,172,sell,2025-02-27 16:55:00,2025-02-27 17:00:00,1.0,6.41,early,vol_high,downtrend,adx_gt25,spread_low
run50D_d390h10_logreg_deep_v1,d390h10,validation,173,buy,2025-02-27 17:00:00,2025-02-27 17:05:00,1.0,-3.16,early,vol_high,downtrend,adx_gt25,spread_low
run50D_d390h10_logreg_deep_v1,d390h10,validation,174,sell,2025-02-27 17:05:00,2025-02-27 17:25:00,4.0,-14.08,early,vol_high,downtrend,adx_gt25,spread_low
run50D_d390h10_logreg_deep_v1,d390h10,validation,175,buy,2025-02-27 17:25:00,2025-02-27 18:15:00,10.0,0.21,early,vol_high,downtrend,adx_gt25,spread_low
run50D_d390h10_logreg_deep_v1,d390h10,validation,176,buy,2025-02-27 18:20:00,2025-02-27 19:10:00,10.0,-13.66,early,vol_high,downtrend,adx_gt25,spread_low
run50D_d390h10_logreg_deep_v1,d390h10,validation,177,buy,2025-02-27 19:15:00,2025-02-27 20:05:00,10.0,3.78,mid,vol_high,downtrend,adx_gt25,spread_low
run50D_d390h10_logreg_deep_v1,d390h10,validation,178,buy,2025-02-27 20:15:00,2025-02-27 20:55:00,8.0,-0.51,late,vol_high,downtrend,adx_gt25,spread_low
run50D_d390h10_logreg_deep_v1,d390h10,validation,179,sell,2025-02-27 20:55:00,2025-02-27 21:00:00,1.0,3.72,late,feature_missing,feature_missing,feature_missing,spread_low
run50D_d390h10_logreg_deep_v1,d390h10,validation,180,buy,2025-02-27 21:00:00,2025-02-27 21:10:00,2.0,-2.98,late,vol_mid,range_or_weak_trend,adx_lt20,spread_low
run50D_d390h10_logreg_deep_v1,d390h10,validation,181,sell,2025-02-27 21:10:00,2025-02-27 22:00:00,10.0,18.76,late,vol_mid,range_or_weak_trend,adx_lt20,spread_low
run50D_d390h10_logreg_deep_v1,d390h10,validation,182,sell,2025-02-28 16:35:00,2025-02-28 16:40:00,1.0,-11.42,early,vol_high,range_or_weak_trend,adx_lt20,spread_low
run50D_d390h10_logreg_deep_v1,d390h10,validation,183,buy,2025-02-28 16:40:00,2025-02-28 16:45:00,1.0,2.91,early,vol_high,downtrend,adx_20_25,spread_low
run50D_d390h10_logreg_deep_v1,d390h10,validation,184,sell,2025-02-28 16:45:00,2025-02-28 16:50:00,1.0,1.76,early,vol_high,downtrend,adx_20_25,spread_low
run50D_d390h10_logreg_deep_v1,d390h10,validation,185,buy,2025-02-28 16:50:00,2025-02-28 16:55:00,1.0,-0.12,early,vol_high,downtrend,adx_20_25,spread_low
run50D_d390h10_logreg_deep_v1,d390h10,validation,186,sell,2025-02-28 16:55:00,2025-02-28 17:05:00,2.0,-1.85,early,vol_high,downtrend,adx_20_25,spread_low
run50D_d390h10_logreg_deep_v1,d390h10,validation,187,buy,2025-02-28 17:05:00,2025-02-28 17:55:00,10.0,12.53,early,vol_high,downtrend,adx_20_25,spread_low
run50D_d390h10_logreg_deep_v1,d390h10,validation,188,buy,2025-02-28 18:00:00,2025-02-28 18:30:00,6.0,-12.31,early,vol_high,range_or_weak_trend,adx_lt20,spread_low
run50D_d390h10_logreg_deep_v1,d390h10,validation,189,sell,2025-02-28 18:30:00,2025-02-28 19:20:00,10.0,-10.1,mid,vol_high,range_or_weak_trend,adx_lt20,spread_low
run50D_d390h10_logreg_deep_v1,d390h10,validation,190,sell,2025-02-28 19:25:00,2025-02-28 20:15:00,10.0,13.24,mid,vol_high,range_or_weak_trend,adx_lt20,spread_low
run50D_d390h10_logreg_deep_v1,d390h10,validation,191,sell,2025-02-28 20:20:00,2025-02-28 20:50:00,6.0,-13.27,late,vol_high,downtrend,adx_gt25,spread_low
run50D_d390h10_logreg_deep_v1,d390h10,validation,192,buy,2025-02-28 20:50:00,2025-02-28 21:00:00,2.0,-8.82,late,vol_high,downtrend,adx_20_25,spread_low
run50D_d390h10_logreg_deep_v1,d390h10,validation,193,sell,2025-02-28 21:00:00,2025-02-28 21:05:00,1.0,-2.4,late,vol_high,downtrend,adx_20_25,spread_low
run50D_d390h10_logreg_deep_v1,d390h10,validation,194,buy,2025-02-28 21:05:00,2025-02-28 21:10:00,1.0,0.29,late,vol_high,downtrend,adx_20_25,spread_low
run50D_d390h10_logreg_deep_v1,d390h10,validation,195,sell,2025-02-28 21:10:00,2025-02-28 21:40:00,6.0,-10.25,late,vol_high,downtrend,adx_20_25,spread_low
run50D_d390h10_logreg_deep_v1,d390h10,validation,196,buy,2025-02-28 21:40:00,2025-03-03 17:00:00,808.0,16.65,late,vol_high,range_or_weak_trend,adx_lt20,spread_low
run50D_d390h10_logreg_deep_v1,d390h10,validation,197,buy,2025-03-03 17:05:00,2025-03-03 17:55:00,10.0,5.94,early,vol_high,downtrend,adx_gt25,spread_low
run50D_d390h10_logreg_deep_v1,d390h10,validation,198,buy,2025-03-03 18:00:00,2025-03-03 18:50:00,10.0,4.21,early,vol_high,downtrend,adx_20_25,spread_low
run50D_d390h10_logreg_deep_v1,d390h10,validation,199,buy,2025-03-03 18:55:00,2025-03-03 19:45:00,10.0,1.34,mid,vol_high,range_or_weak_trend,adx_lt20,spread_low
run50D_d390h10_logreg_deep_v1,d390h10,validation,200,buy,2025-03-03 19:50:00,2025-03-03 20:15:00,5.0,-18.98,mid,vol_high,range_or_weak_trend,adx_lt20,spread_low
run50D_d390h10_logreg_deep_v1,d390h10,validation,201,sell,2025-03-03 20:15:00,2025-03-03 21:05:00,10.0,-5.07,late,vol_high,range_or_weak_trend,adx_lt20,spread_low
run50D_d390h10_logreg_deep_v1,d390h10,validation,202,buy,2025-03-03 21:10:00,2025-03-03 22:00:00,10.0,-17.17,late,vol_high,downtrend,adx_20_25,spread_low
run50D_d390h10_logreg_deep_v1,d390h10,validation,203,sell,2025-03-04 16:35:00,2025-03-04 16:45:00,2.0,-2.4,early,vol_mid,downtrend,adx_gt25,spread_low
run50D_d390h10_logreg_deep_v1,d390h10,validation,204,buy,2025-03-04 16:45:00,2025-03-04 17:20:00,7.0,-22.88,early,vol_high,downtrend,adx_gt25,spread_low
run50D_d390h10_logreg_deep_v1,d390h10,validation,205,sell,2025-03-04 17:20:00,2025-03-04 17:25:00,1.0,-1.87,early,vol_high,downtrend,adx_gt25,spread_low
run50D_d390h10_logreg_deep_v1,d390h10,validation,206,buy,2025-03-04 17:25:00,2025-03-04 17:30:00,1.0,3.63,early,vol_high,downtrend,adx_gt25,spread_low
run50D_d390h10_logreg_deep_v1,d390h10,validation,207,sell,2025-03-04 17:30:00,2025-03-04 17:35:00,1.0,-5.28,early,vol_high,downtrend,adx_gt25,spread_low
run50D_d390h10_logreg_deep_v1,d390h10,validation,208,buy,2025-03-04 17:35:00,2025-03-04 17:40:00,1.0,-2.0,early,vol_high,downtrend,adx_gt25,spread_low
run50D_d390h10_logreg_deep_v1,d390h10,validation,209,sell,2025-03-04 17:40:00,2025-03-04 17:45:00,1.0,-4.32,early,vol_high,downtrend,adx_gt25,spread_low
run50D_d390h10_logreg_deep_v1,d390h10,validation,210,buy,2025-03-04 17:45:00,2025-03-04 18:35:00,10.0,-5.73,early,vol_high,downtrend,adx_gt25,spread_low
run50D_d390h10_logreg_deep_v1,d390h10,validation,211,buy,2025-03-04 18:40:00,2025-03-04 19:30:00,10.0,20.52,mid,vol_high,range_or_weak_trend,adx_lt20,spread_low
run50D_d390h10_logreg_deep_v1,d390h10,validation,212,buy,2025-03-04 19:35:00,2025-03-04 20:05:00,6.0,-1.75,mid,vol_high,downtrend,adx_20_25,spread_low
run50D_d390h10_logreg_deep_v1,d390h10,validation,213,sell,2025-03-04 20:05:00,2025-03-04 20:10:00,1.0,-7.07,mid,vol_high,downtrend,adx_20_25,spread_low
run50D_d390h10_logreg_deep_v1,d390h10,validation,214,buy,2025-03-04 20:10:00,2025-03-04 20:15:00,1.0,5.92,mid,vol_high,downtrend,adx_gt25,spread_low
run50D_d390h10_logreg_deep_v1,d390h10,validation,215,sell,2025-03-04 20:15:00,2025-03-04 20:25:00,2.0,8.02,late,vol_high,downtrend,adx_gt25,spread_low
run50D_d390h10_logreg_deep_v1,d390h10,validation,216,buy,2025-03-04 20:25:00,2025-03-04 20:30:00,1.0,-2.07,late,vol_high,downtrend,adx_gt25,spread_low
run50D_d390h10_logreg_deep_v1,d390h10,validation,217,sell,2025-03-04 20:30:00,2025-03-04 21:20:00,10.0,-17.97,late,vol_high,downtrend,adx_gt25,spread_low
run50D_d390h10_logreg_deep_v1,d390h10,validation,218,sell,2025-03-04 21:25:00,2025-03-05 16:35:00,230.0,19.01,late,vol_high,downtrend,adx_gt25,spread_low
run50D_d390h10_logreg_deep_v1,d390h10,validation,219,buy,2025-03-05 16:35:00,2025-03-05 17:25:00,10.0,-7.5,early,vol_high,downtrend,adx_gt25,spread_low
run50D_d390h10_logreg_deep_v1,d390h10,validation,220,buy,2025-03-05 17:30:00,2025-03-05 18:20:00,10.0,-5.58,early,vol_high,downtrend,adx_gt25,spread_low
run50D_d390h10_logreg_deep_v1,d390h10,validation,221,buy,2025-03-05 18:25:00,2025-03-05 19:15:00,10.0,6.73,mid,vol_high,downtrend,adx_gt25,spread_low
run50D_d390h10_logreg_deep_v1,d390h10,validation,222,buy,2025-03-05 19:20:00,2025-03-05 20:10:00,10.0,6.96,mid,vol_high,downtrend,adx_gt25,spread_low
run50D_d390h10_logreg_deep_v1,d390h10,validation,223,buy,2025-03-05 20:15:00,2025-03-05 20:40:00,5.0,-0.82,late,vol_high,downtrend,adx_gt25,spread_low
run50D_d390h10_logreg_deep_v1,d390h10,validation,224,sell,2025-03-05 20:40:00,2025-03-05 21:20:00,8.0,-13.53,late,vol_high,downtrend,adx_20_25,spread_low
run50D_d390h10_logreg_deep_v1,d390h10,validation,225,buy,2025-03-05 21:20:00,2025-03-06 16:35:00,231.0,-37.3,late,vol_high,downtrend,adx_20_25,spread_low
run50D_d390h10_logreg_deep_v1,d390h10,validation,226,sell,2025-03-06 16:35:00,2025-03-06 16:45:00,2.0,3.09,early,vol_mid,downtrend,adx_gt25,spread_low
run50D_d390h10_logreg_deep_v1,d390h10,validation,227,buy,2025-03-06 16:45:00,2025-03-06 16:55:00,2.0,5.23,early,vol_mid,downtrend,adx_gt25,spread_low
run50D_d390h10_logreg_deep_v1,d390h10,validation,228,sell,2025-03-06 16:55:00,2025-03-06 17:00:00,1.0,1.77,early,vol_high,downtrend,adx_gt25,spread_low
run50D_d390h10_logreg_deep_v1,d390h10,validation,229,buy,2025-03-06 17:00:00,2025-03-06 17:50:00,10.0,17.54,early,vol_high,downtrend,adx_gt25,spread_low
run50D_d390h10_logreg_deep_v1,d390h10,validation,230,buy,2025-03-06 17:55:00,2025-03-06 18:45:00,10.0,-6.7,early,vol_high,downtrend,adx_20_25,spread_low
run50D_d390h10_logreg_deep_v1,d390h10,validation,231,buy,2025-03-06 18:50:00,2025-03-06 18:55:00,1.0,-3.58,mid,vol_high,range_or_weak_trend,adx_lt20,spread_low
run50D_d390h10_logreg_deep_v1,d390h10,validation,232,sell,2025-03-06 18:55:00,2025-03-06 19:45:00,10.0,12.57,mid,vol_high,range_or_weak_trend,adx_lt20,spread_low
run50D_d390h10_logreg_deep_v1,d390h10,validation,233,sell,2025-03-06 19:50:00,2025-03-06 20:40:00,10.0,2.22,mid,vol_high,downtrend,adx_gt25,spread_low
run50D_d390h10_logreg_deep_v1,d390h10,validation,234,sell,2025-03-06 20:45:00,2025-03-06 21:35:00,10.0,4.68,late,vol_high,downtrend,adx_gt25,spread_low
run50D_d390h10_logreg_deep_v1,d390h10,validation,235,sell,2025-03-06 21:40:00,2025-03-07 16:35:00,227.0,-7.63,late,vol_high,downtrend,adx_gt25,spread_low
run50D_d390h10_logreg_deep_v1,d390h10,validation,236,buy,2025-03-07 16:35:00,2025-03-07 17:25:00,10.0,0.97,early,vol_high,downtrend,adx_gt25,spread_low
run50D_d390h10_logreg_deep_v1,d390h10,validation,237,buy,2025-03-07 17:30:00,2025-03-07 18:20:00,10.0,-13.66,early,vol_high,range_or_weak_trend,adx_lt20,spread_low
run50D_d390h10_logreg_deep_v1,d390h10,validation,238,buy,2025-03-07 18:25:00,2025-03-07 18:45:00,4.0,-8.2,mid,vol_high,downtrend,adx_20_25,spread_low
run50D_d390h10_logreg_deep_v1,d390h10,validation,239,sell,2025-03-07 18:45:00,2025-03-07 19:25:00,8.0,-1.97,mid,vol_high,downtrend,adx_gt25,spread_low
run50D_d390h10_logreg_deep_v1,d390h10,validation,240,buy,2025-03-07 19:25:00,2025-03-07 19:30:00,1.0,2.49,mid,vol_high,downtrend,adx_gt25,spread_low
run50D_d390h10_logreg_deep_v1,d390h10,validation,241,sell,2025-03-07 19:30:00,2025-03-07 19:35:00,1.0,-6.15,mid,vol_high,downtrend,adx_gt25,spread_low
run50D_d390h10_logreg_deep_v1,d390h10,validation,242,buy,2025-03-07 19:35:00,2025-03-07 20:25:00,10.0,11.39,mid,vol_high,downtrend,adx_gt25,spread_low
run50D_d390h10_logreg_deep_v1,d390h10,validation,243,buy,2025-03-07 20:30:00,2025-03-07 21:20:00,10.0,15.12,late,vol_high,range_or_weak_trend,adx_lt20,spread_low
run50D_d390h10_logreg_deep_v1,d390h10,validation,244,buy,2025-03-07 21:25:00,2025-03-07 21:30:00,1.0,-1.83,late,vol_high,downtrend,adx_20_25,spread_low
run50D_d390h10_logreg_deep_v1,d390h10,validation,245,sell,2025-03-07 21:30:00,2025-03-07 21:35:00,1.0,-0.12,late,vol_high,downtrend,adx_20_25,spread_low
run50D_d390h10_logreg_deep_v1,d390h10,validation,246,buy,2025-03-07 21:35:00,2025-03-07 21:40:00,1.0,0.03,late,vol_high,downtrend,adx_20_25,spread_low
run50D_d390h10_logreg_deep_v1,d390h10,validation,247,sell,2025-03-07 21:40:00,2025-03-07 21:45:00,1.0,4.57,late,vol_high,downtrend,adx_20_25,spread_low
run50D_d390h10_logreg_deep_v1,d390h10,validation,248,buy,2025-03-07 21:45:00,2025-03-07 21:50:00,1.0,-3.18,late,vol_high,downtrend,adx_20_25,spread_low
run50D_d390h10_logreg_deep_v1,d390h10,validation,249,sell,2025-03-07 21:50:00,2025-03-10 15:35:00,789.0,18.03,late,vol_high,downtrend,adx_20_25,spread_low
run50D_d390h10_logreg_deep_v1,d390h10,validation,250,buy,2025-03-10 15:35:00,2025-03-10 16:10:00,7.0,-8.55,early,feature_missing,feature_missing,feature_missing,spread_low
run50D_d390h10_logreg_deep_v1,d390h10,validation,251,sell,2025-03-10 16:10:00,2025-03-10 17:00:00,10.0,-1.0,early,feature_missing,feature_missing,feature_missing,spread_low
run50D_d390h10_logreg_deep_v1,d390h10,validation,252,sell,2025-03-10 17:05:00,2025-03-10 17:40:00,7.0,5.05,early,feature_missing,feature_missing,feature_missing,spread_low
run50D_d390h10_logreg_deep_v1,d390h10,validation,253,buy,2025-03-10 17:40:00,2025-03-10 18:15:00,7.0,-12.11,mid,vol_mid,downtrend,adx_gt25,spread_low
run50D_d390h10_logreg_deep_v1,d390h10,validation,254,sell,2025-03-10 18:15:00,2025-03-10 19:05:00,10.0,15.13,mid,vol_high,downtrend,adx_gt25,spread_low
run50D_d390h10_logreg_deep_v1,d390h10,validation,255,sell,2025-03-10 19:10:00,2025-03-10 19:25:00,3.0,-0.72,mid,vol_high,downtrend,adx_gt25,spread_low
run50D_d390h10_logreg_deep_v1,d390h10,validation,256,buy,2025-03-10 19:25:00,2025-03-10 20:15:00,10.0,-0.76,late,vol_high,downtrend,adx_gt25,spread_low
run50D_d390h10_logreg_deep_v1,d390h10,validation,257,buy,2025-03-10 20:20:00,2025-03-10 20:30:00,2.0,2.92,late,vol_high,downtrend,adx_gt25,spread_low
run50D_d390h10_logreg_deep_v1,d390h10,validation,258,sell,2025-03-10 20:30:00,2025-03-10 20:45:00,3.0,4.23,late,vol_high,downtrend,adx_gt25,spread_low
run50D_d390h10_logreg_deep_v1,d390h10,validation,259,buy,2025-03-10 20:45:00,2025-03-10 20:50:00,1.0,1.08,late,vol_high,downtrend,adx_gt25,spread_low
run50D_d390h10_logreg_deep_v1,d390h10,validation,260,sell,2025-03-10 20:50:00,2025-03-11 15:35:00,225.0,-0.95,late,vol_high,downtrend,adx_gt25,spread_low
run50D_d390h10_logreg_deep_v1,d390h10,validation,261,buy,2025-03-11 15:35:00,2025-03-11 16:15:00,8.0,-8.23,early,feature_missing,feature_missing,feature_missing,spread_low
run50D_d390h10_logreg_deep_v1,d390h10,validation,262,sell,2025-03-11 16:15:00,2025-03-11 16:20:00,1.0,-3.64,early,feature_missing,feature_missing,feature_missing,spread_low
run50D_d390h10_logreg_deep_v1,d390h10,validation,263,buy,2025-03-11 16:20:00,2025-03-11 16:55:00,7.0,-6.39,early,feature_missing,feature_missing,feature_missing,spread_low
run50D_d390h10_logreg_deep_v1,d390h10,validation,264,sell,2025-03-11 16:55:00,2025-03-11 17:05:00,2.0,-2.29,early,feature_missing,feature_missing,feature_missing,spread_low
run50D_d390h10_logreg_deep_v1,d390h10,validation,265,buy,2025-03-11 17:05:00,2025-03-11 17:35:00,6.0,-4.61,early,feature_missing,feature_missing,feature_missing,spread_low
run50D_d390h10_logreg_deep_v1,d390h10,validation,266,sell,2025-03-11 17:35:00,2025-03-11 17:40:00,1.0,-11.63,mid,vol_mid,downtrend,adx_gt25,spread_low
run50D_d390h10_logreg_deep_v1,d390h10,validation,267,buy,2025-03-11 17:40:00,2025-03-11 18:30:00,10.0,-21.68,mid,vol_high,downtrend,adx_gt25,spread_low
run50D_d390h10_logreg_deep_v1,d390h10,validation,268,buy,2025-03-11 18:35:00,2025-03-11 19:25:00,10.0,8.98,mid,vol_high,downtrend,adx_gt25,spread_low
run50D_d390h10_logreg_deep_v1,d390h10,validation,269,buy,2025-03-11 19:30:00,2025-03-11 20:20:00,10.0,-6.26,late,vol_high,downtrend,adx_gt25,spread_low
run50D_d390h10_logreg_deep_v1,d390h10,validation,270,buy,2025-03-11 20:25:00,2025-03-11 20:40:00,3.0,-1.47,late,vol_high,range_or_weak_trend,adx_lt20,spread_low
run50D_d390h10_logreg_deep_v1,d390h10,validation,271,sell,2025-03-11 20:40:00,2025-03-11 20:45:00,1.0,1.19,late,vol_high,range_or_weak_trend,adx_lt20,spread_low
run50D_d390h10_logreg_deep_v1,d390h10,validation,272,buy,2025-03-11 20:45:00,2025-03-11 20:50:00,1.0,1.69,late,vol_high,range_or_weak_trend,adx_lt20,spread_low
run50D_d390h10_logreg_deep_v1,d390h10,validation,273,sell,2025-03-11 20:50:00,2025-03-11 20:55:00,1.0,4.64,late,vol_high,range_or_weak_trend,adx_lt20,spread_low
run50D_d390h10_logreg_deep_v1,d390h10,validation,274,buy,2025-03-11 20:55:00,2025-03-11 21:00:00,1.0,-0.97,late,vol_high,range_or_weak_trend,adx_lt20,spread_low
run50D_d390h10_logreg_deep_v1,d390h10,validation,275,sell,2025-03-11 21:00:00,2025-03-12 15:35:00,223.0,-28.65,late,vol_high,downtrend,adx_20_25,spread_low
run50D_d390h10_logreg_deep_v1,d390h10,validation,276,buy,2025-03-12 15:35:00,2025-03-12 16:25:00,10.0,-1.42,early,feature_missing,feature_missing,feature_missing,spread_low
run50D_d390h10_logreg_deep_v1,d390h10,validation,277,buy,2025-03-12 16:30:00,2025-03-12 17:20:00,10.0,7.06,early,feature_missing,feature_missing,feature_missing,spread_low
run50D_d390h10_logreg_deep_v1,d390h10,validation,278,buy,2025-03-12 17:25:00,2025-03-12 18:15:00,10.0,-3.79,mid,feature_missing,feature_missing,feature_missing,spread_low
run50D_d390h10_logreg_deep_v1,d390h10,validation,279,buy,2025-03-12 18:20:00,2025-03-12 19:10:00,10.0,-20.57,mid,vol_high,downtrend,adx_gt25,spread_low
run50D_d390h10_logreg_deep_v1,d390h10,validation,280,buy,2025-03-12 19:15:00,2025-03-12 20:05:00,10.0,17.09,late,vol_high,downtrend,adx_gt25,spread_low
run50D_d390h10_logreg_deep_v1,d390h10,validation,281,buy,2025-03-12 20:10:00,2025-03-12 21:00:00,10.0,-2.47,late,vol_high,range_or_weak_trend,adx_lt20,spread_low
run50D_d390h10_logreg_deep_v1,d390h10,validation,282,sell,2025-03-13 15:35:00,2025-03-13 16:25:00,10.0,3.32,early,feature_missing,feature_missing,feature_missing,spread_low
run50D_d390h10_logreg_deep_v1,d390h10,validation,283,buy,2025-03-13 16:35:00,2025-03-13 17:25:00,10.0,1.39,early,feature_missing,feature_missing,feature_missing,spread_low
run50D_d390h10_logreg_deep_v1,d390h10,validation,284,buy,2025-03-13 17:40:00,2025-03-13 18:30:00,10.0,-6.68,mid,vol_mid,downtrend,adx_20_25,spread_low
run50D_d390h10_logreg_deep_v1,d390h10,validation,285,buy,2025-03-13 18:35:00,2025-03-13 19:25:00,10.0,-9.87,mid,vol_high,downtrend,adx_20_25,spread_low
run50D_d390h10_logreg_deep_v1,d390h10,validation,286,buy,2025-03-13 19:30:00,2025-03-13 20:20:00,10.0,-4.35,late,vol_high,downtrend,adx_gt25,spread_low
run50D_d390h10_logreg_deep_v1,d390h10,validation,287,buy,2025-03-13 20:35:00,2025-03-14 15:55:00,232.0,10.78,late,vol_high,downtrend,adx_gt25,spread_low
run50D_d390h10_logreg_deep_v1,d390h10,validation,288,buy,2025-03-14 16:00:00,2025-03-14 16:50:00,10.0,3.42,early,feature_missing,feature_missing,feature_missing,spread_low
run50D_d390h10_logreg_deep_v1,d390h10,validation,289,buy,2025-03-14 16:55:00,2025-03-14 17:45:00,10.0,7.7,early,feature_missing,feature_missing,feature_missing,spread_low
run50D_d390h10_logreg_deep_v1,d390h10,validation,290,buy,2025-03-14 17:50:00,2025-03-14 18:40:00,10.0,-4.95,mid,vol_mid,downtrend,adx_gt25,spread_low
run50D_d390h10_logreg_deep_v1,d390h10,validation,291,buy,2025-03-14 18:45:00,2025-03-14 19:35:00,10.0,11.24,mid,vol_high,downtrend,adx_20_25,spread_low
run50D_d390h10_logreg_deep_v1,d390h10,validation,292,buy,2025-03-14 19:50:00,2025-03-14 20:40:00,10.0,-1.73,late,vol_high,downtrend,adx_20_25,spread_low
run50D_d390h10_logreg_deep_v1,d390h10,validation,293,sell,2025-03-17 15:35:00,2025-03-17 15:40:00,1.0,-1.14,early,feature_missing,feature_missing,feature_missing,spread_low
run50D_d390h10_logreg_deep_v1,d390h10,validation,294,buy,2025-03-17 15:40:00,2025-03-17 16:30:00,10.0,-4.8,early,feature_missing,feature_missing,feature_missing,spread_low
run50D_d390h10_logreg_deep_v1,d390h10,validation,295,buy,2025-03-17 16:35:00,2025-03-17 17:25:00,10.0,1.96,early,vol_high,downtrend,adx_gt25,spread_low
run50D_d390h10_logreg_deep_v1,d390h10,validation,296,buy,2025-03-17 17:30:00,2025-03-17 18:20:00,10.0,1.03,mid,vol_high,downtrend,adx_20_25,spread_low
run50D_d390h10_logreg_deep_v1,d390h10,validation,297,buy,2025-03-17 18:25:00,2025-03-17 19:15:00,10.0,1.14,mid,vol_high,downtrend,adx_20_25,spread_low
run50D_d390h10_logreg_deep_v1,d390h10,validation,298,buy,2025-03-17 19:20:00,2025-03-17 20:10:00,10.0,0.51,late,vol_high,downtrend,adx_20_25,spread_low
run50D_d390h10_logreg_deep_v1,d390h10,validation,299,buy,2025-03-18 15:35:00,2025-03-18 16:25:00,10.0,-7.84,early,feature_missing,feature_missing,feature_missing,spread_low
run50D_d390h10_logreg_deep_v1,d390h10,validation,300,sell,2025-03-18 16:35:00,2025-03-18 17:25:00,10.0,14.29,early,vol_mid,downtrend,adx_20_25,spread_low
run50D_d390h10_logreg_deep_v1,d390h10,validation,301,buy,2025-03-18 17:30:00,2025-03-18 18:20:00,10.0,-2.77,mid,vol_high,downtrend,adx_gt25,spread_low
run50D_d390h10_logreg_deep_v1,d390h10,validation,302,buy,2025-03-18 18:25:00,2025-03-18 19:15:00,10.0,6.06,mid,vol_high,downtrend,adx_gt25,spread_low
run50D_d390h10_logreg_deep_v1,d390h10,validation,303,buy,2025-03-18 19:20:00,2025-03-18 20:10:00,10.0,0.93,late,vol_high,downtrend,adx_gt25,spread_low
run50D_d390h10_logreg_deep_v1,d390h10,validation,304,buy,2025-03-18 20:20:00,2025-03-19 15:40:00,232.0,5.23,late,vol_high,range_or_weak_trend,adx_lt20,spread_low
run50D_d390h10_logreg_deep_v1,d390h10,validation,305,buy,2025-03-19 15:50:00,2025-03-19 16:40:00,10.0,-0.01,early,feature_missing,feature_missing,feature_missing,spread_low
run50D_d390h10_logreg_deep_v1,d390h10,validation,306,buy,2025-03-20 15:35:00,2025-03-20 16:25:00,10.0,-4.72,early,feature_missing,feature_missing,feature_missing,spread_low
run50D_d390h10_logreg_deep_v1,d390h10,validation,307,buy,2025-03-20 16:30:00,2025-03-20 17:20:00,10.0,24.62,early,feature_missing,feature_missing,feature_missing,spread_low
run50D_d390h10_logreg_deep_v1,d390h10,validation,308,buy,2025-03-20 17:25:00,2025-03-20 18:15:00,10.0,-1.42,mid,vol_high,downtrend,adx_gt25,spread_low
run50D_d390h10_logreg_deep_v1,d390h10,validation,309,buy,2025-03-20 18:20:00,2025-03-20 19:05:00,9.0,-3.08,mid,vol_high,downtrend,adx_gt25,spread_low
run50D_d390h10_logreg_deep_v1,d390h10,validation,310,sell,2025-03-20 19:05:00,2025-03-20 19:55:00,10.0,9.36,mid,vol_high,downtrend,adx_20_25,spread_low
run50D_d390h10_logreg_deep_v1,d390h10,validation,311,sell,2025-03-20 20:00:00,2025-03-20 20:50:00,10.0,0.01,late,vol_high,downtrend,adx_gt25,spread_low
run50D_d390h10_logreg_deep_v1,d390h10,validation,312,buy,2025-03-21 15:35:00,2025-03-21 15:40:00,1.0,-2.54,early,feature_missing,feature_missing,feature_missing,spread_low
run50D_d390h10_logreg_deep_v1,d390h10,validation,313,sell,2025-03-21 15:40:00,2025-03-21 16:30:00,10.0,9.1,early,feature_missing,feature_missing,feature_missing,spread_low
run50D_d390h10_logreg_deep_v1,d390h10,validation,314,sell,2025-03-21 16:35:00,2025-03-21 16:45:00,2.0,-2.83,early,vol_mid,downtrend,adx_gt25,spread_low
run50D_d390h10_logreg_deep_v1,d390h10,validation,315,buy,2025-03-21 16:45:00,2025-03-21 17:35:00,10.0,6.07,early,vol_high,downtrend,adx_gt25,spread_low
run50D_d390h10_logreg_deep_v1,d390h10,validation,316,buy,2025-03-21 17:45:00,2025-03-21 18:35:00,10.0,-0.86,mid,vol_high,downtrend,adx_20_25,spread_low
run50D_d390h10_logreg_deep_v1,d390h10,validation,317,sell,2025-03-21 18:50:00,2025-03-21 19:40:00,10.0,-13.61,mid,vol_high,range_or_weak_trend,adx_lt20,spread_low
run50D_d390h10_logreg_deep_v1,d390h10,validation,318,sell,2025-03-21 20:30:00,2025-03-24 15:35:00,805.0,-44.88,late,vol_high,range_or_weak_trend,adx_lt20,spread_low
run50D_d390h10_logreg_deep_v1,d390h10,validation,319,buy,2025-03-24 15:35:00,2025-03-24 16:25:00,10.0,-0.2,early,feature_missing,feature_missing,feature_missing,spread_low
run50D_d390h10_logreg_deep_v1,d390h10,validation,320,buy,2025-03-24 16:50:00,2025-03-24 17:40:00,10.0,0.48,early,vol_mid,downtrend,adx_gt25,spread_low
run50D_d390h10_logreg_deep_v1,d390h10,validation,321,buy,2025-03-25 15:40:00,2025-03-25 16:30:00,10.0,-3.5,early,feature_missing,feature_missing,feature_missing,spread_low
run50D_d390h10_logreg_deep_v1,d390h10,validation,322,buy,2025-03-26 15:40:00,2025-03-26 16:30:00,10.0,-1.83,early,feature_missing,feature_missing,feature_missing,spread_low
run50D_d390h10_logreg_deep_v1,d390h10,validation,323,sell,2025-03-26 17:00:00,2025-03-26 17:50:00,10.0,5.49,early,vol_mid,downtrend,adx_gt25,spread_low
run50D_d390h10_logreg_deep_v1,d390h10,validation,324,sell,2025-03-27 15:35:00,2025-03-27 15:45:00,2.0,0.15,early,feature_missing,feature_missing,feature_missing,spread_low
run50D_d390h10_logreg_deep_v1,d390h10,validation,325,buy,2025-03-27 15:45:00,2025-03-27 16:35:00,10.0,-8.17,early,feature_missing,feature_missing,feature_missing,spread_low
run50D_d390h10_logreg_deep_v1,d390h10,validation,326,sell,2025-03-27 16:40:00,2025-03-27 16:50:00,2.0,-6.5,early,vol_low,downtrend,adx_20_25,spread_low
run50D_d390h10_logreg_deep_v1,d390h10,validation,327,buy,2025-03-27 16:50:00,2025-03-27 17:40:00,10.0,13.48,early,vol_mid,downtrend,adx_gt25,spread_low
run50D_d390h10_logreg_deep_v1,d390h10,validation,328,buy,2025-03-27 17:45:00,2025-03-27 18:35:00,10.0,-6.32,mid,vol_high,range_or_weak_trend,adx_lt20,spread_low
run50D_d390h10_logreg_deep_v1,d390h10,validation,329,sell,2025-03-27 19:00:00,2025-03-27 19:50:00,10.0,-0.1,mid,vol_high,downtrend,adx_20_25,spread_low
run50D_d390h10_logreg_deep_v1,d390h10,validation,330,sell,2025-03-28 15:35:00,2025-03-28 16:25:00,10.0,-4.37,early,feature_missing,feature_missing,feature_missing,spread_low
run50D_d390h10_logreg_deep_v1,d390h10,validation,331,buy,2025-03-28 16:40:00,2025-03-28 17:25:00,9.0,-22.38,early,vol_high,downtrend,adx_20_25,spread_low
run50D_d390h10_logreg_deep_v1,d390h10,validation,332,sell,2025-03-28 17:25:00,2025-03-28 18:15:00,10.0,7.71,mid,vol_high,downtrend,adx_gt25,spread_low
run50D_d390h10_logreg_deep_v1,d390h10,validation,333,sell,2025-03-28 18:20:00,2025-03-28 18:35:00,3.0,-3.7,mid,vol_high,downtrend,adx_gt25,spread_low
run50D_d390h10_logreg_deep_v1,d390h10,validation,334,buy,2025-03-28 18:35:00,2025-03-28 19:25:00,10.0,-12.8,mid,vol_high,downtrend,adx_gt25,spread_low
run50D_d390h10_logreg_deep_v1,d390h10,validation,335,sell,2025-03-28 19:35:00,2025-03-28 20:25:00,10.0,5.67,late,vol_high,downtrend,adx_gt25,spread_low
run50D_d390h10_logreg_deep_v1,d390h10,validation,336,sell,2025-03-28 20:30:00,2025-03-31 16:50:00,820.0,42.42,late,vol_mid,downtrend,adx_gt25,spread_low
run50D_d390h10_logreg_deep_v1,d390h10,validation,337,sell,2025-03-31 16:55:00,2025-03-31 17:35:00,8.0,-8.32,early,vol_high,downtrend,adx_gt25,spread_low
run50D_d390h10_logreg_deep_v1,d390h10,validation,338,buy,2025-03-31 17:35:00,2025-03-31 18:25:00,10.0,5.82,early,vol_high,downtrend,adx_gt25,spread_low
run50D_d390h10_logreg_deep_v1,d390h10,validation,339,buy,2025-03-31 18:30:00,2025-03-31 19:20:00,10.0,4.49,mid,vol_high,range_or_weak_trend,adx_lt20,spread_low
run50D_d390h10_logreg_deep_v1,d390h10,validation,340,sell,2025-03-31 19:30:00,2025-03-31 19:50:00,4.0,2.82,mid,vol_high,downtrend,adx_20_25,spread_low
run50D_d390h10_logreg_deep_v1,d390h10,validation,341,buy,2025-03-31 19:50:00,2025-03-31 20:00:00,2.0,-4.06,mid,vol_high,downtrend,adx_20_25,spread_low
run50D_d390h10_logreg_deep_v1,d390h10,validation,342,sell,2025-03-31 20:00:00,2025-03-31 20:50:00,10.0,-1.1,mid,vol_high,downtrend,adx_20_25,spread_low
run50D_d390h10_logreg_deep_v1,d390h10,validation,343,sell,2025-03-31 20:55:00,2025-03-31 21:45:00,10.0,-12.93,late,vol_high,range_or_weak_trend,adx_lt20,spread_low
run50D_d390h10_logreg_deep_v1,d390h10,validation,344,buy,2025-04-01 16:35:00,2025-04-01 17:25:00,10.0,-3.41,early,vol_low,downtrend,adx_20_25,spread_low
run50D_d390h10_logreg_deep_v1,d390h10,validation,345,buy,2025-04-01 17:30:00,2025-04-01 18:20:00,10.0,23.86,early,vol_high,downtrend,adx_20_25,spread_low
run50D_d390h10_logreg_deep_v1,d390h10,validation,346,buy,2025-04-01 18:25:00,2025-04-01 19:15:00,10.0,1.17,mid,vol_high,downtrend,adx_gt25,spread_low
run50D_d390h10_logreg_deep_v1,d390h10,validation,347,buy,2025-04-01 19:25:00,2025-04-01 20:15:00,10.0,-4.17,mid,vol_mid,downtrend,adx_gt25,spread_low
run50D_d390h10_logreg_deep_v1,d390h10,validation,348,buy,2025-04-01 21:00:00,2025-04-01 21:50:00,10.0,-10.85,late,vol_high,range_or_weak_trend,adx_lt20,spread_low
run50D_d390h10_logreg_deep_v1,d390h10,validation,349,buy,2025-04-02 16:35:00,2025-04-02 17:25:00,10.0,18.04,early,vol_high,downtrend,adx_gt25,spread_low
run50D_d390h10_logreg_deep_v1,d390h10,validation,350,buy,2025-04-02 17:30:00,2025-04-02 18:20:00,10.0,2.19,early,vol_high,downtrend,adx_gt25,spread_low
run50D_d390h10_logreg_deep_v1,d390h10,validation,351,buy,2025-04-02 18:25:00,2025-04-02 19:15:00,10.0,4.58,mid,vol_high,downtrend,adx_gt25,spread_low
run50D_d390h10_logreg_deep_v1,d390h10,validation,352,buy,2025-04-02 19:40:00,2025-04-02 20:30:00,10.0,7.71,mid,vol_high,downtrend,adx_gt25,spread_low
run50D_d390h10_logreg_deep_v1,d390h10,validation,353,buy,2025-04-02 20:35:00,2025-04-02 21:10:00,7.0,-13.1,late,vol_mid,downtrend,adx_gt25,spread_low
run50D_d390h10_logreg_deep_v1,d390h10,validation,354,sell,2025-04-02 21:10:00,2025-04-02 22:00:00,10.0,7.79,late,vol_mid,downtrend,adx_gt25,spread_low
run50D_d390h10_logreg_deep_v1,d390h10,validation,355,buy,2025-04-03 16:35:00,2025-04-03 17:25:00,10.0,-18.26,early,vol_high,downtrend,adx_gt25,spread_low
run50D_d390h10_logreg_deep_v1,d390h10,validation,356,buy,2025-04-03 17:30:00,2025-04-03 18:00:00,6.0,-15.65,early,vol_high,downtrend,adx_20_25,spread_low
run50D_d390h10_logreg_deep_v1,d390h10,validation,357,sell,2025-04-03 18:00:00,2025-04-03 18:45:00,9.0,-14.55,early,vol_high,range_or_weak_trend,adx_lt20,spread_low
run50D_d390h10_logreg_deep_v1,d390h10,validation,358,buy,2025-04-03 18:45:00,2025-04-03 19:35:00,10.0,-1.0,mid,vol_high,range_or_weak_trend,adx_lt20,spread_low
run50D_d390h10_logreg_deep_v1,d390h10,validation,359,buy,2025-04-03 19:40:00,2025-04-03 19:50:00,2.0,2.77,mid,vol_high,range_or_weak_trend,adx_lt20,spread_low
run50D_d390h10_logreg_deep_v1,d390h10,validation,360,sell,2025-04-03 19:50:00,2025-04-03 20:40:00,10.0,5.73,mid,vol_high,range_or_weak_trend,adx_lt20,spread_low
run50D_d390h10_logreg_deep_v1,d390h10,validation,361,sell,2025-04-03 20:45:00,2025-04-03 21:35:00,10.0,11.21,late,vol_high,range_or_weak_trend,adx_lt20,spread_low
run50D_d390h10_logreg_deep_v1,d390h10,validation,362,sell,2025-04-03 21:40:00,2025-04-04 16:35:00,227.0,64.56,late,vol_mid,range_or_weak_trend,adx_lt20,spread_low
run50D_d390h10_logreg_deep_v1,d390h10,validation,363,buy,2025-04-04 16:35:00,2025-04-04 16:55:00,4.0,-6.32,early,vol_high,range_or_weak_trend,adx_lt20,spread_low
run50D_d390h10_logreg_deep_v1,d390h10,validation,364,sell,2025-04-04 16:55:00,2025-04-04 17:00:00,1.0,-9.52,early,vol_high,range_or_weak_trend,adx_lt20,spread_low
run50D_d390h10_logreg_deep_v1,d390h10,validation,365,buy,2025-04-04 17:00:00,2025-04-04 17:05:00,1.0,-4.72,early,vol_high,range_or_weak_trend,adx_lt20,spread_low
run50D_d390h10_logreg_deep_v1,d390h10,validation,366,sell,2025-04-04 17:05:00,2025-04-04 17:10:00,1.0,10.16,early,vol_high,range_or_weak_trend,adx_lt20,spread_low
run50D_d390h10_logreg_deep_v1,d390h10,validation,367,buy,2025-04-04 17:10:00,2025-04-04 17:20:00,2.0,-2.81,early,vol_high,range_or_weak_trend,adx_lt20,spread_low
run50D_d390h10_logreg_deep_v1,d390h10,validation,368,sell,2025-04-04 17:20:00,2025-04-04 18:10:00,10.0,4.67,early,vol_high,range_or_weak_trend,adx_lt20,spread_low
run50D_d390h10_logreg_deep_v1,d390h10,validation,369,sell,2025-04-04 18:15:00,2025-04-04 18:30:00,3.0,14.92,early,vol_high,downtrend,adx_20_25,spread_low
run50D_d390h10_logreg_deep_v1,d390h10,validation,370,buy,2025-04-04 18:30:00,2025-04-04 18:50:00,4.0,6.12,mid,vol_high,range_or_weak_trend,adx_lt20,spread_low
run50D_d390h10_logreg_deep_v1,d390h10,validation,371,sell,2025-04-04 18:50:00,2025-04-04 19:40:00,10.0,18.73,mid,vol_high,range_or_weak_trend,adx_lt20,spread_low
run50D_d390h10_logreg_deep_v1,d390h10,validation,372,sell,2025-04-04 19:45:00,2025-04-04 20:35:00,10.0,3.01,mid,vol_high,downtrend,adx_20_25,spread_low
run50D_d390h10_logreg_deep_v1,d390h10,validation,373,sell,2025-04-04 20:40:00,2025-04-04 21:30:00,10.0,12.99,late,vol_high,downtrend,adx_20_25,spread_low
run50D_d390h10_logreg_deep_v1,d390h10,validation,374,sell,2025-04-04 21:35:00,2025-04-07 16:55:00,808.0,52.16,late,vol_high,range_or_weak_trend,adx_lt20,spread_low
run50D_d390h10_logreg_deep_v1,d390h10,validation,375,sell,2025-04-07 17:00:00,2025-04-07 17:05:00,1.0,4.43,early,vol_high,downtrend,adx_20_25,spread_low
run50D_d390h10_logreg_deep_v1,d390h10,validation,376,buy,2025-04-07 17:05:00,2025-04-07 17:55:00,10.0,51.03,early,vol_high,downtrend,adx_20_25,spread_low
run50D_d390h10_logreg_deep_v1,d390h10,validation,377,buy,2025-04-07 18:00:00,2025-04-07 18:50:00,10.0,-16.88,early,vol_high,downtrend,adx_20_25,spread_low
run50D_d390h10_logreg_deep_v1,d390h10,validation,378,buy,2025-04-07 18:55:00,2025-04-07 19:30:00,7.0,0.08,mid,vol_high,range_or_weak_trend,adx_lt20,spread_low
run50D_d390h10_logreg_deep_v1,d390h10,validation,379,sell,2025-04-07 19:30:00,2025-04-07 20:05:00,7.0,10.24,mid,vol_high,range_or_weak_trend,adx_lt20,spread_low
run50D_d390h10_logreg_deep_v1,d390h10,validation,380,buy,2025-04-07 20:05:00,2025-04-07 20:10:00,1.0,2.66,mid,vol_high,range_or_weak_trend,adx_lt20,spread_low
run50D_d390h10_logreg_deep_v1,d390h10,validation,381,sell,2025-04-07 20:10:00,2025-04-07 20:35:00,5.0,-25.91,mid,vol_high,range_or_weak_trend,adx_lt20,spread_low
run50D_d390h10_logreg_deep_v1,d390h10,validation,382,buy,2025-04-07 20:35:00,2025-04-07 21:25:00,10.0,18.58,late,vol_high,range_or_weak_trend,adx_lt20,spread_low
run50D_d390h10_logreg_deep_v1,d390h10,validation,383,buy,2025-04-07 21:30:00,2025-04-07 21:40:00,2.0,10.97,late,vol_high,downtrend,adx_gt25,spread_low
run50D_d390h10_logreg_deep_v1,d390h10,validation,384,sell,2025-04-07 21:40:00,2025-04-08 16:35:00,227.0,-45.8,late,vol_high,downtrend,adx_gt25,spread_low
run50D_d390h10_logreg_deep_v1,d390h10,validation,385,buy,2025-04-08 16:35:00,2025-04-08 17:25:00,10.0,11.84,early,vol_high,downtrend,adx_gt25,spread_low
run50D_d390h10_logreg_deep_v1,d390h10,validation,386,buy,2025-04-08 17:30:00,2025-04-08 18:20:00,10.0,-22.83,early,vol_high,downtrend,adx_gt25,spread_low
run50D_d390h10_logreg_deep_v1,d390h10,validation,387,buy,2025-04-08 18:25:00,2025-04-08 19:15:00,10.0,-1.18,mid,vol_high,downtrend,adx_gt25,spread_low
run50D_d390h10_logreg_deep_v1,d390h10,validation,388,buy,2025-04-08 19:20:00,2025-04-08 20:10:00,10.0,-33.02,mid,vol_high,downtrend,adx_gt25,spread_low
run50D_d390h10_logreg_deep_v1,d390h10,validation,389,buy,2025-04-08 20:15:00,2025-04-08 21:05:00,10.0,3.56,late,vol_high,downtrend,adx_gt25,spread_low
run50D_d390h10_logreg_deep_v1,d390h10,validation,390,buy,2025-04-08 21:10:00,2025-04-08 22:00:00,10.0,-13.41,late,vol_high,downtrend,adx_gt25,spread_low
run50D_d390h10_logreg_deep_v1,d390h10,validation,391,buy,2025-04-09 16:35:00,2025-04-09 17:25:00,10.0,16.91,early,vol_high,downtrend,adx_gt25,spread_low
run50D_d390h10_logreg_deep_v1,d390h10,validation,392,buy,2025-04-09 17:30:00,2025-04-09 18:10:00,8.0,-7.27,early,vol_high,downtrend,adx_gt25,spread_low
run50D_d390h10_logreg_deep_v1,d390h10,validation,393,sell,2025-04-09 18:10:00,2025-04-09 19:00:00,10.0,5.16,early,vol_high,downtrend,adx_gt25,spread_low
run50D_d390h10_logreg_deep_v1,d390h10,validation,394,sell,2025-04-09 19:05:00,2025-04-09 19:55:00,10.0,-22.96,mid,vol_high,downtrend,adx_20_25,spread_low
run50D_d390h10_logreg_deep_v1,d390h10,validation,395,sell,2025-04-09 20:00:00,2025-04-09 20:10:00,2.0,-3.87,mid,vol_high,downtrend,adx_gt25,spread_low
run50D_d390h10_logreg_deep_v1,d390h10,validation,396,buy,2025-04-09 20:10:00,2025-04-09 21:00:00,10.0,130.58,mid,vol_high,downtrend,adx_gt25,spread_low
run50D_d390h10_logreg_deep_v1,d390h10,validation,397,buy,2025-04-09 21:05:00,2025-04-09 21:55:00,10.0,-3.58,late,vol_high,downtrend,adx_gt25,spread_low
run50D_d390h10_logreg_deep_v1,d390h10,validation,398,buy,2025-04-09 22:00:00,2025-04-10 17:20:00,232.0,-17.77,late,vol_high,downtrend,adx_gt25,spread_low
run50D_d390h10_logreg_deep_v1,d390h10,validation,399,buy,2025-04-10 17:25:00,2025-04-10 18:15:00,10.0,-12.01,early,vol_high,downtrend,adx_20_25,spread_low
run50D_d390h10_logreg_deep_v1,d390h10,validation,400,buy,2025-04-10 18:20:00,2025-04-10 18:55:00,7.0,-15.95,early,vol_high,range_or_weak_trend,adx_lt20,spread_low
run50D_d390h10_logreg_deep_v1,d390h10,validation,401,sell,2025-04-10 18:55:00,2025-04-10 19:00:00,1.0,11.06,mid,vol_high,downtrend,adx_gt25,spread_low
run50D_d390h10_logreg_deep_v1,d390h10,validation,402,buy,2025-04-10 19:00:00,2025-04-10 19:10:00,2.0,-3.85,mid,vol_high,downtrend,adx_gt25,spread_low
run50D_d390h10_logreg_deep_v1,d390h10,validation,403,sell,2025-04-10 19:10:00,2025-04-10 19:15:00,1.0,5.84,mid,vol_high,downtrend,adx_gt25,spread_low
run50D_d390h10_logreg_deep_v1,d390h10,validation,404,buy,2025-04-10 19:15:00,2025-04-10 19:35:00,4.0,-0.26,mid,vol_high,downtrend,adx_gt25,spread_low
run50D_d390h10_logreg_deep_v1,d390h10,validation,405,sell,2025-04-10 19:35:00,2025-04-10 19:45:00,2.0,-4.57,mid,vol_high,downtrend,adx_gt25,spread_low
run50D_d390h10_logreg_deep_v1,d390h10,validation,406,buy,2025-04-10 19:45:00,2025-04-10 20:35:00,10.0,6.36,mid,vol_high,downtrend,adx_gt25,spread_low
run50D_d390h10_logreg_deep_v1,d390h10,validation,407,buy,2025-04-10 20:40:00,2025-04-10 21:30:00,10.0,31.78,late,vol_high,downtrend,adx_gt25,spread_low
run50D_d390h10_logreg_deep_v1,d390h10,validation,408,buy,2025-04-10 21:35:00,2025-04-11 16:35:00,228.0,-14.98,late,vol_high,downtrend,adx_20_25,spread_low
run50D_d390h10_logreg_deep_v1,d390h10,validation,409,sell,2025-04-11 16:35:00,2025-04-11 16:45:00,2.0,-12.23,early,vol_high,range_or_weak_trend,adx_lt20,spread_low
run50D_d390h10_logreg_deep_v1,d390h10,validation,410,buy,2025-04-11 16:45:00,2025-04-11 17:35:00,10.0,-11.86,early,vol_high,range_or_weak_trend,adx_lt20,spread_low
run50D_d390h10_logreg_deep_v1,d390h10,validation,411,buy,2025-04-11 17:40:00,2025-04-11 18:30:00,10.0,-4.02,early,vol_high,range_or_weak_trend,adx_lt20,spread_low
run50D_d390h10_logreg_deep_v1,d390h10,validation,412,buy,2025-04-11 18:35:00,2025-04-11 19:25:00,10.0,13.08,mid,vol_high,range_or_weak_trend,adx_lt20,spread_low
run50D_d390h10_logreg_deep_v1,d390h10,validation,413,buy,2025-04-11 19:30:00,2025-04-11 20:20:00,10.0,8.62,mid,vol_high,downtrend,adx_20_25,spread_low
run50D_d390h10_logreg_deep_v1,d390h10,validation,414,buy,2025-04-11 20:25:00,2025-04-11 20:30:00,1.0,-2.96,late,vol_high,downtrend,adx_gt25,spread_low
run50D_d390h10_logreg_deep_v1,d390h10,validation,415,sell,2025-04-11 20:30:00,2025-04-11 21:20:00,10.0,-10.32,late,vol_high,downtrend,adx_20_25,spread_low
run50D_d390h10_logreg_deep_v1,d390h10,validation,416,sell,2025-04-11 21:25:00,2025-04-14 16:35:00,806.0,-42.89,late,vol_high,downtrend,adx_20_25,spread_low
run50D_d390h10_logreg_deep_v1,d390h10,validation,417,buy,2025-04-14 16:35:00,2025-04-14 17:25:00,10.0,-8.06,early,vol_mid,downtrend,adx_gt25,spread_low
run50D_d390h10_logreg_deep_v1,d390h10,validation,418,buy,2025-04-14 17:30:00,2025-04-14 18:20:00,10.0,-8.62,early,vol_high,downtrend,adx_gt25,spread_low
run50D_d390h10_logreg_deep_v1,d390h10,validation,419,buy,2025-04-14 18:25:00,2025-04-14 19:15:00,10.0,-21.92,mid,vol_high,downtrend,adx_20_25,spread_low
run50D_d390h10_logreg_deep_v1,d390h10,validation,420,buy,2025-04-14 19:20:00,2025-04-14 20:10:00,10.0,-3.02,mid,vol_high,downtrend,adx_gt25,spread_low
run50D_d390h10_logreg_deep_v1,d390h10,validation,421,buy,2025-04-14 20:15:00,2025-04-14 21:05:00,10.0,12.27,late,vol_high,downtrend,adx_gt25,spread_low
run50D_d390h10_logreg_deep_v1,d390h10,validation,422,buy,2025-04-14 21:10:00,2025-04-14 22:00:00,10.0,4.19,late,vol_high,downtrend,adx_20_25,spread_low
run50D_d390h10_logreg_deep_v1,d390h10,validation,423,buy,2025-04-15 16:35:00,2025-04-15 17:25:00,10.0,-4.23,early,vol_mid,downtrend,adx_20_25,spread_low
run50D_d390h10_logreg_deep_v1,d390h10,validation,424,buy,2025-04-15 17:30:00,2025-04-15 18:20:00,10.0,9.93,early,vol_high,downtrend,adx_gt25,spread_low
run50D_d390h10_logreg_deep_v1,d390h10,validation,425,buy,2025-04-15 18:25:00,2025-04-15 19:15:00,10.0,-1.67,mid,vol_high,downtrend,adx_20_25,spread_low
run50D_d390h10_logreg_deep_v1,d390h10,validation,426,buy,2025-04-15 19:20:00,2025-04-15 20:05:00,9.0,-5.95,mid,vol_high,range_or_weak_trend,adx_lt20,spread_low
run50D_d390h10_logreg_deep_v1,d390h10,validation,427,sell,2025-04-15 20:05:00,2025-04-15 20:20:00,3.0,3.71,mid,vol_high,range_or_weak_trend,adx_lt20,spread_low
run50D_d390h10_logreg_deep_v1,d390h10,validation,428,buy,2025-04-15 20:20:00,2025-04-15 20:55:00,7.0,-4.25,late,vol_high,range_or_weak_trend,adx_lt20,spread_low
run50D_d390h10_logreg_deep_v1,d390h10,validation,429,sell,2025-04-15 20:55:00,2025-04-15 21:30:00,7.0,-0.35,late,vol_high,downtrend,adx_gt25,spread_low
run50D_d390h10_logreg_deep_v1,d390h10,validation,430,buy,2025-04-15 21:30:00,2025-04-16 16:35:00,229.0,-29.57,late,vol_high,downtrend,adx_gt25,spread_low
run50D_d390h10_logreg_deep_v1,d390h10,validation,431,sell,2025-04-16 16:35:00,2025-04-16 16:40:00,1.0,-3.06,early,vol_mid,downtrend,adx_gt25,spread_low
run50D_d390h10_logreg_deep_v1,d390h10,validation,432,buy,2025-04-16 16:40:00,2025-04-16 16:50:00,2.0,-6.05,early,vol_mid,downtrend,adx_gt25,spread_low
run50D_d390h10_logreg_deep_v1,d390h10,validation,433,sell,2025-04-16 16:50:00,2025-04-16 17:05:00,3.0,4.79,early,vol_mid,downtrend,adx_gt25,spread_low
run50D_d390h10_logreg_deep_v1,d390h10,validation,434,buy,2025-04-16 17:05:00,2025-04-16 17:55:00,10.0,7.46,early,vol_high,downtrend,adx_gt25,spread_low
run50D_d390h10_logreg_deep_v1,d390h10,validation,435,buy,2025-04-16 18:00:00,2025-04-16 18:50:00,10.0,-0.63,early,vol_high,downtrend,adx_20_25,spread_low
run50D_d390h10_logreg_deep_v1,d390h10,validation,436,buy,2025-04-16 18:55:00,2025-04-16 19:25:00,6.0,-1.52,mid,vol_high,range_or_weak_trend,adx_lt20,spread_low
run50D_d390h10_logreg_deep_v1,d390h10,validation,437,sell,2025-04-16 19:25:00,2025-04-16 20:15:00,10.0,4.71,mid,vol_high,range_or_weak_trend,adx_lt20,spread_low
run50D_d390h10_logreg_deep_v1,d390h10,validation,438,sell,2025-04-16 20:20:00,2025-04-16 20:35:00,3.0,10.92,late,vol_mid,downtrend,adx_20_25,spread_low
run50D_d390h10_logreg_deep_v1,d390h10,validation,439,buy,2025-04-16 20:35:00,2025-04-16 20:45:00,2.0,-5.7,late,vol_high,downtrend,adx_20_25,spread_low
run50D_d390h10_logreg_deep_v1,d390h10,validation,440,sell,2025-04-16 20:45:00,2025-04-16 21:35:00,10.0,8.61,late,vol_high,downtrend,adx_gt25,spread_low
run50D_d390h10_logreg_deep_v1,d390h10,validation,441,sell,2025-04-16 21:40:00,2025-04-17 16:35:00,227.0,-14.18,late,vol_high,downtrend,adx_gt25,spread_low
run50D_d390h10_logreg_deep_v1,d390h10,validation,442,buy,2025-04-17 16:35:00,2025-04-17 17:25:00,10.0,-5.43,early,vol_high,downtrend,adx_20_25,spread_low
run50D_d390h10_logreg_deep_v1,d390h10,validation,443,buy,2025-04-17 17:30:00,2025-04-17 18:20:00,10.0,9.98,early,vol_high,range_or_weak_trend,adx_lt20,spread_low
run50D_d390h10_logreg_deep_v1,d390h10,validation,444,buy,2025-04-17 18:25:00,2025-04-17 19:15:00,10.0,0.01,mid,vol_high,range_or_weak_trend,adx_lt20,spread_low
run50D_d390h10_logreg_deep_v1,d390h10,validation,445,buy,2025-04-17 19:20:00,2025-04-17 20:10:00,10.0,0.86,mid,vol_high,range_or_weak_trend,adx_lt20,spread_low
run50D_d390h10_logreg_deep_v1,d390h10,validation,446,buy,2025-04-17 20:15:00,2025-04-17 20:25:00,2.0,-3.23,late,vol_high,range_or_weak_trend,adx_lt20,spread_low
run50D_d390h10_logreg_deep_v1,d390h10,validation,447,sell,2025-04-17 20:25:00,2025-04-17 21:15:00,10.0,-8.72,late,vol_high,range_or_weak_trend,adx_lt20,spread_low
run50D_d390h10_logreg_deep_v1,d390h10,validation,448,sell,2025-04-17 21:20:00,2025-04-21 16:40:00,1096.0,38.22,late,vol_high,range_or_weak_trend,adx_lt20,spread_low
run50D_d390h10_logreg_deep_v1,d390h10,validation,449,buy,2025-04-21 16:45:00,2025-04-21 16:50:00,1.0,1.98,early,vol_mid,range_or_weak_trend,adx_lt20,spread_low
run50D_d390h10_logreg_deep_v1,d390h10,validation,450,sell,2025-04-21 16:50:00,2025-04-21 16:55:00,1.0,4.74,early,vol_mid,range_or_weak_trend,adx_lt20,spread_low
run50D_d390h10_logreg_deep_v1,d390h10,validation,451,buy,2025-04-21 16:55:00,2025-04-21 17:00:00,1.0,-6.17,early,vol_mid,range_or_weak_trend,adx_lt20,spread_low
run50D_d390h10_logreg_deep_v1,d390h10,validation,452,sell,2025-04-21 17:00:00,2025-04-21 17:50:00,10.0,7.83,early,vol_high,downtrend,adx_20_25,spread_low
run50D_d390h10_logreg_deep_v1,d390h10,validation,453,sell,2025-04-21 17:55:00,2025-04-21 18:45:00,10.0,9.87,early,vol_high,downtrend,adx_gt25,spread_low
run50D_d390h10_logreg_deep_v1,d390h10,validation,454,sell,2025-04-21 18:50:00,2025-04-21 19:40:00,10.0,-4.48,mid,vol_high,downtrend,adx_gt25,spread_low
run50D_d390h10_logreg_deep_v1,d390h10,validation,455,sell,2025-04-21 19:50:00,2025-04-21 20:40:00,10.0,8.58,mid,vol_high,downtrend,adx_gt25,spread_low
run50D_d390h10_logreg_deep_v1,d390h10,validation,456,sell,2025-04-21 20:45:00,2025-04-21 21:35:00,10.0,-2.37,late,vol_mid,downtrend,adx_gt25,spread_low
run50D_d390h10_logreg_deep_v1,d390h10,validation,457,sell,2025-04-21 21:40:00,2025-04-22 16:40:00,228.0,-39.89,late,vol_mid,downtrend,adx_gt25,spread_low
run50D_d390h10_logreg_deep_v1,d390h10,validation,458,buy,2025-04-22 16:40:00,2025-04-22 17:30:00,10.0,12.56,early,vol_mid,downtrend,adx_gt25,spread_low
run50D_d390h10_logreg_deep_v1,d390h10,validation,459,buy,2025-04-22 17:35:00,2025-04-22 18:25:00,10.0,8.72,early,vol_high,downtrend,adx_gt25,spread_low
run50D_d390h10_logreg_deep_v1,d390h10,validation,460,buy,2025-04-22 18:30:00,2025-04-22 19:20:00,10.0,11.04,mid,vol_mid,downtrend,adx_gt25,spread_low
run50D_d390h10_logreg_deep_v1,d390h10,validation,461,buy,2025-04-22 19:25:00,2025-04-22 20:15:00,10.0,-11.33,mid,vol_high,downtrend,adx_gt25,spread_low
run50D_d390h10_logreg_deep_v1,d390h10,validation,462,sell,2025-04-22 20:20:00,2025-04-22 20:30:00,2.0,9.14,late,vol_high,downtrend,adx_gt25,spread_low
run50D_d390h10_logreg_deep_v1,d390h10,validation,463,buy,2025-04-22 20:30:00,2025-04-22 21:20:00,10.0,4.92,late,vol_high,downtrend,adx_gt25,spread_low
run50D_d390h10_logreg_deep_v1,d390h10,validation,464,buy,2025-04-22 21:25:00,2025-04-23 16:45:00,232.0,68.08,late,vol_high,downtrend,adx_gt25,spread_low
run50D_d390h10_logreg_deep_v1,d390h10,validation,465,buy,2025-04-23 16:50:00,2025-04-23 17:40:00,10.0,4.27,early,vol_mid,downtrend,adx_gt25,spread_low
run50D_d390h10_logreg_deep_v1,d390h10,validation,466,buy,2025-04-23 17:45:00,2025-04-23 18:35:00,10.0,-20.28,early,vol_high,downtrend,adx_gt25,spread_low
run50D_d390h10_logreg_deep_v1,d390h10,validation,467,buy,2025-04-23 18:40:00,2025-04-23 19:30:00,10.0,-10.12,mid,vol_high,downtrend,adx_gt25,spread_low
run50D_d390h10_logreg_deep_v1,d390h10,validation,468,buy,2025-04-23 19:35:00,2025-04-23 20:25:00,10.0,11.04,mid,vol_high,downtrend,adx_gt25,spread_low
run50D_d390h10_logreg_deep_v1,d390h10,validation,469,buy,2025-04-23 20:30:00,2025-04-23 21:20:00,10.0,0.26,late,vol_high,range_or_weak_trend,adx_lt20,spread_low
run50D_d390h10_logreg_deep_v1,d390h10,validation,470,buy,2025-04-23 21:25:00,2025-04-24 16:45:00,232.0,4.16,late,vol_high,range_or_weak_trend,adx_lt20,spread_low
run50D_d390h10_logreg_deep_v1,d390h10,validation,471,buy,2025-04-24 16:50:00,2025-04-24 17:40:00,10.0,17.12,early,vol_mid,downtrend,adx_gt25,spread_low
run50D_d390h10_logreg_deep_v1,d390h10,validation,472,buy,2025-04-24 17:45:00,2025-04-24 18:35:00,10.0,4.37,early,vol_mid,downtrend,adx_gt25,spread_low
run50D_d390h10_logreg_deep_v1,d390h10,validation,473,buy,2025-04-24 18:45:00,2025-04-24 19:35:00,10.0,9.46,mid,vol_mid,downtrend,adx_gt25,spread_low
run50D_d390h10_logreg_deep_v1,d390h10,validation,474,buy,2025-04-24 19:45:00,2025-04-24 20:35:00,10.0,-0.55,mid,vol_high,downtrend,adx_gt25,spread_low
run50D_d390h10_logreg_deep_v1,d390h10,validation,475,buy,2025-04-24 20:40:00,2025-04-24 21:30:00,10.0,3.94,late,vol_mid,downtrend,adx_gt25,spread_low
run50D_d390h10_logreg_deep_v1,d390h10,validation,476,buy,2025-04-25 16:35:00,2025-04-25 17:25:00,10.0,-3.01,early,vol_low,range_or_weak_trend,adx_lt20,spread_low
run50D_d390h10_logreg_deep_v1,d390h10,validation,477,buy,2025-04-25 17:30:00,2025-04-25 18:20:00,10.0,9.28,early,vol_high,range_or_weak_trend,adx_lt20,spread_low
run50D_d390h10_logreg_deep_v1,d390h10,validation,478,buy,2025-04-25 18:25:00,2025-04-25 19:15:00,10.0,-0.32,mid,vol_high,range_or_weak_trend,adx_lt20,spread_low
run50D_d390h10_logreg_deep_v1,d390h10,validation,479,sell,2025-04-25 20:40:00,2025-04-25 21:30:00,10.0,-3.66,late,vol_mid,downtrend,adx_20_25,spread_low
run50D_d390h10_logreg_deep_v1,d390h10,validation,480,sell,2025-04-28 16:35:00,2025-04-28 16:40:00,1.0,0.11,early,vol_mid,downtrend,adx_20_25,spread_low
run50D_d390h10_logreg_deep_v1,d390h10,validation,481,buy,2025-04-28 16:40:00,2025-04-28 17:30:00,10.0,-0.68,early,vol_mid,downtrend,adx_20_25,spread_low
run50D_d390h10_logreg_deep_v1,d390h10,validation,482,buy,2025-04-28 17:35:00,2025-04-28 18:25:00,10.0,-13.63,early,vol_high,downtrend,adx_20_25,spread_low
run50D_d390h10_logreg_deep_v1,d390h10,validation,483,buy,2025-04-28 18:30:00,2025-04-28 19:20:00,10.0,-0.95,mid,vol_high,downtrend,adx_gt25,spread_low
run50D_d390h10_logreg_deep_v1,d390h10,validation,484,buy,2025-04-28 19:25:00,2025-04-28 20:15:00,10.0,-2.8,mid,vol_high,downtrend,adx_gt25,spread_low
run50D_d390h10_logreg_deep_v1,d390h10,validation,485,buy,2025-04-28 20:20:00,2025-04-28 21:10:00,10.0,6.74,late,vol_mid,downtrend,adx_gt25,spread_low
run50D_d390h10_logreg_deep_v1,d390h10,validation,486,buy,2025-04-29 16:35:00,2025-04-29 17:25:00,10.0,5.57,early,vol_high,downtrend,adx_gt25,spread_low
run50D_d390h10_logreg_deep_v1,d390h10,validation,487,buy,2025-04-29 17:30:00,2025-04-29 18:20:00,10.0,2.98,early,vol_high,downtrend,adx_20_25,spread_low
run50D_d390h10_logreg_deep_v1,d390h10,validation,488,buy,2025-04-29 18:25:00,2025-04-29 19:15:00,10.0,6.33,mid,vol_high,downtrend,adx_20_25,spread_low
run50D_d390h10_logreg_deep_v1,d390h10,validation,489,buy,2025-04-29 19:20:00,2025-04-29 20:10:00,10.0,-5.02,mid,vol_high,range_or_weak_trend,adx_lt20,spread_low
run50D_d390h10_logreg_deep_v1,d390h10,validation,490,sell,2025-04-30 16:35:00,2025-04-30 16:40:00,1.0,10.17,early,vol_high,downtrend,adx_gt25,spread_low
run50D_d390h10_logreg_deep_v1,d390h10,validation,491,buy,2025-04-30 16:40:00,2025-04-30 17:30:00,10.0,11.56,early,vol_high,downtrend,adx_gt25,spread_low
run50D_d390h10_logreg_deep_v1,d390h10,validation,492,buy,2025-04-30 17:35:00,2025-04-30 18:25:00,10.0,7.49,early,vol_high,downtrend,adx_gt25,spread_low
run50D_d390h10_logreg_deep_v1,d390h10,validation,493,buy,2025-04-30 18:30:00,2025-04-30 19:20:00,10.0,0.07,mid,vol_high,downtrend,adx_gt25,spread_low
run50D_d390h10_logreg_deep_v1,d390h10,validation,494,buy,2025-04-30 19:25:00,2025-04-30 19:40:00,3.0,3.79,mid,vol_mid,range_or_weak_trend,adx_lt20,spread_low
run50D_d390h10_logreg_deep_v1,d390h10,validation,495,sell,2025-04-30 19:40:00,2025-04-30 20:30:00,10.0,-3.17,mid,vol_mid,range_or_weak_trend,adx_lt20,spread_low
run50D_d390h10_logreg_deep_v1,d390h10,validation,496,sell,2025-04-30 20:35:00,2025-04-30 21:25:00,10.0,-3.86,late,vol_high,range_or_weak_trend,adx_lt20,spread_low
run50D_d390h10_logreg_deep_v1,d390h10,validation,497,sell,2025-04-30 21:30:00,2025-05-01 16:35:00,229.0,-44.54,late,vol_high,range_or_weak_trend,adx_lt20,spread_low
run50D_d390h10_logreg_deep_v1,d390h10,validation,498,buy,2025-05-01 16:35:00,2025-05-01 17:25:00,10.0,3.96,early,vol_low,downtrend,adx_gt25,spread_low
run50D_d390h10_logreg_deep_v1,d390h10,validation,499,buy,2025-05-01 17:30:00,2025-05-01 18:20:00,10.0,11.24,early,vol_high,downtrend,adx_gt25,spread_low
run50D_d390h10_logreg_deep_v1,d390h10,validation,500,buy,2025-05-01 18:25:00,2025-05-01 19:15:00,10.0,-11.57,mid,vol_high,downtrend,adx_gt25,spread_low
run50D_d390h10_logreg_deep_v1,d390h10,validation,501,buy,2025-05-01 19:20:00,2025-05-01 20:10:00,10.0,6.73,mid,vol_mid,downtrend,adx_gt25,spread_low
run50D_d390h10_logreg_deep_v1,d390h10,validation,502,buy,2025-05-01 20:15:00,2025-05-01 21:05:00,10.0,-1.66,late,vol_high,downtrend,adx_20_25,spread_low
run50D_d390h10_logreg_deep_v1,d390h10,validation,503,buy,2025-05-02 16:35:00,2025-05-02 17:25:00,10.0,5.46,early,vol_mid,downtrend,adx_gt25,spread_low
run50D_d390h10_logreg_deep_v1,d390h10,validation,504,buy,2025-05-02 17:30:00,2025-05-02 18:20:00,10.0,-0.25,early,vol_mid,downtrend,adx_gt25,spread_low
run50D_d390h10_logreg_deep_v1,d390h10,validation,505,buy,2025-05-02 19:10:00,2025-05-02 20:00:00,10.0,1.42,mid,vol_mid,downtrend,adx_20_25,spread_low
run50D_d390h10_logreg_deep_v1,d390h10,validation,506,sell,2025-05-05 16:45:00,2025-05-05 17:35:00,10.0,1.46,early,vol_low,downtrend,adx_20_25,spread_low
run50D_d390h10_logreg_deep_v1,d390h10,validation,507,buy,2025-05-05 17:40:00,2025-05-05 18:30:00,10.0,2.79,early,vol_mid,downtrend,adx_20_25,spread_low
run50D_d390h10_logreg_deep_v1,d390h10,validation,508,sell,2025-05-06 16:35:00,2025-05-06 17:25:00,10.0,-5.56,early,vol_mid,downtrend,adx_gt25,spread_low
run50D_d390h10_logreg_deep_v1,d390h10,validation,509,buy,2025-05-06 17:35:00,2025-05-06 18:25:00,10.0,2.81,early,vol_high,downtrend,adx_20_25,spread_low
run50D_d390h10_logreg_deep_v1,d390h10,validation,510,sell,2025-05-06 19:15:00,2025-05-06 20:05:00,10.0,12.03,mid,vol_high,range_or_weak_trend,adx_lt20,spread_low
run50D_d390h10_logreg_deep_v1,d390h10,validation,511,sell,2025-05-07 16:35:00,2025-05-07 16:45:00,2.0,-2.98,early,vol_mid,downtrend,adx_gt25,spread_low
run50D_d390h10_logreg_deep_v1,d390h10,validation,512,buy,2025-05-07 16:45:00,2025-05-07 17:35:00,10.0,4.03,early,vol_mid,downtrend,adx_gt25,spread_low
run50D_d390h10_logreg_deep_v1,d390h10,validation,513,buy,2025-05-07 17:45:00,2025-05-07 18:25:00,8.0,-13.01,early,vol_mid,range_or_weak_trend,adx_lt20,spread_low
run50D_d390h10_logreg_deep_v1,d390h10,validation,514,sell,2025-05-07 18:25:00,2025-05-07 18:45:00,4.0,-2.07,mid,vol_high,downtrend,adx_gt25,spread_low
run50D_d390h10_logreg_deep_v1,d390h10,validation,515,buy,2025-05-07 18:45:00,2025-05-07 18:50:00,1.0,-5.35,mid,vol_high,downtrend,adx_gt25,spread_low
run50D_d390h10_logreg_deep_v1,d390h10,validation,516,sell,2025-05-07 18:50:00,2025-05-07 18:55:00,1.0,-4.12,mid,vol_high,downtrend,adx_gt25,spread_low
run50D_d390h10_logreg_deep_v1,d390h10,validation,517,buy,2025-05-07 18:55:00,2025-05-07 19:45:00,10.0,3.19,mid,vol_high,downtrend,adx_gt25,spread_low
run50D_d390h10_logreg_deep_v1,d390h10,validation,518,sell,2025-05-07 20:55:00,2025-05-07 21:45:00,10.0,-0.51,late,vol_mid,downtrend,adx_20_25,spread_low
run50D_d390h10_logreg_deep_v1,d390h10,validation,519,sell,2025-05-07 21:50:00,2025-05-07 22:00:00,2.0,-10.97,late,vol_high,downtrend,adx_20_25,spread_low
run50D_d390h10_logreg_deep_v1,d390h10,validation,520,buy,2025-05-07 22:00:00,2025-05-08 17:20:00,232.0,17.56,late,vol_high,downtrend,adx_20_25,spread_low
run50D_d390h10_logreg_deep_v1,d390h10,validation,521,buy,2025-05-08 17:25:00,2025-05-08 18:15:00,10.0,1.98,early,vol_mid,downtrend,adx_gt25,spread_low
run50D_d390h10_logreg_deep_v1,d390h10,validation,522,buy,2025-05-08 18:20:00,2025-05-08 19:10:00,10.0,20.93,early,vol_high,downtrend,adx_gt25,spread_low
run50D_d390h10_logreg_deep_v1,d390h10,validation,523,buy,2025-05-08 19:15:00,2025-05-08 20:05:00,10.0,0.64,mid,vol_high,downtrend,adx_gt25,spread_low
run50D_d390h10_logreg_deep_v1,d390h10,validation,524,buy,2025-05-09 16:35:00,2025-05-09 17:25:00,10.0,-8.22,early,vol_low,range_or_weak_trend,adx_lt20,spread_low
run50D_d390h10_logreg_deep_v1,d390h10,validation,525,buy,2025-05-09 17:30:00,2025-05-09 17:40:00,2.0,-5.71,early,vol_mid,range_or_weak_trend,adx_lt20,spread_low
run50D_d390h10_logreg_deep_v1,d390h10,validation,526,sell,2025-05-09 17:40:00,2025-05-09 17:45:00,1.0,-3.32,early,vol_high,downtrend,adx_gt25,spread_low
run50D_d390h10_logreg_deep_v1,d390h10,validation,527,buy,2025-05-09 17:45:00,2025-05-09 18:35:00,10.0,3.18,early,vol_high,downtrend,adx_gt25,spread_low
run50D_d390h10_logreg_deep_v1,d390h10,validation,528,buy,2025-05-09 19:05:00,2025-05-09 19:55:00,10.0,-0.33,mid,vol_high,downtrend,adx_gt25,spread_low
run50D_d390h10_logreg_deep_v1,d390h10,validation,529,buy,2025-05-12 16:35:00,2025-05-12 17:25:00,10.0,0.18,early,vol_high,range_or_weak_trend,adx_lt20,spread_low
run50D_d390h10_logreg_deep_v1,d390h10,validation,530,buy,2025-05-12 17:30:00,2025-05-12 18:20:00,10.0,4.87,early,vol_high,downtrend,adx_gt25,spread_low
run50D_d390h10_logreg_deep_v1,d390h10,validation,531,buy,2025-05-12 18:25:00,2025-05-12 19:15:00,10.0,3.53,mid,vol_high,downtrend,adx_gt25,spread_low
run50D_d390h10_logreg_deep_v1,d390h10,validation,532,buy,2025-05-12 19:20:00,2025-05-12 20:10:00,10.0,11.02,mid,vol_mid,downtrend,adx_gt25,spread_low
run50D_d390h10_logreg_deep_v1,d390h10,validation,533,buy,2025-05-12 20:15:00,2025-05-12 21:05:00,10.0,0.48,late,vol_low,downtrend,adx_gt25,spread_low
run50D_d390h10_logreg_deep_v1,d390h10,validation,534,buy,2025-05-12 21:15:00,2025-05-13 16:35:00,232.0,12.43,late,vol_low,downtrend,adx_gt25,spread_low
run50D_d390h10_logreg_deep_v1,d390h10,validation,535,buy,2025-05-13 16:40:00,2025-05-13 17:30:00,10.0,14.38,early,vol_low,downtrend,adx_gt25,spread_low
run50D_d390h10_logreg_deep_v1,d390h10,validation,536,buy,2025-05-13 17:35:00,2025-05-13 18:25:00,10.0,4.52,early,vol_mid,downtrend,adx_gt25,spread_low
run50D_d390h10_logreg_deep_v1,d390h10,validation,537,buy,2025-05-13 18:30:00,2025-05-13 19:20:00,10.0,-0.95,mid,vol_mid,downtrend,adx_gt25,spread_low
run50D_d390h10_logreg_deep_v1,d390h10,validation,538,buy,2025-05-14 16:35:00,2025-05-14 16:50:00,3.0,-8.8,early,vol_mid,downtrend,adx_20_25,spread_low
run50D_d390h10_logreg_deep_v1,d390h10,validation,539,sell,2025-05-14 16:50:00,2025-05-14 16:55:00,1.0,0.53,early,vol_mid,downtrend,adx_20_25,spread_low
run50D_d390h10_logreg_deep_v1,d390h10,validation,540,buy,2025-05-14 16:55:00,2025-05-14 17:00:00,1.0,2.78,early,vol_mid,downtrend,adx_20_25,spread_low
run50D_d390h10_logreg_deep_v1,d390h10,validation,541,sell,2025-05-14 17:00:00,2025-05-14 17:50:00,10.0,-1.48,early,vol_mid,downtrend,adx_20_25,spread_low
run50D_d390h10_logreg_deep_v1,d390h10,validation,542,sell,2025-05-15 16:40:00,2025-05-15 16:55:00,3.0,-0.72,early,vol_mid,downtrend,adx_20_25,spread_low
run50D_d390h10_logreg_deep_v1,d390h10,validation,543,buy,2025-05-15 16:55:00,2025-05-15 17:00:00,1.0,-0.36,early,vol_high,downtrend,adx_20_25,spread_low
run50D_d390h10_logreg_deep_v1,d390h10,validation,544,sell,2025-05-15 17:00:00,2025-05-15 17:40:00,8.0,2.57,early,vol_high,downtrend,adx_20_25,spread_low
run50D_d390h10_logreg_deep_v1,d390h10,validation,545,buy,2025-05-15 17:40:00,2025-05-15 18:30:00,10.0,13.34,early,vol_mid,range_or_weak_trend,adx_lt20,spread_low
run50D_d390h10_logreg_deep_v1,d390h10,validation,546,sell,2025-05-16 16:35:00,2025-05-16 16:40:00,1.0,-1.2,early,vol_low,downtrend,adx_gt25,spread_low
run50D_d390h10_logreg_deep_v1,d390h10,validation,547,buy,2025-05-16 16:40:00,2025-05-16 17:30:00,10.0,-2.65,early,vol_low,downtrend,adx_20_25,spread_low
run50D_d390h10_logreg_deep_v1,d390h10,validation,548,buy,2025-05-19 16:40:00,2025-05-19 17:30:00,10.0,9.87,early,vol_mid,range_or_weak_trend,adx_lt20,spread_low
run50D_d390h10_logreg_deep_v1,d390h10,validation,549,buy,2025-05-19 17:35:00,2025-05-19 18:25:00,10.0,-0.22,early,vol_high,downtrend,adx_gt25,spread_low
run50D_d390h10_logreg_deep_v1,d390h10,validation,550,buy,2025-05-20 16:55:00,2025-05-20 17:45:00,10.0,2.12,early,vol_mid,downtrend,adx_gt25,spread_low
run50D_d390h10_logreg_deep_v1,d390h10,validation,551,sell,2025-05-21 16:35:00,2025-05-21 16:55:00,4.0,-5.96,early,vol_low,range_or_weak_trend,adx_lt20,spread_low
run50D_d390h10_logreg_deep_v1,d390h10,validation,552,buy,2025-05-21 16:55:00,2025-05-21 17:45:00,10.0,0.66,early,vol_low,downtrend,adx_20_25,spread_low
run50D_d390h10_logreg_deep_v1,d390h10,validation,553,buy,2025-05-21 17:50:00,2025-05-21 18:40:00,10.0,10.74,early,vol_mid,downtrend,adx_gt25,spread_low
run50D_d390h10_logreg_deep_v1,d390h10,validation,554,sell,2025-05-21 20:20:00,2025-05-21 21:10:00,10.0,9.96,late,vol_mid,downtrend,adx_gt25,spread_low
run50D_d390h10_logreg_deep_v1,d390h10,validation,555,sell,2025-05-21 21:15:00,2025-05-21 21:50:00,7.0,2.21,late,vol_high,downtrend,adx_gt25,spread_low
run50D_d390h10_logreg_deep_v1,d390h10,validation,556,buy,2025-05-21 21:50:00,2025-05-22 16:35:00,225.0,-9.11,late,vol_high,downtrend,adx_gt25,spread_low
run50D_d390h10_logreg_deep_v1,d390h10,validation,557,sell,2025-05-22 16:35:00,2025-05-22 16:40:00,1.0,-3.35,early,feature_missing,feature_missing,feature_missing,spread_low
run50D_d390h10_logreg_deep_v1,d390h10,validation,558,buy,2025-05-22 16:40:00,2025-05-22 17:30:00,10.0,7.63,early,feature_missing,feature_missing,feature_missing,spread_low
run50D_d390h10_logreg_deep_v1,d390h10,validation,559,buy,2025-05-22 17:35:00,2025-05-22 18:25:00,10.0,1.49,early,feature_missing,feature_missing,feature_missing,spread_low
run50D_d390h10_logreg_deep_v1,d390h10,validation,560,buy,2025-05-22 18:30:00,2025-05-22 19:20:00,10.0,7.93,mid,feature_missing,feature_missing,feature_missing,spread_low
run50D_d390h10_logreg_deep_v1,d390h10,validation,561,buy,2025-05-23 16:35:00,2025-05-23 17:25:00,10.0,6.29,early,feature_missing,feature_missing,feature_missing,spread_low
run50D_d390h10_logreg_deep_v1,d390h10,validation,562,buy,2025-05-23 17:30:00,2025-05-23 18:15:00,9.0,-2.72,early,feature_missing,feature_missing,feature_missing,spread_low
run50D_d390h10_logreg_deep_v1,d390h10,validation,563,sell,2025-05-23 18:15:00,2025-05-23 19:05:00,10.0,-1.4,early,feature_missing,feature_missing,feature_missing,spread_low
run50D_d390h10_logreg_deep_v1,d390h10,validation,564,sell,2025-05-23 19:10:00,2025-05-23 20:00:00,10.0,-3.97,mid,feature_missing,feature_missing,feature_missing,spread_low
run50D_d390h10_logreg_deep_v1,d390h10,validation,565,sell,2025-05-23 20:05:00,2025-05-23 20:55:00,10.0,-6.2,mid,feature_missing,feature_missing,feature_missing,spread_low
run50D_d390h10_logreg_deep_v1,d390h10,validation,566,sell,2025-05-23 21:20:00,2025-05-27 16:35:00,1095.0,-19.82,late,feature_missing,feature_missing,feature_missing,spread_low
run50D_d390h10_logreg_deep_v1,d390h10,validation,567,buy,2025-05-27 16:35:00,2025-05-27 17:25:00,10.0,13.47,early,vol_mid,downtrend,adx_20_25,spread_low
run50D_d390h10_logreg_deep_v1,d390h10,validation,568,buy,2025-05-27 17:30:00,2025-05-27 18:20:00,10.0,1.14,early,vol_mid,downtrend,adx_20_25,spread_low
run50D_d390h10_logreg_deep_v1,d390h10,validation,569,sell,2025-05-28 17:00:00,2025-05-28 17:50:00,10.0,1.06,early,vol_mid,downtrend,adx_gt25,spread_low
run50D_d390h10_logreg_deep_v1,d390h10,validation,570,buy,2025-05-29 16:35:00,2025-05-29 17:10:00,7.0,-19.51,early,vol_mid,downtrend,adx_20_25,spread_low
run50D_d390h10_logreg_deep_v1,d390h10,validation,571,sell,2025-05-29 17:10:00,2025-05-29 17:15:00,1.0,-2.23,early,vol_high,downtrend,adx_gt25,spread_low
run50D_d390h10_logreg_deep_v1,d390h10,validation,572,buy,2025-05-29 17:15:00,2025-05-29 18:05:00,10.0,5.62,early,vol_high,downtrend,adx_gt25,spread_low
run50D_d390h10_logreg_deep_v1,d390h10,validation,573,buy,2025-05-29 18:10:00,2025-05-29 19:00:00,10.0,-13.63,early,vol_high,downtrend,adx_gt25,spread_low
run50D_d390h10_logreg_deep_v1,d390h10,validation,574,buy,2025-05-29 19:05:00,2025-05-29 19:55:00,10.0,9.18,mid,vol_high,downtrend,adx_gt25,spread_low
run50D_d390h10_logreg_deep_v1,d390h10,validation,575,sell,2025-05-29 21:00:00,2025-05-29 21:50:00,10.0,-0.15,late,vol_low,downtrend,adx_20_25,spread_low
run50D_d390h10_logreg_deep_v1,d390h10,validation,576,sell,2025-05-29 22:00:00,2025-05-30 16:40:00,224.0,4.53,late,vol_mid,downtrend,adx_gt25,spread_low
run50D_d390h10_logreg_deep_v1,d390h10,validation,577,buy,2025-05-30 16:40:00,2025-05-30 17:30:00,10.0,6.53,early,vol_high,downtrend,adx_20_25,spread_low
run50D_d390h10_logreg_deep_v1,d390h10,validation,578,buy,2025-05-30 17:35:00,2025-05-30 18:25:00,10.0,-2.53,early,vol_high,downtrend,adx_20_25,spread_low
run50D_d390h10_logreg_deep_v1,d390h10,validation,579,buy,2025-05-30 18:35:00,2025-05-30 19:25:00,10.0,-7.18,mid,vol_mid,range_or_weak_trend,adx_lt20,spread_low
run50D_d390h10_logreg_deep_v1,d390h10,validation,580,sell,2025-05-30 19:30:00,2025-05-30 20:20:00,10.0,0.19,mid,vol_high,downtrend,adx_20_25,spread_low
run50D_d390h10_logreg_deep_v1,d390h10,validation,581,sell,2025-05-30 20:25:00,2025-05-30 21:15:00,10.0,-7.05,late,vol_high,downtrend,adx_gt25,spread_low
run50D_d390h10_logreg_deep_v1,d390h10,validation,582,buy,2025-05-30 21:20:00,2025-06-02 16:40:00,808.0,16.97,late,vol_mid,downtrend,adx_gt25,spread_low
run50D_d390h10_logreg_deep_v1,d390h10,validation,583,buy,2025-06-02 16:45:00,2025-06-02 17:35:00,10.0,-1.95,early,vol_high,downtrend,adx_gt25,spread_low
run50D_d390h10_logreg_deep_v1,d390h10,validation,584,buy,2025-06-02 17:40:00,2025-06-02 18:30:00,10.0,0.63,early,vol_high,range_or_weak_trend,adx_lt20,spread_low
run50D_d390h10_logreg_deep_v1,d390h10,validation,585,buy,2025-06-03 16:40:00,2025-06-03 17:30:00,10.0,9.64,early,vol_low,downtrend,adx_gt25,spread_low
run50D_d390h10_logreg_deep_v1,d390h10,validation,586,buy,2025-06-03 17:55:00,2025-06-03 18:45:00,10.0,3.56,early,vol_mid,downtrend,adx_gt25,spread_low
run50D_d390h10_logreg_deep_v1,d390h10,validation,587,buy,2025-06-04 16:35:00,2025-06-04 17:25:00,10.0,-4.32,early,vol_mid,downtrend,adx_20_25,spread_low
run50D_d390h10_logreg_deep_v1,d390h10,validation,588,buy,2025-06-05 16:35:00,2025-06-05 17:25:00,10.0,-2.82,early,vol_mid,range_or_weak_trend,adx_lt20,spread_low
run50D_d390h10_logreg_deep_v1,d390h10,validation,589,buy,2025-06-05 17:35:00,2025-06-05 18:25:00,10.0,17.09,early,vol_high,downtrend,adx_gt25,spread_low
run50D_d390h10_logreg_deep_v1,d390h10,validation,590,buy,2025-06-05 18:30:00,2025-06-05 19:20:00,10.0,-7.63,mid,vol_high,downtrend,adx_20_25,spread_low
run50D_d390h10_logreg_deep_v1,d390h10,validation,591,sell,2025-06-05 19:50:00,2025-06-05 20:40:00,10.0,-5.96,mid,vol_mid,downtrend,adx_20_25,spread_low
run50D_d390h10_logreg_deep_v1,d390h10,validation,592,sell,2025-06-05 21:20:00,2025-06-06 16:35:00,231.0,-10.99,late,vol_mid,downtrend,adx_gt25,spread_low
run50D_d390h10_logreg_deep_v1,d390h10,validation,593,buy,2025-06-06 16:35:00,2025-06-06 17:25:00,10.0,4.98,early,vol_mid,downtrend,adx_gt25,spread_low
run50D_d390h10_logreg_deep_v1,d390h10,validation,594,buy,2025-06-09 16:35:00,2025-06-09 17:25:00,10.0,7.59,early,vol_low,range_or_weak_trend,adx_lt20,spread_low
run50D_d390h10_logreg_deep_v1,d390h10,validation,595,buy,2025-06-10 16:45:00,2025-06-10 16:55:00,2.0,0.42,early,vol_low,range_or_weak_trend,adx_lt20,spread_low
run50D_d390h10_logreg_deep_v1,d390h10,validation,596,sell,2025-06-10 16:55:00,2025-06-10 17:00:00,1.0,-0.07,early,vol_mid,range_or_weak_trend,adx_lt20,spread_low
run50D_d390h10_logreg_deep_v1,d390h10,validation,597,buy,2025-06-10 17:00:00,2025-06-10 17:50:00,10.0,2.18,early,vol_mid,range_or_weak_trend,adx_lt20,spread_low
run50D_d390h10_logreg_deep_v1,d390h10,validation,598,sell,2025-06-10 18:35:00,2025-06-10 19:25:00,10.0,-12.3,mid,vol_mid,range_or_weak_trend,adx_lt20,spread_low
run50D_d390h10_logreg_deep_v1,d390h10,validation,599,sell,2025-06-11 16:35:00,2025-06-11 16:40:00,1.0,-2.52,early,vol_high,downtrend,adx_gt25,spread_low
run50D_d390h10_logreg_deep_v1,d390h10,validation,600,buy,2025-06-11 16:40:00,2025-06-11 16:45:00,1.0,-2.51,early,vol_high,downtrend,adx_gt25,spread_low
run50D_d390h10_logreg_deep_v1,d390h10,validation,601,sell,2025-06-11 16:45:00,2025-06-11 16:50:00,1.0,1.73,early,vol_high,downtrend,adx_gt25,spread_low
run50D_d390h10_logreg_deep_v1,d390h10,validation,602,buy,2025-06-11 16:50:00,2025-06-11 17:40:00,10.0,8.57,early,vol_high,downtrend,adx_gt25,spread_low
run50D_d390h10_logreg_deep_v1,d390h10,validation,603,buy,2025-06-11 18:15:00,2025-06-11 19:05:00,10.0,-3.23,early,vol_mid,downtrend,adx_20_25,spread_low
run50D_d390h10_logreg_deep_v1,d390h10,validation,604,buy,2025-06-12 16:35:00,2025-06-12 17:25:00,10.0,7.14,early,vol_low,downtrend,adx_gt25,spread_low
run50D_d390h10_logreg_deep_v1,d390h10,validation,605,sell,2025-06-13 16:35:00,2025-06-13 16:40:00,1.0,-1.93,early,vol_mid,downtrend,adx_20_25,spread_low
run50D_d390h10_logreg_deep_v1,d390h10,validation,606,buy,2025-06-13 16:40:00,2025-06-13 17:30:00,10.0,-15.6,early,vol_mid,downtrend,adx_20_25,spread_low
run50D_d390h10_logreg_deep_v1,d390h10,validation,607,sell,2025-06-13 17:35:00,2025-06-13 17:45:00,2.0,-4.42,early,vol_high,downtrend,adx_gt25,spread_low
run50D_d390h10_logreg_deep_v1,d390h10,validation,608,buy,2025-06-13 17:45:00,2025-06-13 18:35:00,10.0,9.12,early,vol_high,downtrend,adx_20_25,spread_low
run50D_d390h10_logreg_deep_v1,d390h10,validation,609,buy,2025-06-16 16:35:00,2025-06-16 17:25:00,10.0,10.98,early,vol_low,downtrend,adx_gt25,spread_low
run50D_d390h10_logreg_deep_v1,d390h10,validation,610,buy,2025-06-16 17:30:00,2025-06-16 18:20:00,10.0,1.54,early,vol_mid,downtrend,adx_gt25,spread_low
run50D_d390h10_logreg_deep_v1,d390h10,validation,611,buy,2025-06-17 16:40:00,2025-06-17 16:45:00,1.0,-5.06,early,vol_low,range_or_weak_trend,adx_lt20,spread_low
run50D_d390h10_logreg_deep_v1,d390h10,validation,612,sell,2025-06-17 16:45:00,2025-06-17 17:35:00,10.0,-6.62,early,vol_low,range_or_weak_trend,adx_lt20,spread_low
run50D_d390h10_logreg_deep_v1,d390h10,validation,613,sell,2025-06-18 16:35:00,2025-06-18 16:50:00,3.0,-7.36,early,vol_low,range_or_weak_trend,adx_lt20,spread_low
run50D_d390h10_logreg_deep_v1,d390h10,validation,614,buy,2025-06-18 16:50:00,2025-06-18 17:40:00,10.0,8.53,early,vol_mid,range_or_weak_trend,adx_lt20,spread_low
run50D_d390h10_logreg_deep_v1,d390h10,validation,615,buy,2025-06-20 16:35:00,2025-06-20 16:50:00,3.0,-2.55,early,vol_low,downtrend,adx_gt25,spread_low
run50D_d390h10_logreg_deep_v1,d390h10,validation,616,sell,2025-06-20 16:50:00,2025-06-20 17:40:00,10.0,11.49,early,vol_mid,downtrend,adx_gt25,spread_low
run50D_d390h10_logreg_deep_v1,d390h10,validation,617,sell,2025-06-20 17:45:00,2025-06-20 18:25:00,8.0,2.11,early,vol_high,downtrend,adx_gt25,spread_low
run50D_d390h10_logreg_deep_v1,d390h10,validation,618,buy,2025-06-20 18:25:00,2025-06-20 19:15:00,10.0,-0.3,mid,vol_high,downtrend,adx_gt25,spread_low
run50D_d390h10_logreg_deep_v1,d390h10,validation,619,buy,2025-06-20 19:20:00,2025-06-20 20:10:00,10.0,-0.05,mid,vol_high,downtrend,adx_gt25,spread_low
run50D_d390h10_logreg_deep_v1,d390h10,validation,620,buy,2025-06-20 20:15:00,2025-06-20 21:05:00,10.0,-3.18,late,vol_mid,range_or_weak_trend,adx_lt20,spread_low
run50D_d390h10_logreg_deep_v1,d390h10,validation,621,sell,2025-06-23 16:35:00,2025-06-23 16:40:00,1.0,-8.45,early,vol_mid,range_or_weak_trend,adx_lt20,spread_low
run50D_d390h10_logreg_deep_v1,d390h10,validation,622,buy,2025-06-23 16:40:00,2025-06-23 17:30:00,10.0,11.52,early,vol_high,downtrend,adx_20_25,spread_low
run50D_d390h10_logreg_deep_v1,d390h10,validation,623,buy,2025-06-23 17:35:00,2025-06-23 18:25:00,10.0,-0.95,early,vol_high,downtrend,adx_20_25,spread_low
run50D_d390h10_logreg_deep_v1,d390h10,validation,624,sell,2025-06-23 19:35:00,2025-06-23 19:45:00,2.0,-8.56,mid,vol_mid,downtrend,adx_gt25,spread_low
run50D_d390h10_logreg_deep_v1,d390h10,validation,625,buy,2025-06-23 19:45:00,2025-06-23 20:35:00,10.0,15.92,mid,vol_high,downtrend,adx_gt25,spread_low
run50D_d390h10_logreg_deep_v1,d390h10,validation,626,buy,2025-06-23 20:40:00,2025-06-23 21:30:00,10.0,-2.21,late,vol_high,downtrend,adx_gt25,spread_low
run50D_d390h10_logreg_deep_v1,d390h10,validation,627,buy,2025-06-24 16:35:00,2025-06-24 17:25:00,10.0,1.89,early,vol_low,range_or_weak_trend,adx_lt20,spread_low
run50D_d390h10_logreg_deep_v1,d390h10,validation,628,buy,2025-06-26 16:55:00,2025-06-26 17:45:00,10.0,5.12,early,vol_low,downtrend,adx_gt25,spread_low
run50D_d390h10_logreg_deep_v1,d390h10,validation,629,sell,2025-06-30 16:55:00,2025-06-30 17:45:00,10.0,-1.43,early,vol_low,downtrend,adx_gt25,spread_low
run50D_d390h10_logreg_deep_v1,d390h10,validation,630,buy,2025-07-01 16:40:00,2025-07-01 17:30:00,10.0,-4.55,early,vol_low,range_or_weak_trend,adx_lt20,spread_low
run50D_d390h10_logreg_deep_v1,d390h10,validation,631,sell,2025-07-01 18:10:00,2025-07-01 19:00:00,10.0,-2.2,early,vol_mid,downtrend,adx_gt25,spread_low
run50D_d390h10_logreg_deep_v1,d390h10,validation,632,buy,2025-07-02 16:40:00,2025-07-02 17:30:00,10.0,8.61,early,vol_mid,downtrend,adx_gt25,spread_low
run50D_d390h10_logreg_deep_v1,d390h10,validation,633,buy,2025-07-02 17:35:00,2025-07-02 18:25:00,10.0,1.36,early,vol_low,downtrend,adx_gt25,spread_low
run50D_d390h10_logreg_deep_v1,d390h10,validation,634,sell,2025-07-07 16:35:00,2025-07-07 16:40:00,1.0,0.19,early,vol_low,downtrend,adx_gt25,spread_low
run50D_d390h10_logreg_deep_v1,d390h10,validation,635,buy,2025-07-07 16:40:00,2025-07-07 17:30:00,10.0,1.31,early,vol_low,downtrend,adx_gt25,spread_low
run50D_d390h10_logreg_deep_v1,d390h10,validation,636,buy,2025-07-08 16:50:00,2025-07-08 17:40:00,10.0,2.76,early,vol_low,downtrend,adx_20_25,spread_low
run50D_d390h10_logreg_deep_v1,d390h10,validation,637,buy,2025-07-09 16:45:00,2025-07-09 17:35:00,10.0,-5.72,early,vol_low,downtrend,adx_gt25,spread_low
run50D_d390h10_logreg_deep_v1,d390h10,validation,638,sell,2025-07-10 16:55:00,2025-07-10 17:45:00,10.0,0.53,early,vol_low,downtrend,adx_gt25,spread_low
run50D_d390h10_logreg_deep_v1,d390h10,validation,639,buy,2025-07-11 16:45:00,2025-07-11 16:50:00,1.0,5.69,early,vol_low,range_or_weak_trend,adx_lt20,spread_low
run50D_d390h10_logreg_deep_v1,d390h10,validation,640,sell,2025-07-11 16:50:00,2025-07-11 17:40:00,10.0,-5.66,early,vol_mid,range_or_weak_trend,adx_lt20,spread_low
run50D_d390h10_logreg_deep_v1,d390h10,validation,641,sell,2025-07-14 16:45:00,2025-07-14 17:35:00,10.0,-7.7,early,vol_mid,range_or_weak_trend,adx_lt20,spread_low
run50D_d390h10_logreg_deep_v1,d390h10,validation,642,buy,2025-07-15 16:50:00,2025-07-15 17:40:00,10.0,0.93,early,vol_low,downtrend,adx_20_25,spread_low
run50D_d390h10_logreg_deep_v1,d390h10,validation,643,sell,2025-07-16 16:35:00,2025-07-16 17:25:00,10.0,2.31,early,vol_low,downtrend,adx_gt25,spread_low
run50D_d390h10_logreg_deep_v1,d390h10,validation,644,buy,2025-07-16 18:20:00,2025-07-16 19:10:00,10.0,4.68,early,vol_high,downtrend,adx_gt25,spread_low
run50D_d390h10_logreg_deep_v1,d390h10,validation,645,buy,2025-07-16 19:15:00,2025-07-16 20:05:00,10.0,6.54,mid,vol_high,downtrend,adx_20_25,spread_low
run50D_d390h10_logreg_deep_v1,d390h10,validation,646,buy,2025-07-21 16:45:00,2025-07-21 17:35:00,10.0,7.86,early,vol_low,downtrend,adx_gt25,spread_low
run50D_d390h10_logreg_deep_v1,d390h10,validation,647,sell,2025-07-22 16:35:00,2025-07-22 17:25:00,10.0,12.47,early,vol_low,downtrend,adx_gt25,spread_low
run50D_d390h10_logreg_deep_v1,d390h10,validation,648,sell,2025-07-23 16:55:00,2025-07-23 17:45:00,10.0,2.33,early,vol_low,downtrend,adx_gt25,spread_low
run50D_d390h10_logreg_deep_v1,d390h10,validation,649,buy,2025-07-23 18:55:00,2025-07-23 19:45:00,10.0,-3.61,mid,vol_low,downtrend,adx_20_25,spread_low
run50D_d390h10_logreg_deep_v1,d390h10,validation,650,buy,2025-07-24 16:40:00,2025-07-24 17:30:00,10.0,-1.56,early,vol_low,downtrend,adx_gt25,spread_low
run50D_d390h10_logreg_deep_v1,d390h10,validation,651,buy,2025-07-31 16:35:00,2025-07-31 16:40:00,1.0,-2.1,early,vol_mid,downtrend,adx_20_25,spread_low
run50D_d390h10_logreg_deep_v1,d390h10,validation,652,sell,2025-07-31 16:40:00,2025-07-31 16:50:00,2.0,1.31,early,vol_mid,downtrend,adx_gt25,spread_low
run50D_d390h10_logreg_deep_v1,d390h10,validation,653,buy,2025-07-31 16:50:00,2025-07-31 17:40:00,10.0,-1.97,early,vol_mid,downtrend,adx_gt25,spread_low
run50D_d390h10_logreg_deep_v1,d390h10,validation,654,buy,2025-07-31 18:05:00,2025-07-31 18:55:00,10.0,-0.76,early,vol_mid,downtrend,adx_gt25,spread_low
run50D_d390h10_logreg_deep_v1,d390h10,validation,655,buy,2025-07-31 19:05:00,2025-07-31 19:55:00,10.0,-0.2,mid,vol_mid,downtrend,adx_gt25,spread_low
run50D_d390h10_logreg_deep_v1,d390h10,validation,656,sell,2025-07-31 20:30:00,2025-07-31 21:20:00,10.0,9.86,late,vol_low,downtrend,adx_gt25,spread_low
run50D_d390h10_logreg_deep_v1,d390h10,validation,657,sell,2025-07-31 21:25:00,2025-08-01 16:45:00,232.0,46.73,late,vol_mid,downtrend,adx_gt25,spread_low
run50D_d390h10_logreg_deep_v1,d390h10,validation,658,sell,2025-08-01 16:50:00,2025-08-01 17:35:00,9.0,-14.38,early,vol_high,downtrend,adx_gt25,spread_low
run50D_d390h10_logreg_deep_v1,d390h10,validation,659,buy,2025-08-01 17:35:00,2025-08-01 17:40:00,1.0,-2.97,early,vol_high,downtrend,adx_gt25,spread_low
run50D_d390h10_logreg_deep_v1,d390h10,validation,660,sell,2025-08-01 17:40:00,2025-08-01 18:30:00,10.0,7.58,early,vol_high,downtrend,adx_gt25,spread_low
run50D_d390h10_logreg_deep_v1,d390h10,validation,661,sell,2025-08-01 18:35:00,2025-08-01 19:10:00,7.0,-11.57,mid,vol_mid,downtrend,adx_20_25,spread_low
run50D_d390h10_logreg_deep_v1,d390h10,validation,662,buy,2025-08-01 19:10:00,2025-08-01 19:40:00,6.0,-3.13,mid,vol_mid,downtrend,adx_20_25,spread_low
run50D_d390h10_logreg_deep_v1,d390h10,validation,663,sell,2025-08-01 19:40:00,2025-08-01 20:30:00,10.0,13.69,mid,vol_mid,downtrend,adx_20_25,spread_low
run50D_d390h10_logreg_deep_v1,d390h10,validation,664,sell,2025-08-01 20:35:00,2025-08-01 21:25:00,10.0,0.07,late,vol_low,downtrend,adx_gt25,spread_low
run50D_d390h10_logreg_deep_v1,d390h10,validation,665,sell,2025-08-01 21:30:00,2025-08-04 16:35:00,805.0,-24.25,late,vol_mid,downtrend,adx_gt25,spread_low
run50D_d390h10_logreg_deep_v1,d390h10,validation,666,buy,2025-08-04 16:35:00,2025-08-04 17:25:00,10.0,10.92,early,vol_low,range_or_weak_trend,adx_lt20,spread_low
run50D_d390h10_logreg_deep_v1,d390h10,validation,667,sell,2025-08-05 16:35:00,2025-08-05 17:25:00,10.0,2.74,early,vol_low,range_or_weak_trend,adx_lt20,spread_low
run50D_d390h10_logreg_deep_v1,d390h10,validation,668,buy,2025-08-05 18:40:00,2025-08-05 19:30:00,10.0,6.04,mid,vol_mid,downtrend,adx_gt25,spread_low
run50D_d390h10_logreg_deep_v1,d390h10,validation,669,buy,2025-08-05 19:35:00,2025-08-05 20:25:00,10.0,-1.55,mid,vol_low,downtrend,adx_gt25,spread_low
run50D_d390h10_logreg_deep_v1,d390h10,validation,670,sell,2025-08-06 16:35:00,2025-08-06 16:40:00,1.0,5.88,early,vol_low,range_or_weak_trend,adx_lt20,spread_low
run50D_d390h10_logreg_deep_v1,d390h10,validation,671,buy,2025-08-06 16:40:00,2025-08-06 16:50:00,2.0,5.71,early,vol_mid,range_or_weak_trend,adx_lt20,spread_low
run50D_d390h10_logreg_deep_v1,d390h10,validation,672,sell,2025-08-06 16:50:00,2025-08-06 16:55:00,1.0,-1.26,early,vol_mid,range_or_weak_trend,adx_lt20,spread_low
run50D_d390h10_logreg_deep_v1,d390h10,validation,673,buy,2025-08-06 16:55:00,2025-08-06 17:45:00,10.0,2.34,early,vol_mid,downtrend,adx_20_25,spread_low
run50D_d390h10_logreg_deep_v1,d390h10,validation,674,buy,2025-08-06 18:05:00,2025-08-06 18:55:00,10.0,10.16,early,vol_high,downtrend,adx_20_25,spread_low
run50D_d390h10_logreg_deep_v1,d390h10,validation,675,buy,2025-08-07 16:45:00,2025-08-07 17:35:00,10.0,-4.0,early,vol_low,downtrend,adx_gt25,spread_low
run50D_d390h10_logreg_deep_v1,d390h10,validation,676,buy,2025-08-07 18:20:00,2025-08-07 19:10:00,10.0,-6.41,early,vol_mid,downtrend,adx_gt25,spread_low
run50D_d390h10_logreg_deep_v1,d390h10,validation,677,buy,2025-08-07 19:15:00,2025-08-07 20:05:00,10.0,-5.46,mid,vol_mid,downtrend,adx_gt25,spread_low
run50D_d390h10_logreg_deep_v1,d390h10,validation,678,buy,2025-08-07 20:15:00,2025-08-07 21:05:00,10.0,-2.78,late,vol_mid,downtrend,adx_gt25,spread_low
run50D_d390h10_logreg_deep_v1,d390h10,validation,679,buy,2025-08-07 21:10:00,2025-08-07 22:00:00,10.0,2.07,late,vol_mid,downtrend,adx_gt25,spread_low
run50D_d390h10_logreg_deep_v1,d390h10,validation,680,buy,2025-08-08 16:45:00,2025-08-08 17:35:00,10.0,8.91,early,vol_low,downtrend,adx_gt25,spread_low
run50D_d390h10_logreg_deep_v1,d390h10,validation,681,buy,2025-08-12 16:35:00,2025-08-12 16:50:00,3.0,-8.17,early,vol_mid,downtrend,adx_gt25,spread_low
run50D_d390h10_logreg_deep_v1,d390h10,validation,682,sell,2025-08-12 16:50:00,2025-08-12 17:05:00,3.0,3.53,early,vol_high,downtrend,adx_gt25,spread_low
run50D_d390h10_logreg_deep_v1,d390h10,validation,683,buy,2025-08-12 17:05:00,2025-08-12 17:55:00,10.0,9.97,early,vol_high,downtrend,adx_gt25,spread_low
run50D_d390h10_logreg_deep_v1,d390h10,validation,684,buy,2025-08-14 16:35:00,2025-08-14 17:25:00,10.0,3.43,early,vol_high,downtrend,adx_gt25,spread_low
run50D_d390h10_logreg_deep_v1,d390h10,validation,685,sell,2025-08-15 16:35:00,2025-08-15 17:05:00,6.0,0.17,early,vol_low,range_or_weak_trend,adx_lt20,spread_low
run50D_d390h10_logreg_deep_v1,d390h10,validation,686,buy,2025-08-15 17:05:00,2025-08-15 17:55:00,10.0,-4.68,early,vol_mid,downtrend,adx_gt25,spread_low
run50D_d390h10_logreg_deep_v1,d390h10,validation,687,sell,2025-08-18 16:45:00,2025-08-18 17:35:00,10.0,-0.33,early,vol_low,range_or_weak_trend,adx_lt20,spread_low
run50D_d390h10_logreg_deep_v1,d390h10,validation,688,sell,2025-08-19 16:35:00,2025-08-19 17:25:00,10.0,-2.58,early,vol_mid,downtrend,adx_gt25,spread_low
run50D_d390h10_logreg_deep_v1,d390h10,validation,689,sell,2025-08-19 17:30:00,2025-08-19 18:20:00,10.0,5.46,early,vol_high,downtrend,adx_gt25,spread_low
run50D_d390h10_logreg_deep_v1,d390h10,validation,690,sell,2025-08-20 16:35:00,2025-08-20 17:25:00,10.0,22.84,early,vol_low,range_or_weak_trend,adx_lt20,spread_low
run50D_d390h10_logreg_deep_v1,d390h10,validation,691,sell,2025-08-20 17:30:00,2025-08-20 18:10:00,8.0,-2.86,early,vol_high,downtrend,adx_gt25,spread_low
run50D_d390h10_logreg_deep_v1,d390h10,validation,692,buy,2025-08-20 18:10:00,2025-08-20 19:00:00,10.0,4.73,early,vol_high,downtrend,adx_gt25,spread_low
run50D_d390h10_logreg_deep_v1,d390h10,validation,693,buy,2025-08-20 19:05:00,2025-08-20 19:55:00,10.0,4.16,mid,vol_high,downtrend,adx_gt25,spread_low
run50D_d390h10_logreg_deep_v1,d390h10,validation,694,sell,2025-08-20 21:05:00,2025-08-20 21:55:00,10.0,-4.06,late,vol_mid,downtrend,adx_20_25,spread_low
run50D_d390h10_logreg_deep_v1,d390h10,validation,695,sell,2025-08-21 16:45:00,2025-08-21 17:00:00,3.0,7.69,early,vol_mid,downtrend,adx_gt25,spread_low
run50D_d390h10_logreg_deep_v1,d390h10,validation,696,buy,2025-08-21 17:00:00,2025-08-21 17:50:00,10.0,7.04,early,vol_mid,downtrend,adx_gt25,spread_low
run50D_d390h10_logreg_deep_v1,d390h10,validation,697,buy,2025-08-21 18:30:00,2025-08-21 19:20:00,10.0,-4.56,mid,vol_high,downtrend,adx_20_25,spread_low
run50D_d390h10_logreg_deep_v1,d390h10,validation,698,sell,2025-08-22 17:00:00,2025-08-22 17:05:00,1.0,-22.05,early,vol_mid,range_or_weak_trend,adx_lt20,spread_low
run50D_d390h10_logreg_deep_v1,d390h10,validation,699,buy,2025-08-22 17:05:00,2025-08-22 17:55:00,10.0,13.16,early,vol_high,range_or_weak_trend,adx_lt20,spread_low
run50D_d390h10_logreg_deep_v1,d390h10,validation,700,buy,2025-08-22 18:00:00,2025-08-22 18:50:00,10.0,-1.38,early,feature_missing,feature_missing,feature_missing,spread_low
run50D_d390h10_logreg_deep_v1,d390h10,validation,701,sell,2025-08-26 16:50:00,2025-08-26 17:40:00,10.0,-8.0,early,vol_low,downtrend,adx_20_25,spread_low
run50D_d390h10_logreg_deep_v1,d390h10,validation,702,buy,2025-08-28 16:35:00,2025-08-28 16:50:00,3.0,-7.22,early,vol_mid,downtrend,adx_gt25,spread_low
run50D_d390h10_logreg_deep_v1,d390h10,validation,703,sell,2025-08-28 16:50:00,2025-08-28 17:10:00,4.0,0.43,early,vol_mid,downtrend,adx_gt25,spread_low
run50D_d390h10_logreg_deep_v1,d390h10,validation,704,buy,2025-08-28 17:10:00,2025-08-28 18:00:00,10.0,6.08,early,vol_high,downtrend,adx_gt25,spread_low
run50D_d390h10_logreg_deep_v1,d390h10,validation,705,sell,2025-08-29 16:40:00,2025-08-29 17:30:00,10.0,9.69,early,vol_low,downtrend,adx_gt25,spread_low
run50D_d390h10_logreg_deep_v1,d390h10,validation,706,sell,2025-09-02 16:35:00,2025-09-02 16:40:00,1.0,-5.23,early,vol_low,downtrend,adx_gt25,spread_low
run50D_d390h10_logreg_deep_v1,d390h10,validation,707,buy,2025-09-02 16:40:00,2025-09-02 17:30:00,10.0,12.71,early,vol_mid,downtrend,adx_gt25,spread_low
run50D_d390h10_logreg_deep_v1,d390h10,validation,708,buy,2025-09-02 17:35:00,2025-09-02 18:05:00,6.0,-10.8,early,vol_mid,downtrend,adx_gt25,spread_low
run50D_d390h10_logreg_deep_v1,d390h10,validation,709,sell,2025-09-02 18:05:00,2025-09-02 18:55:00,10.0,10.51,early,vol_high,downtrend,adx_gt25,spread_low
run50D_d390h10_logreg_deep_v1,d390h10,validation,710,sell,2025-09-02 19:00:00,2025-09-02 19:50:00,10.0,-3.78,mid,vol_mid,downtrend,adx_gt25,spread_low
run50D_d390h10_logreg_deep_v1,d390h10,validation,711,buy,2025-09-03 16:35:00,2025-09-03 17:25:00,10.0,5.24,early,vol_low,downtrend,adx_20_25,spread_low
run50D_d390h10_logreg_deep_v1,d390h10,validation,712,buy,2025-09-03 17:30:00,2025-09-03 18:20:00,10.0,4.97,early,vol_mid,downtrend,adx_20_25,spread_low
run50D_d390h10_logreg_deep_v1,d390h10,validation,713,buy,2025-09-04 16:35:00,2025-09-04 17:25:00,10.0,-5.9,early,vol_low,downtrend,adx_20_25,spread_low
run50D_d390h10_logreg_deep_v1,d390h10,validation,714,sell,2025-09-05 16:35:00,2025-09-05 16:45:00,2.0,-2.78,early,vol_low,range_or_weak_trend,adx_lt20,spread_low
run50D_d390h10_logreg_deep_v1,d390h10,validation,715,buy,2025-09-05 16:45:00,2025-09-05 17:25:00,8.0,-21.22,early,vol_low,range_or_weak_trend,adx_lt20,spread_low
run50D_d390h10_logreg_deep_v1,d390h10,validation,716,sell,2025-09-05 17:25:00,2025-09-05 18:05:00,8.0,12.62,early,vol_mid,downtrend,adx_20_25,spread_low
run50D_d390h10_logreg_deep_v1,d390h10,validation,717,buy,2025-09-05 18:05:00,2025-09-05 18:10:00,1.0,0.06,early,vol_high,downtrend,adx_gt25,spread_low
run50D_d390h10_logreg_deep_v1,d390h10,validation,718,sell,2025-09-05 18:10:00,2025-09-05 18:15:00,1.0,-3.72,early,vol_high,downtrend,adx_gt25,spread_low
run50D_d390h10_logreg_deep_v1,d390h10,validation,719,buy,2025-09-05 18:15:00,2025-09-05 19:05:00,10.0,3.68,early,vol_high,downtrend,adx_gt25,spread_low
run50D_d390h10_logreg_deep_v1,d390h10,validation,720,buy,2025-09-05 19:10:00,2025-09-05 20:00:00,10.0,2.51,mid,vol_high,downtrend,adx_gt25,spread_low
run50D_d390h10_logreg_deep_v1,d390h10,validation,721,buy,2025-09-05 20:05:00,2025-09-05 20:55:00,10.0,-1.02,mid,vol_mid,downtrend,adx_20_25,spread_low
run50D_d390h10_logreg_deep_v1,d390h10,validation,722,sell,2025-09-10 16:40:00,2025-09-10 16:45:00,1.0,0.77,early,feature_missing,feature_missing,feature_missing,spread_low
run50D_d390h10_logreg_deep_v1,d390h10,validation,723,buy,2025-09-10 16:45:00,2025-09-10 17:35:00,10.0,3.67,early,vol_mid,downtrend,adx_gt25,spread_low
run50D_d390h10_logreg_deep_v1,d390h10,validation,724,sell,2025-09-11 16:40:00,2025-09-11 17:00:00,4.0,-4.55,early,vol_mid,downtrend,adx_20_25,spread_low
run50D_d390h10_logreg_deep_v1,d390h10,validation,725,buy,2025-09-11 17:00:00,2025-09-11 17:50:00,10.0,2.61,early,vol_mid,range_or_weak_trend,adx_lt20,spread_low
run50D_d390h10_logreg_deep_v1,d390h10,validation,726,buy,2025-09-12 16:55:00,2025-09-12 17:45:00,10.0,5.48,early,vol_low,range_or_weak_trend,adx_lt20,spread_low
run50D_d390h10_logreg_deep_v1,d390h10,validation,727,buy,2025-09-17 16:55:00,2025-09-17 17:45:00,10.0,-7.55,early,vol_low,range_or_weak_trend,adx_lt20,spread_low
run50D_d390h10_logreg_deep_v1,d390h10,validation,728,sell,2025-09-17 21:15:00,2025-09-17 22:00:00,9.0,-7.05,late,vol_high,downtrend,adx_gt25,spread_low
run50D_d390h10_logreg_deep_v1,d390h10,validation,729,buy,2025-09-17 22:00:00,2025-09-18 16:40:00,224.0,27.29,late,vol_high,downtrend,adx_gt25,spread_low
run50D_d390h10_logreg_deep_v1,d390h10,validation,730,sell,2025-09-18 16:40:00,2025-09-18 16:55:00,3.0,0.64,early,vol_low,downtrend,adx_20_25,spread_low
run50D_d390h10_logreg_deep_v1,d390h10,validation,731,buy,2025-09-18 16:55:00,2025-09-18 17:45:00,10.0,9.86,early,vol_low,downtrend,adx_gt25,spread_low
run50D_d390h10_logreg_deep_v1,d390h10,validation,732,sell,2025-09-19 16:35:00,2025-09-19 17:25:00,10.0,-3.07,early,vol_low,downtrend,adx_gt25,spread_low
run50D_d390h10_logreg_deep_v1,d390h10,validation,733,buy,2025-09-22 16:55:00,2025-09-22 17:45:00,10.0,3.97,early,vol_low,downtrend,adx_gt25,spread_low
run50D_d390h10_logreg_deep_v1,d390h10,validation,734,sell,2025-09-23 16:50:00,2025-09-23 17:40:00,10.0,-0.22,early,vol_low,downtrend,adx_20_25,spread_low
run50D_d390h10_logreg_deep_v1,d390h10,validation,735,sell,2025-09-24 16:50:00,2025-09-24 17:40:00,10.0,-0.8,early,vol_low,downtrend,adx_gt25,spread_low
run50D_d390h10_logreg_deep_v1,d390h10,validation,736,sell,2025-09-24 19:10:00,2025-09-24 20:00:00,10.0,-3.77,mid,vol_low,downtrend,adx_gt25,spread_low
run50D_d390h10_logreg_deep_v1,d390h10,validation,737,sell,2025-09-25 16:35:00,2025-09-25 16:50:00,3.0,3.26,early,vol_mid,downtrend,adx_gt25,spread_low
run50D_d390h10_logreg_deep_v1,d390h10,validation,738,buy,2025-09-25 16:50:00,2025-09-25 16:55:00,1.0,-2.77,early,vol_mid,downtrend,adx_gt25,spread_low
run50D_d390h10_logreg_deep_v1,d390h10,validation,739,sell,2025-09-25 16:55:00,2025-09-25 17:00:00,1.0,0.51,early,vol_mid,downtrend,adx_gt25,spread_low
run50D_d390h10_logreg_deep_v1,d390h10,validation,740,buy,2025-09-25 17:00:00,2025-09-25 17:50:00,10.0,20.08,early,vol_mid,downtrend,adx_gt25,spread_low
run50D_d390h10_logreg_deep_v1,d390h10,validation,741,buy,2025-09-25 17:55:00,2025-09-25 18:45:00,10.0,5.92,early,vol_high,downtrend,adx_gt25,spread_low
run50D_d390h10_logreg_deep_v1,d390h10,validation,742,sell,2025-09-25 20:25:00,2025-09-25 21:15:00,10.0,3.53,late,vol_low,range_or_weak_trend,adx_lt20,spread_low
run50D_d390h10_logreg_deep_v1,d390h10,validation,743,sell,2025-09-26 16:35:00,2025-09-26 17:25:00,10.0,12.09,early,vol_mid,downtrend,adx_gt25,spread_low
run50D_d390h10_logreg_deep_v1,d390h10,validation,744,buy,2025-09-26 17:50:00,2025-09-26 18:40:00,10.0,2.89,early,vol_high,downtrend,adx_gt25,spread_low
run50D_d390h10_logreg_deep_v1,d390h10,validation,745,buy,2025-09-26 18:55:00,2025-09-26 19:45:00,10.0,7.34,mid,vol_high,downtrend,adx_20_25,spread_low
run50D_d390h10_logreg_deep_v1,d390h10,validation,746,buy,2025-09-26 19:50:00,2025-09-26 20:40:00,10.0,2.86,mid,vol_mid,downtrend,adx_20_25,spread_low
run50D_d390h10_logreg_deep_v1,d390h10,validation,747,sell,2025-09-30 16:35:00,2025-09-30 16:50:00,3.0,-1.98,early,vol_low,range_or_weak_trend,adx_lt20,spread_low
run50D_d390h10_logreg_deep_v1,d390h10,validation,748,buy,2025-09-30 16:50:00,2025-09-30 17:40:00,10.0,-2.37,early,vol_mid,downtrend,adx_20_25,spread_low
run50D_d390h10_logreg_deep_v1,d390h10,oos,1,sell,2025-10-01 16:35:00,2025-10-01 17:05:00,6.0,-0.76,early,vol_low,downtrend,adx_20_25,spread_low
run50D_d390h10_logreg_deep_v1,d390h10,oos,2,buy,2025-10-01 17:05:00,2025-10-01 17:55:00,10.0,7.28,early,vol_high,range_or_weak_trend,adx_lt20,spread_low
run50D_d390h10_logreg_deep_v1,d390h10,oos,3,sell,2025-10-02 16:35:00,2025-10-02 17:25:00,10.0,3.47,early,vol_low,downtrend,adx_gt25,spread_low
run50D_d390h10_logreg_deep_v1,d390h10,oos,4,sell,2025-10-03 20:05:00,2025-10-03 20:55:00,10.0,12.36,mid,vol_low,range_or_weak_trend,adx_lt20,spread_low
run50D_d390h10_logreg_deep_v1,d390h10,oos,5,buy,2025-10-06 16:35:00,2025-10-06 17:25:00,10.0,-0.47,early,vol_low,downtrend,adx_gt25,spread_low
run50D_d390h10_logreg_deep_v1,d390h10,oos,6,sell,2025-10-07 18:10:00,2025-10-07 19:00:00,10.0,3.03,early,vol_mid,downtrend,adx_gt25,spread_low
run50D_d390h10_logreg_deep_v1,d390h10,oos,7,buy,2025-10-08 17:00:00,2025-10-08 17:50:00,10.0,1.81,early,vol_low,downtrend,adx_gt25,spread_low
run50D_d390h10_logreg_deep_v1,d390h10,oos,8,sell,2025-10-10 18:00:00,2025-10-10 18:15:00,3.0,13.03,early,vol_high,downtrend,adx_20_25,spread_low
run50D_d390h10_logreg_deep_v1,d390h10,oos,9,buy,2025-10-10 18:15:00,2025-10-10 18:30:00,3.0,-24.23,early,vol_high,downtrend,adx_gt25,spread_low
run50D_d390h10_logreg_deep_v1,d390h10,oos,10,sell,2025-10-10 18:30:00,2025-10-10 18:55:00,5.0,-4.61,mid,vol_high,downtrend,adx_gt25,spread_low
run50D_d390h10_logreg_deep_v1,d390h10,oos,11,buy,2025-10-10 18:55:00,2025-10-10 19:45:00,10.0,-13.22,mid,vol_high,downtrend,adx_gt25,spread_low
run50D_d390h10_logreg_deep_v1,d390h10,oos,12,buy,2025-10-10 19:50:00,2025-10-10 20:40:00,10.0,2.04,mid,vol_high,downtrend,adx_gt25,spread_low
run50D_d390h10_logreg_deep_v1,d390h10,oos,13,buy,2025-10-10 20:45:00,2025-10-10 21:35:00,10.0,-5.77,late,vol_mid,downtrend,adx_gt25,spread_low
run50D_d390h10_logreg_deep_v1,d390h10,oos,14,buy,2025-10-10 21:40:00,2025-10-10 21:55:00,3.0,-7.56,late,vol_mid,downtrend,adx_gt25,spread_low
run50D_d390h10_logreg_deep_v1,d390h10,oos,15,sell,2025-10-10 21:55:00,2025-10-13 16:35:00,800.0,-18.77,late,vol_mid,downtrend,adx_gt25,spread_low
run50D_d390h10_logreg_deep_v1,d390h10,oos,16,buy,2025-10-13 16:35:00,2025-10-13 17:25:00,10.0,7.63,early,vol_high,downtrend,adx_20_25,spread_low
run50D_d390h10_logreg_deep_v1,d390h10,oos,17,buy,2025-10-13 17:30:00,2025-10-13 18:00:00,6.0,-6.77,early,feature_missing,feature_missing,feature_missing,spread_low
run50D_d390h10_logreg_deep_v1,d390h10,oos,18,sell,2025-10-13 18:00:00,2025-10-13 18:10:00,2.0,-4.0,early,vol_high,range_or_weak_trend,adx_lt20,spread_low
run50D_d390h10_logreg_deep_v1,d390h10,oos,19,buy,2025-10-13 18:10:00,2025-10-13 19:00:00,10.0,9.52,early,feature_missing,feature_missing,feature_missing,spread_low
run50D_d390h10_logreg_deep_v1,d390h10,oos,20,sell,2025-10-14 16:35:00,2025-10-14 17:25:00,10.0,-12.83,early,vol_mid,range_or_weak_trend,adx_lt20,spread_low
run50D_d390h10_logreg_deep_v1,d390h10,oos,21,buy,2025-10-14 17:30:00,2025-10-14 18:20:00,10.0,-2.96,early,vol_high,downtrend,adx_20_25,spread_low
run50D_d390h10_logreg_deep_v1,d390h10,oos,22,sell,2025-10-14 18:40:00,2025-10-14 19:30:00,10.0,-15.77,mid,vol_mid,range_or_weak_trend,adx_lt20,spread_low
run50D_d390h10_logreg_deep_v1,d390h10,oos,23,sell,2025-10-15 16:50:00,2025-10-15 16:55:00,1.0,-6.15,early,vol_low,downtrend,adx_20_25,spread_low
run50D_d390h10_logreg_deep_v1,d390h10,oos,24,buy,2025-10-15 16:55:00,2025-10-15 17:45:00,10.0,11.48,early,vol_mid,downtrend,adx_gt25,spread_low
run50D_d390h10_logreg_deep_v1,d390h10,oos,25,buy,2025-10-15 18:10:00,2025-10-15 19:00:00,10.0,-15.53,early,vol_mid,downtrend,adx_20_25,spread_low
run50D_d390h10_logreg_deep_v1,d390h10,oos,26,sell,2025-10-15 20:15:00,2025-10-15 20:50:00,7.0,-17.13,late,vol_high,downtrend,adx_gt25,spread_low
run50D_d390h10_logreg_deep_v1,d390h10,oos,27,buy,2025-10-15 20:50:00,2025-10-15 21:40:00,10.0,4.86,late,vol_high,downtrend,adx_gt25,spread_low
run50D_d390h10_logreg_deep_v1,d390h10,oos,28,buy,2025-10-15 21:50:00,2025-10-16 17:10:00,232.0,12.87,late,vol_high,range_or_weak_trend,adx_lt20,spread_low
run50D_d390h10_logreg_deep_v1,d390h10,oos,29,buy,2025-10-16 17:15:00,2025-10-16 18:05:00,10.0,5.91,early,vol_mid,range_or_weak_trend,adx_lt20,spread_low
run50D_d390h10_logreg_deep_v1,d390h10,oos,30,sell,2025-10-16 19:20:00,2025-10-16 19:50:00,6.0,10.47,mid,vol_mid,downtrend,adx_gt25,spread_low
run50D_d390h10_logreg_deep_v1,d390h10,oos,31,buy,2025-10-16 19:50:00,2025-10-16 20:40:00,10.0,8.97,mid,vol_high,downtrend,adx_gt25,spread_low
run50D_d390h10_logreg_deep_v1,d390h10,oos,32,buy,2025-10-16 20:45:00,2025-10-16 21:35:00,10.0,-21.96,late,vol_high,downtrend,adx_gt25,spread_low
run50D_d390h10_logreg_deep_v1,d390h10,oos,33,buy,2025-10-16 21:40:00,2025-10-17 16:35:00,227.0,7.24,late,vol_high,downtrend,adx_gt25,spread_low
run50D_d390h10_logreg_deep_v1,d390h10,oos,34,sell,2025-10-17 16:35:00,2025-10-17 17:15:00,8.0,-15.18,early,vol_mid,downtrend,adx_gt25,spread_low
run50D_d390h10_logreg_deep_v1,d390h10,oos,35,buy,2025-10-17 17:15:00,2025-10-17 18:00:00,9.0,-16.8,early,vol_high,downtrend,adx_gt25,spread_low
run50D_d390h10_logreg_deep_v1,d390h10,oos,36,sell,2025-10-17 18:00:00,2025-10-17 18:40:00,8.0,1.18,early,vol_high,downtrend,adx_20_25,spread_low
run50D_d390h10_logreg_deep_v1,d390h10,oos,37,buy,2025-10-17 18:40:00,2025-10-17 19:30:00,10.0,19.67,mid,vol_high,downtrend,adx_20_25,spread_low
run50D_d390h10_logreg_deep_v1,d390h10,oos,38,buy,2025-10-17 19:35:00,2025-10-17 20:25:00,10.0,-5.52,mid,vol_high,downtrend,adx_20_25,spread_low
run50D_d390h10_logreg_deep_v1,d390h10,oos,39,buy,2025-10-17 20:45:00,2025-10-17 21:35:00,10.0,15.37,late,vol_mid,range_or_weak_trend,adx_lt20,spread_low
run50D_d390h10_logreg_deep_v1,d390h10,oos,40,buy,2025-10-20 16:35:00,2025-10-20 17:25:00,10.0,6.07,early,vol_low,downtrend,adx_gt25,spread_low
run50D_d390h10_logreg_deep_v1,d390h10,oos,41,buy,2025-10-20 17:30:00,2025-10-20 18:20:00,10.0,3.46,early,vol_mid,downtrend,adx_gt25,spread_low
run50D_d390h10_logreg_deep_v1,d390h10,oos,42,sell,2025-10-22 16:35:00,2025-10-22 16:50:00,3.0,-7.25,early,vol_mid,range_or_weak_trend,adx_lt20,spread_low
run50D_d390h10_logreg_deep_v1,d390h10,oos,43,buy,2025-10-22 16:50:00,2025-10-22 17:40:00,10.0,-16.38,early,vol_mid,downtrend,adx_20_25,spread_low
run50D_d390h10_logreg_deep_v1,d390h10,oos,44,buy,2025-10-22 18:00:00,2025-10-22 18:50:00,10.0,-7.27,early,vol_high,downtrend,adx_gt25,spread_low
run50D_d390h10_logreg_deep_v1,d390h10,oos,45,buy,2025-10-22 19:00:00,2025-10-22 19:50:00,10.0,-13.02,mid,vol_high,downtrend,adx_gt25,spread_low
run50D_d390h10_logreg_deep_v1,d390h10,oos,46,buy,2025-10-22 19:55:00,2025-10-22 20:40:00,9.0,-15.52,mid,vol_mid,downtrend,adx_gt25,spread_low
run50D_d390h10_logreg_deep_v1,d390h10,oos,47,sell,2025-10-22 20:40:00,2025-10-22 21:25:00,9.0,-8.0,late,vol_mid,downtrend,adx_gt25,spread_low
run50D_d390h10_logreg_deep_v1,d390h10,oos,48,buy,2025-10-22 21:25:00,2025-10-23 16:45:00,232.0,15.52,late,vol_high,downtrend,adx_gt25,spread_low
run50D_d390h10_logreg_deep_v1,d390h10,oos,49,buy,2025-10-23 16:50:00,2025-10-23 17:40:00,10.0,4.81,early,vol_mid,downtrend,adx_gt25,spread_low
run50D_d390h10_logreg_deep_v1,d390h10,oos,50,buy,2025-10-23 17:45:00,2025-10-23 18:35:00,10.0,2.28,early,vol_mid,downtrend,adx_gt25,spread_low
run50D_d390h10_logreg_deep_v1,d390h10,oos,51,buy,2025-10-24 16:35:00,2025-10-24 17:25:00,10.0,2.37,early,vol_mid,downtrend,adx_gt25,spread_low
run50D_d390h10_logreg_deep_v1,d390h10,oos,52,buy,2025-10-27 15:40:00,2025-10-27 16:30:00,10.0,-1.88,early,feature_missing,feature_missing,feature_missing,spread_low
run50D_d390h10_logreg_deep_v1,d390h10,oos,53,buy,2025-10-28 15:55:00,2025-10-28 16:45:00,10.0,7.36,early,feature_missing,feature_missing,feature_missing,spread_low
run50D_d390h10_logreg_deep_v1,d390h10,oos,54,buy,2025-10-29 15:35:00,2025-10-29 16:25:00,10.0,0.97,early,feature_missing,feature_missing,feature_missing,spread_low
run50D_d390h10_logreg_deep_v1,d390h10,oos,55,sell,2025-10-30 15:35:00,2025-10-30 16:25:00,10.0,4.89,early,feature_missing,feature_missing,feature_missing,spread_low
run50D_d390h10_logreg_deep_v1,d390h10,oos,56,sell,2025-10-30 16:35:00,2025-10-30 16:45:00,2.0,6.77,early,vol_mid,downtrend,adx_gt25,spread_low
run50D_d390h10_logreg_deep_v1,d390h10,oos,57,buy,2025-10-30 16:45:00,2025-10-30 17:35:00,10.0,7.46,early,vol_mid,downtrend,adx_gt25,spread_low
run50D_d390h10_logreg_deep_v1,d390h10,oos,58,buy,2025-10-30 17:40:00,2025-10-30 18:30:00,10.0,1.52,mid,vol_high,downtrend,adx_gt25,spread_low
run50D_d390h10_logreg_deep_v1,d390h10,oos,59,buy,2025-10-30 18:35:00,2025-10-30 19:25:00,10.0,5.92,mid,vol_mid,range_or_weak_trend,adx_lt20,spread_low
run50D_d390h10_logreg_deep_v1,d390h10,oos,60,sell,2025-10-30 20:10:00,2025-10-30 21:00:00,10.0,-4.17,late,feature_missing,feature_missing,feature_missing,spread_low
run50D_d390h10_logreg_deep_v1,d390h10,oos,61,sell,2025-10-31 16:45:00,2025-10-31 17:35:00,10.0,-0.62,early,vol_low,downtrend,adx_gt25,spread_low
run50D_d390h10_logreg_deep_v1,d390h10,oos,62,sell,2025-10-31 19:20:00,2025-10-31 20:10:00,10.0,1.96,late,vol_mid,downtrend,adx_gt25,spread_low
run50D_d390h10_logreg_deep_v1,d390h10,oos,63,sell,2025-11-03 16:40:00,2025-11-03 17:30:00,10.0,13.07,early,feature_missing,feature_missing,feature_missing,spread_low
run50D_d390h10_logreg_deep_v1,d390h10,oos,64,buy,2025-11-03 17:45:00,2025-11-03 18:35:00,10.0,-1.46,early,vol_mid,downtrend,adx_gt25,spread_low
run50D_d390h10_logreg_deep_v1,d390h10,oos,65,buy,2025-11-03 18:45:00,2025-11-03 19:35:00,10.0,5.31,mid,vol_mid,downtrend,adx_20_25,spread_low
run50D_d390h10_logreg_deep_v1,d390h10,oos,66,sell,2025-11-04 16:35:00,2025-11-04 16:55:00,4.0,-17.76,early,vol_mid,range_or_weak_trend,adx_lt20,spread_low
run50D_d390h10_logreg_deep_v1,d390h10,oos,67,buy,2025-11-04 16:55:00,2025-11-04 17:45:00,10.0,1.68,early,vol_high,range_or_weak_trend,adx_lt20,spread_low
run50D_d390h10_logreg_deep_v1,d390h10,oos,68,sell,2025-11-04 18:00:00,2025-11-04 18:50:00,10.0,4.03,early,vol_high,range_or_weak_trend,adx_lt20,spread_low
run50D_d390h10_logreg_deep_v1,d390h10,oos,69,sell,2025-11-04 19:00:00,2025-11-04 19:50:00,10.0,5.46,mid,vol_low,range_or_weak_trend,adx_lt20,spread_low
run50D_d390h10_logreg_deep_v1,d390h10,oos,70,sell,2025-11-04 19:55:00,2025-11-04 20:45:00,10.0,3.12,mid,vol_mid,downtrend,adx_gt25,spread_low
run50D_d390h10_logreg_deep_v1,d390h10,oos,71,sell,2025-11-05 16:35:00,2025-11-05 16:50:00,3.0,-10.78,early,vol_low,downtrend,adx_gt25,spread_low
run50D_d390h10_logreg_deep_v1,d390h10,oos,72,buy,2025-11-05 16:50:00,2025-11-05 17:40:00,10.0,9.29,early,vol_mid,downtrend,adx_gt25,spread_low
run50D_d390h10_logreg_deep_v1,d390h10,oos,73,sell,2025-11-06 16:35:00,2025-11-06 17:25:00,10.0,11.63,early,vol_low,downtrend,adx_gt25,spread_low
run50D_d390h10_logreg_deep_v1,d390h10,oos,74,buy,2025-11-06 17:30:00,2025-11-06 17:35:00,1.0,-5.95,early,vol_high,downtrend,adx_gt25,spread_low
run50D_d390h10_logreg_deep_v1,d390h10,oos,75,sell,2025-11-06 17:35:00,2025-11-06 17:45:00,2.0,12.06,early,vol_high,downtrend,adx_gt25,spread_low
run50D_d390h10_logreg_deep_v1,d390h10,oos,76,buy,2025-11-06 17:45:00,2025-11-06 18:35:00,10.0,-2.45,early,vol_high,downtrend,adx_gt25,spread_low
run50D_d390h10_logreg_deep_v1,d390h10,oos,77,buy,2025-11-06 18:40:00,2025-11-06 19:30:00,10.0,-1.05,mid,vol_high,downtrend,adx_gt25,spread_low
run50D_d390h10_logreg_deep_v1,d390h10,oos,78,buy,2025-11-06 19:35:00,2025-11-06 20:25:00,10.0,5.14,mid,vol_high,downtrend,adx_gt25,spread_low
run50D_d390h10_logreg_deep_v1,d390h10,oos,79,buy,2025-11-06 20:30:00,2025-11-06 21:20:00,10.0,5.79,late,vol_high,downtrend,adx_gt25,spread_low
run50D_d390h10_logreg_deep_v1,d390h10,oos,80,sell,2025-11-06 21:30:00,2025-11-07 16:50:00,232.0,49.82,late,feature_missing,feature_missing,feature_missing,spread_low
run50D_d390h10_logreg_deep_v1,d390h10,oos,81,buy,2025-11-07 16:55:00,2025-11-07 17:00:00,1.0,1.73,early,vol_high,downtrend,adx_20_25,spread_low
run50D_d390h10_logreg_deep_v1,d390h10,oos,82,sell,2025-11-07 17:00:00,2025-11-07 17:10:00,2.0,4.32,early,vol_high,downtrend,adx_20_25,spread_low
run50D_d390h10_logreg_deep_v1,d390h10,oos,83,buy,2025-11-07 17:10:00,2025-11-07 17:55:00,9.0,-11.77,early,vol_high,downtrend,adx_20_25,spread_low
run50D_d390h10_logreg_deep_v1,d390h10,oos,84,sell,2025-11-07 17:55:00,2025-11-07 18:45:00,10.0,5.18,early,vol_high,downtrend,adx_gt25,spread_low
run50D_d390h10_logreg_deep_v1,d390h10,oos,85,sell,2025-11-07 18:50:00,2025-11-07 19:40:00,10.0,-5.67,mid,vol_mid,downtrend,adx_gt25,spread_low
run50D_d390h10_logreg_deep_v1,d390h10,oos,86,sell,2025-11-07 19:45:00,2025-11-07 20:35:00,10.0,-10.86,mid,vol_mid,downtrend,adx_gt25,spread_low
run50D_d390h10_logreg_deep_v1,d390h10,oos,87,sell,2025-11-07 20:50:00,2025-11-07 21:40:00,10.0,-15.06,late,vol_mid,range_or_weak_trend,adx_lt20,spread_low
run50D_d390h10_logreg_deep_v1,d390h10,oos,88,sell,2025-11-07 21:45:00,2025-11-10 16:35:00,802.0,-47.82,late,vol_mid,range_or_weak_trend,adx_lt20,spread_low
run50D_d390h10_logreg_deep_v1,d390h10,oos,89,buy,2025-11-10 16:35:00,2025-11-10 17:25:00,10.0,8.42,early,vol_low,range_or_weak_trend,adx_lt20,spread_low
run50D_d390h10_logreg_deep_v1,d390h10,oos,90,buy,2025-11-10 17:45:00,2025-11-10 18:35:00,10.0,-12.1,early,vol_low,downtrend,adx_gt25,spread_low
run50D_d390h10_logreg_deep_v1,d390h10,oos,91,buy,2025-11-10 19:00:00,2025-11-10 19:50:00,10.0,8.83,mid,feature_missing,feature_missing,feature_missing,spread_low
run50D_d390h10_logreg_deep_v1,d390h10,oos,92,buy,2025-11-11 16:45:00,2025-11-11 17:35:00,10.0,-9.35,early,vol_low,range_or_weak_trend,adx_lt20,spread_low
run50D_d390h10_logreg_deep_v1,d390h10,oos,93,sell,2025-11-12 16:35:00,2025-11-12 17:10:00,7.0,2.31,early,vol_mid,range_or_weak_trend,adx_lt20,spread_low
run50D_d390h10_logreg_deep_v1,d390h10,oos,94,buy,2025-11-12 17:10:00,2025-11-12 18:00:00,10.0,-9.67,early,vol_high,downtrend,adx_gt25,spread_low
run50D_d390h10_logreg_deep_v1,d390h10,oos,95,buy,2025-11-12 18:05:00,2025-11-12 18:55:00,10.0,-2.5,early,vol_high,downtrend,adx_gt25,spread_low
run50D_d390h10_logreg_deep_v1,d390h10,oos,96,buy,2025-11-12 19:00:00,2025-11-12 19:50:00,10.0,3.98,mid,vol_mid,downtrend,adx_gt25,spread_low
run50D_d390h10_logreg_deep_v1,d390h10,oos,97,buy,2025-11-12 19:55:00,2025-11-12 20:45:00,10.0,3.41,mid,vol_mid,downtrend,adx_gt25,spread_low
run50D_d390h10_logreg_deep_v1,d390h10,oos,98,sell,2025-11-13 16:35:00,2025-11-13 16:55:00,4.0,7.67,early,vol_mid,downtrend,adx_gt25,spread_low
run50D_d390h10_logreg_deep_v1,d390h10,oos,99,buy,2025-11-13 16:55:00,2025-11-13 17:45:00,10.0,-6.41,early,vol_high,downtrend,adx_gt25,spread_low
run50D_d390h10_logreg_deep_v1,d390h10,oos,100,buy,2025-11-13 17:50:00,2025-11-13 18:40:00,10.0,-6.03,early,vol_high,downtrend,adx_gt25,spread_low
run50D_d390h10_logreg_deep_v1,d390h10,oos,101,buy,2025-11-13 18:45:00,2025-11-13 19:35:00,10.0,6.76,mid,vol_high,downtrend,adx_gt25,spread_low
run50D_d390h10_logreg_deep_v1,d390h10,oos,102,buy,2025-11-13 19:40:00,2025-11-13 20:10:00,6.0,-11.11,mid,vol_mid,downtrend,adx_20_25,spread_low
run50D_d390h10_logreg_deep_v1,d390h10,oos,103,sell,2025-11-13 20:10:00,2025-11-13 21:00:00,10.0,5.69,mid,vol_mid,downtrend,adx_20_25,spread_low
run50D_d390h10_logreg_deep_v1,d390h10,oos,104,sell,2025-11-13 21:05:00,2025-11-13 21:55:00,10.0,-0.27,late,vol_mid,downtrend,adx_gt25,spread_low
run50D_d390h10_logreg_deep_v1,d390h10,oos,105,sell,2025-11-13 22:00:00,2025-11-14 16:50:00,226.0,15.93,late,vol_mid,downtrend,adx_gt25,spread_low
run50D_d390h10_logreg_deep_v1,d390h10,oos,106,buy,2025-11-14 16:50:00,2025-11-14 16:55:00,1.0,3.57,early,vol_high,downtrend,adx_20_25,spread_low
run50D_d390h10_logreg_deep_v1,d390h10,oos,107,sell,2025-11-14 16:55:00,2025-11-14 17:00:00,1.0,-2.25,early,vol_high,downtrend,adx_20_25,spread_low
run50D_d390h10_logreg_deep_v1,d390h10,oos,108,buy,2025-11-14 17:00:00,2025-11-14 17:50:00,10.0,19.66,early,vol_high,downtrend,adx_20_25,spread_low
run50D_d390h10_logreg_deep_v1,d390h10,oos,109,buy,2025-11-14 17:55:00,2025-11-14 18:45:00,10.0,6.99,early,vol_high,downtrend,adx_gt25,spread_low
run50D_d390h10_logreg_deep_v1,d390h10,oos,110,buy,2025-11-14 18:50:00,2025-11-14 19:35:00,9.0,2.12,mid,vol_high,downtrend,adx_gt25,spread_low
run50D_d390h10_logreg_deep_v1,d390h10,oos,111,sell,2025-11-14 19:35:00,2025-11-14 20:25:00,10.0,9.72,mid,vol_mid,downtrend,adx_gt25,spread_low
run50D_d390h10_logreg_deep_v1,d390h10,oos,112,sell,2025-11-14 20:30:00,2025-11-14 21:20:00,10.0,-0.1,late,vol_high,downtrend,adx_gt25,spread_low
run50D_d390h10_logreg_deep_v1,d390h10,oos,113,buy,2025-11-17 16:35:00,2025-11-17 17:25:00,10.0,-0.05,early,vol_high,downtrend,adx_gt25,spread_low
run50D_d390h10_logreg_deep_v1,d390h10,oos,114,buy,2025-11-17 17:30:00,2025-11-17 18:20:00,10.0,-17.75,early,vol_high,downtrend,adx_gt25,spread_low
run50D_d390h10_logreg_deep_v1,d390h10,oos,115,buy,2025-11-17 18:25:00,2025-11-17 19:15:00,10.0,17.56,mid,vol_high,downtrend,adx_gt25,spread_low
run50D_d390h10_logreg_deep_v1,d390h10,oos,116,buy,2025-11-17 19:20:00,2025-11-17 19:40:00,4.0,-3.38,mid,vol_high,downtrend,adx_20_25,spread_low
run50D_d390h10_logreg_deep_v1,d390h10,oos,117,sell,2025-11-17 19:40:00,2025-11-17 20:30:00,10.0,12.74,mid,vol_high,range_or_weak_trend,adx_lt20,spread_low
run50D_d390h10_logreg_deep_v1,d390h10,oos,118,sell,2025-11-17 20:35:00,2025-11-17 21:25:00,10.0,10.37,late,feature_missing,feature_missing,feature_missing,spread_low
run50D_d390h10_logreg_deep_v1,d390h10,oos,119,sell,2025-11-17 21:30:00,2025-11-18 16:40:00,230.0,12.72,late,vol_mid,downtrend,adx_gt25,spread_low
run50D_d390h10_logreg_deep_v1,d390h10,oos,120,buy,2025-11-18 16:40:00,2025-11-18 16:55:00,3.0,-16.43,early,vol_mid,range_or_weak_trend,adx_lt20,spread_low
run50D_d390h10_logreg_deep_v1,d390h10,oos,121,sell,2025-11-18 16:55:00,2025-11-18 17:10:00,3.0,3.04,early,vol_mid,range_or_weak_trend,adx_lt20,spread_low
run50D_d390h10_logreg_deep_v1,d390h10,oos,122,buy,2025-11-18 17:10:00,2025-11-18 18:00:00,10.0,-8.72,early,vol_high,downtrend,adx_20_25,spread_low
run50D_d390h10_logreg_deep_v1,d390h10,oos,123,buy,2025-11-18 18:05:00,2025-11-18 18:55:00,10.0,23.63,early,vol_high,downtrend,adx_gt25,spread_low
run50D_d390h10_logreg_deep_v1,d390h10,oos,124,buy,2025-11-18 19:00:00,2025-11-18 19:30:00,6.0,-11.81,mid,vol_high,downtrend,adx_20_25,spread_low
run50D_d390h10_logreg_deep_v1,d390h10,oos,125,sell,2025-11-18 19:30:00,2025-11-18 19:45:00,3.0,-18.61,mid,vol_high,range_or_weak_trend,adx_lt20,spread_low
run50D_d390h10_logreg_deep_v1,d390h10,oos,126,buy,2025-11-18 19:45:00,2025-11-18 20:35:00,10.0,5.44,mid,vol_high,range_or_weak_trend,adx_lt20,spread_low
run50D_d390h10_logreg_deep_v1,d390h10,oos,127,buy,2025-11-18 20:40:00,2025-11-18 21:00:00,4.0,-4.48,late,vol_high,downtrend,adx_20_25,spread_low
run50D_d390h10_logreg_deep_v1,d390h10,oos,128,sell,2025-11-18 21:00:00,2025-11-18 21:50:00,10.0,-6.35,late,vol_high,downtrend,adx_20_25,spread_low
run50D_d390h10_logreg_deep_v1,d390h10,oos,129,sell,2025-11-18 21:55:00,2025-11-19 16:40:00,225.0,4.38,late,vol_high,range_or_weak_trend,adx_lt20,spread_low
run50D_d390h10_logreg_deep_v1,d390h10,oos,130,buy,2025-11-19 16:40:00,2025-11-19 17:30:00,10.0,27.57,early,vol_low,downtrend,adx_20_25,spread_low
run50D_d390h10_logreg_deep_v1,d390h10,oos,131,buy,2025-11-19 17:35:00,2025-11-19 18:00:00,5.0,-16.55,early,vol_high,downtrend,adx_gt25,spread_low
run50D_d390h10_logreg_deep_v1,d390h10,oos,132,sell,2025-11-19 18:00:00,2025-11-19 18:50:00,10.0,9.93,early,vol_high,downtrend,adx_gt25,spread_low
run50D_d390h10_logreg_deep_v1,d390h10,oos,133,sell,2025-11-19 18:55:00,2025-11-19 19:35:00,8.0,11.69,mid,vol_mid,downtrend,adx_gt25,spread_low
run50D_d390h10_logreg_deep_v1,d390h10,oos,134,buy,2025-11-19 19:35:00,2025-11-19 20:25:00,10.0,7.82,mid,vol_high,downtrend,adx_gt25,spread_low
run50D_d390h10_logreg_deep_v1,d390h10,oos,135,buy,2025-11-19 20:30:00,2025-11-19 21:20:00,10.0,5.23,late,vol_high,downtrend,adx_gt25,spread_low
run50D_d390h10_logreg_deep_v1,d390h10,oos,136,buy,2025-11-19 21:25:00,2025-11-20 16:45:00,232.0,56.78,late,vol_high,range_or_weak_trend,adx_lt20,spread_low
run50D_d390h10_logreg_deep_v1,d390h10,oos,137,buy,2025-11-20 16:50:00,2025-11-20 17:40:00,10.0,7.73,early,vol_mid,downtrend,adx_gt25,spread_low
run50D_d390h10_logreg_deep_v1,d390h10,oos,138,buy,2025-11-20 17:45:00,2025-11-20 18:15:00,6.0,-28.92,early,vol_mid,range_or_weak_trend,adx_lt20,spread_low
run50D_d390h10_logreg_deep_v1,d390h10,oos,139,sell,2025-11-20 18:15:00,2025-11-20 19:05:00,10.0,40.99,early,vol_high,downtrend,adx_20_25,spread_low
run50D_d390h10_logreg_deep_v1,d390h10,oos,140,sell,2025-11-20 19:10:00,2025-11-20 19:45:00,7.0,17.72,mid,vol_high,downtrend,adx_gt25,spread_low
run50D_d390h10_logreg_deep_v1,d390h10,oos,141,buy,2025-11-20 19:45:00,2025-11-20 20:35:00,10.0,10.17,mid,vol_high,downtrend,adx_gt25,spread_low
run50D_d390h10_logreg_deep_v1,d390h10,oos,142,buy,2025-11-20 20:40:00,2025-11-20 21:30:00,10.0,-2.82,late,vol_high,downtrend,adx_gt25,spread_low
run50D_d390h10_logreg_deep_v1,d390h10,oos,143,buy,2025-11-20 21:35:00,2025-11-21 16:35:00,228.0,-6.25,late,vol_high,downtrend,adx_gt25,spread_low
run50D_d390h10_logreg_deep_v1,d390h10,oos,144,sell,2025-11-21 16:35:00,2025-11-21 17:05:00,6.0,8.79,early,vol_high,downtrend,adx_20_25,spread_low
run50D_d390h10_logreg_deep_v1,d390h10,oos,145,buy,2025-11-21 17:05:00,2025-11-21 17:10:00,1.0,1.92,early,vol_high,range_or_weak_trend,adx_lt20,spread_low
run50D_d390h10_logreg_deep_v1,d390h10,oos,146,sell,2025-11-21 17:10:00,2025-11-21 17:30:00,4.0,11.24,early,vol_high,range_or_weak_trend,adx_lt20,spread_low
run50D_d390h10_logreg_deep_v1,d390h10,oos,147,buy,2025-11-21 17:30:00,2025-11-21 17:40:00,2.0,-9.57,early,vol_high,range_or_weak_trend,adx_lt20,spread_low
run50D_d390h10_logreg_deep_v1,d390h10,oos,148,sell,2025-11-21 17:40:00,2025-11-21 17:45:00,1.0,-7.87,early,vol_high,range_or_weak_trend,adx_lt20,spread_low
run50D_d390h10_logreg_deep_v1,d390h10,oos,149,buy,2025-11-21 17:45:00,2025-11-21 17:50:00,1.0,6.43,early,vol_high,range_or_weak_trend,adx_lt20,spread_low
run50D_d390h10_logreg_deep_v1,d390h10,oos,150,sell,2025-11-21 17:50:00,2025-11-21 18:20:00,6.0,9.16,early,vol_high,range_or_weak_trend,adx_lt20,spread_low
run50D_d390h10_logreg_deep_v1,d390h10,oos,151,buy,2025-11-21 18:20:00,2025-11-21 19:10:00,10.0,37.28,early,vol_high,range_or_weak_trend,adx_lt20,spread_low
run50D_d390h10_logreg_deep_v1,d390h10,oos,152,buy,2025-11-21 19:15:00,2025-11-21 20:00:00,9.0,-1.01,mid,vol_high,downtrend,adx_20_25,spread_low
run50D_d390h10_logreg_deep_v1,d390h10,oos,153,sell,2025-11-21 20:00:00,2025-11-21 20:50:00,10.0,-16.12,mid,feature_missing,feature_missing,feature_missing,spread_low
run50D_d390h10_logreg_deep_v1,d390h10,oos,154,sell,2025-11-21 20:55:00,2025-11-21 21:00:00,1.0,-0.38,late,vol_high,downtrend,adx_20_25,spread_low
run50D_d390h10_logreg_deep_v1,d390h10,oos,155,buy,2025-11-21 21:00:00,2025-11-21 21:45:00,9.0,2.92,late,vol_high,downtrend,adx_gt25,spread_low
run50D_d390h10_logreg_deep_v1,d390h10,oos,156,sell,2025-11-21 21:45:00,2025-11-24 16:35:00,802.0,-17.98,late,vol_high,downtrend,adx_gt25,spread_low
run50D_d390h10_logreg_deep_v1,d390h10,oos,157,buy,2025-11-24 16:35:00,2025-11-24 17:25:00,10.0,2.36,early,vol_high,downtrend,adx_gt25,spread_low
run50D_d390h10_logreg_deep_v1,d390h10,oos,158,buy,2025-11-24 17:30:00,2025-11-24 18:20:00,10.0,12.63,early,vol_high,downtrend,adx_gt25,spread_low
run50D_d390h10_logreg_deep_v1,d390h10,oos,159,buy,2025-11-25 16:35:00,2025-11-25 16:45:00,2.0,-12.56,early,vol_low,range_or_weak_trend,adx_lt20,spread_low
run50D_d390h10_logreg_deep_v1,d390h10,oos,160,sell,2025-11-25 16:45:00,2025-11-25 16:55:00,2.0,-1.91,early,vol_mid,downtrend,adx_20_25,spread_low
run50D_d390h10_logreg_deep_v1,d390h10,oos,161,buy,2025-11-25 16:55:00,2025-11-25 17:45:00,10.0,9.68,early,vol_high,downtrend,adx_gt25,spread_low
run50D_d390h10_logreg_deep_v1,d390h10,oos,162,buy,2025-11-25 17:50:00,2025-11-25 18:40:00,10.0,6.13,early,vol_high,downtrend,adx_gt25,spread_low
run50D_d390h10_logreg_deep_v1,d390h10,oos,163,buy,2025-11-25 18:45:00,2025-11-25 19:35:00,10.0,16.76,mid,vol_high,downtrend,adx_20_25,spread_low
run50D_d390h10_logreg_deep_v1,d390h10,oos,164,buy,2025-11-25 19:40:00,2025-11-25 20:30:00,10.0,-1.92,mid,vol_mid,downtrend,adx_gt25,spread_low
run50D_d390h10_logreg_deep_v1,d390h10,oos,165,buy,2025-11-26 16:35:00,2025-11-26 17:25:00,10.0,-9.25,early,vol_low,range_or_weak_trend,adx_lt20,spread_low
run50D_d390h10_logreg_deep_v1,d390h10,oos,166,buy,2025-11-26 17:30:00,2025-11-26 18:20:00,10.0,11.59,early,vol_mid,range_or_weak_trend,adx_lt20,spread_low
run50D_d390h10_logreg_deep_v1,d390h10,oos,167,buy,2025-11-26 18:50:00,2025-11-26 19:40:00,10.0,-0.57,mid,vol_mid,downtrend,adx_gt25,spread_low
run50D_d390h10_logreg_deep_v1,d390h10,oos,168,sell,2025-12-01 16:40:00,2025-12-01 16:45:00,1.0,1.21,early,feature_missing,feature_missing,feature_missing,spread_low
run50D_d390h10_logreg_deep_v1,d390h10,oos,169,buy,2025-12-01 16:45:00,2025-12-01 16:50:00,1.0,4.75,early,vol_low,range_or_weak_trend,adx_lt20,spread_low
run50D_d390h10_logreg_deep_v1,d390h10,oos,170,sell,2025-12-01 16:50:00,2025-12-01 16:55:00,1.0,-5.05,early,vol_mid,range_or_weak_trend,adx_lt20,spread_low
run50D_d390h10_logreg_deep_v1,d390h10,oos,171,buy,2025-12-01 16:55:00,2025-12-01 17:45:00,10.0,-1.29,early,vol_mid,range_or_weak_trend,adx_lt20,spread_low
run50D_d390h10_logreg_deep_v1,d390h10,oos,172,buy,2025-12-01 18:05:00,2025-12-01 18:55:00,10.0,2.26,early,vol_high,downtrend,adx_20_25,spread_low
run50D_d390h10_logreg_deep_v1,d390h10,oos,173,buy,2025-12-02 16:45:00,2025-12-02 17:35:00,10.0,-4.53,early,vol_mid,downtrend,adx_20_25,spread_low
run50D_d390h10_logreg_deep_v1,d390h10,oos,174,buy,2025-12-02 17:45:00,2025-12-02 18:35:00,10.0,-17.38,early,vol_high,downtrend,adx_gt25,spread_low
run50D_d390h10_logreg_deep_v1,d390h10,oos,175,buy,2025-12-02 19:20:00,2025-12-02 20:10:00,10.0,-3.77,mid,vol_high,downtrend,adx_20_25,spread_low
run50D_d390h10_logreg_deep_v1,d390h10,oos,176,sell,2025-12-03 16:35:00,2025-12-03 16:55:00,4.0,-1.57,early,vol_high,downtrend,adx_gt25,spread_low
run50D_d390h10_logreg_deep_v1,d390h10,oos,177,buy,2025-12-03 16:55:00,2025-12-03 17:45:00,10.0,10.55,early,vol_high,downtrend,adx_gt25,spread_low
run50D_d390h10_logreg_deep_v1,d390h10,oos,178,buy,2025-12-03 17:50:00,2025-12-03 18:40:00,10.0,2.35,early,vol_mid,downtrend,adx_20_25,spread_low
run50D_d390h10_logreg_deep_v1,d390h10,oos,179,buy,2025-12-03 18:55:00,2025-12-03 19:45:00,10.0,5.09,mid,vol_mid,range_or_weak_trend,adx_lt20,spread_low
run50D_d390h10_logreg_deep_v1,d390h10,oos,180,sell,2025-12-04 16:35:00,2025-12-04 16:40:00,1.0,-5.32,early,vol_high,downtrend,adx_gt25,spread_low
run50D_d390h10_logreg_deep_v1,d390h10,oos,181,buy,2025-12-04 16:40:00,2025-12-04 16:45:00,1.0,-2.55,early,vol_high,downtrend,adx_gt25,spread_low
run50D_d390h10_logreg_deep_v1,d390h10,oos,182,sell,2025-12-04 16:45:00,2025-12-04 16:50:00,1.0,0.47,early,vol_high,downtrend,adx_gt25,spread_low
run50D_d390h10_logreg_deep_v1,d390h10,oos,183,buy,2025-12-04 16:50:00,2025-12-04 17:00:00,2.0,-3.13,early,vol_high,downtrend,adx_gt25,spread_low
run50D_d390h10_logreg_deep_v1,d390h10,oos,184,sell,2025-12-04 17:00:00,2025-12-04 17:30:00,6.0,-3.57,early,vol_high,downtrend,adx_gt25,spread_low
run50D_d390h10_logreg_deep_v1,d390h10,oos,185,buy,2025-12-04 17:30:00,2025-12-04 18:20:00,10.0,-1.79,early,vol_high,downtrend,adx_gt25,spread_low
run50D_d390h10_logreg_deep_v1,d390h10,oos,186,buy,2025-12-04 18:50:00,2025-12-04 19:40:00,10.0,-1.57,mid,vol_mid,downtrend,adx_gt25,spread_low
run50D_d390h10_logreg_deep_v1,d390h10,oos,187,buy,2025-12-05 16:35:00,2025-12-05 17:25:00,10.0,9.74,early,vol_mid,downtrend,adx_gt25,spread_low
run50D_d390h10_logreg_deep_v1,d390h10,oos,188,buy,2025-12-05 17:30:00,2025-12-05 18:20:00,10.0,-14.19,early,vol_mid,downtrend,adx_gt25,spread_low
run50D_d390h10_logreg_deep_v1,d390h10,oos,189,sell,2025-12-05 18:35:00,2025-12-05 19:25:00,10.0,-2.89,mid,vol_mid,downtrend,adx_gt25,spread_low
run50D_d390h10_logreg_deep_v1,d390h10,oos,190,sell,2025-12-08 16:50:00,2025-12-08 17:40:00,10.0,5.14,early,vol_low,downtrend,adx_20_25,spread_low
run50D_d390h10_logreg_deep_v1,d390h10,oos,191,buy,2025-12-08 20:05:00,2025-12-08 20:55:00,10.0,-4.79,mid,vol_low,downtrend,adx_gt25,spread_low
run50D_d390h10_logreg_deep_v1,d390h10,oos,192,sell,2025-12-09 16:35:00,2025-12-09 16:40:00,1.0,-6.06,early,vol_low,downtrend,adx_gt25,spread_low
run50D_d390h10_logreg_deep_v1,d390h10,oos,193,buy,2025-12-09 16:40:00,2025-12-09 17:30:00,10.0,1.64,early,vol_low,downtrend,adx_gt25,spread_low
run50D_d390h10_logreg_deep_v1,d390h10,oos,194,sell,2025-12-10 16:40:00,2025-12-10 16:50:00,2.0,-1.26,early,vol_low,downtrend,adx_20_25,spread_low
run50D_d390h10_logreg_deep_v1,d390h10,oos,195,buy,2025-12-10 16:50:00,2025-12-10 17:40:00,10.0,-4.84,early,vol_low,downtrend,adx_20_25,spread_low
run50D_d390h10_logreg_deep_v1,d390h10,oos,196,buy,2025-12-10 18:00:00,2025-12-10 18:50:00,10.0,7.07,early,vol_mid,downtrend,adx_gt25,spread_low
run50D_d390h10_logreg_deep_v1,d390h10,oos,197,buy,2025-12-10 21:05:00,2025-12-10 21:55:00,10.0,13.14,late,vol_low,range_or_weak_trend,adx_lt20,spread_low
run50D_d390h10_logreg_deep_v1,d390h10,oos,198,sell,2025-12-11 16:35:00,2025-12-11 17:10:00,7.0,3.34,early,vol_low,downtrend,adx_gt25,spread_low
run50D_d390h10_logreg_deep_v1,d390h10,oos,199,buy,2025-12-11 17:10:00,2025-12-11 18:00:00,10.0,-0.89,early,vol_high,downtrend,adx_gt25,spread_low
run50D_d390h10_logreg_deep_v1,d390h10,oos,200,buy,2025-12-11 18:05:00,2025-12-11 18:55:00,10.0,-6.26,early,vol_high,downtrend,adx_gt25,spread_low
run50D_d390h10_logreg_deep_v1,d390h10,oos,201,buy,2025-12-11 19:00:00,2025-12-11 19:50:00,10.0,11.85,mid,vol_high,downtrend,adx_20_25,spread_low
run50D_d390h10_logreg_deep_v1,d390h10,oos,202,buy,2025-12-11 19:55:00,2025-12-11 20:45:00,10.0,6.27,mid,vol_mid,downtrend,adx_20_25,spread_low
run50D_d390h10_logreg_deep_v1,d390h10,oos,203,buy,2025-12-12 16:45:00,2025-12-12 17:10:00,5.0,-12.01,early,vol_mid,downtrend,adx_gt25,spread_low
run50D_d390h10_logreg_deep_v1,d390h10,oos,204,sell,2025-12-12 17:10:00,2025-12-12 18:00:00,10.0,19.02,early,vol_high,downtrend,adx_gt25,spread_low
run50D_d390h10_logreg_deep_v1,d390h10,oos,205,sell,2025-12-12 18:05:00,2025-12-12 18:50:00,9.0,0.77,early,vol_high,downtrend,adx_gt25,spread_low
run50D_d390h10_logreg_deep_v1,d390h10,oos,206,buy,2025-12-12 18:50:00,2025-12-12 19:40:00,10.0,10.37,mid,vol_high,downtrend,adx_gt25,spread_low
run50D_d390h10_logreg_deep_v1,d390h10,oos,207,buy,2025-12-12 19:45:00,2025-12-12 20:35:00,10.0,6.19,mid,vol_high,downtrend,adx_gt25,spread_low
run50D_d390h10_logreg_deep_v1,d390h10,oos,208,buy,2025-12-12 20:40:00,2025-12-12 21:05:00,5.0,-5.99,late,vol_mid,downtrend,adx_20_25,spread_low
run50D_d390h10_logreg_deep_v1,d390h10,oos,209,sell,2025-12-12 21:05:00,2025-12-12 21:55:00,10.0,3.02,late,vol_mid,range_or_weak_trend,adx_lt20,spread_low
run50D_d390h10_logreg_deep_v1,d390h10,oos,210,sell,2025-12-12 22:00:00,2025-12-15 16:50:00,802.0,-6.03,late,vol_low,range_or_weak_trend,adx_lt20,spread_low
run50D_d390h10_logreg_deep_v1,d390h10,oos,211,buy,2025-12-15 16:50:00,2025-12-15 16:55:00,1.0,-5.14,early,vol_mid,downtrend,adx_gt25,spread_low
run50D_d390h10_logreg_deep_v1,d390h10,oos,212,sell,2025-12-15 16:55:00,2025-12-15 17:45:00,10.0,7.99,early,vol_mid,downtrend,adx_gt25,spread_low
run50D_d390h10_logreg_deep_v1,d390h10,oos,213,buy,2025-12-15 17:55:00,2025-12-15 18:45:00,10.0,-0.16,early,vol_high,downtrend,adx_gt25,spread_low
run50D_d390h10_logreg_deep_v1,d390h10,oos,214,buy,2025-12-15 18:50:00,2025-12-15 19:40:00,10.0,2.24,mid,vol_high,downtrend,adx_gt25,spread_low
run50D_d390h10_logreg_deep_v1,d390h10,oos,215,buy,2025-12-15 19:50:00,2025-12-15 20:40:00,10.0,-3.18,mid,vol_high,downtrend,adx_20_25,spread_low
run50D_d390h10_logreg_deep_v1,d390h10,oos,216,buy,2025-12-16 16:35:00,2025-12-16 17:25:00,10.0,-5.56,early,vol_mid,downtrend,adx_gt25,spread_low
run50D_d390h10_logreg_deep_v1,d390h10,oos,217,buy,2025-12-16 17:30:00,2025-12-16 18:20:00,10.0,0.37,early,vol_high,downtrend,adx_20_25,spread_low
run50D_d390h10_logreg_deep_v1,d390h10,oos,218,buy,2025-12-16 18:25:00,2025-12-16 19:15:00,10.0,10.89,mid,vol_high,downtrend,adx_20_25,spread_low
run50D_d390h10_logreg_deep_v1,d390h10,oos,219,buy,2025-12-16 19:20:00,2025-12-16 20:10:00,10.0,-12.09,mid,vol_mid,range_or_weak_trend,adx_lt20,spread_low
run50D_d390h10_logreg_deep_v1,d390h10,oos,220,buy,2025-12-17 16:35:00,2025-12-17 17:25:00,10.0,-8.21,early,vol_low,downtrend,adx_gt25,spread_low
run50D_d390h10_logreg_deep_v1,d390h10,oos,221,buy,2025-12-17 17:30:00,2025-12-17 18:20:00,10.0,-26.16,early,vol_mid,downtrend,adx_gt25,spread_low
run50D_d390h10_logreg_deep_v1,d390h10,oos,222,buy,2025-12-17 18:25:00,2025-12-17 19:15:00,10.0,-6.19,mid,vol_high,downtrend,adx_gt25,spread_low
run50D_d390h10_logreg_deep_v1,d390h10,oos,223,buy,2025-12-17 19:20:00,2025-12-17 20:10:00,10.0,0.72,mid,vol_high,downtrend,adx_gt25,spread_low
run50D_d390h10_logreg_deep_v1,d390h10,oos,224,buy,2025-12-17 20:15:00,2025-12-17 20:55:00,8.0,-6.66,late,vol_mid,downtrend,adx_gt25,spread_low
run50D_d390h10_logreg_deep_v1,d390h10,oos,225,sell,2025-12-17 20:55:00,2025-12-17 21:45:00,10.0,-1.35,late,vol_mid,downtrend,adx_gt25,spread_low
run50D_d390h10_logreg_deep_v1,d390h10,oos,226,sell,2025-12-17 21:50:00,2025-12-18 16:35:00,225.0,-30.91,late,feature_missing,feature_missing,feature_missing,spread_low
run50D_d390h10_logreg_deep_v1,d390h10,oos,227,buy,2025-12-18 16:35:00,2025-12-18 16:40:00,1.0,-5.54,early,vol_mid,downtrend,adx_gt25,spread_low
run50D_d390h10_logreg_deep_v1,d390h10,oos,228,sell,2025-12-18 16:40:00,2025-12-18 16:55:00,3.0,-4.46,early,vol_mid,downtrend,adx_gt25,spread_low
run50D_d390h10_logreg_deep_v1,d390h10,oos,229,buy,2025-12-18 16:55:00,2025-12-18 17:45:00,10.0,11.92,early,vol_high,downtrend,adx_gt25,spread_low
run50D_d390h10_logreg_deep_v1,d390h10,oos,230,buy,2025-12-18 17:50:00,2025-12-18 18:40:00,10.0,1.52,early,vol_high,downtrend,adx_gt25,spread_low
run50D_d390h10_logreg_deep_v1,d390h10,oos,231,sell,2025-12-18 19:10:00,2025-12-18 20:00:00,10.0,-9.92,mid,vol_mid,downtrend,adx_gt25,spread_low
run50D_d390h10_logreg_deep_v1,d390h10,oos,232,buy,2025-12-18 20:05:00,2025-12-18 20:55:00,10.0,3.02,mid,vol_high,downtrend,adx_20_25,spread_low
run50D_d390h10_logreg_deep_v1,d390h10,oos,233,buy,2025-12-18 21:05:00,2025-12-18 21:55:00,10.0,-2.74,late,vol_mid,range_or_weak_trend,adx_lt20,spread_low
run50D_d390h10_logreg_deep_v1,d390h10,oos,234,buy,2025-12-19 16:35:00,2025-12-19 17:25:00,10.0,5.69,early,vol_mid,downtrend,adx_20_25,spread_low
run50D_d390h10_logreg_deep_v1,d390h10,oos,235,buy,2025-12-19 17:30:00,2025-12-19 18:20:00,10.0,3.14,early,vol_high,downtrend,adx_gt25,spread_low
run50D_d390h10_logreg_deep_v1,d390h10,oos,236,sell,2025-12-22 16:35:00,2025-12-22 16:50:00,3.0,-1.94,early,vol_low,downtrend,adx_gt25,spread_low
run50D_d390h10_logreg_deep_v1,d390h10,oos,237,buy,2025-12-22 16:50:00,2025-12-22 17:40:00,10.0,-7.04,early,vol_mid,downtrend,adx_gt25,spread_low
run50D_d390h10_logreg_deep_v1,d390h10,oos,238,buy,2025-12-23 16:35:00,2025-12-23 17:25:00,10.0,-2.31,early,vol_mid,downtrend,adx_gt25,spread_low
run50D_d390h10_logreg_deep_v1,d390h10,oos,239,buy,2025-12-29 16:35:00,2025-12-29 17:25:00,10.0,1.47,early,vol_low,downtrend,adx_gt25,spread_low
run50D_d390h10_logreg_deep_v1,d390h10,oos,240,sell,2025-12-31 16:40:00,2025-12-31 17:30:00,10.0,2.87,early,vol_low,downtrend,adx_gt25,spread_low
run50D_d390h10_logreg_deep_v1,d390h10,oos,241,buy,2026-01-02 16:40:00,2026-01-02 17:30:00,10.0,-16.26,early,vol_low,range_or_weak_trend,adx_lt20,spread_low
run50D_d390h10_logreg_deep_v1,d390h10,oos,242,buy,2026-01-02 17:35:00,2026-01-02 18:25:00,10.0,-15.1,early,vol_high,downtrend,adx_gt25,spread_low
run50D_d390h10_logreg_deep_v1,d390h10,oos,243,buy,2026-01-02 18:30:00,2026-01-02 19:20:00,10.0,0.82,mid,vol_high,downtrend,adx_gt25,spread_low
run50D_d390h10_logreg_deep_v1,d390h10,oos,244,buy,2026-01-02 19:25:00,2026-01-02 20:15:00,10.0,-6.19,mid,vol_high,downtrend,adx_gt25,spread_low
run50D_d390h10_logreg_deep_v1,d390h10,oos,245,buy,2026-01-02 20:20:00,2026-01-02 21:10:00,10.0,1.19,late,feature_missing,feature_missing,feature_missing,spread_low
run50D_d390h10_logreg_deep_v1,d390h10,oos,246,buy,2026-01-05 16:40:00,2026-01-05 16:45:00,1.0,3.37,early,vol_mid,downtrend,adx_20_25,spread_low
run50D_d390h10_logreg_deep_v1,d390h10,oos,247,sell,2026-01-05 16:45:00,2026-01-05 17:35:00,10.0,-7.99,early,vol_mid,downtrend,adx_20_25,spread_low
run50D_d390h10_logreg_deep_v1,d390h10,oos,248,buy,2026-01-06 16:55:00,2026-01-06 17:45:00,10.0,-0.66,early,vol_low,downtrend,adx_gt25,spread_low
run50D_d390h10_logreg_deep_v1,d390h10,oos,249,sell,2026-01-08 16:35:00,2026-01-08 17:10:00,7.0,2.59,early,vol_mid,range_or_weak_trend,adx_lt20,spread_low
run50D_d390h10_logreg_deep_v1,d390h10,oos,250,buy,2026-01-08 17:10:00,2026-01-08 18:00:00,10.0,0.57,early,vol_high,downtrend,adx_gt25,spread_low
run50D_d390h10_logreg_deep_v1,d390h10,oos,251,buy,2026-01-08 18:10:00,2026-01-08 19:00:00,10.0,2.69,early,vol_high,downtrend,adx_gt25,spread_low
run50D_d390h10_logreg_deep_v1,d390h10,oos,252,buy,2026-01-08 19:05:00,2026-01-08 19:55:00,10.0,4.89,mid,vol_mid,downtrend,adx_gt25,spread_low
run50D_d390h10_logreg_deep_v1,d390h10,oos,253,sell,2026-01-09 16:35:00,2026-01-09 17:10:00,7.0,3.12,early,vol_low,downtrend,adx_gt25,spread_low
run50D_d390h10_logreg_deep_v1,d390h10,oos,254,buy,2026-01-09 17:10:00,2026-01-09 18:00:00,10.0,17.07,early,vol_high,downtrend,adx_gt25,spread_low
run50D_d390h10_logreg_deep_v1,d390h10,oos,255,buy,2026-01-09 18:05:00,2026-01-09 18:55:00,10.0,7.14,early,vol_high,range_or_weak_trend,adx_lt20,spread_low
run50D_d390h10_logreg_deep_v1,d390h10,oos,256,sell,2026-01-12 16:35:00,2026-01-12 16:40:00,1.0,-2.54,early,vol_mid,downtrend,adx_20_25,spread_low
run50D_d390h10_logreg_deep_v1,d390h10,oos,257,buy,2026-01-12 16:40:00,2026-01-12 17:30:00,10.0,4.17,early,vol_mid,downtrend,adx_gt25,spread_low
run50D_d390h10_logreg_deep_v1,d390h10,oos,258,buy,2026-01-13 16:35:00,2026-01-13 17:25:00,10.0,-14.81,early,vol_high,downtrend,adx_gt25,spread_low
run50D_d390h10_logreg_deep_v1,d390h10,oos,259,buy,2026-01-13 17:55:00,2026-01-13 18:45:00,10.0,8.19,early,vol_mid,downtrend,adx_gt25,spread_low
run50D_d390h10_logreg_deep_v1,d390h10,oos,260,sell,2026-01-14 16:35:00,2026-01-14 17:15:00,8.0,10.72,early,vol_low,downtrend,adx_gt25,spread_low
run50D_d390h10_logreg_deep_v1,d390h10,oos,261,buy,2026-01-14 17:15:00,2026-01-14 18:05:00,10.0,-14.64,early,vol_high,downtrend,adx_gt25,spread_low
run50D_d390h10_logreg_deep_v1,d390h10,oos,262,buy,2026-01-14 18:10:00,2026-01-14 19:00:00,10.0,-4.54,early,vol_high,downtrend,adx_gt25,spread_low
run50D_d390h10_logreg_deep_v1,d390h10,oos,263,buy,2026-01-14 19:05:00,2026-01-14 19:55:00,10.0,-1.49,mid,feature_missing,feature_missing,feature_missing,spread_low
run50D_d390h10_logreg_deep_v1,d390h10,oos,264,sell,2026-01-14 20:50:00,2026-01-14 21:40:00,10.0,-5.14,late,feature_missing,feature_missing,feature_missing,spread_low
run50D_d390h10_logreg_deep_v1,d390h10,oos,265,buy,2026-01-15 16:50:00,2026-01-15 17:40:00,10.0,0.39,early,vol_low,downtrend,adx_gt25,spread_low
run50D_d390h10_logreg_deep_v1,d390h10,oos,266,buy,2026-01-15 17:45:00,2026-01-15 18:35:00,10.0,3.79,early,vol_mid,range_or_weak_trend,adx_lt20,spread_low
run50D_d390h10_logreg_deep_v1,d390h10,oos,267,buy,2026-01-15 19:35:00,2026-01-15 20:25:00,10.0,1.84,mid,vol_low,range_or_weak_trend,adx_lt20,spread_low
run50D_d390h10_logreg_deep_v1,d390h10,oos,268,sell,2026-01-16 17:00:00,2026-01-16 17:50:00,10.0,9.99,early,vol_mid,downtrend,adx_gt25,spread_low
run50D_d390h10_logreg_deep_v1,d390h10,oos,269,buy,2026-01-16 18:25:00,2026-01-16 19:15:00,10.0,0.82,mid,vol_high,downtrend,adx_gt25,spread_low
run50D_d390h10_logreg_deep_v1,d390h10,oos,270,sell,2026-01-20 16:35:00,2026-01-20 16:55:00,4.0,1.72,early,vol_mid,range_or_weak_trend,adx_lt20,spread_low
run50D_d390h10_logreg_deep_v1,d390h10,oos,271,buy,2026-01-20 16:55:00,2026-01-20 17:45:00,10.0,6.07,early,vol_high,downtrend,adx_20_25,spread_low
run50D_d390h10_logreg_deep_v1,d390h10,oos,272,buy,2026-01-20 17:50:00,2026-01-20 18:40:00,10.0,7.71,early,vol_high,downtrend,adx_gt25,spread_low
run50D_d390h10_logreg_deep_v1,d390h10,oos,273,buy,2026-01-20 18:55:00,2026-01-20 19:45:00,10.0,-5.68,mid,vol_high,downtrend,adx_20_25,spread_low
run50D_d390h10_logreg_deep_v1,d390h10,oos,274,sell,2026-01-20 19:55:00,2026-01-20 20:45:00,10.0,7.29,mid,vol_mid,range_or_weak_trend,adx_lt20,spread_low
run50D_d390h10_logreg_deep_v1,d390h10,oos,275,sell,2026-01-20 20:55:00,2026-01-20 21:45:00,10.0,2.69,late,vol_low,downtrend,adx_gt25,spread_low
run50D_d390h10_logreg_deep_v1,d390h10,oos,276,buy,2026-01-21 16:35:00,2026-01-21 17:25:00,10.0,19.54,early,vol_mid,downtrend,adx_gt25,spread_low
run50D_d390h10_logreg_deep_v1,d390h10,oos,277,buy,2026-01-21 17:30:00,2026-01-21 18:20:00,10.0,7.57,early,vol_mid,downtrend,adx_gt25,spread_low
run50D_d390h10_logreg_deep_v1,d390h10,oos,278,sell,2026-01-21 18:40:00,2026-01-21 19:30:00,10.0,12.84,mid,vol_mid,downtrend,adx_gt25,spread_low
run50D_d390h10_logreg_deep_v1,d390h10,oos,279,sell,2026-01-21 19:35:00,2026-01-21 20:25:00,10.0,-0.01,mid,vol_mid,downtrend,adx_gt25,spread_low
run50D_d390h10_logreg_deep_v1,d390h10,oos,280,buy,2026-01-21 21:30:00,2026-01-22 16:50:00,232.0,14.22,late,vol_high,range_or_weak_trend,adx_lt20,spread_low
run50D_d390h10_logreg_deep_v1,d390h10,oos,281,buy,2026-01-22 16:55:00,2026-01-22 17:45:00,10.0,2.32,early,vol_mid,downtrend,adx_gt25,spread_low
run50D_d390h10_logreg_deep_v1,d390h10,oos,282,buy,2026-01-22 17:50:00,2026-01-22 18:40:00,10.0,3.64,early,vol_high,downtrend,adx_gt25,spread_low
run50D_d390h10_logreg_deep_v1,d390h10,oos,283,buy,2026-01-22 19:00:00,2026-01-22 19:50:00,10.0,3.72,mid,vol_low,downtrend,adx_20_25,spread_low
run50D_d390h10_logreg_deep_v1,d390h10,oos,284,buy,2026-01-23 16:35:00,2026-01-23 17:25:00,10.0,15.54,early,vol_low,downtrend,adx_20_25,spread_low
run50D_d390h10_logreg_deep_v1,d390h10,oos,285,buy,2026-01-23 17:30:00,2026-01-23 18:20:00,10.0,7.62,early,vol_mid,downtrend,adx_gt25,spread_low
run50D_d390h10_logreg_deep_v1,d390h10,oos,286,buy,2026-01-26 16:40:00,2026-01-26 17:30:00,10.0,5.39,early,vol_low,downtrend,adx_20_25,spread_low
run50D_d390h10_logreg_deep_v1,d390h10,oos,287,buy,2026-01-27 16:50:00,2026-01-27 17:40:00,10.0,9.79,early,vol_low,range_or_weak_trend,adx_lt20,spread_low
run50D_d390h10_logreg_deep_v1,d390h10,oos,288,buy,2026-01-28 16:35:00,2026-01-28 17:25:00,10.0,-1.11,early,vol_low,downtrend,adx_20_25,spread_low
run50D_d390h10_logreg_deep_v1,d390h10,oos,289,buy,2026-01-28 17:30:00,2026-01-28 18:20:00,10.0,-5.04,early,vol_mid,range_or_weak_trend,adx_lt20,spread_low
run50D_d390h10_logreg_deep_v1,d390h10,oos,290,buy,2026-01-28 19:40:00,2026-01-28 20:30:00,10.0,3.54,mid,vol_low,downtrend,adx_gt25,spread_low
run50D_d390h10_logreg_deep_v1,d390h10,oos,291,sell,2026-01-29 16:40:00,2026-01-29 16:50:00,2.0,4.17,early,vol_mid,downtrend,adx_gt25,spread_low
run50D_d390h10_logreg_deep_v1,d390h10,oos,292,buy,2026-01-29 16:50:00,2026-01-29 17:00:00,2.0,-12.46,early,vol_mid,downtrend,adx_gt25,spread_low
run50D_d390h10_logreg_deep_v1,d390h10,oos,293,sell,2026-01-29 17:00:00,2026-01-29 17:50:00,10.0,25.89,early,vol_high,downtrend,adx_gt25,spread_low
run50D_d390h10_logreg_deep_v1,d390h10,oos,294,sell,2026-01-29 17:55:00,2026-01-29 18:15:00,4.0,-11.89,early,vol_high,downtrend,adx_gt25,spread_low
run50D_d390h10_logreg_deep_v1,d390h10,oos,295,buy,2026-01-29 18:15:00,2026-01-29 19:05:00,10.0,7.89,early,vol_high,downtrend,adx_gt25,spread_low
run50D_d390h10_logreg_deep_v1,d390h10,oos,296,buy,2026-01-29 19:10:00,2026-01-29 20:00:00,10.0,0.84,mid,vol_high,downtrend,adx_gt25,spread_low
run50D_d390h10_logreg_deep_v1,d390h10,oos,297,buy,2026-01-29 20:05:00,2026-01-29 20:55:00,10.0,5.04,mid,vol_mid,downtrend,adx_gt25,spread_low
run50D_d390h10_logreg_deep_v1,d390h10,oos,298,sell,2026-01-29 21:00:00,2026-01-29 21:50:00,10.0,-0.44,late,feature_missing,feature_missing,feature_missing,spread_low
run50D_d390h10_logreg_deep_v1,d390h10,oos,299,sell,2026-01-29 21:55:00,2026-01-30 16:35:00,224.0,-2.43,late,feature_missing,feature_missing,feature_missing,spread_low
run50D_d390h10_logreg_deep_v1,d390h10,oos,300,buy,2026-01-30 16:35:00,2026-01-30 17:25:00,10.0,-3.09,early,vol_low,range_or_weak_trend,adx_lt20,spread_low
run50D_d390h10_logreg_deep_v1,d390h10,oos,301,buy,2026-01-30 17:30:00,2026-01-30 18:20:00,10.0,-0.61,early,vol_high,range_or_weak_trend,adx_lt20,spread_low
run50D_d390h10_logreg_deep_v1,d390h10,oos,302,buy,2026-01-30 18:25:00,2026-01-30 19:15:00,10.0,-6.31,mid,vol_high,range_or_weak_trend,adx_lt20,spread_low
run50D_d390h10_logreg_deep_v1,d390h10,oos,303,sell,2026-01-30 19:20:00,2026-01-30 19:25:00,1.0,-4.26,mid,vol_mid,range_or_weak_trend,adx_lt20,spread_low
run50D_d390h10_logreg_deep_v1,d390h10,oos,304,buy,2026-01-30 19:25:00,2026-01-30 20:15:00,10.0,-8.09,mid,vol_mid,range_or_weak_trend,adx_lt20,spread_low
run50D_d390h10_logreg_deep_v1,d390h10,oos,305,sell,2026-01-30 20:20:00,2026-01-30 20:50:00,6.0,-5.74,late,vol_mid,range_or_weak_trend,adx_lt20,spread_low
run50D_d390h10_logreg_deep_v1,d390h10,oos,306,buy,2026-01-30 20:50:00,2026-01-30 21:40:00,10.0,3.57,late,vol_high,range_or_weak_trend,adx_lt20,spread_low
run50D_d390h10_logreg_deep_v1,d390h10,oos,307,sell,2026-01-30 22:00:00,2026-02-02 16:35:00,799.0,1.63,late,vol_high,range_or_weak_trend,adx_lt20,spread_low
run50D_d390h10_logreg_deep_v1,d390h10,oos,308,buy,2026-02-02 16:35:00,2026-02-02 17:25:00,10.0,25.44,early,vol_mid,downtrend,adx_gt25,spread_low
run50D_d390h10_logreg_deep_v1,d390h10,oos,309,buy,2026-02-02 17:30:00,2026-02-02 18:20:00,10.0,0.64,early,vol_high,downtrend,adx_gt25,spread_low
run50D_d390h10_logreg_deep_v1,d390h10,oos,310,sell,2026-02-03 16:35:00,2026-02-03 17:25:00,10.0,39.67,early,vol_low,downtrend,adx_gt25,spread_low
run50D_d390h10_logreg_deep_v1,d390h10,oos,311,buy,2026-02-03 17:30:00,2026-02-03 17:35:00,1.0,-4.46,early,vol_high,downtrend,adx_gt25,spread_low
run50D_d390h10_logreg_deep_v1,d390h10,oos,312,sell,2026-02-03 17:35:00,2026-02-03 17:40:00,1.0,-4.51,early,vol_high,downtrend,adx_gt25,spread_low
run50D_d390h10_logreg_deep_v1,d390h10,oos,313,buy,2026-02-03 17:40:00,2026-02-03 18:30:00,10.0,-4.79,early,vol_high,downtrend,adx_gt25,spread_low
run50D_d390h10_logreg_deep_v1,d390h10,oos,314,buy,2026-02-03 18:35:00,2026-02-03 19:25:00,10.0,-6.34,mid,vol_high,downtrend,adx_gt25,spread_low
run50D_d390h10_logreg_deep_v1,d390h10,oos,315,buy,2026-02-03 19:30:00,2026-02-03 20:05:00,7.0,-4.21,mid,vol_mid,downtrend,adx_gt25,spread_low
run50D_d390h10_logreg_deep_v1,d390h10,oos,316,sell,2026-02-03 20:05:00,2026-02-03 20:10:00,1.0,-2.64,mid,vol_mid,downtrend,adx_gt25,spread_low
run50D_d390h10_logreg_deep_v1,d390h10,oos,317,buy,2026-02-03 20:10:00,2026-02-03 20:30:00,4.0,-6.74,mid,vol_mid,downtrend,adx_gt25,spread_low
run50D_d390h10_logreg_deep_v1,d390h10,oos,318,sell,2026-02-03 20:30:00,2026-02-03 21:20:00,10.0,-0.54,late,vol_mid,downtrend,adx_gt25,spread_low
run50D_d390h10_logreg_deep_v1,d390h10,oos,319,sell,2026-02-03 21:25:00,2026-02-04 16:40:00,231.0,-2.9,late,vol_high,downtrend,adx_gt25,spread_low
run50D_d390h10_logreg_deep_v1,d390h10,oos,320,buy,2026-02-04 16:40:00,2026-02-04 17:30:00,10.0,-10.37,early,vol_high,downtrend,adx_gt25,spread_low
run50D_d390h10_logreg_deep_v1,d390h10,oos,321,buy,2026-02-04 17:35:00,2026-02-04 18:25:00,10.0,-6.19,early,vol_high,downtrend,adx_gt25,spread_low
run50D_d390h10_logreg_deep_v1,d390h10,oos,322,buy,2026-02-04 18:30:00,2026-02-04 19:20:00,10.0,-15.19,mid,vol_high,downtrend,adx_gt25,spread_low
run50D_d390h10_logreg_deep_v1,d390h10,oos,323,buy,2026-02-04 19:25:00,2026-02-04 19:40:00,3.0,-15.84,mid,vol_high,downtrend,adx_gt25,spread_low
run50D_d390h10_logreg_deep_v1,d390h10,oos,324,sell,2026-02-04 19:40:00,2026-02-04 20:30:00,10.0,-12.56,mid,vol_high,downtrend,adx_gt25,spread_low
run50D_d390h10_logreg_deep_v1,d390h10,oos,325,buy,2026-02-04 20:35:00,2026-02-04 20:55:00,4.0,2.97,late,vol_high,downtrend,adx_gt25,spread_low
run50D_d390h10_logreg_deep_v1,d390h10,oos,326,sell,2026-02-04 20:55:00,2026-02-04 21:45:00,10.0,-12.19,late,vol_high,downtrend,adx_gt25,spread_low
run50D_d390h10_logreg_deep_v1,d390h10,oos,327,sell,2026-02-04 21:50:00,2026-02-04 21:55:00,1.0,-1.06,late,vol_high,downtrend,adx_20_25,spread_low
run50D_d390h10_logreg_deep_v1,d390h10,oos,328,buy,2026-02-04 21:55:00,2026-02-05 17:15:00,232.0,-51.89,late,vol_high,downtrend,adx_20_25,spread_low
run50D_d390h10_logreg_deep_v1,d390h10,oos,329,buy,2026-02-05 17:20:00,2026-02-05 17:35:00,3.0,-7.19,early,vol_high,downtrend,adx_gt25,spread_low
run50D_d390h10_logreg_deep_v1,d390h10,oos,330,sell,2026-02-05 17:35:00,2026-02-05 17:40:00,1.0,-9.76,early,vol_high,downtrend,adx_gt25,spread_low
run50D_d390h10_logreg_deep_v1,d390h10,oos,331,buy,2026-02-05 17:40:00,2026-02-05 17:45:00,1.0,1.17,early,vol_high,downtrend,adx_gt25,spread_low
run50D_d390h10_logreg_deep_v1,d390h10,oos,332,sell,2026-02-05 17:45:00,2026-02-05 17:50:00,1.0,8.87,early,vol_high,downtrend,adx_gt25,spread_low
run50D_d390h10_logreg_deep_v1,d390h10,oos,333,buy,2026-02-05 17:50:00,2026-02-05 18:40:00,10.0,20.39,early,vol_high,downtrend,adx_gt25,spread_low
run50D_d390h10_logreg_deep_v1,d390h10,oos,334,buy,2026-02-05 18:45:00,2026-02-05 19:30:00,9.0,5.64,mid,vol_high,downtrend,adx_gt25,spread_low
run50D_d390h10_logreg_deep_v1,d390h10,oos,335,sell,2026-02-05 19:30:00,2026-02-05 20:20:00,10.0,8.09,mid,vol_high,range_or_weak_trend,adx_lt20,spread_low
run50D_d390h10_logreg_deep_v1,d390h10,oos,336,sell,2026-02-05 20:25:00,2026-02-05 21:15:00,10.0,-7.31,late,vol_high,range_or_weak_trend,adx_lt20,spread_low
run50D_d390h10_logreg_deep_v1,d390h10,oos,337,sell,2026-02-05 21:20:00,2026-02-06 16:35:00,231.0,-3.32,late,feature_missing,feature_missing,feature_missing,spread_low
run50D_d390h10_logreg_deep_v1,d390h10,oos,338,buy,2026-02-06 16:35:00,2026-02-06 17:25:00,10.0,-2.24,early,vol_mid,range_or_weak_trend,adx_lt20,spread_low
run50D_d390h10_logreg_deep_v1,d390h10,oos,339,buy,2026-02-06 17:30:00,2026-02-06 18:20:00,10.0,8.84,early,vol_high,range_or_weak_trend,adx_lt20,spread_low
run50D_d390h10_logreg_deep_v1,d390h10,oos,340,buy,2026-02-06 18:25:00,2026-02-06 19:15:00,10.0,2.99,mid,vol_high,range_or_weak_trend,adx_lt20,spread_low
run50D_d390h10_logreg_deep_v1,d390h10,oos,341,buy,2026-02-06 19:20:00,2026-02-06 20:10:00,10.0,5.22,mid,vol_high,range_or_weak_trend,adx_lt20,spread_low
run50D_d390h10_logreg_deep_v1,d390h10,oos,342,sell,2026-02-09 16:35:00,2026-02-09 16:40:00,1.0,-8.26,early,vol_low,range_or_weak_trend,adx_lt20,spread_low
run50D_d390h10_logreg_deep_v1,d390h10,oos,343,buy,2026-02-09 16:40:00,2026-02-09 17:30:00,10.0,5.69,early,vol_mid,range_or_weak_trend,adx_lt20,spread_low
run50D_d390h10_logreg_deep_v1,d390h10,oos,344,buy,2026-02-09 17:35:00,2026-02-09 18:25:00,10.0,9.04,early,vol_high,range_or_weak_trend,adx_lt20,spread_low
run50D_d390h10_logreg_deep_v1,d390h10,oos,345,sell,2026-02-10 16:45:00,2026-02-10 16:55:00,2.0,-5.84,early,vol_low,downtrend,adx_gt25,spread_low
run50D_d390h10_logreg_deep_v1,d390h10,oos,346,buy,2026-02-10 16:55:00,2026-02-10 17:45:00,10.0,4.49,early,vol_mid,downtrend,adx_gt25,spread_low
run50D_d390h10_logreg_deep_v1,d390h10,oos,347,buy,2026-02-10 17:55:00,2026-02-10 18:45:00,10.0,-5.91,early,vol_high,range_or_weak_trend,adx_lt20,spread_low
run50D_d390h10_logreg_deep_v1,d390h10,oos,348,buy,2026-02-10 19:00:00,2026-02-10 19:50:00,10.0,5.37,mid,vol_low,range_or_weak_trend,adx_lt20,spread_low
run50D_d390h10_logreg_deep_v1,d390h10,oos,349,buy,2026-02-11 16:35:00,2026-02-11 16:40:00,1.0,-3.5,early,vol_high,downtrend,adx_gt25,spread_low
run50D_d390h10_logreg_deep_v1,d390h10,oos,350,sell,2026-02-11 16:40:00,2026-02-11 16:45:00,1.0,-3.99,early,vol_high,downtrend,adx_gt25,spread_low
run50D_d390h10_logreg_deep_v1,d390h10,oos,351,buy,2026-02-11 16:45:00,2026-02-11 17:00:00,3.0,-8.64,early,vol_high,downtrend,adx_gt25,spread_low
run50D_d390h10_logreg_deep_v1,d390h10,oos,352,sell,2026-02-11 17:00:00,2026-02-11 17:50:00,10.0,16.03,early,vol_high,downtrend,adx_gt25,spread_low
run50D_d390h10_logreg_deep_v1,d390h10,oos,353,buy,2026-02-11 17:55:00,2026-02-11 18:45:00,10.0,-3.15,early,vol_high,downtrend,adx_gt25,spread_low
run50D_d390h10_logreg_deep_v1,d390h10,oos,354,buy,2026-02-11 18:50:00,2026-02-11 19:40:00,10.0,6.42,mid,vol_high,downtrend,adx_20_25,spread_low
run50D_d390h10_logreg_deep_v1,d390h10,oos,355,buy,2026-02-11 19:45:00,2026-02-11 20:35:00,10.0,-4.34,mid,vol_high,range_or_weak_trend,adx_lt20,spread_low
run50D_d390h10_logreg_deep_v1,d390h10,oos,356,sell,2026-02-12 16:50:00,2026-02-12 17:05:00,3.0,5.19,early,vol_mid,downtrend,adx_20_25,spread_low
run50D_d390h10_logreg_deep_v1,d390h10,oos,357,buy,2026-02-12 17:05:00,2026-02-12 17:10:00,1.0,-0.74,early,vol_mid,downtrend,adx_gt25,spread_low
run50D_d390h10_logreg_deep_v1,d390h10,oos,358,sell,2026-02-12 17:10:00,2026-02-12 17:15:00,1.0,-3.94,early,vol_mid,downtrend,adx_gt25,spread_low
run50D_d390h10_logreg_deep_v1,d390h10,oos,359,buy,2026-02-12 17:15:00,2026-02-12 17:35:00,4.0,-5.51,early,vol_mid,downtrend,adx_gt25,spread_low
run50D_d390h10_logreg_deep_v1,d390h10,oos,360,sell,2026-02-12 17:35:00,2026-02-12 17:40:00,1.0,4.37,early,vol_high,downtrend,adx_gt25,spread_low
run50D_d390h10_logreg_deep_v1,d390h10,oos,361,buy,2026-02-12 17:40:00,2026-02-12 17:45:00,1.0,-4.81,early,vol_high,downtrend,adx_gt25,spread_low
run50D_d390h10_logreg_deep_v1,d390h10,oos,362,sell,2026-02-12 17:45:00,2026-02-12 17:50:00,1.0,-1.14,early,vol_high,downtrend,adx_gt25,spread_low
run50D_d390h10_logreg_deep_v1,d390h10,oos,363,buy,2026-02-12 17:50:00,2026-02-12 18:10:00,4.0,-13.61,early,vol_high,downtrend,adx_gt25,spread_low
run50D_d390h10_logreg_deep_v1,d390h10,oos,364,sell,2026-02-12 18:10:00,2026-02-12 19:00:00,10.0,8.29,early,vol_high,downtrend,adx_gt25,spread_low
run50D_d390h10_logreg_deep_v1,d390h10,oos,365,buy,2026-02-12 19:05:00,2026-02-12 19:55:00,10.0,-3.09,mid,vol_high,downtrend,adx_gt25,spread_low
run50D_d390h10_logreg_deep_v1,d390h10,oos,366,buy,2026-02-12 20:00:00,2026-02-12 20:50:00,10.0,5.82,mid,vol_high,downtrend,adx_gt25,spread_low
run50D_d390h10_logreg_deep_v1,d390h10,oos,367,buy,2026-02-12 20:55:00,2026-02-12 21:40:00,9.0,0.34,late,vol_high,downtrend,adx_gt25,spread_low
run50D_d390h10_logreg_deep_v1,d390h10,oos,368,sell,2026-02-12 21:40:00,2026-02-13 17:00:00,232.0,22.75,late,vol_mid,downtrend,adx_20_25,spread_low
run50D_d390h10_logreg_deep_v1,d390h10,oos,369,buy,2026-02-13 17:05:00,2026-02-13 17:55:00,10.0,6.77,early,vol_high,range_or_weak_trend,adx_lt20,spread_low
run50D_d390h10_logreg_deep_v1,d390h10,oos,370,buy,2026-02-13 18:00:00,2026-02-13 18:50:00,10.0,6.89,early,vol_high,range_or_weak_trend,adx_lt20,spread_low
run50D_d390h10_logreg_deep_v1,d390h10,oos,371,buy,2026-02-13 18:55:00,2026-02-13 19:45:00,10.0,5.97,mid,vol_high,range_or_weak_trend,adx_lt20,spread_low
run50D_d390h10_logreg_deep_v1,d390h10,oos,372,sell,2026-02-13 20:05:00,2026-02-13 20:55:00,10.0,-2.51,mid,vol_mid,downtrend,adx_20_25,spread_low
run50D_d390h10_logreg_deep_v1,d390h10,oos,373,sell,2026-02-13 21:15:00,2026-02-17 16:35:00,1096.0,18.76,late,vol_low,range_or_weak_trend,adx_lt20,spread_low
run50D_d390h10_logreg_deep_v1,d390h10,oos,374,buy,2026-02-17 16:40:00,2026-02-17 17:30:00,10.0,-27.49,early,vol_high,downtrend,adx_gt25,spread_low
run50D_d390h10_logreg_deep_v1,d390h10,oos,375,buy,2026-02-17 17:35:00,2026-02-17 18:25:00,10.0,32.07,early,vol_high,downtrend,adx_20_25,spread_low
run50D_d390h10_logreg_deep_v1,d390h10,oos,376,buy,2026-02-17 18:30:00,2026-02-17 19:20:00,10.0,-1.64,mid,vol_high,downtrend,adx_20_25,spread_low
run50D_d390h10_logreg_deep_v1,d390h10,oos,377,buy,2026-02-17 19:25:00,2026-02-17 19:55:00,6.0,-8.11,mid,vol_high,downtrend,adx_20_25,spread_low
run50D_d390h10_logreg_deep_v1,d390h10,oos,378,sell,2026-02-17 19:55:00,2026-02-17 20:25:00,6.0,-14.54,mid,vol_high,range_or_weak_trend,adx_lt20,spread_low
run50D_d390h10_logreg_deep_v1,d390h10,oos,379,buy,2026-02-17 20:25:00,2026-02-17 21:15:00,10.0,8.44,late,vol_high,range_or_weak_trend,adx_lt20,spread_low
run50D_d390h10_logreg_deep_v1,d390h10,oos,380,buy,2026-02-18 16:40:00,2026-02-18 17:30:00,10.0,25.24,early,vol_low,downtrend,adx_gt25,spread_low
run50D_d390h10_logreg_deep_v1,d390h10,oos,381,buy,2026-02-18 17:35:00,2026-02-18 18:25:00,10.0,7.42,early,vol_high,downtrend,adx_gt25,spread_low
run50D_d390h10_logreg_deep_v1,d390h10,oos,382,sell,2026-02-19 16:35:00,2026-02-19 17:05:00,6.0,-9.04,early,vol_low,downtrend,adx_20_25,spread_low
run50D_d390h10_logreg_deep_v1,d390h10,oos,383,buy,2026-02-19 17:05:00,2026-02-19 17:55:00,10.0,-5.19,early,vol_mid,downtrend,adx_20_25,spread_low
run50D_d390h10_logreg_deep_v1,d390h10,oos,384,buy,2026-02-19 18:00:00,2026-02-19 18:50:00,10.0,-9.46,early,vol_high,range_or_weak_trend,adx_lt20,spread_low
run50D_d390h10_logreg_deep_v1,d390h10,oos,385,sell,2026-02-19 21:40:00,2026-02-20 16:35:00,227.0,-4.5,late,vol_mid,range_or_weak_trend,adx_lt20,spread_low
run50D_d390h10_logreg_deep_v1,d390h10,oos,386,buy,2026-02-20 16:35:00,2026-02-20 17:25:00,10.0,20.07,early,vol_high,downtrend,adx_gt25,spread_low
run50D_d390h10_logreg_deep_v1,d390h10,oos,387,buy,2026-02-20 17:30:00,2026-02-20 18:20:00,10.0,6.94,early,vol_high,downtrend,adx_gt25,spread_low
run50D_d390h10_logreg_deep_v1,d390h10,oos,388,buy,2026-02-20 18:25:00,2026-02-20 19:15:00,10.0,-2.91,mid,vol_high,downtrend,adx_gt25,spread_low
run50D_d390h10_logreg_deep_v1,d390h10,oos,389,sell,2026-02-20 19:20:00,2026-02-20 20:10:00,10.0,-9.84,mid,vol_high,downtrend,adx_20_25,spread_low
run50D_d390h10_logreg_deep_v1,d390h10,oos,390,buy,2026-02-20 20:35:00,2026-02-20 21:25:00,10.0,4.34,late,vol_high,range_or_weak_trend,adx_lt20,spread_low
run50D_d390h10_logreg_deep_v1,d390h10,oos,391,buy,2026-02-23 16:40:00,2026-02-23 17:30:00,10.0,-12.54,early,vol_low,downtrend,adx_20_25,spread_low
run50D_d390h10_logreg_deep_v1,d390h10,oos,392,buy,2026-02-23 17:35:00,2026-02-23 18:05:00,6.0,-14.29,early,vol_high,range_or_weak_trend,adx_lt20,spread_low
run50D_d390h10_logreg_deep_v1,d390h10,oos,393,sell,2026-02-23 18:05:00,2026-02-23 18:30:00,5.0,-6.82,early,vol_high,downtrend,adx_20_25,spread_low
run50D_d390h10_logreg_deep_v1,d390h10,oos,394,buy,2026-02-23 18:30:00,2026-02-23 19:20:00,10.0,-3.82,mid,vol_mid,downtrend,adx_gt25,spread_low
run50D_d390h10_logreg_deep_v1,d390h10,oos,395,buy,2026-02-23 19:40:00,2026-02-23 20:30:00,10.0,12.82,mid,vol_mid,downtrend,adx_gt25,spread_low
run50D_d390h10_logreg_deep_v1,d390h10,oos,396,sell,2026-02-23 22:00:00,2026-02-24 16:40:00,224.0,-11.46,late,vol_low,downtrend,adx_gt25,spread_low
run50D_d390h10_logreg_deep_v1,d390h10,oos,397,buy,2026-02-24 16:40:00,2026-02-24 17:30:00,10.0,20.64,early,vol_mid,downtrend,adx_20_25,spread_low
run50D_d390h10_logreg_deep_v1,d390h10,oos,398,buy,2026-02-24 17:35:00,2026-02-24 18:25:00,10.0,-0.06,early,vol_high,range_or_weak_trend,adx_lt20,spread_low
run50D_d390h10_logreg_deep_v1,d390h10,oos,399,buy,2026-02-24 18:35:00,2026-02-24 19:25:00,10.0,8.92,mid,vol_high,downtrend,adx_20_25,spread_low
run50D_d390h10_logreg_deep_v1,d390h10,oos,400,buy,2026-02-25 16:35:00,2026-02-25 17:25:00,10.0,8.39,early,vol_low,downtrend,adx_20_25,spread_low
run50D_d390h10_logreg_deep_v1,d390h10,oos,401,sell,2026-02-26 16:35:00,2026-02-26 17:25:00,10.0,35.49,early,vol_mid,range_or_weak_trend,adx_lt20,spread_low
run50D_d390h10_logreg_deep_v1,d390h10,oos,402,sell,2026-02-26 17:30:00,2026-02-26 17:50:00,4.0,-8.11,early,vol_high,downtrend,adx_gt25,spread_low
run50D_d390h10_logreg_deep_v1,d390h10,oos,403,buy,2026-02-26 17:50:00,2026-02-26 17:55:00,1.0,-0.51,early,vol_high,downtrend,adx_gt25,spread_low
run50D_d390h10_logreg_deep_v1,d390h10,oos,404,sell,2026-02-26 17:55:00,2026-02-26 18:00:00,1.0,0.82,early,vol_high,downtrend,adx_gt25,spread_low
run50D_d390h10_logreg_deep_v1,d390h10,oos,405,buy,2026-02-26 18:00:00,2026-02-26 18:50:00,10.0,1.84,early,vol_high,downtrend,adx_gt25,spread_low
run50D_d390h10_logreg_deep_v1,d390h10,oos,406,buy,2026-02-26 18:55:00,2026-02-26 19:45:00,10.0,-3.41,mid,vol_high,downtrend,adx_gt25,spread_low
run50D_d390h10_logreg_deep_v1,d390h10,oos,407,buy,2026-02-26 19:50:00,2026-02-26 20:40:00,10.0,7.67,mid,vol_mid,downtrend,adx_gt25,spread_low
run50D_d390h10_logreg_deep_v1,d390h10,oos,408,buy,2026-02-26 20:45:00,2026-02-26 21:35:00,10.0,7.19,late,vol_mid,downtrend,adx_gt25,spread_low
run50D_d390h10_logreg_deep_v1,d390h10,oos,409,buy,2026-02-27 16:35:00,2026-02-27 17:25:00,10.0,10.14,early,vol_mid,downtrend,adx_gt25,spread_low
run50D_d390h10_logreg_deep_v1,d390h10,oos,410,buy,2026-02-27 17:30:00,2026-02-27 18:20:00,10.0,1.82,early,vol_high,downtrend,adx_gt25,spread_low
run50D_d390h10_logreg_deep_v1,d390h10,oos,411,buy,2026-02-27 18:25:00,2026-02-27 19:15:00,10.0,-2.51,mid,vol_high,range_or_weak_trend,adx_lt20,spread_low
run50D_d390h10_logreg_deep_v1,d390h10,oos,412,sell,2026-02-27 19:35:00,2026-02-27 20:25:00,10.0,8.89,mid,vol_high,range_or_weak_trend,adx_lt20,spread_low
run50D_d390h10_logreg_deep_v1,d390h10,oos,413,sell,2026-02-27 20:30:00,2026-02-27 21:20:00,10.0,-0.06,late,vol_mid,range_or_weak_trend,adx_lt20,spread_low
run50D_d390h10_logreg_deep_v1,d390h10,oos,414,buy,2026-03-02 16:35:00,2026-03-02 17:25:00,10.0,7.79,early,vol_high,range_or_weak_trend,adx_lt20,spread_low
run50D_d390h10_logreg_deep_v1,d390h10,oos,415,buy,2026-03-02 17:30:00,2026-03-02 18:20:00,10.0,4.79,early,vol_high,downtrend,adx_gt25,spread_low
run50D_d390h10_logreg_deep_v1,d390h10,oos,416,buy,2026-03-02 18:30:00,2026-03-02 18:40:00,2.0,9.84,mid,vol_high,downtrend,adx_gt25,spread_low
run50D_d390h10_logreg_deep_v1,d390h10,oos,417,sell,2026-03-02 18:40:00,2026-03-02 19:30:00,10.0,-7.81,mid,vol_high,downtrend,adx_gt25,spread_low
run50D_d390h10_logreg_deep_v1,d390h10,oos,418,sell,2026-03-03 16:35:00,2026-03-03 17:25:00,10.0,12.79,early,vol_low,downtrend,adx_20_25,spread_low
run50D_d390h10_logreg_deep_v1,d390h10,oos,419,sell,2026-03-03 17:30:00,2026-03-03 18:10:00,8.0,-20.95,early,vol_high,downtrend,adx_20_25,spread_low
run50D_d390h10_logreg_deep_v1,d390h10,oos,420,buy,2026-03-03 18:10:00,2026-03-03 19:00:00,10.0,10.25,early,vol_high,range_or_weak_trend,adx_lt20,spread_low
run50D_d390h10_logreg_deep_v1,d390h10,oos,421,buy,2026-03-03 19:05:00,2026-03-03 19:35:00,6.0,-5.66,mid,vol_high,downtrend,adx_gt25,spread_low
run50D_d390h10_logreg_deep_v1,d390h10,oos,422,sell,2026-03-03 19:35:00,2026-03-03 20:25:00,10.0,-14.16,mid,vol_high,downtrend,adx_20_25,spread_low
run50D_d390h10_logreg_deep_v1,d390h10,oos,423,sell,2026-03-03 20:30:00,2026-03-03 21:20:00,10.0,-3.06,late,vol_high,downtrend,adx_20_25,spread_low
run50D_d390h10_logreg_deep_v1,d390h10,oos,424,sell,2026-03-03 21:25:00,2026-03-04 16:35:00,230.0,-18.52,late,vol_mid,downtrend,adx_20_25,spread_low
run50D_d390h10_logreg_deep_v1,d390h10,oos,425,buy,2026-03-04 16:35:00,2026-03-04 17:25:00,10.0,12.58,early,vol_high,downtrend,adx_gt25,spread_low
run50D_d390h10_logreg_deep_v1,d390h10,oos,426,buy,2026-03-04 17:30:00,2026-03-04 18:20:00,10.0,-7.26,early,vol_high,downtrend,adx_gt25,spread_low
run50D_d390h10_logreg_deep_v1,d390h10,oos,427,buy,2026-03-04 18:25:00,2026-03-04 19:15:00,10.0,9.02,mid,vol_high,downtrend,adx_gt25,spread_low
run50D_d390h10_logreg_deep_v1,d390h10,oos,428,buy,2026-03-05 16:35:00,2026-03-05 17:25:00,10.0,-7.19,early,vol_high,downtrend,adx_gt25,spread_low
run50D_d390h10_logreg_deep_v1,d390h10,oos,429,buy,2026-03-05 17:30:00,2026-03-05 18:20:00,10.0,-6.74,early,vol_high,downtrend,adx_gt25,spread_low
run50D_d390h10_logreg_deep_v1,d390h10,oos,430,buy,2026-03-05 18:25:00,2026-03-05 19:15:00,10.0,4.54,mid,vol_high,downtrend,adx_20_25,spread_low
run50D_d390h10_logreg_deep_v1,d390h10,oos,431,buy,2026-03-05 19:20:00,2026-03-05 19:55:00,7.0,-15.44,mid,vol_high,range_or_weak_trend,adx_lt20,spread_low
run50D_d390h10_logreg_deep_v1,d390h10,oos,432,sell,2026-03-05 19:55:00,2026-03-05 20:35:00,8.0,1.42,mid,vol_high,downtrend,adx_gt25,spread_low
run50D_d390h10_logreg_deep_v1,d390h10,oos,433,buy,2026-03-05 20:35:00,2026-03-05 21:25:00,10.0,5.97,late,vol_high,downtrend,adx_gt25,spread_low
run50D_d390h10_logreg_deep_v1,d390h10,oos,434,buy,2026-03-06 16:35:00,2026-03-06 17:25:00,10.0,10.77,early,vol_mid,downtrend,adx_gt25,spread_low
run50D_d390h10_logreg_deep_v1,d390h10,oos,435,buy,2026-03-06 17:30:00,2026-03-06 18:20:00,10.0,3.18,early,vol_high,downtrend,adx_gt25,spread_low
run50D_d390h10_logreg_deep_v1,d390h10,oos,436,buy,2026-03-06 18:25:00,2026-03-06 18:55:00,6.0,2.24,mid,vol_high,range_or_weak_trend,adx_lt20,spread_low
run50D_d390h10_logreg_deep_v1,d390h10,oos,437,sell,2026-03-06 18:55:00,2026-03-06 19:45:00,10.0,8.74,mid,vol_high,range_or_weak_trend,adx_lt20,spread_low
run50D_d390h10_logreg_deep_v1,d390h10,oos,438,sell,2026-03-06 19:50:00,2026-03-06 20:40:00,10.0,-2.61,mid,vol_high,range_or_weak_trend,adx_lt20,spread_low
run50D_d390h10_logreg_deep_v1,d390h10,oos,439,sell,2026-03-06 20:50:00,2026-03-06 21:40:00,10.0,3.67,late,vol_mid,range_or_weak_trend,adx_lt20,spread_low
run50D_d390h10_logreg_deep_v1,d390h10,oos,440,sell,2026-03-06 21:45:00,2026-03-09 16:05:00,796.0,39.19,late,vol_mid,range_or_weak_trend,adx_lt20,spread_low
run50D_d390h10_logreg_deep_v1,d390h10,oos,441,sell,2026-03-09 16:10:00,2026-03-09 16:35:00,5.0,-8.21,early,feature_missing,feature_missing,feature_missing,spread_low
run50D_d390h10_logreg_deep_v1,d390h10,oos,442,buy,2026-03-09 16:35:00,2026-03-09 17:25:00,10.0,-2.19,early,vol_mid,range_or_weak_trend,adx_lt20,spread_low
run50D_d390h10_logreg_deep_v1,d390h10,oos,443,buy,2026-03-09 17:30:00,2026-03-09 18:20:00,10.0,20.32,mid,vol_high,range_or_weak_trend,adx_lt20,spread_low
run50D_d390h10_logreg_deep_v1,d390h10,oos,444,buy,2026-03-09 18:25:00,2026-03-09 19:15:00,10.0,4.18,mid,vol_high,downtrend,adx_gt25,spread_low
run50D_d390h10_logreg_deep_v1,d390h10,oos,445,buy,2026-03-09 19:30:00,2026-03-09 20:20:00,10.0,-4.71,late,vol_low,downtrend,adx_gt25,spread_low
run50D_d390h10_logreg_deep_v1,d390h10,oos,446,sell,2026-03-09 20:40:00,2026-03-10 15:35:00,227.0,-33.49,late,vol_low,downtrend,adx_gt25,spread_low
run50D_d390h10_logreg_deep_v1,d390h10,oos,447,buy,2026-03-10 15:35:00,2026-03-10 16:25:00,10.0,7.32,early,feature_missing,feature_missing,feature_missing,spread_low
run50D_d390h10_logreg_deep_v1,d390h10,oos,448,buy,2026-03-10 16:30:00,2026-03-10 17:20:00,10.0,-3.86,early,feature_missing,feature_missing,feature_missing,spread_low
run50D_d390h10_logreg_deep_v1,d390h10,oos,449,buy,2026-03-10 17:25:00,2026-03-10 18:15:00,10.0,14.37,mid,vol_mid,range_or_weak_trend,adx_lt20,spread_low
run50D_d390h10_logreg_deep_v1,d390h10,oos,450,buy,2026-03-10 18:20:00,2026-03-10 19:10:00,10.0,-6.94,mid,vol_high,downtrend,adx_gt25,spread_low
run50D_d390h10_logreg_deep_v1,d390h10,oos,451,sell,2026-03-11 15:35:00,2026-03-11 15:40:00,1.0,-2.01,early,feature_missing,feature_missing,feature_missing,spread_low
run50D_d390h10_logreg_deep_v1,d390h10,oos,452,buy,2026-03-11 15:40:00,2026-03-11 16:30:00,10.0,7.39,early,feature_missing,feature_missing,feature_missing,spread_low
run50D_d390h10_logreg_deep_v1,d390h10,oos,453,buy,2026-03-11 16:35:00,2026-03-11 17:25:00,10.0,-5.94,early,vol_mid,downtrend,adx_gt25,spread_low
run50D_d390h10_logreg_deep_v1,d390h10,oos,454,buy,2026-03-11 17:30:00,2026-03-11 18:20:00,10.0,-5.94,mid,vol_mid,downtrend,adx_gt25,spread_low
run50D_d390h10_logreg_deep_v1,d390h10,oos,455,buy,2026-03-11 18:30:00,2026-03-11 18:50:00,4.0,-2.34,mid,vol_high,downtrend,adx_20_25,spread_low
run50D_d390h10_logreg_deep_v1,d390h10,oos,456,sell,2026-03-11 18:50:00,2026-03-11 19:40:00,10.0,-6.24,mid,vol_high,downtrend,adx_20_25,spread_low
run50D_d390h10_logreg_deep_v1,d390h10,oos,457,sell,2026-03-11 20:40:00,2026-03-12 15:50:00,230.0,9.68,late,vol_mid,range_or_weak_trend,adx_lt20,spread_low
run50D_d390h10_logreg_deep_v1,d390h10,oos,458,buy,2026-03-12 15:50:00,2026-03-12 16:40:00,10.0,-0.71,early,feature_missing,feature_missing,feature_missing,spread_low
run50D_d390h10_logreg_deep_v1,d390h10,oos,459,sell,2026-03-12 16:55:00,2026-03-12 17:05:00,2.0,-4.99,early,vol_mid,downtrend,adx_gt25,spread_low
run50D_d390h10_logreg_deep_v1,d390h10,oos,460,buy,2026-03-12 17:05:00,2026-03-12 17:30:00,5.0,-10.19,early,vol_high,downtrend,adx_gt25,spread_low
run50D_d390h10_logreg_deep_v1,d390h10,oos,461,sell,2026-03-12 17:30:00,2026-03-12 17:45:00,3.0,-2.89,mid,vol_high,downtrend,adx_gt25,spread_low
run50D_d390h10_logreg_deep_v1,d390h10,oos,462,buy,2026-03-12 17:45:00,2026-03-12 18:35:00,10.0,-3.69,mid,vol_high,downtrend,adx_gt25,spread_low
run50D_d390h10_logreg_deep_v1,d390h10,oos,463,buy,2026-03-12 18:40:00,2026-03-12 19:30:00,10.0,-5.34,mid,vol_high,downtrend,adx_gt25,spread_low
run50D_d390h10_logreg_deep_v1,d390h10,oos,464,buy,2026-03-12 19:35:00,2026-03-12 20:25:00,10.0,0.23,late,vol_high,range_or_weak_trend,adx_lt20,spread_low
run50D_d390h10_logreg_deep_v1,d390h10,oos,465,buy,2026-03-12 20:30:00,2026-03-13 15:35:00,229.0,0.33,late,vol_high,range_or_weak_trend,adx_lt20,spread_low
run50D_d390h10_logreg_deep_v1,d390h10,oos,466,sell,2026-03-13 15:35:00,2026-03-13 15:40:00,1.0,0.57,early,feature_missing,feature_missing,feature_missing,spread_low
run50D_d390h10_logreg_deep_v1,d390h10,oos,467,buy,2026-03-13 15:40:00,2026-03-13 15:50:00,2.0,3.12,early,feature_missing,feature_missing,feature_missing,spread_low
run50D_d390h10_logreg_deep_v1,d390h10,oos,468,sell,2026-03-13 15:50:00,2026-03-13 15:55:00,1.0,1.22,early,feature_missing,feature_missing,feature_missing,spread_low
run50D_d390h10_logreg_deep_v1,d390h10,oos,469,buy,2026-03-13 15:55:00,2026-03-13 16:45:00,10.0,9.67,early,feature_missing,feature_missing,feature_missing,spread_low
run50D_d390h10_logreg_deep_v1,d390h10,oos,470,buy,2026-03-13 16:50:00,2026-03-13 17:40:00,10.0,-9.49,early,vol_mid,downtrend,adx_gt25,spread_low
run50D_d390h10_logreg_deep_v1,d390h10,oos,471,sell,2026-03-13 17:45:00,2026-03-13 18:35:00,10.0,10.94,mid,vol_high,downtrend,adx_20_25,spread_low
run50D_d390h10_logreg_deep_v1,d390h10,oos,472,sell,2026-03-13 18:40:00,2026-03-13 19:15:00,7.0,2.57,mid,vol_mid,downtrend,adx_gt25,spread_low
run50D_d390h10_logreg_deep_v1,d390h10,oos,473,buy,2026-03-13 19:15:00,2026-03-13 20:05:00,10.0,-3.09,late,vol_high,downtrend,adx_gt25,spread_low
run50D_d390h10_logreg_deep_v1,d390h10,oos,474,buy,2026-03-13 20:10:00,2026-03-13 21:00:00,10.0,-5.49,late,vol_mid,downtrend,adx_20_25,spread_low
run50D_d390h10_logreg_deep_v1,d390h10,oos,475,buy,2026-03-16 15:35:00,2026-03-16 16:25:00,10.0,-2.66,early,feature_missing,feature_missing,feature_missing,spread_low
run50D_d390h10_logreg_deep_v1,d390h10,oos,476,buy,2026-03-16 16:30:00,2026-03-16 17:20:00,10.0,7.97,early,feature_missing,feature_missing,feature_missing,spread_low
run50D_d390h10_logreg_deep_v1,d390h10,oos,477,buy,2026-03-16 17:25:00,2026-03-16 18:15:00,10.0,-4.99,mid,vol_mid,downtrend,adx_gt25,spread_low
run50D_d390h10_logreg_deep_v1,d390h10,oos,478,buy,2026-03-17 15:35:00,2026-03-17 16:25:00,10.0,8.42,early,feature_missing,feature_missing,feature_missing,spread_low
run50D_d390h10_logreg_deep_v1,d390h10,oos,479,buy,2026-03-17 16:35:00,2026-03-17 17:25:00,10.0,0.44,early,vol_low,downtrend,adx_gt25,spread_low
run50D_d390h10_logreg_deep_v1,d390h10,oos,480,sell,2026-03-18 15:35:00,2026-03-18 15:40:00,1.0,-2.06,early,feature_missing,feature_missing,feature_missing,spread_low
run50D_d390h10_logreg_deep_v1,d390h10,oos,481,buy,2026-03-18 15:40:00,2026-03-18 15:45:00,1.0,-6.24,early,feature_missing,feature_missing,feature_missing,spread_low
run50D_d390h10_logreg_deep_v1,d390h10,oos,482,sell,2026-03-18 15:45:00,2026-03-18 15:50:00,1.0,2.69,early,feature_missing,feature_missing,feature_missing,spread_low
run50D_d390h10_logreg_deep_v1,d390h10,oos,483,buy,2026-03-18 15:50:00,2026-03-18 15:55:00,1.0,-0.84,early,feature_missing,feature_missing,feature_missing,spread_low
run50D_d390h10_logreg_deep_v1,d390h10,oos,484,sell,2026-03-18 15:55:00,2026-03-18 16:05:00,2.0,-0.37,early,feature_missing,feature_missing,feature_missing,spread_low
run50D_d390h10_logreg_deep_v1,d390h10,oos,485,buy,2026-03-18 16:05:00,2026-03-18 16:55:00,10.0,4.84,early,feature_missing,feature_missing,feature_missing,spread_low
run50D_d390h10_logreg_deep_v1,d390h10,oos,486,buy,2026-03-18 17:00:00,2026-03-18 17:50:00,10.0,-14.09,early,vol_mid,downtrend,adx_gt25,spread_low
run50D_d390h10_logreg_deep_v1,d390h10,oos,487,buy,2026-03-18 17:55:00,2026-03-18 18:45:00,10.0,5.02,mid,vol_mid,downtrend,adx_gt25,spread_low
run50D_d390h10_logreg_deep_v1,d390h10,oos,488,sell,2026-03-18 20:15:00,2026-03-19 15:35:00,232.0,31.67,late,vol_low,downtrend,adx_20_25,spread_low
run50D_d390h10_logreg_deep_v1,d390h10,oos,489,sell,2026-03-19 15:40:00,2026-03-19 16:30:00,10.0,4.22,early,feature_missing,feature_missing,feature_missing,spread_low
run50D_d390h10_logreg_deep_v1,d390h10,oos,490,sell,2026-03-19 16:35:00,2026-03-19 16:40:00,1.0,-2.74,early,vol_high,downtrend,adx_gt25,spread_low
run50D_d390h10_logreg_deep_v1,d390h10,oos,491,buy,2026-03-19 16:40:00,2026-03-19 17:30:00,10.0,4.27,early,vol_high,downtrend,adx_gt25,spread_low
run50D_d390h10_logreg_deep_v1,d390h10,oos,492,buy,2026-03-19 17:35:00,2026-03-19 18:25:00,10.0,-5.74,mid,vol_high,range_or_weak_trend,adx_lt20,spread_low
run50D_d390h10_logreg_deep_v1,d390h10,oos,493,buy,2026-03-19 18:30:00,2026-03-19 18:45:00,3.0,-4.94,mid,vol_high,range_or_weak_trend,adx_lt20,spread_low
run50D_d390h10_logreg_deep_v1,d390h10,oos,494,sell,2026-03-19 18:45:00,2026-03-19 19:35:00,10.0,-4.76,mid,vol_high,range_or_weak_trend,adx_lt20,spread_low
run50D_d390h10_logreg_deep_v1,d390h10,oos,495,sell,2026-03-19 20:05:00,2026-03-19 20:55:00,10.0,-5.39,late,vol_mid,range_or_weak_trend,adx_lt20,spread_low
run50D_d390h10_logreg_deep_v1,d390h10,oos,496,buy,2026-03-20 15:35:00,2026-03-20 16:25:00,10.0,2.82,early,feature_missing,feature_missing,feature_missing,spread_low
run50D_d390h10_logreg_deep_v1,d390h10,oos,497,sell,2026-03-20 16:35:00,2026-03-20 17:25:00,10.0,12.77,early,vol_mid,range_or_weak_trend,adx_lt20,spread_low
run50D_d390h10_logreg_deep_v1,d390h10,oos,498,sell,2026-03-20 17:30:00,2026-03-20 18:10:00,8.0,1.09,mid,vol_high,downtrend,adx_20_25,spread_low
run50D_d390h10_logreg_deep_v1,d390h10,oos,499,buy,2026-03-20 18:10:00,2026-03-20 19:00:00,10.0,5.12,mid,vol_high,downtrend,adx_20_25,spread_low
run50D_d390h10_logreg_deep_v1,d390h10,oos,500,buy,2026-03-20 19:05:00,2026-03-20 19:55:00,10.0,-8.49,mid,vol_mid,downtrend,adx_20_25,spread_low
run50D_d390h10_logreg_deep_v1,d390h10,oos,501,sell,2026-03-20 20:10:00,2026-03-20 21:00:00,10.0,5.92,late,vol_low,range_or_weak_trend,adx_lt20,spread_low
run50D_d390h10_logreg_deep_v1,d390h10,oos,502,sell,2026-03-23 15:35:00,2026-03-23 15:45:00,2.0,-8.61,early,feature_missing,feature_missing,feature_missing,spread_low
run50D_d390h10_logreg_deep_v1,d390h10,oos,503,buy,2026-03-23 15:45:00,2026-03-23 15:50:00,1.0,0.94,early,feature_missing,feature_missing,feature_missing,spread_low
run50D_d390h10_logreg_deep_v1,d390h10,oos,504,sell,2026-03-23 15:50:00,2026-03-23 16:05:00,3.0,-0.34,early,feature_missing,feature_missing,feature_missing,spread_low
run50D_d390h10_logreg_deep_v1,d390h10,oos,505,buy,2026-03-23 16:05:00,2026-03-23 16:20:00,3.0,-4.26,early,feature_missing,feature_missing,feature_missing,spread_low
run50D_d390h10_logreg_deep_v1,d390h10,oos,506,sell,2026-03-23 16:20:00,2026-03-23 17:10:00,10.0,-3.19,early,feature_missing,feature_missing,feature_missing,spread_low
run50D_d390h10_logreg_deep_v1,d390h10,oos,507,sell,2026-03-23 17:15:00,2026-03-23 17:30:00,3.0,-2.96,early,vol_high,downtrend,adx_20_25,spread_low
run50D_d390h10_logreg_deep_v1,d390h10,oos,508,buy,2026-03-23 17:30:00,2026-03-23 17:50:00,4.0,-0.56,mid,vol_high,downtrend,adx_20_25,spread_low
run50D_d390h10_logreg_deep_v1,d390h10,oos,509,sell,2026-03-23 17:50:00,2026-03-23 18:05:00,3.0,-4.49,mid,vol_high,downtrend,adx_gt25,spread_low
run50D_d390h10_logreg_deep_v1,d390h10,oos,510,buy,2026-03-23 18:05:00,2026-03-23 18:50:00,9.0,-17.04,mid,vol_high,downtrend,adx_gt25,spread_low
run50D_d390h10_logreg_deep_v1,d390h10,oos,511,sell,2026-03-23 18:50:00,2026-03-23 19:40:00,10.0,13.14,mid,vol_high,downtrend,adx_20_25,spread_low
run50D_d390h10_logreg_deep_v1,d390h10,oos,512,sell,2026-03-23 19:45:00,2026-03-23 20:05:00,4.0,4.44,late,vol_high,downtrend,adx_gt25,spread_low
run50D_d390h10_logreg_deep_v1,d390h10,oos,513,buy,2026-03-23 20:05:00,2026-03-23 20:55:00,10.0,8.99,late,vol_high,downtrend,adx_gt25,spread_low
run50D_d390h10_logreg_deep_v1,d390h10,oos,514,buy,2026-03-23 21:00:00,2026-03-24 16:10:00,230.0,-23.67,late,vol_high,downtrend,adx_20_25,spread_low
run50D_d390h10_logreg_deep_v1,d390h10,oos,515,sell,2026-03-24 16:10:00,2026-03-24 16:15:00,1.0,-2.51,early,feature_missing,feature_missing,feature_missing,spread_low
run50D_d390h10_logreg_deep_v1,d390h10,oos,516,buy,2026-03-24 16:15:00,2026-03-24 17:05:00,10.0,-2.06,early,feature_missing,feature_missing,feature_missing,spread_low
run50D_d390h10_logreg_deep_v1,d390h10,oos,517,buy,2026-03-24 17:10:00,2026-03-24 18:00:00,10.0,-3.36,early,vol_high,downtrend,adx_gt25,spread_low
run50D_d390h10_logreg_deep_v1,d390h10,oos,518,buy,2026-03-24 18:05:00,2026-03-24 18:55:00,10.0,5.77,mid,vol_high,downtrend,adx_20_25,spread_low
run50D_d390h10_logreg_deep_v1,d390h10,oos,519,buy,2026-03-24 19:00:00,2026-03-24 19:40:00,8.0,-4.69,mid,vol_high,downtrend,adx_gt25,spread_low
run50D_d390h10_logreg_deep_v1,d390h10,oos,520,sell,2026-03-24 19:40:00,2026-03-24 20:30:00,10.0,4.97,late,vol_high,range_or_weak_trend,adx_lt20,spread_low
run50D_d390h10_logreg_deep_v1,d390h10,oos,521,sell,2026-03-24 20:35:00,2026-03-25 15:35:00,228.0,-22.69,late,vol_high,downtrend,adx_20_25,spread_low
run50D_d390h10_logreg_deep_v1,d390h10,oos,522,buy,2026-03-25 15:35:00,2026-03-25 16:25:00,10.0,3.14,early,feature_missing,feature_missing,feature_missing,spread_low
run50D_d390h10_logreg_deep_v1,d390h10,oos,523,buy,2026-03-25 16:35:00,2026-03-25 17:25:00,10.0,-1.44,early,vol_mid,downtrend,adx_20_25,spread_low
run50D_d390h10_logreg_deep_v1,d390h10,oos,524,buy,2026-03-25 17:30:00,2026-03-25 18:20:00,10.0,-16.29,mid,vol_mid,range_or_weak_trend,adx_lt20,spread_low
run50D_d390h10_logreg_deep_v1,d390h10,oos,525,buy,2026-03-25 18:25:00,2026-03-25 19:15:00,10.0,-3.49,mid,vol_high,downtrend,adx_20_25,spread_low
run50D_d390h10_logreg_deep_v1,d390h10,oos,526,buy,2026-03-25 19:25:00,2026-03-25 20:15:00,10.0,-0.51,late,vol_high,downtrend,adx_gt25,spread_low
run50D_d390h10_logreg_deep_v1,d390h10,oos,527,buy,2026-03-25 20:55:00,2026-03-26 15:35:00,224.0,-31.79,late,vol_mid,range_or_weak_trend,adx_lt20,spread_low
run50D_d390h10_logreg_deep_v1,d390h10,oos,528,sell,2026-03-26 15:35:00,2026-03-26 16:25:00,10.0,-4.31,early,feature_missing,feature_missing,feature_missing,spread_low
run50D_d390h10_logreg_deep_v1,d390h10,oos,529,sell,2026-03-26 16:35:00,2026-03-26 16:55:00,4.0,-10.71,early,vol_low,downtrend,adx_gt25,spread_low
run50D_d390h10_logreg_deep_v1,d390h10,oos,530,buy,2026-03-26 16:55:00,2026-03-26 17:00:00,1.0,-1.54,early,vol_high,downtrend,adx_20_25,spread_low
run50D_d390h10_logreg_deep_v1,d390h10,oos,531,sell,2026-03-26 17:00:00,2026-03-26 17:10:00,2.0,2.87,early,vol_high,downtrend,adx_20_25,spread_low
run50D_d390h10_logreg_deep_v1,d390h10,oos,532,buy,2026-03-26 17:10:00,2026-03-26 17:45:00,7.0,-6.31,early,vol_high,downtrend,adx_20_25,spread_low
run50D_d390h10_logreg_deep_v1,d390h10,oos,533,sell,2026-03-26 17:45:00,2026-03-26 18:35:00,10.0,5.8,mid,vol_high,range_or_weak_trend,adx_lt20,spread_low
run50D_d390h10_logreg_deep_v1,d390h10,oos,534,sell,2026-03-26 18:40:00,2026-03-26 19:30:00,10.0,7.44,mid,vol_mid,downtrend,adx_gt25,spread_low
run50D_d390h10_logreg_deep_v1,d390h10,oos,535,sell,2026-03-26 19:40:00,2026-03-26 20:30:00,10.0,3.37,late,vol_low,downtrend,adx_gt25,spread_low
run50D_d390h10_logreg_deep_v1,d390h10,oos,536,sell,2026-03-26 20:35:00,2026-03-27 15:55:00,232.0,34.56,late,vol_low,downtrend,adx_gt25,spread_low
run50D_d390h10_logreg_deep_v1,d390h10,oos,537,sell,2026-03-27 16:00:00,2026-03-27 16:45:00,9.0,2.22,early,feature_missing,feature_missing,feature_missing,spread_low
run50D_d390h10_logreg_deep_v1,d390h10,oos,538,buy,2026-03-27 16:45:00,2026-03-27 16:55:00,2.0,-6.59,early,vol_mid,downtrend,adx_gt25,spread_low
run50D_d390h10_logreg_deep_v1,d390h10,oos,539,sell,2026-03-27 16:55:00,2026-03-27 17:00:00,1.0,3.88,early,vol_high,downtrend,adx_gt25,spread_low
run50D_d390h10_logreg_deep_v1,d390h10,oos,540,buy,2026-03-27 17:00:00,2026-03-27 17:05:00,1.0,2.2,early,vol_high,downtrend,adx_gt25,spread_low
run50D_d390h10_logreg_deep_v1,d390h10,oos,541,sell,2026-03-27 17:05:00,2026-03-27 17:55:00,10.0,1.38,early,vol_high,downtrend,adx_gt25,spread_low
run50D_d390h10_logreg_deep_v1,d390h10,oos,542,buy,2026-03-27 18:10:00,2026-03-27 19:00:00,10.0,3.54,mid,vol_high,downtrend,adx_gt25,spread_low
run50D_d390h10_logreg_deep_v1,d390h10,oos,543,sell,2026-03-27 19:05:00,2026-03-27 19:55:00,10.0,5.69,mid,vol_high,range_or_weak_trend,adx_lt20,spread_low
run50D_d390h10_logreg_deep_v1,d390h10,oos,544,sell,2026-03-27 20:00:00,2026-03-27 20:50:00,10.0,10.97,late,vol_mid,range_or_weak_trend,adx_lt20,spread_low
run50D_d390h10_logreg_deep_v1,d390h10,oos,545,sell,2026-03-27 20:55:00,2026-03-30 17:15:00,820.0,-0.21,late,vol_mid,range_or_weak_trend,adx_lt20,spread_low
run50D_d390h10_logreg_deep_v1,d390h10,oos,546,sell,2026-03-30 17:20:00,2026-03-30 17:35:00,3.0,1.17,early,vol_mid,downtrend,adx_gt25,spread_low
run50D_d390h10_logreg_deep_v1,d390h10,oos,547,buy,2026-03-30 17:35:00,2026-03-30 17:40:00,1.0,-1.49,early,vol_mid,downtrend,adx_gt25,spread_low
run50D_d390h10_logreg_deep_v1,d390h10,oos,548,sell,2026-03-30 17:40:00,2026-03-30 17:50:00,2.0,0.57,early,vol_mid,downtrend,adx_gt25,spread_low
run50D_d390h10_logreg_deep_v1,d390h10,oos,549,buy,2026-03-30 17:50:00,2026-03-30 18:40:00,10.0,6.67,early,vol_mid,downtrend,adx_gt25,spread_low
run50D_d390h10_logreg_deep_v1,d390h10,oos,550,buy,2026-03-30 18:45:00,2026-03-30 19:35:00,10.0,-11.51,mid,vol_high,downtrend,adx_gt25,spread_low
run50D_d390h10_logreg_deep_v1,d390h10,oos,551,buy,2026-03-30 19:50:00,2026-03-30 20:15:00,5.0,-4.66,mid,vol_mid,downtrend,adx_20_25,spread_low
run50D_d390h10_logreg_deep_v1,d390h10,oos,552,sell,2026-03-30 20:15:00,2026-03-30 21:05:00,10.0,5.27,late,vol_mid,downtrend,adx_20_25,spread_low
run50D_d390h10_logreg_deep_v1,d390h10,oos,553,buy,2026-03-31 16:35:00,2026-03-31 17:25:00,10.0,9.99,early,vol_high,downtrend,adx_20_25,spread_low
run50D_d390h10_logreg_deep_v1,d390h10,oos,554,buy,2026-03-31 17:30:00,2026-03-31 17:55:00,5.0,-16.04,early,vol_high,downtrend,adx_gt25,spread_low
run50D_d390h10_logreg_deep_v1,d390h10,oos,555,sell,2026-03-31 17:55:00,2026-03-31 18:05:00,2.0,-5.54,early,vol_high,downtrend,adx_gt25,spread_low
run50D_d390h10_logreg_deep_v1,d390h10,oos,556,buy,2026-03-31 18:05:00,2026-03-31 18:55:00,10.0,2.42,early,vol_high,downtrend,adx_gt25,spread_low
run50D_d390h10_logreg_deep_v1,d390h10,oos,557,buy,2026-03-31 19:00:00,2026-03-31 19:50:00,10.0,31.32,mid,vol_high,range_or_weak_trend,adx_lt20,spread_low
run50D_d390h10_logreg_deep_v1,d390h10,oos,558,buy,2026-03-31 19:55:00,2026-03-31 20:45:00,10.0,1.59,mid,vol_high,downtrend,adx_gt25,spread_low
run50D_d390h10_logreg_deep_v1,d390h10,oos,559,buy,2026-03-31 20:50:00,2026-03-31 21:40:00,10.0,4.29,late,vol_high,downtrend,adx_gt25,spread_low
run50D_d390h10_logreg_deep_v1,d390h10,oos,560,buy,2026-04-01 16:35:00,2026-04-01 17:25:00,10.0,1.84,early,vol_high,range_or_weak_trend,adx_lt20,spread_low
run50D_d390h10_logreg_deep_v1,d390h10,oos,561,buy,2026-04-01 17:30:00,2026-04-01 18:20:00,10.0,8.94,early,vol_high,downtrend,adx_20_25,spread_low
run50D_d390h10_logreg_deep_v1,d390h10,oos,562,buy,2026-04-01 18:25:00,2026-04-01 19:15:00,10.0,3.38,mid,vol_mid,downtrend,adx_gt25,spread_low
run50D_d390h10_logreg_deep_v1,d390h10,oos,563,buy,2026-04-01 19:20:00,2026-04-01 20:10:00,10.0,1.47,mid,vol_low,downtrend,adx_gt25,spread_low
run50D_d390h10_logreg_deep_v1,d390h10,oos,564,sell,2026-04-01 21:20:00,2026-04-02 16:40:00,232.0,50.02,late,vol_low,downtrend,adx_gt25,spread_low
run50D_d390h10_logreg_deep_v1,d390h10,oos,565,sell,2026-04-02 16:45:00,2026-04-02 16:55:00,2.0,-13.59,early,vol_high,range_or_weak_trend,adx_lt20,spread_low
run50D_d390h10_logreg_deep_v1,d390h10,oos,566,buy,2026-04-02 16:55:00,2026-04-02 17:45:00,10.0,35.47,early,vol_high,range_or_weak_trend,adx_lt20,spread_low
run50D_d390h10_logreg_deep_v1,d390h10,oos,567,buy,2026-04-02 17:50:00,2026-04-02 18:40:00,10.0,6.59,early,vol_high,downtrend,adx_gt25,spread_low
run50D_d390h10_logreg_deep_v1,d390h10,oos,568,buy,2026-04-02 18:45:00,2026-04-02 19:00:00,3.0,-5.14,mid,vol_high,downtrend,adx_gt25,spread_low
run50D_d390h10_logreg_deep_v1,d390h10,oos,569,sell,2026-04-02 19:00:00,2026-04-02 19:50:00,10.0,-0.61,mid,vol_high,downtrend,adx_gt25,spread_low
run50D_d390h10_logreg_deep_v1,d390h10,oos,570,sell,2026-04-02 20:50:00,2026-04-02 21:40:00,10.0,-3.41,late,vol_mid,downtrend,adx_20_25,spread_low
run50D_d390h10_logreg_deep_v1,d390h10,oos,571,buy,2026-04-06 16:35:00,2026-04-06 17:25:00,10.0,2.22,early,vol_mid,downtrend,adx_gt25,spread_low
run50D_d390h10_logreg_deep_v1,d390h10,oos,572,buy,2026-04-06 17:30:00,2026-04-06 18:20:00,10.0,-5.81,early,vol_high,range_or_weak_trend,adx_lt20,spread_low
run50D_d390h10_logreg_deep_v1,d390h10,oos,573,buy,2026-04-06 18:25:00,2026-04-06 19:15:00,10.0,1.62,mid,vol_high,range_or_weak_trend,adx_lt20,spread_low
run50D_d390h10_logreg_deep_v1,d390h10,oos,574,buy,2026-04-07 16:35:00,2026-04-07 17:25:00,10.0,-10.31,early,vol_mid,downtrend,adx_gt25,spread_low
run50D_d390h10_logreg_deep_v1,d390h10,oos,575,buy,2026-04-07 17:30:00,2026-04-07 18:10:00,8.0,-14.21,early,vol_high,downtrend,adx_20_25,spread_low
run50D_d390h10_logreg_deep_v1,d390h10,oos,576,sell,2026-04-07 18:10:00,2026-04-07 18:15:00,1.0,-4.01,early,vol_high,range_or_weak_trend,adx_lt20,spread_low
run50D_d390h10_logreg_deep_v1,d390h10,oos,577,buy,2026-04-07 18:15:00,2026-04-07 19:05:00,10.0,17.04,early,vol_high,range_or_weak_trend,adx_lt20,spread_low
run50D_d390h10_logreg_deep_v1,d390h10,oos,578,buy,2026-04-07 19:10:00,2026-04-07 20:00:00,10.0,5.64,mid,vol_high,downtrend,adx_20_25,spread_low
run50D_d390h10_logreg_deep_v1,d390h10,oos,579,buy,2026-04-07 20:05:00,2026-04-07 20:35:00,6.0,0.49,mid,vol_mid,downtrend,adx_gt25,spread_low
run50D_d390h10_logreg_deep_v1,d390h10,oos,580,sell,2026-04-07 20:35:00,2026-04-07 21:25:00,10.0,3.59,late,vol_mid,downtrend,adx_gt25,spread_low
run50D_d390h10_logreg_deep_v1,d390h10,oos,581,sell,2026-04-07 21:45:00,2026-04-08 16:35:00,226.0,-99.42,late,vol_low,downtrend,adx_gt25,spread_low
run50D_d390h10_logreg_deep_v1,d390h10,oos,582,buy,2026-04-08 16:35:00,2026-04-08 17:25:00,10.0,-8.51,early,vol_low,range_or_weak_trend,adx_lt20,spread_low
run50D_d390h10_logreg_deep_v1,d390h10,oos,583,buy,2026-04-08 17:30:00,2026-04-08 18:20:00,10.0,-2.19,early,vol_mid,downtrend,adx_gt25,spread_low
run50D_d390h10_logreg_deep_v1,d390h10,oos,584,buy,2026-04-08 18:25:00,2026-04-08 19:15:00,10.0,5.39,mid,vol_mid,downtrend,adx_gt25,spread_low
run50D_d390h10_logreg_deep_v1,d390h10,oos,585,buy,2026-04-08 19:20:00,2026-04-08 20:10:00,10.0,4.77,mid,vol_mid,downtrend,adx_gt25,spread_low
run50D_d390h10_logreg_deep_v1,d390h10,oos,586,sell,2026-04-08 22:00:00,2026-04-09 16:40:00,224.0,-10.99,late,vol_mid,downtrend,adx_gt25,spread_low
run50D_d390h10_logreg_deep_v1,d390h10,oos,587,buy,2026-04-09 16:40:00,2026-04-09 16:45:00,1.0,3.74,early,vol_low,downtrend,adx_gt25,spread_low
run50D_d390h10_logreg_deep_v1,d390h10,oos,588,sell,2026-04-09 16:45:00,2026-04-09 16:50:00,1.0,2.39,early,vol_mid,downtrend,adx_gt25,spread_low
run50D_d390h10_logreg_deep_v1,d390h10,oos,589,buy,2026-04-09 16:50:00,2026-04-09 17:40:00,10.0,-9.26,early,vol_mid,downtrend,adx_gt25,spread_low
run50D_d390h10_logreg_deep_v1,d390h10,oos,590,buy,2026-04-09 18:00:00,2026-04-09 18:50:00,10.0,11.04,early,vol_mid,downtrend,adx_20_25,spread_low
run50D_d390h10_logreg_deep_v1,d390h10,oos,591,buy,2026-04-09 18:55:00,2026-04-09 19:45:00,10.0,0.39,mid,vol_mid,downtrend,adx_gt25,spread_low
run50D_d390h10_logreg_deep_v1,d390h10,oos,592,buy,2026-04-10 16:35:00,2026-04-10 17:25:00,10.0,0.42,early,vol_low,downtrend,adx_gt25,spread_low
run50D_d390h10_logreg_deep_v1,d390h10,oos,593,buy,2026-04-13 16:35:00,2026-04-13 17:25:00,10.0,7.42,early,vol_low,downtrend,adx_gt25,spread_low
run50D_d390h10_logreg_deep_v1,d390h10,oos,594,buy,2026-04-13 17:30:00,2026-04-13 18:20:00,10.0,2.09,early,vol_mid,downtrend,adx_gt25,spread_low
