ledger_row_id,stage_id,run_id,subrun_id,parent_run_id,record_view,tier_scope,kpi_scope,scoreboard_lane,status,judgment,path,primary_kpi,guardrail_kpi,external_verification_status,notes
run08A_qda_near_raw_covariance_empirical_priors_characterization_v1__python_tier_a_separate,16_model_family_challenge__qda_class_covariance_scout,run08A_qda_near_raw_covariance_empirical_priors_characterization_v1,python_tier_a_separate,run08A_qda_near_raw_covariance_empirical_priors_characterization_v1,python_tier_a_separate,Tier A,signal_probability_threshold,structural_scout,completed,inconclusive_single_split_scout_payload,stages/16_model_family_challenge__qda_class_covariance_scout/02_runs/run08A_qda_near_raw_covariance_empirical_priors_characterization_v1/predictions/tier_a_separate_predictions.parquet,rows=46650;signal_coverage=0.0754555;signal_count=3520;short=2065;long=1455,prob_sum_err=3.33067e-16;selected_threshold=validation_nonflat_q0.90;threshold_ids=q0.90;subtype_counts=NA,out_of_scope_by_claim,Tier A full-context primary view
run08A_qda_near_raw_covariance_empirical_priors_characterization_v1__python_tier_b_separate,16_model_family_challenge__qda_class_covariance_scout,run08A_qda_near_raw_covariance_empirical_priors_characterization_v1,python_tier_b_separate,run08A_qda_near_raw_covariance_empirical_priors_characterization_v1,python_tier_b_separate,Tier B,signal_probability_threshold,structural_scout,completed,inconclusive_single_split_scout_payload,stages/16_model_family_challenge__qda_class_covariance_scout/02_runs/run08A_qda_near_raw_covariance_empirical_priors_characterization_v1/predictions/tier_b_separate_predictions.parquet,rows=12398;signal_coverage=0.0347637;signal_count=431;short=419;long=12,"prob_sum_err=3.33067e-16;selected_threshold=validation_nonflat_q0.90;threshold_ids=q0.90;subtype_counts={""B_constituent_missing"":1,""B_core_only"":200,""B_full_context_outside_tier_a_scope"":217,""B_macro_missing"":10740,""B_mixed_partial_context"":1240}",out_of_scope_by_claim,Tier B partial-context fallback-only view
run08A_qda_near_raw_covariance_empirical_priors_characterization_v1__python_tier_ab_combined,16_model_family_challenge__qda_class_covariance_scout,run08A_qda_near_raw_covariance_empirical_priors_characterization_v1,python_tier_ab_combined,run08A_qda_near_raw_covariance_empirical_priors_characterization_v1,python_tier_ab_combined,Tier A+B,signal_probability_threshold,structural_scout,completed,inconclusive_single_split_scout_payload,stages/16_model_family_challenge__qda_class_covariance_scout/02_runs/run08A_qda_near_raw_covariance_empirical_priors_characterization_v1/predictions/tier_ab_combined_predictions.parquet,rows=59048;signal_coverage=0.0632875;signal_count=3737;short=2280;long=1457,"prob_sum_err=3.33067e-16;selected_threshold=validation_nonflat_q0.90;threshold_ids=q0.90;subtype_counts={""B_constituent_missing"":1,""B_core_only"":200,""B_full_context_outside_tier_a_scope"":217,""B_macro_missing"":10740,""B_mixed_partial_context"":1240,""Tier_A_full_context"":46650}",out_of_scope_by_claim,Tier A primary plus Tier B fallback routed Python view
run08A_qda_near_raw_covariance_empirical_priors_characterization_v1__mt5_tier_a_only_validation_is,16_model_family_challenge__qda_class_covariance_scout,run08A_qda_near_raw_covariance_empirical_priors_characterization_v1,mt5_tier_a_only_validation_is,run08A_qda_near_raw_covariance_empirical_priors_characterization_v1,mt5_tier_a_only_validation_is,Tier A,trading_risk_execution,runtime_probe,completed,inconclusive_tier_only_runtime_probe,C:/Users/awdse/AppData/Roaming/MetaQuotes/Terminal/D0E8209F77C8CF37AD8BF550E51FF075/MQL5/Experts/Project_Obsidian_Prime_v2/stages/16_model_family_challenge__qda_class_covariance_scout/02_runs/run08A_qda_near_raw_covariance_empirical_priors_characterization_v1/mt5/reports/Project_Obsidian_Prime_v2_run08A_qda_near_raw_covariance_empirical_priors_characterization_v1_tier_a_only_validation_is.htm,net_profit=106.98;pf=1.07;expectancy=0.33;trades=320;win_rate=47.5,labelable=9844;feature_ready=9844;model_ok=9844;no_tier_labelable=203;max_dd=243.98;recovery=0.44;fill=549;reject=0;skip=42964;subtypes=NA,completed,Tier A only standalone MT5 tester run.
run08A_qda_near_raw_covariance_empirical_priors_characterization_v1__mt5_tier_b_fallback_only_validation_is,16_model_family_challenge__qda_class_covariance_scout,run08A_qda_near_raw_covariance_empirical_priors_characterization_v1,mt5_tier_b_fallback_only_validation_is,run08A_qda_near_raw_covariance_empirical_priors_characterization_v1,mt5_tier_b_fallback_only_validation_is,Tier B,trading_risk_execution,runtime_probe,completed,inconclusive_tier_b_fallback_only_runtime_probe,C:/Users/awdse/AppData/Roaming/MetaQuotes/Terminal/D0E8209F77C8CF37AD8BF550E51FF075/MQL5/Experts/Project_Obsidian_Prime_v2/stages/16_model_family_challenge__qda_class_covariance_scout/02_runs/run08A_qda_near_raw_covariance_empirical_priors_characterization_v1/mt5/reports/Project_Obsidian_Prime_v2_run08A_qda_near_raw_covariance_empirical_priors_characterization_v1_tier_b_fallback_only_validation_is.htm,net_profit=-144.55;pf=0.17;expectancy=-14.46;trades=10;win_rate=30,"labelable=2366;feature_ready=2366;model_ok=2366;no_tier_labelable=203;max_dd=384.53;recovery=-0.38;fill=20;reject=0;skip=50442;subtypes={""B_core_only"":25,""B_macro_missing"":2126,""B_mixed_partial_context"":215}",completed,Tier B fallback-only standalone MT5 tester run.
run08A_qda_near_raw_covariance_empirical_priors_characterization_v1__mt5_routed_tier_a_used_validation_is,16_model_family_challenge__qda_class_covariance_scout,run08A_qda_near_raw_covariance_empirical_priors_characterization_v1,mt5_routed_tier_a_used_validation_is,run08A_qda_near_raw_covariance_empirical_priors_characterization_v1,mt5_routed_tier_a_used_validation_is,Tier A,routed_signal_execution_usage,runtime_probe,completed,inconclusive_routed_component_runtime_probe,C:/Users/awdse/AppData/Roaming/MetaQuotes/Terminal/D0E8209F77C8CF37AD8BF550E51FF075/MQL5/Experts/Project_Obsidian_Prime_v2/stages/16_model_family_challenge__qda_class_covariance_scout/02_runs/run08A_qda_near_raw_covariance_empirical_priors_characterization_v1/kpi_record.json,route_bars=9844;route_share=0.806224;signals=984;long=386;short=598;fills=544,profit_attribution=not_separable_from_single_routed_account_path;reject=0;skip=0;subtypes=NA,completed,Tier A primary used component from one routed MT5 tester run.
run08A_qda_near_raw_covariance_empirical_priors_characterization_v1__mt5_routed_tier_b_fallback_used_validation_is,16_model_family_challenge__qda_class_covariance_scout,run08A_qda_near_raw_covariance_empirical_priors_characterization_v1,mt5_routed_tier_b_fallback_used_validation_is,run08A_qda_near_raw_covariance_empirical_priors_characterization_v1,mt5_routed_tier_b_fallback_used_validation_is,Tier B,routed_signal_execution_usage,runtime_probe,completed,inconclusive_routed_component_runtime_probe,C:/Users/awdse/AppData/Roaming/MetaQuotes/Terminal/D0E8209F77C8CF37AD8BF550E51FF075/MQL5/Experts/Project_Obsidian_Prime_v2/stages/16_model_family_challenge__qda_class_covariance_scout/02_runs/run08A_qda_near_raw_covariance_empirical_priors_characterization_v1/kpi_record.json,route_bars=2366;route_share=0.193776;signals=25;long=0;short=25;fills=27,"profit_attribution=not_separable_from_single_routed_account_path;reject=0;skip=0;subtypes={""B_core_only"":25,""B_macro_missing"":2126,""B_mixed_partial_context"":215}",completed,Tier B partial-context fallback used component from one routed MT5 tester run.
run08A_qda_near_raw_covariance_empirical_priors_characterization_v1__mt5_routed_total_validation_is,16_model_family_challenge__qda_class_covariance_scout,run08A_qda_near_raw_covariance_empirical_priors_characterization_v1,mt5_routed_total_validation_is,run08A_qda_near_raw_covariance_empirical_priors_characterization_v1,mt5_routed_total_validation_is,Tier A+B,trading_risk_execution,runtime_probe,completed,inconclusive_routed_total_runtime_probe,C:/Users/awdse/AppData/Roaming/MetaQuotes/Terminal/D0E8209F77C8CF37AD8BF550E51FF075/MQL5/Experts/Project_Obsidian_Prime_v2/stages/16_model_family_challenge__qda_class_covariance_scout/02_runs/run08A_qda_near_raw_covariance_empirical_priors_characterization_v1/mt5/reports/Project_Obsidian_Prime_v2_run08A_qda_near_raw_covariance_empirical_priors_characterization_v1_routed_validation_is.htm,net_profit=52.68;pf=1.03;expectancy=0.16;trades=331;win_rate=45.92,a_used=9844;b_fallback=2366;no_tier_labelable=203;max_dd=285.25;recovery=0.18;fill=571;reject=0;skip=40598,completed,Actual routed total from one MT5 tester account path; not a synthetic sum.
run08A_qda_near_raw_covariance_empirical_priors_characterization_v1__mt5_tier_a_only_oos,16_model_family_challenge__qda_class_covariance_scout,run08A_qda_near_raw_covariance_empirical_priors_characterization_v1,mt5_tier_a_only_oos,run08A_qda_near_raw_covariance_empirical_priors_characterization_v1,mt5_tier_a_only_oos,Tier A,trading_risk_execution,runtime_probe,completed,inconclusive_tier_only_runtime_probe,C:/Users/awdse/AppData/Roaming/MetaQuotes/Terminal/D0E8209F77C8CF37AD8BF550E51FF075/MQL5/Experts/Project_Obsidian_Prime_v2/stages/16_model_family_challenge__qda_class_covariance_scout/02_runs/run08A_qda_near_raw_covariance_empirical_priors_characterization_v1/mt5/reports/Project_Obsidian_Prime_v2_run08A_qda_near_raw_covariance_empirical_priors_characterization_v1_tier_a_only_oos.htm,net_profit=206.47;pf=1.18;expectancy=0.78;trades=265;win_rate=50.19,labelable=7584;feature_ready=7584;model_ok=7584;no_tier_labelable=159;max_dd=126.36;recovery=1.63;fill=481;reject=0;skip=29753;subtypes=NA,completed,Tier A only standalone MT5 tester run.
run08A_qda_near_raw_covariance_empirical_priors_characterization_v1__mt5_tier_b_fallback_only_oos,16_model_family_challenge__qda_class_covariance_scout,run08A_qda_near_raw_covariance_empirical_priors_characterization_v1,mt5_tier_b_fallback_only_oos,run08A_qda_near_raw_covariance_empirical_priors_characterization_v1,mt5_tier_b_fallback_only_oos,Tier B,trading_risk_execution,runtime_probe,completed,inconclusive_tier_b_fallback_only_runtime_probe,C:/Users/awdse/AppData/Roaming/MetaQuotes/Terminal/D0E8209F77C8CF37AD8BF550E51FF075/MQL5/Experts/Project_Obsidian_Prime_v2/stages/16_model_family_challenge__qda_class_covariance_scout/02_runs/run08A_qda_near_raw_covariance_empirical_priors_characterization_v1/mt5/reports/Project_Obsidian_Prime_v2_run08A_qda_near_raw_covariance_empirical_priors_characterization_v1_tier_b_fallback_only_oos.htm,net_profit=-403.42;pf=0.37;expectancy=-13.45;trades=30;win_rate=40,"labelable=1062;feature_ready=1062;model_ok=1062;no_tier_labelable=159;max_dd=421.93;recovery=-0.96;fill=57;reject=0;skip=36275;subtypes={""B_core_only"":24,""B_full_context_outside_tier_a_scope"":1,""B_macro_missing"":809,""B_mixed_partial_context"":228}",completed,Tier B fallback-only standalone MT5 tester run.
run08A_qda_near_raw_covariance_empirical_priors_characterization_v1__mt5_routed_tier_a_used_oos,16_model_family_challenge__qda_class_covariance_scout,run08A_qda_near_raw_covariance_empirical_priors_characterization_v1,mt5_routed_tier_a_used_oos,run08A_qda_near_raw_covariance_empirical_priors_characterization_v1,mt5_routed_tier_a_used_oos,Tier A,routed_signal_execution_usage,runtime_probe,completed,inconclusive_routed_component_runtime_probe,C:/Users/awdse/AppData/Roaming/MetaQuotes/Terminal/D0E8209F77C8CF37AD8BF550E51FF075/MQL5/Experts/Project_Obsidian_Prime_v2/stages/16_model_family_challenge__qda_class_covariance_scout/02_runs/run08A_qda_near_raw_covariance_empirical_priors_characterization_v1/kpi_record.json,route_bars=7584;route_share=0.877169;signals=1110;long=382;short=728;fills=474,profit_attribution=not_separable_from_single_routed_account_path;reject=0;skip=0;subtypes=NA,completed,Tier A primary used component from one routed MT5 tester run.
run08A_qda_near_raw_covariance_empirical_priors_characterization_v1__mt5_routed_tier_b_fallback_used_oos,16_model_family_challenge__qda_class_covariance_scout,run08A_qda_near_raw_covariance_empirical_priors_characterization_v1,mt5_routed_tier_b_fallback_used_oos,run08A_qda_near_raw_covariance_empirical_priors_characterization_v1,mt5_routed_tier_b_fallback_used_oos,Tier B,routed_signal_execution_usage,runtime_probe,completed,inconclusive_routed_component_runtime_probe,C:/Users/awdse/AppData/Roaming/MetaQuotes/Terminal/D0E8209F77C8CF37AD8BF550E51FF075/MQL5/Experts/Project_Obsidian_Prime_v2/stages/16_model_family_challenge__qda_class_covariance_scout/02_runs/run08A_qda_near_raw_covariance_empirical_priors_characterization_v1/kpi_record.json,route_bars=1062;route_share=0.122831;signals=134;long=4;short=130;fills=54,"profit_attribution=not_separable_from_single_routed_account_path;reject=0;skip=0;subtypes={""B_core_only"":24,""B_full_context_outside_tier_a_scope"":1,""B_macro_missing"":809,""B_mixed_partial_context"":228}",completed,Tier B partial-context fallback used component from one routed MT5 tester run.
run08A_qda_near_raw_covariance_empirical_priors_characterization_v1__mt5_routed_total_oos,16_model_family_challenge__qda_class_covariance_scout,run08A_qda_near_raw_covariance_empirical_priors_characterization_v1,mt5_routed_total_oos,run08A_qda_near_raw_covariance_empirical_priors_characterization_v1,mt5_routed_total_oos,Tier A+B,trading_risk_execution,runtime_probe,completed,inconclusive_routed_total_runtime_probe,C:/Users/awdse/AppData/Roaming/MetaQuotes/Terminal/D0E8209F77C8CF37AD8BF550E51FF075/MQL5/Experts/Project_Obsidian_Prime_v2/stages/16_model_family_challenge__qda_class_covariance_scout/02_runs/run08A_qda_near_raw_covariance_empirical_priors_characterization_v1/mt5/reports/Project_Obsidian_Prime_v2_run08A_qda_near_raw_covariance_empirical_priors_characterization_v1_routed_oos.htm,net_profit=181.69;pf=1.15;expectancy=0.62;trades=291;win_rate=47.42,a_used=7584;b_fallback=1062;no_tier_labelable=159;max_dd=134.89;recovery=1.35;fill=528;reject=0;skip=28691,completed,Actual routed total from one MT5 tester account path; not a synthetic sum.
run08B_qda_near_raw_balanced_priors_characterization_v1__python_tier_a_separate,16_model_family_challenge__qda_class_covariance_scout,run08B_qda_near_raw_balanced_priors_characterization_v1,python_tier_a_separate,run08B_qda_near_raw_balanced_priors_characterization_v1,python_tier_a_separate,Tier A,signal_probability_threshold,structural_scout,completed,inconclusive_single_split_scout_payload,stages/16_model_family_challenge__qda_class_covariance_scout/02_runs/run08B_qda_near_raw_balanced_priors_characterization_v1/predictions/tier_a_separate_predictions.parquet,rows=46650;signal_coverage=0.0854234;signal_count=3985;short=3535;long=450,prob_sum_err=3.33067e-16;selected_threshold=validation_nonflat_q0.90;threshold_ids=q0.90;subtype_counts=NA,out_of_scope_by_claim,Tier A full-context primary view
run08B_qda_near_raw_balanced_priors_characterization_v1__python_tier_b_separate,16_model_family_challenge__qda_class_covariance_scout,run08B_qda_near_raw_balanced_priors_characterization_v1,python_tier_b_separate,run08B_qda_near_raw_balanced_priors_characterization_v1,python_tier_b_separate,Tier B,signal_probability_threshold,structural_scout,completed,inconclusive_single_split_scout_payload,stages/16_model_family_challenge__qda_class_covariance_scout/02_runs/run08B_qda_near_raw_balanced_priors_characterization_v1/predictions/tier_b_separate_predictions.parquet,rows=12398;signal_coverage=0.0198419;signal_count=246;short=165;long=81,"prob_sum_err=3.33067e-16;selected_threshold=validation_nonflat_q0.90;threshold_ids=q0.90;subtype_counts={""B_constituent_missing"":1,""B_core_only"":200,""B_full_context_outside_tier_a_scope"":217,""B_macro_missing"":10740,""B_mixed_partial_context"":1240}",out_of_scope_by_claim,Tier B partial-context fallback-only view
run08B_qda_near_raw_balanced_priors_characterization_v1__python_tier_ab_combined,16_model_family_challenge__qda_class_covariance_scout,run08B_qda_near_raw_balanced_priors_characterization_v1,python_tier_ab_combined,run08B_qda_near_raw_balanced_priors_characterization_v1,python_tier_ab_combined,Tier A+B,signal_probability_threshold,structural_scout,completed,inconclusive_single_split_scout_payload,stages/16_model_family_challenge__qda_class_covariance_scout/02_runs/run08B_qda_near_raw_balanced_priors_characterization_v1/predictions/tier_ab_combined_predictions.parquet,rows=59048;signal_coverage=0.0706883;signal_count=4174;short=3664;long=510,"prob_sum_err=3.33067e-16;selected_threshold=validation_nonflat_q0.90;threshold_ids=q0.90;subtype_counts={""B_constituent_missing"":1,""B_core_only"":200,""B_full_context_outside_tier_a_scope"":217,""B_macro_missing"":10740,""B_mixed_partial_context"":1240,""Tier_A_full_context"":46650}",out_of_scope_by_claim,Tier A primary plus Tier B fallback routed Python view
run08B_qda_near_raw_balanced_priors_characterization_v1__mt5_tier_a_only_validation_is,16_model_family_challenge__qda_class_covariance_scout,run08B_qda_near_raw_balanced_priors_characterization_v1,mt5_tier_a_only_validation_is,run08B_qda_near_raw_balanced_priors_characterization_v1,mt5_tier_a_only_validation_is,Tier A,trading_risk_execution,runtime_probe,completed,inconclusive_tier_only_runtime_probe,C:/Users/awdse/AppData/Roaming/MetaQuotes/Terminal/D0E8209F77C8CF37AD8BF550E51FF075/MQL5/Experts/Project_Obsidian_Prime_v2/stages/16_model_family_challenge__qda_class_covariance_scout/02_runs/run08B_qda_near_raw_balanced_priors_characterization_v1/mt5/reports/Project_Obsidian_Prime_v2_run08B_qda_near_raw_balanced_priors_characterization_v1_tier_a_only_validation_is.htm,net_profit=93.37;pf=1.05;expectancy=0.28;trades=332;win_rate=47.89,labelable=9844;feature_ready=9844;model_ok=9844;no_tier_labelable=203;max_dd=386.35;recovery=0.24;fill=556;reject=0;skip=42964;subtypes=NA,completed,Tier A only standalone MT5 tester run.
run08B_qda_near_raw_balanced_priors_characterization_v1__mt5_tier_b_fallback_only_validation_is,16_model_family_challenge__qda_class_covariance_scout,run08B_qda_near_raw_balanced_priors_characterization_v1,mt5_tier_b_fallback_only_validation_is,run08B_qda_near_raw_balanced_priors_characterization_v1,mt5_tier_b_fallback_only_validation_is,Tier B,trading_risk_execution,runtime_probe,completed,inconclusive_tier_b_fallback_only_runtime_probe,C:/Users/awdse/AppData/Roaming/MetaQuotes/Terminal/D0E8209F77C8CF37AD8BF550E51FF075/MQL5/Experts/Project_Obsidian_Prime_v2/stages/16_model_family_challenge__qda_class_covariance_scout/02_runs/run08B_qda_near_raw_balanced_priors_characterization_v1/mt5/reports/Project_Obsidian_Prime_v2_run08B_qda_near_raw_balanced_priors_characterization_v1_tier_b_fallback_only_validation_is.htm,net_profit=16.28;pf=1.12;expectancy=1.25;trades=13;win_rate=46.15,"labelable=2366;feature_ready=2366;model_ok=2366;no_tier_labelable=203;max_dd=288.12;recovery=0.06;fill=24;reject=0;skip=50442;subtypes={""B_core_only"":25,""B_macro_missing"":2126,""B_mixed_partial_context"":215}",completed,Tier B fallback-only standalone MT5 tester run.
run08B_qda_near_raw_balanced_priors_characterization_v1__mt5_routed_tier_a_used_validation_is,16_model_family_challenge__qda_class_covariance_scout,run08B_qda_near_raw_balanced_priors_characterization_v1,mt5_routed_tier_a_used_validation_is,run08B_qda_near_raw_balanced_priors_characterization_v1,mt5_routed_tier_a_used_validation_is,Tier A,routed_signal_execution_usage,runtime_probe,completed,inconclusive_routed_component_runtime_probe,C:/Users/awdse/AppData/Roaming/MetaQuotes/Terminal/D0E8209F77C8CF37AD8BF550E51FF075/MQL5/Experts/Project_Obsidian_Prime_v2/stages/16_model_family_challenge__qda_class_covariance_scout/02_runs/run08B_qda_near_raw_balanced_priors_characterization_v1/kpi_record.json,route_bars=9844;route_share=0.806224;signals=985;long=142;short=843;fills=555,profit_attribution=not_separable_from_single_routed_account_path;reject=0;skip=0;subtypes=NA,completed,Tier A primary used component from one routed MT5 tester run.
run08B_qda_near_raw_balanced_priors_characterization_v1__mt5_routed_tier_b_fallback_used_validation_is,16_model_family_challenge__qda_class_covariance_scout,run08B_qda_near_raw_balanced_priors_characterization_v1,mt5_routed_tier_b_fallback_used_validation_is,run08B_qda_near_raw_balanced_priors_characterization_v1,mt5_routed_tier_b_fallback_used_validation_is,Tier B,routed_signal_execution_usage,runtime_probe,completed,inconclusive_routed_component_runtime_probe,C:/Users/awdse/AppData/Roaming/MetaQuotes/Terminal/D0E8209F77C8CF37AD8BF550E51FF075/MQL5/Experts/Project_Obsidian_Prime_v2/stages/16_model_family_challenge__qda_class_covariance_scout/02_runs/run08B_qda_near_raw_balanced_priors_characterization_v1/kpi_record.json,route_bars=2366;route_share=0.193776;signals=16;long=7;short=9;fills=26,"profit_attribution=not_separable_from_single_routed_account_path;reject=0;skip=0;subtypes={""B_core_only"":25,""B_macro_missing"":2126,""B_mixed_partial_context"":215}",completed,Tier B partial-context fallback used component from one routed MT5 tester run.
run08B_qda_near_raw_balanced_priors_characterization_v1__mt5_routed_total_validation_is,16_model_family_challenge__qda_class_covariance_scout,run08B_qda_near_raw_balanced_priors_characterization_v1,mt5_routed_total_validation_is,run08B_qda_near_raw_balanced_priors_characterization_v1,mt5_routed_total_validation_is,Tier A+B,trading_risk_execution,runtime_probe,completed,inconclusive_routed_total_runtime_probe,C:/Users/awdse/AppData/Roaming/MetaQuotes/Terminal/D0E8209F77C8CF37AD8BF550E51FF075/MQL5/Experts/Project_Obsidian_Prime_v2/stages/16_model_family_challenge__qda_class_covariance_scout/02_runs/run08B_qda_near_raw_balanced_priors_characterization_v1/mt5/reports/Project_Obsidian_Prime_v2_run08B_qda_near_raw_balanced_priors_characterization_v1_routed_validation_is.htm,net_profit=124.22;pf=1.07;expectancy=0.36;trades=349;win_rate=48.71,a_used=9844;b_fallback=2366;no_tier_labelable=203;max_dd=408.64;recovery=0.3;fill=581;reject=0;skip=40598,completed,Actual routed total from one MT5 tester account path; not a synthetic sum.
run08B_qda_near_raw_balanced_priors_characterization_v1__mt5_tier_a_only_oos,16_model_family_challenge__qda_class_covariance_scout,run08B_qda_near_raw_balanced_priors_characterization_v1,mt5_tier_a_only_oos,run08B_qda_near_raw_balanced_priors_characterization_v1,mt5_tier_a_only_oos,Tier A,trading_risk_execution,runtime_probe,completed,inconclusive_tier_only_runtime_probe,C:/Users/awdse/AppData/Roaming/MetaQuotes/Terminal/D0E8209F77C8CF37AD8BF550E51FF075/MQL5/Experts/Project_Obsidian_Prime_v2/stages/16_model_family_challenge__qda_class_covariance_scout/02_runs/run08B_qda_near_raw_balanced_priors_characterization_v1/mt5/reports/Project_Obsidian_Prime_v2_run08B_qda_near_raw_balanced_priors_characterization_v1_tier_a_only_oos.htm,net_profit=125.12;pf=1.1;expectancy=0.51;trades=247;win_rate=49.8,labelable=7584;feature_ready=7584;model_ok=7584;no_tier_labelable=159;max_dd=280.25;recovery=0.45;fill=468;reject=0;skip=29753;subtypes=NA,completed,Tier A only standalone MT5 tester run.
run08B_qda_near_raw_balanced_priors_characterization_v1__mt5_tier_b_fallback_only_oos,16_model_family_challenge__qda_class_covariance_scout,run08B_qda_near_raw_balanced_priors_characterization_v1,mt5_tier_b_fallback_only_oos,run08B_qda_near_raw_balanced_priors_characterization_v1,mt5_tier_b_fallback_only_oos,Tier B,trading_risk_execution,runtime_probe,completed,inconclusive_tier_b_fallback_only_runtime_probe,C:/Users/awdse/AppData/Roaming/MetaQuotes/Terminal/D0E8209F77C8CF37AD8BF550E51FF075/MQL5/Experts/Project_Obsidian_Prime_v2/stages/16_model_family_challenge__qda_class_covariance_scout/02_runs/run08B_qda_near_raw_balanced_priors_characterization_v1/mt5/reports/Project_Obsidian_Prime_v2_run08B_qda_near_raw_balanced_priors_characterization_v1_tier_b_fallback_only_oos.htm,net_profit=-332.54;pf=0.43;expectancy=-12.79;trades=26;win_rate=46.15,"labelable=1062;feature_ready=1062;model_ok=1062;no_tier_labelable=159;max_dd=350.72;recovery=-0.95;fill=48;reject=0;skip=36275;subtypes={""B_core_only"":24,""B_full_context_outside_tier_a_scope"":1,""B_macro_missing"":809,""B_mixed_partial_context"":228}",completed,Tier B fallback-only standalone MT5 tester run.
run08B_qda_near_raw_balanced_priors_characterization_v1__mt5_routed_tier_a_used_oos,16_model_family_challenge__qda_class_covariance_scout,run08B_qda_near_raw_balanced_priors_characterization_v1,mt5_routed_tier_a_used_oos,run08B_qda_near_raw_balanced_priors_characterization_v1,mt5_routed_tier_a_used_oos,Tier A,routed_signal_execution_usage,runtime_probe,completed,inconclusive_routed_component_runtime_probe,C:/Users/awdse/AppData/Roaming/MetaQuotes/Terminal/D0E8209F77C8CF37AD8BF550E51FF075/MQL5/Experts/Project_Obsidian_Prime_v2/stages/16_model_family_challenge__qda_class_covariance_scout/02_runs/run08B_qda_near_raw_balanced_priors_characterization_v1/kpi_record.json,route_bars=7584;route_share=0.877169;signals=1283;long=117;short=1166;fills=469,profit_attribution=not_separable_from_single_routed_account_path;reject=0;skip=0;subtypes=NA,completed,Tier A primary used component from one routed MT5 tester run.
run08B_qda_near_raw_balanced_priors_characterization_v1__mt5_routed_tier_b_fallback_used_oos,16_model_family_challenge__qda_class_covariance_scout,run08B_qda_near_raw_balanced_priors_characterization_v1,mt5_routed_tier_b_fallback_used_oos,run08B_qda_near_raw_balanced_priors_characterization_v1,mt5_routed_tier_b_fallback_used_oos,Tier B,routed_signal_execution_usage,runtime_probe,completed,inconclusive_routed_component_runtime_probe,C:/Users/awdse/AppData/Roaming/MetaQuotes/Terminal/D0E8209F77C8CF37AD8BF550E51FF075/MQL5/Experts/Project_Obsidian_Prime_v2/stages/16_model_family_challenge__qda_class_covariance_scout/02_runs/run08B_qda_near_raw_balanced_priors_characterization_v1/kpi_record.json,route_bars=1062;route_share=0.122831;signals=119;long=14;short=105;fills=45,"profit_attribution=not_separable_from_single_routed_account_path;reject=0;skip=0;subtypes={""B_core_only"":24,""B_full_context_outside_tier_a_scope"":1,""B_macro_missing"":809,""B_mixed_partial_context"":228}",completed,Tier B partial-context fallback used component from one routed MT5 tester run.
run08B_qda_near_raw_balanced_priors_characterization_v1__mt5_routed_total_oos,16_model_family_challenge__qda_class_covariance_scout,run08B_qda_near_raw_balanced_priors_characterization_v1,mt5_routed_total_oos,run08B_qda_near_raw_balanced_priors_characterization_v1,mt5_routed_total_oos,Tier A+B,trading_risk_execution,runtime_probe,completed,inconclusive_routed_total_runtime_probe,C:/Users/awdse/AppData/Roaming/MetaQuotes/Terminal/D0E8209F77C8CF37AD8BF550E51FF075/MQL5/Experts/Project_Obsidian_Prime_v2/stages/16_model_family_challenge__qda_class_covariance_scout/02_runs/run08B_qda_near_raw_balanced_priors_characterization_v1/mt5/reports/Project_Obsidian_Prime_v2_run08B_qda_near_raw_balanced_priors_characterization_v1_routed_oos.htm,net_profit=132.17;pf=1.1;expectancy=0.48;trades=277;win_rate=51.62,a_used=7584;b_fallback=1062;no_tier_labelable=159;max_dd=274.18;recovery=0.48;fill=514;reject=0;skip=28691,completed,Actual routed total from one MT5 tester account path; not a synthetic sum.
run08C_qda_micro_regularization003_characterization_v1__python_tier_a_separate,16_model_family_challenge__qda_class_covariance_scout,run08C_qda_micro_regularization003_characterization_v1,python_tier_a_separate,run08C_qda_micro_regularization003_characterization_v1,python_tier_a_separate,Tier A,signal_probability_threshold,structural_scout,completed,inconclusive_single_split_scout_payload,stages/16_model_family_challenge__qda_class_covariance_scout/02_runs/run08C_qda_micro_regularization003_characterization_v1/predictions/tier_a_separate_predictions.parquet,rows=46650;signal_coverage=0.0751125;signal_count=3504;short=2391;long=1113,prob_sum_err=3.33067e-16;selected_threshold=validation_nonflat_q0.90;threshold_ids=q0.90;subtype_counts=NA,out_of_scope_by_claim,Tier A full-context primary view
run08C_qda_micro_regularization003_characterization_v1__python_tier_b_separate,16_model_family_challenge__qda_class_covariance_scout,run08C_qda_micro_regularization003_characterization_v1,python_tier_b_separate,run08C_qda_micro_regularization003_characterization_v1,python_tier_b_separate,Tier B,signal_probability_threshold,structural_scout,completed,inconclusive_single_split_scout_payload,stages/16_model_family_challenge__qda_class_covariance_scout/02_runs/run08C_qda_micro_regularization003_characterization_v1/predictions/tier_b_separate_predictions.parquet,rows=12398;signal_coverage=0.0276658;signal_count=343;short=162;long=181,"prob_sum_err=3.33067e-16;selected_threshold=validation_nonflat_q0.90;threshold_ids=q0.90;subtype_counts={""B_constituent_missing"":1,""B_core_only"":200,""B_full_context_outside_tier_a_scope"":217,""B_macro_missing"":10740,""B_mixed_partial_context"":1240}",out_of_scope_by_claim,Tier B partial-context fallback-only view
run08C_qda_micro_regularization003_characterization_v1__python_tier_ab_combined,16_model_family_challenge__qda_class_covariance_scout,run08C_qda_micro_regularization003_characterization_v1,python_tier_ab_combined,run08C_qda_micro_regularization003_characterization_v1,python_tier_ab_combined,Tier A+B,signal_probability_threshold,structural_scout,completed,inconclusive_single_split_scout_payload,stages/16_model_family_challenge__qda_class_covariance_scout/02_runs/run08C_qda_micro_regularization003_characterization_v1/predictions/tier_ab_combined_predictions.parquet,rows=59048;signal_coverage=0.0620681;signal_count=3665;short=2438;long=1227,"prob_sum_err=3.33067e-16;selected_threshold=validation_nonflat_q0.90;threshold_ids=q0.90;subtype_counts={""B_constituent_missing"":1,""B_core_only"":200,""B_full_context_outside_tier_a_scope"":217,""B_macro_missing"":10740,""B_mixed_partial_context"":1240,""Tier_A_full_context"":46650}",out_of_scope_by_claim,Tier A primary plus Tier B fallback routed Python view
run08C_qda_micro_regularization003_characterization_v1__mt5_tier_a_only_validation_is,16_model_family_challenge__qda_class_covariance_scout,run08C_qda_micro_regularization003_characterization_v1,mt5_tier_a_only_validation_is,run08C_qda_micro_regularization003_characterization_v1,mt5_tier_a_only_validation_is,Tier A,trading_risk_execution,runtime_probe,completed,inconclusive_tier_only_runtime_probe,C:/Users/awdse/AppData/Roaming/MetaQuotes/Terminal/D0E8209F77C8CF37AD8BF550E51FF075/MQL5/Experts/Project_Obsidian_Prime_v2/stages/16_model_family_challenge__qda_class_covariance_scout/02_runs/run08C_qda_micro_regularization003_characterization_v1/mt5/reports/Project_Obsidian_Prime_v2_run08C_qda_micro_regularization003_characterization_v1_tier_a_only_validation_is.htm,net_profit=189.09;pf=1.12;expectancy=0.55;trades=343;win_rate=55.39,labelable=9844;feature_ready=9844;model_ok=9844;no_tier_labelable=203;max_dd=236.52;recovery=0.8;fill=570;reject=0;skip=42964;subtypes=NA,completed,Tier A only standalone MT5 tester run.
run08C_qda_micro_regularization003_characterization_v1__mt5_tier_b_fallback_only_validation_is,16_model_family_challenge__qda_class_covariance_scout,run08C_qda_micro_regularization003_characterization_v1,mt5_tier_b_fallback_only_validation_is,run08C_qda_micro_regularization003_characterization_v1,mt5_tier_b_fallback_only_validation_is,Tier B,trading_risk_execution,runtime_probe,completed,inconclusive_tier_b_fallback_only_runtime_probe,C:/Users/awdse/AppData/Roaming/MetaQuotes/Terminal/D0E8209F77C8CF37AD8BF550E51FF075/MQL5/Experts/Project_Obsidian_Prime_v2/stages/16_model_family_challenge__qda_class_covariance_scout/02_runs/run08C_qda_micro_regularization003_characterization_v1/mt5/reports/Project_Obsidian_Prime_v2_run08C_qda_micro_regularization003_characterization_v1_tier_b_fallback_only_validation_is.htm,net_profit=199.11;pf=50.16;expectancy=15.32;trades=13;win_rate=84.62,"labelable=2366;feature_ready=2366;model_ok=2366;no_tier_labelable=203;max_dd=83.78;recovery=2.38;fill=26;reject=0;skip=50442;subtypes={""B_core_only"":25,""B_macro_missing"":2126,""B_mixed_partial_context"":215}",completed,Tier B fallback-only standalone MT5 tester run.
run08C_qda_micro_regularization003_characterization_v1__mt5_routed_tier_a_used_validation_is,16_model_family_challenge__qda_class_covariance_scout,run08C_qda_micro_regularization003_characterization_v1,mt5_routed_tier_a_used_validation_is,run08C_qda_micro_regularization003_characterization_v1,mt5_routed_tier_a_used_validation_is,Tier A,routed_signal_execution_usage,runtime_probe,completed,inconclusive_routed_component_runtime_probe,C:/Users/awdse/AppData/Roaming/MetaQuotes/Terminal/D0E8209F77C8CF37AD8BF550E51FF075/MQL5/Experts/Project_Obsidian_Prime_v2/stages/16_model_family_challenge__qda_class_covariance_scout/02_runs/run08C_qda_micro_regularization003_characterization_v1/kpi_record.json,route_bars=9844;route_share=0.806224;signals=985;long=264;short=721;fills=565,profit_attribution=not_separable_from_single_routed_account_path;reject=0;skip=0;subtypes=NA,completed,Tier A primary used component from one routed MT5 tester run.
run08C_qda_micro_regularization003_characterization_v1__mt5_routed_tier_b_fallback_used_validation_is,16_model_family_challenge__qda_class_covariance_scout,run08C_qda_micro_regularization003_characterization_v1,mt5_routed_tier_b_fallback_used_validation_is,run08C_qda_micro_regularization003_characterization_v1,mt5_routed_tier_b_fallback_used_validation_is,Tier B,routed_signal_execution_usage,runtime_probe,completed,inconclusive_routed_component_runtime_probe,C:/Users/awdse/AppData/Roaming/MetaQuotes/Terminal/D0E8209F77C8CF37AD8BF550E51FF075/MQL5/Experts/Project_Obsidian_Prime_v2/stages/16_model_family_challenge__qda_class_covariance_scout/02_runs/run08C_qda_micro_regularization003_characterization_v1/kpi_record.json,route_bars=2366;route_share=0.193776;signals=32;long=24;short=8;fills=31,"profit_attribution=not_separable_from_single_routed_account_path;reject=0;skip=0;subtypes={""B_core_only"":25,""B_macro_missing"":2126,""B_mixed_partial_context"":215}",completed,Tier B partial-context fallback used component from one routed MT5 tester run.
run08C_qda_micro_regularization003_characterization_v1__mt5_routed_total_validation_is,16_model_family_challenge__qda_class_covariance_scout,run08C_qda_micro_regularization003_characterization_v1,mt5_routed_total_validation_is,run08C_qda_micro_regularization003_characterization_v1,mt5_routed_total_validation_is,Tier A+B,trading_risk_execution,runtime_probe,completed,inconclusive_routed_total_runtime_probe,C:/Users/awdse/AppData/Roaming/MetaQuotes/Terminal/D0E8209F77C8CF37AD8BF550E51FF075/MQL5/Experts/Project_Obsidian_Prime_v2/stages/16_model_family_challenge__qda_class_covariance_scout/02_runs/run08C_qda_micro_regularization003_characterization_v1/mt5/reports/Project_Obsidian_Prime_v2_run08C_qda_micro_regularization003_characterization_v1_routed_validation_is.htm,net_profit=234.08;pf=1.14;expectancy=0.66;trades=356;win_rate=55.34,a_used=9844;b_fallback=2366;no_tier_labelable=203;max_dd=236.52;recovery=0.99;fill=596;reject=0;skip=40598,completed,Actual routed total from one MT5 tester account path; not a synthetic sum.
run08C_qda_micro_regularization003_characterization_v1__mt5_tier_a_only_oos,16_model_family_challenge__qda_class_covariance_scout,run08C_qda_micro_regularization003_characterization_v1,mt5_tier_a_only_oos,run08C_qda_micro_regularization003_characterization_v1,mt5_tier_a_only_oos,Tier A,trading_risk_execution,runtime_probe,completed,inconclusive_tier_only_runtime_probe,C:/Users/awdse/AppData/Roaming/MetaQuotes/Terminal/D0E8209F77C8CF37AD8BF550E51FF075/MQL5/Experts/Project_Obsidian_Prime_v2/stages/16_model_family_challenge__qda_class_covariance_scout/02_runs/run08C_qda_micro_regularization003_characterization_v1/mt5/reports/Project_Obsidian_Prime_v2_run08C_qda_micro_regularization003_characterization_v1_tier_a_only_oos.htm,net_profit=-34.05;pf=0.97;expectancy=-0.13;trades=257;win_rate=45.53,labelable=7584;feature_ready=7584;model_ok=7584;no_tier_labelable=159;max_dd=258.69;recovery=-0.13;fill=460;reject=0;skip=29753;subtypes=NA,completed,Tier A only standalone MT5 tester run.
run08C_qda_micro_regularization003_characterization_v1__mt5_tier_b_fallback_only_oos,16_model_family_challenge__qda_class_covariance_scout,run08C_qda_micro_regularization003_characterization_v1,mt5_tier_b_fallback_only_oos,run08C_qda_micro_regularization003_characterization_v1,mt5_tier_b_fallback_only_oos,Tier B,trading_risk_execution,runtime_probe,completed,inconclusive_tier_b_fallback_only_runtime_probe,C:/Users/awdse/AppData/Roaming/MetaQuotes/Terminal/D0E8209F77C8CF37AD8BF550E51FF075/MQL5/Experts/Project_Obsidian_Prime_v2/stages/16_model_family_challenge__qda_class_covariance_scout/02_runs/run08C_qda_micro_regularization003_characterization_v1/mt5/reports/Project_Obsidian_Prime_v2_run08C_qda_micro_regularization003_characterization_v1_tier_b_fallback_only_oos.htm,net_profit=-233.58;pf=0.51;expectancy=-8.34;trades=28;win_rate=42.86,"labelable=1062;feature_ready=1062;model_ok=1062;no_tier_labelable=159;max_dd=381.34;recovery=-0.61;fill=46;reject=0;skip=36275;subtypes={""B_core_only"":24,""B_full_context_outside_tier_a_scope"":1,""B_macro_missing"":809,""B_mixed_partial_context"":228}",completed,Tier B fallback-only standalone MT5 tester run.
run08C_qda_micro_regularization003_characterization_v1__mt5_routed_tier_a_used_oos,16_model_family_challenge__qda_class_covariance_scout,run08C_qda_micro_regularization003_characterization_v1,mt5_routed_tier_a_used_oos,run08C_qda_micro_regularization003_characterization_v1,mt5_routed_tier_a_used_oos,Tier A,routed_signal_execution_usage,runtime_probe,completed,inconclusive_routed_component_runtime_probe,C:/Users/awdse/AppData/Roaming/MetaQuotes/Terminal/D0E8209F77C8CF37AD8BF550E51FF075/MQL5/Experts/Project_Obsidian_Prime_v2/stages/16_model_family_challenge__qda_class_covariance_scout/02_runs/run08C_qda_micro_regularization003_characterization_v1/kpi_record.json,route_bars=7584;route_share=0.877169;signals=1000;long=185;short=815;fills=454,profit_attribution=not_separable_from_single_routed_account_path;reject=0;skip=0;subtypes=NA,completed,Tier A primary used component from one routed MT5 tester run.
run08C_qda_micro_regularization003_characterization_v1__mt5_routed_tier_b_fallback_used_oos,16_model_family_challenge__qda_class_covariance_scout,run08C_qda_micro_regularization003_characterization_v1,mt5_routed_tier_b_fallback_used_oos,run08C_qda_micro_regularization003_characterization_v1,mt5_routed_tier_b_fallback_used_oos,Tier B,routed_signal_execution_usage,runtime_probe,completed,inconclusive_routed_component_runtime_probe,C:/Users/awdse/AppData/Roaming/MetaQuotes/Terminal/D0E8209F77C8CF37AD8BF550E51FF075/MQL5/Experts/Project_Obsidian_Prime_v2/stages/16_model_family_challenge__qda_class_covariance_scout/02_runs/run08C_qda_micro_regularization003_characterization_v1/kpi_record.json,route_bars=1062;route_share=0.122831;signals=63;long=15;short=48;fills=37,"profit_attribution=not_separable_from_single_routed_account_path;reject=0;skip=0;subtypes={""B_core_only"":24,""B_full_context_outside_tier_a_scope"":1,""B_macro_missing"":809,""B_mixed_partial_context"":228}",completed,Tier B partial-context fallback used component from one routed MT5 tester run.
run08C_qda_micro_regularization003_characterization_v1__mt5_routed_total_oos,16_model_family_challenge__qda_class_covariance_scout,run08C_qda_micro_regularization003_characterization_v1,mt5_routed_total_oos,run08C_qda_micro_regularization003_characterization_v1,mt5_routed_total_oos,Tier A+B,trading_risk_execution,runtime_probe,completed,inconclusive_routed_total_runtime_probe,C:/Users/awdse/AppData/Roaming/MetaQuotes/Terminal/D0E8209F77C8CF37AD8BF550E51FF075/MQL5/Experts/Project_Obsidian_Prime_v2/stages/16_model_family_challenge__qda_class_covariance_scout/02_runs/run08C_qda_micro_regularization003_characterization_v1/mt5/reports/Project_Obsidian_Prime_v2_run08C_qda_micro_regularization003_characterization_v1_routed_oos.htm,net_profit=-39.92;pf=0.97;expectancy=-0.15;trades=275;win_rate=47.64,a_used=7584;b_fallback=1062;no_tier_labelable=159;max_dd=260.69;recovery=-0.15;fill=491;reject=0;skip=28691,completed,Actual routed total from one MT5 tester account path; not a synthetic sum.
run08D_qda_light_regularization010_characterization_v1__python_tier_a_separate,16_model_family_challenge__qda_class_covariance_scout,run08D_qda_light_regularization010_characterization_v1,python_tier_a_separate,run08D_qda_light_regularization010_characterization_v1,python_tier_a_separate,Tier A,signal_probability_threshold,structural_scout,completed,inconclusive_single_split_scout_payload,stages/16_model_family_challenge__qda_class_covariance_scout/02_runs/run08D_qda_light_regularization010_characterization_v1/predictions/tier_a_separate_predictions.parquet,rows=46650;signal_coverage=0.0755198;signal_count=3523;short=1570;long=1953,prob_sum_err=3.33067e-16;selected_threshold=validation_nonflat_q0.90;threshold_ids=q0.90;subtype_counts=NA,out_of_scope_by_claim,Tier A full-context primary view
run08D_qda_light_regularization010_characterization_v1__python_tier_b_separate,16_model_family_challenge__qda_class_covariance_scout,run08D_qda_light_regularization010_characterization_v1,python_tier_b_separate,run08D_qda_light_regularization010_characterization_v1,python_tier_b_separate,Tier B,signal_probability_threshold,structural_scout,completed,inconclusive_single_split_scout_payload,stages/16_model_family_challenge__qda_class_covariance_scout/02_runs/run08D_qda_light_regularization010_characterization_v1/predictions/tier_b_separate_predictions.parquet,rows=12398;signal_coverage=0.0182287;signal_count=226;short=111;long=115,"prob_sum_err=3.33067e-16;selected_threshold=validation_nonflat_q0.90;threshold_ids=q0.90;subtype_counts={""B_constituent_missing"":1,""B_core_only"":200,""B_full_context_outside_tier_a_scope"":217,""B_macro_missing"":10740,""B_mixed_partial_context"":1240}",out_of_scope_by_claim,Tier B partial-context fallback-only view
run08D_qda_light_regularization010_characterization_v1__python_tier_ab_combined,16_model_family_challenge__qda_class_covariance_scout,run08D_qda_light_regularization010_characterization_v1,python_tier_ab_combined,run08D_qda_light_regularization010_characterization_v1,python_tier_ab_combined,Tier A+B,signal_probability_threshold,structural_scout,completed,inconclusive_single_split_scout_payload,stages/16_model_family_challenge__qda_class_covariance_scout/02_runs/run08D_qda_light_regularization010_characterization_v1/predictions/tier_ab_combined_predictions.parquet,rows=59048;signal_coverage=0.0611875;signal_count=3613;short=1615;long=1998,"prob_sum_err=3.33067e-16;selected_threshold=validation_nonflat_q0.90;threshold_ids=q0.90;subtype_counts={""B_constituent_missing"":1,""B_core_only"":200,""B_full_context_outside_tier_a_scope"":217,""B_macro_missing"":10740,""B_mixed_partial_context"":1240,""Tier_A_full_context"":46650}",out_of_scope_by_claim,Tier A primary plus Tier B fallback routed Python view
run08D_qda_light_regularization010_characterization_v1__mt5_tier_a_only_validation_is,16_model_family_challenge__qda_class_covariance_scout,run08D_qda_light_regularization010_characterization_v1,mt5_tier_a_only_validation_is,run08D_qda_light_regularization010_characterization_v1,mt5_tier_a_only_validation_is,Tier A,trading_risk_execution,runtime_probe,completed,inconclusive_tier_only_runtime_probe,C:/Users/awdse/AppData/Roaming/MetaQuotes/Terminal/D0E8209F77C8CF37AD8BF550E51FF075/MQL5/Experts/Project_Obsidian_Prime_v2/stages/16_model_family_challenge__qda_class_covariance_scout/02_runs/run08D_qda_light_regularization010_characterization_v1/mt5/reports/Project_Obsidian_Prime_v2_run08D_qda_light_regularization010_characterization_v1_tier_a_only_validation_is.htm,net_profit=22.31;pf=1.01;expectancy=0.08;trades=291;win_rate=53.61,labelable=9844;feature_ready=9844;model_ok=9844;no_tier_labelable=203;max_dd=298.37;recovery=0.07;fill=524;reject=0;skip=42964;subtypes=NA,completed,Tier A only standalone MT5 tester run.
run08D_qda_light_regularization010_characterization_v1__mt5_tier_b_fallback_only_validation_is,16_model_family_challenge__qda_class_covariance_scout,run08D_qda_light_regularization010_characterization_v1,mt5_tier_b_fallback_only_validation_is,run08D_qda_light_regularization010_characterization_v1,mt5_tier_b_fallback_only_validation_is,Tier B,trading_risk_execution,runtime_probe,completed,inconclusive_tier_b_fallback_only_runtime_probe,C:/Users/awdse/AppData/Roaming/MetaQuotes/Terminal/D0E8209F77C8CF37AD8BF550E51FF075/MQL5/Experts/Project_Obsidian_Prime_v2/stages/16_model_family_challenge__qda_class_covariance_scout/02_runs/run08D_qda_light_regularization010_characterization_v1/mt5/reports/Project_Obsidian_Prime_v2_run08D_qda_light_regularization010_characterization_v1_tier_b_fallback_only_validation_is.htm,net_profit=-143.3;pf=0.25;expectancy=-13.03;trades=11;win_rate=72.73,"labelable=2366;feature_ready=2366;model_ok=2366;no_tier_labelable=203;max_dd=420.59;recovery=-0.34;fill=22;reject=0;skip=50442;subtypes={""B_core_only"":25,""B_macro_missing"":2126,""B_mixed_partial_context"":215}",completed,Tier B fallback-only standalone MT5 tester run.
run08D_qda_light_regularization010_characterization_v1__mt5_routed_tier_a_used_validation_is,16_model_family_challenge__qda_class_covariance_scout,run08D_qda_light_regularization010_characterization_v1,mt5_routed_tier_a_used_validation_is,run08D_qda_light_regularization010_characterization_v1,mt5_routed_tier_a_used_validation_is,Tier A,routed_signal_execution_usage,runtime_probe,completed,inconclusive_routed_component_runtime_probe,C:/Users/awdse/AppData/Roaming/MetaQuotes/Terminal/D0E8209F77C8CF37AD8BF550E51FF075/MQL5/Experts/Project_Obsidian_Prime_v2/stages/16_model_family_challenge__qda_class_covariance_scout/02_runs/run08D_qda_light_regularization010_characterization_v1/kpi_record.json,route_bars=9844;route_share=0.806224;signals=985;long=573;short=412;fills=519,profit_attribution=not_separable_from_single_routed_account_path;reject=0;skip=0;subtypes=NA,completed,Tier A primary used component from one routed MT5 tester run.
run08D_qda_light_regularization010_characterization_v1__mt5_routed_tier_b_fallback_used_validation_is,16_model_family_challenge__qda_class_covariance_scout,run08D_qda_light_regularization010_characterization_v1,mt5_routed_tier_b_fallback_used_validation_is,run08D_qda_light_regularization010_characterization_v1,mt5_routed_tier_b_fallback_used_validation_is,Tier B,routed_signal_execution_usage,runtime_probe,completed,inconclusive_routed_component_runtime_probe,C:/Users/awdse/AppData/Roaming/MetaQuotes/Terminal/D0E8209F77C8CF37AD8BF550E51FF075/MQL5/Experts/Project_Obsidian_Prime_v2/stages/16_model_family_challenge__qda_class_covariance_scout/02_runs/run08D_qda_light_regularization010_characterization_v1/kpi_record.json,route_bars=2366;route_share=0.193776;signals=13;long=8;short=5;fills=25,"profit_attribution=not_separable_from_single_routed_account_path;reject=0;skip=0;subtypes={""B_core_only"":25,""B_macro_missing"":2126,""B_mixed_partial_context"":215}",completed,Tier B partial-context fallback used component from one routed MT5 tester run.
run08D_qda_light_regularization010_characterization_v1__mt5_routed_total_validation_is,16_model_family_challenge__qda_class_covariance_scout,run08D_qda_light_regularization010_characterization_v1,mt5_routed_total_validation_is,run08D_qda_light_regularization010_characterization_v1,mt5_routed_total_validation_is,Tier A+B,trading_risk_execution,runtime_probe,completed,inconclusive_routed_total_runtime_probe,C:/Users/awdse/AppData/Roaming/MetaQuotes/Terminal/D0E8209F77C8CF37AD8BF550E51FF075/MQL5/Experts/Project_Obsidian_Prime_v2/stages/16_model_family_challenge__qda_class_covariance_scout/02_runs/run08D_qda_light_regularization010_characterization_v1/mt5/reports/Project_Obsidian_Prime_v2_run08D_qda_light_regularization010_characterization_v1_routed_validation_is.htm,net_profit=38.68;pf=1.03;expectancy=0.13;trades=301;win_rate=54.15,a_used=9844;b_fallback=2366;no_tier_labelable=203;max_dd=282.32;recovery=0.14;fill=544;reject=0;skip=40598,completed,Actual routed total from one MT5 tester account path; not a synthetic sum.
run08D_qda_light_regularization010_characterization_v1__mt5_tier_a_only_oos,16_model_family_challenge__qda_class_covariance_scout,run08D_qda_light_regularization010_characterization_v1,mt5_tier_a_only_oos,run08D_qda_light_regularization010_characterization_v1,mt5_tier_a_only_oos,Tier A,trading_risk_execution,runtime_probe,completed,inconclusive_tier_only_runtime_probe,C:/Users/awdse/AppData/Roaming/MetaQuotes/Terminal/D0E8209F77C8CF37AD8BF550E51FF075/MQL5/Experts/Project_Obsidian_Prime_v2/stages/16_model_family_challenge__qda_class_covariance_scout/02_runs/run08D_qda_light_regularization010_characterization_v1/mt5/reports/Project_Obsidian_Prime_v2_run08D_qda_light_regularization010_characterization_v1_tier_a_only_oos.htm,net_profit=240.92;pf=1.21;expectancy=0.98;trades=247;win_rate=50.61,labelable=7584;feature_ready=7584;model_ok=7584;no_tier_labelable=159;max_dd=184.41;recovery=1.31;fill=454;reject=0;skip=29753;subtypes=NA,completed,Tier A only standalone MT5 tester run.
run08D_qda_light_regularization010_characterization_v1__mt5_tier_b_fallback_only_oos,16_model_family_challenge__qda_class_covariance_scout,run08D_qda_light_regularization010_characterization_v1,mt5_tier_b_fallback_only_oos,run08D_qda_light_regularization010_characterization_v1,mt5_tier_b_fallback_only_oos,Tier B,trading_risk_execution,runtime_probe,completed,inconclusive_tier_b_fallback_only_runtime_probe,C:/Users/awdse/AppData/Roaming/MetaQuotes/Terminal/D0E8209F77C8CF37AD8BF550E51FF075/MQL5/Experts/Project_Obsidian_Prime_v2/stages/16_model_family_challenge__qda_class_covariance_scout/02_runs/run08D_qda_light_regularization010_characterization_v1/mt5/reports/Project_Obsidian_Prime_v2_run08D_qda_light_regularization010_characterization_v1_tier_b_fallback_only_oos.htm,net_profit=-35.03;pf=0.89;expectancy=-2.19;trades=16;win_rate=50,"labelable=1062;feature_ready=1062;model_ok=1062;no_tier_labelable=159;max_dd=186.44;recovery=-0.19;fill=27;reject=0;skip=36275;subtypes={""B_core_only"":24,""B_full_context_outside_tier_a_scope"":1,""B_macro_missing"":809,""B_mixed_partial_context"":228}",completed,Tier B fallback-only standalone MT5 tester run.
run08D_qda_light_regularization010_characterization_v1__mt5_routed_tier_a_used_oos,16_model_family_challenge__qda_class_covariance_scout,run08D_qda_light_regularization010_characterization_v1,mt5_routed_tier_a_used_oos,run08D_qda_light_regularization010_characterization_v1,mt5_routed_tier_a_used_oos,Tier A,routed_signal_execution_usage,runtime_probe,completed,inconclusive_routed_component_runtime_probe,C:/Users/awdse/AppData/Roaming/MetaQuotes/Terminal/D0E8209F77C8CF37AD8BF550E51FF075/MQL5/Experts/Project_Obsidian_Prime_v2/stages/16_model_family_challenge__qda_class_covariance_scout/02_runs/run08D_qda_light_regularization010_characterization_v1/kpi_record.json,route_bars=7584;route_share=0.877169;signals=1180;long=626;short=554;fills=459,profit_attribution=not_separable_from_single_routed_account_path;reject=0;skip=0;subtypes=NA,completed,Tier A primary used component from one routed MT5 tester run.
run08D_qda_light_regularization010_characterization_v1__mt5_routed_tier_b_fallback_used_oos,16_model_family_challenge__qda_class_covariance_scout,run08D_qda_light_regularization010_characterization_v1,mt5_routed_tier_b_fallback_used_oos,run08D_qda_light_regularization010_characterization_v1,mt5_routed_tier_b_fallback_used_oos,Tier B,routed_signal_execution_usage,runtime_probe,completed,inconclusive_routed_component_runtime_probe,C:/Users/awdse/AppData/Roaming/MetaQuotes/Terminal/D0E8209F77C8CF37AD8BF550E51FF075/MQL5/Experts/Project_Obsidian_Prime_v2/stages/16_model_family_challenge__qda_class_covariance_scout/02_runs/run08D_qda_light_regularization010_characterization_v1/kpi_record.json,route_bars=1062;route_share=0.122831;signals=41;long=10;short=31;fills=29,"profit_attribution=not_separable_from_single_routed_account_path;reject=0;skip=0;subtypes={""B_core_only"":24,""B_full_context_outside_tier_a_scope"":1,""B_macro_missing"":809,""B_mixed_partial_context"":228}",completed,Tier B partial-context fallback used component from one routed MT5 tester run.
run08D_qda_light_regularization010_characterization_v1__mt5_routed_total_oos,16_model_family_challenge__qda_class_covariance_scout,run08D_qda_light_regularization010_characterization_v1,mt5_routed_total_oos,run08D_qda_light_regularization010_characterization_v1,mt5_routed_total_oos,Tier A+B,trading_risk_execution,runtime_probe,completed,inconclusive_routed_total_runtime_probe,C:/Users/awdse/AppData/Roaming/MetaQuotes/Terminal/D0E8209F77C8CF37AD8BF550E51FF075/MQL5/Experts/Project_Obsidian_Prime_v2/stages/16_model_family_challenge__qda_class_covariance_scout/02_runs/run08D_qda_light_regularization010_characterization_v1/mt5/reports/Project_Obsidian_Prime_v2_run08D_qda_light_regularization010_characterization_v1_routed_oos.htm,net_profit=255.96;pf=1.22;expectancy=0.94;trades=271;win_rate=49.82,a_used=7584;b_fallback=1062;no_tier_labelable=159;max_dd=179.48;recovery=1.43;fill=488;reject=0;skip=28691,completed,Actual routed total from one MT5 tester account path; not a synthetic sum.
run08E_qda_lda_anchor_regularization050_characterization_v1__python_tier_a_separate,16_model_family_challenge__qda_class_covariance_scout,run08E_qda_lda_anchor_regularization050_characterization_v1,python_tier_a_separate,run08E_qda_lda_anchor_regularization050_characterization_v1,python_tier_a_separate,Tier A,signal_probability_threshold,structural_scout,completed,inconclusive_single_split_scout_payload,stages/16_model_family_challenge__qda_class_covariance_scout/02_runs/run08E_qda_lda_anchor_regularization050_characterization_v1/predictions/tier_a_separate_predictions.parquet,rows=46650;signal_coverage=0.0790782;signal_count=3689;short=1687;long=2002,prob_sum_err=3.33067e-16;selected_threshold=validation_nonflat_q0.90;threshold_ids=q0.90;subtype_counts=NA,out_of_scope_by_claim,Tier A full-context primary view
run08E_qda_lda_anchor_regularization050_characterization_v1__python_tier_b_separate,16_model_family_challenge__qda_class_covariance_scout,run08E_qda_lda_anchor_regularization050_characterization_v1,python_tier_b_separate,run08E_qda_lda_anchor_regularization050_characterization_v1,python_tier_b_separate,Tier B,signal_probability_threshold,structural_scout,completed,inconclusive_single_split_scout_payload,stages/16_model_family_challenge__qda_class_covariance_scout/02_runs/run08E_qda_lda_anchor_regularization050_characterization_v1/predictions/tier_b_separate_predictions.parquet,rows=12398;signal_coverage=0.0201645;signal_count=250;short=120;long=130,"prob_sum_err=4.44089e-16;selected_threshold=validation_nonflat_q0.90;threshold_ids=q0.90;subtype_counts={""B_constituent_missing"":1,""B_core_only"":200,""B_full_context_outside_tier_a_scope"":217,""B_macro_missing"":10740,""B_mixed_partial_context"":1240}",out_of_scope_by_claim,Tier B partial-context fallback-only view
run08E_qda_lda_anchor_regularization050_characterization_v1__python_tier_ab_combined,16_model_family_challenge__qda_class_covariance_scout,run08E_qda_lda_anchor_regularization050_characterization_v1,python_tier_ab_combined,run08E_qda_lda_anchor_regularization050_characterization_v1,python_tier_ab_combined,Tier A+B,signal_probability_threshold,structural_scout,completed,inconclusive_single_split_scout_payload,stages/16_model_family_challenge__qda_class_covariance_scout/02_runs/run08E_qda_lda_anchor_regularization050_characterization_v1/predictions/tier_ab_combined_predictions.parquet,rows=59048;signal_coverage=0.0669117;signal_count=3951;short=1813;long=2138,"prob_sum_err=4.44089e-16;selected_threshold=validation_nonflat_q0.90;threshold_ids=q0.90;subtype_counts={""B_constituent_missing"":1,""B_core_only"":200,""B_full_context_outside_tier_a_scope"":217,""B_macro_missing"":10740,""B_mixed_partial_context"":1240,""Tier_A_full_context"":46650}",out_of_scope_by_claim,Tier A primary plus Tier B fallback routed Python view
run08E_qda_lda_anchor_regularization050_characterization_v1__mt5_tier_a_only_validation_is,16_model_family_challenge__qda_class_covariance_scout,run08E_qda_lda_anchor_regularization050_characterization_v1,mt5_tier_a_only_validation_is,run08E_qda_lda_anchor_regularization050_characterization_v1,mt5_tier_a_only_validation_is,Tier A,trading_risk_execution,runtime_probe,completed,inconclusive_tier_only_runtime_probe,C:/Users/awdse/AppData/Roaming/MetaQuotes/Terminal/D0E8209F77C8CF37AD8BF550E51FF075/MQL5/Experts/Project_Obsidian_Prime_v2/stages/16_model_family_challenge__qda_class_covariance_scout/02_runs/run08E_qda_lda_anchor_regularization050_characterization_v1/mt5/reports/Project_Obsidian_Prime_v2_run08E_qda_lda_anchor_regularization050_characterization_v1_tier_a_only_validation_is.htm,net_profit=-60.74;pf=0.97;expectancy=-0.14;trades=424;win_rate=54.72,labelable=9844;feature_ready=9844;model_ok=9844;no_tier_labelable=203;max_dd=342.79;recovery=-0.18;fill=647;reject=0;skip=42964;subtypes=NA,completed,Tier A only standalone MT5 tester run.
run08E_qda_lda_anchor_regularization050_characterization_v1__mt5_tier_b_fallback_only_validation_is,16_model_family_challenge__qda_class_covariance_scout,run08E_qda_lda_anchor_regularization050_characterization_v1,mt5_tier_b_fallback_only_validation_is,run08E_qda_lda_anchor_regularization050_characterization_v1,mt5_tier_b_fallback_only_validation_is,Tier B,trading_risk_execution,runtime_probe,completed,inconclusive_tier_b_fallback_only_runtime_probe,C:/Users/awdse/AppData/Roaming/MetaQuotes/Terminal/D0E8209F77C8CF37AD8BF550E51FF075/MQL5/Experts/Project_Obsidian_Prime_v2/stages/16_model_family_challenge__qda_class_covariance_scout/02_runs/run08E_qda_lda_anchor_regularization050_characterization_v1/mt5/reports/Project_Obsidian_Prime_v2_run08E_qda_lda_anchor_regularization050_characterization_v1_tier_b_fallback_only_validation_is.htm,net_profit=-6.92;pf=0.95;expectancy=-0.63;trades=11;win_rate=63.64,"labelable=2366;feature_ready=2366;model_ok=2366;no_tier_labelable=203;max_dd=145.12;recovery=-0.05;fill=22;reject=0;skip=50442;subtypes={""B_core_only"":25,""B_macro_missing"":2126,""B_mixed_partial_context"":215}",completed,Tier B fallback-only standalone MT5 tester run.
run08E_qda_lda_anchor_regularization050_characterization_v1__mt5_routed_tier_a_used_validation_is,16_model_family_challenge__qda_class_covariance_scout,run08E_qda_lda_anchor_regularization050_characterization_v1,mt5_routed_tier_a_used_validation_is,run08E_qda_lda_anchor_regularization050_characterization_v1,mt5_routed_tier_a_used_validation_is,Tier A,routed_signal_execution_usage,runtime_probe,completed,inconclusive_routed_component_runtime_probe,C:/Users/awdse/AppData/Roaming/MetaQuotes/Terminal/D0E8209F77C8CF37AD8BF550E51FF075/MQL5/Experts/Project_Obsidian_Prime_v2/stages/16_model_family_challenge__qda_class_covariance_scout/02_runs/run08E_qda_lda_anchor_regularization050_characterization_v1/kpi_record.json,route_bars=9844;route_share=0.806224;signals=985;long=553;short=432;fills=638,profit_attribution=not_separable_from_single_routed_account_path;reject=0;skip=0;subtypes=NA,completed,Tier A primary used component from one routed MT5 tester run.
run08E_qda_lda_anchor_regularization050_characterization_v1__mt5_routed_tier_b_fallback_used_validation_is,16_model_family_challenge__qda_class_covariance_scout,run08E_qda_lda_anchor_regularization050_characterization_v1,mt5_routed_tier_b_fallback_used_validation_is,run08E_qda_lda_anchor_regularization050_characterization_v1,mt5_routed_tier_b_fallback_used_validation_is,Tier B,routed_signal_execution_usage,runtime_probe,completed,inconclusive_routed_component_runtime_probe,C:/Users/awdse/AppData/Roaming/MetaQuotes/Terminal/D0E8209F77C8CF37AD8BF550E51FF075/MQL5/Experts/Project_Obsidian_Prime_v2/stages/16_model_family_challenge__qda_class_covariance_scout/02_runs/run08E_qda_lda_anchor_regularization050_characterization_v1/kpi_record.json,route_bars=2366;route_share=0.193776;signals=24;long=20;short=4;fills=32,"profit_attribution=not_separable_from_single_routed_account_path;reject=0;skip=0;subtypes={""B_core_only"":25,""B_macro_missing"":2126,""B_mixed_partial_context"":215}",completed,Tier B partial-context fallback used component from one routed MT5 tester run.
run08E_qda_lda_anchor_regularization050_characterization_v1__mt5_routed_total_validation_is,16_model_family_challenge__qda_class_covariance_scout,run08E_qda_lda_anchor_regularization050_characterization_v1,mt5_routed_total_validation_is,run08E_qda_lda_anchor_regularization050_characterization_v1,mt5_routed_total_validation_is,Tier A+B,trading_risk_execution,runtime_probe,completed,inconclusive_routed_total_runtime_probe,C:/Users/awdse/AppData/Roaming/MetaQuotes/Terminal/D0E8209F77C8CF37AD8BF550E51FF075/MQL5/Experts/Project_Obsidian_Prime_v2/stages/16_model_family_challenge__qda_class_covariance_scout/02_runs/run08E_qda_lda_anchor_regularization050_characterization_v1/mt5/reports/Project_Obsidian_Prime_v2_run08E_qda_lda_anchor_regularization050_characterization_v1_routed_validation_is.htm,net_profit=-7.9;pf=1;expectancy=-0.02;trades=434;win_rate=55.99,a_used=9844;b_fallback=2366;no_tier_labelable=203;max_dd=345.77;recovery=-0.02;fill=670;reject=0;skip=40598,completed,Actual routed total from one MT5 tester account path; not a synthetic sum.
run08E_qda_lda_anchor_regularization050_characterization_v1__mt5_tier_a_only_oos,16_model_family_challenge__qda_class_covariance_scout,run08E_qda_lda_anchor_regularization050_characterization_v1,mt5_tier_a_only_oos,run08E_qda_lda_anchor_regularization050_characterization_v1,mt5_tier_a_only_oos,Tier A,trading_risk_execution,runtime_probe,completed,inconclusive_tier_only_runtime_probe,C:/Users/awdse/AppData/Roaming/MetaQuotes/Terminal/D0E8209F77C8CF37AD8BF550E51FF075/MQL5/Experts/Project_Obsidian_Prime_v2/stages/16_model_family_challenge__qda_class_covariance_scout/02_runs/run08E_qda_lda_anchor_regularization050_characterization_v1/mt5/reports/Project_Obsidian_Prime_v2_run08E_qda_lda_anchor_regularization050_characterization_v1_tier_a_only_oos.htm,net_profit=-2.84;pf=1;expectancy=-0.01;trades=271;win_rate=50.92,labelable=7584;feature_ready=7584;model_ok=7584;no_tier_labelable=159;max_dd=175.22;recovery=-0.02;fill=455;reject=0;skip=29753;subtypes=NA,completed,Tier A only standalone MT5 tester run.
run08E_qda_lda_anchor_regularization050_characterization_v1__mt5_tier_b_fallback_only_oos,16_model_family_challenge__qda_class_covariance_scout,run08E_qda_lda_anchor_regularization050_characterization_v1,mt5_tier_b_fallback_only_oos,run08E_qda_lda_anchor_regularization050_characterization_v1,mt5_tier_b_fallback_only_oos,Tier B,trading_risk_execution,runtime_probe,completed,inconclusive_tier_b_fallback_only_runtime_probe,C:/Users/awdse/AppData/Roaming/MetaQuotes/Terminal/D0E8209F77C8CF37AD8BF550E51FF075/MQL5/Experts/Project_Obsidian_Prime_v2/stages/16_model_family_challenge__qda_class_covariance_scout/02_runs/run08E_qda_lda_anchor_regularization050_characterization_v1/mt5/reports/Project_Obsidian_Prime_v2_run08E_qda_lda_anchor_regularization050_characterization_v1_tier_b_fallback_only_oos.htm,net_profit=175.61;pf=1.83;expectancy=9.24;trades=19;win_rate=47.37,"labelable=1062;feature_ready=1062;model_ok=1062;no_tier_labelable=159;max_dd=108.14;recovery=1.62;fill=32;reject=0;skip=36275;subtypes={""B_core_only"":24,""B_full_context_outside_tier_a_scope"":1,""B_macro_missing"":809,""B_mixed_partial_context"":228}",completed,Tier B fallback-only standalone MT5 tester run.
run08E_qda_lda_anchor_regularization050_characterization_v1__mt5_routed_tier_a_used_oos,16_model_family_challenge__qda_class_covariance_scout,run08E_qda_lda_anchor_regularization050_characterization_v1,mt5_routed_tier_a_used_oos,run08E_qda_lda_anchor_regularization050_characterization_v1,mt5_routed_tier_a_used_oos,Tier A,routed_signal_execution_usage,runtime_probe,completed,inconclusive_routed_component_runtime_probe,C:/Users/awdse/AppData/Roaming/MetaQuotes/Terminal/D0E8209F77C8CF37AD8BF550E51FF075/MQL5/Experts/Project_Obsidian_Prime_v2/stages/16_model_family_challenge__qda_class_covariance_scout/02_runs/run08E_qda_lda_anchor_regularization050_characterization_v1/kpi_record.json,route_bars=7584;route_share=0.877169;signals=786;long=357;short=429;fills=454,profit_attribution=not_separable_from_single_routed_account_path;reject=0;skip=0;subtypes=NA,completed,Tier A primary used component from one routed MT5 tester run.
run08E_qda_lda_anchor_regularization050_characterization_v1__mt5_routed_tier_b_fallback_used_oos,16_model_family_challenge__qda_class_covariance_scout,run08E_qda_lda_anchor_regularization050_characterization_v1,mt5_routed_tier_b_fallback_used_oos,run08E_qda_lda_anchor_regularization050_characterization_v1,mt5_routed_tier_b_fallback_used_oos,Tier B,routed_signal_execution_usage,runtime_probe,completed,inconclusive_routed_component_runtime_probe,C:/Users/awdse/AppData/Roaming/MetaQuotes/Terminal/D0E8209F77C8CF37AD8BF550E51FF075/MQL5/Experts/Project_Obsidian_Prime_v2/stages/16_model_family_challenge__qda_class_covariance_scout/02_runs/run08E_qda_lda_anchor_regularization050_characterization_v1/kpi_record.json,route_bars=1062;route_share=0.122831;signals=50;long=22;short=28;fills=25,"profit_attribution=not_separable_from_single_routed_account_path;reject=0;skip=0;subtypes={""B_core_only"":24,""B_full_context_outside_tier_a_scope"":1,""B_macro_missing"":809,""B_mixed_partial_context"":228}",completed,Tier B partial-context fallback used component from one routed MT5 tester run.
run08E_qda_lda_anchor_regularization050_characterization_v1__mt5_routed_total_oos,16_model_family_challenge__qda_class_covariance_scout,run08E_qda_lda_anchor_regularization050_characterization_v1,mt5_routed_total_oos,run08E_qda_lda_anchor_regularization050_characterization_v1,mt5_routed_total_oos,Tier A+B,trading_risk_execution,runtime_probe,completed,inconclusive_routed_total_runtime_probe,C:/Users/awdse/AppData/Roaming/MetaQuotes/Terminal/D0E8209F77C8CF37AD8BF550E51FF075/MQL5/Experts/Project_Obsidian_Prime_v2/stages/16_model_family_challenge__qda_class_covariance_scout/02_runs/run08E_qda_lda_anchor_regularization050_characterization_v1/mt5/reports/Project_Obsidian_Prime_v2_run08E_qda_lda_anchor_regularization050_characterization_v1_routed_oos.htm,net_profit=-23.01;pf=0.98;expectancy=-0.08;trades=285;win_rate=50.88,a_used=7584;b_fallback=1062;no_tier_labelable=159;max_dd=191.56;recovery=-0.12;fill=479;reject=0;skip=28691,completed,Actual routed total from one MT5 tester account path; not a synthetic sum.
run08F_qda_moderate_regularization150_characterization_v1__python_tier_a_separate,16_model_family_challenge__qda_class_covariance_scout,run08F_qda_moderate_regularization150_characterization_v1,python_tier_a_separate,run08F_qda_moderate_regularization150_characterization_v1,python_tier_a_separate,Tier A,signal_probability_threshold,structural_scout,completed,inconclusive_single_split_scout_payload,stages/16_model_family_challenge__qda_class_covariance_scout/02_runs/run08F_qda_moderate_regularization150_characterization_v1/predictions/tier_a_separate_predictions.parquet,rows=46650;signal_coverage=0.0797428;signal_count=3720;short=2004;long=1716,prob_sum_err=3.33067e-16;selected_threshold=validation_nonflat_q0.90;threshold_ids=q0.90;subtype_counts=NA,out_of_scope_by_claim,Tier A full-context primary view
run08F_qda_moderate_regularization150_characterization_v1__python_tier_b_separate,16_model_family_challenge__qda_class_covariance_scout,run08F_qda_moderate_regularization150_characterization_v1,python_tier_b_separate,run08F_qda_moderate_regularization150_characterization_v1,python_tier_b_separate,Tier B,signal_probability_threshold,structural_scout,completed,inconclusive_single_split_scout_payload,stages/16_model_family_challenge__qda_class_covariance_scout/02_runs/run08F_qda_moderate_regularization150_characterization_v1/predictions/tier_b_separate_predictions.parquet,rows=12398;signal_coverage=0.0260526;signal_count=323;short=183;long=140,"prob_sum_err=3.33067e-16;selected_threshold=validation_nonflat_q0.90;threshold_ids=q0.90;subtype_counts={""B_constituent_missing"":1,""B_core_only"":200,""B_full_context_outside_tier_a_scope"":217,""B_macro_missing"":10740,""B_mixed_partial_context"":1240}",out_of_scope_by_claim,Tier B partial-context fallback-only view
run08F_qda_moderate_regularization150_characterization_v1__python_tier_ab_combined,16_model_family_challenge__qda_class_covariance_scout,run08F_qda_moderate_regularization150_characterization_v1,python_tier_ab_combined,run08F_qda_moderate_regularization150_characterization_v1,python_tier_ab_combined,Tier A+B,signal_probability_threshold,structural_scout,completed,inconclusive_single_split_scout_payload,stages/16_model_family_challenge__qda_class_covariance_scout/02_runs/run08F_qda_moderate_regularization150_characterization_v1/predictions/tier_ab_combined_predictions.parquet,rows=59048;signal_coverage=0.0655568;signal_count=3871;short=2078;long=1793,"prob_sum_err=3.33067e-16;selected_threshold=validation_nonflat_q0.90;threshold_ids=q0.90;subtype_counts={""B_constituent_missing"":1,""B_core_only"":200,""B_full_context_outside_tier_a_scope"":217,""B_macro_missing"":10740,""B_mixed_partial_context"":1240,""Tier_A_full_context"":46650}",out_of_scope_by_claim,Tier A primary plus Tier B fallback routed Python view
run08F_qda_moderate_regularization150_characterization_v1__mt5_tier_a_only_validation_is,16_model_family_challenge__qda_class_covariance_scout,run08F_qda_moderate_regularization150_characterization_v1,mt5_tier_a_only_validation_is,run08F_qda_moderate_regularization150_characterization_v1,mt5_tier_a_only_validation_is,Tier A,trading_risk_execution,runtime_probe,completed,inconclusive_tier_only_runtime_probe,C:/Users/awdse/AppData/Roaming/MetaQuotes/Terminal/D0E8209F77C8CF37AD8BF550E51FF075/MQL5/Experts/Project_Obsidian_Prime_v2/stages/16_model_family_challenge__qda_class_covariance_scout/02_runs/run08F_qda_moderate_regularization150_characterization_v1/mt5/reports/Project_Obsidian_Prime_v2_run08F_qda_moderate_regularization150_characterization_v1_tier_a_only_validation_is.htm,net_profit=331.76;pf=1.18;expectancy=0.71;trades=466;win_rate=48.93,labelable=9844;feature_ready=9844;model_ok=9844;no_tier_labelable=203;max_dd=160.73;recovery=2.06;fill=703;reject=0;skip=42964;subtypes=NA,completed,Tier A only standalone MT5 tester run.
run08F_qda_moderate_regularization150_characterization_v1__mt5_tier_b_fallback_only_validation_is,16_model_family_challenge__qda_class_covariance_scout,run08F_qda_moderate_regularization150_characterization_v1,mt5_tier_b_fallback_only_validation_is,run08F_qda_moderate_regularization150_characterization_v1,mt5_tier_b_fallback_only_validation_is,Tier B,trading_risk_execution,runtime_probe,completed,inconclusive_tier_b_fallback_only_runtime_probe,C:/Users/awdse/AppData/Roaming/MetaQuotes/Terminal/D0E8209F77C8CF37AD8BF550E51FF075/MQL5/Experts/Project_Obsidian_Prime_v2/stages/16_model_family_challenge__qda_class_covariance_scout/02_runs/run08F_qda_moderate_regularization150_characterization_v1/mt5/reports/Project_Obsidian_Prime_v2_run08F_qda_moderate_regularization150_characterization_v1_tier_b_fallback_only_validation_is.htm,net_profit=-137.06;pf=0.14;expectancy=-17.13;trades=8;win_rate=62.5,"labelable=2366;feature_ready=2366;model_ok=2366;no_tier_labelable=203;max_dd=378.3;recovery=-0.36;fill=16;reject=0;skip=50442;subtypes={""B_core_only"":25,""B_macro_missing"":2126,""B_mixed_partial_context"":215}",completed,Tier B fallback-only standalone MT5 tester run.
run08F_qda_moderate_regularization150_characterization_v1__mt5_routed_tier_a_used_validation_is,16_model_family_challenge__qda_class_covariance_scout,run08F_qda_moderate_regularization150_characterization_v1,mt5_routed_tier_a_used_validation_is,run08F_qda_moderate_regularization150_characterization_v1,mt5_routed_tier_a_used_validation_is,Tier A,routed_signal_execution_usage,runtime_probe,completed,inconclusive_routed_component_runtime_probe,C:/Users/awdse/AppData/Roaming/MetaQuotes/Terminal/D0E8209F77C8CF37AD8BF550E51FF075/MQL5/Experts/Project_Obsidian_Prime_v2/stages/16_model_family_challenge__qda_class_covariance_scout/02_runs/run08F_qda_moderate_regularization150_characterization_v1/kpi_record.json,route_bars=9844;route_share=0.806224;signals=985;long=490;short=495;fills=691,profit_attribution=not_separable_from_single_routed_account_path;reject=0;skip=0;subtypes=NA,completed,Tier A primary used component from one routed MT5 tester run.
run08F_qda_moderate_regularization150_characterization_v1__mt5_routed_tier_b_fallback_used_validation_is,16_model_family_challenge__qda_class_covariance_scout,run08F_qda_moderate_regularization150_characterization_v1,mt5_routed_tier_b_fallback_used_validation_is,run08F_qda_moderate_regularization150_characterization_v1,mt5_routed_tier_b_fallback_used_validation_is,Tier B,routed_signal_execution_usage,runtime_probe,completed,inconclusive_routed_component_runtime_probe,C:/Users/awdse/AppData/Roaming/MetaQuotes/Terminal/D0E8209F77C8CF37AD8BF550E51FF075/MQL5/Experts/Project_Obsidian_Prime_v2/stages/16_model_family_challenge__qda_class_covariance_scout/02_runs/run08F_qda_moderate_regularization150_characterization_v1/kpi_record.json,route_bars=2366;route_share=0.193776;signals=29;long=27;short=2;fills=28,"profit_attribution=not_separable_from_single_routed_account_path;reject=0;skip=0;subtypes={""B_core_only"":25,""B_macro_missing"":2126,""B_mixed_partial_context"":215}",completed,Tier B partial-context fallback used component from one routed MT5 tester run.
run08F_qda_moderate_regularization150_characterization_v1__mt5_routed_total_validation_is,16_model_family_challenge__qda_class_covariance_scout,run08F_qda_moderate_regularization150_characterization_v1,mt5_routed_total_validation_is,run08F_qda_moderate_regularization150_characterization_v1,mt5_routed_total_validation_is,Tier A+B,trading_risk_execution,runtime_probe,completed,inconclusive_routed_total_runtime_probe,C:/Users/awdse/AppData/Roaming/MetaQuotes/Terminal/D0E8209F77C8CF37AD8BF550E51FF075/MQL5/Experts/Project_Obsidian_Prime_v2/stages/16_model_family_challenge__qda_class_covariance_scout/02_runs/run08F_qda_moderate_regularization150_characterization_v1/mt5/reports/Project_Obsidian_Prime_v2_run08F_qda_moderate_regularization150_characterization_v1_routed_validation_is.htm,net_profit=311.97;pf=1.16;expectancy=0.66;trades=473;win_rate=49.89,a_used=9844;b_fallback=2366;no_tier_labelable=203;max_dd=162.12;recovery=1.92;fill=719;reject=0;skip=40598,completed,Actual routed total from one MT5 tester account path; not a synthetic sum.
run08F_qda_moderate_regularization150_characterization_v1__mt5_tier_a_only_oos,16_model_family_challenge__qda_class_covariance_scout,run08F_qda_moderate_regularization150_characterization_v1,mt5_tier_a_only_oos,run08F_qda_moderate_regularization150_characterization_v1,mt5_tier_a_only_oos,Tier A,trading_risk_execution,runtime_probe,completed,inconclusive_tier_only_runtime_probe,C:/Users/awdse/AppData/Roaming/MetaQuotes/Terminal/D0E8209F77C8CF37AD8BF550E51FF075/MQL5/Experts/Project_Obsidian_Prime_v2/stages/16_model_family_challenge__qda_class_covariance_scout/02_runs/run08F_qda_moderate_regularization150_characterization_v1/mt5/reports/Project_Obsidian_Prime_v2_run08F_qda_moderate_regularization150_characterization_v1_tier_a_only_oos.htm,net_profit=273.06;pf=1.26;expectancy=1.02;trades=267;win_rate=47.19,labelable=7584;feature_ready=7584;model_ok=7584;no_tier_labelable=159;max_dd=100.53;recovery=2.72;fill=440;reject=0;skip=29753;subtypes=NA,completed,Tier A only standalone MT5 tester run.
run08F_qda_moderate_regularization150_characterization_v1__mt5_tier_b_fallback_only_oos,16_model_family_challenge__qda_class_covariance_scout,run08F_qda_moderate_regularization150_characterization_v1,mt5_tier_b_fallback_only_oos,run08F_qda_moderate_regularization150_characterization_v1,mt5_tier_b_fallback_only_oos,Tier B,trading_risk_execution,runtime_probe,completed,inconclusive_tier_b_fallback_only_runtime_probe,C:/Users/awdse/AppData/Roaming/MetaQuotes/Terminal/D0E8209F77C8CF37AD8BF550E51FF075/MQL5/Experts/Project_Obsidian_Prime_v2/stages/16_model_family_challenge__qda_class_covariance_scout/02_runs/run08F_qda_moderate_regularization150_characterization_v1/mt5/reports/Project_Obsidian_Prime_v2_run08F_qda_moderate_regularization150_characterization_v1_tier_b_fallback_only_oos.htm,net_profit=-183.31;pf=0.69;expectancy=-7.05;trades=26;win_rate=42.31,"labelable=1062;feature_ready=1062;model_ok=1062;no_tier_labelable=159;max_dd=320.43;recovery=-0.57;fill=47;reject=0;skip=36275;subtypes={""B_core_only"":24,""B_full_context_outside_tier_a_scope"":1,""B_macro_missing"":809,""B_mixed_partial_context"":228}",completed,Tier B fallback-only standalone MT5 tester run.
run08F_qda_moderate_regularization150_characterization_v1__mt5_routed_tier_a_used_oos,16_model_family_challenge__qda_class_covariance_scout,run08F_qda_moderate_regularization150_characterization_v1,mt5_routed_tier_a_used_oos,run08F_qda_moderate_regularization150_characterization_v1,mt5_routed_tier_a_used_oos,Tier A,routed_signal_execution_usage,runtime_probe,completed,inconclusive_routed_component_runtime_probe,C:/Users/awdse/AppData/Roaming/MetaQuotes/Terminal/D0E8209F77C8CF37AD8BF550E51FF075/MQL5/Experts/Project_Obsidian_Prime_v2/stages/16_model_family_challenge__qda_class_covariance_scout/02_runs/run08F_qda_moderate_regularization150_characterization_v1/kpi_record.json,route_bars=7584;route_share=0.877169;signals=601;long=279;short=322;fills=435,profit_attribution=not_separable_from_single_routed_account_path;reject=0;skip=0;subtypes=NA,completed,Tier A primary used component from one routed MT5 tester run.
run08F_qda_moderate_regularization150_characterization_v1__mt5_routed_tier_b_fallback_used_oos,16_model_family_challenge__qda_class_covariance_scout,run08F_qda_moderate_regularization150_characterization_v1,mt5_routed_tier_b_fallback_used_oos,run08F_qda_moderate_regularization150_characterization_v1,mt5_routed_tier_b_fallback_used_oos,Tier B,routed_signal_execution_usage,runtime_probe,completed,inconclusive_routed_component_runtime_probe,C:/Users/awdse/AppData/Roaming/MetaQuotes/Terminal/D0E8209F77C8CF37AD8BF550E51FF075/MQL5/Experts/Project_Obsidian_Prime_v2/stages/16_model_family_challenge__qda_class_covariance_scout/02_runs/run08F_qda_moderate_regularization150_characterization_v1/kpi_record.json,route_bars=1062;route_share=0.122831;signals=84;long=32;short=52;fills=40,"profit_attribution=not_separable_from_single_routed_account_path;reject=0;skip=0;subtypes={""B_core_only"":24,""B_full_context_outside_tier_a_scope"":1,""B_macro_missing"":809,""B_mixed_partial_context"":228}",completed,Tier B partial-context fallback used component from one routed MT5 tester run.
run08F_qda_moderate_regularization150_characterization_v1__mt5_routed_total_oos,16_model_family_challenge__qda_class_covariance_scout,run08F_qda_moderate_regularization150_characterization_v1,mt5_routed_total_oos,run08F_qda_moderate_regularization150_characterization_v1,mt5_routed_total_oos,Tier A+B,trading_risk_execution,runtime_probe,completed,inconclusive_routed_total_runtime_probe,C:/Users/awdse/AppData/Roaming/MetaQuotes/Terminal/D0E8209F77C8CF37AD8BF550E51FF075/MQL5/Experts/Project_Obsidian_Prime_v2/stages/16_model_family_challenge__qda_class_covariance_scout/02_runs/run08F_qda_moderate_regularization150_characterization_v1/mt5/reports/Project_Obsidian_Prime_v2_run08F_qda_moderate_regularization150_characterization_v1_routed_oos.htm,net_profit=266.2;pf=1.25;expectancy=0.93;trades=287;win_rate=49.13,a_used=7584;b_fallback=1062;no_tier_labelable=159;max_dd=109.8;recovery=2.42;fill=475;reject=0;skip=28691,completed,Actual routed total from one MT5 tester account path; not a synthetic sum.
run08G_qda_small_sample300_characterization_v1__python_tier_a_separate,16_model_family_challenge__qda_class_covariance_scout,run08G_qda_small_sample300_characterization_v1,python_tier_a_separate,run08G_qda_small_sample300_characterization_v1,python_tier_a_separate,Tier A,signal_probability_threshold,structural_scout,completed,inconclusive_single_split_scout_payload,stages/16_model_family_challenge__qda_class_covariance_scout/02_runs/run08G_qda_small_sample300_characterization_v1/predictions/tier_a_separate_predictions.parquet,rows=46650;signal_coverage=0.0674812;signal_count=3148;short=1759;long=1389,prob_sum_err=3.33067e-16;selected_threshold=validation_nonflat_q0.90;threshold_ids=q0.90;subtype_counts=NA,out_of_scope_by_claim,Tier A full-context primary view
run08G_qda_small_sample300_characterization_v1__python_tier_b_separate,16_model_family_challenge__qda_class_covariance_scout,run08G_qda_small_sample300_characterization_v1,python_tier_b_separate,run08G_qda_small_sample300_characterization_v1,python_tier_b_separate,Tier B,signal_probability_threshold,structural_scout,completed,inconclusive_single_split_scout_payload,stages/16_model_family_challenge__qda_class_covariance_scout/02_runs/run08G_qda_small_sample300_characterization_v1/predictions/tier_b_separate_predictions.parquet,rows=12398;signal_coverage=0.0202452;signal_count=251;short=187;long=64,"prob_sum_err=3.33067e-16;selected_threshold=validation_nonflat_q0.90;threshold_ids=q0.90;subtype_counts={""B_constituent_missing"":1,""B_core_only"":200,""B_full_context_outside_tier_a_scope"":217,""B_macro_missing"":10740,""B_mixed_partial_context"":1240}",out_of_scope_by_claim,Tier B partial-context fallback-only view
run08G_qda_small_sample300_characterization_v1__python_tier_ab_combined,16_model_family_challenge__qda_class_covariance_scout,run08G_qda_small_sample300_characterization_v1,python_tier_ab_combined,run08G_qda_small_sample300_characterization_v1,python_tier_ab_combined,Tier A+B,signal_probability_threshold,structural_scout,completed,inconclusive_single_split_scout_payload,stages/16_model_family_challenge__qda_class_covariance_scout/02_runs/run08G_qda_small_sample300_characterization_v1/predictions/tier_ab_combined_predictions.parquet,rows=59048;signal_coverage=0.0568859;signal_count=3359;short=1913;long=1446,"prob_sum_err=3.33067e-16;selected_threshold=validation_nonflat_q0.90;threshold_ids=q0.90;subtype_counts={""B_constituent_missing"":1,""B_core_only"":200,""B_full_context_outside_tier_a_scope"":217,""B_macro_missing"":10740,""B_mixed_partial_context"":1240,""Tier_A_full_context"":46650}",out_of_scope_by_claim,Tier A primary plus Tier B fallback routed Python view
run08G_qda_small_sample300_characterization_v1__mt5_tier_a_only_validation_is,16_model_family_challenge__qda_class_covariance_scout,run08G_qda_small_sample300_characterization_v1,mt5_tier_a_only_validation_is,run08G_qda_small_sample300_characterization_v1,mt5_tier_a_only_validation_is,Tier A,trading_risk_execution,runtime_probe,completed,inconclusive_tier_only_runtime_probe,C:/Users/awdse/AppData/Roaming/MetaQuotes/Terminal/D0E8209F77C8CF37AD8BF550E51FF075/MQL5/Experts/Project_Obsidian_Prime_v2/stages/16_model_family_challenge__qda_class_covariance_scout/02_runs/run08G_qda_small_sample300_characterization_v1/mt5/reports/Project_Obsidian_Prime_v2_run08G_qda_small_sample300_characterization_v1_tier_a_only_validation_is.htm,net_profit=83.46;pf=1.05;expectancy=0.24;trades=349;win_rate=49.57,labelable=9844;feature_ready=9844;model_ok=9844;no_tier_labelable=203;max_dd=362.38;recovery=0.23;fill=569;reject=0;skip=42964;subtypes=NA,completed,Tier A only standalone MT5 tester run.
run08G_qda_small_sample300_characterization_v1__mt5_tier_b_fallback_only_validation_is,16_model_family_challenge__qda_class_covariance_scout,run08G_qda_small_sample300_characterization_v1,mt5_tier_b_fallback_only_validation_is,run08G_qda_small_sample300_characterization_v1,mt5_tier_b_fallback_only_validation_is,Tier B,trading_risk_execution,runtime_probe,completed,inconclusive_tier_b_fallback_only_runtime_probe,C:/Users/awdse/AppData/Roaming/MetaQuotes/Terminal/D0E8209F77C8CF37AD8BF550E51FF075/MQL5/Experts/Project_Obsidian_Prime_v2/stages/16_model_family_challenge__qda_class_covariance_scout/02_runs/run08G_qda_small_sample300_characterization_v1/mt5/reports/Project_Obsidian_Prime_v2_run08G_qda_small_sample300_characterization_v1_tier_b_fallback_only_validation_is.htm,net_profit=-62.98;pf=0.24;expectancy=-7.87;trades=8;win_rate=37.5,"labelable=2366;feature_ready=2366;model_ok=2366;no_tier_labelable=203;max_dd=135.85;recovery=-0.46;fill=16;reject=0;skip=50442;subtypes={""B_core_only"":25,""B_macro_missing"":2126,""B_mixed_partial_context"":215}",completed,Tier B fallback-only standalone MT5 tester run.
run08G_qda_small_sample300_characterization_v1__mt5_routed_tier_a_used_validation_is,16_model_family_challenge__qda_class_covariance_scout,run08G_qda_small_sample300_characterization_v1,mt5_routed_tier_a_used_validation_is,run08G_qda_small_sample300_characterization_v1,mt5_routed_tier_a_used_validation_is,Tier A,routed_signal_execution_usage,runtime_probe,completed,inconclusive_routed_component_runtime_probe,C:/Users/awdse/AppData/Roaming/MetaQuotes/Terminal/D0E8209F77C8CF37AD8BF550E51FF075/MQL5/Experts/Project_Obsidian_Prime_v2/stages/16_model_family_challenge__qda_class_covariance_scout/02_runs/run08G_qda_small_sample300_characterization_v1/kpi_record.json,route_bars=9844;route_share=0.806224;signals=985;long=292;short=693;fills=558,profit_attribution=not_separable_from_single_routed_account_path;reject=0;skip=0;subtypes=NA,completed,Tier A primary used component from one routed MT5 tester run.
run08G_qda_small_sample300_characterization_v1__mt5_routed_tier_b_fallback_used_validation_is,16_model_family_challenge__qda_class_covariance_scout,run08G_qda_small_sample300_characterization_v1,mt5_routed_tier_b_fallback_used_validation_is,run08G_qda_small_sample300_characterization_v1,mt5_routed_tier_b_fallback_used_validation_is,Tier B,routed_signal_execution_usage,runtime_probe,completed,inconclusive_routed_component_runtime_probe,C:/Users/awdse/AppData/Roaming/MetaQuotes/Terminal/D0E8209F77C8CF37AD8BF550E51FF075/MQL5/Experts/Project_Obsidian_Prime_v2/stages/16_model_family_challenge__qda_class_covariance_scout/02_runs/run08G_qda_small_sample300_characterization_v1/kpi_record.json,route_bars=2366;route_share=0.193776;signals=10;long=1;short=9;fills=26,"profit_attribution=not_separable_from_single_routed_account_path;reject=0;skip=0;subtypes={""B_core_only"":25,""B_macro_missing"":2126,""B_mixed_partial_context"":215}",completed,Tier B partial-context fallback used component from one routed MT5 tester run.
run08G_qda_small_sample300_characterization_v1__mt5_routed_total_validation_is,16_model_family_challenge__qda_class_covariance_scout,run08G_qda_small_sample300_characterization_v1,mt5_routed_total_validation_is,run08G_qda_small_sample300_characterization_v1,mt5_routed_total_validation_is,Tier A+B,trading_risk_execution,runtime_probe,completed,inconclusive_routed_total_runtime_probe,C:/Users/awdse/AppData/Roaming/MetaQuotes/Terminal/D0E8209F77C8CF37AD8BF550E51FF075/MQL5/Experts/Project_Obsidian_Prime_v2/stages/16_model_family_challenge__qda_class_covariance_scout/02_runs/run08G_qda_small_sample300_characterization_v1/mt5/reports/Project_Obsidian_Prime_v2_run08G_qda_small_sample300_characterization_v1_routed_validation_is.htm,net_profit=79.23;pf=1.05;expectancy=0.22;trades=355;win_rate=48.73,a_used=9844;b_fallback=2366;no_tier_labelable=203;max_dd=383.63;recovery=0.21;fill=584;reject=0;skip=40598,completed,Actual routed total from one MT5 tester account path; not a synthetic sum.
run08G_qda_small_sample300_characterization_v1__mt5_tier_a_only_oos,16_model_family_challenge__qda_class_covariance_scout,run08G_qda_small_sample300_characterization_v1,mt5_tier_a_only_oos,run08G_qda_small_sample300_characterization_v1,mt5_tier_a_only_oos,Tier A,trading_risk_execution,runtime_probe,completed,inconclusive_tier_only_runtime_probe,C:/Users/awdse/AppData/Roaming/MetaQuotes/Terminal/D0E8209F77C8CF37AD8BF550E51FF075/MQL5/Experts/Project_Obsidian_Prime_v2/stages/16_model_family_challenge__qda_class_covariance_scout/02_runs/run08G_qda_small_sample300_characterization_v1/mt5/reports/Project_Obsidian_Prime_v2_run08G_qda_small_sample300_characterization_v1_tier_a_only_oos.htm,net_profit=38.56;pf=1.04;expectancy=0.17;trades=226;win_rate=46.9,labelable=7584;feature_ready=7584;model_ok=7584;no_tier_labelable=159;max_dd=205.8;recovery=0.19;fill=407;reject=0;skip=29753;subtypes=NA,completed,Tier A only standalone MT5 tester run.
run08G_qda_small_sample300_characterization_v1__mt5_tier_b_fallback_only_oos,16_model_family_challenge__qda_class_covariance_scout,run08G_qda_small_sample300_characterization_v1,mt5_tier_b_fallback_only_oos,run08G_qda_small_sample300_characterization_v1,mt5_tier_b_fallback_only_oos,Tier B,trading_risk_execution,runtime_probe,completed,inconclusive_tier_b_fallback_only_runtime_probe,C:/Users/awdse/AppData/Roaming/MetaQuotes/Terminal/D0E8209F77C8CF37AD8BF550E51FF075/MQL5/Experts/Project_Obsidian_Prime_v2/stages/16_model_family_challenge__qda_class_covariance_scout/02_runs/run08G_qda_small_sample300_characterization_v1/mt5/reports/Project_Obsidian_Prime_v2_run08G_qda_small_sample300_characterization_v1_tier_b_fallback_only_oos.htm,net_profit=-230.44;pf=0.5;expectancy=-11.52;trades=20;win_rate=50,"labelable=1062;feature_ready=1062;model_ok=1062;no_tier_labelable=159;max_dd=327.77;recovery=-0.7;fill=39;reject=0;skip=36275;subtypes={""B_core_only"":24,""B_full_context_outside_tier_a_scope"":1,""B_macro_missing"":809,""B_mixed_partial_context"":228}",completed,Tier B fallback-only standalone MT5 tester run.
run08G_qda_small_sample300_characterization_v1__mt5_routed_tier_a_used_oos,16_model_family_challenge__qda_class_covariance_scout,run08G_qda_small_sample300_characterization_v1,mt5_routed_tier_a_used_oos,run08G_qda_small_sample300_characterization_v1,mt5_routed_tier_a_used_oos,Tier A,routed_signal_execution_usage,runtime_probe,completed,inconclusive_routed_component_runtime_probe,C:/Users/awdse/AppData/Roaming/MetaQuotes/Terminal/D0E8209F77C8CF37AD8BF550E51FF075/MQL5/Experts/Project_Obsidian_Prime_v2/stages/16_model_family_challenge__qda_class_covariance_scout/02_runs/run08G_qda_small_sample300_characterization_v1/kpi_record.json,route_bars=7584;route_share=0.877169;signals=758;long=272;short=486;fills=415,profit_attribution=not_separable_from_single_routed_account_path;reject=0;skip=0;subtypes=NA,completed,Tier A primary used component from one routed MT5 tester run.
run08G_qda_small_sample300_characterization_v1__mt5_routed_tier_b_fallback_used_oos,16_model_family_challenge__qda_class_covariance_scout,run08G_qda_small_sample300_characterization_v1,mt5_routed_tier_b_fallback_used_oos,run08G_qda_small_sample300_characterization_v1,mt5_routed_tier_b_fallback_used_oos,Tier B,routed_signal_execution_usage,runtime_probe,completed,inconclusive_routed_component_runtime_probe,C:/Users/awdse/AppData/Roaming/MetaQuotes/Terminal/D0E8209F77C8CF37AD8BF550E51FF075/MQL5/Experts/Project_Obsidian_Prime_v2/stages/16_model_family_challenge__qda_class_covariance_scout/02_runs/run08G_qda_small_sample300_characterization_v1/kpi_record.json,route_bars=1062;route_share=0.122831;signals=99;long=0;short=99;fills=38,"profit_attribution=not_separable_from_single_routed_account_path;reject=0;skip=0;subtypes={""B_core_only"":24,""B_full_context_outside_tier_a_scope"":1,""B_macro_missing"":809,""B_mixed_partial_context"":228}",completed,Tier B partial-context fallback used component from one routed MT5 tester run.
run08G_qda_small_sample300_characterization_v1__mt5_routed_total_oos,16_model_family_challenge__qda_class_covariance_scout,run08G_qda_small_sample300_characterization_v1,mt5_routed_total_oos,run08G_qda_small_sample300_characterization_v1,mt5_routed_total_oos,Tier A+B,trading_risk_execution,runtime_probe,completed,inconclusive_routed_total_runtime_probe,C:/Users/awdse/AppData/Roaming/MetaQuotes/Terminal/D0E8209F77C8CF37AD8BF550E51FF075/MQL5/Experts/Project_Obsidian_Prime_v2/stages/16_model_family_challenge__qda_class_covariance_scout/02_runs/run08G_qda_small_sample300_characterization_v1/mt5/reports/Project_Obsidian_Prime_v2_run08G_qda_small_sample300_characterization_v1_routed_oos.htm,net_profit=221.89;pf=1.21;expectancy=0.88;trades=253;win_rate=49.41,a_used=7584;b_fallback=1062;no_tier_labelable=159;max_dd=100.17;recovery=2.22;fill=453;reject=0;skip=28691,completed,Actual routed total from one MT5 tester account path; not a synthetic sum.
run08H_qda_large_sample1200_characterization_v1__python_tier_a_separate,16_model_family_challenge__qda_class_covariance_scout,run08H_qda_large_sample1200_characterization_v1,python_tier_a_separate,run08H_qda_large_sample1200_characterization_v1,python_tier_a_separate,Tier A,signal_probability_threshold,structural_scout,completed,inconclusive_single_split_scout_payload,stages/16_model_family_challenge__qda_class_covariance_scout/02_runs/run08H_qda_large_sample1200_characterization_v1/predictions/tier_a_separate_predictions.parquet,rows=46650;signal_coverage=0.0715113;signal_count=3336;short=1596;long=1740,prob_sum_err=4.44089e-16;selected_threshold=validation_nonflat_q0.90;threshold_ids=q0.90;subtype_counts=NA,out_of_scope_by_claim,Tier A full-context primary view
run08H_qda_large_sample1200_characterization_v1__python_tier_b_separate,16_model_family_challenge__qda_class_covariance_scout,run08H_qda_large_sample1200_characterization_v1,python_tier_b_separate,run08H_qda_large_sample1200_characterization_v1,python_tier_b_separate,Tier B,signal_probability_threshold,structural_scout,completed,inconclusive_single_split_scout_payload,stages/16_model_family_challenge__qda_class_covariance_scout/02_runs/run08H_qda_large_sample1200_characterization_v1/predictions/tier_b_separate_predictions.parquet,rows=12398;signal_coverage=0.0291176;signal_count=361;short=168;long=193,"prob_sum_err=3.33067e-16;selected_threshold=validation_nonflat_q0.90;threshold_ids=q0.90;subtype_counts={""B_constituent_missing"":1,""B_core_only"":200,""B_full_context_outside_tier_a_scope"":217,""B_macro_missing"":10740,""B_mixed_partial_context"":1240}",out_of_scope_by_claim,Tier B partial-context fallback-only view
run08H_qda_large_sample1200_characterization_v1__python_tier_ab_combined,16_model_family_challenge__qda_class_covariance_scout,run08H_qda_large_sample1200_characterization_v1,python_tier_ab_combined,run08H_qda_large_sample1200_characterization_v1,python_tier_ab_combined,Tier A+B,signal_probability_threshold,structural_scout,completed,inconclusive_single_split_scout_payload,stages/16_model_family_challenge__qda_class_covariance_scout/02_runs/run08H_qda_large_sample1200_characterization_v1/predictions/tier_ab_combined_predictions.parquet,rows=59048;signal_coverage=0.0622544;signal_count=3676;short=1747;long=1929,"prob_sum_err=4.44089e-16;selected_threshold=validation_nonflat_q0.90;threshold_ids=q0.90;subtype_counts={""B_constituent_missing"":1,""B_core_only"":200,""B_full_context_outside_tier_a_scope"":217,""B_macro_missing"":10740,""B_mixed_partial_context"":1240,""Tier_A_full_context"":46650}",out_of_scope_by_claim,Tier A primary plus Tier B fallback routed Python view
run08H_qda_large_sample1200_characterization_v1__mt5_tier_a_only_validation_is,16_model_family_challenge__qda_class_covariance_scout,run08H_qda_large_sample1200_characterization_v1,mt5_tier_a_only_validation_is,run08H_qda_large_sample1200_characterization_v1,mt5_tier_a_only_validation_is,Tier A,trading_risk_execution,runtime_probe,completed,inconclusive_tier_only_runtime_probe,C:/Users/awdse/AppData/Roaming/MetaQuotes/Terminal/D0E8209F77C8CF37AD8BF550E51FF075/MQL5/Experts/Project_Obsidian_Prime_v2/stages/16_model_family_challenge__qda_class_covariance_scout/02_runs/run08H_qda_large_sample1200_characterization_v1/mt5/reports/Project_Obsidian_Prime_v2_run08H_qda_large_sample1200_characterization_v1_tier_a_only_validation_is.htm,net_profit=-237.51;pf=0.87;expectancy=-0.69;trades=343;win_rate=45.19,labelable=9844;feature_ready=9844;model_ok=9844;no_tier_labelable=203;max_dd=303.56;recovery=-0.78;fill=567;reject=0;skip=42964;subtypes=NA,completed,Tier A only standalone MT5 tester run.
run08H_qda_large_sample1200_characterization_v1__mt5_tier_b_fallback_only_validation_is,16_model_family_challenge__qda_class_covariance_scout,run08H_qda_large_sample1200_characterization_v1,mt5_tier_b_fallback_only_validation_is,run08H_qda_large_sample1200_characterization_v1,mt5_tier_b_fallback_only_validation_is,Tier B,trading_risk_execution,runtime_probe,completed,inconclusive_tier_b_fallback_only_runtime_probe,C:/Users/awdse/AppData/Roaming/MetaQuotes/Terminal/D0E8209F77C8CF37AD8BF550E51FF075/MQL5/Experts/Project_Obsidian_Prime_v2/stages/16_model_family_challenge__qda_class_covariance_scout/02_runs/run08H_qda_large_sample1200_characterization_v1/mt5/reports/Project_Obsidian_Prime_v2_run08H_qda_large_sample1200_characterization_v1_tier_b_fallback_only_validation_is.htm,net_profit=81.29;pf=1.87;expectancy=5.42;trades=15;win_rate=66.67,"labelable=2366;feature_ready=2366;model_ok=2366;no_tier_labelable=203;max_dd=109.99;recovery=0.74;fill=29;reject=0;skip=50442;subtypes={""B_core_only"":25,""B_macro_missing"":2126,""B_mixed_partial_context"":215}",completed,Tier B fallback-only standalone MT5 tester run.
run08H_qda_large_sample1200_characterization_v1__mt5_routed_tier_a_used_validation_is,16_model_family_challenge__qda_class_covariance_scout,run08H_qda_large_sample1200_characterization_v1,mt5_routed_tier_a_used_validation_is,run08H_qda_large_sample1200_characterization_v1,mt5_routed_tier_a_used_validation_is,Tier A,routed_signal_execution_usage,runtime_probe,completed,inconclusive_routed_component_runtime_probe,C:/Users/awdse/AppData/Roaming/MetaQuotes/Terminal/D0E8209F77C8CF37AD8BF550E51FF075/MQL5/Experts/Project_Obsidian_Prime_v2/stages/16_model_family_challenge__qda_class_covariance_scout/02_runs/run08H_qda_large_sample1200_characterization_v1/kpi_record.json,route_bars=9844;route_share=0.806224;signals=985;long=529;short=456;fills=552,profit_attribution=not_separable_from_single_routed_account_path;reject=0;skip=0;subtypes=NA,completed,Tier A primary used component from one routed MT5 tester run.
run08H_qda_large_sample1200_characterization_v1__mt5_routed_tier_b_fallback_used_validation_is,16_model_family_challenge__qda_class_covariance_scout,run08H_qda_large_sample1200_characterization_v1,mt5_routed_tier_b_fallback_used_validation_is,run08H_qda_large_sample1200_characterization_v1,mt5_routed_tier_b_fallback_used_validation_is,Tier B,routed_signal_execution_usage,runtime_probe,completed,inconclusive_routed_component_runtime_probe,C:/Users/awdse/AppData/Roaming/MetaQuotes/Terminal/D0E8209F77C8CF37AD8BF550E51FF075/MQL5/Experts/Project_Obsidian_Prime_v2/stages/16_model_family_challenge__qda_class_covariance_scout/02_runs/run08H_qda_large_sample1200_characterization_v1/kpi_record.json,route_bars=2366;route_share=0.193776;signals=20;long=10;short=10;fills=31,"profit_attribution=not_separable_from_single_routed_account_path;reject=0;skip=0;subtypes={""B_core_only"":25,""B_macro_missing"":2126,""B_mixed_partial_context"":215}",completed,Tier B partial-context fallback used component from one routed MT5 tester run.
run08H_qda_large_sample1200_characterization_v1__mt5_routed_total_validation_is,16_model_family_challenge__qda_class_covariance_scout,run08H_qda_large_sample1200_characterization_v1,mt5_routed_total_validation_is,run08H_qda_large_sample1200_characterization_v1,mt5_routed_total_validation_is,Tier A+B,trading_risk_execution,runtime_probe,completed,inconclusive_routed_total_runtime_probe,C:/Users/awdse/AppData/Roaming/MetaQuotes/Terminal/D0E8209F77C8CF37AD8BF550E51FF075/MQL5/Experts/Project_Obsidian_Prime_v2/stages/16_model_family_challenge__qda_class_covariance_scout/02_runs/run08H_qda_large_sample1200_characterization_v1/mt5/reports/Project_Obsidian_Prime_v2_run08H_qda_large_sample1200_characterization_v1_routed_validation_is.htm,net_profit=-156.72;pf=0.91;expectancy=-0.45;trades=350;win_rate=45.71,a_used=9844;b_fallback=2366;no_tier_labelable=203;max_dd=288.68;recovery=-0.54;fill=583;reject=0;skip=40598,completed,Actual routed total from one MT5 tester account path; not a synthetic sum.
run08H_qda_large_sample1200_characterization_v1__mt5_tier_a_only_oos,16_model_family_challenge__qda_class_covariance_scout,run08H_qda_large_sample1200_characterization_v1,mt5_tier_a_only_oos,run08H_qda_large_sample1200_characterization_v1,mt5_tier_a_only_oos,Tier A,trading_risk_execution,runtime_probe,completed,inconclusive_tier_only_runtime_probe,C:/Users/awdse/AppData/Roaming/MetaQuotes/Terminal/D0E8209F77C8CF37AD8BF550E51FF075/MQL5/Experts/Project_Obsidian_Prime_v2/stages/16_model_family_challenge__qda_class_covariance_scout/02_runs/run08H_qda_large_sample1200_characterization_v1/mt5/reports/Project_Obsidian_Prime_v2_run08H_qda_large_sample1200_characterization_v1_tier_a_only_oos.htm,net_profit=8.22;pf=1.01;expectancy=0.04;trades=232;win_rate=46.12,labelable=7584;feature_ready=7584;model_ok=7584;no_tier_labelable=159;max_dd=208.45;recovery=0.04;fill=405;reject=0;skip=29753;subtypes=NA,completed,Tier A only standalone MT5 tester run.
run08H_qda_large_sample1200_characterization_v1__mt5_tier_b_fallback_only_oos,16_model_family_challenge__qda_class_covariance_scout,run08H_qda_large_sample1200_characterization_v1,mt5_tier_b_fallback_only_oos,run08H_qda_large_sample1200_characterization_v1,mt5_tier_b_fallback_only_oos,Tier B,trading_risk_execution,runtime_probe,completed,inconclusive_tier_b_fallback_only_runtime_probe,C:/Users/awdse/AppData/Roaming/MetaQuotes/Terminal/D0E8209F77C8CF37AD8BF550E51FF075/MQL5/Experts/Project_Obsidian_Prime_v2/stages/16_model_family_challenge__qda_class_covariance_scout/02_runs/run08H_qda_large_sample1200_characterization_v1/mt5/reports/Project_Obsidian_Prime_v2_run08H_qda_large_sample1200_characterization_v1_tier_b_fallback_only_oos.htm,net_profit=-199.61;pf=0.56;expectancy=-10.51;trades=19;win_rate=31.58,"labelable=1062;feature_ready=1062;model_ok=1062;no_tier_labelable=159;max_dd=418.42;recovery=-0.48;fill=36;reject=0;skip=36275;subtypes={""B_core_only"":24,""B_full_context_outside_tier_a_scope"":1,""B_macro_missing"":809,""B_mixed_partial_context"":228}",completed,Tier B fallback-only standalone MT5 tester run.
run08H_qda_large_sample1200_characterization_v1__mt5_routed_tier_a_used_oos,16_model_family_challenge__qda_class_covariance_scout,run08H_qda_large_sample1200_characterization_v1,mt5_routed_tier_a_used_oos,run08H_qda_large_sample1200_characterization_v1,mt5_routed_tier_a_used_oos,Tier A,routed_signal_execution_usage,runtime_probe,completed,inconclusive_routed_component_runtime_probe,C:/Users/awdse/AppData/Roaming/MetaQuotes/Terminal/D0E8209F77C8CF37AD8BF550E51FF075/MQL5/Experts/Project_Obsidian_Prime_v2/stages/16_model_family_challenge__qda_class_covariance_scout/02_runs/run08H_qda_large_sample1200_characterization_v1/kpi_record.json,route_bars=7584;route_share=0.877169;signals=708;long=335;short=373;fills=404,profit_attribution=not_separable_from_single_routed_account_path;reject=0;skip=0;subtypes=NA,completed,Tier A primary used component from one routed MT5 tester run.
run08H_qda_large_sample1200_characterization_v1__mt5_routed_tier_b_fallback_used_oos,16_model_family_challenge__qda_class_covariance_scout,run08H_qda_large_sample1200_characterization_v1,mt5_routed_tier_b_fallback_used_oos,run08H_qda_large_sample1200_characterization_v1,mt5_routed_tier_b_fallback_used_oos,Tier B,routed_signal_execution_usage,runtime_probe,completed,inconclusive_routed_component_runtime_probe,C:/Users/awdse/AppData/Roaming/MetaQuotes/Terminal/D0E8209F77C8CF37AD8BF550E51FF075/MQL5/Experts/Project_Obsidian_Prime_v2/stages/16_model_family_challenge__qda_class_covariance_scout/02_runs/run08H_qda_large_sample1200_characterization_v1/kpi_record.json,route_bars=1062;route_share=0.122831;signals=59;long=19;short=40;fills=27,"profit_attribution=not_separable_from_single_routed_account_path;reject=0;skip=0;subtypes={""B_core_only"":24,""B_full_context_outside_tier_a_scope"":1,""B_macro_missing"":809,""B_mixed_partial_context"":228}",completed,Tier B partial-context fallback used component from one routed MT5 tester run.
run08H_qda_large_sample1200_characterization_v1__mt5_routed_total_oos,16_model_family_challenge__qda_class_covariance_scout,run08H_qda_large_sample1200_characterization_v1,mt5_routed_total_oos,run08H_qda_large_sample1200_characterization_v1,mt5_routed_total_oos,Tier A+B,trading_risk_execution,runtime_probe,completed,inconclusive_routed_total_runtime_probe,C:/Users/awdse/AppData/Roaming/MetaQuotes/Terminal/D0E8209F77C8CF37AD8BF550E51FF075/MQL5/Experts/Project_Obsidian_Prime_v2/stages/16_model_family_challenge__qda_class_covariance_scout/02_runs/run08H_qda_large_sample1200_characterization_v1/mt5/reports/Project_Obsidian_Prime_v2_run08H_qda_large_sample1200_characterization_v1_routed_oos.htm,net_profit=86.67;pf=1.08;expectancy=0.35;trades=245;win_rate=48.57,a_used=7584;b_fallback=1062;no_tier_labelable=159;max_dd=155.89;recovery=0.56;fill=431;reject=0;skip=28691,completed,Actual routed total from one MT5 tester account path; not a synthetic sum.
run08I_qda_core42_feature_geometry_characterization_v1__python_tier_a_separate,16_model_family_challenge__qda_class_covariance_scout,run08I_qda_core42_feature_geometry_characterization_v1,python_tier_a_separate,run08I_qda_core42_feature_geometry_characterization_v1,python_tier_a_separate,Tier A,signal_probability_threshold,structural_scout,completed,inconclusive_single_split_scout_payload,stages/16_model_family_challenge__qda_class_covariance_scout/02_runs/run08I_qda_core42_feature_geometry_characterization_v1/predictions/tier_a_separate_predictions.parquet,rows=46650;signal_coverage=0.0773205;signal_count=3607;short=1808;long=1799,prob_sum_err=3.33067e-16;selected_threshold=validation_nonflat_q0.90;threshold_ids=q0.90;subtype_counts=NA,out_of_scope_by_claim,Tier A full-context primary view
run08I_qda_core42_feature_geometry_characterization_v1__python_tier_b_separate,16_model_family_challenge__qda_class_covariance_scout,run08I_qda_core42_feature_geometry_characterization_v1,python_tier_b_separate,run08I_qda_core42_feature_geometry_characterization_v1,python_tier_b_separate,Tier B,signal_probability_threshold,structural_scout,completed,inconclusive_single_split_scout_payload,stages/16_model_family_challenge__qda_class_covariance_scout/02_runs/run08I_qda_core42_feature_geometry_characterization_v1/predictions/tier_b_separate_predictions.parquet,rows=12398;signal_coverage=0.0243588;signal_count=302;short=139;long=163,"prob_sum_err=3.33067e-16;selected_threshold=validation_nonflat_q0.90;threshold_ids=q0.90;subtype_counts={""B_constituent_missing"":1,""B_core_only"":200,""B_full_context_outside_tier_a_scope"":217,""B_macro_missing"":10740,""B_mixed_partial_context"":1240}",out_of_scope_by_claim,Tier B partial-context fallback-only view
run08I_qda_core42_feature_geometry_characterization_v1__python_tier_ab_combined,16_model_family_challenge__qda_class_covariance_scout,run08I_qda_core42_feature_geometry_characterization_v1,python_tier_ab_combined,run08I_qda_core42_feature_geometry_characterization_v1,python_tier_ab_combined,Tier A+B,signal_probability_threshold,structural_scout,completed,inconclusive_single_split_scout_payload,stages/16_model_family_challenge__qda_class_covariance_scout/02_runs/run08I_qda_core42_feature_geometry_characterization_v1/predictions/tier_ab_combined_predictions.parquet,rows=59048;signal_coverage=0.0652012;signal_count=3850;short=1924;long=1926,"prob_sum_err=3.33067e-16;selected_threshold=validation_nonflat_q0.90;threshold_ids=q0.90;subtype_counts={""B_constituent_missing"":1,""B_core_only"":200,""B_full_context_outside_tier_a_scope"":217,""B_macro_missing"":10740,""B_mixed_partial_context"":1240,""Tier_A_full_context"":46650}",out_of_scope_by_claim,Tier A primary plus Tier B fallback routed Python view
run08I_qda_core42_feature_geometry_characterization_v1__mt5_tier_a_only_validation_is,16_model_family_challenge__qda_class_covariance_scout,run08I_qda_core42_feature_geometry_characterization_v1,mt5_tier_a_only_validation_is,run08I_qda_core42_feature_geometry_characterization_v1,mt5_tier_a_only_validation_is,Tier A,trading_risk_execution,runtime_probe,completed,inconclusive_tier_only_runtime_probe,C:/Users/awdse/AppData/Roaming/MetaQuotes/Terminal/D0E8209F77C8CF37AD8BF550E51FF075/MQL5/Experts/Project_Obsidian_Prime_v2/stages/16_model_family_challenge__qda_class_covariance_scout/02_runs/run08I_qda_core42_feature_geometry_characterization_v1/mt5/reports/Project_Obsidian_Prime_v2_run08I_qda_core42_feature_geometry_characterization_v1_tier_a_only_validation_is.htm,net_profit=-88.05;pf=0.93;expectancy=-0.39;trades=228;win_rate=50,labelable=9844;feature_ready=9844;model_ok=9844;no_tier_labelable=203;max_dd=337.66;recovery=-0.26;fill=396;reject=0;skip=42964;subtypes=NA,completed,Tier A only standalone MT5 tester run.
run08I_qda_core42_feature_geometry_characterization_v1__mt5_tier_b_fallback_only_validation_is,16_model_family_challenge__qda_class_covariance_scout,run08I_qda_core42_feature_geometry_characterization_v1,mt5_tier_b_fallback_only_validation_is,run08I_qda_core42_feature_geometry_characterization_v1,mt5_tier_b_fallback_only_validation_is,Tier B,trading_risk_execution,runtime_probe,completed,inconclusive_tier_b_fallback_only_runtime_probe,C:/Users/awdse/AppData/Roaming/MetaQuotes/Terminal/D0E8209F77C8CF37AD8BF550E51FF075/MQL5/Experts/Project_Obsidian_Prime_v2/stages/16_model_family_challenge__qda_class_covariance_scout/02_runs/run08I_qda_core42_feature_geometry_characterization_v1/mt5/reports/Project_Obsidian_Prime_v2_run08I_qda_core42_feature_geometry_characterization_v1_tier_b_fallback_only_validation_is.htm,net_profit=8.6;pf=1.17;expectancy=0.86;trades=10;win_rate=40,"labelable=2366;feature_ready=2366;model_ok=2366;no_tier_labelable=203;max_dd=61.87;recovery=0.14;fill=18;reject=0;skip=50442;subtypes={""B_core_only"":25,""B_macro_missing"":2126,""B_mixed_partial_context"":215}",completed,Tier B fallback-only standalone MT5 tester run.
run08I_qda_core42_feature_geometry_characterization_v1__mt5_routed_tier_a_used_validation_is,16_model_family_challenge__qda_class_covariance_scout,run08I_qda_core42_feature_geometry_characterization_v1,mt5_routed_tier_a_used_validation_is,run08I_qda_core42_feature_geometry_characterization_v1,mt5_routed_tier_a_used_validation_is,Tier A,routed_signal_execution_usage,runtime_probe,completed,inconclusive_routed_component_runtime_probe,C:/Users/awdse/AppData/Roaming/MetaQuotes/Terminal/D0E8209F77C8CF37AD8BF550E51FF075/MQL5/Experts/Project_Obsidian_Prime_v2/stages/16_model_family_challenge__qda_class_covariance_scout/02_runs/run08I_qda_core42_feature_geometry_characterization_v1/kpi_record.json,route_bars=9844;route_share=0.806224;signals=985;long=418;short=567;fills=393,profit_attribution=not_separable_from_single_routed_account_path;reject=0;skip=0;subtypes=NA,completed,Tier A primary used component from one routed MT5 tester run.
run08I_qda_core42_feature_geometry_characterization_v1__mt5_routed_tier_b_fallback_used_validation_is,16_model_family_challenge__qda_class_covariance_scout,run08I_qda_core42_feature_geometry_characterization_v1,mt5_routed_tier_b_fallback_used_validation_is,run08I_qda_core42_feature_geometry_characterization_v1,mt5_routed_tier_b_fallback_used_validation_is,Tier B,routed_signal_execution_usage,runtime_probe,completed,inconclusive_routed_component_runtime_probe,C:/Users/awdse/AppData/Roaming/MetaQuotes/Terminal/D0E8209F77C8CF37AD8BF550E51FF075/MQL5/Experts/Project_Obsidian_Prime_v2/stages/16_model_family_challenge__qda_class_covariance_scout/02_runs/run08I_qda_core42_feature_geometry_characterization_v1/kpi_record.json,route_bars=2366;route_share=0.193776;signals=13;long=10;short=3;fills=16,"profit_attribution=not_separable_from_single_routed_account_path;reject=0;skip=0;subtypes={""B_core_only"":25,""B_macro_missing"":2126,""B_mixed_partial_context"":215}",completed,Tier B partial-context fallback used component from one routed MT5 tester run.
run08I_qda_core42_feature_geometry_characterization_v1__mt5_routed_total_validation_is,16_model_family_challenge__qda_class_covariance_scout,run08I_qda_core42_feature_geometry_characterization_v1,mt5_routed_total_validation_is,run08I_qda_core42_feature_geometry_characterization_v1,mt5_routed_total_validation_is,Tier A+B,trading_risk_execution,runtime_probe,completed,inconclusive_routed_total_runtime_probe,C:/Users/awdse/AppData/Roaming/MetaQuotes/Terminal/D0E8209F77C8CF37AD8BF550E51FF075/MQL5/Experts/Project_Obsidian_Prime_v2/stages/16_model_family_challenge__qda_class_covariance_scout/02_runs/run08I_qda_core42_feature_geometry_characterization_v1/mt5/reports/Project_Obsidian_Prime_v2_run08I_qda_core42_feature_geometry_characterization_v1_routed_validation_is.htm,net_profit=-130.08;pf=0.91;expectancy=-0.55;trades=236;win_rate=50,a_used=9844;b_fallback=2366;no_tier_labelable=203;max_dd=378.91;recovery=-0.34;fill=409;reject=0;skip=40598,completed,Actual routed total from one MT5 tester account path; not a synthetic sum.
run08I_qda_core42_feature_geometry_characterization_v1__mt5_tier_a_only_oos,16_model_family_challenge__qda_class_covariance_scout,run08I_qda_core42_feature_geometry_characterization_v1,mt5_tier_a_only_oos,run08I_qda_core42_feature_geometry_characterization_v1,mt5_tier_a_only_oos,Tier A,trading_risk_execution,runtime_probe,completed,inconclusive_tier_only_runtime_probe,C:/Users/awdse/AppData/Roaming/MetaQuotes/Terminal/D0E8209F77C8CF37AD8BF550E51FF075/MQL5/Experts/Project_Obsidian_Prime_v2/stages/16_model_family_challenge__qda_class_covariance_scout/02_runs/run08I_qda_core42_feature_geometry_characterization_v1/mt5/reports/Project_Obsidian_Prime_v2_run08I_qda_core42_feature_geometry_characterization_v1_tier_a_only_oos.htm,net_profit=-119.59;pf=0.88;expectancy=-0.73;trades=164;win_rate=48.78,labelable=7584;feature_ready=7584;model_ok=7584;no_tier_labelable=159;max_dd=236.54;recovery=-0.51;fill=306;reject=0;skip=29753;subtypes=NA,completed,Tier A only standalone MT5 tester run.
run08I_qda_core42_feature_geometry_characterization_v1__mt5_tier_b_fallback_only_oos,16_model_family_challenge__qda_class_covariance_scout,run08I_qda_core42_feature_geometry_characterization_v1,mt5_tier_b_fallback_only_oos,run08I_qda_core42_feature_geometry_characterization_v1,mt5_tier_b_fallback_only_oos,Tier B,trading_risk_execution,runtime_probe,completed,inconclusive_tier_b_fallback_only_runtime_probe,C:/Users/awdse/AppData/Roaming/MetaQuotes/Terminal/D0E8209F77C8CF37AD8BF550E51FF075/MQL5/Experts/Project_Obsidian_Prime_v2/stages/16_model_family_challenge__qda_class_covariance_scout/02_runs/run08I_qda_core42_feature_geometry_characterization_v1/mt5/reports/Project_Obsidian_Prime_v2_run08I_qda_core42_feature_geometry_characterization_v1_tier_b_fallback_only_oos.htm,net_profit=-76.74;pf=0.78;expectancy=-4.04;trades=19;win_rate=42.11,"labelable=1062;feature_ready=1062;model_ok=1062;no_tier_labelable=159;max_dd=279.79;recovery=-0.27;fill=33;reject=0;skip=36275;subtypes={""B_core_only"":24,""B_full_context_outside_tier_a_scope"":1,""B_macro_missing"":809,""B_mixed_partial_context"":228}",completed,Tier B fallback-only standalone MT5 tester run.
run08I_qda_core42_feature_geometry_characterization_v1__mt5_routed_tier_a_used_oos,16_model_family_challenge__qda_class_covariance_scout,run08I_qda_core42_feature_geometry_characterization_v1,mt5_routed_tier_a_used_oos,run08I_qda_core42_feature_geometry_characterization_v1,mt5_routed_tier_a_used_oos,Tier A,routed_signal_execution_usage,runtime_probe,completed,inconclusive_routed_component_runtime_probe,C:/Users/awdse/AppData/Roaming/MetaQuotes/Terminal/D0E8209F77C8CF37AD8BF550E51FF075/MQL5/Experts/Project_Obsidian_Prime_v2/stages/16_model_family_challenge__qda_class_covariance_scout/02_runs/run08I_qda_core42_feature_geometry_characterization_v1/kpi_record.json,route_bars=7584;route_share=0.877169;signals=639;long=169;short=470;fills=304,profit_attribution=not_separable_from_single_routed_account_path;reject=0;skip=0;subtypes=NA,completed,Tier A primary used component from one routed MT5 tester run.
run08I_qda_core42_feature_geometry_characterization_v1__mt5_routed_tier_b_fallback_used_oos,16_model_family_challenge__qda_class_covariance_scout,run08I_qda_core42_feature_geometry_characterization_v1,mt5_routed_tier_b_fallback_used_oos,run08I_qda_core42_feature_geometry_characterization_v1,mt5_routed_tier_b_fallback_used_oos,Tier B,routed_signal_execution_usage,runtime_probe,completed,inconclusive_routed_component_runtime_probe,C:/Users/awdse/AppData/Roaming/MetaQuotes/Terminal/D0E8209F77C8CF37AD8BF550E51FF075/MQL5/Experts/Project_Obsidian_Prime_v2/stages/16_model_family_challenge__qda_class_covariance_scout/02_runs/run08I_qda_core42_feature_geometry_characterization_v1/kpi_record.json,route_bars=1062;route_share=0.122831;signals=48;long=28;short=20;fills=32,"profit_attribution=not_separable_from_single_routed_account_path;reject=0;skip=0;subtypes={""B_core_only"":24,""B_full_context_outside_tier_a_scope"":1,""B_macro_missing"":809,""B_mixed_partial_context"":228}",completed,Tier B partial-context fallback used component from one routed MT5 tester run.
run08I_qda_core42_feature_geometry_characterization_v1__mt5_routed_total_oos,16_model_family_challenge__qda_class_covariance_scout,run08I_qda_core42_feature_geometry_characterization_v1,mt5_routed_total_oos,run08I_qda_core42_feature_geometry_characterization_v1,mt5_routed_total_oos,Tier A+B,trading_risk_execution,runtime_probe,completed,inconclusive_routed_total_runtime_probe,C:/Users/awdse/AppData/Roaming/MetaQuotes/Terminal/D0E8209F77C8CF37AD8BF550E51FF075/MQL5/Experts/Project_Obsidian_Prime_v2/stages/16_model_family_challenge__qda_class_covariance_scout/02_runs/run08I_qda_core42_feature_geometry_characterization_v1/mt5/reports/Project_Obsidian_Prime_v2_run08I_qda_core42_feature_geometry_characterization_v1_routed_oos.htm,net_profit=-185.42;pf=0.82;expectancy=-1.01;trades=183;win_rate=48.63,a_used=7584;b_fallback=1062;no_tier_labelable=159;max_dd=280.12;recovery=-0.66;fill=336;reject=0;skip=28691,completed,Actual routed total from one MT5 tester account path; not a synthetic sum.
run08J_qda_external16_feature_geometry_characterization_v1__python_tier_a_separate,16_model_family_challenge__qda_class_covariance_scout,run08J_qda_external16_feature_geometry_characterization_v1,python_tier_a_separate,run08J_qda_external16_feature_geometry_characterization_v1,python_tier_a_separate,Tier A,signal_probability_threshold,structural_scout,completed,inconclusive_single_split_scout_payload,stages/16_model_family_challenge__qda_class_covariance_scout/02_runs/run08J_qda_external16_feature_geometry_characterization_v1/predictions/tier_a_separate_predictions.parquet,rows=46650;signal_coverage=0.0837728;signal_count=3908;short=2687;long=1221,prob_sum_err=4.44089e-16;selected_threshold=validation_nonflat_q0.90;threshold_ids=q0.90;subtype_counts=NA,out_of_scope_by_claim,Tier A full-context primary view
run08J_qda_external16_feature_geometry_characterization_v1__python_tier_b_separate,16_model_family_challenge__qda_class_covariance_scout,run08J_qda_external16_feature_geometry_characterization_v1,python_tier_b_separate,run08J_qda_external16_feature_geometry_characterization_v1,python_tier_b_separate,Tier B,signal_probability_threshold,structural_scout,completed,inconclusive_single_split_scout_payload,stages/16_model_family_challenge__qda_class_covariance_scout/02_runs/run08J_qda_external16_feature_geometry_characterization_v1/predictions/tier_b_separate_predictions.parquet,rows=12398;signal_coverage=0.0330698;signal_count=410;short=115;long=295,"prob_sum_err=2.22045e-16;selected_threshold=validation_nonflat_q0.90;threshold_ids=q0.90;subtype_counts={""B_constituent_missing"":1,""B_core_only"":200,""B_full_context_outside_tier_a_scope"":217,""B_macro_missing"":10740,""B_mixed_partial_context"":1240}",out_of_scope_by_claim,Tier B partial-context fallback-only view
run08J_qda_external16_feature_geometry_characterization_v1__python_tier_ab_combined,16_model_family_challenge__qda_class_covariance_scout,run08J_qda_external16_feature_geometry_characterization_v1,python_tier_ab_combined,run08J_qda_external16_feature_geometry_characterization_v1,python_tier_ab_combined,Tier A+B,signal_probability_threshold,structural_scout,completed,inconclusive_single_split_scout_payload,stages/16_model_family_challenge__qda_class_covariance_scout/02_runs/run08J_qda_external16_feature_geometry_characterization_v1/predictions/tier_ab_combined_predictions.parquet,rows=59048;signal_coverage=0.0862688;signal_count=5094;short=3268;long=1826,"prob_sum_err=4.44089e-16;selected_threshold=validation_nonflat_q0.90;threshold_ids=q0.90;subtype_counts={""B_constituent_missing"":1,""B_core_only"":200,""B_full_context_outside_tier_a_scope"":217,""B_macro_missing"":10740,""B_mixed_partial_context"":1240,""Tier_A_full_context"":46650}",out_of_scope_by_claim,Tier A primary plus Tier B fallback routed Python view
run08J_qda_external16_feature_geometry_characterization_v1__mt5_tier_a_only_validation_is,16_model_family_challenge__qda_class_covariance_scout,run08J_qda_external16_feature_geometry_characterization_v1,mt5_tier_a_only_validation_is,run08J_qda_external16_feature_geometry_characterization_v1,mt5_tier_a_only_validation_is,Tier A,trading_risk_execution,runtime_probe,completed,inconclusive_tier_only_runtime_probe,C:/Users/awdse/AppData/Roaming/MetaQuotes/Terminal/D0E8209F77C8CF37AD8BF550E51FF075/MQL5/Experts/Project_Obsidian_Prime_v2/stages/16_model_family_challenge__qda_class_covariance_scout/02_runs/run08J_qda_external16_feature_geometry_characterization_v1/mt5/reports/Project_Obsidian_Prime_v2_run08J_qda_external16_feature_geometry_characterization_v1_tier_a_only_validation_is.htm,net_profit=-67.77;pf=0.97;expectancy=-0.14;trades=493;win_rate=50.51,labelable=9844;feature_ready=9844;model_ok=9844;no_tier_labelable=203;max_dd=224.65;recovery=-0.3;fill=752;reject=0;skip=42964;subtypes=NA,completed,Tier A only standalone MT5 tester run.
run08J_qda_external16_feature_geometry_characterization_v1__mt5_tier_b_fallback_only_validation_is,16_model_family_challenge__qda_class_covariance_scout,run08J_qda_external16_feature_geometry_characterization_v1,mt5_tier_b_fallback_only_validation_is,run08J_qda_external16_feature_geometry_characterization_v1,mt5_tier_b_fallback_only_validation_is,Tier B,trading_risk_execution,runtime_probe,completed,inconclusive_tier_b_fallback_only_runtime_probe,C:/Users/awdse/AppData/Roaming/MetaQuotes/Terminal/D0E8209F77C8CF37AD8BF550E51FF075/MQL5/Experts/Project_Obsidian_Prime_v2/stages/16_model_family_challenge__qda_class_covariance_scout/02_runs/run08J_qda_external16_feature_geometry_characterization_v1/mt5/reports/Project_Obsidian_Prime_v2_run08J_qda_external16_feature_geometry_characterization_v1_tier_b_fallback_only_validation_is.htm,net_profit=76.22;pf=1.72;expectancy=3.81;trades=20;win_rate=70,"labelable=2366;feature_ready=2366;model_ok=2366;no_tier_labelable=203;max_dd=99.61;recovery=0.77;fill=37;reject=0;skip=50442;subtypes={""B_core_only"":25,""B_macro_missing"":2126,""B_mixed_partial_context"":215}",completed,Tier B fallback-only standalone MT5 tester run.
run08J_qda_external16_feature_geometry_characterization_v1__mt5_routed_tier_a_used_validation_is,16_model_family_challenge__qda_class_covariance_scout,run08J_qda_external16_feature_geometry_characterization_v1,mt5_routed_tier_a_used_validation_is,run08J_qda_external16_feature_geometry_characterization_v1,mt5_routed_tier_a_used_validation_is,Tier A,routed_signal_execution_usage,runtime_probe,completed,inconclusive_routed_component_runtime_probe,C:/Users/awdse/AppData/Roaming/MetaQuotes/Terminal/D0E8209F77C8CF37AD8BF550E51FF075/MQL5/Experts/Project_Obsidian_Prime_v2/stages/16_model_family_challenge__qda_class_covariance_scout/02_runs/run08J_qda_external16_feature_geometry_characterization_v1/kpi_record.json,route_bars=9844;route_share=0.806224;signals=985;long=292;short=693;fills=731,profit_attribution=not_separable_from_single_routed_account_path;reject=0;skip=0;subtypes=NA,completed,Tier A primary used component from one routed MT5 tester run.
run08J_qda_external16_feature_geometry_characterization_v1__mt5_routed_tier_b_fallback_used_validation_is,16_model_family_challenge__qda_class_covariance_scout,run08J_qda_external16_feature_geometry_characterization_v1,mt5_routed_tier_b_fallback_used_validation_is,run08J_qda_external16_feature_geometry_characterization_v1,mt5_routed_tier_b_fallback_used_validation_is,Tier B,routed_signal_execution_usage,runtime_probe,completed,inconclusive_routed_component_runtime_probe,C:/Users/awdse/AppData/Roaming/MetaQuotes/Terminal/D0E8209F77C8CF37AD8BF550E51FF075/MQL5/Experts/Project_Obsidian_Prime_v2/stages/16_model_family_challenge__qda_class_covariance_scout/02_runs/run08J_qda_external16_feature_geometry_characterization_v1/kpi_record.json,route_bars=2366;route_share=0.193776;signals=38;long=24;short=14;fills=55,"profit_attribution=not_separable_from_single_routed_account_path;reject=0;skip=0;subtypes={""B_core_only"":25,""B_macro_missing"":2126,""B_mixed_partial_context"":215}",completed,Tier B partial-context fallback used component from one routed MT5 tester run.
run08J_qda_external16_feature_geometry_characterization_v1__mt5_routed_total_validation_is,16_model_family_challenge__qda_class_covariance_scout,run08J_qda_external16_feature_geometry_characterization_v1,mt5_routed_total_validation_is,run08J_qda_external16_feature_geometry_characterization_v1,mt5_routed_total_validation_is,Tier A+B,trading_risk_execution,runtime_probe,completed,inconclusive_routed_total_runtime_probe,C:/Users/awdse/AppData/Roaming/MetaQuotes/Terminal/D0E8209F77C8CF37AD8BF550E51FF075/MQL5/Experts/Project_Obsidian_Prime_v2/stages/16_model_family_challenge__qda_class_covariance_scout/02_runs/run08J_qda_external16_feature_geometry_characterization_v1/mt5/reports/Project_Obsidian_Prime_v2_run08J_qda_external16_feature_geometry_characterization_v1_routed_validation_is.htm,net_profit=-41.31;pf=0.98;expectancy=-0.08;trades=509;win_rate=49.9,a_used=9844;b_fallback=2366;no_tier_labelable=203;max_dd=234.99;recovery=-0.18;fill=786;reject=0;skip=40598,completed,Actual routed total from one MT5 tester account path; not a synthetic sum.
run08J_qda_external16_feature_geometry_characterization_v1__mt5_tier_a_only_oos,16_model_family_challenge__qda_class_covariance_scout,run08J_qda_external16_feature_geometry_characterization_v1,mt5_tier_a_only_oos,run08J_qda_external16_feature_geometry_characterization_v1,mt5_tier_a_only_oos,Tier A,trading_risk_execution,runtime_probe,completed,inconclusive_tier_only_runtime_probe,C:/Users/awdse/AppData/Roaming/MetaQuotes/Terminal/D0E8209F77C8CF37AD8BF550E51FF075/MQL5/Experts/Project_Obsidian_Prime_v2/stages/16_model_family_challenge__qda_class_covariance_scout/02_runs/run08J_qda_external16_feature_geometry_characterization_v1/mt5/reports/Project_Obsidian_Prime_v2_run08J_qda_external16_feature_geometry_characterization_v1_tier_a_only_oos.htm,net_profit=-77.43;pf=0.94;expectancy=-0.25;trades=312;win_rate=49.36,labelable=7584;feature_ready=7584;model_ok=7584;no_tier_labelable=159;max_dd=257.14;recovery=-0.3;fill=479;reject=0;skip=29753;subtypes=NA,completed,Tier A only standalone MT5 tester run.
run08J_qda_external16_feature_geometry_characterization_v1__mt5_tier_b_fallback_only_oos,16_model_family_challenge__qda_class_covariance_scout,run08J_qda_external16_feature_geometry_characterization_v1,mt5_tier_b_fallback_only_oos,run08J_qda_external16_feature_geometry_characterization_v1,mt5_tier_b_fallback_only_oos,Tier B,trading_risk_execution,runtime_probe,completed,inconclusive_tier_b_fallback_only_runtime_probe,C:/Users/awdse/AppData/Roaming/MetaQuotes/Terminal/D0E8209F77C8CF37AD8BF550E51FF075/MQL5/Experts/Project_Obsidian_Prime_v2/stages/16_model_family_challenge__qda_class_covariance_scout/02_runs/run08J_qda_external16_feature_geometry_characterization_v1/mt5/reports/Project_Obsidian_Prime_v2_run08J_qda_external16_feature_geometry_characterization_v1_tier_b_fallback_only_oos.htm,net_profit=28.05;pf=1.07;expectancy=1.17;trades=24;win_rate=45.83,"labelable=1062;feature_ready=1062;model_ok=1062;no_tier_labelable=159;max_dd=199.89;recovery=0.14;fill=43;reject=0;skip=36275;subtypes={""B_core_only"":24,""B_full_context_outside_tier_a_scope"":1,""B_macro_missing"":809,""B_mixed_partial_context"":228}",completed,Tier B fallback-only standalone MT5 tester run.
run08J_qda_external16_feature_geometry_characterization_v1__mt5_routed_tier_a_used_oos,16_model_family_challenge__qda_class_covariance_scout,run08J_qda_external16_feature_geometry_characterization_v1,mt5_routed_tier_a_used_oos,run08J_qda_external16_feature_geometry_characterization_v1,mt5_routed_tier_a_used_oos,Tier A,routed_signal_execution_usage,runtime_probe,completed,inconclusive_routed_component_runtime_probe,C:/Users/awdse/AppData/Roaming/MetaQuotes/Terminal/D0E8209F77C8CF37AD8BF550E51FF075/MQL5/Experts/Project_Obsidian_Prime_v2/stages/16_model_family_challenge__qda_class_covariance_scout/02_runs/run08J_qda_external16_feature_geometry_characterization_v1/kpi_record.json,route_bars=7584;route_share=0.877169;signals=559;long=196;short=363;fills=485,profit_attribution=not_separable_from_single_routed_account_path;reject=0;skip=0;subtypes=NA,completed,Tier A primary used component from one routed MT5 tester run.
run08J_qda_external16_feature_geometry_characterization_v1__mt5_routed_tier_b_fallback_used_oos,16_model_family_challenge__qda_class_covariance_scout,run08J_qda_external16_feature_geometry_characterization_v1,mt5_routed_tier_b_fallback_used_oos,run08J_qda_external16_feature_geometry_characterization_v1,mt5_routed_tier_b_fallback_used_oos,Tier B,routed_signal_execution_usage,runtime_probe,completed,inconclusive_routed_component_runtime_probe,C:/Users/awdse/AppData/Roaming/MetaQuotes/Terminal/D0E8209F77C8CF37AD8BF550E51FF075/MQL5/Experts/Project_Obsidian_Prime_v2/stages/16_model_family_challenge__qda_class_covariance_scout/02_runs/run08J_qda_external16_feature_geometry_characterization_v1/kpi_record.json,route_bars=1062;route_share=0.122831;signals=67;long=36;short=31;fills=38,"profit_attribution=not_separable_from_single_routed_account_path;reject=0;skip=0;subtypes={""B_core_only"":24,""B_full_context_outside_tier_a_scope"":1,""B_macro_missing"":809,""B_mixed_partial_context"":228}",completed,Tier B partial-context fallback used component from one routed MT5 tester run.
run08J_qda_external16_feature_geometry_characterization_v1__mt5_routed_total_oos,16_model_family_challenge__qda_class_covariance_scout,run08J_qda_external16_feature_geometry_characterization_v1,mt5_routed_total_oos,run08J_qda_external16_feature_geometry_characterization_v1,mt5_routed_total_oos,Tier A+B,trading_risk_execution,runtime_probe,completed,inconclusive_routed_total_runtime_probe,C:/Users/awdse/AppData/Roaming/MetaQuotes/Terminal/D0E8209F77C8CF37AD8BF550E51FF075/MQL5/Experts/Project_Obsidian_Prime_v2/stages/16_model_family_challenge__qda_class_covariance_scout/02_runs/run08J_qda_external16_feature_geometry_characterization_v1/mt5/reports/Project_Obsidian_Prime_v2_run08J_qda_external16_feature_geometry_characterization_v1_routed_oos.htm,net_profit=-96.23;pf=0.93;expectancy=-0.28;trades=340;win_rate=49.41,a_used=7584;b_fallback=1062;no_tier_labelable=159;max_dd=317.89;recovery=-0.3;fill=523;reject=0;skip=28691,completed,Actual routed total from one MT5 tester account path; not a synthetic sum.
run09A_qda_reg008_full58_followup_v1__python_tier_a_separate,16_model_family_challenge__qda_class_covariance_scout,run09A_qda_reg008_full58_followup_v1,python_tier_a_separate,run09A_qda_reg008_full58_followup_v1,python_tier_a_separate,Tier A,signal_probability_threshold,structural_scout,completed,inconclusive_single_split_scout_payload,stages/16_model_family_challenge__qda_class_covariance_scout/02_runs/run09A_qda_reg008_full58_followup_v1/predictions/tier_a_separate_predictions.parquet,rows=46650;signal_coverage=0.0734405;signal_count=3426;short=2048;long=1378,prob_sum_err=3.33067e-16;selected_threshold=validation_nonflat_q0.90;threshold_ids=q0.90;subtype_counts=NA,out_of_scope_by_claim,Tier A full-context primary view
run09A_qda_reg008_full58_followup_v1__python_tier_b_separate,16_model_family_challenge__qda_class_covariance_scout,run09A_qda_reg008_full58_followup_v1,python_tier_b_separate,run09A_qda_reg008_full58_followup_v1,python_tier_b_separate,Tier B,signal_probability_threshold,structural_scout,completed,inconclusive_single_split_scout_payload,stages/16_model_family_challenge__qda_class_covariance_scout/02_runs/run09A_qda_reg008_full58_followup_v1/predictions/tier_b_separate_predictions.parquet,rows=12398;signal_coverage=0.0271011;signal_count=336;short=204;long=132,"prob_sum_err=3.33067e-16;selected_threshold=validation_nonflat_q0.90;threshold_ids=q0.90;subtype_counts={""B_constituent_missing"":1,""B_core_only"":200,""B_full_context_outside_tier_a_scope"":217,""B_macro_missing"":10740,""B_mixed_partial_context"":1240}",out_of_scope_by_claim,Tier B partial-context fallback-only view
run09A_qda_reg008_full58_followup_v1__python_tier_ab_combined,16_model_family_challenge__qda_class_covariance_scout,run09A_qda_reg008_full58_followup_v1,python_tier_ab_combined,run09A_qda_reg008_full58_followup_v1,python_tier_ab_combined,Tier A+B,signal_probability_threshold,structural_scout,completed,inconclusive_single_split_scout_payload,stages/16_model_family_challenge__qda_class_covariance_scout/02_runs/run09A_qda_reg008_full58_followup_v1/predictions/tier_ab_combined_predictions.parquet,rows=59048;signal_coverage=0.0601883;signal_count=3554;short=2115;long=1439,"prob_sum_err=3.33067e-16;selected_threshold=validation_nonflat_q0.90;threshold_ids=q0.90;subtype_counts={""B_constituent_missing"":1,""B_core_only"":200,""B_full_context_outside_tier_a_scope"":217,""B_macro_missing"":10740,""B_mixed_partial_context"":1240,""Tier_A_full_context"":46650}",out_of_scope_by_claim,Tier A primary plus Tier B fallback routed Python view
run09A_qda_reg008_full58_followup_v1__mt5_tier_a_only_validation_is,16_model_family_challenge__qda_class_covariance_scout,run09A_qda_reg008_full58_followup_v1,mt5_tier_a_only_validation_is,run09A_qda_reg008_full58_followup_v1,mt5_tier_a_only_validation_is,Tier A,trading_risk_execution,runtime_probe,completed,inconclusive_tier_only_runtime_probe,C:/Users/awdse/AppData/Roaming/MetaQuotes/Terminal/D0E8209F77C8CF37AD8BF550E51FF075/MQL5/Experts/Project_Obsidian_Prime_v2/stages/16_model_family_challenge__qda_class_covariance_scout/02_runs/run09A_qda_reg008_full58_followup_v1/mt5/reports/Project_Obsidian_Prime_v2_run09A_qda_reg008_full58_followup_v1_tier_a_only_validation_is.htm,net_profit=-104.01;pf=0.94;expectancy=-0.29;trades=353;win_rate=46.18,labelable=9844;feature_ready=9844;model_ok=9844;no_tier_labelable=203;max_dd=377.47;recovery=-0.28;fill=576;reject=0;skip=42964;subtypes=NA,completed,Tier A only standalone MT5 tester run.
run09A_qda_reg008_full58_followup_v1__mt5_tier_b_fallback_only_validation_is,16_model_family_challenge__qda_class_covariance_scout,run09A_qda_reg008_full58_followup_v1,mt5_tier_b_fallback_only_validation_is,run09A_qda_reg008_full58_followup_v1,mt5_tier_b_fallback_only_validation_is,Tier B,trading_risk_execution,runtime_probe,completed,inconclusive_tier_b_fallback_only_runtime_probe,C:/Users/awdse/AppData/Roaming/MetaQuotes/Terminal/D0E8209F77C8CF37AD8BF550E51FF075/MQL5/Experts/Project_Obsidian_Prime_v2/stages/16_model_family_challenge__qda_class_covariance_scout/02_runs/run09A_qda_reg008_full58_followup_v1/mt5/reports/Project_Obsidian_Prime_v2_run09A_qda_reg008_full58_followup_v1_tier_b_fallback_only_validation_is.htm,net_profit=-34.32;pf=0.61;expectancy=-2.45;trades=14;win_rate=50,"labelable=2366;feature_ready=2366;model_ok=2366;no_tier_labelable=203;max_dd=106.66;recovery=-0.32;fill=28;reject=0;skip=50442;subtypes={""B_core_only"":25,""B_macro_missing"":2126,""B_mixed_partial_context"":215}",completed,Tier B fallback-only standalone MT5 tester run.
run09A_qda_reg008_full58_followup_v1__mt5_routed_tier_a_used_validation_is,16_model_family_challenge__qda_class_covariance_scout,run09A_qda_reg008_full58_followup_v1,mt5_routed_tier_a_used_validation_is,run09A_qda_reg008_full58_followup_v1,mt5_routed_tier_a_used_validation_is,Tier A,routed_signal_execution_usage,runtime_probe,completed,inconclusive_routed_component_runtime_probe,C:/Users/awdse/AppData/Roaming/MetaQuotes/Terminal/D0E8209F77C8CF37AD8BF550E51FF075/MQL5/Experts/Project_Obsidian_Prime_v2/stages/16_model_family_challenge__qda_class_covariance_scout/02_runs/run09A_qda_reg008_full58_followup_v1/kpi_record.json,route_bars=9844;route_share=0.806224;signals=985;long=345;short=640;fills=569,profit_attribution=not_separable_from_single_routed_account_path;reject=0;skip=0;subtypes=NA,completed,Tier A primary used component from one routed MT5 tester run.
run09A_qda_reg008_full58_followup_v1__mt5_routed_tier_b_fallback_used_validation_is,16_model_family_challenge__qda_class_covariance_scout,run09A_qda_reg008_full58_followup_v1,mt5_routed_tier_b_fallback_used_validation_is,run09A_qda_reg008_full58_followup_v1,mt5_routed_tier_b_fallback_used_validation_is,Tier B,routed_signal_execution_usage,runtime_probe,completed,inconclusive_routed_component_runtime_probe,C:/Users/awdse/AppData/Roaming/MetaQuotes/Terminal/D0E8209F77C8CF37AD8BF550E51FF075/MQL5/Experts/Project_Obsidian_Prime_v2/stages/16_model_family_challenge__qda_class_covariance_scout/02_runs/run09A_qda_reg008_full58_followup_v1/kpi_record.json,route_bars=2366;route_share=0.193776;signals=20;long=8;short=12;fills=35,"profit_attribution=not_separable_from_single_routed_account_path;reject=0;skip=0;subtypes={""B_core_only"":25,""B_macro_missing"":2126,""B_mixed_partial_context"":215}",completed,Tier B partial-context fallback used component from one routed MT5 tester run.
run09A_qda_reg008_full58_followup_v1__mt5_routed_total_validation_is,16_model_family_challenge__qda_class_covariance_scout,run09A_qda_reg008_full58_followup_v1,mt5_routed_total_validation_is,run09A_qda_reg008_full58_followup_v1,mt5_routed_total_validation_is,Tier A+B,trading_risk_execution,runtime_probe,completed,inconclusive_routed_total_runtime_probe,C:/Users/awdse/AppData/Roaming/MetaQuotes/Terminal/D0E8209F77C8CF37AD8BF550E51FF075/MQL5/Experts/Project_Obsidian_Prime_v2/stages/16_model_family_challenge__qda_class_covariance_scout/02_runs/run09A_qda_reg008_full58_followup_v1/mt5/reports/Project_Obsidian_Prime_v2_run09A_qda_reg008_full58_followup_v1_routed_validation_is.htm,net_profit=-31.21;pf=0.98;expectancy=-0.09;trades=366;win_rate=46.72,a_used=9844;b_fallback=2366;no_tier_labelable=203;max_dd=373.16;recovery=-0.08;fill=604;reject=0;skip=40598,completed,Actual routed total from one MT5 tester account path; not a synthetic sum.
run09A_qda_reg008_full58_followup_v1__mt5_tier_a_only_oos,16_model_family_challenge__qda_class_covariance_scout,run09A_qda_reg008_full58_followup_v1,mt5_tier_a_only_oos,run09A_qda_reg008_full58_followup_v1,mt5_tier_a_only_oos,Tier A,trading_risk_execution,runtime_probe,completed,inconclusive_tier_only_runtime_probe,C:/Users/awdse/AppData/Roaming/MetaQuotes/Terminal/D0E8209F77C8CF37AD8BF550E51FF075/MQL5/Experts/Project_Obsidian_Prime_v2/stages/16_model_family_challenge__qda_class_covariance_scout/02_runs/run09A_qda_reg008_full58_followup_v1/mt5/reports/Project_Obsidian_Prime_v2_run09A_qda_reg008_full58_followup_v1_tier_a_only_oos.htm,net_profit=18.03;pf=1.02;expectancy=0.07;trades=246;win_rate=46.75,labelable=7584;feature_ready=7584;model_ok=7584;no_tier_labelable=159;max_dd=230.47;recovery=0.08;fill=437;reject=0;skip=29753;subtypes=NA,completed,Tier A only standalone MT5 tester run.
run09A_qda_reg008_full58_followup_v1__mt5_tier_b_fallback_only_oos,16_model_family_challenge__qda_class_covariance_scout,run09A_qda_reg008_full58_followup_v1,mt5_tier_b_fallback_only_oos,run09A_qda_reg008_full58_followup_v1,mt5_tier_b_fallback_only_oos,Tier B,trading_risk_execution,runtime_probe,completed,inconclusive_tier_b_fallback_only_runtime_probe,C:/Users/awdse/AppData/Roaming/MetaQuotes/Terminal/D0E8209F77C8CF37AD8BF550E51FF075/MQL5/Experts/Project_Obsidian_Prime_v2/stages/16_model_family_challenge__qda_class_covariance_scout/02_runs/run09A_qda_reg008_full58_followup_v1/mt5/reports/Project_Obsidian_Prime_v2_run09A_qda_reg008_full58_followup_v1_tier_b_fallback_only_oos.htm,net_profit=-37.31;pf=0.87;expectancy=-2.33;trades=16;win_rate=43.75,"labelable=1062;feature_ready=1062;model_ok=1062;no_tier_labelable=159;max_dd=248.1;recovery=-0.15;fill=31;reject=0;skip=36275;subtypes={""B_core_only"":24,""B_full_context_outside_tier_a_scope"":1,""B_macro_missing"":809,""B_mixed_partial_context"":228}",completed,Tier B fallback-only standalone MT5 tester run.
run09A_qda_reg008_full58_followup_v1__mt5_routed_tier_a_used_oos,16_model_family_challenge__qda_class_covariance_scout,run09A_qda_reg008_full58_followup_v1,mt5_routed_tier_a_used_oos,run09A_qda_reg008_full58_followup_v1,mt5_routed_tier_a_used_oos,Tier A,routed_signal_execution_usage,runtime_probe,completed,inconclusive_routed_component_runtime_probe,C:/Users/awdse/AppData/Roaming/MetaQuotes/Terminal/D0E8209F77C8CF37AD8BF550E51FF075/MQL5/Experts/Project_Obsidian_Prime_v2/stages/16_model_family_challenge__qda_class_covariance_scout/02_runs/run09A_qda_reg008_full58_followup_v1/kpi_record.json,route_bars=7584;route_share=0.877169;signals=959;long=197;short=762;fills=431,profit_attribution=not_separable_from_single_routed_account_path;reject=0;skip=0;subtypes=NA,completed,Tier A primary used component from one routed MT5 tester run.
run09A_qda_reg008_full58_followup_v1__mt5_routed_tier_b_fallback_used_oos,16_model_family_challenge__qda_class_covariance_scout,run09A_qda_reg008_full58_followup_v1,mt5_routed_tier_b_fallback_used_oos,run09A_qda_reg008_full58_followup_v1,mt5_routed_tier_b_fallback_used_oos,Tier B,routed_signal_execution_usage,runtime_probe,completed,inconclusive_routed_component_runtime_probe,C:/Users/awdse/AppData/Roaming/MetaQuotes/Terminal/D0E8209F77C8CF37AD8BF550E51FF075/MQL5/Experts/Project_Obsidian_Prime_v2/stages/16_model_family_challenge__qda_class_covariance_scout/02_runs/run09A_qda_reg008_full58_followup_v1/kpi_record.json,route_bars=1062;route_share=0.122831;signals=53;long=22;short=31;fills=29,"profit_attribution=not_separable_from_single_routed_account_path;reject=0;skip=0;subtypes={""B_core_only"":24,""B_full_context_outside_tier_a_scope"":1,""B_macro_missing"":809,""B_mixed_partial_context"":228}",completed,Tier B partial-context fallback used component from one routed MT5 tester run.
run09A_qda_reg008_full58_followup_v1__mt5_routed_total_oos,16_model_family_challenge__qda_class_covariance_scout,run09A_qda_reg008_full58_followup_v1,mt5_routed_total_oos,run09A_qda_reg008_full58_followup_v1,mt5_routed_total_oos,Tier A+B,trading_risk_execution,runtime_probe,completed,inconclusive_routed_total_runtime_probe,C:/Users/awdse/AppData/Roaming/MetaQuotes/Terminal/D0E8209F77C8CF37AD8BF550E51FF075/MQL5/Experts/Project_Obsidian_Prime_v2/stages/16_model_family_challenge__qda_class_covariance_scout/02_runs/run09A_qda_reg008_full58_followup_v1/mt5/reports/Project_Obsidian_Prime_v2_run09A_qda_reg008_full58_followup_v1_routed_oos.htm,net_profit=78.39;pf=1.07;expectancy=0.3;trades=262;win_rate=45.8,a_used=7584;b_fallback=1062;no_tier_labelable=159;max_dd=206.02;recovery=0.38;fill=460;reject=0;skip=28691,completed,Actual routed total from one MT5 tester account path; not a synthetic sum.
run09B_qda_reg010_full58_followup_v1__python_tier_a_separate,16_model_family_challenge__qda_class_covariance_scout,run09B_qda_reg010_full58_followup_v1,python_tier_a_separate,run09B_qda_reg010_full58_followup_v1,python_tier_a_separate,Tier A,signal_probability_threshold,structural_scout,completed,inconclusive_single_split_scout_payload,stages/16_model_family_challenge__qda_class_covariance_scout/02_runs/run09B_qda_reg010_full58_followup_v1/predictions/tier_a_separate_predictions.parquet,rows=46650;signal_coverage=0.0775134;signal_count=3616;short=1658;long=1958,prob_sum_err=3.33067e-16;selected_threshold=validation_nonflat_q0.90;threshold_ids=q0.90;subtype_counts=NA,out_of_scope_by_claim,Tier A full-context primary view
run09B_qda_reg010_full58_followup_v1__python_tier_b_separate,16_model_family_challenge__qda_class_covariance_scout,run09B_qda_reg010_full58_followup_v1,python_tier_b_separate,run09B_qda_reg010_full58_followup_v1,python_tier_b_separate,Tier B,signal_probability_threshold,structural_scout,completed,inconclusive_single_split_scout_payload,stages/16_model_family_challenge__qda_class_covariance_scout/02_runs/run09B_qda_reg010_full58_followup_v1/predictions/tier_b_separate_predictions.parquet,rows=12398;signal_coverage=0.0321826;signal_count=399;short=259;long=140,"prob_sum_err=3.33067e-16;selected_threshold=validation_nonflat_q0.90;threshold_ids=q0.90;subtype_counts={""B_constituent_missing"":1,""B_core_only"":200,""B_full_context_outside_tier_a_scope"":217,""B_macro_missing"":10740,""B_mixed_partial_context"":1240}",out_of_scope_by_claim,Tier B partial-context fallback-only view
run09B_qda_reg010_full58_followup_v1__python_tier_ab_combined,16_model_family_challenge__qda_class_covariance_scout,run09B_qda_reg010_full58_followup_v1,python_tier_ab_combined,run09B_qda_reg010_full58_followup_v1,python_tier_ab_combined,Tier A+B,signal_probability_threshold,structural_scout,completed,inconclusive_single_split_scout_payload,stages/16_model_family_challenge__qda_class_covariance_scout/02_runs/run09B_qda_reg010_full58_followup_v1/predictions/tier_ab_combined_predictions.parquet,rows=59048;signal_coverage=0.0632028;signal_count=3732;short=1746;long=1986,"prob_sum_err=3.33067e-16;selected_threshold=validation_nonflat_q0.90;threshold_ids=q0.90;subtype_counts={""B_constituent_missing"":1,""B_core_only"":200,""B_full_context_outside_tier_a_scope"":217,""B_macro_missing"":10740,""B_mixed_partial_context"":1240,""Tier_A_full_context"":46650}",out_of_scope_by_claim,Tier A primary plus Tier B fallback routed Python view
run09B_qda_reg010_full58_followup_v1__mt5_tier_a_only_validation_is,16_model_family_challenge__qda_class_covariance_scout,run09B_qda_reg010_full58_followup_v1,mt5_tier_a_only_validation_is,run09B_qda_reg010_full58_followup_v1,mt5_tier_a_only_validation_is,Tier A,trading_risk_execution,runtime_probe,completed,inconclusive_tier_only_runtime_probe,C:/Users/awdse/AppData/Roaming/MetaQuotes/Terminal/D0E8209F77C8CF37AD8BF550E51FF075/MQL5/Experts/Project_Obsidian_Prime_v2/stages/16_model_family_challenge__qda_class_covariance_scout/02_runs/run09B_qda_reg010_full58_followup_v1/mt5/reports/Project_Obsidian_Prime_v2_run09B_qda_reg010_full58_followup_v1_tier_a_only_validation_is.htm,net_profit=36.27;pf=1.02;expectancy=0.1;trades=351;win_rate=51.57,labelable=9844;feature_ready=9844;model_ok=9844;no_tier_labelable=203;max_dd=320.26;recovery=0.11;fill=574;reject=0;skip=42964;subtypes=NA,completed,Tier A only standalone MT5 tester run.
run09B_qda_reg010_full58_followup_v1__mt5_tier_b_fallback_only_validation_is,16_model_family_challenge__qda_class_covariance_scout,run09B_qda_reg010_full58_followup_v1,mt5_tier_b_fallback_only_validation_is,run09B_qda_reg010_full58_followup_v1,mt5_tier_b_fallback_only_validation_is,Tier B,trading_risk_execution,runtime_probe,completed,inconclusive_tier_b_fallback_only_runtime_probe,C:/Users/awdse/AppData/Roaming/MetaQuotes/Terminal/D0E8209F77C8CF37AD8BF550E51FF075/MQL5/Experts/Project_Obsidian_Prime_v2/stages/16_model_family_challenge__qda_class_covariance_scout/02_runs/run09B_qda_reg010_full58_followup_v1/mt5/reports/Project_Obsidian_Prime_v2_run09B_qda_reg010_full58_followup_v1_tier_b_fallback_only_validation_is.htm,net_profit=-61.67;pf=0.31;expectancy=-6.85;trades=9;win_rate=33.33,"labelable=2366;feature_ready=2366;model_ok=2366;no_tier_labelable=203;max_dd=108.92;recovery=-0.57;fill=17;reject=0;skip=50442;subtypes={""B_core_only"":25,""B_macro_missing"":2126,""B_mixed_partial_context"":215}",completed,Tier B fallback-only standalone MT5 tester run.
run09B_qda_reg010_full58_followup_v1__mt5_routed_tier_a_used_validation_is,16_model_family_challenge__qda_class_covariance_scout,run09B_qda_reg010_full58_followup_v1,mt5_routed_tier_a_used_validation_is,run09B_qda_reg010_full58_followup_v1,mt5_routed_tier_a_used_validation_is,Tier A,routed_signal_execution_usage,runtime_probe,completed,inconclusive_routed_component_runtime_probe,C:/Users/awdse/AppData/Roaming/MetaQuotes/Terminal/D0E8209F77C8CF37AD8BF550E51FF075/MQL5/Experts/Project_Obsidian_Prime_v2/stages/16_model_family_challenge__qda_class_covariance_scout/02_runs/run09B_qda_reg010_full58_followup_v1/kpi_record.json,route_bars=9844;route_share=0.806224;signals=985;long=635;short=350;fills=566,profit_attribution=not_separable_from_single_routed_account_path;reject=0;skip=0;subtypes=NA,completed,Tier A primary used component from one routed MT5 tester run.
run09B_qda_reg010_full58_followup_v1__mt5_routed_tier_b_fallback_used_validation_is,16_model_family_challenge__qda_class_covariance_scout,run09B_qda_reg010_full58_followup_v1,mt5_routed_tier_b_fallback_used_validation_is,run09B_qda_reg010_full58_followup_v1,mt5_routed_tier_b_fallback_used_validation_is,Tier B,routed_signal_execution_usage,runtime_probe,completed,inconclusive_routed_component_runtime_probe,C:/Users/awdse/AppData/Roaming/MetaQuotes/Terminal/D0E8209F77C8CF37AD8BF550E51FF075/MQL5/Experts/Project_Obsidian_Prime_v2/stages/16_model_family_challenge__qda_class_covariance_scout/02_runs/run09B_qda_reg010_full58_followup_v1/kpi_record.json,route_bars=2366;route_share=0.193776;signals=17;long=6;short=11;fills=26,"profit_attribution=not_separable_from_single_routed_account_path;reject=0;skip=0;subtypes={""B_core_only"":25,""B_macro_missing"":2126,""B_mixed_partial_context"":215}",completed,Tier B partial-context fallback used component from one routed MT5 tester run.
run09B_qda_reg010_full58_followup_v1__mt5_routed_total_validation_is,16_model_family_challenge__qda_class_covariance_scout,run09B_qda_reg010_full58_followup_v1,mt5_routed_total_validation_is,run09B_qda_reg010_full58_followup_v1,mt5_routed_total_validation_is,Tier A+B,trading_risk_execution,runtime_probe,completed,inconclusive_routed_total_runtime_probe,C:/Users/awdse/AppData/Roaming/MetaQuotes/Terminal/D0E8209F77C8CF37AD8BF550E51FF075/MQL5/Experts/Project_Obsidian_Prime_v2/stages/16_model_family_challenge__qda_class_covariance_scout/02_runs/run09B_qda_reg010_full58_followup_v1/mt5/reports/Project_Obsidian_Prime_v2_run09B_qda_reg010_full58_followup_v1_routed_validation_is.htm,net_profit=-4.93;pf=1;expectancy=-0.01;trades=361;win_rate=51.25,a_used=9844;b_fallback=2366;no_tier_labelable=203;max_dd=360.33;recovery=-0.01;fill=592;reject=0;skip=40598,completed,Actual routed total from one MT5 tester account path; not a synthetic sum.
run09B_qda_reg010_full58_followup_v1__mt5_tier_a_only_oos,16_model_family_challenge__qda_class_covariance_scout,run09B_qda_reg010_full58_followup_v1,mt5_tier_a_only_oos,run09B_qda_reg010_full58_followup_v1,mt5_tier_a_only_oos,Tier A,trading_risk_execution,runtime_probe,completed,inconclusive_tier_only_runtime_probe,C:/Users/awdse/AppData/Roaming/MetaQuotes/Terminal/D0E8209F77C8CF37AD8BF550E51FF075/MQL5/Experts/Project_Obsidian_Prime_v2/stages/16_model_family_challenge__qda_class_covariance_scout/02_runs/run09B_qda_reg010_full58_followup_v1/mt5/reports/Project_Obsidian_Prime_v2_run09B_qda_reg010_full58_followup_v1_tier_a_only_oos.htm,net_profit=189.08;pf=1.18;expectancy=0.8;trades=236;win_rate=48.73,labelable=7584;feature_ready=7584;model_ok=7584;no_tier_labelable=159;max_dd=107.49;recovery=1.76;fill=401;reject=0;skip=29753;subtypes=NA,completed,Tier A only standalone MT5 tester run.
run09B_qda_reg010_full58_followup_v1__mt5_tier_b_fallback_only_oos,16_model_family_challenge__qda_class_covariance_scout,run09B_qda_reg010_full58_followup_v1,mt5_tier_b_fallback_only_oos,run09B_qda_reg010_full58_followup_v1,mt5_tier_b_fallback_only_oos,Tier B,trading_risk_execution,runtime_probe,completed,inconclusive_tier_b_fallback_only_runtime_probe,C:/Users/awdse/AppData/Roaming/MetaQuotes/Terminal/D0E8209F77C8CF37AD8BF550E51FF075/MQL5/Experts/Project_Obsidian_Prime_v2/stages/16_model_family_challenge__qda_class_covariance_scout/02_runs/run09B_qda_reg010_full58_followup_v1/mt5/reports/Project_Obsidian_Prime_v2_run09B_qda_reg010_full58_followup_v1_tier_b_fallback_only_oos.htm,net_profit=-420.61;pf=0.35;expectancy=-16.82;trades=25;win_rate=32,"labelable=1062;feature_ready=1062;model_ok=1062;no_tier_labelable=159;max_dd=469.36;recovery=-0.9;fill=47;reject=0;skip=36275;subtypes={""B_core_only"":24,""B_full_context_outside_tier_a_scope"":1,""B_macro_missing"":809,""B_mixed_partial_context"":228}",completed,Tier B fallback-only standalone MT5 tester run.
run09B_qda_reg010_full58_followup_v1__mt5_routed_tier_a_used_oos,16_model_family_challenge__qda_class_covariance_scout,run09B_qda_reg010_full58_followup_v1,mt5_routed_tier_a_used_oos,run09B_qda_reg010_full58_followup_v1,mt5_routed_tier_a_used_oos,Tier A,routed_signal_execution_usage,runtime_probe,completed,inconclusive_routed_component_runtime_probe,C:/Users/awdse/AppData/Roaming/MetaQuotes/Terminal/D0E8209F77C8CF37AD8BF550E51FF075/MQL5/Experts/Project_Obsidian_Prime_v2/stages/16_model_family_challenge__qda_class_covariance_scout/02_runs/run09B_qda_reg010_full58_followup_v1/kpi_record.json,route_bars=7584;route_share=0.877169;signals=676;long=422;short=254;fills=402,profit_attribution=not_separable_from_single_routed_account_path;reject=0;skip=0;subtypes=NA,completed,Tier A primary used component from one routed MT5 tester run.
run09B_qda_reg010_full58_followup_v1__mt5_routed_tier_b_fallback_used_oos,16_model_family_challenge__qda_class_covariance_scout,run09B_qda_reg010_full58_followup_v1,mt5_routed_tier_b_fallback_used_oos,run09B_qda_reg010_full58_followup_v1,mt5_routed_tier_b_fallback_used_oos,Tier B,routed_signal_execution_usage,runtime_probe,completed,inconclusive_routed_component_runtime_probe,C:/Users/awdse/AppData/Roaming/MetaQuotes/Terminal/D0E8209F77C8CF37AD8BF550E51FF075/MQL5/Experts/Project_Obsidian_Prime_v2/stages/16_model_family_challenge__qda_class_covariance_scout/02_runs/run09B_qda_reg010_full58_followup_v1/kpi_record.json,route_bars=1062;route_share=0.122831;signals=62;long=6;short=56;fills=39,"profit_attribution=not_separable_from_single_routed_account_path;reject=0;skip=0;subtypes={""B_core_only"":24,""B_full_context_outside_tier_a_scope"":1,""B_macro_missing"":809,""B_mixed_partial_context"":228}",completed,Tier B partial-context fallback used component from one routed MT5 tester run.
run09B_qda_reg010_full58_followup_v1__mt5_routed_total_oos,16_model_family_challenge__qda_class_covariance_scout,run09B_qda_reg010_full58_followup_v1,mt5_routed_total_oos,run09B_qda_reg010_full58_followup_v1,mt5_routed_total_oos,Tier A+B,trading_risk_execution,runtime_probe,completed,inconclusive_routed_total_runtime_probe,C:/Users/awdse/AppData/Roaming/MetaQuotes/Terminal/D0E8209F77C8CF37AD8BF550E51FF075/MQL5/Experts/Project_Obsidian_Prime_v2/stages/16_model_family_challenge__qda_class_covariance_scout/02_runs/run09B_qda_reg010_full58_followup_v1/mt5/reports/Project_Obsidian_Prime_v2_run09B_qda_reg010_full58_followup_v1_routed_oos.htm,net_profit=115.53;pf=1.1;expectancy=0.44;trades=263;win_rate=47.53,a_used=7584;b_fallback=1062;no_tier_labelable=159;max_dd=162.08;recovery=0.71;fill=441;reject=0;skip=28691,completed,Actual routed total from one MT5 tester account path; not a synthetic sum.
run09C_qda_reg012_full58_followup_v1__python_tier_a_separate,16_model_family_challenge__qda_class_covariance_scout,run09C_qda_reg012_full58_followup_v1,python_tier_a_separate,run09C_qda_reg012_full58_followup_v1,python_tier_a_separate,Tier A,signal_probability_threshold,structural_scout,completed,inconclusive_single_split_scout_payload,stages/16_model_family_challenge__qda_class_covariance_scout/02_runs/run09C_qda_reg012_full58_followup_v1/predictions/tier_a_separate_predictions.parquet,rows=46650;signal_coverage=0.0718971;signal_count=3354;short=2194;long=1160,prob_sum_err=3.33067e-16;selected_threshold=validation_nonflat_q0.90;threshold_ids=q0.90;subtype_counts=NA,out_of_scope_by_claim,Tier A full-context primary view
run09C_qda_reg012_full58_followup_v1__python_tier_b_separate,16_model_family_challenge__qda_class_covariance_scout,run09C_qda_reg012_full58_followup_v1,python_tier_b_separate,run09C_qda_reg012_full58_followup_v1,python_tier_b_separate,Tier B,signal_probability_threshold,structural_scout,completed,inconclusive_single_split_scout_payload,stages/16_model_family_challenge__qda_class_covariance_scout/02_runs/run09C_qda_reg012_full58_followup_v1/predictions/tier_b_separate_predictions.parquet,rows=12398;signal_coverage=0.0283917;signal_count=352;short=295;long=57,"prob_sum_err=3.33067e-16;selected_threshold=validation_nonflat_q0.90;threshold_ids=q0.90;subtype_counts={""B_constituent_missing"":1,""B_core_only"":200,""B_full_context_outside_tier_a_scope"":217,""B_macro_missing"":10740,""B_mixed_partial_context"":1240}",out_of_scope_by_claim,Tier B partial-context fallback-only view
run09C_qda_reg012_full58_followup_v1__python_tier_ab_combined,16_model_family_challenge__qda_class_covariance_scout,run09C_qda_reg012_full58_followup_v1,python_tier_ab_combined,run09C_qda_reg012_full58_followup_v1,python_tier_ab_combined,Tier A+B,signal_probability_threshold,structural_scout,completed,inconclusive_single_split_scout_payload,stages/16_model_family_challenge__qda_class_covariance_scout/02_runs/run09C_qda_reg012_full58_followup_v1/predictions/tier_ab_combined_predictions.parquet,rows=59048;signal_coverage=0.0615601;signal_count=3635;short=2428;long=1207,"prob_sum_err=3.33067e-16;selected_threshold=validation_nonflat_q0.90;threshold_ids=q0.90;subtype_counts={""B_constituent_missing"":1,""B_core_only"":200,""B_full_context_outside_tier_a_scope"":217,""B_macro_missing"":10740,""B_mixed_partial_context"":1240,""Tier_A_full_context"":46650}",out_of_scope_by_claim,Tier A primary plus Tier B fallback routed Python view
run09C_qda_reg012_full58_followup_v1__mt5_tier_a_only_validation_is,16_model_family_challenge__qda_class_covariance_scout,run09C_qda_reg012_full58_followup_v1,mt5_tier_a_only_validation_is,run09C_qda_reg012_full58_followup_v1,mt5_tier_a_only_validation_is,Tier A,trading_risk_execution,runtime_probe,completed,inconclusive_tier_only_runtime_probe,C:/Users/awdse/AppData/Roaming/MetaQuotes/Terminal/D0E8209F77C8CF37AD8BF550E51FF075/MQL5/Experts/Project_Obsidian_Prime_v2/stages/16_model_family_challenge__qda_class_covariance_scout/02_runs/run09C_qda_reg012_full58_followup_v1/mt5/reports/Project_Obsidian_Prime_v2_run09C_qda_reg012_full58_followup_v1_tier_a_only_validation_is.htm,net_profit=65.8;pf=1.04;expectancy=0.2;trades=335;win_rate=51.34,labelable=9844;feature_ready=9844;model_ok=9844;no_tier_labelable=203;max_dd=309.22;recovery=0.21;fill=565;reject=0;skip=42964;subtypes=NA,completed,Tier A only standalone MT5 tester run.
run09C_qda_reg012_full58_followup_v1__mt5_tier_b_fallback_only_validation_is,16_model_family_challenge__qda_class_covariance_scout,run09C_qda_reg012_full58_followup_v1,mt5_tier_b_fallback_only_validation_is,run09C_qda_reg012_full58_followup_v1,mt5_tier_b_fallback_only_validation_is,Tier B,trading_risk_execution,runtime_probe,completed,inconclusive_tier_b_fallback_only_runtime_probe,C:/Users/awdse/AppData/Roaming/MetaQuotes/Terminal/D0E8209F77C8CF37AD8BF550E51FF075/MQL5/Experts/Project_Obsidian_Prime_v2/stages/16_model_family_challenge__qda_class_covariance_scout/02_runs/run09C_qda_reg012_full58_followup_v1/mt5/reports/Project_Obsidian_Prime_v2_run09C_qda_reg012_full58_followup_v1_tier_b_fallback_only_validation_is.htm,net_profit=6.5;pf=1.14;expectancy=0.54;trades=12;win_rate=58.33,"labelable=2366;feature_ready=2366;model_ok=2366;no_tier_labelable=203;max_dd=93.5;recovery=0.07;fill=24;reject=0;skip=50442;subtypes={""B_core_only"":25,""B_macro_missing"":2126,""B_mixed_partial_context"":215}",completed,Tier B fallback-only standalone MT5 tester run.
run09C_qda_reg012_full58_followup_v1__mt5_routed_tier_a_used_validation_is,16_model_family_challenge__qda_class_covariance_scout,run09C_qda_reg012_full58_followup_v1,mt5_routed_tier_a_used_validation_is,run09C_qda_reg012_full58_followup_v1,mt5_routed_tier_a_used_validation_is,Tier A,routed_signal_execution_usage,runtime_probe,completed,inconclusive_routed_component_runtime_probe,C:/Users/awdse/AppData/Roaming/MetaQuotes/Terminal/D0E8209F77C8CF37AD8BF550E51FF075/MQL5/Experts/Project_Obsidian_Prime_v2/stages/16_model_family_challenge__qda_class_covariance_scout/02_runs/run09C_qda_reg012_full58_followup_v1/kpi_record.json,route_bars=9844;route_share=0.806224;signals=985;long=413;short=572;fills=555,profit_attribution=not_separable_from_single_routed_account_path;reject=0;skip=0;subtypes=NA,completed,Tier A primary used component from one routed MT5 tester run.
run09C_qda_reg012_full58_followup_v1__mt5_routed_tier_b_fallback_used_validation_is,16_model_family_challenge__qda_class_covariance_scout,run09C_qda_reg012_full58_followup_v1,mt5_routed_tier_b_fallback_used_validation_is,run09C_qda_reg012_full58_followup_v1,mt5_routed_tier_b_fallback_used_validation_is,Tier B,routed_signal_execution_usage,runtime_probe,completed,inconclusive_routed_component_runtime_probe,C:/Users/awdse/AppData/Roaming/MetaQuotes/Terminal/D0E8209F77C8CF37AD8BF550E51FF075/MQL5/Experts/Project_Obsidian_Prime_v2/stages/16_model_family_challenge__qda_class_covariance_scout/02_runs/run09C_qda_reg012_full58_followup_v1/kpi_record.json,route_bars=2366;route_share=0.193776;signals=16;long=4;short=12;fills=25,"profit_attribution=not_separable_from_single_routed_account_path;reject=0;skip=0;subtypes={""B_core_only"":25,""B_macro_missing"":2126,""B_mixed_partial_context"":215}",completed,Tier B partial-context fallback used component from one routed MT5 tester run.
run09C_qda_reg012_full58_followup_v1__mt5_routed_total_validation_is,16_model_family_challenge__qda_class_covariance_scout,run09C_qda_reg012_full58_followup_v1,mt5_routed_total_validation_is,run09C_qda_reg012_full58_followup_v1,mt5_routed_total_validation_is,Tier A+B,trading_risk_execution,runtime_probe,completed,inconclusive_routed_total_runtime_probe,C:/Users/awdse/AppData/Roaming/MetaQuotes/Terminal/D0E8209F77C8CF37AD8BF550E51FF075/MQL5/Experts/Project_Obsidian_Prime_v2/stages/16_model_family_challenge__qda_class_covariance_scout/02_runs/run09C_qda_reg012_full58_followup_v1/mt5/reports/Project_Obsidian_Prime_v2_run09C_qda_reg012_full58_followup_v1_routed_validation_is.htm,net_profit=178.93;pf=1.12;expectancy=0.52;trades=342;win_rate=52.34,a_used=9844;b_fallback=2366;no_tier_labelable=203;max_dd=299.03;recovery=0.6;fill=580;reject=0;skip=40598,completed,Actual routed total from one MT5 tester account path; not a synthetic sum.
run09C_qda_reg012_full58_followup_v1__mt5_tier_a_only_oos,16_model_family_challenge__qda_class_covariance_scout,run09C_qda_reg012_full58_followup_v1,mt5_tier_a_only_oos,run09C_qda_reg012_full58_followup_v1,mt5_tier_a_only_oos,Tier A,trading_risk_execution,runtime_probe,completed,inconclusive_tier_only_runtime_probe,C:/Users/awdse/AppData/Roaming/MetaQuotes/Terminal/D0E8209F77C8CF37AD8BF550E51FF075/MQL5/Experts/Project_Obsidian_Prime_v2/stages/16_model_family_challenge__qda_class_covariance_scout/02_runs/run09C_qda_reg012_full58_followup_v1/mt5/reports/Project_Obsidian_Prime_v2_run09C_qda_reg012_full58_followup_v1_tier_a_only_oos.htm,net_profit=265.84;pf=1.29;expectancy=1.29;trades=206;win_rate=50,labelable=7584;feature_ready=7584;model_ok=7584;no_tier_labelable=159;max_dd=102.09;recovery=2.6;fill=382;reject=0;skip=29753;subtypes=NA,completed,Tier A only standalone MT5 tester run.
run09C_qda_reg012_full58_followup_v1__mt5_tier_b_fallback_only_oos,16_model_family_challenge__qda_class_covariance_scout,run09C_qda_reg012_full58_followup_v1,mt5_tier_b_fallback_only_oos,run09C_qda_reg012_full58_followup_v1,mt5_tier_b_fallback_only_oos,Tier B,trading_risk_execution,runtime_probe,completed,inconclusive_tier_b_fallback_only_runtime_probe,C:/Users/awdse/AppData/Roaming/MetaQuotes/Terminal/D0E8209F77C8CF37AD8BF550E51FF075/MQL5/Experts/Project_Obsidian_Prime_v2/stages/16_model_family_challenge__qda_class_covariance_scout/02_runs/run09C_qda_reg012_full58_followup_v1/mt5/reports/Project_Obsidian_Prime_v2_run09C_qda_reg012_full58_followup_v1_tier_b_fallback_only_oos.htm,net_profit=-80.72;pf=0.77;expectancy=-3.84;trades=21;win_rate=42.86,"labelable=1062;feature_ready=1062;model_ok=1062;no_tier_labelable=159;max_dd=185.4;recovery=-0.44;fill=39;reject=0;skip=36275;subtypes={""B_core_only"":24,""B_full_context_outside_tier_a_scope"":1,""B_macro_missing"":809,""B_mixed_partial_context"":228}",completed,Tier B fallback-only standalone MT5 tester run.
run09C_qda_reg012_full58_followup_v1__mt5_routed_tier_a_used_oos,16_model_family_challenge__qda_class_covariance_scout,run09C_qda_reg012_full58_followup_v1,mt5_routed_tier_a_used_oos,run09C_qda_reg012_full58_followup_v1,mt5_routed_tier_a_used_oos,Tier A,routed_signal_execution_usage,runtime_probe,completed,inconclusive_routed_component_runtime_probe,C:/Users/awdse/AppData/Roaming/MetaQuotes/Terminal/D0E8209F77C8CF37AD8BF550E51FF075/MQL5/Experts/Project_Obsidian_Prime_v2/stages/16_model_family_challenge__qda_class_covariance_scout/02_runs/run09C_qda_reg012_full58_followup_v1/kpi_record.json,route_bars=7584;route_share=0.877169;signals=735;long=249;short=486;fills=384,profit_attribution=not_separable_from_single_routed_account_path;reject=0;skip=0;subtypes=NA,completed,Tier A primary used component from one routed MT5 tester run.
run09C_qda_reg012_full58_followup_v1__mt5_routed_tier_b_fallback_used_oos,16_model_family_challenge__qda_class_covariance_scout,run09C_qda_reg012_full58_followup_v1,mt5_routed_tier_b_fallback_used_oos,run09C_qda_reg012_full58_followup_v1,mt5_routed_tier_b_fallback_used_oos,Tier B,routed_signal_execution_usage,runtime_probe,completed,inconclusive_routed_component_runtime_probe,C:/Users/awdse/AppData/Roaming/MetaQuotes/Terminal/D0E8209F77C8CF37AD8BF550E51FF075/MQL5/Experts/Project_Obsidian_Prime_v2/stages/16_model_family_challenge__qda_class_covariance_scout/02_runs/run09C_qda_reg012_full58_followup_v1/kpi_record.json,route_bars=1062;route_share=0.122831;signals=45;long=4;short=41;fills=21,"profit_attribution=not_separable_from_single_routed_account_path;reject=0;skip=0;subtypes={""B_core_only"":24,""B_full_context_outside_tier_a_scope"":1,""B_macro_missing"":809,""B_mixed_partial_context"":228}",completed,Tier B partial-context fallback used component from one routed MT5 tester run.
run09C_qda_reg012_full58_followup_v1__mt5_routed_total_oos,16_model_family_challenge__qda_class_covariance_scout,run09C_qda_reg012_full58_followup_v1,mt5_routed_total_oos,run09C_qda_reg012_full58_followup_v1,mt5_routed_total_oos,Tier A+B,trading_risk_execution,runtime_probe,completed,inconclusive_routed_total_runtime_probe,C:/Users/awdse/AppData/Roaming/MetaQuotes/Terminal/D0E8209F77C8CF37AD8BF550E51FF075/MQL5/Experts/Project_Obsidian_Prime_v2/stages/16_model_family_challenge__qda_class_covariance_scout/02_runs/run09C_qda_reg012_full58_followup_v1/mt5/reports/Project_Obsidian_Prime_v2_run09C_qda_reg012_full58_followup_v1_routed_oos.htm,net_profit=269.83;pf=1.3;expectancy=1.24;trades=217;win_rate=51.15,a_used=7584;b_fallback=1062;no_tier_labelable=159;max_dd=121.89;recovery=2.21;fill=405;reject=0;skip=28691,completed,Actual routed total from one MT5 tester account path; not a synthetic sum.
run09D_qda_reg018_full58_followup_v1__python_tier_a_separate,16_model_family_challenge__qda_class_covariance_scout,run09D_qda_reg018_full58_followup_v1,python_tier_a_separate,run09D_qda_reg018_full58_followup_v1,python_tier_a_separate,Tier A,signal_probability_threshold,structural_scout,completed,inconclusive_single_split_scout_payload,stages/16_model_family_challenge__qda_class_covariance_scout/02_runs/run09D_qda_reg018_full58_followup_v1/predictions/tier_a_separate_predictions.parquet,rows=46650;signal_coverage=0.0723258;signal_count=3374;short=1680;long=1694,prob_sum_err=3.33067e-16;selected_threshold=validation_nonflat_q0.90;threshold_ids=q0.90;subtype_counts=NA,out_of_scope_by_claim,Tier A full-context primary view
run09D_qda_reg018_full58_followup_v1__python_tier_b_separate,16_model_family_challenge__qda_class_covariance_scout,run09D_qda_reg018_full58_followup_v1,python_tier_b_separate,run09D_qda_reg018_full58_followup_v1,python_tier_b_separate,Tier B,signal_probability_threshold,structural_scout,completed,inconclusive_single_split_scout_payload,stages/16_model_family_challenge__qda_class_covariance_scout/02_runs/run09D_qda_reg018_full58_followup_v1/predictions/tier_b_separate_predictions.parquet,rows=12398;signal_coverage=0.0215357;signal_count=267;short=90;long=177,"prob_sum_err=3.33067e-16;selected_threshold=validation_nonflat_q0.90;threshold_ids=q0.90;subtype_counts={""B_constituent_missing"":1,""B_core_only"":200,""B_full_context_outside_tier_a_scope"":217,""B_macro_missing"":10740,""B_mixed_partial_context"":1240}",out_of_scope_by_claim,Tier B partial-context fallback-only view
run09D_qda_reg018_full58_followup_v1__python_tier_ab_combined,16_model_family_challenge__qda_class_covariance_scout,run09D_qda_reg018_full58_followup_v1,python_tier_ab_combined,run09D_qda_reg018_full58_followup_v1,python_tier_ab_combined,Tier A+B,signal_probability_threshold,structural_scout,completed,inconclusive_single_split_scout_payload,stages/16_model_family_challenge__qda_class_covariance_scout/02_runs/run09D_qda_reg018_full58_followup_v1/predictions/tier_ab_combined_predictions.parquet,rows=59048;signal_coverage=0.0586303;signal_count=3462;short=1699;long=1763,"prob_sum_err=3.33067e-16;selected_threshold=validation_nonflat_q0.90;threshold_ids=q0.90;subtype_counts={""B_constituent_missing"":1,""B_core_only"":200,""B_full_context_outside_tier_a_scope"":217,""B_macro_missing"":10740,""B_mixed_partial_context"":1240,""Tier_A_full_context"":46650}",out_of_scope_by_claim,Tier A primary plus Tier B fallback routed Python view
run09D_qda_reg018_full58_followup_v1__mt5_tier_a_only_validation_is,16_model_family_challenge__qda_class_covariance_scout,run09D_qda_reg018_full58_followup_v1,mt5_tier_a_only_validation_is,run09D_qda_reg018_full58_followup_v1,mt5_tier_a_only_validation_is,Tier A,trading_risk_execution,runtime_probe,completed,inconclusive_tier_only_runtime_probe,C:/Users/awdse/AppData/Roaming/MetaQuotes/Terminal/D0E8209F77C8CF37AD8BF550E51FF075/MQL5/Experts/Project_Obsidian_Prime_v2/stages/16_model_family_challenge__qda_class_covariance_scout/02_runs/run09D_qda_reg018_full58_followup_v1/mt5/reports/Project_Obsidian_Prime_v2_run09D_qda_reg018_full58_followup_v1_tier_a_only_validation_is.htm,net_profit=30.35;pf=1.02;expectancy=0.08;trades=359;win_rate=46.8,labelable=9844;feature_ready=9844;model_ok=9844;no_tier_labelable=203;max_dd=354.51;recovery=0.09;fill=578;reject=0;skip=42964;subtypes=NA,completed,Tier A only standalone MT5 tester run.
run09D_qda_reg018_full58_followup_v1__mt5_tier_b_fallback_only_validation_is,16_model_family_challenge__qda_class_covariance_scout,run09D_qda_reg018_full58_followup_v1,mt5_tier_b_fallback_only_validation_is,run09D_qda_reg018_full58_followup_v1,mt5_tier_b_fallback_only_validation_is,Tier B,trading_risk_execution,runtime_probe,completed,inconclusive_tier_b_fallback_only_runtime_probe,C:/Users/awdse/AppData/Roaming/MetaQuotes/Terminal/D0E8209F77C8CF37AD8BF550E51FF075/MQL5/Experts/Project_Obsidian_Prime_v2/stages/16_model_family_challenge__qda_class_covariance_scout/02_runs/run09D_qda_reg018_full58_followup_v1/mt5/reports/Project_Obsidian_Prime_v2_run09D_qda_reg018_full58_followup_v1_tier_b_fallback_only_validation_is.htm,net_profit=13.21;pf=1.17;expectancy=1.32;trades=10;win_rate=70,"labelable=2366;feature_ready=2366;model_ok=2366;no_tier_labelable=203;max_dd=88.72;recovery=0.15;fill=20;reject=0;skip=50442;subtypes={""B_core_only"":25,""B_macro_missing"":2126,""B_mixed_partial_context"":215}",completed,Tier B fallback-only standalone MT5 tester run.
run09D_qda_reg018_full58_followup_v1__mt5_routed_tier_a_used_validation_is,16_model_family_challenge__qda_class_covariance_scout,run09D_qda_reg018_full58_followup_v1,mt5_routed_tier_a_used_validation_is,run09D_qda_reg018_full58_followup_v1,mt5_routed_tier_a_used_validation_is,Tier A,routed_signal_execution_usage,runtime_probe,completed,inconclusive_routed_component_runtime_probe,C:/Users/awdse/AppData/Roaming/MetaQuotes/Terminal/D0E8209F77C8CF37AD8BF550E51FF075/MQL5/Experts/Project_Obsidian_Prime_v2/stages/16_model_family_challenge__qda_class_covariance_scout/02_runs/run09D_qda_reg018_full58_followup_v1/kpi_record.json,route_bars=9844;route_share=0.806224;signals=985;long=546;short=439;fills=572,profit_attribution=not_separable_from_single_routed_account_path;reject=0;skip=0;subtypes=NA,completed,Tier A primary used component from one routed MT5 tester run.
run09D_qda_reg018_full58_followup_v1__mt5_routed_tier_b_fallback_used_validation_is,16_model_family_challenge__qda_class_covariance_scout,run09D_qda_reg018_full58_followup_v1,mt5_routed_tier_b_fallback_used_validation_is,run09D_qda_reg018_full58_followup_v1,mt5_routed_tier_b_fallback_used_validation_is,Tier B,routed_signal_execution_usage,runtime_probe,completed,inconclusive_routed_component_runtime_probe,C:/Users/awdse/AppData/Roaming/MetaQuotes/Terminal/D0E8209F77C8CF37AD8BF550E51FF075/MQL5/Experts/Project_Obsidian_Prime_v2/stages/16_model_family_challenge__qda_class_covariance_scout/02_runs/run09D_qda_reg018_full58_followup_v1/kpi_record.json,route_bars=2366;route_share=0.193776;signals=17;long=12;short=5;fills=25,"profit_attribution=not_separable_from_single_routed_account_path;reject=0;skip=0;subtypes={""B_core_only"":25,""B_macro_missing"":2126,""B_mixed_partial_context"":215}",completed,Tier B partial-context fallback used component from one routed MT5 tester run.
run09D_qda_reg018_full58_followup_v1__mt5_routed_total_validation_is,16_model_family_challenge__qda_class_covariance_scout,run09D_qda_reg018_full58_followup_v1,mt5_routed_total_validation_is,run09D_qda_reg018_full58_followup_v1,mt5_routed_total_validation_is,Tier A+B,trading_risk_execution,runtime_probe,completed,inconclusive_routed_total_runtime_probe,C:/Users/awdse/AppData/Roaming/MetaQuotes/Terminal/D0E8209F77C8CF37AD8BF550E51FF075/MQL5/Experts/Project_Obsidian_Prime_v2/stages/16_model_family_challenge__qda_class_covariance_scout/02_runs/run09D_qda_reg018_full58_followup_v1/mt5/reports/Project_Obsidian_Prime_v2_run09D_qda_reg018_full58_followup_v1_routed_validation_is.htm,net_profit=40.18;pf=1.02;expectancy=0.11;trades=369;win_rate=47.7,a_used=9844;b_fallback=2366;no_tier_labelable=203;max_dd=380.16;recovery=0.11;fill=597;reject=0;skip=40598,completed,Actual routed total from one MT5 tester account path; not a synthetic sum.
run09D_qda_reg018_full58_followup_v1__mt5_tier_a_only_oos,16_model_family_challenge__qda_class_covariance_scout,run09D_qda_reg018_full58_followup_v1,mt5_tier_a_only_oos,run09D_qda_reg018_full58_followup_v1,mt5_tier_a_only_oos,Tier A,trading_risk_execution,runtime_probe,completed,inconclusive_tier_only_runtime_probe,C:/Users/awdse/AppData/Roaming/MetaQuotes/Terminal/D0E8209F77C8CF37AD8BF550E51FF075/MQL5/Experts/Project_Obsidian_Prime_v2/stages/16_model_family_challenge__qda_class_covariance_scout/02_runs/run09D_qda_reg018_full58_followup_v1/mt5/reports/Project_Obsidian_Prime_v2_run09D_qda_reg018_full58_followup_v1_tier_a_only_oos.htm,net_profit=384.55;pf=1.43;expectancy=1.59;trades=242;win_rate=57.02,labelable=7584;feature_ready=7584;model_ok=7584;no_tier_labelable=159;max_dd=154.06;recovery=2.5;fill=429;reject=0;skip=29753;subtypes=NA,completed,Tier A only standalone MT5 tester run.
run09D_qda_reg018_full58_followup_v1__mt5_tier_b_fallback_only_oos,16_model_family_challenge__qda_class_covariance_scout,run09D_qda_reg018_full58_followup_v1,mt5_tier_b_fallback_only_oos,run09D_qda_reg018_full58_followup_v1,mt5_tier_b_fallback_only_oos,Tier B,trading_risk_execution,runtime_probe,completed,inconclusive_tier_b_fallback_only_runtime_probe,C:/Users/awdse/AppData/Roaming/MetaQuotes/Terminal/D0E8209F77C8CF37AD8BF550E51FF075/MQL5/Experts/Project_Obsidian_Prime_v2/stages/16_model_family_challenge__qda_class_covariance_scout/02_runs/run09D_qda_reg018_full58_followup_v1/mt5/reports/Project_Obsidian_Prime_v2_run09D_qda_reg018_full58_followup_v1_tier_b_fallback_only_oos.htm,net_profit=4.36;pf=1.03;expectancy=0.34;trades=13;win_rate=53.85,"labelable=1062;feature_ready=1062;model_ok=1062;no_tier_labelable=159;max_dd=156.68;recovery=0.03;fill=26;reject=0;skip=36275;subtypes={""B_core_only"":24,""B_full_context_outside_tier_a_scope"":1,""B_macro_missing"":809,""B_mixed_partial_context"":228}",completed,Tier B fallback-only standalone MT5 tester run.
run09D_qda_reg018_full58_followup_v1__mt5_routed_tier_a_used_oos,16_model_family_challenge__qda_class_covariance_scout,run09D_qda_reg018_full58_followup_v1,mt5_routed_tier_a_used_oos,run09D_qda_reg018_full58_followup_v1,mt5_routed_tier_a_used_oos,Tier A,routed_signal_execution_usage,runtime_probe,completed,inconclusive_routed_component_runtime_probe,C:/Users/awdse/AppData/Roaming/MetaQuotes/Terminal/D0E8209F77C8CF37AD8BF550E51FF075/MQL5/Experts/Project_Obsidian_Prime_v2/stages/16_model_family_challenge__qda_class_covariance_scout/02_runs/run09D_qda_reg018_full58_followup_v1/kpi_record.json,route_bars=7584;route_share=0.877169;signals=708;long=370;short=338;fills=422,profit_attribution=not_separable_from_single_routed_account_path;reject=0;skip=0;subtypes=NA,completed,Tier A primary used component from one routed MT5 tester run.
run09D_qda_reg018_full58_followup_v1__mt5_routed_tier_b_fallback_used_oos,16_model_family_challenge__qda_class_covariance_scout,run09D_qda_reg018_full58_followup_v1,mt5_routed_tier_b_fallback_used_oos,run09D_qda_reg018_full58_followup_v1,mt5_routed_tier_b_fallback_used_oos,Tier B,routed_signal_execution_usage,runtime_probe,completed,inconclusive_routed_component_runtime_probe,C:/Users/awdse/AppData/Roaming/MetaQuotes/Terminal/D0E8209F77C8CF37AD8BF550E51FF075/MQL5/Experts/Project_Obsidian_Prime_v2/stages/16_model_family_challenge__qda_class_covariance_scout/02_runs/run09D_qda_reg018_full58_followup_v1/kpi_record.json,route_bars=1062;route_share=0.122831;signals=44;long=21;short=23;fills=23,"profit_attribution=not_separable_from_single_routed_account_path;reject=0;skip=0;subtypes={""B_core_only"":24,""B_full_context_outside_tier_a_scope"":1,""B_macro_missing"":809,""B_mixed_partial_context"":228}",completed,Tier B partial-context fallback used component from one routed MT5 tester run.
run09D_qda_reg018_full58_followup_v1__mt5_routed_total_oos,16_model_family_challenge__qda_class_covariance_scout,run09D_qda_reg018_full58_followup_v1,mt5_routed_total_oos,run09D_qda_reg018_full58_followup_v1,mt5_routed_total_oos,Tier A+B,trading_risk_execution,runtime_probe,completed,inconclusive_routed_total_runtime_probe,C:/Users/awdse/AppData/Roaming/MetaQuotes/Terminal/D0E8209F77C8CF37AD8BF550E51FF075/MQL5/Experts/Project_Obsidian_Prime_v2/stages/16_model_family_challenge__qda_class_covariance_scout/02_runs/run09D_qda_reg018_full58_followup_v1/mt5/reports/Project_Obsidian_Prime_v2_run09D_qda_reg018_full58_followup_v1_routed_oos.htm,net_profit=438.78;pf=1.48;expectancy=1.75;trades=251;win_rate=57.37,a_used=7584;b_fallback=1062;no_tier_labelable=159;max_dd=182.72;recovery=2.4;fill=445;reject=0;skip=28691,completed,Actual routed total from one MT5 tester account path; not a synthetic sum.
run09E_qda_reg025_full58_followup_v1__python_tier_a_separate,16_model_family_challenge__qda_class_covariance_scout,run09E_qda_reg025_full58_followup_v1,python_tier_a_separate,run09E_qda_reg025_full58_followup_v1,python_tier_a_separate,Tier A,signal_probability_threshold,structural_scout,completed,inconclusive_single_split_scout_payload,stages/16_model_family_challenge__qda_class_covariance_scout/02_runs/run09E_qda_reg025_full58_followup_v1/predictions/tier_a_separate_predictions.parquet,rows=46650;signal_coverage=0.0747481;signal_count=3487;short=1083;long=2404,prob_sum_err=4.44089e-16;selected_threshold=validation_nonflat_q0.90;threshold_ids=q0.90;subtype_counts=NA,out_of_scope_by_claim,Tier A full-context primary view
run09E_qda_reg025_full58_followup_v1__python_tier_b_separate,16_model_family_challenge__qda_class_covariance_scout,run09E_qda_reg025_full58_followup_v1,python_tier_b_separate,run09E_qda_reg025_full58_followup_v1,python_tier_b_separate,Tier B,signal_probability_threshold,structural_scout,completed,inconclusive_single_split_scout_payload,stages/16_model_family_challenge__qda_class_covariance_scout/02_runs/run09E_qda_reg025_full58_followup_v1/predictions/tier_b_separate_predictions.parquet,rows=12398;signal_coverage=0.025004;signal_count=310;short=148;long=162,"prob_sum_err=3.33067e-16;selected_threshold=validation_nonflat_q0.90;threshold_ids=q0.90;subtype_counts={""B_constituent_missing"":1,""B_core_only"":200,""B_full_context_outside_tier_a_scope"":217,""B_macro_missing"":10740,""B_mixed_partial_context"":1240}",out_of_scope_by_claim,Tier B partial-context fallback-only view
run09E_qda_reg025_full58_followup_v1__python_tier_ab_combined,16_model_family_challenge__qda_class_covariance_scout,run09E_qda_reg025_full58_followup_v1,python_tier_ab_combined,run09E_qda_reg025_full58_followup_v1,python_tier_ab_combined,Tier A+B,signal_probability_threshold,structural_scout,completed,inconclusive_single_split_scout_payload,stages/16_model_family_challenge__qda_class_covariance_scout/02_runs/run09E_qda_reg025_full58_followup_v1/predictions/tier_ab_combined_predictions.parquet,rows=59048;signal_coverage=0.0649472;signal_count=3835;short=1248;long=2587,"prob_sum_err=4.44089e-16;selected_threshold=validation_nonflat_q0.90;threshold_ids=q0.90;subtype_counts={""B_constituent_missing"":1,""B_core_only"":200,""B_full_context_outside_tier_a_scope"":217,""B_macro_missing"":10740,""B_mixed_partial_context"":1240,""Tier_A_full_context"":46650}",out_of_scope_by_claim,Tier A primary plus Tier B fallback routed Python view
run09E_qda_reg025_full58_followup_v1__mt5_tier_a_only_validation_is,16_model_family_challenge__qda_class_covariance_scout,run09E_qda_reg025_full58_followup_v1,mt5_tier_a_only_validation_is,run09E_qda_reg025_full58_followup_v1,mt5_tier_a_only_validation_is,Tier A,trading_risk_execution,runtime_probe,completed,inconclusive_tier_only_runtime_probe,C:/Users/awdse/AppData/Roaming/MetaQuotes/Terminal/D0E8209F77C8CF37AD8BF550E51FF075/MQL5/Experts/Project_Obsidian_Prime_v2/stages/16_model_family_challenge__qda_class_covariance_scout/02_runs/run09E_qda_reg025_full58_followup_v1/mt5/reports/Project_Obsidian_Prime_v2_run09E_qda_reg025_full58_followup_v1_tier_a_only_validation_is.htm,net_profit=-98.83;pf=0.94;expectancy=-0.31;trades=323;win_rate=52.63,labelable=9844;feature_ready=9844;model_ok=9844;no_tier_labelable=203;max_dd=290.69;recovery=-0.34;fill=548;reject=0;skip=42964;subtypes=NA,completed,Tier A only standalone MT5 tester run.
run09E_qda_reg025_full58_followup_v1__mt5_tier_b_fallback_only_validation_is,16_model_family_challenge__qda_class_covariance_scout,run09E_qda_reg025_full58_followup_v1,mt5_tier_b_fallback_only_validation_is,run09E_qda_reg025_full58_followup_v1,mt5_tier_b_fallback_only_validation_is,Tier B,trading_risk_execution,runtime_probe,completed,inconclusive_tier_b_fallback_only_runtime_probe,C:/Users/awdse/AppData/Roaming/MetaQuotes/Terminal/D0E8209F77C8CF37AD8BF550E51FF075/MQL5/Experts/Project_Obsidian_Prime_v2/stages/16_model_family_challenge__qda_class_covariance_scout/02_runs/run09E_qda_reg025_full58_followup_v1/mt5/reports/Project_Obsidian_Prime_v2_run09E_qda_reg025_full58_followup_v1_tier_b_fallback_only_validation_is.htm,net_profit=120.27;pf=4.9;expectancy=8.59;trades=14;win_rate=57.14,"labelable=2366;feature_ready=2366;model_ok=2366;no_tier_labelable=203;max_dd=57.43;recovery=2.09;fill=26;reject=0;skip=50442;subtypes={""B_core_only"":25,""B_macro_missing"":2126,""B_mixed_partial_context"":215}",completed,Tier B fallback-only standalone MT5 tester run.
run09E_qda_reg025_full58_followup_v1__mt5_routed_tier_a_used_validation_is,16_model_family_challenge__qda_class_covariance_scout,run09E_qda_reg025_full58_followup_v1,mt5_routed_tier_a_used_validation_is,run09E_qda_reg025_full58_followup_v1,mt5_routed_tier_a_used_validation_is,Tier A,routed_signal_execution_usage,runtime_probe,completed,inconclusive_routed_component_runtime_probe,C:/Users/awdse/AppData/Roaming/MetaQuotes/Terminal/D0E8209F77C8CF37AD8BF550E51FF075/MQL5/Experts/Project_Obsidian_Prime_v2/stages/16_model_family_challenge__qda_class_covariance_scout/02_runs/run09E_qda_reg025_full58_followup_v1/kpi_record.json,route_bars=9844;route_share=0.806224;signals=985;long=782;short=203;fills=543,profit_attribution=not_separable_from_single_routed_account_path;reject=0;skip=0;subtypes=NA,completed,Tier A primary used component from one routed MT5 tester run.
run09E_qda_reg025_full58_followup_v1__mt5_routed_tier_b_fallback_used_validation_is,16_model_family_challenge__qda_class_covariance_scout,run09E_qda_reg025_full58_followup_v1,mt5_routed_tier_b_fallback_used_validation_is,run09E_qda_reg025_full58_followup_v1,mt5_routed_tier_b_fallback_used_validation_is,Tier B,routed_signal_execution_usage,runtime_probe,completed,inconclusive_routed_component_runtime_probe,C:/Users/awdse/AppData/Roaming/MetaQuotes/Terminal/D0E8209F77C8CF37AD8BF550E51FF075/MQL5/Experts/Project_Obsidian_Prime_v2/stages/16_model_family_challenge__qda_class_covariance_scout/02_runs/run09E_qda_reg025_full58_followup_v1/kpi_record.json,route_bars=2366;route_share=0.193776;signals=18;long=15;short=3;fills=27,"profit_attribution=not_separable_from_single_routed_account_path;reject=0;skip=0;subtypes={""B_core_only"":25,""B_macro_missing"":2126,""B_mixed_partial_context"":215}",completed,Tier B partial-context fallback used component from one routed MT5 tester run.
run09E_qda_reg025_full58_followup_v1__mt5_routed_total_validation_is,16_model_family_challenge__qda_class_covariance_scout,run09E_qda_reg025_full58_followup_v1,mt5_routed_total_validation_is,run09E_qda_reg025_full58_followup_v1,mt5_routed_total_validation_is,Tier A+B,trading_risk_execution,runtime_probe,completed,inconclusive_routed_total_runtime_probe,C:/Users/awdse/AppData/Roaming/MetaQuotes/Terminal/D0E8209F77C8CF37AD8BF550E51FF075/MQL5/Experts/Project_Obsidian_Prime_v2/stages/16_model_family_challenge__qda_class_covariance_scout/02_runs/run09E_qda_reg025_full58_followup_v1/mt5/reports/Project_Obsidian_Prime_v2_run09E_qda_reg025_full58_followup_v1_routed_validation_is.htm,net_profit=-136.59;pf=0.92;expectancy=-0.41;trades=336;win_rate=52.08,a_used=9844;b_fallback=2366;no_tier_labelable=203;max_dd=323.86;recovery=-0.42;fill=570;reject=0;skip=40598,completed,Actual routed total from one MT5 tester account path; not a synthetic sum.
run09E_qda_reg025_full58_followup_v1__mt5_tier_a_only_oos,16_model_family_challenge__qda_class_covariance_scout,run09E_qda_reg025_full58_followup_v1,mt5_tier_a_only_oos,run09E_qda_reg025_full58_followup_v1,mt5_tier_a_only_oos,Tier A,trading_risk_execution,runtime_probe,completed,inconclusive_tier_only_runtime_probe,C:/Users/awdse/AppData/Roaming/MetaQuotes/Terminal/D0E8209F77C8CF37AD8BF550E51FF075/MQL5/Experts/Project_Obsidian_Prime_v2/stages/16_model_family_challenge__qda_class_covariance_scout/02_runs/run09E_qda_reg025_full58_followup_v1/mt5/reports/Project_Obsidian_Prime_v2_run09E_qda_reg025_full58_followup_v1_tier_a_only_oos.htm,net_profit=74.85;pf=1.07;expectancy=0.3;trades=249;win_rate=52.21,labelable=7584;feature_ready=7584;model_ok=7584;no_tier_labelable=159;max_dd=180.76;recovery=0.41;fill=439;reject=0;skip=29753;subtypes=NA,completed,Tier A only standalone MT5 tester run.
run09E_qda_reg025_full58_followup_v1__mt5_tier_b_fallback_only_oos,16_model_family_challenge__qda_class_covariance_scout,run09E_qda_reg025_full58_followup_v1,mt5_tier_b_fallback_only_oos,run09E_qda_reg025_full58_followup_v1,mt5_tier_b_fallback_only_oos,Tier B,trading_risk_execution,runtime_probe,completed,inconclusive_tier_b_fallback_only_runtime_probe,C:/Users/awdse/AppData/Roaming/MetaQuotes/Terminal/D0E8209F77C8CF37AD8BF550E51FF075/MQL5/Experts/Project_Obsidian_Prime_v2/stages/16_model_family_challenge__qda_class_covariance_scout/02_runs/run09E_qda_reg025_full58_followup_v1/mt5/reports/Project_Obsidian_Prime_v2_run09E_qda_reg025_full58_followup_v1_tier_b_fallback_only_oos.htm,net_profit=146.14;pf=1.57;expectancy=9.13;trades=16;win_rate=50,"labelable=1062;feature_ready=1062;model_ok=1062;no_tier_labelable=159;max_dd=154.51;recovery=0.95;fill=29;reject=0;skip=36275;subtypes={""B_core_only"":24,""B_full_context_outside_tier_a_scope"":1,""B_macro_missing"":809,""B_mixed_partial_context"":228}",completed,Tier B fallback-only standalone MT5 tester run.
run09E_qda_reg025_full58_followup_v1__mt5_routed_tier_a_used_oos,16_model_family_challenge__qda_class_covariance_scout,run09E_qda_reg025_full58_followup_v1,mt5_routed_tier_a_used_oos,run09E_qda_reg025_full58_followup_v1,mt5_routed_tier_a_used_oos,Tier A,routed_signal_execution_usage,runtime_probe,completed,inconclusive_routed_component_runtime_probe,C:/Users/awdse/AppData/Roaming/MetaQuotes/Terminal/D0E8209F77C8CF37AD8BF550E51FF075/MQL5/Experts/Project_Obsidian_Prime_v2/stages/16_model_family_challenge__qda_class_covariance_scout/02_runs/run09E_qda_reg025_full58_followup_v1/kpi_record.json,route_bars=7584;route_share=0.877169;signals=913;long=658;short=255;fills=437,profit_attribution=not_separable_from_single_routed_account_path;reject=0;skip=0;subtypes=NA,completed,Tier A primary used component from one routed MT5 tester run.
run09E_qda_reg025_full58_followup_v1__mt5_routed_tier_b_fallback_used_oos,16_model_family_challenge__qda_class_covariance_scout,run09E_qda_reg025_full58_followup_v1,mt5_routed_tier_b_fallback_used_oos,run09E_qda_reg025_full58_followup_v1,mt5_routed_tier_b_fallback_used_oos,Tier B,routed_signal_execution_usage,runtime_probe,completed,inconclusive_routed_component_runtime_probe,C:/Users/awdse/AppData/Roaming/MetaQuotes/Terminal/D0E8209F77C8CF37AD8BF550E51FF075/MQL5/Experts/Project_Obsidian_Prime_v2/stages/16_model_family_challenge__qda_class_covariance_scout/02_runs/run09E_qda_reg025_full58_followup_v1/kpi_record.json,route_bars=1062;route_share=0.122831;signals=50;long=33;short=17;fills=18,"profit_attribution=not_separable_from_single_routed_account_path;reject=0;skip=0;subtypes={""B_core_only"":24,""B_full_context_outside_tier_a_scope"":1,""B_macro_missing"":809,""B_mixed_partial_context"":228}",completed,Tier B partial-context fallback used component from one routed MT5 tester run.
run09E_qda_reg025_full58_followup_v1__mt5_routed_total_oos,16_model_family_challenge__qda_class_covariance_scout,run09E_qda_reg025_full58_followup_v1,mt5_routed_total_oos,run09E_qda_reg025_full58_followup_v1,mt5_routed_total_oos,Tier A+B,trading_risk_execution,runtime_probe,completed,inconclusive_routed_total_runtime_probe,C:/Users/awdse/AppData/Roaming/MetaQuotes/Terminal/D0E8209F77C8CF37AD8BF550E51FF075/MQL5/Experts/Project_Obsidian_Prime_v2/stages/16_model_family_challenge__qda_class_covariance_scout/02_runs/run09E_qda_reg025_full58_followup_v1/mt5/reports/Project_Obsidian_Prime_v2_run09E_qda_reg025_full58_followup_v1_routed_oos.htm,net_profit=87.01;pf=1.08;expectancy=0.34;trades=255;win_rate=51.76,a_used=7584;b_fallback=1062;no_tier_labelable=159;max_dd=177.48;recovery=0.49;fill=455;reject=0;skip=28691,completed,Actual routed total from one MT5 tester account path; not a synthetic sum.
run09F_qda_reg015_drop_macro6_followup_v1__python_tier_a_separate,16_model_family_challenge__qda_class_covariance_scout,run09F_qda_reg015_drop_macro6_followup_v1,python_tier_a_separate,run09F_qda_reg015_drop_macro6_followup_v1,python_tier_a_separate,Tier A,signal_probability_threshold,structural_scout,completed,inconclusive_single_split_scout_payload,stages/16_model_family_challenge__qda_class_covariance_scout/02_runs/run09F_qda_reg015_drop_macro6_followup_v1/predictions/tier_a_separate_predictions.parquet,rows=46650;signal_coverage=0.0772776;signal_count=3605;short=2102;long=1503,prob_sum_err=3.33067e-16;selected_threshold=validation_nonflat_q0.90;threshold_ids=q0.90;subtype_counts=NA,out_of_scope_by_claim,Tier A full-context primary view
run09F_qda_reg015_drop_macro6_followup_v1__python_tier_b_separate,16_model_family_challenge__qda_class_covariance_scout,run09F_qda_reg015_drop_macro6_followup_v1,python_tier_b_separate,run09F_qda_reg015_drop_macro6_followup_v1,python_tier_b_separate,Tier B,signal_probability_threshold,structural_scout,completed,inconclusive_single_split_scout_payload,stages/16_model_family_challenge__qda_class_covariance_scout/02_runs/run09F_qda_reg015_drop_macro6_followup_v1/predictions/tier_b_separate_predictions.parquet,rows=12398;signal_coverage=0.0276658;signal_count=343;short=256;long=87,"prob_sum_err=3.33067e-16;selected_threshold=validation_nonflat_q0.90;threshold_ids=q0.90;subtype_counts={""B_constituent_missing"":1,""B_core_only"":200,""B_full_context_outside_tier_a_scope"":217,""B_macro_missing"":10740,""B_mixed_partial_context"":1240}",out_of_scope_by_claim,Tier B partial-context fallback-only view
run09F_qda_reg015_drop_macro6_followup_v1__python_tier_ab_combined,16_model_family_challenge__qda_class_covariance_scout,run09F_qda_reg015_drop_macro6_followup_v1,python_tier_ab_combined,run09F_qda_reg015_drop_macro6_followup_v1,python_tier_ab_combined,Tier A+B,signal_probability_threshold,structural_scout,completed,inconclusive_single_split_scout_payload,stages/16_model_family_challenge__qda_class_covariance_scout/02_runs/run09F_qda_reg015_drop_macro6_followup_v1/predictions/tier_ab_combined_predictions.parquet,rows=59048;signal_coverage=0.0644222;signal_count=3804;short=2239;long=1565,"prob_sum_err=3.33067e-16;selected_threshold=validation_nonflat_q0.90;threshold_ids=q0.90;subtype_counts={""B_constituent_missing"":1,""B_core_only"":200,""B_full_context_outside_tier_a_scope"":217,""B_macro_missing"":10740,""B_mixed_partial_context"":1240,""Tier_A_full_context"":46650}",out_of_scope_by_claim,Tier A primary plus Tier B fallback routed Python view
run09F_qda_reg015_drop_macro6_followup_v1__mt5_tier_a_only_validation_is,16_model_family_challenge__qda_class_covariance_scout,run09F_qda_reg015_drop_macro6_followup_v1,mt5_tier_a_only_validation_is,run09F_qda_reg015_drop_macro6_followup_v1,mt5_tier_a_only_validation_is,Tier A,trading_risk_execution,runtime_probe,completed,inconclusive_tier_only_runtime_probe,C:/Users/awdse/AppData/Roaming/MetaQuotes/Terminal/D0E8209F77C8CF37AD8BF550E51FF075/MQL5/Experts/Project_Obsidian_Prime_v2/stages/16_model_family_challenge__qda_class_covariance_scout/02_runs/run09F_qda_reg015_drop_macro6_followup_v1/mt5/reports/Project_Obsidian_Prime_v2_run09F_qda_reg015_drop_macro6_followup_v1_tier_a_only_validation_is.htm,net_profit=103.55;pf=1.07;expectancy=0.34;trades=304;win_rate=48.36,labelable=9844;feature_ready=9844;model_ok=9844;no_tier_labelable=203;max_dd=236.29;recovery=0.44;fill=519;reject=0;skip=42964;subtypes=NA,completed,Tier A only standalone MT5 tester run.
run09F_qda_reg015_drop_macro6_followup_v1__mt5_tier_b_fallback_only_validation_is,16_model_family_challenge__qda_class_covariance_scout,run09F_qda_reg015_drop_macro6_followup_v1,mt5_tier_b_fallback_only_validation_is,run09F_qda_reg015_drop_macro6_followup_v1,mt5_tier_b_fallback_only_validation_is,Tier B,trading_risk_execution,runtime_probe,completed,inconclusive_tier_b_fallback_only_runtime_probe,C:/Users/awdse/AppData/Roaming/MetaQuotes/Terminal/D0E8209F77C8CF37AD8BF550E51FF075/MQL5/Experts/Project_Obsidian_Prime_v2/stages/16_model_family_challenge__qda_class_covariance_scout/02_runs/run09F_qda_reg015_drop_macro6_followup_v1/mt5/reports/Project_Obsidian_Prime_v2_run09F_qda_reg015_drop_macro6_followup_v1_tier_b_fallback_only_validation_is.htm,net_profit=53.5;pf=1.5;expectancy=4.86;trades=11;win_rate=36.36,"labelable=2366;feature_ready=2366;model_ok=2366;no_tier_labelable=203;max_dd=91.29;recovery=0.59;fill=21;reject=0;skip=50442;subtypes={""B_core_only"":25,""B_macro_missing"":2126,""B_mixed_partial_context"":215}",completed,Tier B fallback-only standalone MT5 tester run.
run09F_qda_reg015_drop_macro6_followup_v1__mt5_routed_tier_a_used_validation_is,16_model_family_challenge__qda_class_covariance_scout,run09F_qda_reg015_drop_macro6_followup_v1,mt5_routed_tier_a_used_validation_is,run09F_qda_reg015_drop_macro6_followup_v1,mt5_routed_tier_a_used_validation_is,Tier A,routed_signal_execution_usage,runtime_probe,completed,inconclusive_routed_component_runtime_probe,C:/Users/awdse/AppData/Roaming/MetaQuotes/Terminal/D0E8209F77C8CF37AD8BF550E51FF075/MQL5/Experts/Project_Obsidian_Prime_v2/stages/16_model_family_challenge__qda_class_covariance_scout/02_runs/run09F_qda_reg015_drop_macro6_followup_v1/kpi_record.json,route_bars=9844;route_share=0.806224;signals=985;long=381;short=604;fills=510,profit_attribution=not_separable_from_single_routed_account_path;reject=0;skip=0;subtypes=NA,completed,Tier A primary used component from one routed MT5 tester run.
run09F_qda_reg015_drop_macro6_followup_v1__mt5_routed_tier_b_fallback_used_validation_is,16_model_family_challenge__qda_class_covariance_scout,run09F_qda_reg015_drop_macro6_followup_v1,mt5_routed_tier_b_fallback_used_validation_is,run09F_qda_reg015_drop_macro6_followup_v1,mt5_routed_tier_b_fallback_used_validation_is,Tier B,routed_signal_execution_usage,runtime_probe,completed,inconclusive_routed_component_runtime_probe,C:/Users/awdse/AppData/Roaming/MetaQuotes/Terminal/D0E8209F77C8CF37AD8BF550E51FF075/MQL5/Experts/Project_Obsidian_Prime_v2/stages/16_model_family_challenge__qda_class_covariance_scout/02_runs/run09F_qda_reg015_drop_macro6_followup_v1/kpi_record.json,route_bars=2366;route_share=0.193776;signals=19;long=7;short=12;fills=31,"profit_attribution=not_separable_from_single_routed_account_path;reject=0;skip=0;subtypes={""B_core_only"":25,""B_macro_missing"":2126,""B_mixed_partial_context"":215}",completed,Tier B partial-context fallback used component from one routed MT5 tester run.
run09F_qda_reg015_drop_macro6_followup_v1__mt5_routed_total_validation_is,16_model_family_challenge__qda_class_covariance_scout,run09F_qda_reg015_drop_macro6_followup_v1,mt5_routed_total_validation_is,run09F_qda_reg015_drop_macro6_followup_v1,mt5_routed_total_validation_is,Tier A+B,trading_risk_execution,runtime_probe,completed,inconclusive_routed_total_runtime_probe,C:/Users/awdse/AppData/Roaming/MetaQuotes/Terminal/D0E8209F77C8CF37AD8BF550E51FF075/MQL5/Experts/Project_Obsidian_Prime_v2/stages/16_model_family_challenge__qda_class_covariance_scout/02_runs/run09F_qda_reg015_drop_macro6_followup_v1/mt5/reports/Project_Obsidian_Prime_v2_run09F_qda_reg015_drop_macro6_followup_v1_routed_validation_is.htm,net_profit=128.95;pf=1.09;expectancy=0.41;trades=315;win_rate=48.25,a_used=9844;b_fallback=2366;no_tier_labelable=203;max_dd=255.47;recovery=0.5;fill=541;reject=0;skip=40598,completed,Actual routed total from one MT5 tester account path; not a synthetic sum.
run09F_qda_reg015_drop_macro6_followup_v1__mt5_tier_a_only_oos,16_model_family_challenge__qda_class_covariance_scout,run09F_qda_reg015_drop_macro6_followup_v1,mt5_tier_a_only_oos,run09F_qda_reg015_drop_macro6_followup_v1,mt5_tier_a_only_oos,Tier A,trading_risk_execution,runtime_probe,completed,inconclusive_tier_only_runtime_probe,C:/Users/awdse/AppData/Roaming/MetaQuotes/Terminal/D0E8209F77C8CF37AD8BF550E51FF075/MQL5/Experts/Project_Obsidian_Prime_v2/stages/16_model_family_challenge__qda_class_covariance_scout/02_runs/run09F_qda_reg015_drop_macro6_followup_v1/mt5/reports/Project_Obsidian_Prime_v2_run09F_qda_reg015_drop_macro6_followup_v1_tier_a_only_oos.htm,net_profit=-404.87;pf=0.71;expectancy=-1.69;trades=240;win_rate=45.42,labelable=7584;feature_ready=7584;model_ok=7584;no_tier_labelable=159;max_dd=511.12;recovery=-0.79;fill=419;reject=0;skip=29753;subtypes=NA,completed,Tier A only standalone MT5 tester run.
run09F_qda_reg015_drop_macro6_followup_v1__mt5_tier_b_fallback_only_oos,16_model_family_challenge__qda_class_covariance_scout,run09F_qda_reg015_drop_macro6_followup_v1,mt5_tier_b_fallback_only_oos,run09F_qda_reg015_drop_macro6_followup_v1,mt5_tier_b_fallback_only_oos,Tier B,trading_risk_execution,runtime_probe,completed,inconclusive_tier_b_fallback_only_runtime_probe,C:/Users/awdse/AppData/Roaming/MetaQuotes/Terminal/D0E8209F77C8CF37AD8BF550E51FF075/MQL5/Experts/Project_Obsidian_Prime_v2/stages/16_model_family_challenge__qda_class_covariance_scout/02_runs/run09F_qda_reg015_drop_macro6_followup_v1/mt5/reports/Project_Obsidian_Prime_v2_run09F_qda_reg015_drop_macro6_followup_v1_tier_b_fallback_only_oos.htm,net_profit=-91.25;pf=0.79;expectancy=-4.56;trades=20;win_rate=45,"labelable=1062;feature_ready=1062;model_ok=1062;no_tier_labelable=159;max_dd=226.34;recovery=-0.4;fill=36;reject=0;skip=36275;subtypes={""B_core_only"":24,""B_full_context_outside_tier_a_scope"":1,""B_macro_missing"":809,""B_mixed_partial_context"":228}",completed,Tier B fallback-only standalone MT5 tester run.
run09F_qda_reg015_drop_macro6_followup_v1__mt5_routed_tier_a_used_oos,16_model_family_challenge__qda_class_covariance_scout,run09F_qda_reg015_drop_macro6_followup_v1,mt5_routed_tier_a_used_oos,run09F_qda_reg015_drop_macro6_followup_v1,mt5_routed_tier_a_used_oos,Tier A,routed_signal_execution_usage,runtime_probe,completed,inconclusive_routed_component_runtime_probe,C:/Users/awdse/AppData/Roaming/MetaQuotes/Terminal/D0E8209F77C8CF37AD8BF550E51FF075/MQL5/Experts/Project_Obsidian_Prime_v2/stages/16_model_family_challenge__qda_class_covariance_scout/02_runs/run09F_qda_reg015_drop_macro6_followup_v1/kpi_record.json,route_bars=7584;route_share=0.877169;signals=851;long=213;short=638;fills=420,profit_attribution=not_separable_from_single_routed_account_path;reject=0;skip=0;subtypes=NA,completed,Tier A primary used component from one routed MT5 tester run.
run09F_qda_reg015_drop_macro6_followup_v1__mt5_routed_tier_b_fallback_used_oos,16_model_family_challenge__qda_class_covariance_scout,run09F_qda_reg015_drop_macro6_followup_v1,mt5_routed_tier_b_fallback_used_oos,run09F_qda_reg015_drop_macro6_followup_v1,mt5_routed_tier_b_fallback_used_oos,Tier B,routed_signal_execution_usage,runtime_probe,completed,inconclusive_routed_component_runtime_probe,C:/Users/awdse/AppData/Roaming/MetaQuotes/Terminal/D0E8209F77C8CF37AD8BF550E51FF075/MQL5/Experts/Project_Obsidian_Prime_v2/stages/16_model_family_challenge__qda_class_covariance_scout/02_runs/run09F_qda_reg015_drop_macro6_followup_v1/kpi_record.json,route_bars=1062;route_share=0.122831;signals=67;long=17;short=50;fills=21,"profit_attribution=not_separable_from_single_routed_account_path;reject=0;skip=0;subtypes={""B_core_only"":24,""B_full_context_outside_tier_a_scope"":1,""B_macro_missing"":809,""B_mixed_partial_context"":228}",completed,Tier B partial-context fallback used component from one routed MT5 tester run.
run09F_qda_reg015_drop_macro6_followup_v1__mt5_routed_total_oos,16_model_family_challenge__qda_class_covariance_scout,run09F_qda_reg015_drop_macro6_followup_v1,mt5_routed_total_oos,run09F_qda_reg015_drop_macro6_followup_v1,mt5_routed_total_oos,Tier A+B,trading_risk_execution,runtime_probe,completed,inconclusive_routed_total_runtime_probe,C:/Users/awdse/AppData/Roaming/MetaQuotes/Terminal/D0E8209F77C8CF37AD8BF550E51FF075/MQL5/Experts/Project_Obsidian_Prime_v2/stages/16_model_family_challenge__qda_class_covariance_scout/02_runs/run09F_qda_reg015_drop_macro6_followup_v1/mt5/reports/Project_Obsidian_Prime_v2_run09F_qda_reg015_drop_macro6_followup_v1_routed_oos.htm,net_profit=-296.87;pf=0.78;expectancy=-1.2;trades=248;win_rate=46.37,a_used=7584;b_fallback=1062;no_tier_labelable=159;max_dd=486.33;recovery=-0.61;fill=441;reject=0;skip=28691,completed,Actual routed total from one MT5 tester account path; not a synthetic sum.
run09G_qda_reg015_drop_mega10_followup_v1__python_tier_a_separate,16_model_family_challenge__qda_class_covariance_scout,run09G_qda_reg015_drop_mega10_followup_v1,python_tier_a_separate,run09G_qda_reg015_drop_mega10_followup_v1,python_tier_a_separate,Tier A,signal_probability_threshold,structural_scout,completed,inconclusive_single_split_scout_payload,stages/16_model_family_challenge__qda_class_covariance_scout/02_runs/run09G_qda_reg015_drop_mega10_followup_v1/predictions/tier_a_separate_predictions.parquet,rows=46650;signal_coverage=0.070075;signal_count=3269;short=1210;long=2059,prob_sum_err=4.44089e-16;selected_threshold=validation_nonflat_q0.90;threshold_ids=q0.90;subtype_counts=NA,out_of_scope_by_claim,Tier A full-context primary view
run09G_qda_reg015_drop_mega10_followup_v1__python_tier_b_separate,16_model_family_challenge__qda_class_covariance_scout,run09G_qda_reg015_drop_mega10_followup_v1,python_tier_b_separate,run09G_qda_reg015_drop_mega10_followup_v1,python_tier_b_separate,Tier B,signal_probability_threshold,structural_scout,completed,inconclusive_single_split_scout_payload,stages/16_model_family_challenge__qda_class_covariance_scout/02_runs/run09G_qda_reg015_drop_mega10_followup_v1/predictions/tier_b_separate_predictions.parquet,rows=12398;signal_coverage=0.0223423;signal_count=277;short=162;long=115,"prob_sum_err=3.33067e-16;selected_threshold=validation_nonflat_q0.90;threshold_ids=q0.90;subtype_counts={""B_constituent_missing"":1,""B_core_only"":200,""B_full_context_outside_tier_a_scope"":217,""B_macro_missing"":10740,""B_mixed_partial_context"":1240}",out_of_scope_by_claim,Tier B partial-context fallback-only view
run09G_qda_reg015_drop_mega10_followup_v1__python_tier_ab_combined,16_model_family_challenge__qda_class_covariance_scout,run09G_qda_reg015_drop_mega10_followup_v1,python_tier_ab_combined,run09G_qda_reg015_drop_mega10_followup_v1,python_tier_ab_combined,Tier A+B,signal_probability_threshold,structural_scout,completed,inconclusive_single_split_scout_payload,stages/16_model_family_challenge__qda_class_covariance_scout/02_runs/run09G_qda_reg015_drop_mega10_followup_v1/predictions/tier_ab_combined_predictions.parquet,rows=59048;signal_coverage=0.0575633;signal_count=3399;short=1283;long=2116,"prob_sum_err=4.44089e-16;selected_threshold=validation_nonflat_q0.90;threshold_ids=q0.90;subtype_counts={""B_constituent_missing"":1,""B_core_only"":200,""B_full_context_outside_tier_a_scope"":217,""B_macro_missing"":10740,""B_mixed_partial_context"":1240,""Tier_A_full_context"":46650}",out_of_scope_by_claim,Tier A primary plus Tier B fallback routed Python view
run09G_qda_reg015_drop_mega10_followup_v1__mt5_tier_a_only_validation_is,16_model_family_challenge__qda_class_covariance_scout,run09G_qda_reg015_drop_mega10_followup_v1,mt5_tier_a_only_validation_is,run09G_qda_reg015_drop_mega10_followup_v1,mt5_tier_a_only_validation_is,Tier A,trading_risk_execution,runtime_probe,completed,inconclusive_tier_only_runtime_probe,C:/Users/awdse/AppData/Roaming/MetaQuotes/Terminal/D0E8209F77C8CF37AD8BF550E51FF075/MQL5/Experts/Project_Obsidian_Prime_v2/stages/16_model_family_challenge__qda_class_covariance_scout/02_runs/run09G_qda_reg015_drop_mega10_followup_v1/mt5/reports/Project_Obsidian_Prime_v2_run09G_qda_reg015_drop_mega10_followup_v1_tier_a_only_validation_is.htm,net_profit=114.73;pf=1.1;expectancy=0.56;trades=206;win_rate=53.88,labelable=9844;feature_ready=9844;model_ok=9844;no_tier_labelable=203;max_dd=281.53;recovery=0.41;fill=385;reject=0;skip=42964;subtypes=NA,completed,Tier A only standalone MT5 tester run.
run09G_qda_reg015_drop_mega10_followup_v1__mt5_tier_b_fallback_only_validation_is,16_model_family_challenge__qda_class_covariance_scout,run09G_qda_reg015_drop_mega10_followup_v1,mt5_tier_b_fallback_only_validation_is,run09G_qda_reg015_drop_mega10_followup_v1,mt5_tier_b_fallback_only_validation_is,Tier B,trading_risk_execution,runtime_probe,completed,inconclusive_tier_b_fallback_only_runtime_probe,C:/Users/awdse/AppData/Roaming/MetaQuotes/Terminal/D0E8209F77C8CF37AD8BF550E51FF075/MQL5/Experts/Project_Obsidian_Prime_v2/stages/16_model_family_challenge__qda_class_covariance_scout/02_runs/run09G_qda_reg015_drop_mega10_followup_v1/mt5/reports/Project_Obsidian_Prime_v2_run09G_qda_reg015_drop_mega10_followup_v1_tier_b_fallback_only_validation_is.htm,net_profit=-63.5;pf=0.27;expectancy=-6.35;trades=10;win_rate=60,"labelable=2366;feature_ready=2366;model_ok=2366;no_tier_labelable=203;max_dd=146.32;recovery=-0.43;fill=19;reject=0;skip=50442;subtypes={""B_core_only"":25,""B_macro_missing"":2126,""B_mixed_partial_context"":215}",completed,Tier B fallback-only standalone MT5 tester run.
run09G_qda_reg015_drop_mega10_followup_v1__mt5_routed_tier_a_used_validation_is,16_model_family_challenge__qda_class_covariance_scout,run09G_qda_reg015_drop_mega10_followup_v1,mt5_routed_tier_a_used_validation_is,run09G_qda_reg015_drop_mega10_followup_v1,mt5_routed_tier_a_used_validation_is,Tier A,routed_signal_execution_usage,runtime_probe,completed,inconclusive_routed_component_runtime_probe,C:/Users/awdse/AppData/Roaming/MetaQuotes/Terminal/D0E8209F77C8CF37AD8BF550E51FF075/MQL5/Experts/Project_Obsidian_Prime_v2/stages/16_model_family_challenge__qda_class_covariance_scout/02_runs/run09G_qda_reg015_drop_mega10_followup_v1/kpi_record.json,route_bars=9844;route_share=0.806224;signals=985;long=715;short=270;fills=385,profit_attribution=not_separable_from_single_routed_account_path;reject=0;skip=0;subtypes=NA,completed,Tier A primary used component from one routed MT5 tester run.
run09G_qda_reg015_drop_mega10_followup_v1__mt5_routed_tier_b_fallback_used_validation_is,16_model_family_challenge__qda_class_covariance_scout,run09G_qda_reg015_drop_mega10_followup_v1,mt5_routed_tier_b_fallback_used_validation_is,run09G_qda_reg015_drop_mega10_followup_v1,mt5_routed_tier_b_fallback_used_validation_is,Tier B,routed_signal_execution_usage,runtime_probe,completed,inconclusive_routed_component_runtime_probe,C:/Users/awdse/AppData/Roaming/MetaQuotes/Terminal/D0E8209F77C8CF37AD8BF550E51FF075/MQL5/Experts/Project_Obsidian_Prime_v2/stages/16_model_family_challenge__qda_class_covariance_scout/02_runs/run09G_qda_reg015_drop_mega10_followup_v1/kpi_record.json,route_bars=2366;route_share=0.193776;signals=18;long=14;short=4;fills=18,"profit_attribution=not_separable_from_single_routed_account_path;reject=0;skip=0;subtypes={""B_core_only"":25,""B_macro_missing"":2126,""B_mixed_partial_context"":215}",completed,Tier B partial-context fallback used component from one routed MT5 tester run.
run09G_qda_reg015_drop_mega10_followup_v1__mt5_routed_total_validation_is,16_model_family_challenge__qda_class_covariance_scout,run09G_qda_reg015_drop_mega10_followup_v1,mt5_routed_total_validation_is,run09G_qda_reg015_drop_mega10_followup_v1,mt5_routed_total_validation_is,Tier A+B,trading_risk_execution,runtime_probe,completed,inconclusive_routed_total_runtime_probe,C:/Users/awdse/AppData/Roaming/MetaQuotes/Terminal/D0E8209F77C8CF37AD8BF550E51FF075/MQL5/Experts/Project_Obsidian_Prime_v2/stages/16_model_family_challenge__qda_class_covariance_scout/02_runs/run09G_qda_reg015_drop_mega10_followup_v1/mt5/reports/Project_Obsidian_Prime_v2_run09G_qda_reg015_drop_mega10_followup_v1_routed_validation_is.htm,net_profit=118.99;pf=1.11;expectancy=0.55;trades=216;win_rate=55.09,a_used=9844;b_fallback=2366;no_tier_labelable=203;max_dd=274.47;recovery=0.43;fill=403;reject=0;skip=40598,completed,Actual routed total from one MT5 tester account path; not a synthetic sum.
run09G_qda_reg015_drop_mega10_followup_v1__mt5_tier_a_only_oos,16_model_family_challenge__qda_class_covariance_scout,run09G_qda_reg015_drop_mega10_followup_v1,mt5_tier_a_only_oos,run09G_qda_reg015_drop_mega10_followup_v1,mt5_tier_a_only_oos,Tier A,trading_risk_execution,runtime_probe,completed,inconclusive_tier_only_runtime_probe,C:/Users/awdse/AppData/Roaming/MetaQuotes/Terminal/D0E8209F77C8CF37AD8BF550E51FF075/MQL5/Experts/Project_Obsidian_Prime_v2/stages/16_model_family_challenge__qda_class_covariance_scout/02_runs/run09G_qda_reg015_drop_mega10_followup_v1/mt5/reports/Project_Obsidian_Prime_v2_run09G_qda_reg015_drop_mega10_followup_v1_tier_a_only_oos.htm,net_profit=409.59;pf=1.56;expectancy=2.51;trades=163;win_rate=55.83,labelable=7584;feature_ready=7584;model_ok=7584;no_tier_labelable=159;max_dd=136.95;recovery=2.99;fill=312;reject=0;skip=29753;subtypes=NA,completed,Tier A only standalone MT5 tester run.
run09G_qda_reg015_drop_mega10_followup_v1__mt5_tier_b_fallback_only_oos,16_model_family_challenge__qda_class_covariance_scout,run09G_qda_reg015_drop_mega10_followup_v1,mt5_tier_b_fallback_only_oos,run09G_qda_reg015_drop_mega10_followup_v1,mt5_tier_b_fallback_only_oos,Tier B,trading_risk_execution,runtime_probe,completed,inconclusive_tier_b_fallback_only_runtime_probe,C:/Users/awdse/AppData/Roaming/MetaQuotes/Terminal/D0E8209F77C8CF37AD8BF550E51FF075/MQL5/Experts/Project_Obsidian_Prime_v2/stages/16_model_family_challenge__qda_class_covariance_scout/02_runs/run09G_qda_reg015_drop_mega10_followup_v1/mt5/reports/Project_Obsidian_Prime_v2_run09G_qda_reg015_drop_mega10_followup_v1_tier_b_fallback_only_oos.htm,net_profit=324.28;pf=3.48;expectancy=24.94;trades=13;win_rate=69.23,"labelable=1062;feature_ready=1062;model_ok=1062;no_tier_labelable=159;max_dd=114.04;recovery=2.84;fill=24;reject=0;skip=36275;subtypes={""B_core_only"":24,""B_full_context_outside_tier_a_scope"":1,""B_macro_missing"":809,""B_mixed_partial_context"":228}",completed,Tier B fallback-only standalone MT5 tester run.
run09G_qda_reg015_drop_mega10_followup_v1__mt5_routed_tier_a_used_oos,16_model_family_challenge__qda_class_covariance_scout,run09G_qda_reg015_drop_mega10_followup_v1,mt5_routed_tier_a_used_oos,run09G_qda_reg015_drop_mega10_followup_v1,mt5_routed_tier_a_used_oos,Tier A,routed_signal_execution_usage,runtime_probe,completed,inconclusive_routed_component_runtime_probe,C:/Users/awdse/AppData/Roaming/MetaQuotes/Terminal/D0E8209F77C8CF37AD8BF550E51FF075/MQL5/Experts/Project_Obsidian_Prime_v2/stages/16_model_family_challenge__qda_class_covariance_scout/02_runs/run09G_qda_reg015_drop_mega10_followup_v1/kpi_record.json,route_bars=7584;route_share=0.877169;signals=839;long=487;short=352;fills=309,profit_attribution=not_separable_from_single_routed_account_path;reject=0;skip=0;subtypes=NA,completed,Tier A primary used component from one routed MT5 tester run.
run09G_qda_reg015_drop_mega10_followup_v1__mt5_routed_tier_b_fallback_used_oos,16_model_family_challenge__qda_class_covariance_scout,run09G_qda_reg015_drop_mega10_followup_v1,mt5_routed_tier_b_fallback_used_oos,run09G_qda_reg015_drop_mega10_followup_v1,mt5_routed_tier_b_fallback_used_oos,Tier B,routed_signal_execution_usage,runtime_probe,completed,inconclusive_routed_component_runtime_probe,C:/Users/awdse/AppData/Roaming/MetaQuotes/Terminal/D0E8209F77C8CF37AD8BF550E51FF075/MQL5/Experts/Project_Obsidian_Prime_v2/stages/16_model_family_challenge__qda_class_covariance_scout/02_runs/run09G_qda_reg015_drop_mega10_followup_v1/kpi_record.json,route_bars=1062;route_share=0.122831;signals=37;long=24;short=13;fills=23,"profit_attribution=not_separable_from_single_routed_account_path;reject=0;skip=0;subtypes={""B_core_only"":24,""B_full_context_outside_tier_a_scope"":1,""B_macro_missing"":809,""B_mixed_partial_context"":228}",completed,Tier B partial-context fallback used component from one routed MT5 tester run.
run09G_qda_reg015_drop_mega10_followup_v1__mt5_routed_total_oos,16_model_family_challenge__qda_class_covariance_scout,run09G_qda_reg015_drop_mega10_followup_v1,mt5_routed_total_oos,run09G_qda_reg015_drop_mega10_followup_v1,mt5_routed_total_oos,Tier A+B,trading_risk_execution,runtime_probe,completed,inconclusive_routed_total_runtime_probe,C:/Users/awdse/AppData/Roaming/MetaQuotes/Terminal/D0E8209F77C8CF37AD8BF550E51FF075/MQL5/Experts/Project_Obsidian_Prime_v2/stages/16_model_family_challenge__qda_class_covariance_scout/02_runs/run09G_qda_reg015_drop_mega10_followup_v1/mt5/reports/Project_Obsidian_Prime_v2_run09G_qda_reg015_drop_mega10_followup_v1_routed_oos.htm,net_profit=432.81;pf=1.63;expectancy=2.5;trades=173;win_rate=57.8,a_used=7584;b_fallback=1062;no_tier_labelable=159;max_dd=118.44;recovery=3.65;fill=332;reject=0;skip=28691,completed,Actual routed total from one MT5 tester account path; not a synthetic sum.
run09H_qda_reg015_drop_volatility9_followup_v1__python_tier_a_separate,16_model_family_challenge__qda_class_covariance_scout,run09H_qda_reg015_drop_volatility9_followup_v1,python_tier_a_separate,run09H_qda_reg015_drop_volatility9_followup_v1,python_tier_a_separate,Tier A,signal_probability_threshold,structural_scout,completed,inconclusive_single_split_scout_payload,stages/16_model_family_challenge__qda_class_covariance_scout/02_runs/run09H_qda_reg015_drop_volatility9_followup_v1/predictions/tier_a_separate_predictions.parquet,rows=46650;signal_coverage=0.0870311;signal_count=4060;short=1213;long=2847,prob_sum_err=4.44089e-16;selected_threshold=validation_nonflat_q0.90;threshold_ids=q0.90;subtype_counts=NA,out_of_scope_by_claim,Tier A full-context primary view
run09H_qda_reg015_drop_volatility9_followup_v1__python_tier_b_separate,16_model_family_challenge__qda_class_covariance_scout,run09H_qda_reg015_drop_volatility9_followup_v1,python_tier_b_separate,run09H_qda_reg015_drop_volatility9_followup_v1,python_tier_b_separate,Tier B,signal_probability_threshold,structural_scout,completed,inconclusive_single_split_scout_payload,stages/16_model_family_challenge__qda_class_covariance_scout/02_runs/run09H_qda_reg015_drop_volatility9_followup_v1/predictions/tier_b_separate_predictions.parquet,rows=12398;signal_coverage=0.0210518;signal_count=261;short=174;long=87,"prob_sum_err=4.44089e-16;selected_threshold=validation_nonflat_q0.90;threshold_ids=q0.90;subtype_counts={""B_constituent_missing"":1,""B_core_only"":200,""B_full_context_outside_tier_a_scope"":217,""B_macro_missing"":10740,""B_mixed_partial_context"":1240}",out_of_scope_by_claim,Tier B partial-context fallback-only view
run09H_qda_reg015_drop_volatility9_followup_v1__python_tier_ab_combined,16_model_family_challenge__qda_class_covariance_scout,run09H_qda_reg015_drop_volatility9_followup_v1,python_tier_ab_combined,run09H_qda_reg015_drop_volatility9_followup_v1,python_tier_ab_combined,Tier A+B,signal_probability_threshold,structural_scout,completed,inconclusive_single_split_scout_payload,stages/16_model_family_challenge__qda_class_covariance_scout/02_runs/run09H_qda_reg015_drop_volatility9_followup_v1/predictions/tier_ab_combined_predictions.parquet,rows=59048;signal_coverage=0.0736858;signal_count=4351;short=1400;long=2951,"prob_sum_err=4.44089e-16;selected_threshold=validation_nonflat_q0.90;threshold_ids=q0.90;subtype_counts={""B_constituent_missing"":1,""B_core_only"":200,""B_full_context_outside_tier_a_scope"":217,""B_macro_missing"":10740,""B_mixed_partial_context"":1240,""Tier_A_full_context"":46650}",out_of_scope_by_claim,Tier A primary plus Tier B fallback routed Python view
run09H_qda_reg015_drop_volatility9_followup_v1__mt5_tier_a_only_validation_is,16_model_family_challenge__qda_class_covariance_scout,run09H_qda_reg015_drop_volatility9_followup_v1,mt5_tier_a_only_validation_is,run09H_qda_reg015_drop_volatility9_followup_v1,mt5_tier_a_only_validation_is,Tier A,trading_risk_execution,runtime_probe,completed,inconclusive_tier_only_runtime_probe,C:/Users/awdse/AppData/Roaming/MetaQuotes/Terminal/D0E8209F77C8CF37AD8BF550E51FF075/MQL5/Experts/Project_Obsidian_Prime_v2/stages/16_model_family_challenge__qda_class_covariance_scout/02_runs/run09H_qda_reg015_drop_volatility9_followup_v1/mt5/reports/Project_Obsidian_Prime_v2_run09H_qda_reg015_drop_volatility9_followup_v1_tier_a_only_validation_is.htm,net_profit=110.49;pf=1.07;expectancy=0.27;trades=409;win_rate=48.41,labelable=9844;feature_ready=9844;model_ok=9844;no_tier_labelable=203;max_dd=216.47;recovery=0.51;fill=641;reject=0;skip=42964;subtypes=NA,completed,Tier A only standalone MT5 tester run.
run09H_qda_reg015_drop_volatility9_followup_v1__mt5_tier_b_fallback_only_validation_is,16_model_family_challenge__qda_class_covariance_scout,run09H_qda_reg015_drop_volatility9_followup_v1,mt5_tier_b_fallback_only_validation_is,run09H_qda_reg015_drop_volatility9_followup_v1,mt5_tier_b_fallback_only_validation_is,Tier B,trading_risk_execution,runtime_probe,completed,inconclusive_tier_b_fallback_only_runtime_probe,C:/Users/awdse/AppData/Roaming/MetaQuotes/Terminal/D0E8209F77C8CF37AD8BF550E51FF075/MQL5/Experts/Project_Obsidian_Prime_v2/stages/16_model_family_challenge__qda_class_covariance_scout/02_runs/run09H_qda_reg015_drop_volatility9_followup_v1/mt5/reports/Project_Obsidian_Prime_v2_run09H_qda_reg015_drop_volatility9_followup_v1_tier_b_fallback_only_validation_is.htm,net_profit=-19.15;pf=0.51;expectancy=-1.91;trades=10;win_rate=30,"labelable=2366;feature_ready=2366;model_ok=2366;no_tier_labelable=203;max_dd=92.02;recovery=-0.21;fill=18;reject=0;skip=50442;subtypes={""B_core_only"":25,""B_macro_missing"":2126,""B_mixed_partial_context"":215}",completed,Tier B fallback-only standalone MT5 tester run.
run09H_qda_reg015_drop_volatility9_followup_v1__mt5_routed_tier_a_used_validation_is,16_model_family_challenge__qda_class_covariance_scout,run09H_qda_reg015_drop_volatility9_followup_v1,mt5_routed_tier_a_used_validation_is,run09H_qda_reg015_drop_volatility9_followup_v1,mt5_routed_tier_a_used_validation_is,Tier A,routed_signal_execution_usage,runtime_probe,completed,inconclusive_routed_component_runtime_probe,C:/Users/awdse/AppData/Roaming/MetaQuotes/Terminal/D0E8209F77C8CF37AD8BF550E51FF075/MQL5/Experts/Project_Obsidian_Prime_v2/stages/16_model_family_challenge__qda_class_covariance_scout/02_runs/run09H_qda_reg015_drop_volatility9_followup_v1/kpi_record.json,route_bars=9844;route_share=0.806224;signals=985;long=714;short=271;fills=630,profit_attribution=not_separable_from_single_routed_account_path;reject=0;skip=0;subtypes=NA,completed,Tier A primary used component from one routed MT5 tester run.
run09H_qda_reg015_drop_volatility9_followup_v1__mt5_routed_tier_b_fallback_used_validation_is,16_model_family_challenge__qda_class_covariance_scout,run09H_qda_reg015_drop_volatility9_followup_v1,mt5_routed_tier_b_fallback_used_validation_is,run09H_qda_reg015_drop_volatility9_followup_v1,mt5_routed_tier_b_fallback_used_validation_is,Tier B,routed_signal_execution_usage,runtime_probe,completed,inconclusive_routed_component_runtime_probe,C:/Users/awdse/AppData/Roaming/MetaQuotes/Terminal/D0E8209F77C8CF37AD8BF550E51FF075/MQL5/Experts/Project_Obsidian_Prime_v2/stages/16_model_family_challenge__qda_class_covariance_scout/02_runs/run09H_qda_reg015_drop_volatility9_followup_v1/kpi_record.json,route_bars=2366;route_share=0.193776;signals=16;long=10;short=6;fills=29,"profit_attribution=not_separable_from_single_routed_account_path;reject=0;skip=0;subtypes={""B_core_only"":25,""B_macro_missing"":2126,""B_mixed_partial_context"":215}",completed,Tier B partial-context fallback used component from one routed MT5 tester run.
run09H_qda_reg015_drop_volatility9_followup_v1__mt5_routed_total_validation_is,16_model_family_challenge__qda_class_covariance_scout,run09H_qda_reg015_drop_volatility9_followup_v1,mt5_routed_total_validation_is,run09H_qda_reg015_drop_volatility9_followup_v1,mt5_routed_total_validation_is,Tier A+B,trading_risk_execution,runtime_probe,completed,inconclusive_routed_total_runtime_probe,C:/Users/awdse/AppData/Roaming/MetaQuotes/Terminal/D0E8209F77C8CF37AD8BF550E51FF075/MQL5/Experts/Project_Obsidian_Prime_v2/stages/16_model_family_challenge__qda_class_covariance_scout/02_runs/run09H_qda_reg015_drop_volatility9_followup_v1/mt5/reports/Project_Obsidian_Prime_v2_run09H_qda_reg015_drop_volatility9_followup_v1_routed_validation_is.htm,net_profit=69.7;pf=1.04;expectancy=0.17;trades=421;win_rate=47.74,a_used=9844;b_fallback=2366;no_tier_labelable=203;max_dd=223.05;recovery=0.31;fill=659;reject=0;skip=40598,completed,Actual routed total from one MT5 tester account path; not a synthetic sum.
run09H_qda_reg015_drop_volatility9_followup_v1__mt5_tier_a_only_oos,16_model_family_challenge__qda_class_covariance_scout,run09H_qda_reg015_drop_volatility9_followup_v1,mt5_tier_a_only_oos,run09H_qda_reg015_drop_volatility9_followup_v1,mt5_tier_a_only_oos,Tier A,trading_risk_execution,runtime_probe,completed,inconclusive_tier_only_runtime_probe,C:/Users/awdse/AppData/Roaming/MetaQuotes/Terminal/D0E8209F77C8CF37AD8BF550E51FF075/MQL5/Experts/Project_Obsidian_Prime_v2/stages/16_model_family_challenge__qda_class_covariance_scout/02_runs/run09H_qda_reg015_drop_volatility9_followup_v1/mt5/reports/Project_Obsidian_Prime_v2_run09H_qda_reg015_drop_volatility9_followup_v1_tier_a_only_oos.htm,net_profit=82.91;pf=1.07;expectancy=0.28;trades=292;win_rate=49.32,labelable=7584;feature_ready=7584;model_ok=7584;no_tier_labelable=159;max_dd=203.24;recovery=0.41;fill=469;reject=0;skip=29753;subtypes=NA,completed,Tier A only standalone MT5 tester run.
run09H_qda_reg015_drop_volatility9_followup_v1__mt5_tier_b_fallback_only_oos,16_model_family_challenge__qda_class_covariance_scout,run09H_qda_reg015_drop_volatility9_followup_v1,mt5_tier_b_fallback_only_oos,run09H_qda_reg015_drop_volatility9_followup_v1,mt5_tier_b_fallback_only_oos,Tier B,trading_risk_execution,runtime_probe,completed,inconclusive_tier_b_fallback_only_runtime_probe,C:/Users/awdse/AppData/Roaming/MetaQuotes/Terminal/D0E8209F77C8CF37AD8BF550E51FF075/MQL5/Experts/Project_Obsidian_Prime_v2/stages/16_model_family_challenge__qda_class_covariance_scout/02_runs/run09H_qda_reg015_drop_volatility9_followup_v1/mt5/reports/Project_Obsidian_Prime_v2_run09H_qda_reg015_drop_volatility9_followup_v1_tier_b_fallback_only_oos.htm,net_profit=-36.62;pf=0.73;expectancy=-3.33;trades=11;win_rate=54.55,"labelable=1062;feature_ready=1062;model_ok=1062;no_tier_labelable=159;max_dd=151.98;recovery=-0.24;fill=20;reject=0;skip=36275;subtypes={""B_core_only"":24,""B_full_context_outside_tier_a_scope"":1,""B_macro_missing"":809,""B_mixed_partial_context"":228}",completed,Tier B fallback-only standalone MT5 tester run.
run09H_qda_reg015_drop_volatility9_followup_v1__mt5_routed_tier_a_used_oos,16_model_family_challenge__qda_class_covariance_scout,run09H_qda_reg015_drop_volatility9_followup_v1,mt5_routed_tier_a_used_oos,run09H_qda_reg015_drop_volatility9_followup_v1,mt5_routed_tier_a_used_oos,Tier A,routed_signal_execution_usage,runtime_probe,completed,inconclusive_routed_component_runtime_probe,C:/Users/awdse/AppData/Roaming/MetaQuotes/Terminal/D0E8209F77C8CF37AD8BF550E51FF075/MQL5/Experts/Project_Obsidian_Prime_v2/stages/16_model_family_challenge__qda_class_covariance_scout/02_runs/run09H_qda_reg015_drop_volatility9_followup_v1/kpi_record.json,route_bars=7584;route_share=0.877169;signals=730;long=306;short=424;fills=471,profit_attribution=not_separable_from_single_routed_account_path;reject=0;skip=0;subtypes=NA,completed,Tier A primary used component from one routed MT5 tester run.
run09H_qda_reg015_drop_volatility9_followup_v1__mt5_routed_tier_b_fallback_used_oos,16_model_family_challenge__qda_class_covariance_scout,run09H_qda_reg015_drop_volatility9_followup_v1,mt5_routed_tier_b_fallback_used_oos,run09H_qda_reg015_drop_volatility9_followup_v1,mt5_routed_tier_b_fallback_used_oos,Tier B,routed_signal_execution_usage,runtime_probe,completed,inconclusive_routed_component_runtime_probe,C:/Users/awdse/AppData/Roaming/MetaQuotes/Terminal/D0E8209F77C8CF37AD8BF550E51FF075/MQL5/Experts/Project_Obsidian_Prime_v2/stages/16_model_family_challenge__qda_class_covariance_scout/02_runs/run09H_qda_reg015_drop_volatility9_followup_v1/kpi_record.json,route_bars=1062;route_share=0.122831;signals=42;long=36;short=6;fills=31,"profit_attribution=not_separable_from_single_routed_account_path;reject=0;skip=0;subtypes={""B_core_only"":24,""B_full_context_outside_tier_a_scope"":1,""B_macro_missing"":809,""B_mixed_partial_context"":228}",completed,Tier B partial-context fallback used component from one routed MT5 tester run.
run09H_qda_reg015_drop_volatility9_followup_v1__mt5_routed_total_oos,16_model_family_challenge__qda_class_covariance_scout,run09H_qda_reg015_drop_volatility9_followup_v1,mt5_routed_total_oos,run09H_qda_reg015_drop_volatility9_followup_v1,mt5_routed_total_oos,Tier A+B,trading_risk_execution,runtime_probe,completed,inconclusive_routed_total_runtime_probe,C:/Users/awdse/AppData/Roaming/MetaQuotes/Terminal/D0E8209F77C8CF37AD8BF550E51FF075/MQL5/Experts/Project_Obsidian_Prime_v2/stages/16_model_family_challenge__qda_class_covariance_scout/02_runs/run09H_qda_reg015_drop_volatility9_followup_v1/mt5/reports/Project_Obsidian_Prime_v2_run09H_qda_reg015_drop_volatility9_followup_v1_routed_oos.htm,net_profit=60.05;pf=1.05;expectancy=0.19;trades=311;win_rate=49.52,a_used=7584;b_fallback=1062;no_tier_labelable=159;max_dd=215.01;recovery=0.28;fill=502;reject=0;skip=28691,completed,Actual routed total from one MT5 tester account path; not a synthetic sum.
run09I_qda_reg015_drop_momentum12_followup_v1__python_tier_a_separate,16_model_family_challenge__qda_class_covariance_scout,run09I_qda_reg015_drop_momentum12_followup_v1,python_tier_a_separate,run09I_qda_reg015_drop_momentum12_followup_v1,python_tier_a_separate,Tier A,signal_probability_threshold,structural_scout,completed,inconclusive_single_split_scout_payload,stages/16_model_family_challenge__qda_class_covariance_scout/02_runs/run09I_qda_reg015_drop_momentum12_followup_v1/predictions/tier_a_separate_predictions.parquet,rows=46650;signal_coverage=0.0760343;signal_count=3547;short=1656;long=1891,prob_sum_err=3.33067e-16;selected_threshold=validation_nonflat_q0.90;threshold_ids=q0.90;subtype_counts=NA,out_of_scope_by_claim,Tier A full-context primary view
run09I_qda_reg015_drop_momentum12_followup_v1__python_tier_b_separate,16_model_family_challenge__qda_class_covariance_scout,run09I_qda_reg015_drop_momentum12_followup_v1,python_tier_b_separate,run09I_qda_reg015_drop_momentum12_followup_v1,python_tier_b_separate,Tier B,signal_probability_threshold,structural_scout,completed,inconclusive_single_split_scout_payload,stages/16_model_family_challenge__qda_class_covariance_scout/02_runs/run09I_qda_reg015_drop_momentum12_followup_v1/predictions/tier_b_separate_predictions.parquet,rows=12398;signal_coverage=0.0439587;signal_count=545;short=446;long=99,"prob_sum_err=3.33067e-16;selected_threshold=validation_nonflat_q0.90;threshold_ids=q0.90;subtype_counts={""B_constituent_missing"":1,""B_core_only"":200,""B_full_context_outside_tier_a_scope"":217,""B_macro_missing"":10740,""B_mixed_partial_context"":1240}",out_of_scope_by_claim,Tier B partial-context fallback-only view
run09I_qda_reg015_drop_momentum12_followup_v1__python_tier_ab_combined,16_model_family_challenge__qda_class_covariance_scout,run09I_qda_reg015_drop_momentum12_followup_v1,python_tier_ab_combined,run09I_qda_reg015_drop_momentum12_followup_v1,python_tier_ab_combined,Tier A+B,signal_probability_threshold,structural_scout,completed,inconclusive_single_split_scout_payload,stages/16_model_family_challenge__qda_class_covariance_scout/02_runs/run09I_qda_reg015_drop_momentum12_followup_v1/predictions/tier_ab_combined_predictions.parquet,rows=59048;signal_coverage=0.0642359;signal_count=3793;short=1834;long=1959,"prob_sum_err=3.33067e-16;selected_threshold=validation_nonflat_q0.90;threshold_ids=q0.90;subtype_counts={""B_constituent_missing"":1,""B_core_only"":200,""B_full_context_outside_tier_a_scope"":217,""B_macro_missing"":10740,""B_mixed_partial_context"":1240,""Tier_A_full_context"":46650}",out_of_scope_by_claim,Tier A primary plus Tier B fallback routed Python view
run09I_qda_reg015_drop_momentum12_followup_v1__mt5_tier_a_only_validation_is,16_model_family_challenge__qda_class_covariance_scout,run09I_qda_reg015_drop_momentum12_followup_v1,mt5_tier_a_only_validation_is,run09I_qda_reg015_drop_momentum12_followup_v1,mt5_tier_a_only_validation_is,Tier A,trading_risk_execution,runtime_probe,completed,inconclusive_tier_only_runtime_probe,C:/Users/awdse/AppData/Roaming/MetaQuotes/Terminal/D0E8209F77C8CF37AD8BF550E51FF075/MQL5/Experts/Project_Obsidian_Prime_v2/stages/16_model_family_challenge__qda_class_covariance_scout/02_runs/run09I_qda_reg015_drop_momentum12_followup_v1/mt5/reports/Project_Obsidian_Prime_v2_run09I_qda_reg015_drop_momentum12_followup_v1_tier_a_only_validation_is.htm,net_profit=-146.53;pf=0.92;expectancy=-0.39;trades=375;win_rate=48.27,labelable=9844;feature_ready=9844;model_ok=9844;no_tier_labelable=203;max_dd=304.15;recovery=-0.48;fill=605;reject=0;skip=42964;subtypes=NA,completed,Tier A only standalone MT5 tester run.
run09I_qda_reg015_drop_momentum12_followup_v1__mt5_tier_b_fallback_only_validation_is,16_model_family_challenge__qda_class_covariance_scout,run09I_qda_reg015_drop_momentum12_followup_v1,mt5_tier_b_fallback_only_validation_is,run09I_qda_reg015_drop_momentum12_followup_v1,mt5_tier_b_fallback_only_validation_is,Tier B,trading_risk_execution,runtime_probe,completed,inconclusive_tier_b_fallback_only_runtime_probe,C:/Users/awdse/AppData/Roaming/MetaQuotes/Terminal/D0E8209F77C8CF37AD8BF550E51FF075/MQL5/Experts/Project_Obsidian_Prime_v2/stages/16_model_family_challenge__qda_class_covariance_scout/02_runs/run09I_qda_reg015_drop_momentum12_followup_v1/mt5/reports/Project_Obsidian_Prime_v2_run09I_qda_reg015_drop_momentum12_followup_v1_tier_b_fallback_only_validation_is.htm,net_profit=-5.23;pf=0.96;expectancy=-0.24;trades=22;win_rate=36.36,"labelable=2366;feature_ready=2366;model_ok=2366;no_tier_labelable=203;max_dd=323.03;recovery=-0.02;fill=41;reject=0;skip=50442;subtypes={""B_core_only"":25,""B_macro_missing"":2126,""B_mixed_partial_context"":215}",completed,Tier B fallback-only standalone MT5 tester run.
run09I_qda_reg015_drop_momentum12_followup_v1__mt5_routed_tier_a_used_validation_is,16_model_family_challenge__qda_class_covariance_scout,run09I_qda_reg015_drop_momentum12_followup_v1,mt5_routed_tier_a_used_validation_is,run09I_qda_reg015_drop_momentum12_followup_v1,mt5_routed_tier_a_used_validation_is,Tier A,routed_signal_execution_usage,runtime_probe,completed,inconclusive_routed_component_runtime_probe,C:/Users/awdse/AppData/Roaming/MetaQuotes/Terminal/D0E8209F77C8CF37AD8BF550E51FF075/MQL5/Experts/Project_Obsidian_Prime_v2/stages/16_model_family_challenge__qda_class_covariance_scout/02_runs/run09I_qda_reg015_drop_momentum12_followup_v1/kpi_record.json,route_bars=9844;route_share=0.806224;signals=985;long=667;short=318;fills=601,profit_attribution=not_separable_from_single_routed_account_path;reject=0;skip=0;subtypes=NA,completed,Tier A primary used component from one routed MT5 tester run.
run09I_qda_reg015_drop_momentum12_followup_v1__mt5_routed_tier_b_fallback_used_validation_is,16_model_family_challenge__qda_class_covariance_scout,run09I_qda_reg015_drop_momentum12_followup_v1,mt5_routed_tier_b_fallback_used_validation_is,run09I_qda_reg015_drop_momentum12_followup_v1,mt5_routed_tier_b_fallback_used_validation_is,Tier B,routed_signal_execution_usage,runtime_probe,completed,inconclusive_routed_component_runtime_probe,C:/Users/awdse/AppData/Roaming/MetaQuotes/Terminal/D0E8209F77C8CF37AD8BF550E51FF075/MQL5/Experts/Project_Obsidian_Prime_v2/stages/16_model_family_challenge__qda_class_covariance_scout/02_runs/run09I_qda_reg015_drop_momentum12_followup_v1/kpi_record.json,route_bars=2366;route_share=0.193776;signals=39;long=6;short=33;fills=38,"profit_attribution=not_separable_from_single_routed_account_path;reject=0;skip=0;subtypes={""B_core_only"":25,""B_macro_missing"":2126,""B_mixed_partial_context"":215}",completed,Tier B partial-context fallback used component from one routed MT5 tester run.
run09I_qda_reg015_drop_momentum12_followup_v1__mt5_routed_total_validation_is,16_model_family_challenge__qda_class_covariance_scout,run09I_qda_reg015_drop_momentum12_followup_v1,mt5_routed_total_validation_is,run09I_qda_reg015_drop_momentum12_followup_v1,mt5_routed_total_validation_is,Tier A+B,trading_risk_execution,runtime_probe,completed,inconclusive_routed_total_runtime_probe,C:/Users/awdse/AppData/Roaming/MetaQuotes/Terminal/D0E8209F77C8CF37AD8BF550E51FF075/MQL5/Experts/Project_Obsidian_Prime_v2/stages/16_model_family_challenge__qda_class_covariance_scout/02_runs/run09I_qda_reg015_drop_momentum12_followup_v1/mt5/reports/Project_Obsidian_Prime_v2_run09I_qda_reg015_drop_momentum12_followup_v1_routed_validation_is.htm,net_profit=-213.08;pf=0.89;expectancy=-0.54;trades=397;win_rate=48.61,a_used=9844;b_fallback=2366;no_tier_labelable=203;max_dd=321.53;recovery=-0.66;fill=639;reject=0;skip=40598,completed,Actual routed total from one MT5 tester account path; not a synthetic sum.
run09I_qda_reg015_drop_momentum12_followup_v1__mt5_tier_a_only_oos,16_model_family_challenge__qda_class_covariance_scout,run09I_qda_reg015_drop_momentum12_followup_v1,mt5_tier_a_only_oos,run09I_qda_reg015_drop_momentum12_followup_v1,mt5_tier_a_only_oos,Tier A,trading_risk_execution,runtime_probe,completed,inconclusive_tier_only_runtime_probe,C:/Users/awdse/AppData/Roaming/MetaQuotes/Terminal/D0E8209F77C8CF37AD8BF550E51FF075/MQL5/Experts/Project_Obsidian_Prime_v2/stages/16_model_family_challenge__qda_class_covariance_scout/02_runs/run09I_qda_reg015_drop_momentum12_followup_v1/mt5/reports/Project_Obsidian_Prime_v2_run09I_qda_reg015_drop_momentum12_followup_v1_tier_a_only_oos.htm,net_profit=388.55;pf=1.38;expectancy=1.61;trades=241;win_rate=53.94,labelable=7584;feature_ready=7584;model_ok=7584;no_tier_labelable=159;max_dd=142.37;recovery=2.73;fill=425;reject=0;skip=29753;subtypes=NA,completed,Tier A only standalone MT5 tester run.
run09I_qda_reg015_drop_momentum12_followup_v1__mt5_tier_b_fallback_only_oos,16_model_family_challenge__qda_class_covariance_scout,run09I_qda_reg015_drop_momentum12_followup_v1,mt5_tier_b_fallback_only_oos,run09I_qda_reg015_drop_momentum12_followup_v1,mt5_tier_b_fallback_only_oos,Tier B,trading_risk_execution,runtime_probe,completed,inconclusive_tier_b_fallback_only_runtime_probe,C:/Users/awdse/AppData/Roaming/MetaQuotes/Terminal/D0E8209F77C8CF37AD8BF550E51FF075/MQL5/Experts/Project_Obsidian_Prime_v2/stages/16_model_family_challenge__qda_class_covariance_scout/02_runs/run09I_qda_reg015_drop_momentum12_followup_v1/mt5/reports/Project_Obsidian_Prime_v2_run09I_qda_reg015_drop_momentum12_followup_v1_tier_b_fallback_only_oos.htm,net_profit=31.91;pf=1.11;expectancy=1.52;trades=21;win_rate=52.38,"labelable=1062;feature_ready=1062;model_ok=1062;no_tier_labelable=159;max_dd=284.67;recovery=0.11;fill=40;reject=0;skip=36275;subtypes={""B_core_only"":24,""B_full_context_outside_tier_a_scope"":1,""B_macro_missing"":809,""B_mixed_partial_context"":228}",completed,Tier B fallback-only standalone MT5 tester run.
run09I_qda_reg015_drop_momentum12_followup_v1__mt5_routed_tier_a_used_oos,16_model_family_challenge__qda_class_covariance_scout,run09I_qda_reg015_drop_momentum12_followup_v1,mt5_routed_tier_a_used_oos,run09I_qda_reg015_drop_momentum12_followup_v1,mt5_routed_tier_a_used_oos,Tier A,routed_signal_execution_usage,runtime_probe,completed,inconclusive_routed_component_runtime_probe,C:/Users/awdse/AppData/Roaming/MetaQuotes/Terminal/D0E8209F77C8CF37AD8BF550E51FF075/MQL5/Experts/Project_Obsidian_Prime_v2/stages/16_model_family_challenge__qda_class_covariance_scout/02_runs/run09I_qda_reg015_drop_momentum12_followup_v1/kpi_record.json,route_bars=7584;route_share=0.877169;signals=793;long=600;short=193;fills=432,profit_attribution=not_separable_from_single_routed_account_path;reject=0;skip=0;subtypes=NA,completed,Tier A primary used component from one routed MT5 tester run.
run09I_qda_reg015_drop_momentum12_followup_v1__mt5_routed_tier_b_fallback_used_oos,16_model_family_challenge__qda_class_covariance_scout,run09I_qda_reg015_drop_momentum12_followup_v1,mt5_routed_tier_b_fallback_used_oos,run09I_qda_reg015_drop_momentum12_followup_v1,mt5_routed_tier_b_fallback_used_oos,Tier B,routed_signal_execution_usage,runtime_probe,completed,inconclusive_routed_component_runtime_probe,C:/Users/awdse/AppData/Roaming/MetaQuotes/Terminal/D0E8209F77C8CF37AD8BF550E51FF075/MQL5/Experts/Project_Obsidian_Prime_v2/stages/16_model_family_challenge__qda_class_covariance_scout/02_runs/run09I_qda_reg015_drop_momentum12_followup_v1/kpi_record.json,route_bars=1062;route_share=0.122831;signals=70;long=17;short=53;fills=22,"profit_attribution=not_separable_from_single_routed_account_path;reject=0;skip=0;subtypes={""B_core_only"":24,""B_full_context_outside_tier_a_scope"":1,""B_macro_missing"":809,""B_mixed_partial_context"":228}",completed,Tier B partial-context fallback used component from one routed MT5 tester run.
run09I_qda_reg015_drop_momentum12_followup_v1__mt5_routed_total_oos,16_model_family_challenge__qda_class_covariance_scout,run09I_qda_reg015_drop_momentum12_followup_v1,mt5_routed_total_oos,run09I_qda_reg015_drop_momentum12_followup_v1,mt5_routed_total_oos,Tier A+B,trading_risk_execution,runtime_probe,completed,inconclusive_routed_total_runtime_probe,C:/Users/awdse/AppData/Roaming/MetaQuotes/Terminal/D0E8209F77C8CF37AD8BF550E51FF075/MQL5/Experts/Project_Obsidian_Prime_v2/stages/16_model_family_challenge__qda_class_covariance_scout/02_runs/run09I_qda_reg015_drop_momentum12_followup_v1/mt5/reports/Project_Obsidian_Prime_v2_run09I_qda_reg015_drop_momentum12_followup_v1_routed_oos.htm,net_profit=411.23;pf=1.4;expectancy=1.6;trades=257;win_rate=54.09,a_used=7584;b_fallback=1062;no_tier_labelable=159;max_dd=142.05;recovery=2.89;fill=454;reject=0;skip=28691,completed,Actual routed total from one MT5 tester account path; not a synthetic sum.
run09J_qda_reg015_drop_session4_followup_v1__python_tier_a_separate,16_model_family_challenge__qda_class_covariance_scout,run09J_qda_reg015_drop_session4_followup_v1,python_tier_a_separate,run09J_qda_reg015_drop_session4_followup_v1,python_tier_a_separate,Tier A,signal_probability_threshold,structural_scout,completed,inconclusive_single_split_scout_payload,stages/16_model_family_challenge__qda_class_covariance_scout/02_runs/run09J_qda_reg015_drop_session4_followup_v1/predictions/tier_a_separate_predictions.parquet,rows=46650;signal_coverage=0.0745981;signal_count=3480;short=1178;long=2302,prob_sum_err=4.44089e-16;selected_threshold=validation_nonflat_q0.90;threshold_ids=q0.90;subtype_counts=NA,out_of_scope_by_claim,Tier A full-context primary view
run09J_qda_reg015_drop_session4_followup_v1__python_tier_b_separate,16_model_family_challenge__qda_class_covariance_scout,run09J_qda_reg015_drop_session4_followup_v1,python_tier_b_separate,run09J_qda_reg015_drop_session4_followup_v1,python_tier_b_separate,Tier B,signal_probability_threshold,structural_scout,completed,inconclusive_single_split_scout_payload,stages/16_model_family_challenge__qda_class_covariance_scout/02_runs/run09J_qda_reg015_drop_session4_followup_v1/predictions/tier_b_separate_predictions.parquet,rows=12398;signal_coverage=0.0245201;signal_count=304;short=79;long=225,"prob_sum_err=2.22045e-16;selected_threshold=validation_nonflat_q0.90;threshold_ids=q0.90;subtype_counts={""B_constituent_missing"":1,""B_core_only"":200,""B_full_context_outside_tier_a_scope"":217,""B_macro_missing"":10740,""B_mixed_partial_context"":1240}",out_of_scope_by_claim,Tier B partial-context fallback-only view
run09J_qda_reg015_drop_session4_followup_v1__python_tier_ab_combined,16_model_family_challenge__qda_class_covariance_scout,run09J_qda_reg015_drop_session4_followup_v1,python_tier_ab_combined,run09J_qda_reg015_drop_session4_followup_v1,python_tier_ab_combined,Tier A+B,signal_probability_threshold,structural_scout,completed,inconclusive_single_split_scout_payload,stages/16_model_family_challenge__qda_class_covariance_scout/02_runs/run09J_qda_reg015_drop_session4_followup_v1/predictions/tier_ab_combined_predictions.parquet,rows=59048;signal_coverage=0.0637786;signal_count=3766;short=1250;long=2516,"prob_sum_err=4.44089e-16;selected_threshold=validation_nonflat_q0.90;threshold_ids=q0.90;subtype_counts={""B_constituent_missing"":1,""B_core_only"":200,""B_full_context_outside_tier_a_scope"":217,""B_macro_missing"":10740,""B_mixed_partial_context"":1240,""Tier_A_full_context"":46650}",out_of_scope_by_claim,Tier A primary plus Tier B fallback routed Python view
run09J_qda_reg015_drop_session4_followup_v1__mt5_tier_a_only_validation_is,16_model_family_challenge__qda_class_covariance_scout,run09J_qda_reg015_drop_session4_followup_v1,mt5_tier_a_only_validation_is,run09J_qda_reg015_drop_session4_followup_v1,mt5_tier_a_only_validation_is,Tier A,trading_risk_execution,runtime_probe,completed,inconclusive_tier_only_runtime_probe,C:/Users/awdse/AppData/Roaming/MetaQuotes/Terminal/D0E8209F77C8CF37AD8BF550E51FF075/MQL5/Experts/Project_Obsidian_Prime_v2/stages/16_model_family_challenge__qda_class_covariance_scout/02_runs/run09J_qda_reg015_drop_session4_followup_v1/mt5/reports/Project_Obsidian_Prime_v2_run09J_qda_reg015_drop_session4_followup_v1_tier_a_only_validation_is.htm,net_profit=121.27;pf=1.07;expectancy=0.36;trades=335;win_rate=50.75,labelable=9844;feature_ready=9844;model_ok=9844;no_tier_labelable=203;max_dd=248.95;recovery=0.49;fill=562;reject=0;skip=42964;subtypes=NA,completed,Tier A only standalone MT5 tester run.
run09J_qda_reg015_drop_session4_followup_v1__mt5_tier_b_fallback_only_validation_is,16_model_family_challenge__qda_class_covariance_scout,run09J_qda_reg015_drop_session4_followup_v1,mt5_tier_b_fallback_only_validation_is,run09J_qda_reg015_drop_session4_followup_v1,mt5_tier_b_fallback_only_validation_is,Tier B,trading_risk_execution,runtime_probe,completed,inconclusive_tier_b_fallback_only_runtime_probe,C:/Users/awdse/AppData/Roaming/MetaQuotes/Terminal/D0E8209F77C8CF37AD8BF550E51FF075/MQL5/Experts/Project_Obsidian_Prime_v2/stages/16_model_family_challenge__qda_class_covariance_scout/02_runs/run09J_qda_reg015_drop_session4_followup_v1/mt5/reports/Project_Obsidian_Prime_v2_run09J_qda_reg015_drop_session4_followup_v1_tier_b_fallback_only_validation_is.htm,net_profit=-3.54;pf=0.89;expectancy=-0.35;trades=10;win_rate=70,"labelable=2366;feature_ready=2366;model_ok=2366;no_tier_labelable=203;max_dd=121.33;recovery=-0.03;fill=19;reject=0;skip=50442;subtypes={""B_core_only"":25,""B_macro_missing"":2126,""B_mixed_partial_context"":215}",completed,Tier B fallback-only standalone MT5 tester run.
run09J_qda_reg015_drop_session4_followup_v1__mt5_routed_tier_a_used_validation_is,16_model_family_challenge__qda_class_covariance_scout,run09J_qda_reg015_drop_session4_followup_v1,mt5_routed_tier_a_used_validation_is,run09J_qda_reg015_drop_session4_followup_v1,mt5_routed_tier_a_used_validation_is,Tier A,routed_signal_execution_usage,runtime_probe,completed,inconclusive_routed_component_runtime_probe,C:/Users/awdse/AppData/Roaming/MetaQuotes/Terminal/D0E8209F77C8CF37AD8BF550E51FF075/MQL5/Experts/Project_Obsidian_Prime_v2/stages/16_model_family_challenge__qda_class_covariance_scout/02_runs/run09J_qda_reg015_drop_session4_followup_v1/kpi_record.json,route_bars=9844;route_share=0.806224;signals=985;long=792;short=193;fills=551,profit_attribution=not_separable_from_single_routed_account_path;reject=0;skip=0;subtypes=NA,completed,Tier A primary used component from one routed MT5 tester run.
run09J_qda_reg015_drop_session4_followup_v1__mt5_routed_tier_b_fallback_used_validation_is,16_model_family_challenge__qda_class_covariance_scout,run09J_qda_reg015_drop_session4_followup_v1,mt5_routed_tier_b_fallback_used_validation_is,run09J_qda_reg015_drop_session4_followup_v1,mt5_routed_tier_b_fallback_used_validation_is,Tier B,routed_signal_execution_usage,runtime_probe,completed,inconclusive_routed_component_runtime_probe,C:/Users/awdse/AppData/Roaming/MetaQuotes/Terminal/D0E8209F77C8CF37AD8BF550E51FF075/MQL5/Experts/Project_Obsidian_Prime_v2/stages/16_model_family_challenge__qda_class_covariance_scout/02_runs/run09J_qda_reg015_drop_session4_followup_v1/kpi_record.json,route_bars=2366;route_share=0.193776;signals=18;long=13;short=5;fills=31,"profit_attribution=not_separable_from_single_routed_account_path;reject=0;skip=0;subtypes={""B_core_only"":25,""B_macro_missing"":2126,""B_mixed_partial_context"":215}",completed,Tier B partial-context fallback used component from one routed MT5 tester run.
run09J_qda_reg015_drop_session4_followup_v1__mt5_routed_total_validation_is,16_model_family_challenge__qda_class_covariance_scout,run09J_qda_reg015_drop_session4_followup_v1,mt5_routed_total_validation_is,run09J_qda_reg015_drop_session4_followup_v1,mt5_routed_total_validation_is,Tier A+B,trading_risk_execution,runtime_probe,completed,inconclusive_routed_total_runtime_probe,C:/Users/awdse/AppData/Roaming/MetaQuotes/Terminal/D0E8209F77C8CF37AD8BF550E51FF075/MQL5/Experts/Project_Obsidian_Prime_v2/stages/16_model_family_challenge__qda_class_covariance_scout/02_runs/run09J_qda_reg015_drop_session4_followup_v1/mt5/reports/Project_Obsidian_Prime_v2_run09J_qda_reg015_drop_session4_followup_v1_routed_validation_is.htm,net_profit=138.05;pf=1.08;expectancy=0.4;trades=342;win_rate=51.46,a_used=9844;b_fallback=2366;no_tier_labelable=203;max_dd=252.14;recovery=0.55;fill=582;reject=0;skip=40598,completed,Actual routed total from one MT5 tester account path; not a synthetic sum.
run09J_qda_reg015_drop_session4_followup_v1__mt5_tier_a_only_oos,16_model_family_challenge__qda_class_covariance_scout,run09J_qda_reg015_drop_session4_followup_v1,mt5_tier_a_only_oos,run09J_qda_reg015_drop_session4_followup_v1,mt5_tier_a_only_oos,Tier A,trading_risk_execution,runtime_probe,completed,inconclusive_tier_only_runtime_probe,C:/Users/awdse/AppData/Roaming/MetaQuotes/Terminal/D0E8209F77C8CF37AD8BF550E51FF075/MQL5/Experts/Project_Obsidian_Prime_v2/stages/16_model_family_challenge__qda_class_covariance_scout/02_runs/run09J_qda_reg015_drop_session4_followup_v1/mt5/reports/Project_Obsidian_Prime_v2_run09J_qda_reg015_drop_session4_followup_v1_tier_a_only_oos.htm,net_profit=143.14;pf=1.14;expectancy=0.6;trades=238;win_rate=51.68,labelable=7584;feature_ready=7584;model_ok=7584;no_tier_labelable=159;max_dd=166.75;recovery=0.86;fill=414;reject=0;skip=29753;subtypes=NA,completed,Tier A only standalone MT5 tester run.
run09J_qda_reg015_drop_session4_followup_v1__mt5_tier_b_fallback_only_oos,16_model_family_challenge__qda_class_covariance_scout,run09J_qda_reg015_drop_session4_followup_v1,mt5_tier_b_fallback_only_oos,run09J_qda_reg015_drop_session4_followup_v1,mt5_tier_b_fallback_only_oos,Tier B,trading_risk_execution,runtime_probe,completed,inconclusive_tier_b_fallback_only_runtime_probe,C:/Users/awdse/AppData/Roaming/MetaQuotes/Terminal/D0E8209F77C8CF37AD8BF550E51FF075/MQL5/Experts/Project_Obsidian_Prime_v2/stages/16_model_family_challenge__qda_class_covariance_scout/02_runs/run09J_qda_reg015_drop_session4_followup_v1/mt5/reports/Project_Obsidian_Prime_v2_run09J_qda_reg015_drop_session4_followup_v1_tier_b_fallback_only_oos.htm,net_profit=-105.97;pf=0.73;expectancy=-5.3;trades=20;win_rate=40,"labelable=1062;feature_ready=1062;model_ok=1062;no_tier_labelable=159;max_dd=204.86;recovery=-0.52;fill=37;reject=0;skip=36275;subtypes={""B_core_only"":24,""B_full_context_outside_tier_a_scope"":1,""B_macro_missing"":809,""B_mixed_partial_context"":228}",completed,Tier B fallback-only standalone MT5 tester run.
run09J_qda_reg015_drop_session4_followup_v1__mt5_routed_tier_a_used_oos,16_model_family_challenge__qda_class_covariance_scout,run09J_qda_reg015_drop_session4_followup_v1,mt5_routed_tier_a_used_oos,run09J_qda_reg015_drop_session4_followup_v1,mt5_routed_tier_a_used_oos,Tier A,routed_signal_execution_usage,runtime_probe,completed,inconclusive_routed_component_runtime_probe,C:/Users/awdse/AppData/Roaming/MetaQuotes/Terminal/D0E8209F77C8CF37AD8BF550E51FF075/MQL5/Experts/Project_Obsidian_Prime_v2/stages/16_model_family_challenge__qda_class_covariance_scout/02_runs/run09J_qda_reg015_drop_session4_followup_v1/kpi_record.json,route_bars=7584;route_share=0.877169;signals=705;long=365;short=340;fills=417,profit_attribution=not_separable_from_single_routed_account_path;reject=0;skip=0;subtypes=NA,completed,Tier A primary used component from one routed MT5 tester run.
run09J_qda_reg015_drop_session4_followup_v1__mt5_routed_tier_b_fallback_used_oos,16_model_family_challenge__qda_class_covariance_scout,run09J_qda_reg015_drop_session4_followup_v1,mt5_routed_tier_b_fallback_used_oos,run09J_qda_reg015_drop_session4_followup_v1,mt5_routed_tier_b_fallback_used_oos,Tier B,routed_signal_execution_usage,runtime_probe,completed,inconclusive_routed_component_runtime_probe,C:/Users/awdse/AppData/Roaming/MetaQuotes/Terminal/D0E8209F77C8CF37AD8BF550E51FF075/MQL5/Experts/Project_Obsidian_Prime_v2/stages/16_model_family_challenge__qda_class_covariance_scout/02_runs/run09J_qda_reg015_drop_session4_followup_v1/kpi_record.json,route_bars=1062;route_share=0.122831;signals=56;long=23;short=33;fills=34,"profit_attribution=not_separable_from_single_routed_account_path;reject=0;skip=0;subtypes={""B_core_only"":24,""B_full_context_outside_tier_a_scope"":1,""B_macro_missing"":809,""B_mixed_partial_context"":228}",completed,Tier B partial-context fallback used component from one routed MT5 tester run.
run09J_qda_reg015_drop_session4_followup_v1__mt5_routed_total_oos,16_model_family_challenge__qda_class_covariance_scout,run09J_qda_reg015_drop_session4_followup_v1,mt5_routed_total_oos,run09J_qda_reg015_drop_session4_followup_v1,mt5_routed_total_oos,Tier A+B,trading_risk_execution,runtime_probe,completed,inconclusive_routed_total_runtime_probe,C:/Users/awdse/AppData/Roaming/MetaQuotes/Terminal/D0E8209F77C8CF37AD8BF550E51FF075/MQL5/Experts/Project_Obsidian_Prime_v2/stages/16_model_family_challenge__qda_class_covariance_scout/02_runs/run09J_qda_reg015_drop_session4_followup_v1/mt5/reports/Project_Obsidian_Prime_v2_run09J_qda_reg015_drop_session4_followup_v1_routed_oos.htm,net_profit=35.89;pf=1.03;expectancy=0.14;trades=260;win_rate=50,a_used=7584;b_fallback=1062;no_tier_labelable=159;max_dd=235.58;recovery=0.15;fill=451;reject=0;skip=28691,completed,Actual routed total from one MT5 tester account path; not a synthetic sum.
run09K_qda_reg015_sample300_followup_v1__python_tier_a_separate,16_model_family_challenge__qda_class_covariance_scout,run09K_qda_reg015_sample300_followup_v1,python_tier_a_separate,run09K_qda_reg015_sample300_followup_v1,python_tier_a_separate,Tier A,signal_probability_threshold,structural_scout,completed,inconclusive_single_split_scout_payload,stages/16_model_family_challenge__qda_class_covariance_scout/02_runs/run09K_qda_reg015_sample300_followup_v1/predictions/tier_a_separate_predictions.parquet,rows=46650;signal_coverage=0.0764416;signal_count=3566;short=2652;long=914,prob_sum_err=3.33067e-16;selected_threshold=validation_nonflat_q0.90;threshold_ids=q0.90;subtype_counts=NA,out_of_scope_by_claim,Tier A full-context primary view
run09K_qda_reg015_sample300_followup_v1__python_tier_b_separate,16_model_family_challenge__qda_class_covariance_scout,run09K_qda_reg015_sample300_followup_v1,python_tier_b_separate,run09K_qda_reg015_sample300_followup_v1,python_tier_b_separate,Tier B,signal_probability_threshold,structural_scout,completed,inconclusive_single_split_scout_payload,stages/16_model_family_challenge__qda_class_covariance_scout/02_runs/run09K_qda_reg015_sample300_followup_v1/predictions/tier_b_separate_predictions.parquet,rows=12398;signal_coverage=0.0312954;signal_count=388;short=260;long=128,"prob_sum_err=3.33067e-16;selected_threshold=validation_nonflat_q0.90;threshold_ids=q0.90;subtype_counts={""B_constituent_missing"":1,""B_core_only"":200,""B_full_context_outside_tier_a_scope"":217,""B_macro_missing"":10740,""B_mixed_partial_context"":1240}",out_of_scope_by_claim,Tier B partial-context fallback-only view
run09K_qda_reg015_sample300_followup_v1__python_tier_ab_combined,16_model_family_challenge__qda_class_covariance_scout,run09K_qda_reg015_sample300_followup_v1,python_tier_ab_combined,run09K_qda_reg015_sample300_followup_v1,python_tier_ab_combined,Tier A+B,signal_probability_threshold,structural_scout,completed,inconclusive_single_split_scout_payload,stages/16_model_family_challenge__qda_class_covariance_scout/02_runs/run09K_qda_reg015_sample300_followup_v1/predictions/tier_ab_combined_predictions.parquet,rows=59048;signal_coverage=0.0627117;signal_count=3703;short=2727;long=976,"prob_sum_err=3.33067e-16;selected_threshold=validation_nonflat_q0.90;threshold_ids=q0.90;subtype_counts={""B_constituent_missing"":1,""B_core_only"":200,""B_full_context_outside_tier_a_scope"":217,""B_macro_missing"":10740,""B_mixed_partial_context"":1240,""Tier_A_full_context"":46650}",out_of_scope_by_claim,Tier A primary plus Tier B fallback routed Python view
run09K_qda_reg015_sample300_followup_v1__mt5_tier_a_only_validation_is,16_model_family_challenge__qda_class_covariance_scout,run09K_qda_reg015_sample300_followup_v1,mt5_tier_a_only_validation_is,run09K_qda_reg015_sample300_followup_v1,mt5_tier_a_only_validation_is,Tier A,trading_risk_execution,runtime_probe,completed,inconclusive_tier_only_runtime_probe,C:/Users/awdse/AppData/Roaming/MetaQuotes/Terminal/D0E8209F77C8CF37AD8BF550E51FF075/MQL5/Experts/Project_Obsidian_Prime_v2/stages/16_model_family_challenge__qda_class_covariance_scout/02_runs/run09K_qda_reg015_sample300_followup_v1/mt5/reports/Project_Obsidian_Prime_v2_run09K_qda_reg015_sample300_followup_v1_tier_a_only_validation_is.htm,net_profit=-490.11;pf=0.74;expectancy=-1.57;trades=312;win_rate=43.27,labelable=9844;feature_ready=9844;model_ok=9844;no_tier_labelable=203;max_dd=709.98;recovery=-0.69;fill=537;reject=6;skip=42964;subtypes=NA,completed,Tier A only standalone MT5 tester run.
run09K_qda_reg015_sample300_followup_v1__mt5_tier_b_fallback_only_validation_is,16_model_family_challenge__qda_class_covariance_scout,run09K_qda_reg015_sample300_followup_v1,mt5_tier_b_fallback_only_validation_is,run09K_qda_reg015_sample300_followup_v1,mt5_tier_b_fallback_only_validation_is,Tier B,trading_risk_execution,runtime_probe,completed,inconclusive_tier_b_fallback_only_runtime_probe,C:/Users/awdse/AppData/Roaming/MetaQuotes/Terminal/D0E8209F77C8CF37AD8BF550E51FF075/MQL5/Experts/Project_Obsidian_Prime_v2/stages/16_model_family_challenge__qda_class_covariance_scout/02_runs/run09K_qda_reg015_sample300_followup_v1/mt5/reports/Project_Obsidian_Prime_v2_run09K_qda_reg015_sample300_followup_v1_tier_b_fallback_only_validation_is.htm,net_profit=-150.94;pf=0.17;expectancy=-10.78;trades=14;win_rate=57.14,"labelable=2366;feature_ready=2366;model_ok=2366;no_tier_labelable=203;max_dd=396.34;recovery=-0.38;fill=25;reject=0;skip=50442;subtypes={""B_core_only"":25,""B_macro_missing"":2126,""B_mixed_partial_context"":215}",completed,Tier B fallback-only standalone MT5 tester run.
run09K_qda_reg015_sample300_followup_v1__mt5_routed_tier_a_used_validation_is,16_model_family_challenge__qda_class_covariance_scout,run09K_qda_reg015_sample300_followup_v1,mt5_routed_tier_a_used_validation_is,run09K_qda_reg015_sample300_followup_v1,mt5_routed_tier_a_used_validation_is,Tier A,routed_signal_execution_usage,runtime_probe,completed,inconclusive_routed_component_runtime_probe,C:/Users/awdse/AppData/Roaming/MetaQuotes/Terminal/D0E8209F77C8CF37AD8BF550E51FF075/MQL5/Experts/Project_Obsidian_Prime_v2/stages/16_model_family_challenge__qda_class_covariance_scout/02_runs/run09K_qda_reg015_sample300_followup_v1/kpi_record.json,route_bars=9691;route_share=0.80624;signals=982;long=188;short=794;fills=528,profit_attribution=not_separable_from_single_routed_account_path;reject=0;skip=0;subtypes=NA,completed,Tier A primary used component from one routed MT5 tester run.
run09K_qda_reg015_sample300_followup_v1__mt5_routed_tier_b_fallback_used_validation_is,16_model_family_challenge__qda_class_covariance_scout,run09K_qda_reg015_sample300_followup_v1,mt5_routed_tier_b_fallback_used_validation_is,run09K_qda_reg015_sample300_followup_v1,mt5_routed_tier_b_fallback_used_validation_is,Tier B,routed_signal_execution_usage,runtime_probe,completed,inconclusive_routed_component_runtime_probe,C:/Users/awdse/AppData/Roaming/MetaQuotes/Terminal/D0E8209F77C8CF37AD8BF550E51FF075/MQL5/Experts/Project_Obsidian_Prime_v2/stages/16_model_family_challenge__qda_class_covariance_scout/02_runs/run09K_qda_reg015_sample300_followup_v1/kpi_record.json,route_bars=2329;route_share=0.19376;signals=23;long=9;short=14;fills=30,"profit_attribution=not_separable_from_single_routed_account_path;reject=0;skip=0;subtypes={""B_core_only"":25,""B_macro_missing"":2126,""B_mixed_partial_context"":215}",completed,Tier B partial-context fallback used component from one routed MT5 tester run.
run09K_qda_reg015_sample300_followup_v1__mt5_routed_total_validation_is,16_model_family_challenge__qda_class_covariance_scout,run09K_qda_reg015_sample300_followup_v1,mt5_routed_total_validation_is,run09K_qda_reg015_sample300_followup_v1,mt5_routed_total_validation_is,Tier A+B,trading_risk_execution,runtime_probe,completed,inconclusive_routed_total_runtime_probe,C:/Users/awdse/AppData/Roaming/MetaQuotes/Terminal/D0E8209F77C8CF37AD8BF550E51FF075/MQL5/Experts/Project_Obsidian_Prime_v2/stages/16_model_family_challenge__qda_class_covariance_scout/02_runs/run09K_qda_reg015_sample300_followup_v1/mt5/reports/Project_Obsidian_Prime_v2_run09K_qda_reg015_sample300_followup_v1_routed_validation_is.htm,net_profit=-494.66;pf=0.74;expectancy=-1.53;trades=324;win_rate=43.21,a_used=9691;b_fallback=2329;no_tier_labelable=203;max_dd=773.71;recovery=-0.64;fill=558;reject=0;skip=40155,completed,Actual routed total from one MT5 tester account path; not a synthetic sum.
run09K_qda_reg015_sample300_followup_v1__mt5_tier_a_only_oos,16_model_family_challenge__qda_class_covariance_scout,run09K_qda_reg015_sample300_followup_v1,mt5_tier_a_only_oos,run09K_qda_reg015_sample300_followup_v1,mt5_tier_a_only_oos,Tier A,trading_risk_execution,runtime_probe,completed,inconclusive_tier_only_runtime_probe,C:/Users/awdse/AppData/Roaming/MetaQuotes/Terminal/D0E8209F77C8CF37AD8BF550E51FF075/MQL5/Experts/Project_Obsidian_Prime_v2/stages/16_model_family_challenge__qda_class_covariance_scout/02_runs/run09K_qda_reg015_sample300_followup_v1/mt5/reports/Project_Obsidian_Prime_v2_run09K_qda_reg015_sample300_followup_v1_tier_a_only_oos.htm,net_profit=-440.96;pf=0.7;expectancy=-1.78;trades=248;win_rate=46.37,labelable=7584;feature_ready=7584;model_ok=7584;no_tier_labelable=159;max_dd=476.11;recovery=-0.93;fill=450;reject=0;skip=29753;subtypes=NA,completed,Tier A only standalone MT5 tester run.
run09K_qda_reg015_sample300_followup_v1__mt5_tier_b_fallback_only_oos,16_model_family_challenge__qda_class_covariance_scout,run09K_qda_reg015_sample300_followup_v1,mt5_tier_b_fallback_only_oos,run09K_qda_reg015_sample300_followup_v1,mt5_tier_b_fallback_only_oos,Tier B,trading_risk_execution,runtime_probe,completed,inconclusive_tier_b_fallback_only_runtime_probe,C:/Users/awdse/AppData/Roaming/MetaQuotes/Terminal/D0E8209F77C8CF37AD8BF550E51FF075/MQL5/Experts/Project_Obsidian_Prime_v2/stages/16_model_family_challenge__qda_class_covariance_scout/02_runs/run09K_qda_reg015_sample300_followup_v1/mt5/reports/Project_Obsidian_Prime_v2_run09K_qda_reg015_sample300_followup_v1_tier_b_fallback_only_oos.htm,net_profit=79;pf=1.36;expectancy=4.16;trades=19;win_rate=52.63,"labelable=1062;feature_ready=1062;model_ok=1062;no_tier_labelable=159;max_dd=187.14;recovery=0.42;fill=34;reject=0;skip=36275;subtypes={""B_core_only"":24,""B_full_context_outside_tier_a_scope"":1,""B_macro_missing"":809,""B_mixed_partial_context"":228}",completed,Tier B fallback-only standalone MT5 tester run.
run09K_qda_reg015_sample300_followup_v1__mt5_routed_tier_a_used_oos,16_model_family_challenge__qda_class_covariance_scout,run09K_qda_reg015_sample300_followup_v1,mt5_routed_tier_a_used_oos,run09K_qda_reg015_sample300_followup_v1,mt5_routed_tier_a_used_oos,Tier A,routed_signal_execution_usage,runtime_probe,completed,inconclusive_routed_component_runtime_probe,C:/Users/awdse/AppData/Roaming/MetaQuotes/Terminal/D0E8209F77C8CF37AD8BF550E51FF075/MQL5/Experts/Project_Obsidian_Prime_v2/stages/16_model_family_challenge__qda_class_covariance_scout/02_runs/run09K_qda_reg015_sample300_followup_v1/kpi_record.json,route_bars=7584;route_share=0.877169;signals=826;long=61;short=765;fills=445,profit_attribution=not_separable_from_single_routed_account_path;reject=0;skip=0;subtypes=NA,completed,Tier A primary used component from one routed MT5 tester run.
run09K_qda_reg015_sample300_followup_v1__mt5_routed_tier_b_fallback_used_oos,16_model_family_challenge__qda_class_covariance_scout,run09K_qda_reg015_sample300_followup_v1,mt5_routed_tier_b_fallback_used_oos,run09K_qda_reg015_sample300_followup_v1,mt5_routed_tier_b_fallback_used_oos,Tier B,routed_signal_execution_usage,runtime_probe,completed,inconclusive_routed_component_runtime_probe,C:/Users/awdse/AppData/Roaming/MetaQuotes/Terminal/D0E8209F77C8CF37AD8BF550E51FF075/MQL5/Experts/Project_Obsidian_Prime_v2/stages/16_model_family_challenge__qda_class_covariance_scout/02_runs/run09K_qda_reg015_sample300_followup_v1/kpi_record.json,route_bars=1062;route_share=0.122831;signals=54;long=31;short=23;fills=31,"profit_attribution=not_separable_from_single_routed_account_path;reject=0;skip=0;subtypes={""B_core_only"":24,""B_full_context_outside_tier_a_scope"":1,""B_macro_missing"":809,""B_mixed_partial_context"":228}",completed,Tier B partial-context fallback used component from one routed MT5 tester run.
run09K_qda_reg015_sample300_followup_v1__mt5_routed_total_oos,16_model_family_challenge__qda_class_covariance_scout,run09K_qda_reg015_sample300_followup_v1,mt5_routed_total_oos,run09K_qda_reg015_sample300_followup_v1,mt5_routed_total_oos,Tier A+B,trading_risk_execution,runtime_probe,completed,inconclusive_routed_total_runtime_probe,C:/Users/awdse/AppData/Roaming/MetaQuotes/Terminal/D0E8209F77C8CF37AD8BF550E51FF075/MQL5/Experts/Project_Obsidian_Prime_v2/stages/16_model_family_challenge__qda_class_covariance_scout/02_runs/run09K_qda_reg015_sample300_followup_v1/mt5/reports/Project_Obsidian_Prime_v2_run09K_qda_reg015_sample300_followup_v1_routed_oos.htm,net_profit=-382.88;pf=0.74;expectancy=-1.43;trades=268;win_rate=47.76,a_used=7584;b_fallback=1062;no_tier_labelable=159;max_dd=416.19;recovery=-0.92;fill=476;reject=0;skip=28691,completed,Actual routed total from one MT5 tester account path; not a synthetic sum.
run09L_qda_reg015_sample450_followup_v1__python_tier_a_separate,16_model_family_challenge__qda_class_covariance_scout,run09L_qda_reg015_sample450_followup_v1,python_tier_a_separate,run09L_qda_reg015_sample450_followup_v1,python_tier_a_separate,Tier A,signal_probability_threshold,structural_scout,completed,inconclusive_single_split_scout_payload,stages/16_model_family_challenge__qda_class_covariance_scout/02_runs/run09L_qda_reg015_sample450_followup_v1/predictions/tier_a_separate_predictions.parquet,rows=46650;signal_coverage=0.0715327;signal_count=3337;short=1601;long=1736,prob_sum_err=3.33067e-16;selected_threshold=validation_nonflat_q0.90;threshold_ids=q0.90;subtype_counts=NA,out_of_scope_by_claim,Tier A full-context primary view
run09L_qda_reg015_sample450_followup_v1__python_tier_b_separate,16_model_family_challenge__qda_class_covariance_scout,run09L_qda_reg015_sample450_followup_v1,python_tier_b_separate,run09L_qda_reg015_sample450_followup_v1,python_tier_b_separate,Tier B,signal_probability_threshold,structural_scout,completed,inconclusive_single_split_scout_payload,stages/16_model_family_challenge__qda_class_covariance_scout/02_runs/run09L_qda_reg015_sample450_followup_v1/predictions/tier_b_separate_predictions.parquet,rows=12398;signal_coverage=0.0209711;signal_count=260;short=148;long=112,"prob_sum_err=3.33067e-16;selected_threshold=validation_nonflat_q0.90;threshold_ids=q0.90;subtype_counts={""B_constituent_missing"":1,""B_core_only"":200,""B_full_context_outside_tier_a_scope"":217,""B_macro_missing"":10740,""B_mixed_partial_context"":1240}",out_of_scope_by_claim,Tier B partial-context fallback-only view
run09L_qda_reg015_sample450_followup_v1__python_tier_ab_combined,16_model_family_challenge__qda_class_covariance_scout,run09L_qda_reg015_sample450_followup_v1,python_tier_ab_combined,run09L_qda_reg015_sample450_followup_v1,python_tier_ab_combined,Tier A+B,signal_probability_threshold,structural_scout,completed,inconclusive_single_split_scout_payload,stages/16_model_family_challenge__qda_class_covariance_scout/02_runs/run09L_qda_reg015_sample450_followup_v1/predictions/tier_ab_combined_predictions.parquet,rows=59048;signal_coverage=0.0585287;signal_count=3456;short=1681;long=1775,"prob_sum_err=3.33067e-16;selected_threshold=validation_nonflat_q0.90;threshold_ids=q0.90;subtype_counts={""B_constituent_missing"":1,""B_core_only"":200,""B_full_context_outside_tier_a_scope"":217,""B_macro_missing"":10740,""B_mixed_partial_context"":1240,""Tier_A_full_context"":46650}",out_of_scope_by_claim,Tier A primary plus Tier B fallback routed Python view
run09L_qda_reg015_sample450_followup_v1__mt5_tier_a_only_validation_is,16_model_family_challenge__qda_class_covariance_scout,run09L_qda_reg015_sample450_followup_v1,mt5_tier_a_only_validation_is,run09L_qda_reg015_sample450_followup_v1,mt5_tier_a_only_validation_is,Tier A,trading_risk_execution,runtime_probe,completed,inconclusive_tier_only_runtime_probe,C:/Users/awdse/AppData/Roaming/MetaQuotes/Terminal/D0E8209F77C8CF37AD8BF550E51FF075/MQL5/Experts/Project_Obsidian_Prime_v2/stages/16_model_family_challenge__qda_class_covariance_scout/02_runs/run09L_qda_reg015_sample450_followup_v1/mt5/reports/Project_Obsidian_Prime_v2_run09L_qda_reg015_sample450_followup_v1_tier_a_only_validation_is.htm,net_profit=-129.36;pf=0.93;expectancy=-0.35;trades=369;win_rate=45.53,labelable=9844;feature_ready=9844;model_ok=9844;no_tier_labelable=203;max_dd=402.38;recovery=-0.32;fill=587;reject=0;skip=42964;subtypes=NA,completed,Tier A only standalone MT5 tester run.
run09L_qda_reg015_sample450_followup_v1__mt5_tier_b_fallback_only_validation_is,16_model_family_challenge__qda_class_covariance_scout,run09L_qda_reg015_sample450_followup_v1,mt5_tier_b_fallback_only_validation_is,run09L_qda_reg015_sample450_followup_v1,mt5_tier_b_fallback_only_validation_is,Tier B,trading_risk_execution,runtime_probe,completed,inconclusive_tier_b_fallback_only_runtime_probe,C:/Users/awdse/AppData/Roaming/MetaQuotes/Terminal/D0E8209F77C8CF37AD8BF550E51FF075/MQL5/Experts/Project_Obsidian_Prime_v2/stages/16_model_family_challenge__qda_class_covariance_scout/02_runs/run09L_qda_reg015_sample450_followup_v1/mt5/reports/Project_Obsidian_Prime_v2_run09L_qda_reg015_sample450_followup_v1_tier_b_fallback_only_validation_is.htm,net_profit=110.21;pf=7.51;expectancy=12.25;trades=9;win_rate=55.56,"labelable=2366;feature_ready=2366;model_ok=2366;no_tier_labelable=203;max_dd=57.43;recovery=1.92;fill=17;reject=0;skip=50442;subtypes={""B_core_only"":25,""B_macro_missing"":2126,""B_mixed_partial_context"":215}",completed,Tier B fallback-only standalone MT5 tester run.
run09L_qda_reg015_sample450_followup_v1__mt5_routed_tier_a_used_validation_is,16_model_family_challenge__qda_class_covariance_scout,run09L_qda_reg015_sample450_followup_v1,mt5_routed_tier_a_used_validation_is,run09L_qda_reg015_sample450_followup_v1,mt5_routed_tier_a_used_validation_is,Tier A,routed_signal_execution_usage,runtime_probe,completed,inconclusive_routed_component_runtime_probe,C:/Users/awdse/AppData/Roaming/MetaQuotes/Terminal/D0E8209F77C8CF37AD8BF550E51FF075/MQL5/Experts/Project_Obsidian_Prime_v2/stages/16_model_family_challenge__qda_class_covariance_scout/02_runs/run09L_qda_reg015_sample450_followup_v1/kpi_record.json,route_bars=9844;route_share=0.806224;signals=985;long=513;short=472;fills=577,profit_attribution=not_separable_from_single_routed_account_path;reject=0;skip=0;subtypes=NA,completed,Tier A primary used component from one routed MT5 tester run.
run09L_qda_reg015_sample450_followup_v1__mt5_routed_tier_b_fallback_used_validation_is,16_model_family_challenge__qda_class_covariance_scout,run09L_qda_reg015_sample450_followup_v1,mt5_routed_tier_b_fallback_used_validation_is,run09L_qda_reg015_sample450_followup_v1,mt5_routed_tier_b_fallback_used_validation_is,Tier B,routed_signal_execution_usage,runtime_probe,completed,inconclusive_routed_component_runtime_probe,C:/Users/awdse/AppData/Roaming/MetaQuotes/Terminal/D0E8209F77C8CF37AD8BF550E51FF075/MQL5/Experts/Project_Obsidian_Prime_v2/stages/16_model_family_challenge__qda_class_covariance_scout/02_runs/run09L_qda_reg015_sample450_followup_v1/kpi_record.json,route_bars=2366;route_share=0.193776;signals=28;long=24;short=4;fills=24,"profit_attribution=not_separable_from_single_routed_account_path;reject=0;skip=0;subtypes={""B_core_only"":25,""B_macro_missing"":2126,""B_mixed_partial_context"":215}",completed,Tier B partial-context fallback used component from one routed MT5 tester run.
run09L_qda_reg015_sample450_followup_v1__mt5_routed_total_validation_is,16_model_family_challenge__qda_class_covariance_scout,run09L_qda_reg015_sample450_followup_v1,mt5_routed_total_validation_is,run09L_qda_reg015_sample450_followup_v1,mt5_routed_total_validation_is,Tier A+B,trading_risk_execution,runtime_probe,completed,inconclusive_routed_total_runtime_probe,C:/Users/awdse/AppData/Roaming/MetaQuotes/Terminal/D0E8209F77C8CF37AD8BF550E51FF075/MQL5/Experts/Project_Obsidian_Prime_v2/stages/16_model_family_challenge__qda_class_covariance_scout/02_runs/run09L_qda_reg015_sample450_followup_v1/mt5/reports/Project_Obsidian_Prime_v2_run09L_qda_reg015_sample450_followup_v1_routed_validation_is.htm,net_profit=-202.69;pf=0.9;expectancy=-0.54;trades=376;win_rate=44.68,a_used=9844;b_fallback=2366;no_tier_labelable=203;max_dd=466.63;recovery=-0.43;fill=601;reject=0;skip=40598,completed,Actual routed total from one MT5 tester account path; not a synthetic sum.
run09L_qda_reg015_sample450_followup_v1__mt5_tier_a_only_oos,16_model_family_challenge__qda_class_covariance_scout,run09L_qda_reg015_sample450_followup_v1,mt5_tier_a_only_oos,run09L_qda_reg015_sample450_followup_v1,mt5_tier_a_only_oos,Tier A,trading_risk_execution,runtime_probe,completed,inconclusive_tier_only_runtime_probe,C:/Users/awdse/AppData/Roaming/MetaQuotes/Terminal/D0E8209F77C8CF37AD8BF550E51FF075/MQL5/Experts/Project_Obsidian_Prime_v2/stages/16_model_family_challenge__qda_class_covariance_scout/02_runs/run09L_qda_reg015_sample450_followup_v1/mt5/reports/Project_Obsidian_Prime_v2_run09L_qda_reg015_sample450_followup_v1_tier_a_only_oos.htm,net_profit=139.76;pf=1.12;expectancy=0.53;trades=262;win_rate=49.62,labelable=7584;feature_ready=7584;model_ok=7584;no_tier_labelable=159;max_dd=147.1;recovery=0.95;fill=461;reject=0;skip=29753;subtypes=NA,completed,Tier A only standalone MT5 tester run.
run09L_qda_reg015_sample450_followup_v1__mt5_tier_b_fallback_only_oos,16_model_family_challenge__qda_class_covariance_scout,run09L_qda_reg015_sample450_followup_v1,mt5_tier_b_fallback_only_oos,run09L_qda_reg015_sample450_followup_v1,mt5_tier_b_fallback_only_oos,Tier B,trading_risk_execution,runtime_probe,completed,inconclusive_tier_b_fallback_only_runtime_probe,C:/Users/awdse/AppData/Roaming/MetaQuotes/Terminal/D0E8209F77C8CF37AD8BF550E51FF075/MQL5/Experts/Project_Obsidian_Prime_v2/stages/16_model_family_challenge__qda_class_covariance_scout/02_runs/run09L_qda_reg015_sample450_followup_v1/mt5/reports/Project_Obsidian_Prime_v2_run09L_qda_reg015_sample450_followup_v1_tier_b_fallback_only_oos.htm,net_profit=-56.65;pf=0.73;expectancy=-4.72;trades=12;win_rate=58.33,"labelable=1062;feature_ready=1062;model_ok=1062;no_tier_labelable=159;max_dd=195.93;recovery=-0.29;fill=22;reject=0;skip=36275;subtypes={""B_core_only"":24,""B_full_context_outside_tier_a_scope"":1,""B_macro_missing"":809,""B_mixed_partial_context"":228}",completed,Tier B fallback-only standalone MT5 tester run.
run09L_qda_reg015_sample450_followup_v1__mt5_routed_tier_a_used_oos,16_model_family_challenge__qda_class_covariance_scout,run09L_qda_reg015_sample450_followup_v1,mt5_routed_tier_a_used_oos,run09L_qda_reg015_sample450_followup_v1,mt5_routed_tier_a_used_oos,Tier A,routed_signal_execution_usage,runtime_probe,completed,inconclusive_routed_component_runtime_probe,C:/Users/awdse/AppData/Roaming/MetaQuotes/Terminal/D0E8209F77C8CF37AD8BF550E51FF075/MQL5/Experts/Project_Obsidian_Prime_v2/stages/16_model_family_challenge__qda_class_covariance_scout/02_runs/run09L_qda_reg015_sample450_followup_v1/kpi_record.json,route_bars=7584;route_share=0.877169;signals=938;long=484;short=454;fills=464,profit_attribution=not_separable_from_single_routed_account_path;reject=0;skip=0;subtypes=NA,completed,Tier A primary used component from one routed MT5 tester run.
run09L_qda_reg015_sample450_followup_v1__mt5_routed_tier_b_fallback_used_oos,16_model_family_challenge__qda_class_covariance_scout,run09L_qda_reg015_sample450_followup_v1,mt5_routed_tier_b_fallback_used_oos,run09L_qda_reg015_sample450_followup_v1,mt5_routed_tier_b_fallback_used_oos,Tier B,routed_signal_execution_usage,runtime_probe,completed,inconclusive_routed_component_runtime_probe,C:/Users/awdse/AppData/Roaming/MetaQuotes/Terminal/D0E8209F77C8CF37AD8BF550E51FF075/MQL5/Experts/Project_Obsidian_Prime_v2/stages/16_model_family_challenge__qda_class_covariance_scout/02_runs/run09L_qda_reg015_sample450_followup_v1/kpi_record.json,route_bars=1062;route_share=0.122831;signals=47;long=38;short=9;fills=24,"profit_attribution=not_separable_from_single_routed_account_path;reject=0;skip=0;subtypes={""B_core_only"":24,""B_full_context_outside_tier_a_scope"":1,""B_macro_missing"":809,""B_mixed_partial_context"":228}",completed,Tier B partial-context fallback used component from one routed MT5 tester run.
run09L_qda_reg015_sample450_followup_v1__mt5_routed_total_oos,16_model_family_challenge__qda_class_covariance_scout,run09L_qda_reg015_sample450_followup_v1,mt5_routed_total_oos,run09L_qda_reg015_sample450_followup_v1,mt5_routed_total_oos,Tier A+B,trading_risk_execution,runtime_probe,completed,inconclusive_routed_total_runtime_probe,C:/Users/awdse/AppData/Roaming/MetaQuotes/Terminal/D0E8209F77C8CF37AD8BF550E51FF075/MQL5/Experts/Project_Obsidian_Prime_v2/stages/16_model_family_challenge__qda_class_covariance_scout/02_runs/run09L_qda_reg015_sample450_followup_v1/mt5/reports/Project_Obsidian_Prime_v2_run09L_qda_reg015_sample450_followup_v1_routed_oos.htm,net_profit=109.21;pf=1.09;expectancy=0.39;trades=281;win_rate=47.69,a_used=7584;b_fallback=1062;no_tier_labelable=159;max_dd=150.16;recovery=0.73;fill=488;reject=0;skip=28691,completed,Actual routed total from one MT5 tester account path; not a synthetic sum.
run09M_qda_reg015_sample600_resample_followup_v1__python_tier_a_separate,16_model_family_challenge__qda_class_covariance_scout,run09M_qda_reg015_sample600_resample_followup_v1,python_tier_a_separate,run09M_qda_reg015_sample600_resample_followup_v1,python_tier_a_separate,Tier A,signal_probability_threshold,structural_scout,completed,inconclusive_single_split_scout_payload,stages/16_model_family_challenge__qda_class_covariance_scout/02_runs/run09M_qda_reg015_sample600_resample_followup_v1/predictions/tier_a_separate_predictions.parquet,rows=46650;signal_coverage=0.083537;signal_count=3897;short=2604;long=1293,prob_sum_err=3.33067e-16;selected_threshold=validation_nonflat_q0.90;threshold_ids=q0.90;subtype_counts=NA,out_of_scope_by_claim,Tier A full-context primary view
run09M_qda_reg015_sample600_resample_followup_v1__python_tier_b_separate,16_model_family_challenge__qda_class_covariance_scout,run09M_qda_reg015_sample600_resample_followup_v1,python_tier_b_separate,run09M_qda_reg015_sample600_resample_followup_v1,python_tier_b_separate,Tier B,signal_probability_threshold,structural_scout,completed,inconclusive_single_split_scout_payload,stages/16_model_family_challenge__qda_class_covariance_scout/02_runs/run09M_qda_reg015_sample600_resample_followup_v1/predictions/tier_b_separate_predictions.parquet,rows=12398;signal_coverage=0.0212938;signal_count=264;short=145;long=119,"prob_sum_err=3.33067e-16;selected_threshold=validation_nonflat_q0.90;threshold_ids=q0.90;subtype_counts={""B_constituent_missing"":1,""B_core_only"":200,""B_full_context_outside_tier_a_scope"":217,""B_macro_missing"":10740,""B_mixed_partial_context"":1240}",out_of_scope_by_claim,Tier B partial-context fallback-only view
run09M_qda_reg015_sample600_resample_followup_v1__python_tier_ab_combined,16_model_family_challenge__qda_class_covariance_scout,run09M_qda_reg015_sample600_resample_followup_v1,python_tier_ab_combined,run09M_qda_reg015_sample600_resample_followup_v1,python_tier_ab_combined,Tier A+B,signal_probability_threshold,structural_scout,completed,inconclusive_single_split_scout_payload,stages/16_model_family_challenge__qda_class_covariance_scout/02_runs/run09M_qda_reg015_sample600_resample_followup_v1/predictions/tier_ab_combined_predictions.parquet,rows=59048;signal_coverage=0.0708237;signal_count=4182;short=2759;long=1423,"prob_sum_err=3.33067e-16;selected_threshold=validation_nonflat_q0.90;threshold_ids=q0.90;subtype_counts={""B_constituent_missing"":1,""B_core_only"":200,""B_full_context_outside_tier_a_scope"":217,""B_macro_missing"":10740,""B_mixed_partial_context"":1240,""Tier_A_full_context"":46650}",out_of_scope_by_claim,Tier A primary plus Tier B fallback routed Python view
run09M_qda_reg015_sample600_resample_followup_v1__mt5_tier_a_only_validation_is,16_model_family_challenge__qda_class_covariance_scout,run09M_qda_reg015_sample600_resample_followup_v1,mt5_tier_a_only_validation_is,run09M_qda_reg015_sample600_resample_followup_v1,mt5_tier_a_only_validation_is,Tier A,trading_risk_execution,runtime_probe,completed,inconclusive_tier_only_runtime_probe,C:/Users/awdse/AppData/Roaming/MetaQuotes/Terminal/D0E8209F77C8CF37AD8BF550E51FF075/MQL5/Experts/Project_Obsidian_Prime_v2/stages/16_model_family_challenge__qda_class_covariance_scout/02_runs/run09M_qda_reg015_sample600_resample_followup_v1/mt5/reports/Project_Obsidian_Prime_v2_run09M_qda_reg015_sample600_resample_followup_v1_tier_a_only_validation_is.htm,net_profit=28.86;pf=1.02;expectancy=0.08;trades=379;win_rate=52.51,labelable=9844;feature_ready=9844;model_ok=9844;no_tier_labelable=203;max_dd=302.29;recovery=0.1;fill=613;reject=0;skip=42964;subtypes=NA,completed,Tier A only standalone MT5 tester run.
run09M_qda_reg015_sample600_resample_followup_v1__mt5_tier_b_fallback_only_validation_is,16_model_family_challenge__qda_class_covariance_scout,run09M_qda_reg015_sample600_resample_followup_v1,mt5_tier_b_fallback_only_validation_is,run09M_qda_reg015_sample600_resample_followup_v1,mt5_tier_b_fallback_only_validation_is,Tier B,trading_risk_execution,runtime_probe,completed,inconclusive_tier_b_fallback_only_runtime_probe,C:/Users/awdse/AppData/Roaming/MetaQuotes/Terminal/D0E8209F77C8CF37AD8BF550E51FF075/MQL5/Experts/Project_Obsidian_Prime_v2/stages/16_model_family_challenge__qda_class_covariance_scout/02_runs/run09M_qda_reg015_sample600_resample_followup_v1/mt5/reports/Project_Obsidian_Prime_v2_run09M_qda_reg015_sample600_resample_followup_v1_tier_b_fallback_only_validation_is.htm,net_profit=15.58;pf=2.03;expectancy=2.23;trades=7;win_rate=85.71,"labelable=2366;feature_ready=2366;model_ok=2366;no_tier_labelable=203;max_dd=36.35;recovery=0.43;fill=14;reject=0;skip=50442;subtypes={""B_core_only"":25,""B_macro_missing"":2126,""B_mixed_partial_context"":215}",completed,Tier B fallback-only standalone MT5 tester run.
run09M_qda_reg015_sample600_resample_followup_v1__mt5_routed_tier_a_used_validation_is,16_model_family_challenge__qda_class_covariance_scout,run09M_qda_reg015_sample600_resample_followup_v1,mt5_routed_tier_a_used_validation_is,run09M_qda_reg015_sample600_resample_followup_v1,mt5_routed_tier_a_used_validation_is,Tier A,routed_signal_execution_usage,runtime_probe,completed,inconclusive_routed_component_runtime_probe,C:/Users/awdse/AppData/Roaming/MetaQuotes/Terminal/D0E8209F77C8CF37AD8BF550E51FF075/MQL5/Experts/Project_Obsidian_Prime_v2/stages/16_model_family_challenge__qda_class_covariance_scout/02_runs/run09M_qda_reg015_sample600_resample_followup_v1/kpi_record.json,route_bars=9844;route_share=0.806224;signals=985;long=294;short=691;fills=602,profit_attribution=not_separable_from_single_routed_account_path;reject=0;skip=0;subtypes=NA,completed,Tier A primary used component from one routed MT5 tester run.
run09M_qda_reg015_sample600_resample_followup_v1__mt5_routed_tier_b_fallback_used_validation_is,16_model_family_challenge__qda_class_covariance_scout,run09M_qda_reg015_sample600_resample_followup_v1,mt5_routed_tier_b_fallback_used_validation_is,run09M_qda_reg015_sample600_resample_followup_v1,mt5_routed_tier_b_fallback_used_validation_is,Tier B,routed_signal_execution_usage,runtime_probe,completed,inconclusive_routed_component_runtime_probe,C:/Users/awdse/AppData/Roaming/MetaQuotes/Terminal/D0E8209F77C8CF37AD8BF550E51FF075/MQL5/Experts/Project_Obsidian_Prime_v2/stages/16_model_family_challenge__qda_class_covariance_scout/02_runs/run09M_qda_reg015_sample600_resample_followup_v1/kpi_record.json,route_bars=2366;route_share=0.193776;signals=26;long=25;short=1;fills=27,"profit_attribution=not_separable_from_single_routed_account_path;reject=0;skip=0;subtypes={""B_core_only"":25,""B_macro_missing"":2126,""B_mixed_partial_context"":215}",completed,Tier B partial-context fallback used component from one routed MT5 tester run.
run09M_qda_reg015_sample600_resample_followup_v1__mt5_routed_total_validation_is,16_model_family_challenge__qda_class_covariance_scout,run09M_qda_reg015_sample600_resample_followup_v1,mt5_routed_total_validation_is,run09M_qda_reg015_sample600_resample_followup_v1,mt5_routed_total_validation_is,Tier A+B,trading_risk_execution,runtime_probe,completed,inconclusive_routed_total_runtime_probe,C:/Users/awdse/AppData/Roaming/MetaQuotes/Terminal/D0E8209F77C8CF37AD8BF550E51FF075/MQL5/Experts/Project_Obsidian_Prime_v2/stages/16_model_family_challenge__qda_class_covariance_scout/02_runs/run09M_qda_reg015_sample600_resample_followup_v1/mt5/reports/Project_Obsidian_Prime_v2_run09M_qda_reg015_sample600_resample_followup_v1_routed_validation_is.htm,net_profit=28.66;pf=1.02;expectancy=0.07;trades=385;win_rate=52.99,a_used=9844;b_fallback=2366;no_tier_labelable=203;max_dd=301.85;recovery=0.09;fill=629;reject=0;skip=40598,completed,Actual routed total from one MT5 tester account path; not a synthetic sum.
run09M_qda_reg015_sample600_resample_followup_v1__mt5_tier_a_only_oos,16_model_family_challenge__qda_class_covariance_scout,run09M_qda_reg015_sample600_resample_followup_v1,mt5_tier_a_only_oos,run09M_qda_reg015_sample600_resample_followup_v1,mt5_tier_a_only_oos,Tier A,trading_risk_execution,runtime_probe,completed,inconclusive_tier_only_runtime_probe,C:/Users/awdse/AppData/Roaming/MetaQuotes/Terminal/D0E8209F77C8CF37AD8BF550E51FF075/MQL5/Experts/Project_Obsidian_Prime_v2/stages/16_model_family_challenge__qda_class_covariance_scout/02_runs/run09M_qda_reg015_sample600_resample_followup_v1/mt5/reports/Project_Obsidian_Prime_v2_run09M_qda_reg015_sample600_resample_followup_v1_tier_a_only_oos.htm,net_profit=-116.7;pf=0.9;expectancy=-0.51;trades=229;win_rate=48.91,labelable=7584;feature_ready=7584;model_ok=7584;no_tier_labelable=159;max_dd=171.87;recovery=-0.68;fill=404;reject=0;skip=29753;subtypes=NA,completed,Tier A only standalone MT5 tester run.
run09M_qda_reg015_sample600_resample_followup_v1__mt5_tier_b_fallback_only_oos,16_model_family_challenge__qda_class_covariance_scout,run09M_qda_reg015_sample600_resample_followup_v1,mt5_tier_b_fallback_only_oos,run09M_qda_reg015_sample600_resample_followup_v1,mt5_tier_b_fallback_only_oos,Tier B,trading_risk_execution,runtime_probe,completed,inconclusive_tier_b_fallback_only_runtime_probe,C:/Users/awdse/AppData/Roaming/MetaQuotes/Terminal/D0E8209F77C8CF37AD8BF550E51FF075/MQL5/Experts/Project_Obsidian_Prime_v2/stages/16_model_family_challenge__qda_class_covariance_scout/02_runs/run09M_qda_reg015_sample600_resample_followup_v1/mt5/reports/Project_Obsidian_Prime_v2_run09M_qda_reg015_sample600_resample_followup_v1_tier_b_fallback_only_oos.htm,net_profit=-91.72;pf=0.64;expectancy=-6.11;trades=15;win_rate=53.33,"labelable=1062;feature_ready=1062;model_ok=1062;no_tier_labelable=159;max_dd=216.07;recovery=-0.42;fill=25;reject=0;skip=36275;subtypes={""B_core_only"":24,""B_full_context_outside_tier_a_scope"":1,""B_macro_missing"":809,""B_mixed_partial_context"":228}",completed,Tier B fallback-only standalone MT5 tester run.
run09M_qda_reg015_sample600_resample_followup_v1__mt5_routed_tier_a_used_oos,16_model_family_challenge__qda_class_covariance_scout,run09M_qda_reg015_sample600_resample_followup_v1,mt5_routed_tier_a_used_oos,run09M_qda_reg015_sample600_resample_followup_v1,mt5_routed_tier_a_used_oos,Tier A,routed_signal_execution_usage,runtime_probe,completed,inconclusive_routed_component_runtime_probe,C:/Users/awdse/AppData/Roaming/MetaQuotes/Terminal/D0E8209F77C8CF37AD8BF550E51FF075/MQL5/Experts/Project_Obsidian_Prime_v2/stages/16_model_family_challenge__qda_class_covariance_scout/02_runs/run09M_qda_reg015_sample600_resample_followup_v1/kpi_record.json,route_bars=7584;route_share=0.877169;signals=670;long=134;short=536;fills=405,profit_attribution=not_separable_from_single_routed_account_path;reject=0;skip=0;subtypes=NA,completed,Tier A primary used component from one routed MT5 tester run.
run09M_qda_reg015_sample600_resample_followup_v1__mt5_routed_tier_b_fallback_used_oos,16_model_family_challenge__qda_class_covariance_scout,run09M_qda_reg015_sample600_resample_followup_v1,mt5_routed_tier_b_fallback_used_oos,run09M_qda_reg015_sample600_resample_followup_v1,mt5_routed_tier_b_fallback_used_oos,Tier B,routed_signal_execution_usage,runtime_probe,completed,inconclusive_routed_component_runtime_probe,C:/Users/awdse/AppData/Roaming/MetaQuotes/Terminal/D0E8209F77C8CF37AD8BF550E51FF075/MQL5/Experts/Project_Obsidian_Prime_v2/stages/16_model_family_challenge__qda_class_covariance_scout/02_runs/run09M_qda_reg015_sample600_resample_followup_v1/kpi_record.json,route_bars=1062;route_share=0.122831;signals=40;long=28;short=12;fills=34,"profit_attribution=not_separable_from_single_routed_account_path;reject=0;skip=0;subtypes={""B_core_only"":24,""B_full_context_outside_tier_a_scope"":1,""B_macro_missing"":809,""B_mixed_partial_context"":228}",completed,Tier B partial-context fallback used component from one routed MT5 tester run.
run09M_qda_reg015_sample600_resample_followup_v1__mt5_routed_total_oos,16_model_family_challenge__qda_class_covariance_scout,run09M_qda_reg015_sample600_resample_followup_v1,mt5_routed_total_oos,run09M_qda_reg015_sample600_resample_followup_v1,mt5_routed_total_oos,Tier A+B,trading_risk_execution,runtime_probe,completed,inconclusive_routed_total_runtime_probe,C:/Users/awdse/AppData/Roaming/MetaQuotes/Terminal/D0E8209F77C8CF37AD8BF550E51FF075/MQL5/Experts/Project_Obsidian_Prime_v2/stages/16_model_family_challenge__qda_class_covariance_scout/02_runs/run09M_qda_reg015_sample600_resample_followup_v1/mt5/reports/Project_Obsidian_Prime_v2_run09M_qda_reg015_sample600_resample_followup_v1_routed_oos.htm,net_profit=-81.82;pf=0.93;expectancy=-0.32;trades=257;win_rate=48.25,a_used=7584;b_fallback=1062;no_tier_labelable=159;max_dd=190.02;recovery=-0.43;fill=439;reject=0;skip=28691,completed,Actual routed total from one MT5 tester account path; not a synthetic sum.
run09N_qda_reg015_sample900_followup_v1__python_tier_a_separate,16_model_family_challenge__qda_class_covariance_scout,run09N_qda_reg015_sample900_followup_v1,python_tier_a_separate,run09N_qda_reg015_sample900_followup_v1,python_tier_a_separate,Tier A,signal_probability_threshold,structural_scout,completed,inconclusive_single_split_scout_payload,stages/16_model_family_challenge__qda_class_covariance_scout/02_runs/run09N_qda_reg015_sample900_followup_v1/predictions/tier_a_separate_predictions.parquet,rows=46650;signal_coverage=0.0806645;signal_count=3763;short=2027;long=1736,prob_sum_err=3.33067e-16;selected_threshold=validation_nonflat_q0.90;threshold_ids=q0.90;subtype_counts=NA,out_of_scope_by_claim,Tier A full-context primary view
run09N_qda_reg015_sample900_followup_v1__python_tier_b_separate,16_model_family_challenge__qda_class_covariance_scout,run09N_qda_reg015_sample900_followup_v1,python_tier_b_separate,run09N_qda_reg015_sample900_followup_v1,python_tier_b_separate,Tier B,signal_probability_threshold,structural_scout,completed,inconclusive_single_split_scout_payload,stages/16_model_family_challenge__qda_class_covariance_scout/02_runs/run09N_qda_reg015_sample900_followup_v1/predictions/tier_b_separate_predictions.parquet,rows=12398;signal_coverage=0.0325859;signal_count=404;short=187;long=217,"prob_sum_err=3.33067e-16;selected_threshold=validation_nonflat_q0.90;threshold_ids=q0.90;subtype_counts={""B_constituent_missing"":1,""B_core_only"":200,""B_full_context_outside_tier_a_scope"":217,""B_macro_missing"":10740,""B_mixed_partial_context"":1240}",out_of_scope_by_claim,Tier B partial-context fallback-only view
run09N_qda_reg015_sample900_followup_v1__python_tier_ab_combined,16_model_family_challenge__qda_class_covariance_scout,run09N_qda_reg015_sample900_followup_v1,python_tier_ab_combined,run09N_qda_reg015_sample900_followup_v1,python_tier_ab_combined,Tier A+B,signal_probability_threshold,structural_scout,completed,inconclusive_single_split_scout_payload,stages/16_model_family_challenge__qda_class_covariance_scout/02_runs/run09N_qda_reg015_sample900_followup_v1/predictions/tier_ab_combined_predictions.parquet,rows=59048;signal_coverage=0.0686391;signal_count=4053;short=2156;long=1897,"prob_sum_err=3.33067e-16;selected_threshold=validation_nonflat_q0.90;threshold_ids=q0.90;subtype_counts={""B_constituent_missing"":1,""B_core_only"":200,""B_full_context_outside_tier_a_scope"":217,""B_macro_missing"":10740,""B_mixed_partial_context"":1240,""Tier_A_full_context"":46650}",out_of_scope_by_claim,Tier A primary plus Tier B fallback routed Python view
run09N_qda_reg015_sample900_followup_v1__mt5_tier_a_only_validation_is,16_model_family_challenge__qda_class_covariance_scout,run09N_qda_reg015_sample900_followup_v1,mt5_tier_a_only_validation_is,run09N_qda_reg015_sample900_followup_v1,mt5_tier_a_only_validation_is,Tier A,trading_risk_execution,runtime_probe,completed,inconclusive_tier_only_runtime_probe,C:/Users/awdse/AppData/Roaming/MetaQuotes/Terminal/D0E8209F77C8CF37AD8BF550E51FF075/MQL5/Experts/Project_Obsidian_Prime_v2/stages/16_model_family_challenge__qda_class_covariance_scout/02_runs/run09N_qda_reg015_sample900_followup_v1/mt5/reports/Project_Obsidian_Prime_v2_run09N_qda_reg015_sample900_followup_v1_tier_a_only_validation_is.htm,net_profit=-324.59;pf=0.83;expectancy=-0.8;trades=405;win_rate=45.93,labelable=9844;feature_ready=9844;model_ok=9844;no_tier_labelable=203;max_dd=445.04;recovery=-0.73;fill=625;reject=0;skip=42964;subtypes=NA,completed,Tier A only standalone MT5 tester run.
run09N_qda_reg015_sample900_followup_v1__mt5_tier_b_fallback_only_validation_is,16_model_family_challenge__qda_class_covariance_scout,run09N_qda_reg015_sample900_followup_v1,mt5_tier_b_fallback_only_validation_is,run09N_qda_reg015_sample900_followup_v1,mt5_tier_b_fallback_only_validation_is,Tier B,trading_risk_execution,runtime_probe,completed,inconclusive_tier_b_fallback_only_runtime_probe,C:/Users/awdse/AppData/Roaming/MetaQuotes/Terminal/D0E8209F77C8CF37AD8BF550E51FF075/MQL5/Experts/Project_Obsidian_Prime_v2/stages/16_model_family_challenge__qda_class_covariance_scout/02_runs/run09N_qda_reg015_sample900_followup_v1/mt5/reports/Project_Obsidian_Prime_v2_run09N_qda_reg015_sample900_followup_v1_tier_b_fallback_only_validation_is.htm,net_profit=50.01;pf=1.48;expectancy=3.33;trades=15;win_rate=53.33,"labelable=2366;feature_ready=2366;model_ok=2366;no_tier_labelable=203;max_dd=93.89;recovery=0.53;fill=28;reject=0;skip=50442;subtypes={""B_core_only"":25,""B_macro_missing"":2126,""B_mixed_partial_context"":215}",completed,Tier B fallback-only standalone MT5 tester run.
run09N_qda_reg015_sample900_followup_v1__mt5_routed_tier_a_used_validation_is,16_model_family_challenge__qda_class_covariance_scout,run09N_qda_reg015_sample900_followup_v1,mt5_routed_tier_a_used_validation_is,run09N_qda_reg015_sample900_followup_v1,mt5_routed_tier_a_used_validation_is,Tier A,routed_signal_execution_usage,runtime_probe,completed,inconclusive_routed_component_runtime_probe,C:/Users/awdse/AppData/Roaming/MetaQuotes/Terminal/D0E8209F77C8CF37AD8BF550E51FF075/MQL5/Experts/Project_Obsidian_Prime_v2/stages/16_model_family_challenge__qda_class_covariance_scout/02_runs/run09N_qda_reg015_sample900_followup_v1/kpi_record.json,route_bars=9844;route_share=0.806224;signals=985;long=580;short=405;fills=613,profit_attribution=not_separable_from_single_routed_account_path;reject=0;skip=0;subtypes=NA,completed,Tier A primary used component from one routed MT5 tester run.
run09N_qda_reg015_sample900_followup_v1__mt5_routed_tier_b_fallback_used_validation_is,16_model_family_challenge__qda_class_covariance_scout,run09N_qda_reg015_sample900_followup_v1,mt5_routed_tier_b_fallback_used_validation_is,run09N_qda_reg015_sample900_followup_v1,mt5_routed_tier_b_fallback_used_validation_is,Tier B,routed_signal_execution_usage,runtime_probe,completed,inconclusive_routed_component_runtime_probe,C:/Users/awdse/AppData/Roaming/MetaQuotes/Terminal/D0E8209F77C8CF37AD8BF550E51FF075/MQL5/Experts/Project_Obsidian_Prime_v2/stages/16_model_family_challenge__qda_class_covariance_scout/02_runs/run09N_qda_reg015_sample900_followup_v1/kpi_record.json,route_bars=2366;route_share=0.193776;signals=15;long=10;short=5;fills=32,"profit_attribution=not_separable_from_single_routed_account_path;reject=0;skip=0;subtypes={""B_core_only"":25,""B_macro_missing"":2126,""B_mixed_partial_context"":215}",completed,Tier B partial-context fallback used component from one routed MT5 tester run.
run09N_qda_reg015_sample900_followup_v1__mt5_routed_total_validation_is,16_model_family_challenge__qda_class_covariance_scout,run09N_qda_reg015_sample900_followup_v1,mt5_routed_total_validation_is,run09N_qda_reg015_sample900_followup_v1,mt5_routed_total_validation_is,Tier A+B,trading_risk_execution,runtime_probe,completed,inconclusive_routed_total_runtime_probe,C:/Users/awdse/AppData/Roaming/MetaQuotes/Terminal/D0E8209F77C8CF37AD8BF550E51FF075/MQL5/Experts/Project_Obsidian_Prime_v2/stages/16_model_family_challenge__qda_class_covariance_scout/02_runs/run09N_qda_reg015_sample900_followup_v1/mt5/reports/Project_Obsidian_Prime_v2_run09N_qda_reg015_sample900_followup_v1_routed_validation_is.htm,net_profit=-316.4;pf=0.83;expectancy=-0.76;trades=417;win_rate=45.8,a_used=9844;b_fallback=2366;no_tier_labelable=203;max_dd=442.75;recovery=-0.71;fill=645;reject=0;skip=40598,completed,Actual routed total from one MT5 tester account path; not a synthetic sum.
run09N_qda_reg015_sample900_followup_v1__mt5_tier_a_only_oos,16_model_family_challenge__qda_class_covariance_scout,run09N_qda_reg015_sample900_followup_v1,mt5_tier_a_only_oos,run09N_qda_reg015_sample900_followup_v1,mt5_tier_a_only_oos,Tier A,trading_risk_execution,runtime_probe,completed,inconclusive_tier_only_runtime_probe,C:/Users/awdse/AppData/Roaming/MetaQuotes/Terminal/D0E8209F77C8CF37AD8BF550E51FF075/MQL5/Experts/Project_Obsidian_Prime_v2/stages/16_model_family_challenge__qda_class_covariance_scout/02_runs/run09N_qda_reg015_sample900_followup_v1/mt5/reports/Project_Obsidian_Prime_v2_run09N_qda_reg015_sample900_followup_v1_tier_a_only_oos.htm,net_profit=-41.24;pf=0.96;expectancy=-0.15;trades=272;win_rate=45.22,labelable=7584;feature_ready=7584;model_ok=7584;no_tier_labelable=159;max_dd=198.82;recovery=-0.21;fill=443;reject=0;skip=29753;subtypes=NA,completed,Tier A only standalone MT5 tester run.
run09N_qda_reg015_sample900_followup_v1__mt5_tier_b_fallback_only_oos,16_model_family_challenge__qda_class_covariance_scout,run09N_qda_reg015_sample900_followup_v1,mt5_tier_b_fallback_only_oos,run09N_qda_reg015_sample900_followup_v1,mt5_tier_b_fallback_only_oos,Tier B,trading_risk_execution,runtime_probe,completed,inconclusive_tier_b_fallback_only_runtime_probe,C:/Users/awdse/AppData/Roaming/MetaQuotes/Terminal/D0E8209F77C8CF37AD8BF550E51FF075/MQL5/Experts/Project_Obsidian_Prime_v2/stages/16_model_family_challenge__qda_class_covariance_scout/02_runs/run09N_qda_reg015_sample900_followup_v1/mt5/reports/Project_Obsidian_Prime_v2_run09N_qda_reg015_sample900_followup_v1_tier_b_fallback_only_oos.htm,net_profit=139.67;pf=1.74;expectancy=6.98;trades=20;win_rate=50,"labelable=1062;feature_ready=1062;model_ok=1062;no_tier_labelable=159;max_dd=117.15;recovery=1.19;fill=37;reject=0;skip=36275;subtypes={""B_core_only"":24,""B_full_context_outside_tier_a_scope"":1,""B_macro_missing"":809,""B_mixed_partial_context"":228}",completed,Tier B fallback-only standalone MT5 tester run.
run09N_qda_reg015_sample900_followup_v1__mt5_routed_tier_a_used_oos,16_model_family_challenge__qda_class_covariance_scout,run09N_qda_reg015_sample900_followup_v1,mt5_routed_tier_a_used_oos,run09N_qda_reg015_sample900_followup_v1,mt5_routed_tier_a_used_oos,Tier A,routed_signal_execution_usage,runtime_probe,completed,inconclusive_routed_component_runtime_probe,C:/Users/awdse/AppData/Roaming/MetaQuotes/Terminal/D0E8209F77C8CF37AD8BF550E51FF075/MQL5/Experts/Project_Obsidian_Prime_v2/stages/16_model_family_challenge__qda_class_covariance_scout/02_runs/run09N_qda_reg015_sample900_followup_v1/kpi_record.json,route_bars=7584;route_share=0.877169;signals=624;long=275;short=349;fills=441,profit_attribution=not_separable_from_single_routed_account_path;reject=0;skip=0;subtypes=NA,completed,Tier A primary used component from one routed MT5 tester run.
run09N_qda_reg015_sample900_followup_v1__mt5_routed_tier_b_fallback_used_oos,16_model_family_challenge__qda_class_covariance_scout,run09N_qda_reg015_sample900_followup_v1,mt5_routed_tier_b_fallback_used_oos,run09N_qda_reg015_sample900_followup_v1,mt5_routed_tier_b_fallback_used_oos,Tier B,routed_signal_execution_usage,runtime_probe,completed,inconclusive_routed_component_runtime_probe,C:/Users/awdse/AppData/Roaming/MetaQuotes/Terminal/D0E8209F77C8CF37AD8BF550E51FF075/MQL5/Experts/Project_Obsidian_Prime_v2/stages/16_model_family_challenge__qda_class_covariance_scout/02_runs/run09N_qda_reg015_sample900_followup_v1/kpi_record.json,route_bars=1062;route_share=0.122831;signals=55;long=14;short=41;fills=36,"profit_attribution=not_separable_from_single_routed_account_path;reject=0;skip=0;subtypes={""B_core_only"":24,""B_full_context_outside_tier_a_scope"":1,""B_macro_missing"":809,""B_mixed_partial_context"":228}",completed,Tier B partial-context fallback used component from one routed MT5 tester run.
run09N_qda_reg015_sample900_followup_v1__mt5_routed_total_oos,16_model_family_challenge__qda_class_covariance_scout,run09N_qda_reg015_sample900_followup_v1,mt5_routed_total_oos,run09N_qda_reg015_sample900_followup_v1,mt5_routed_total_oos,Tier A+B,trading_risk_execution,runtime_probe,completed,inconclusive_routed_total_runtime_probe,C:/Users/awdse/AppData/Roaming/MetaQuotes/Terminal/D0E8209F77C8CF37AD8BF550E51FF075/MQL5/Experts/Project_Obsidian_Prime_v2/stages/16_model_family_challenge__qda_class_covariance_scout/02_runs/run09N_qda_reg015_sample900_followup_v1/mt5/reports/Project_Obsidian_Prime_v2_run09N_qda_reg015_sample900_followup_v1_routed_oos.htm,net_profit=-149.52;pf=0.88;expectancy=-0.51;trades=293;win_rate=44.71,a_used=7584;b_fallback=1062;no_tier_labelable=159;max_dd=229.06;recovery=-0.65;fill=477;reject=0;skip=28691,completed,Actual routed total from one MT5 tester account path; not a synthetic sum.
run09O_qda_reg015_q85_coverage_followup_v1__python_tier_a_separate,16_model_family_challenge__qda_class_covariance_scout,run09O_qda_reg015_q85_coverage_followup_v1,python_tier_a_separate,run09O_qda_reg015_q85_coverage_followup_v1,python_tier_a_separate,Tier A,signal_probability_threshold,structural_scout,completed,inconclusive_single_split_scout_payload,stages/16_model_family_challenge__qda_class_covariance_scout/02_runs/run09O_qda_reg015_q85_coverage_followup_v1/predictions/tier_a_separate_predictions.parquet,rows=46650;signal_coverage=0.12328;signal_count=5751;short=2900;long=2851,prob_sum_err=3.33067e-16;selected_threshold=validation_nonflat_q0.85;threshold_ids=q0.85;subtype_counts=NA,out_of_scope_by_claim,Tier A full-context primary view
run09O_qda_reg015_q85_coverage_followup_v1__python_tier_b_separate,16_model_family_challenge__qda_class_covariance_scout,run09O_qda_reg015_q85_coverage_followup_v1,python_tier_b_separate,run09O_qda_reg015_q85_coverage_followup_v1,python_tier_b_separate,Tier B,signal_probability_threshold,structural_scout,completed,inconclusive_single_split_scout_payload,stages/16_model_family_challenge__qda_class_covariance_scout/02_runs/run09O_qda_reg015_q85_coverage_followup_v1/predictions/tier_b_separate_predictions.parquet,rows=12398;signal_coverage=0.0453299;signal_count=562;short=343;long=219,"prob_sum_err=3.33067e-16;selected_threshold=validation_nonflat_q0.85;threshold_ids=q0.85;subtype_counts={""B_constituent_missing"":1,""B_core_only"":200,""B_full_context_outside_tier_a_scope"":217,""B_macro_missing"":10740,""B_mixed_partial_context"":1240}",out_of_scope_by_claim,Tier B partial-context fallback-only view
run09O_qda_reg015_q85_coverage_followup_v1__python_tier_ab_combined,16_model_family_challenge__qda_class_covariance_scout,run09O_qda_reg015_q85_coverage_followup_v1,python_tier_ab_combined,run09O_qda_reg015_q85_coverage_followup_v1,python_tier_ab_combined,Tier A+B,signal_probability_threshold,structural_scout,completed,inconclusive_single_split_scout_payload,stages/16_model_family_challenge__qda_class_covariance_scout/02_runs/run09O_qda_reg015_q85_coverage_followup_v1/predictions/tier_ab_combined_predictions.parquet,rows=59048;signal_coverage=0.103018;signal_count=6083;short=3090;long=2993,"prob_sum_err=3.33067e-16;selected_threshold=validation_nonflat_q0.85;threshold_ids=q0.85;subtype_counts={""B_constituent_missing"":1,""B_core_only"":200,""B_full_context_outside_tier_a_scope"":217,""B_macro_missing"":10740,""B_mixed_partial_context"":1240,""Tier_A_full_context"":46650}",out_of_scope_by_claim,Tier A primary plus Tier B fallback routed Python view
run09O_qda_reg015_q85_coverage_followup_v1__mt5_tier_a_only_validation_is,16_model_family_challenge__qda_class_covariance_scout,run09O_qda_reg015_q85_coverage_followup_v1,mt5_tier_a_only_validation_is,run09O_qda_reg015_q85_coverage_followup_v1,mt5_tier_a_only_validation_is,Tier A,trading_risk_execution,runtime_probe,completed,inconclusive_tier_only_runtime_probe,C:/Users/awdse/AppData/Roaming/MetaQuotes/Terminal/D0E8209F77C8CF37AD8BF550E51FF075/MQL5/Experts/Project_Obsidian_Prime_v2/stages/16_model_family_challenge__qda_class_covariance_scout/02_runs/run09O_qda_reg015_q85_coverage_followup_v1/mt5/reports/Project_Obsidian_Prime_v2_run09O_qda_reg015_q85_coverage_followup_v1_tier_a_only_validation_is.htm,net_profit=131.06;pf=1.05;expectancy=0.21;trades=632;win_rate=45.73,labelable=9844;feature_ready=9844;model_ok=9844;no_tier_labelable=203;max_dd=407.05;recovery=0.32;fill=887;reject=0;skip=42964;subtypes=NA,completed,Tier A only standalone MT5 tester run.
run09O_qda_reg015_q85_coverage_followup_v1__mt5_tier_b_fallback_only_validation_is,16_model_family_challenge__qda_class_covariance_scout,run09O_qda_reg015_q85_coverage_followup_v1,mt5_tier_b_fallback_only_validation_is,run09O_qda_reg015_q85_coverage_followup_v1,mt5_tier_b_fallback_only_validation_is,Tier B,trading_risk_execution,runtime_probe,completed,inconclusive_tier_b_fallback_only_runtime_probe,C:/Users/awdse/AppData/Roaming/MetaQuotes/Terminal/D0E8209F77C8CF37AD8BF550E51FF075/MQL5/Experts/Project_Obsidian_Prime_v2/stages/16_model_family_challenge__qda_class_covariance_scout/02_runs/run09O_qda_reg015_q85_coverage_followup_v1/mt5/reports/Project_Obsidian_Prime_v2_run09O_qda_reg015_q85_coverage_followup_v1_tier_b_fallback_only_validation_is.htm,net_profit=-196.14;pf=0.37;expectancy=-10.32;trades=19;win_rate=63.16,"labelable=2366;feature_ready=2366;model_ok=2366;no_tier_labelable=203;max_dd=403.96;recovery=-0.49;fill=35;reject=0;skip=50442;subtypes={""B_core_only"":25,""B_macro_missing"":2126,""B_mixed_partial_context"":215}",completed,Tier B fallback-only standalone MT5 tester run.
run09O_qda_reg015_q85_coverage_followup_v1__mt5_routed_tier_a_used_validation_is,16_model_family_challenge__qda_class_covariance_scout,run09O_qda_reg015_q85_coverage_followup_v1,mt5_routed_tier_a_used_validation_is,run09O_qda_reg015_q85_coverage_followup_v1,mt5_routed_tier_a_used_validation_is,Tier A,routed_signal_execution_usage,runtime_probe,completed,inconclusive_routed_component_runtime_probe,C:/Users/awdse/AppData/Roaming/MetaQuotes/Terminal/D0E8209F77C8CF37AD8BF550E51FF075/MQL5/Experts/Project_Obsidian_Prime_v2/stages/16_model_family_challenge__qda_class_covariance_scout/02_runs/run09O_qda_reg015_q85_coverage_followup_v1/kpi_record.json,route_bars=9844;route_share=0.806224;signals=1477;long=771;short=706;fills=870,profit_attribution=not_separable_from_single_routed_account_path;reject=0;skip=0;subtypes=NA,completed,Tier A primary used component from one routed MT5 tester run.
run09O_qda_reg015_q85_coverage_followup_v1__mt5_routed_tier_b_fallback_used_validation_is,16_model_family_challenge__qda_class_covariance_scout,run09O_qda_reg015_q85_coverage_followup_v1,mt5_routed_tier_b_fallback_used_validation_is,run09O_qda_reg015_q85_coverage_followup_v1,mt5_routed_tier_b_fallback_used_validation_is,Tier B,routed_signal_execution_usage,runtime_probe,completed,inconclusive_routed_component_runtime_probe,C:/Users/awdse/AppData/Roaming/MetaQuotes/Terminal/D0E8209F77C8CF37AD8BF550E51FF075/MQL5/Experts/Project_Obsidian_Prime_v2/stages/16_model_family_challenge__qda_class_covariance_scout/02_runs/run09O_qda_reg015_q85_coverage_followup_v1/kpi_record.json,route_bars=2366;route_share=0.193776;signals=75;long=46;short=29;fills=47,"profit_attribution=not_separable_from_single_routed_account_path;reject=0;skip=0;subtypes={""B_core_only"":25,""B_macro_missing"":2126,""B_mixed_partial_context"":215}",completed,Tier B partial-context fallback used component from one routed MT5 tester run.
run09O_qda_reg015_q85_coverage_followup_v1__mt5_routed_total_validation_is,16_model_family_challenge__qda_class_covariance_scout,run09O_qda_reg015_q85_coverage_followup_v1,mt5_routed_total_validation_is,run09O_qda_reg015_q85_coverage_followup_v1,mt5_routed_total_validation_is,Tier A+B,trading_risk_execution,runtime_probe,completed,inconclusive_routed_total_runtime_probe,C:/Users/awdse/AppData/Roaming/MetaQuotes/Terminal/D0E8209F77C8CF37AD8BF550E51FF075/MQL5/Experts/Project_Obsidian_Prime_v2/stages/16_model_family_challenge__qda_class_covariance_scout/02_runs/run09O_qda_reg015_q85_coverage_followup_v1/mt5/reports/Project_Obsidian_Prime_v2_run09O_qda_reg015_q85_coverage_followup_v1_routed_validation_is.htm,net_profit=146.76;pf=1.06;expectancy=0.23;trades=643;win_rate=46.35,a_used=9844;b_fallback=2366;no_tier_labelable=203;max_dd=393.18;recovery=0.37;fill=917;reject=0;skip=40598,completed,Actual routed total from one MT5 tester account path; not a synthetic sum.
run09O_qda_reg015_q85_coverage_followup_v1__mt5_tier_a_only_oos,16_model_family_challenge__qda_class_covariance_scout,run09O_qda_reg015_q85_coverage_followup_v1,mt5_tier_a_only_oos,run09O_qda_reg015_q85_coverage_followup_v1,mt5_tier_a_only_oos,Tier A,trading_risk_execution,runtime_probe,completed,inconclusive_tier_only_runtime_probe,C:/Users/awdse/AppData/Roaming/MetaQuotes/Terminal/D0E8209F77C8CF37AD8BF550E51FF075/MQL5/Experts/Project_Obsidian_Prime_v2/stages/16_model_family_challenge__qda_class_covariance_scout/02_runs/run09O_qda_reg015_q85_coverage_followup_v1/mt5/reports/Project_Obsidian_Prime_v2_run09O_qda_reg015_q85_coverage_followup_v1_tier_a_only_oos.htm,net_profit=262.73;pf=1.2;expectancy=0.74;trades=357;win_rate=48.46,labelable=7584;feature_ready=7584;model_ok=7584;no_tier_labelable=159;max_dd=159.84;recovery=1.64;fill=554;reject=0;skip=29753;subtypes=NA,completed,Tier A only standalone MT5 tester run.
run09O_qda_reg015_q85_coverage_followup_v1__mt5_tier_b_fallback_only_oos,16_model_family_challenge__qda_class_covariance_scout,run09O_qda_reg015_q85_coverage_followup_v1,mt5_tier_b_fallback_only_oos,run09O_qda_reg015_q85_coverage_followup_v1,mt5_tier_b_fallback_only_oos,Tier B,trading_risk_execution,runtime_probe,completed,inconclusive_tier_b_fallback_only_runtime_probe,C:/Users/awdse/AppData/Roaming/MetaQuotes/Terminal/D0E8209F77C8CF37AD8BF550E51FF075/MQL5/Experts/Project_Obsidian_Prime_v2/stages/16_model_family_challenge__qda_class_covariance_scout/02_runs/run09O_qda_reg015_q85_coverage_followup_v1/mt5/reports/Project_Obsidian_Prime_v2_run09O_qda_reg015_q85_coverage_followup_v1_tier_b_fallback_only_oos.htm,net_profit=-276.91;pf=0.63;expectancy=-6.92;trades=40;win_rate=50,"labelable=1062;feature_ready=1062;model_ok=1062;no_tier_labelable=159;max_dd=392.95;recovery=-0.7;fill=66;reject=0;skip=36275;subtypes={""B_core_only"":24,""B_full_context_outside_tier_a_scope"":1,""B_macro_missing"":809,""B_mixed_partial_context"":228}",completed,Tier B fallback-only standalone MT5 tester run.
run09O_qda_reg015_q85_coverage_followup_v1__mt5_routed_tier_a_used_oos,16_model_family_challenge__qda_class_covariance_scout,run09O_qda_reg015_q85_coverage_followup_v1,mt5_routed_tier_a_used_oos,run09O_qda_reg015_q85_coverage_followup_v1,mt5_routed_tier_a_used_oos,Tier A,routed_signal_execution_usage,runtime_probe,completed,inconclusive_routed_component_runtime_probe,C:/Users/awdse/AppData/Roaming/MetaQuotes/Terminal/D0E8209F77C8CF37AD8BF550E51FF075/MQL5/Experts/Project_Obsidian_Prime_v2/stages/16_model_family_challenge__qda_class_covariance_scout/02_runs/run09O_qda_reg015_q85_coverage_followup_v1/kpi_record.json,route_bars=7584;route_share=0.877169;signals=934;long=499;short=435;fills=557,profit_attribution=not_separable_from_single_routed_account_path;reject=0;skip=0;subtypes=NA,completed,Tier A primary used component from one routed MT5 tester run.
run09O_qda_reg015_q85_coverage_followup_v1__mt5_routed_tier_b_fallback_used_oos,16_model_family_challenge__qda_class_covariance_scout,run09O_qda_reg015_q85_coverage_followup_v1,mt5_routed_tier_b_fallback_used_oos,run09O_qda_reg015_q85_coverage_followup_v1,mt5_routed_tier_b_fallback_used_oos,Tier B,routed_signal_execution_usage,runtime_probe,completed,inconclusive_routed_component_runtime_probe,C:/Users/awdse/AppData/Roaming/MetaQuotes/Terminal/D0E8209F77C8CF37AD8BF550E51FF075/MQL5/Experts/Project_Obsidian_Prime_v2/stages/16_model_family_challenge__qda_class_covariance_scout/02_runs/run09O_qda_reg015_q85_coverage_followup_v1/kpi_record.json,route_bars=1062;route_share=0.122831;signals=138;long=51;short=87;fills=61,"profit_attribution=not_separable_from_single_routed_account_path;reject=0;skip=0;subtypes={""B_core_only"":24,""B_full_context_outside_tier_a_scope"":1,""B_macro_missing"":809,""B_mixed_partial_context"":228}",completed,Tier B partial-context fallback used component from one routed MT5 tester run.
run09O_qda_reg015_q85_coverage_followup_v1__mt5_routed_total_oos,16_model_family_challenge__qda_class_covariance_scout,run09O_qda_reg015_q85_coverage_followup_v1,mt5_routed_total_oos,run09O_qda_reg015_q85_coverage_followup_v1,mt5_routed_total_oos,Tier A+B,trading_risk_execution,runtime_probe,completed,inconclusive_routed_total_runtime_probe,C:/Users/awdse/AppData/Roaming/MetaQuotes/Terminal/D0E8209F77C8CF37AD8BF550E51FF075/MQL5/Experts/Project_Obsidian_Prime_v2/stages/16_model_family_challenge__qda_class_covariance_scout/02_runs/run09O_qda_reg015_q85_coverage_followup_v1/mt5/reports/Project_Obsidian_Prime_v2_run09O_qda_reg015_q85_coverage_followup_v1_routed_oos.htm,net_profit=241.26;pf=1.17;expectancy=0.61;trades=395;win_rate=49.37,a_used=7584;b_fallback=1062;no_tier_labelable=159;max_dd=176.72;recovery=1.37;fill=618;reject=0;skip=28691,completed,Actual routed total from one MT5 tester account path; not a synthetic sum.
run09P_qda_reg015_q93_coverage_followup_v1__python_tier_a_separate,16_model_family_challenge__qda_class_covariance_scout,run09P_qda_reg015_q93_coverage_followup_v1,python_tier_a_separate,run09P_qda_reg015_q93_coverage_followup_v1,python_tier_a_separate,Tier A,signal_probability_threshold,structural_scout,completed,inconclusive_single_split_scout_payload,stages/16_model_family_challenge__qda_class_covariance_scout/02_runs/run09P_qda_reg015_q93_coverage_followup_v1/predictions/tier_a_separate_predictions.parquet,rows=46650;signal_coverage=0.0539764;signal_count=2518;short=1395;long=1123,prob_sum_err=3.33067e-16;selected_threshold=validation_nonflat_q0.93;threshold_ids=q0.93;subtype_counts=NA,out_of_scope_by_claim,Tier A full-context primary view
run09P_qda_reg015_q93_coverage_followup_v1__python_tier_b_separate,16_model_family_challenge__qda_class_covariance_scout,run09P_qda_reg015_q93_coverage_followup_v1,python_tier_b_separate,run09P_qda_reg015_q93_coverage_followup_v1,python_tier_b_separate,Tier B,signal_probability_threshold,structural_scout,completed,inconclusive_single_split_scout_payload,stages/16_model_family_challenge__qda_class_covariance_scout/02_runs/run09P_qda_reg015_q93_coverage_followup_v1/predictions/tier_b_separate_predictions.parquet,rows=12398;signal_coverage=0.0158897;signal_count=197;short=105;long=92,"prob_sum_err=3.33067e-16;selected_threshold=validation_nonflat_q0.93;threshold_ids=q0.93;subtype_counts={""B_constituent_missing"":1,""B_core_only"":200,""B_full_context_outside_tier_a_scope"":217,""B_macro_missing"":10740,""B_mixed_partial_context"":1240}",out_of_scope_by_claim,Tier B partial-context fallback-only view
run09P_qda_reg015_q93_coverage_followup_v1__python_tier_ab_combined,16_model_family_challenge__qda_class_covariance_scout,run09P_qda_reg015_q93_coverage_followup_v1,python_tier_ab_combined,run09P_qda_reg015_q93_coverage_followup_v1,python_tier_ab_combined,Tier A+B,signal_probability_threshold,structural_scout,completed,inconclusive_single_split_scout_payload,stages/16_model_family_challenge__qda_class_covariance_scout/02_runs/run09P_qda_reg015_q93_coverage_followup_v1/predictions/tier_ab_combined_predictions.parquet,rows=59048;signal_coverage=0.0439981;signal_count=2598;short=1426;long=1172,"prob_sum_err=3.33067e-16;selected_threshold=validation_nonflat_q0.93;threshold_ids=q0.93;subtype_counts={""B_constituent_missing"":1,""B_core_only"":200,""B_full_context_outside_tier_a_scope"":217,""B_macro_missing"":10740,""B_mixed_partial_context"":1240,""Tier_A_full_context"":46650}",out_of_scope_by_claim,Tier A primary plus Tier B fallback routed Python view
run09P_qda_reg015_q93_coverage_followup_v1__mt5_tier_a_only_validation_is,16_model_family_challenge__qda_class_covariance_scout,run09P_qda_reg015_q93_coverage_followup_v1,mt5_tier_a_only_validation_is,run09P_qda_reg015_q93_coverage_followup_v1,mt5_tier_a_only_validation_is,Tier A,trading_risk_execution,runtime_probe,completed,inconclusive_tier_only_runtime_probe,C:/Users/awdse/AppData/Roaming/MetaQuotes/Terminal/D0E8209F77C8CF37AD8BF550E51FF075/MQL5/Experts/Project_Obsidian_Prime_v2/stages/16_model_family_challenge__qda_class_covariance_scout/02_runs/run09P_qda_reg015_q93_coverage_followup_v1/mt5/reports/Project_Obsidian_Prime_v2_run09P_qda_reg015_q93_coverage_followup_v1_tier_a_only_validation_is.htm,net_profit=220.13;pf=1.14;expectancy=0.61;trades=358;win_rate=48.88,labelable=9844;feature_ready=9844;model_ok=9844;no_tier_labelable=203;max_dd=147.9;recovery=1.49;fill=571;reject=0;skip=42964;subtypes=NA,completed,Tier A only standalone MT5 tester run.
run09P_qda_reg015_q93_coverage_followup_v1__mt5_tier_b_fallback_only_validation_is,16_model_family_challenge__qda_class_covariance_scout,run09P_qda_reg015_q93_coverage_followup_v1,mt5_tier_b_fallback_only_validation_is,run09P_qda_reg015_q93_coverage_followup_v1,mt5_tier_b_fallback_only_validation_is,Tier B,trading_risk_execution,runtime_probe,completed,inconclusive_tier_b_fallback_only_runtime_probe,C:/Users/awdse/AppData/Roaming/MetaQuotes/Terminal/D0E8209F77C8CF37AD8BF550E51FF075/MQL5/Experts/Project_Obsidian_Prime_v2/stages/16_model_family_challenge__qda_class_covariance_scout/02_runs/run09P_qda_reg015_q93_coverage_followup_v1/mt5/reports/Project_Obsidian_Prime_v2_run09P_qda_reg015_q93_coverage_followup_v1_tier_b_fallback_only_validation_is.htm,net_profit=31.8;pf=3.15;expectancy=6.36;trades=5;win_rate=80,"labelable=2366;feature_ready=2366;model_ok=2366;no_tier_labelable=203;max_dd=36.35;recovery=0.87;fill=10;reject=0;skip=50442;subtypes={""B_core_only"":25,""B_macro_missing"":2126,""B_mixed_partial_context"":215}",completed,Tier B fallback-only standalone MT5 tester run.
run09P_qda_reg015_q93_coverage_followup_v1__mt5_routed_tier_a_used_validation_is,16_model_family_challenge__qda_class_covariance_scout,run09P_qda_reg015_q93_coverage_followup_v1,mt5_routed_tier_a_used_validation_is,run09P_qda_reg015_q93_coverage_followup_v1,mt5_routed_tier_a_used_validation_is,Tier A,routed_signal_execution_usage,runtime_probe,completed,inconclusive_routed_component_runtime_probe,C:/Users/awdse/AppData/Roaming/MetaQuotes/Terminal/D0E8209F77C8CF37AD8BF550E51FF075/MQL5/Experts/Project_Obsidian_Prime_v2/stages/16_model_family_challenge__qda_class_covariance_scout/02_runs/run09P_qda_reg015_q93_coverage_followup_v1/kpi_record.json,route_bars=9844;route_share=0.806224;signals=690;long=327;short=363;fills=558,profit_attribution=not_separable_from_single_routed_account_path;reject=0;skip=0;subtypes=NA,completed,Tier A primary used component from one routed MT5 tester run.
run09P_qda_reg015_q93_coverage_followup_v1__mt5_routed_tier_b_fallback_used_validation_is,16_model_family_challenge__qda_class_covariance_scout,run09P_qda_reg015_q93_coverage_followup_v1,mt5_routed_tier_b_fallback_used_validation_is,run09P_qda_reg015_q93_coverage_followup_v1,mt5_routed_tier_b_fallback_used_validation_is,Tier B,routed_signal_execution_usage,runtime_probe,completed,inconclusive_routed_component_runtime_probe,C:/Users/awdse/AppData/Roaming/MetaQuotes/Terminal/D0E8209F77C8CF37AD8BF550E51FF075/MQL5/Experts/Project_Obsidian_Prime_v2/stages/16_model_family_challenge__qda_class_covariance_scout/02_runs/run09P_qda_reg015_q93_coverage_followup_v1/kpi_record.json,route_bars=2366;route_share=0.193776;signals=11;long=11;short=0;fills=25,"profit_attribution=not_separable_from_single_routed_account_path;reject=0;skip=0;subtypes={""B_core_only"":25,""B_macro_missing"":2126,""B_mixed_partial_context"":215}",completed,Tier B partial-context fallback used component from one routed MT5 tester run.
run09P_qda_reg015_q93_coverage_followup_v1__mt5_routed_total_validation_is,16_model_family_challenge__qda_class_covariance_scout,run09P_qda_reg015_q93_coverage_followup_v1,mt5_routed_total_validation_is,run09P_qda_reg015_q93_coverage_followup_v1,mt5_routed_total_validation_is,Tier A+B,trading_risk_execution,runtime_probe,completed,inconclusive_routed_total_runtime_probe,C:/Users/awdse/AppData/Roaming/MetaQuotes/Terminal/D0E8209F77C8CF37AD8BF550E51FF075/MQL5/Experts/Project_Obsidian_Prime_v2/stages/16_model_family_challenge__qda_class_covariance_scout/02_runs/run09P_qda_reg015_q93_coverage_followup_v1/mt5/reports/Project_Obsidian_Prime_v2_run09P_qda_reg015_q93_coverage_followup_v1_routed_validation_is.htm,net_profit=220.81;pf=1.14;expectancy=0.61;trades=364;win_rate=48.9,a_used=9844;b_fallback=2366;no_tier_labelable=203;max_dd=156.44;recovery=1.41;fill=583;reject=0;skip=40598,completed,Actual routed total from one MT5 tester account path; not a synthetic sum.
run09P_qda_reg015_q93_coverage_followup_v1__mt5_tier_a_only_oos,16_model_family_challenge__qda_class_covariance_scout,run09P_qda_reg015_q93_coverage_followup_v1,mt5_tier_a_only_oos,run09P_qda_reg015_q93_coverage_followup_v1,mt5_tier_a_only_oos,Tier A,trading_risk_execution,runtime_probe,completed,inconclusive_tier_only_runtime_probe,C:/Users/awdse/AppData/Roaming/MetaQuotes/Terminal/D0E8209F77C8CF37AD8BF550E51FF075/MQL5/Experts/Project_Obsidian_Prime_v2/stages/16_model_family_challenge__qda_class_covariance_scout/02_runs/run09P_qda_reg015_q93_coverage_followup_v1/mt5/reports/Project_Obsidian_Prime_v2_run09P_qda_reg015_q93_coverage_followup_v1_tier_a_only_oos.htm,net_profit=64.78;pf=1.07;expectancy=0.34;trades=190;win_rate=47.37,labelable=7584;feature_ready=7584;model_ok=7584;no_tier_labelable=159;max_dd=129.33;recovery=0.5;fill=333;reject=0;skip=29753;subtypes=NA,completed,Tier A only standalone MT5 tester run.
run09P_qda_reg015_q93_coverage_followup_v1__mt5_tier_b_fallback_only_oos,16_model_family_challenge__qda_class_covariance_scout,run09P_qda_reg015_q93_coverage_followup_v1,mt5_tier_b_fallback_only_oos,run09P_qda_reg015_q93_coverage_followup_v1,mt5_tier_b_fallback_only_oos,Tier B,trading_risk_execution,runtime_probe,completed,inconclusive_tier_b_fallback_only_runtime_probe,C:/Users/awdse/AppData/Roaming/MetaQuotes/Terminal/D0E8209F77C8CF37AD8BF550E51FF075/MQL5/Experts/Project_Obsidian_Prime_v2/stages/16_model_family_challenge__qda_class_covariance_scout/02_runs/run09P_qda_reg015_q93_coverage_followup_v1/mt5/reports/Project_Obsidian_Prime_v2_run09P_qda_reg015_q93_coverage_followup_v1_tier_b_fallback_only_oos.htm,net_profit=9.58;pf=1.03;expectancy=0.6;trades=16;win_rate=56.25,"labelable=1062;feature_ready=1062;model_ok=1062;no_tier_labelable=159;max_dd=232.17;recovery=0.04;fill=28;reject=0;skip=36275;subtypes={""B_core_only"":24,""B_full_context_outside_tier_a_scope"":1,""B_macro_missing"":809,""B_mixed_partial_context"":228}",completed,Tier B fallback-only standalone MT5 tester run.
run09P_qda_reg015_q93_coverage_followup_v1__mt5_routed_tier_a_used_oos,16_model_family_challenge__qda_class_covariance_scout,run09P_qda_reg015_q93_coverage_followup_v1,mt5_routed_tier_a_used_oos,run09P_qda_reg015_q93_coverage_followup_v1,mt5_routed_tier_a_used_oos,Tier A,routed_signal_execution_usage,runtime_probe,completed,inconclusive_routed_component_runtime_probe,C:/Users/awdse/AppData/Roaming/MetaQuotes/Terminal/D0E8209F77C8CF37AD8BF550E51FF075/MQL5/Experts/Project_Obsidian_Prime_v2/stages/16_model_family_challenge__qda_class_covariance_scout/02_runs/run09P_qda_reg015_q93_coverage_followup_v1/kpi_record.json,route_bars=7584;route_share=0.877169;signals=378;long=151;short=227;fills=330,profit_attribution=not_separable_from_single_routed_account_path;reject=0;skip=0;subtypes=NA,completed,Tier A primary used component from one routed MT5 tester run.
run09P_qda_reg015_q93_coverage_followup_v1__mt5_routed_tier_b_fallback_used_oos,16_model_family_challenge__qda_class_covariance_scout,run09P_qda_reg015_q93_coverage_followup_v1,mt5_routed_tier_b_fallback_used_oos,run09P_qda_reg015_q93_coverage_followup_v1,mt5_routed_tier_b_fallback_used_oos,Tier B,routed_signal_execution_usage,runtime_probe,completed,inconclusive_routed_component_runtime_probe,C:/Users/awdse/AppData/Roaming/MetaQuotes/Terminal/D0E8209F77C8CF37AD8BF550E51FF075/MQL5/Experts/Project_Obsidian_Prime_v2/stages/16_model_family_challenge__qda_class_covariance_scout/02_runs/run09P_qda_reg015_q93_coverage_followup_v1/kpi_record.json,route_bars=1062;route_share=0.122831;signals=48;long=26;short=22;fills=24,"profit_attribution=not_separable_from_single_routed_account_path;reject=0;skip=0;subtypes={""B_core_only"":24,""B_full_context_outside_tier_a_scope"":1,""B_macro_missing"":809,""B_mixed_partial_context"":228}",completed,Tier B partial-context fallback used component from one routed MT5 tester run.
run09P_qda_reg015_q93_coverage_followup_v1__mt5_routed_total_oos,16_model_family_challenge__qda_class_covariance_scout,run09P_qda_reg015_q93_coverage_followup_v1,mt5_routed_total_oos,run09P_qda_reg015_q93_coverage_followup_v1,mt5_routed_total_oos,Tier A+B,trading_risk_execution,runtime_probe,completed,inconclusive_routed_total_runtime_probe,C:/Users/awdse/AppData/Roaming/MetaQuotes/Terminal/D0E8209F77C8CF37AD8BF550E51FF075/MQL5/Experts/Project_Obsidian_Prime_v2/stages/16_model_family_challenge__qda_class_covariance_scout/02_runs/run09P_qda_reg015_q93_coverage_followup_v1/mt5/reports/Project_Obsidian_Prime_v2_run09P_qda_reg015_q93_coverage_followup_v1_routed_oos.htm,net_profit=121.63;pf=1.14;expectancy=0.6;trades=202;win_rate=48.51,a_used=7584;b_fallback=1062;no_tier_labelable=159;max_dd=141.85;recovery=0.86;fill=354;reject=0;skip=28691,completed,Actual routed total from one MT5 tester account path; not a synthetic sum.
run09Q_qda_reg015_q95_coverage_followup_v1__python_tier_a_separate,16_model_family_challenge__qda_class_covariance_scout,run09Q_qda_reg015_q95_coverage_followup_v1,python_tier_a_separate,run09Q_qda_reg015_q95_coverage_followup_v1,python_tier_a_separate,Tier A,signal_probability_threshold,structural_scout,completed,inconclusive_single_split_scout_payload,stages/16_model_family_challenge__qda_class_covariance_scout/02_runs/run09Q_qda_reg015_q95_coverage_followup_v1/predictions/tier_a_separate_predictions.parquet,rows=46650;signal_coverage=0.0359271;signal_count=1676;short=922;long=754,prob_sum_err=3.33067e-16;selected_threshold=validation_nonflat_q0.95;threshold_ids=q0.95;subtype_counts=NA,out_of_scope_by_claim,Tier A full-context primary view
run09Q_qda_reg015_q95_coverage_followup_v1__python_tier_b_separate,16_model_family_challenge__qda_class_covariance_scout,run09Q_qda_reg015_q95_coverage_followup_v1,python_tier_b_separate,run09Q_qda_reg015_q95_coverage_followup_v1,python_tier_b_separate,Tier B,signal_probability_threshold,structural_scout,completed,inconclusive_single_split_scout_payload,stages/16_model_family_challenge__qda_class_covariance_scout/02_runs/run09Q_qda_reg015_q95_coverage_followup_v1/predictions/tier_b_separate_predictions.parquet,rows=12398;signal_coverage=0.0109695;signal_count=136;short=64;long=72,"prob_sum_err=3.33067e-16;selected_threshold=validation_nonflat_q0.95;threshold_ids=q0.95;subtype_counts={""B_constituent_missing"":1,""B_core_only"":200,""B_full_context_outside_tier_a_scope"":217,""B_macro_missing"":10740,""B_mixed_partial_context"":1240}",out_of_scope_by_claim,Tier B partial-context fallback-only view
run09Q_qda_reg015_q95_coverage_followup_v1__python_tier_ab_combined,16_model_family_challenge__qda_class_covariance_scout,run09Q_qda_reg015_q95_coverage_followup_v1,python_tier_ab_combined,run09Q_qda_reg015_q95_coverage_followup_v1,python_tier_ab_combined,Tier A+B,signal_probability_threshold,structural_scout,completed,inconclusive_single_split_scout_payload,stages/16_model_family_challenge__qda_class_covariance_scout/02_runs/run09Q_qda_reg015_q95_coverage_followup_v1/predictions/tier_ab_combined_predictions.parquet,rows=59048;signal_coverage=0.0291966;signal_count=1724;short=931;long=793,"prob_sum_err=3.33067e-16;selected_threshold=validation_nonflat_q0.95;threshold_ids=q0.95;subtype_counts={""B_constituent_missing"":1,""B_core_only"":200,""B_full_context_outside_tier_a_scope"":217,""B_macro_missing"":10740,""B_mixed_partial_context"":1240,""Tier_A_full_context"":46650}",out_of_scope_by_claim,Tier A primary plus Tier B fallback routed Python view
run09Q_qda_reg015_q95_coverage_followup_v1__mt5_tier_a_only_validation_is,16_model_family_challenge__qda_class_covariance_scout,run09Q_qda_reg015_q95_coverage_followup_v1,mt5_tier_a_only_validation_is,run09Q_qda_reg015_q95_coverage_followup_v1,mt5_tier_a_only_validation_is,Tier A,trading_risk_execution,runtime_probe,completed,inconclusive_tier_only_runtime_probe,C:/Users/awdse/AppData/Roaming/MetaQuotes/Terminal/D0E8209F77C8CF37AD8BF550E51FF075/MQL5/Experts/Project_Obsidian_Prime_v2/stages/16_model_family_challenge__qda_class_covariance_scout/02_runs/run09Q_qda_reg015_q95_coverage_followup_v1/mt5/reports/Project_Obsidian_Prime_v2_run09Q_qda_reg015_q95_coverage_followup_v1_tier_a_only_validation_is.htm,net_profit=21.34;pf=1.01;expectancy=0.07;trades=286;win_rate=47.9,labelable=9844;feature_ready=9844;model_ok=9844;no_tier_labelable=203;max_dd=301.23;recovery=0.07;fill=468;reject=0;skip=42964;subtypes=NA,completed,Tier A only standalone MT5 tester run.
run09Q_qda_reg015_q95_coverage_followup_v1__mt5_tier_b_fallback_only_validation_is,16_model_family_challenge__qda_class_covariance_scout,run09Q_qda_reg015_q95_coverage_followup_v1,mt5_tier_b_fallback_only_validation_is,run09Q_qda_reg015_q95_coverage_followup_v1,mt5_tier_b_fallback_only_validation_is,Tier B,trading_risk_execution,runtime_probe,completed,inconclusive_tier_b_fallback_only_runtime_probe,C:/Users/awdse/AppData/Roaming/MetaQuotes/Terminal/D0E8209F77C8CF37AD8BF550E51FF075/MQL5/Experts/Project_Obsidian_Prime_v2/stages/16_model_family_challenge__qda_class_covariance_scout/02_runs/run09Q_qda_reg015_q95_coverage_followup_v1/mt5/reports/Project_Obsidian_Prime_v2_run09Q_qda_reg015_q95_coverage_followup_v1_tier_b_fallback_only_validation_is.htm,net_profit=32.04;pf=3.16;expectancy=6.41;trades=5;win_rate=80,"labelable=2366;feature_ready=2366;model_ok=2366;no_tier_labelable=203;max_dd=36.35;recovery=0.88;fill=10;reject=0;skip=50442;subtypes={""B_core_only"":25,""B_macro_missing"":2126,""B_mixed_partial_context"":215}",completed,Tier B fallback-only standalone MT5 tester run.
run09Q_qda_reg015_q95_coverage_followup_v1__mt5_routed_tier_a_used_validation_is,16_model_family_challenge__qda_class_covariance_scout,run09Q_qda_reg015_q95_coverage_followup_v1,mt5_routed_tier_a_used_validation_is,run09Q_qda_reg015_q95_coverage_followup_v1,mt5_routed_tier_a_used_validation_is,Tier A,routed_signal_execution_usage,runtime_probe,completed,inconclusive_routed_component_runtime_probe,C:/Users/awdse/AppData/Roaming/MetaQuotes/Terminal/D0E8209F77C8CF37AD8BF550E51FF075/MQL5/Experts/Project_Obsidian_Prime_v2/stages/16_model_family_challenge__qda_class_covariance_scout/02_runs/run09Q_qda_reg015_q95_coverage_followup_v1/kpi_record.json,route_bars=9844;route_share=0.806224;signals=493;long=232;short=261;fills=461,profit_attribution=not_separable_from_single_routed_account_path;reject=0;skip=0;subtypes=NA,completed,Tier A primary used component from one routed MT5 tester run.
run09Q_qda_reg015_q95_coverage_followup_v1__mt5_routed_tier_b_fallback_used_validation_is,16_model_family_challenge__qda_class_covariance_scout,run09Q_qda_reg015_q95_coverage_followup_v1,mt5_routed_tier_b_fallback_used_validation_is,run09Q_qda_reg015_q95_coverage_followup_v1,mt5_routed_tier_b_fallback_used_validation_is,Tier B,routed_signal_execution_usage,runtime_probe,completed,inconclusive_routed_component_runtime_probe,C:/Users/awdse/AppData/Roaming/MetaQuotes/Terminal/D0E8209F77C8CF37AD8BF550E51FF075/MQL5/Experts/Project_Obsidian_Prime_v2/stages/16_model_family_challenge__qda_class_covariance_scout/02_runs/run09Q_qda_reg015_q95_coverage_followup_v1/kpi_record.json,route_bars=2366;route_share=0.193776;signals=6;long=6;short=0;fills=19,"profit_attribution=not_separable_from_single_routed_account_path;reject=0;skip=0;subtypes={""B_core_only"":25,""B_macro_missing"":2126,""B_mixed_partial_context"":215}",completed,Tier B partial-context fallback used component from one routed MT5 tester run.
run09Q_qda_reg015_q95_coverage_followup_v1__mt5_routed_total_validation_is,16_model_family_challenge__qda_class_covariance_scout,run09Q_qda_reg015_q95_coverage_followup_v1,mt5_routed_total_validation_is,run09Q_qda_reg015_q95_coverage_followup_v1,mt5_routed_total_validation_is,Tier A+B,trading_risk_execution,runtime_probe,completed,inconclusive_routed_total_runtime_probe,C:/Users/awdse/AppData/Roaming/MetaQuotes/Terminal/D0E8209F77C8CF37AD8BF550E51FF075/MQL5/Experts/Project_Obsidian_Prime_v2/stages/16_model_family_challenge__qda_class_covariance_scout/02_runs/run09Q_qda_reg015_q95_coverage_followup_v1/mt5/reports/Project_Obsidian_Prime_v2_run09Q_qda_reg015_q95_coverage_followup_v1_routed_validation_is.htm,net_profit=23.62;pf=1.02;expectancy=0.08;trades=292;win_rate=48.63,a_used=9844;b_fallback=2366;no_tier_labelable=203;max_dd=310.43;recovery=0.08;fill=480;reject=0;skip=40598,completed,Actual routed total from one MT5 tester account path; not a synthetic sum.
run09Q_qda_reg015_q95_coverage_followup_v1__mt5_tier_a_only_oos,16_model_family_challenge__qda_class_covariance_scout,run09Q_qda_reg015_q95_coverage_followup_v1,mt5_tier_a_only_oos,run09Q_qda_reg015_q95_coverage_followup_v1,mt5_tier_a_only_oos,Tier A,trading_risk_execution,runtime_probe,completed,inconclusive_tier_only_runtime_probe,C:/Users/awdse/AppData/Roaming/MetaQuotes/Terminal/D0E8209F77C8CF37AD8BF550E51FF075/MQL5/Experts/Project_Obsidian_Prime_v2/stages/16_model_family_challenge__qda_class_covariance_scout/02_runs/run09Q_qda_reg015_q95_coverage_followup_v1/mt5/reports/Project_Obsidian_Prime_v2_run09Q_qda_reg015_q95_coverage_followup_v1_tier_a_only_oos.htm,net_profit=23.49;pf=1.03;expectancy=0.15;trades=155;win_rate=47.74,labelable=7584;feature_ready=7584;model_ok=7584;no_tier_labelable=159;max_dd=117.46;recovery=0.2;fill=285;reject=0;skip=29753;subtypes=NA,completed,Tier A only standalone MT5 tester run.
run09Q_qda_reg015_q95_coverage_followup_v1__mt5_tier_b_fallback_only_oos,16_model_family_challenge__qda_class_covariance_scout,run09Q_qda_reg015_q95_coverage_followup_v1,mt5_tier_b_fallback_only_oos,run09Q_qda_reg015_q95_coverage_followup_v1,mt5_tier_b_fallback_only_oos,Tier B,trading_risk_execution,runtime_probe,completed,inconclusive_tier_b_fallback_only_runtime_probe,C:/Users/awdse/AppData/Roaming/MetaQuotes/Terminal/D0E8209F77C8CF37AD8BF550E51FF075/MQL5/Experts/Project_Obsidian_Prime_v2/stages/16_model_family_challenge__qda_class_covariance_scout/02_runs/run09Q_qda_reg015_q95_coverage_followup_v1/mt5/reports/Project_Obsidian_Prime_v2_run09Q_qda_reg015_q95_coverage_followup_v1_tier_b_fallback_only_oos.htm,net_profit=-131.32;pf=0.52;expectancy=-11.94;trades=11;win_rate=45.45,"labelable=1062;feature_ready=1062;model_ok=1062;no_tier_labelable=159;max_dd=280.93;recovery=-0.47;fill=18;reject=0;skip=36275;subtypes={""B_core_only"":24,""B_full_context_outside_tier_a_scope"":1,""B_macro_missing"":809,""B_mixed_partial_context"":228}",completed,Tier B fallback-only standalone MT5 tester run.
run09Q_qda_reg015_q95_coverage_followup_v1__mt5_routed_tier_a_used_oos,16_model_family_challenge__qda_class_covariance_scout,run09Q_qda_reg015_q95_coverage_followup_v1,mt5_routed_tier_a_used_oos,run09Q_qda_reg015_q95_coverage_followup_v1,mt5_routed_tier_a_used_oos,Tier A,routed_signal_execution_usage,runtime_probe,completed,inconclusive_routed_component_runtime_probe,C:/Users/awdse/AppData/Roaming/MetaQuotes/Terminal/D0E8209F77C8CF37AD8BF550E51FF075/MQL5/Experts/Project_Obsidian_Prime_v2/stages/16_model_family_challenge__qda_class_covariance_scout/02_runs/run09Q_qda_reg015_q95_coverage_followup_v1/kpi_record.json,route_bars=7584;route_share=0.877169;signals=240;long=73;short=167;fills=281,profit_attribution=not_separable_from_single_routed_account_path;reject=0;skip=0;subtypes=NA,completed,Tier A primary used component from one routed MT5 tester run.
run09Q_qda_reg015_q95_coverage_followup_v1__mt5_routed_tier_b_fallback_used_oos,16_model_family_challenge__qda_class_covariance_scout,run09Q_qda_reg015_q95_coverage_followup_v1,mt5_routed_tier_b_fallback_used_oos,run09Q_qda_reg015_q95_coverage_followup_v1,mt5_routed_tier_b_fallback_used_oos,Tier B,routed_signal_execution_usage,runtime_probe,completed,inconclusive_routed_component_runtime_probe,C:/Users/awdse/AppData/Roaming/MetaQuotes/Terminal/D0E8209F77C8CF37AD8BF550E51FF075/MQL5/Experts/Project_Obsidian_Prime_v2/stages/16_model_family_challenge__qda_class_covariance_scout/02_runs/run09Q_qda_reg015_q95_coverage_followup_v1/kpi_record.json,route_bars=1062;route_share=0.122831;signals=32;long=20;short=12;fills=16,"profit_attribution=not_separable_from_single_routed_account_path;reject=0;skip=0;subtypes={""B_core_only"":24,""B_full_context_outside_tier_a_scope"":1,""B_macro_missing"":809,""B_mixed_partial_context"":228}",completed,Tier B partial-context fallback used component from one routed MT5 tester run.
run09Q_qda_reg015_q95_coverage_followup_v1__mt5_routed_total_oos,16_model_family_challenge__qda_class_covariance_scout,run09Q_qda_reg015_q95_coverage_followup_v1,mt5_routed_total_oos,run09Q_qda_reg015_q95_coverage_followup_v1,mt5_routed_total_oos,Tier A+B,trading_risk_execution,runtime_probe,completed,inconclusive_routed_total_runtime_probe,C:/Users/awdse/AppData/Roaming/MetaQuotes/Terminal/D0E8209F77C8CF37AD8BF550E51FF075/MQL5/Experts/Project_Obsidian_Prime_v2/stages/16_model_family_challenge__qda_class_covariance_scout/02_runs/run09Q_qda_reg015_q95_coverage_followup_v1/mt5/reports/Project_Obsidian_Prime_v2_run09Q_qda_reg015_q95_coverage_followup_v1_routed_oos.htm,net_profit=75.54;pf=1.1;expectancy=0.47;trades=161;win_rate=48.45,a_used=7584;b_fallback=1062;no_tier_labelable=159;max_dd=124.48;recovery=0.61;fill=297;reject=0;skip=28691,completed,Actual routed total from one MT5 tester account path; not a synthetic sum.
run10A_qda_reg016_full58_decision_microprobe_v1__python_tier_a_separate,16_model_family_challenge__qda_class_covariance_scout,run10A_qda_reg016_full58_decision_microprobe_v1,python_tier_a_separate,run10A_qda_reg016_full58_decision_microprobe_v1,python_tier_a_separate,Tier A,signal_probability_threshold,structural_scout,completed,inconclusive_single_split_scout_payload,stages/16_model_family_challenge__qda_class_covariance_scout/02_runs/run10A_qda_reg016_full58_decision_microprobe_v1/predictions/tier_a_separate_predictions.parquet,rows=46650;signal_coverage=0.0727546;signal_count=3394;short=2588;long=806,prob_sum_err=3.33067e-16;selected_threshold=validation_nonflat_q0.90;threshold_ids=q0.90;subtype_counts=NA,out_of_scope_by_claim,Tier A full-context primary view
run10A_qda_reg016_full58_decision_microprobe_v1__python_tier_b_separate,16_model_family_challenge__qda_class_covariance_scout,run10A_qda_reg016_full58_decision_microprobe_v1,python_tier_b_separate,run10A_qda_reg016_full58_decision_microprobe_v1,python_tier_b_separate,Tier B,signal_probability_threshold,structural_scout,completed,inconclusive_single_split_scout_payload,stages/16_model_family_challenge__qda_class_covariance_scout/02_runs/run10A_qda_reg016_full58_decision_microprobe_v1/predictions/tier_b_separate_predictions.parquet,rows=12398;signal_coverage=0.0180674;signal_count=224;short=120;long=104,"prob_sum_err=3.33067e-16;selected_threshold=validation_nonflat_q0.90;threshold_ids=q0.90;subtype_counts={""B_constituent_missing"":1,""B_core_only"":200,""B_full_context_outside_tier_a_scope"":217,""B_macro_missing"":10740,""B_mixed_partial_context"":1240}",out_of_scope_by_claim,Tier B partial-context fallback-only view
run10A_qda_reg016_full58_decision_microprobe_v1__python_tier_ab_combined,16_model_family_challenge__qda_class_covariance_scout,run10A_qda_reg016_full58_decision_microprobe_v1,python_tier_ab_combined,run10A_qda_reg016_full58_decision_microprobe_v1,python_tier_ab_combined,Tier A+B,signal_probability_threshold,structural_scout,completed,inconclusive_single_split_scout_payload,stages/16_model_family_challenge__qda_class_covariance_scout/02_runs/run10A_qda_reg016_full58_decision_microprobe_v1/predictions/tier_ab_combined_predictions.parquet,rows=59048;signal_coverage=0.0593416;signal_count=3504;short=2632;long=872,"prob_sum_err=3.33067e-16;selected_threshold=validation_nonflat_q0.90;threshold_ids=q0.90;subtype_counts={""B_constituent_missing"":1,""B_core_only"":200,""B_full_context_outside_tier_a_scope"":217,""B_macro_missing"":10740,""B_mixed_partial_context"":1240,""Tier_A_full_context"":46650}",out_of_scope_by_claim,Tier A primary plus Tier B fallback routed Python view
run10A_qda_reg016_full58_decision_microprobe_v1__mt5_tier_a_only_validation_is,16_model_family_challenge__qda_class_covariance_scout,run10A_qda_reg016_full58_decision_microprobe_v1,mt5_tier_a_only_validation_is,run10A_qda_reg016_full58_decision_microprobe_v1,mt5_tier_a_only_validation_is,Tier A,trading_risk_execution,runtime_probe,completed,inconclusive_tier_only_runtime_probe,C:/Users/awdse/AppData/Roaming/MetaQuotes/Terminal/D0E8209F77C8CF37AD8BF550E51FF075/MQL5/Experts/Project_Obsidian_Prime_v2/stages/16_model_family_challenge__qda_class_covariance_scout/02_runs/run10A_qda_reg016_full58_decision_microprobe_v1/mt5/reports/Project_Obsidian_Prime_v2_run10A_qda_reg016_full58_decision_microprobe_v1_tier_a_only_validation_is.htm,net_profit=-58.4;pf=0.97;expectancy=-0.17;trades=346;win_rate=43.64,labelable=9844;feature_ready=9844;model_ok=9844;no_tier_labelable=203;max_dd=363.71;recovery=-0.16;fill=575;reject=0;skip=42964;subtypes=NA,completed,Tier A only standalone MT5 tester run.
run10A_qda_reg016_full58_decision_microprobe_v1__mt5_tier_b_fallback_only_validation_is,16_model_family_challenge__qda_class_covariance_scout,run10A_qda_reg016_full58_decision_microprobe_v1,mt5_tier_b_fallback_only_validation_is,run10A_qda_reg016_full58_decision_microprobe_v1,mt5_tier_b_fallback_only_validation_is,Tier B,trading_risk_execution,runtime_probe,completed,inconclusive_tier_b_fallback_only_runtime_probe,C:/Users/awdse/AppData/Roaming/MetaQuotes/Terminal/D0E8209F77C8CF37AD8BF550E51FF075/MQL5/Experts/Project_Obsidian_Prime_v2/stages/16_model_family_challenge__qda_class_covariance_scout/02_runs/run10A_qda_reg016_full58_decision_microprobe_v1/mt5/reports/Project_Obsidian_Prime_v2_run10A_qda_reg016_full58_decision_microprobe_v1_tier_b_fallback_only_validation_is.htm,net_profit=-126.93;pf=0.14;expectancy=-12.69;trades=10;win_rate=30,"labelable=2366;feature_ready=2366;model_ok=2366;no_tier_labelable=203;max_dd=136.95;recovery=-0.93;fill=20;reject=0;skip=50442;subtypes={""B_core_only"":25,""B_macro_missing"":2126,""B_mixed_partial_context"":215}",completed,Tier B fallback-only standalone MT5 tester run.
run10A_qda_reg016_full58_decision_microprobe_v1__mt5_routed_tier_a_used_validation_is,16_model_family_challenge__qda_class_covariance_scout,run10A_qda_reg016_full58_decision_microprobe_v1,mt5_routed_tier_a_used_validation_is,run10A_qda_reg016_full58_decision_microprobe_v1,mt5_routed_tier_a_used_validation_is,Tier A,routed_signal_execution_usage,runtime_probe,completed,inconclusive_routed_component_runtime_probe,C:/Users/awdse/AppData/Roaming/MetaQuotes/Terminal/D0E8209F77C8CF37AD8BF550E51FF075/MQL5/Experts/Project_Obsidian_Prime_v2/stages/16_model_family_challenge__qda_class_covariance_scout/02_runs/run10A_qda_reg016_full58_decision_microprobe_v1/kpi_record.json,route_bars=9844;route_share=0.806224;signals=985;long=145;short=840;fills=562,profit_attribution=not_separable_from_single_routed_account_path;reject=0;skip=0;subtypes=NA,completed,Tier A primary used component from one routed MT5 tester run.
run10A_qda_reg016_full58_decision_microprobe_v1__mt5_routed_tier_b_fallback_used_validation_is,16_model_family_challenge__qda_class_covariance_scout,run10A_qda_reg016_full58_decision_microprobe_v1,mt5_routed_tier_b_fallback_used_validation_is,run10A_qda_reg016_full58_decision_microprobe_v1,mt5_routed_tier_b_fallback_used_validation_is,Tier B,routed_signal_execution_usage,runtime_probe,completed,inconclusive_routed_component_runtime_probe,C:/Users/awdse/AppData/Roaming/MetaQuotes/Terminal/D0E8209F77C8CF37AD8BF550E51FF075/MQL5/Experts/Project_Obsidian_Prime_v2/stages/16_model_family_challenge__qda_class_covariance_scout/02_runs/run10A_qda_reg016_full58_decision_microprobe_v1/kpi_record.json,route_bars=2366;route_share=0.193776;signals=21;long=15;short=6;fills=33,"profit_attribution=not_separable_from_single_routed_account_path;reject=0;skip=0;subtypes={""B_core_only"":25,""B_macro_missing"":2126,""B_mixed_partial_context"":215}",completed,Tier B partial-context fallback used component from one routed MT5 tester run.
run10A_qda_reg016_full58_decision_microprobe_v1__mt5_routed_total_validation_is,16_model_family_challenge__qda_class_covariance_scout,run10A_qda_reg016_full58_decision_microprobe_v1,mt5_routed_total_validation_is,run10A_qda_reg016_full58_decision_microprobe_v1,mt5_routed_total_validation_is,Tier A+B,trading_risk_execution,runtime_probe,completed,inconclusive_routed_total_runtime_probe,C:/Users/awdse/AppData/Roaming/MetaQuotes/Terminal/D0E8209F77C8CF37AD8BF550E51FF075/MQL5/Experts/Project_Obsidian_Prime_v2/stages/16_model_family_challenge__qda_class_covariance_scout/02_runs/run10A_qda_reg016_full58_decision_microprobe_v1/mt5/reports/Project_Obsidian_Prime_v2_run10A_qda_reg016_full58_decision_microprobe_v1_routed_validation_is.htm,net_profit=-74.43;pf=0.96;expectancy=-0.21;trades=355;win_rate=43.38,a_used=9844;b_fallback=2366;no_tier_labelable=203;max_dd=372.08;recovery=-0.2;fill=595;reject=0;skip=40598,completed,Actual routed total from one MT5 tester account path; not a synthetic sum.
run10A_qda_reg016_full58_decision_microprobe_v1__mt5_tier_a_only_oos,16_model_family_challenge__qda_class_covariance_scout,run10A_qda_reg016_full58_decision_microprobe_v1,mt5_tier_a_only_oos,run10A_qda_reg016_full58_decision_microprobe_v1,mt5_tier_a_only_oos,Tier A,trading_risk_execution,runtime_probe,completed,inconclusive_tier_only_runtime_probe,C:/Users/awdse/AppData/Roaming/MetaQuotes/Terminal/D0E8209F77C8CF37AD8BF550E51FF075/MQL5/Experts/Project_Obsidian_Prime_v2/stages/16_model_family_challenge__qda_class_covariance_scout/02_runs/run10A_qda_reg016_full58_decision_microprobe_v1/mt5/reports/Project_Obsidian_Prime_v2_run10A_qda_reg016_full58_decision_microprobe_v1_tier_a_only_oos.htm,net_profit=-135.06;pf=0.88;expectancy=-0.66;trades=206;win_rate=46.6,labelable=7584;feature_ready=7584;model_ok=7584;no_tier_labelable=159;max_dd=275.53;recovery=-0.49;fill=383;reject=0;skip=29753;subtypes=NA,completed,Tier A only standalone MT5 tester run.
run10A_qda_reg016_full58_decision_microprobe_v1__mt5_tier_b_fallback_only_oos,16_model_family_challenge__qda_class_covariance_scout,run10A_qda_reg016_full58_decision_microprobe_v1,mt5_tier_b_fallback_only_oos,run10A_qda_reg016_full58_decision_microprobe_v1,mt5_tier_b_fallback_only_oos,Tier B,trading_risk_execution,runtime_probe,completed,inconclusive_tier_b_fallback_only_runtime_probe,C:/Users/awdse/AppData/Roaming/MetaQuotes/Terminal/D0E8209F77C8CF37AD8BF550E51FF075/MQL5/Experts/Project_Obsidian_Prime_v2/stages/16_model_family_challenge__qda_class_covariance_scout/02_runs/run10A_qda_reg016_full58_decision_microprobe_v1/mt5/reports/Project_Obsidian_Prime_v2_run10A_qda_reg016_full58_decision_microprobe_v1_tier_b_fallback_only_oos.htm,net_profit=-66.97;pf=0.81;expectancy=-4.46;trades=15;win_rate=53.33,"labelable=1062;feature_ready=1062;model_ok=1062;no_tier_labelable=159;max_dd=257.59;recovery=-0.26;fill=26;reject=0;skip=36275;subtypes={""B_core_only"":24,""B_full_context_outside_tier_a_scope"":1,""B_macro_missing"":809,""B_mixed_partial_context"":228}",completed,Tier B fallback-only standalone MT5 tester run.
run10A_qda_reg016_full58_decision_microprobe_v1__mt5_routed_tier_a_used_oos,16_model_family_challenge__qda_class_covariance_scout,run10A_qda_reg016_full58_decision_microprobe_v1,mt5_routed_tier_a_used_oos,run10A_qda_reg016_full58_decision_microprobe_v1,mt5_routed_tier_a_used_oos,Tier A,routed_signal_execution_usage,runtime_probe,completed,inconclusive_routed_component_runtime_probe,C:/Users/awdse/AppData/Roaming/MetaQuotes/Terminal/D0E8209F77C8CF37AD8BF550E51FF075/MQL5/Experts/Project_Obsidian_Prime_v2/stages/16_model_family_challenge__qda_class_covariance_scout/02_runs/run10A_qda_reg016_full58_decision_microprobe_v1/kpi_record.json,route_bars=7584;route_share=0.877169;signals=602;long=40;short=562;fills=378,profit_attribution=not_separable_from_single_routed_account_path;reject=0;skip=0;subtypes=NA,completed,Tier A primary used component from one routed MT5 tester run.
run10A_qda_reg016_full58_decision_microprobe_v1__mt5_routed_tier_b_fallback_used_oos,16_model_family_challenge__qda_class_covariance_scout,run10A_qda_reg016_full58_decision_microprobe_v1,mt5_routed_tier_b_fallback_used_oos,run10A_qda_reg016_full58_decision_microprobe_v1,mt5_routed_tier_b_fallback_used_oos,Tier B,routed_signal_execution_usage,runtime_probe,completed,inconclusive_routed_component_runtime_probe,C:/Users/awdse/AppData/Roaming/MetaQuotes/Terminal/D0E8209F77C8CF37AD8BF550E51FF075/MQL5/Experts/Project_Obsidian_Prime_v2/stages/16_model_family_challenge__qda_class_covariance_scout/02_runs/run10A_qda_reg016_full58_decision_microprobe_v1/kpi_record.json,route_bars=1062;route_share=0.122831;signals=31;long=17;short=14;fills=24,"profit_attribution=not_separable_from_single_routed_account_path;reject=0;skip=0;subtypes={""B_core_only"":24,""B_full_context_outside_tier_a_scope"":1,""B_macro_missing"":809,""B_mixed_partial_context"":228}",completed,Tier B partial-context fallback used component from one routed MT5 tester run.
run10A_qda_reg016_full58_decision_microprobe_v1__mt5_routed_total_oos,16_model_family_challenge__qda_class_covariance_scout,run10A_qda_reg016_full58_decision_microprobe_v1,mt5_routed_total_oos,run10A_qda_reg016_full58_decision_microprobe_v1,mt5_routed_total_oos,Tier A+B,trading_risk_execution,runtime_probe,completed,inconclusive_routed_total_runtime_probe,C:/Users/awdse/AppData/Roaming/MetaQuotes/Terminal/D0E8209F77C8CF37AD8BF550E51FF075/MQL5/Experts/Project_Obsidian_Prime_v2/stages/16_model_family_challenge__qda_class_covariance_scout/02_runs/run10A_qda_reg016_full58_decision_microprobe_v1/mt5/reports/Project_Obsidian_Prime_v2_run10A_qda_reg016_full58_decision_microprobe_v1_routed_oos.htm,net_profit=-67.29;pf=0.94;expectancy=-0.31;trades=219;win_rate=47.49,a_used=7584;b_fallback=1062;no_tier_labelable=159;max_dd=257.07;recovery=-0.26;fill=402;reject=0;skip=28691,completed,Actual routed total from one MT5 tester account path; not a synthetic sum.
run10B_qda_reg018_full58_resample_decision_microprobe_v1__python_tier_a_separate,16_model_family_challenge__qda_class_covariance_scout,run10B_qda_reg018_full58_resample_decision_microprobe_v1,python_tier_a_separate,run10B_qda_reg018_full58_resample_decision_microprobe_v1,python_tier_a_separate,Tier A,signal_probability_threshold,structural_scout,completed,inconclusive_single_split_scout_payload,stages/16_model_family_challenge__qda_class_covariance_scout/02_runs/run10B_qda_reg018_full58_resample_decision_microprobe_v1/predictions/tier_a_separate_predictions.parquet,rows=46650;signal_coverage=0.0719614;signal_count=3357;short=1336;long=2021,prob_sum_err=3.33067e-16;selected_threshold=validation_nonflat_q0.90;threshold_ids=q0.90;subtype_counts=NA,out_of_scope_by_claim,Tier A full-context primary view
run10B_qda_reg018_full58_resample_decision_microprobe_v1__python_tier_b_separate,16_model_family_challenge__qda_class_covariance_scout,run10B_qda_reg018_full58_resample_decision_microprobe_v1,python_tier_b_separate,run10B_qda_reg018_full58_resample_decision_microprobe_v1,python_tier_b_separate,Tier B,signal_probability_threshold,structural_scout,completed,inconclusive_single_split_scout_payload,stages/16_model_family_challenge__qda_class_covariance_scout/02_runs/run10B_qda_reg018_full58_resample_decision_microprobe_v1/predictions/tier_b_separate_predictions.parquet,rows=12398;signal_coverage=0.0253267;signal_count=314;short=238;long=76,"prob_sum_err=3.33067e-16;selected_threshold=validation_nonflat_q0.90;threshold_ids=q0.90;subtype_counts={""B_constituent_missing"":1,""B_core_only"":200,""B_full_context_outside_tier_a_scope"":217,""B_macro_missing"":10740,""B_mixed_partial_context"":1240}",out_of_scope_by_claim,Tier B partial-context fallback-only view
run10B_qda_reg018_full58_resample_decision_microprobe_v1__python_tier_ab_combined,16_model_family_challenge__qda_class_covariance_scout,run10B_qda_reg018_full58_resample_decision_microprobe_v1,python_tier_ab_combined,run10B_qda_reg018_full58_resample_decision_microprobe_v1,python_tier_ab_combined,Tier A+B,signal_probability_threshold,structural_scout,completed,inconclusive_single_split_scout_payload,stages/16_model_family_challenge__qda_class_covariance_scout/02_runs/run10B_qda_reg018_full58_resample_decision_microprobe_v1/predictions/tier_ab_combined_predictions.parquet,rows=59048;signal_coverage=0.0597649;signal_count=3529;short=1460;long=2069,"prob_sum_err=3.33067e-16;selected_threshold=validation_nonflat_q0.90;threshold_ids=q0.90;subtype_counts={""B_constituent_missing"":1,""B_core_only"":200,""B_full_context_outside_tier_a_scope"":217,""B_macro_missing"":10740,""B_mixed_partial_context"":1240,""Tier_A_full_context"":46650}",out_of_scope_by_claim,Tier A primary plus Tier B fallback routed Python view
run10B_qda_reg018_full58_resample_decision_microprobe_v1__mt5_tier_a_only_validation_is,16_model_family_challenge__qda_class_covariance_scout,run10B_qda_reg018_full58_resample_decision_microprobe_v1,mt5_tier_a_only_validation_is,run10B_qda_reg018_full58_resample_decision_microprobe_v1,mt5_tier_a_only_validation_is,Tier A,trading_risk_execution,runtime_probe,completed,inconclusive_tier_only_runtime_probe,C:/Users/awdse/AppData/Roaming/MetaQuotes/Terminal/D0E8209F77C8CF37AD8BF550E51FF075/MQL5/Experts/Project_Obsidian_Prime_v2/stages/16_model_family_challenge__qda_class_covariance_scout/02_runs/run10B_qda_reg018_full58_resample_decision_microprobe_v1/mt5/reports/Project_Obsidian_Prime_v2_run10B_qda_reg018_full58_resample_decision_microprobe_v1_tier_a_only_validation_is.htm,net_profit=-30.29;pf=0.98;expectancy=-0.09;trades=323;win_rate=51.7,labelable=9844;feature_ready=9844;model_ok=9844;no_tier_labelable=203;max_dd=275.76;recovery=-0.11;fill=567;reject=0;skip=42964;subtypes=NA,completed,Tier A only standalone MT5 tester run.
run10B_qda_reg018_full58_resample_decision_microprobe_v1__mt5_tier_b_fallback_only_validation_is,16_model_family_challenge__qda_class_covariance_scout,run10B_qda_reg018_full58_resample_decision_microprobe_v1,mt5_tier_b_fallback_only_validation_is,run10B_qda_reg018_full58_resample_decision_microprobe_v1,mt5_tier_b_fallback_only_validation_is,Tier B,trading_risk_execution,runtime_probe,completed,inconclusive_tier_b_fallback_only_runtime_probe,C:/Users/awdse/AppData/Roaming/MetaQuotes/Terminal/D0E8209F77C8CF37AD8BF550E51FF075/MQL5/Experts/Project_Obsidian_Prime_v2/stages/16_model_family_challenge__qda_class_covariance_scout/02_runs/run10B_qda_reg018_full58_resample_decision_microprobe_v1/mt5/reports/Project_Obsidian_Prime_v2_run10B_qda_reg018_full58_resample_decision_microprobe_v1_tier_b_fallback_only_validation_is.htm,net_profit=-142.18;pf=0.08;expectancy=-14.22;trades=10;win_rate=40,"labelable=2366;feature_ready=2366;model_ok=2366;no_tier_labelable=203;max_dd=424.31;recovery=-0.34;fill=19;reject=0;skip=50442;subtypes={""B_core_only"":25,""B_macro_missing"":2126,""B_mixed_partial_context"":215}",completed,Tier B fallback-only standalone MT5 tester run.
run10B_qda_reg018_full58_resample_decision_microprobe_v1__mt5_routed_tier_a_used_validation_is,16_model_family_challenge__qda_class_covariance_scout,run10B_qda_reg018_full58_resample_decision_microprobe_v1,mt5_routed_tier_a_used_validation_is,run10B_qda_reg018_full58_resample_decision_microprobe_v1,mt5_routed_tier_a_used_validation_is,Tier A,routed_signal_execution_usage,runtime_probe,completed,inconclusive_routed_component_runtime_probe,C:/Users/awdse/AppData/Roaming/MetaQuotes/Terminal/D0E8209F77C8CF37AD8BF550E51FF075/MQL5/Experts/Project_Obsidian_Prime_v2/stages/16_model_family_challenge__qda_class_covariance_scout/02_runs/run10B_qda_reg018_full58_resample_decision_microprobe_v1/kpi_record.json,route_bars=9844;route_share=0.806224;signals=985;long=723;short=262;fills=557,profit_attribution=not_separable_from_single_routed_account_path;reject=0;skip=0;subtypes=NA,completed,Tier A primary used component from one routed MT5 tester run.
run10B_qda_reg018_full58_resample_decision_microprobe_v1__mt5_routed_tier_b_fallback_used_validation_is,16_model_family_challenge__qda_class_covariance_scout,run10B_qda_reg018_full58_resample_decision_microprobe_v1,mt5_routed_tier_b_fallback_used_validation_is,run10B_qda_reg018_full58_resample_decision_microprobe_v1,mt5_routed_tier_b_fallback_used_validation_is,Tier B,routed_signal_execution_usage,runtime_probe,completed,inconclusive_routed_component_runtime_probe,C:/Users/awdse/AppData/Roaming/MetaQuotes/Terminal/D0E8209F77C8CF37AD8BF550E51FF075/MQL5/Experts/Project_Obsidian_Prime_v2/stages/16_model_family_challenge__qda_class_covariance_scout/02_runs/run10B_qda_reg018_full58_resample_decision_microprobe_v1/kpi_record.json,route_bars=2366;route_share=0.193776;signals=24;long=3;short=21;fills=28,"profit_attribution=not_separable_from_single_routed_account_path;reject=0;skip=0;subtypes={""B_core_only"":25,""B_macro_missing"":2126,""B_mixed_partial_context"":215}",completed,Tier B partial-context fallback used component from one routed MT5 tester run.
run10B_qda_reg018_full58_resample_decision_microprobe_v1__mt5_routed_total_validation_is,16_model_family_challenge__qda_class_covariance_scout,run10B_qda_reg018_full58_resample_decision_microprobe_v1,mt5_routed_total_validation_is,run10B_qda_reg018_full58_resample_decision_microprobe_v1,mt5_routed_total_validation_is,Tier A+B,trading_risk_execution,runtime_probe,completed,inconclusive_routed_total_runtime_probe,C:/Users/awdse/AppData/Roaming/MetaQuotes/Terminal/D0E8209F77C8CF37AD8BF550E51FF075/MQL5/Experts/Project_Obsidian_Prime_v2/stages/16_model_family_challenge__qda_class_covariance_scout/02_runs/run10B_qda_reg018_full58_resample_decision_microprobe_v1/mt5/reports/Project_Obsidian_Prime_v2_run10B_qda_reg018_full58_resample_decision_microprobe_v1_routed_validation_is.htm,net_profit=-29.59;pf=0.98;expectancy=-0.09;trades=332;win_rate=51.81,a_used=9844;b_fallback=2366;no_tier_labelable=203;max_dd=258.14;recovery=-0.11;fill=585;reject=0;skip=40598,completed,Actual routed total from one MT5 tester account path; not a synthetic sum.
run10B_qda_reg018_full58_resample_decision_microprobe_v1__mt5_tier_a_only_oos,16_model_family_challenge__qda_class_covariance_scout,run10B_qda_reg018_full58_resample_decision_microprobe_v1,mt5_tier_a_only_oos,run10B_qda_reg018_full58_resample_decision_microprobe_v1,mt5_tier_a_only_oos,Tier A,trading_risk_execution,runtime_probe,completed,inconclusive_tier_only_runtime_probe,C:/Users/awdse/AppData/Roaming/MetaQuotes/Terminal/D0E8209F77C8CF37AD8BF550E51FF075/MQL5/Experts/Project_Obsidian_Prime_v2/stages/16_model_family_challenge__qda_class_covariance_scout/02_runs/run10B_qda_reg018_full58_resample_decision_microprobe_v1/mt5/reports/Project_Obsidian_Prime_v2_run10B_qda_reg018_full58_resample_decision_microprobe_v1_tier_a_only_oos.htm,net_profit=318.95;pf=1.32;expectancy=1.31;trades=244;win_rate=52.46,labelable=7584;feature_ready=7584;model_ok=7584;no_tier_labelable=159;max_dd=227.84;recovery=1.4;fill=425;reject=0;skip=29753;subtypes=NA,completed,Tier A only standalone MT5 tester run.
run10B_qda_reg018_full58_resample_decision_microprobe_v1__mt5_tier_b_fallback_only_oos,16_model_family_challenge__qda_class_covariance_scout,run10B_qda_reg018_full58_resample_decision_microprobe_v1,mt5_tier_b_fallback_only_oos,run10B_qda_reg018_full58_resample_decision_microprobe_v1,mt5_tier_b_fallback_only_oos,Tier B,trading_risk_execution,runtime_probe,completed,inconclusive_tier_b_fallback_only_runtime_probe,C:/Users/awdse/AppData/Roaming/MetaQuotes/Terminal/D0E8209F77C8CF37AD8BF550E51FF075/MQL5/Experts/Project_Obsidian_Prime_v2/stages/16_model_family_challenge__qda_class_covariance_scout/02_runs/run10B_qda_reg018_full58_resample_decision_microprobe_v1/mt5/reports/Project_Obsidian_Prime_v2_run10B_qda_reg018_full58_resample_decision_microprobe_v1_tier_b_fallback_only_oos.htm,net_profit=-228.78;pf=0.48;expectancy=-13.46;trades=17;win_rate=41.18,"labelable=1062;feature_ready=1062;model_ok=1062;no_tier_labelable=159;max_dd=276.36;recovery=-0.83;fill=32;reject=0;skip=36275;subtypes={""B_core_only"":24,""B_full_context_outside_tier_a_scope"":1,""B_macro_missing"":809,""B_mixed_partial_context"":228}",completed,Tier B fallback-only standalone MT5 tester run.
run10B_qda_reg018_full58_resample_decision_microprobe_v1__mt5_routed_tier_a_used_oos,16_model_family_challenge__qda_class_covariance_scout,run10B_qda_reg018_full58_resample_decision_microprobe_v1,mt5_routed_tier_a_used_oos,run10B_qda_reg018_full58_resample_decision_microprobe_v1,mt5_routed_tier_a_used_oos,Tier A,routed_signal_execution_usage,runtime_probe,completed,inconclusive_routed_component_runtime_probe,C:/Users/awdse/AppData/Roaming/MetaQuotes/Terminal/D0E8209F77C8CF37AD8BF550E51FF075/MQL5/Experts/Project_Obsidian_Prime_v2/stages/16_model_family_challenge__qda_class_covariance_scout/02_runs/run10B_qda_reg018_full58_resample_decision_microprobe_v1/kpi_record.json,route_bars=7584;route_share=0.877169;signals=700;long=495;short=205;fills=422,profit_attribution=not_separable_from_single_routed_account_path;reject=0;skip=0;subtypes=NA,completed,Tier A primary used component from one routed MT5 tester run.
run10B_qda_reg018_full58_resample_decision_microprobe_v1__mt5_routed_tier_b_fallback_used_oos,16_model_family_challenge__qda_class_covariance_scout,run10B_qda_reg018_full58_resample_decision_microprobe_v1,mt5_routed_tier_b_fallback_used_oos,run10B_qda_reg018_full58_resample_decision_microprobe_v1,mt5_routed_tier_b_fallback_used_oos,Tier B,routed_signal_execution_usage,runtime_probe,completed,inconclusive_routed_component_runtime_probe,C:/Users/awdse/AppData/Roaming/MetaQuotes/Terminal/D0E8209F77C8CF37AD8BF550E51FF075/MQL5/Experts/Project_Obsidian_Prime_v2/stages/16_model_family_challenge__qda_class_covariance_scout/02_runs/run10B_qda_reg018_full58_resample_decision_microprobe_v1/kpi_record.json,route_bars=1062;route_share=0.122831;signals=93;long=3;short=90;fills=52,"profit_attribution=not_separable_from_single_routed_account_path;reject=0;skip=0;subtypes={""B_core_only"":24,""B_full_context_outside_tier_a_scope"":1,""B_macro_missing"":809,""B_mixed_partial_context"":228}",completed,Tier B partial-context fallback used component from one routed MT5 tester run.
run10B_qda_reg018_full58_resample_decision_microprobe_v1__mt5_routed_total_oos,16_model_family_challenge__qda_class_covariance_scout,run10B_qda_reg018_full58_resample_decision_microprobe_v1,mt5_routed_total_oos,run10B_qda_reg018_full58_resample_decision_microprobe_v1,mt5_routed_total_oos,Tier A+B,trading_risk_execution,runtime_probe,completed,inconclusive_routed_total_runtime_probe,C:/Users/awdse/AppData/Roaming/MetaQuotes/Terminal/D0E8209F77C8CF37AD8BF550E51FF075/MQL5/Experts/Project_Obsidian_Prime_v2/stages/16_model_family_challenge__qda_class_covariance_scout/02_runs/run10B_qda_reg018_full58_resample_decision_microprobe_v1/mt5/reports/Project_Obsidian_Prime_v2_run10B_qda_reg018_full58_resample_decision_microprobe_v1_routed_oos.htm,net_profit=338.86;pf=1.29;expectancy=1.18;trades=286;win_rate=52.1,a_used=7584;b_fallback=1062;no_tier_labelable=159;max_dd=217.94;recovery=1.55;fill=474;reject=0;skip=28691,completed,Actual routed total from one MT5 tester account path; not a synthetic sum.
run10C_qda_reg020_full58_decision_microprobe_v1__python_tier_a_separate,16_model_family_challenge__qda_class_covariance_scout,run10C_qda_reg020_full58_decision_microprobe_v1,python_tier_a_separate,run10C_qda_reg020_full58_decision_microprobe_v1,python_tier_a_separate,Tier A,signal_probability_threshold,structural_scout,completed,inconclusive_single_split_scout_payload,stages/16_model_family_challenge__qda_class_covariance_scout/02_runs/run10C_qda_reg020_full58_decision_microprobe_v1/predictions/tier_a_separate_predictions.parquet,rows=46650;signal_coverage=0.0755413;signal_count=3524;short=2003;long=1521,prob_sum_err=4.44089e-16;selected_threshold=validation_nonflat_q0.90;threshold_ids=q0.90;subtype_counts=NA,out_of_scope_by_claim,Tier A full-context primary view
run10C_qda_reg020_full58_decision_microprobe_v1__python_tier_b_separate,16_model_family_challenge__qda_class_covariance_scout,run10C_qda_reg020_full58_decision_microprobe_v1,python_tier_b_separate,run10C_qda_reg020_full58_decision_microprobe_v1,python_tier_b_separate,Tier B,signal_probability_threshold,structural_scout,completed,inconclusive_single_split_scout_payload,stages/16_model_family_challenge__qda_class_covariance_scout/02_runs/run10C_qda_reg020_full58_decision_microprobe_v1/predictions/tier_b_separate_predictions.parquet,rows=12398;signal_coverage=0.0332312;signal_count=412;short=279;long=133,"prob_sum_err=3.33067e-16;selected_threshold=validation_nonflat_q0.90;threshold_ids=q0.90;subtype_counts={""B_constituent_missing"":1,""B_core_only"":200,""B_full_context_outside_tier_a_scope"":217,""B_macro_missing"":10740,""B_mixed_partial_context"":1240}",out_of_scope_by_claim,Tier B partial-context fallback-only view
run10C_qda_reg020_full58_decision_microprobe_v1__python_tier_ab_combined,16_model_family_challenge__qda_class_covariance_scout,run10C_qda_reg020_full58_decision_microprobe_v1,python_tier_ab_combined,run10C_qda_reg020_full58_decision_microprobe_v1,python_tier_ab_combined,Tier A+B,signal_probability_threshold,structural_scout,completed,inconclusive_single_split_scout_payload,stages/16_model_family_challenge__qda_class_covariance_scout/02_runs/run10C_qda_reg020_full58_decision_microprobe_v1/predictions/tier_ab_combined_predictions.parquet,rows=59048;signal_coverage=0.0632028;signal_count=3732;short=2119;long=1613,"prob_sum_err=4.44089e-16;selected_threshold=validation_nonflat_q0.90;threshold_ids=q0.90;subtype_counts={""B_constituent_missing"":1,""B_core_only"":200,""B_full_context_outside_tier_a_scope"":217,""B_macro_missing"":10740,""B_mixed_partial_context"":1240,""Tier_A_full_context"":46650}",out_of_scope_by_claim,Tier A primary plus Tier B fallback routed Python view
run10C_qda_reg020_full58_decision_microprobe_v1__mt5_tier_a_only_validation_is,16_model_family_challenge__qda_class_covariance_scout,run10C_qda_reg020_full58_decision_microprobe_v1,mt5_tier_a_only_validation_is,run10C_qda_reg020_full58_decision_microprobe_v1,mt5_tier_a_only_validation_is,Tier A,trading_risk_execution,runtime_probe,completed,inconclusive_tier_only_runtime_probe,C:/Users/awdse/AppData/Roaming/MetaQuotes/Terminal/D0E8209F77C8CF37AD8BF550E51FF075/MQL5/Experts/Project_Obsidian_Prime_v2/stages/16_model_family_challenge__qda_class_covariance_scout/02_runs/run10C_qda_reg020_full58_decision_microprobe_v1/mt5/reports/Project_Obsidian_Prime_v2_run10C_qda_reg020_full58_decision_microprobe_v1_tier_a_only_validation_is.htm,net_profit=-492.99;pf=0.76;expectancy=-1.33;trades=372;win_rate=45.16,labelable=9844;feature_ready=9844;model_ok=9844;no_tier_labelable=203;max_dd=759.79;recovery=-0.65;fill=611;reject=7;skip=42964;subtypes=NA,completed,Tier A only standalone MT5 tester run.
run10C_qda_reg020_full58_decision_microprobe_v1__mt5_tier_b_fallback_only_validation_is,16_model_family_challenge__qda_class_covariance_scout,run10C_qda_reg020_full58_decision_microprobe_v1,mt5_tier_b_fallback_only_validation_is,run10C_qda_reg020_full58_decision_microprobe_v1,mt5_tier_b_fallback_only_validation_is,Tier B,trading_risk_execution,runtime_probe,completed,inconclusive_tier_b_fallback_only_runtime_probe,C:/Users/awdse/AppData/Roaming/MetaQuotes/Terminal/D0E8209F77C8CF37AD8BF550E51FF075/MQL5/Experts/Project_Obsidian_Prime_v2/stages/16_model_family_challenge__qda_class_covariance_scout/02_runs/run10C_qda_reg020_full58_decision_microprobe_v1/mt5/reports/Project_Obsidian_Prime_v2_run10C_qda_reg020_full58_decision_microprobe_v1_tier_b_fallback_only_validation_is.htm,net_profit=57.58;pf=1.67;expectancy=4.43;trades=13;win_rate=38.46,"labelable=2366;feature_ready=2366;model_ok=2366;no_tier_labelable=203;max_dd=102.5;recovery=0.56;fill=26;reject=0;skip=50442;subtypes={""B_core_only"":25,""B_macro_missing"":2126,""B_mixed_partial_context"":215}",completed,Tier B fallback-only standalone MT5 tester run.
run10C_qda_reg020_full58_decision_microprobe_v1__mt5_routed_tier_a_used_validation_is,16_model_family_challenge__qda_class_covariance_scout,run10C_qda_reg020_full58_decision_microprobe_v1,mt5_routed_tier_a_used_validation_is,run10C_qda_reg020_full58_decision_microprobe_v1,mt5_routed_tier_a_used_validation_is,Tier A,routed_signal_execution_usage,runtime_probe,completed,inconclusive_routed_component_runtime_probe,C:/Users/awdse/AppData/Roaming/MetaQuotes/Terminal/D0E8209F77C8CF37AD8BF550E51FF075/MQL5/Experts/Project_Obsidian_Prime_v2/stages/16_model_family_challenge__qda_class_covariance_scout/02_runs/run10C_qda_reg020_full58_decision_microprobe_v1/kpi_record.json,route_bars=9844;route_share=0.806224;signals=985;long=374;short=611;fills=576,profit_attribution=not_separable_from_single_routed_account_path;reject=33;skip=0;subtypes=NA,completed,Tier A primary used component from one routed MT5 tester run.
run10C_qda_reg020_full58_decision_microprobe_v1__mt5_routed_tier_b_fallback_used_validation_is,16_model_family_challenge__qda_class_covariance_scout,run10C_qda_reg020_full58_decision_microprobe_v1,mt5_routed_tier_b_fallback_used_validation_is,run10C_qda_reg020_full58_decision_microprobe_v1,mt5_routed_tier_b_fallback_used_validation_is,Tier B,routed_signal_execution_usage,runtime_probe,completed,inconclusive_routed_component_runtime_probe,C:/Users/awdse/AppData/Roaming/MetaQuotes/Terminal/D0E8209F77C8CF37AD8BF550E51FF075/MQL5/Experts/Project_Obsidian_Prime_v2/stages/16_model_family_challenge__qda_class_covariance_scout/02_runs/run10C_qda_reg020_full58_decision_microprobe_v1/kpi_record.json,route_bars=2366;route_share=0.193776;signals=23;long=12;short=11;fills=33,"profit_attribution=not_separable_from_single_routed_account_path;reject=1;skip=0;subtypes={""B_core_only"":25,""B_macro_missing"":2126,""B_mixed_partial_context"":215}",completed,Tier B partial-context fallback used component from one routed MT5 tester run.
run10C_qda_reg020_full58_decision_microprobe_v1__mt5_routed_total_validation_is,16_model_family_challenge__qda_class_covariance_scout,run10C_qda_reg020_full58_decision_microprobe_v1,mt5_routed_total_validation_is,run10C_qda_reg020_full58_decision_microprobe_v1,mt5_routed_total_validation_is,Tier A+B,trading_risk_execution,runtime_probe,completed,inconclusive_routed_total_runtime_probe,C:/Users/awdse/AppData/Roaming/MetaQuotes/Terminal/D0E8209F77C8CF37AD8BF550E51FF075/MQL5/Experts/Project_Obsidian_Prime_v2/stages/16_model_family_challenge__qda_class_covariance_scout/02_runs/run10C_qda_reg020_full58_decision_microprobe_v1/mt5/reports/Project_Obsidian_Prime_v2_run10C_qda_reg020_full58_decision_microprobe_v1_routed_validation_is.htm,net_profit=-490.31;pf=0.76;expectancy=-1.33;trades=368;win_rate=44.29,a_used=9844;b_fallback=2366;no_tier_labelable=203;max_dd=745.21;recovery=-0.66;fill=609;reject=34;skip=40598,completed,Actual routed total from one MT5 tester account path; not a synthetic sum.
run10C_qda_reg020_full58_decision_microprobe_v1__mt5_tier_a_only_oos,16_model_family_challenge__qda_class_covariance_scout,run10C_qda_reg020_full58_decision_microprobe_v1,mt5_tier_a_only_oos,run10C_qda_reg020_full58_decision_microprobe_v1,mt5_tier_a_only_oos,Tier A,trading_risk_execution,runtime_probe,completed,inconclusive_tier_only_runtime_probe,C:/Users/awdse/AppData/Roaming/MetaQuotes/Terminal/D0E8209F77C8CF37AD8BF550E51FF075/MQL5/Experts/Project_Obsidian_Prime_v2/stages/16_model_family_challenge__qda_class_covariance_scout/02_runs/run10C_qda_reg020_full58_decision_microprobe_v1/mt5/reports/Project_Obsidian_Prime_v2_run10C_qda_reg020_full58_decision_microprobe_v1_tier_a_only_oos.htm,net_profit=-208.29;pf=0.84;expectancy=-0.78;trades=267;win_rate=47.94,labelable=7584;feature_ready=7584;model_ok=7584;no_tier_labelable=159;max_dd=281.87;recovery=-0.74;fill=449;reject=0;skip=29753;subtypes=NA,completed,Tier A only standalone MT5 tester run.
run10C_qda_reg020_full58_decision_microprobe_v1__mt5_tier_b_fallback_only_oos,16_model_family_challenge__qda_class_covariance_scout,run10C_qda_reg020_full58_decision_microprobe_v1,mt5_tier_b_fallback_only_oos,run10C_qda_reg020_full58_decision_microprobe_v1,mt5_tier_b_fallback_only_oos,Tier B,trading_risk_execution,runtime_probe,completed,inconclusive_tier_b_fallback_only_runtime_probe,C:/Users/awdse/AppData/Roaming/MetaQuotes/Terminal/D0E8209F77C8CF37AD8BF550E51FF075/MQL5/Experts/Project_Obsidian_Prime_v2/stages/16_model_family_challenge__qda_class_covariance_scout/02_runs/run10C_qda_reg020_full58_decision_microprobe_v1/mt5/reports/Project_Obsidian_Prime_v2_run10C_qda_reg020_full58_decision_microprobe_v1_tier_b_fallback_only_oos.htm,net_profit=-64.36;pf=0.76;expectancy=-4.02;trades=16;win_rate=43.75,"labelable=1062;feature_ready=1062;model_ok=1062;no_tier_labelable=159;max_dd=223.84;recovery=-0.29;fill=31;reject=0;skip=36275;subtypes={""B_core_only"":24,""B_full_context_outside_tier_a_scope"":1,""B_macro_missing"":809,""B_mixed_partial_context"":228}",completed,Tier B fallback-only standalone MT5 tester run.
run10C_qda_reg020_full58_decision_microprobe_v1__mt5_routed_tier_a_used_oos,16_model_family_challenge__qda_class_covariance_scout,run10C_qda_reg020_full58_decision_microprobe_v1,mt5_routed_tier_a_used_oos,run10C_qda_reg020_full58_decision_microprobe_v1,mt5_routed_tier_a_used_oos,Tier A,routed_signal_execution_usage,runtime_probe,completed,inconclusive_routed_component_runtime_probe,C:/Users/awdse/AppData/Roaming/MetaQuotes/Terminal/D0E8209F77C8CF37AD8BF550E51FF075/MQL5/Experts/Project_Obsidian_Prime_v2/stages/16_model_family_challenge__qda_class_covariance_scout/02_runs/run10C_qda_reg020_full58_decision_microprobe_v1/kpi_record.json,route_bars=7584;route_share=0.877169;signals=654;long=227;short=427;fills=452,profit_attribution=not_separable_from_single_routed_account_path;reject=0;skip=0;subtypes=NA,completed,Tier A primary used component from one routed MT5 tester run.
run10C_qda_reg020_full58_decision_microprobe_v1__mt5_routed_tier_b_fallback_used_oos,16_model_family_challenge__qda_class_covariance_scout,run10C_qda_reg020_full58_decision_microprobe_v1,mt5_routed_tier_b_fallback_used_oos,run10C_qda_reg020_full58_decision_microprobe_v1,mt5_routed_tier_b_fallback_used_oos,Tier B,routed_signal_execution_usage,runtime_probe,completed,inconclusive_routed_component_runtime_probe,C:/Users/awdse/AppData/Roaming/MetaQuotes/Terminal/D0E8209F77C8CF37AD8BF550E51FF075/MQL5/Experts/Project_Obsidian_Prime_v2/stages/16_model_family_challenge__qda_class_covariance_scout/02_runs/run10C_qda_reg020_full58_decision_microprobe_v1/kpi_record.json,route_bars=1062;route_share=0.122831;signals=52;long=41;short=11;fills=35,"profit_attribution=not_separable_from_single_routed_account_path;reject=0;skip=0;subtypes={""B_core_only"":24,""B_full_context_outside_tier_a_scope"":1,""B_macro_missing"":809,""B_mixed_partial_context"":228}",completed,Tier B partial-context fallback used component from one routed MT5 tester run.
run10C_qda_reg020_full58_decision_microprobe_v1__mt5_routed_total_oos,16_model_family_challenge__qda_class_covariance_scout,run10C_qda_reg020_full58_decision_microprobe_v1,mt5_routed_total_oos,run10C_qda_reg020_full58_decision_microprobe_v1,mt5_routed_total_oos,Tier A+B,trading_risk_execution,runtime_probe,completed,inconclusive_routed_total_runtime_probe,C:/Users/awdse/AppData/Roaming/MetaQuotes/Terminal/D0E8209F77C8CF37AD8BF550E51FF075/MQL5/Experts/Project_Obsidian_Prime_v2/stages/16_model_family_challenge__qda_class_covariance_scout/02_runs/run10C_qda_reg020_full58_decision_microprobe_v1/mt5/reports/Project_Obsidian_Prime_v2_run10C_qda_reg020_full58_decision_microprobe_v1_routed_oos.htm,net_profit=-185.28;pf=0.87;expectancy=-0.63;trades=296;win_rate=48.99,a_used=7584;b_fallback=1062;no_tier_labelable=159;max_dd=275.55;recovery=-0.67;fill=487;reject=0;skip=28691,completed,Actual routed total from one MT5 tester account path; not a synthetic sum.
run10D_qda_reg018_full58_q88_decision_microprobe_v1__python_tier_a_separate,16_model_family_challenge__qda_class_covariance_scout,run10D_qda_reg018_full58_q88_decision_microprobe_v1,python_tier_a_separate,run10D_qda_reg018_full58_q88_decision_microprobe_v1,python_tier_a_separate,Tier A,signal_probability_threshold,structural_scout,completed,inconclusive_single_split_scout_payload,stages/16_model_family_challenge__qda_class_covariance_scout/02_runs/run10D_qda_reg018_full58_q88_decision_microprobe_v1/predictions/tier_a_separate_predictions.parquet,rows=46650;signal_coverage=0.0958414;signal_count=4471;short=2888;long=1583,prob_sum_err=3.33067e-16;selected_threshold=validation_nonflat_q0.88;threshold_ids=q0.88;subtype_counts=NA,out_of_scope_by_claim,Tier A full-context primary view
run10D_qda_reg018_full58_q88_decision_microprobe_v1__python_tier_b_separate,16_model_family_challenge__qda_class_covariance_scout,run10D_qda_reg018_full58_q88_decision_microprobe_v1,python_tier_b_separate,run10D_qda_reg018_full58_q88_decision_microprobe_v1,python_tier_b_separate,Tier B,signal_probability_threshold,structural_scout,completed,inconclusive_single_split_scout_payload,stages/16_model_family_challenge__qda_class_covariance_scout/02_runs/run10D_qda_reg018_full58_q88_decision_microprobe_v1/predictions/tier_b_separate_predictions.parquet,rows=12398;signal_coverage=0.0376674;signal_count=467;short=331;long=136,"prob_sum_err=3.33067e-16;selected_threshold=validation_nonflat_q0.88;threshold_ids=q0.88;subtype_counts={""B_constituent_missing"":1,""B_core_only"":200,""B_full_context_outside_tier_a_scope"":217,""B_macro_missing"":10740,""B_mixed_partial_context"":1240}",out_of_scope_by_claim,Tier B partial-context fallback-only view
run10D_qda_reg018_full58_q88_decision_microprobe_v1__python_tier_ab_combined,16_model_family_challenge__qda_class_covariance_scout,run10D_qda_reg018_full58_q88_decision_microprobe_v1,python_tier_ab_combined,run10D_qda_reg018_full58_q88_decision_microprobe_v1,python_tier_ab_combined,Tier A+B,signal_probability_threshold,structural_scout,completed,inconclusive_single_split_scout_payload,stages/16_model_family_challenge__qda_class_covariance_scout/02_runs/run10D_qda_reg018_full58_q88_decision_microprobe_v1/predictions/tier_ab_combined_predictions.parquet,rows=59048;signal_coverage=0.0788511;signal_count=4656;short=3016;long=1640,"prob_sum_err=3.33067e-16;selected_threshold=validation_nonflat_q0.88;threshold_ids=q0.88;subtype_counts={""B_constituent_missing"":1,""B_core_only"":200,""B_full_context_outside_tier_a_scope"":217,""B_macro_missing"":10740,""B_mixed_partial_context"":1240,""Tier_A_full_context"":46650}",out_of_scope_by_claim,Tier A primary plus Tier B fallback routed Python view
run10D_qda_reg018_full58_q88_decision_microprobe_v1__mt5_tier_a_only_validation_is,16_model_family_challenge__qda_class_covariance_scout,run10D_qda_reg018_full58_q88_decision_microprobe_v1,mt5_tier_a_only_validation_is,run10D_qda_reg018_full58_q88_decision_microprobe_v1,mt5_tier_a_only_validation_is,Tier A,trading_risk_execution,runtime_probe,completed,inconclusive_tier_only_runtime_probe,C:/Users/awdse/AppData/Roaming/MetaQuotes/Terminal/D0E8209F77C8CF37AD8BF550E51FF075/MQL5/Experts/Project_Obsidian_Prime_v2/stages/16_model_family_challenge__qda_class_covariance_scout/02_runs/run10D_qda_reg018_full58_q88_decision_microprobe_v1/mt5/reports/Project_Obsidian_Prime_v2_run10D_qda_reg018_full58_q88_decision_microprobe_v1_tier_a_only_validation_is.htm,net_profit=-363.51;pf=0.83;expectancy=-0.88;trades=415;win_rate=47.23,labelable=9844;feature_ready=9844;model_ok=9844;no_tier_labelable=203;max_dd=689.9;recovery=-0.53;fill=648;reject=0;skip=42964;subtypes=NA,completed,Tier A only standalone MT5 tester run.
run10D_qda_reg018_full58_q88_decision_microprobe_v1__mt5_tier_b_fallback_only_validation_is,16_model_family_challenge__qda_class_covariance_scout,run10D_qda_reg018_full58_q88_decision_microprobe_v1,mt5_tier_b_fallback_only_validation_is,run10D_qda_reg018_full58_q88_decision_microprobe_v1,mt5_tier_b_fallback_only_validation_is,Tier B,trading_risk_execution,runtime_probe,completed,inconclusive_tier_b_fallback_only_runtime_probe,C:/Users/awdse/AppData/Roaming/MetaQuotes/Terminal/D0E8209F77C8CF37AD8BF550E51FF075/MQL5/Experts/Project_Obsidian_Prime_v2/stages/16_model_family_challenge__qda_class_covariance_scout/02_runs/run10D_qda_reg018_full58_q88_decision_microprobe_v1/mt5/reports/Project_Obsidian_Prime_v2_run10D_qda_reg018_full58_q88_decision_microprobe_v1_tier_b_fallback_only_validation_is.htm,net_profit=48.09;pf=1.5;expectancy=4.01;trades=12;win_rate=41.67,"labelable=2366;feature_ready=2366;model_ok=2366;no_tier_labelable=203;max_dd=295.79;recovery=0.16;fill=23;reject=0;skip=50442;subtypes={""B_core_only"":25,""B_macro_missing"":2126,""B_mixed_partial_context"":215}",completed,Tier B fallback-only standalone MT5 tester run.
run10D_qda_reg018_full58_q88_decision_microprobe_v1__mt5_routed_tier_a_used_validation_is,16_model_family_challenge__qda_class_covariance_scout,run10D_qda_reg018_full58_q88_decision_microprobe_v1,mt5_routed_tier_a_used_validation_is,run10D_qda_reg018_full58_q88_decision_microprobe_v1,mt5_routed_tier_a_used_validation_is,Tier A,routed_signal_execution_usage,runtime_probe,completed,inconclusive_routed_component_runtime_probe,C:/Users/awdse/AppData/Roaming/MetaQuotes/Terminal/D0E8209F77C8CF37AD8BF550E51FF075/MQL5/Experts/Project_Obsidian_Prime_v2/stages/16_model_family_challenge__qda_class_covariance_scout/02_runs/run10D_qda_reg018_full58_q88_decision_microprobe_v1/kpi_record.json,route_bars=9844;route_share=0.806224;signals=1182;long=314;short=868;fills=634,profit_attribution=not_separable_from_single_routed_account_path;reject=0;skip=0;subtypes=NA,completed,Tier A primary used component from one routed MT5 tester run.
run10D_qda_reg018_full58_q88_decision_microprobe_v1__mt5_routed_tier_b_fallback_used_validation_is,16_model_family_challenge__qda_class_covariance_scout,run10D_qda_reg018_full58_q88_decision_microprobe_v1,mt5_routed_tier_b_fallback_used_validation_is,run10D_qda_reg018_full58_q88_decision_microprobe_v1,mt5_routed_tier_b_fallback_used_validation_is,Tier B,routed_signal_execution_usage,runtime_probe,completed,inconclusive_routed_component_runtime_probe,C:/Users/awdse/AppData/Roaming/MetaQuotes/Terminal/D0E8209F77C8CF37AD8BF550E51FF075/MQL5/Experts/Project_Obsidian_Prime_v2/stages/16_model_family_challenge__qda_class_covariance_scout/02_runs/run10D_qda_reg018_full58_q88_decision_microprobe_v1/kpi_record.json,route_bars=2366;route_share=0.193776;signals=30;long=15;short=15;fills=42,"profit_attribution=not_separable_from_single_routed_account_path;reject=0;skip=0;subtypes={""B_core_only"":25,""B_macro_missing"":2126,""B_mixed_partial_context"":215}",completed,Tier B partial-context fallback used component from one routed MT5 tester run.
run10D_qda_reg018_full58_q88_decision_microprobe_v1__mt5_routed_total_validation_is,16_model_family_challenge__qda_class_covariance_scout,run10D_qda_reg018_full58_q88_decision_microprobe_v1,mt5_routed_total_validation_is,run10D_qda_reg018_full58_q88_decision_microprobe_v1,mt5_routed_total_validation_is,Tier A+B,trading_risk_execution,runtime_probe,completed,inconclusive_routed_total_runtime_probe,C:/Users/awdse/AppData/Roaming/MetaQuotes/Terminal/D0E8209F77C8CF37AD8BF550E51FF075/MQL5/Experts/Project_Obsidian_Prime_v2/stages/16_model_family_challenge__qda_class_covariance_scout/02_runs/run10D_qda_reg018_full58_q88_decision_microprobe_v1/mt5/reports/Project_Obsidian_Prime_v2_run10D_qda_reg018_full58_q88_decision_microprobe_v1_routed_validation_is.htm,net_profit=-390.84;pf=0.82;expectancy=-0.91;trades=431;win_rate=46.87,a_used=9844;b_fallback=2366;no_tier_labelable=203;max_dd=724.79;recovery=-0.54;fill=676;reject=0;skip=40598,completed,Actual routed total from one MT5 tester account path; not a synthetic sum.
run10D_qda_reg018_full58_q88_decision_microprobe_v1__mt5_tier_a_only_oos,16_model_family_challenge__qda_class_covariance_scout,run10D_qda_reg018_full58_q88_decision_microprobe_v1,mt5_tier_a_only_oos,run10D_qda_reg018_full58_q88_decision_microprobe_v1,mt5_tier_a_only_oos,Tier A,trading_risk_execution,runtime_probe,completed,inconclusive_tier_only_runtime_probe,C:/Users/awdse/AppData/Roaming/MetaQuotes/Terminal/D0E8209F77C8CF37AD8BF550E51FF075/MQL5/Experts/Project_Obsidian_Prime_v2/stages/16_model_family_challenge__qda_class_covariance_scout/02_runs/run10D_qda_reg018_full58_q88_decision_microprobe_v1/mt5/reports/Project_Obsidian_Prime_v2_run10D_qda_reg018_full58_q88_decision_microprobe_v1_tier_a_only_oos.htm,net_profit=-205.11;pf=0.86;expectancy=-0.71;trades=290;win_rate=50.69,labelable=7584;feature_ready=7584;model_ok=7584;no_tier_labelable=159;max_dd=240.77;recovery=-0.85;fill=493;reject=0;skip=29753;subtypes=NA,completed,Tier A only standalone MT5 tester run.
run10D_qda_reg018_full58_q88_decision_microprobe_v1__mt5_tier_b_fallback_only_oos,16_model_family_challenge__qda_class_covariance_scout,run10D_qda_reg018_full58_q88_decision_microprobe_v1,mt5_tier_b_fallback_only_oos,run10D_qda_reg018_full58_q88_decision_microprobe_v1,mt5_tier_b_fallback_only_oos,Tier B,trading_risk_execution,runtime_probe,completed,inconclusive_tier_b_fallback_only_runtime_probe,C:/Users/awdse/AppData/Roaming/MetaQuotes/Terminal/D0E8209F77C8CF37AD8BF550E51FF075/MQL5/Experts/Project_Obsidian_Prime_v2/stages/16_model_family_challenge__qda_class_covariance_scout/02_runs/run10D_qda_reg018_full58_q88_decision_microprobe_v1/mt5/reports/Project_Obsidian_Prime_v2_run10D_qda_reg018_full58_q88_decision_microprobe_v1_tier_b_fallback_only_oos.htm,net_profit=44.9;pf=1.11;expectancy=1.66;trades=27;win_rate=59.26,"labelable=1062;feature_ready=1062;model_ok=1062;no_tier_labelable=159;max_dd=244.64;recovery=0.18;fill=49;reject=0;skip=36275;subtypes={""B_core_only"":24,""B_full_context_outside_tier_a_scope"":1,""B_macro_missing"":809,""B_mixed_partial_context"":228}",completed,Tier B fallback-only standalone MT5 tester run.
run10D_qda_reg018_full58_q88_decision_microprobe_v1__mt5_routed_tier_a_used_oos,16_model_family_challenge__qda_class_covariance_scout,run10D_qda_reg018_full58_q88_decision_microprobe_v1,mt5_routed_tier_a_used_oos,run10D_qda_reg018_full58_q88_decision_microprobe_v1,mt5_routed_tier_a_used_oos,Tier A,routed_signal_execution_usage,runtime_probe,completed,inconclusive_routed_component_runtime_probe,C:/Users/awdse/AppData/Roaming/MetaQuotes/Terminal/D0E8209F77C8CF37AD8BF550E51FF075/MQL5/Experts/Project_Obsidian_Prime_v2/stages/16_model_family_challenge__qda_class_covariance_scout/02_runs/run10D_qda_reg018_full58_q88_decision_microprobe_v1/kpi_record.json,route_bars=7584;route_share=0.877169;signals=996;long=161;short=835;fills=493,profit_attribution=not_separable_from_single_routed_account_path;reject=0;skip=0;subtypes=NA,completed,Tier A primary used component from one routed MT5 tester run.
run10D_qda_reg018_full58_q88_decision_microprobe_v1__mt5_routed_tier_b_fallback_used_oos,16_model_family_challenge__qda_class_covariance_scout,run10D_qda_reg018_full58_q88_decision_microprobe_v1,mt5_routed_tier_b_fallback_used_oos,run10D_qda_reg018_full58_q88_decision_microprobe_v1,mt5_routed_tier_b_fallback_used_oos,Tier B,routed_signal_execution_usage,runtime_probe,completed,inconclusive_routed_component_runtime_probe,C:/Users/awdse/AppData/Roaming/MetaQuotes/Terminal/D0E8209F77C8CF37AD8BF550E51FF075/MQL5/Experts/Project_Obsidian_Prime_v2/stages/16_model_family_challenge__qda_class_covariance_scout/02_runs/run10D_qda_reg018_full58_q88_decision_microprobe_v1/kpi_record.json,route_bars=1062;route_share=0.122831;signals=90;long=14;short=76;fills=50,"profit_attribution=not_separable_from_single_routed_account_path;reject=0;skip=0;subtypes={""B_core_only"":24,""B_full_context_outside_tier_a_scope"":1,""B_macro_missing"":809,""B_mixed_partial_context"":228}",completed,Tier B partial-context fallback used component from one routed MT5 tester run.
run10D_qda_reg018_full58_q88_decision_microprobe_v1__mt5_routed_total_oos,16_model_family_challenge__qda_class_covariance_scout,run10D_qda_reg018_full58_q88_decision_microprobe_v1,mt5_routed_total_oos,run10D_qda_reg018_full58_q88_decision_microprobe_v1,mt5_routed_total_oos,Tier A+B,trading_risk_execution,runtime_probe,completed,inconclusive_routed_total_runtime_probe,C:/Users/awdse/AppData/Roaming/MetaQuotes/Terminal/D0E8209F77C8CF37AD8BF550E51FF075/MQL5/Experts/Project_Obsidian_Prime_v2/stages/16_model_family_challenge__qda_class_covariance_scout/02_runs/run10D_qda_reg018_full58_q88_decision_microprobe_v1/mt5/reports/Project_Obsidian_Prime_v2_run10D_qda_reg018_full58_q88_decision_microprobe_v1_routed_oos.htm,net_profit=-238.26;pf=0.85;expectancy=-0.75;trades=319;win_rate=50.78,a_used=7584;b_fallback=1062;no_tier_labelable=159;max_dd=269.71;recovery=-0.88;fill=543;reject=0;skip=28691,completed,Actual routed total from one MT5 tester account path; not a synthetic sum.
run10E_qda_reg018_full58_q92_decision_microprobe_v1__python_tier_a_separate,16_model_family_challenge__qda_class_covariance_scout,run10E_qda_reg018_full58_q92_decision_microprobe_v1,python_tier_a_separate,run10E_qda_reg018_full58_q92_decision_microprobe_v1,python_tier_a_separate,Tier A,signal_probability_threshold,structural_scout,completed,inconclusive_single_split_scout_payload,stages/16_model_family_challenge__qda_class_covariance_scout/02_runs/run10E_qda_reg018_full58_q92_decision_microprobe_v1/predictions/tier_a_separate_predictions.parquet,rows=46650;signal_coverage=0.0630225;signal_count=2940;short=1636;long=1304,prob_sum_err=3.33067e-16;selected_threshold=validation_nonflat_q0.92;threshold_ids=q0.92;subtype_counts=NA,out_of_scope_by_claim,Tier A full-context primary view
run10E_qda_reg018_full58_q92_decision_microprobe_v1__python_tier_b_separate,16_model_family_challenge__qda_class_covariance_scout,run10E_qda_reg018_full58_q92_decision_microprobe_v1,python_tier_b_separate,run10E_qda_reg018_full58_q92_decision_microprobe_v1,python_tier_b_separate,Tier B,signal_probability_threshold,structural_scout,completed,inconclusive_single_split_scout_payload,stages/16_model_family_challenge__qda_class_covariance_scout/02_runs/run10E_qda_reg018_full58_q92_decision_microprobe_v1/predictions/tier_b_separate_predictions.parquet,rows=12398;signal_coverage=0.0169382;signal_count=210;short=137;long=73,"prob_sum_err=3.33067e-16;selected_threshold=validation_nonflat_q0.92;threshold_ids=q0.92;subtype_counts={""B_constituent_missing"":1,""B_core_only"":200,""B_full_context_outside_tier_a_scope"":217,""B_macro_missing"":10740,""B_mixed_partial_context"":1240}",out_of_scope_by_claim,Tier B partial-context fallback-only view
run10E_qda_reg018_full58_q92_decision_microprobe_v1__python_tier_ab_combined,16_model_family_challenge__qda_class_covariance_scout,run10E_qda_reg018_full58_q92_decision_microprobe_v1,python_tier_ab_combined,run10E_qda_reg018_full58_q92_decision_microprobe_v1,python_tier_ab_combined,Tier A+B,signal_probability_threshold,structural_scout,completed,inconclusive_single_split_scout_payload,stages/16_model_family_challenge__qda_class_covariance_scout/02_runs/run10E_qda_reg018_full58_q92_decision_microprobe_v1/predictions/tier_ab_combined_predictions.parquet,rows=59048;signal_coverage=0.0514497;signal_count=3038;short=1703;long=1335,"prob_sum_err=3.33067e-16;selected_threshold=validation_nonflat_q0.92;threshold_ids=q0.92;subtype_counts={""B_constituent_missing"":1,""B_core_only"":200,""B_full_context_outside_tier_a_scope"":217,""B_macro_missing"":10740,""B_mixed_partial_context"":1240,""Tier_A_full_context"":46650}",out_of_scope_by_claim,Tier A primary plus Tier B fallback routed Python view
run10E_qda_reg018_full58_q92_decision_microprobe_v1__mt5_tier_a_only_validation_is,16_model_family_challenge__qda_class_covariance_scout,run10E_qda_reg018_full58_q92_decision_microprobe_v1,mt5_tier_a_only_validation_is,run10E_qda_reg018_full58_q92_decision_microprobe_v1,mt5_tier_a_only_validation_is,Tier A,trading_risk_execution,runtime_probe,completed,inconclusive_tier_only_runtime_probe,C:/Users/awdse/AppData/Roaming/MetaQuotes/Terminal/D0E8209F77C8CF37AD8BF550E51FF075/MQL5/Experts/Project_Obsidian_Prime_v2/stages/16_model_family_challenge__qda_class_covariance_scout/02_runs/run10E_qda_reg018_full58_q92_decision_microprobe_v1/mt5/reports/Project_Obsidian_Prime_v2_run10E_qda_reg018_full58_q92_decision_microprobe_v1_tier_a_only_validation_is.htm,net_profit=-206.35;pf=0.88;expectancy=-0.61;trades=337;win_rate=45.4,labelable=9844;feature_ready=9844;model_ok=9844;no_tier_labelable=203;max_dd=300.33;recovery=-0.69;fill=551;reject=0;skip=42964;subtypes=NA,completed,Tier A only standalone MT5 tester run.
run10E_qda_reg018_full58_q92_decision_microprobe_v1__mt5_tier_b_fallback_only_validation_is,16_model_family_challenge__qda_class_covariance_scout,run10E_qda_reg018_full58_q92_decision_microprobe_v1,mt5_tier_b_fallback_only_validation_is,run10E_qda_reg018_full58_q92_decision_microprobe_v1,mt5_tier_b_fallback_only_validation_is,Tier B,trading_risk_execution,runtime_probe,completed,inconclusive_tier_b_fallback_only_runtime_probe,C:/Users/awdse/AppData/Roaming/MetaQuotes/Terminal/D0E8209F77C8CF37AD8BF550E51FF075/MQL5/Experts/Project_Obsidian_Prime_v2/stages/16_model_family_challenge__qda_class_covariance_scout/02_runs/run10E_qda_reg018_full58_q92_decision_microprobe_v1/mt5/reports/Project_Obsidian_Prime_v2_run10E_qda_reg018_full58_q92_decision_microprobe_v1_tier_b_fallback_only_validation_is.htm,net_profit=79.38;pf=3.88;expectancy=13.23;trades=6;win_rate=33.33,"labelable=2366;feature_ready=2366;model_ok=2366;no_tier_labelable=203;max_dd=57.43;recovery=1.38;fill=11;reject=0;skip=50442;subtypes={""B_core_only"":25,""B_macro_missing"":2126,""B_mixed_partial_context"":215}",completed,Tier B fallback-only standalone MT5 tester run.
run10E_qda_reg018_full58_q92_decision_microprobe_v1__mt5_routed_tier_a_used_validation_is,16_model_family_challenge__qda_class_covariance_scout,run10E_qda_reg018_full58_q92_decision_microprobe_v1,mt5_routed_tier_a_used_validation_is,run10E_qda_reg018_full58_q92_decision_microprobe_v1,mt5_routed_tier_a_used_validation_is,Tier A,routed_signal_execution_usage,runtime_probe,completed,inconclusive_routed_component_runtime_probe,C:/Users/awdse/AppData/Roaming/MetaQuotes/Terminal/D0E8209F77C8CF37AD8BF550E51FF075/MQL5/Experts/Project_Obsidian_Prime_v2/stages/16_model_family_challenge__qda_class_covariance_scout/02_runs/run10E_qda_reg018_full58_q92_decision_microprobe_v1/kpi_record.json,route_bars=9844;route_share=0.806224;signals=788;long=382;short=406;fills=543,profit_attribution=not_separable_from_single_routed_account_path;reject=0;skip=0;subtypes=NA,completed,Tier A primary used component from one routed MT5 tester run.
run10E_qda_reg018_full58_q92_decision_microprobe_v1__mt5_routed_tier_b_fallback_used_validation_is,16_model_family_challenge__qda_class_covariance_scout,run10E_qda_reg018_full58_q92_decision_microprobe_v1,mt5_routed_tier_b_fallback_used_validation_is,run10E_qda_reg018_full58_q92_decision_microprobe_v1,mt5_routed_tier_b_fallback_used_validation_is,Tier B,routed_signal_execution_usage,runtime_probe,completed,inconclusive_routed_component_runtime_probe,C:/Users/awdse/AppData/Roaming/MetaQuotes/Terminal/D0E8209F77C8CF37AD8BF550E51FF075/MQL5/Experts/Project_Obsidian_Prime_v2/stages/16_model_family_challenge__qda_class_covariance_scout/02_runs/run10E_qda_reg018_full58_q92_decision_microprobe_v1/kpi_record.json,route_bars=2366;route_share=0.193776;signals=8;long=6;short=2;fills=14,"profit_attribution=not_separable_from_single_routed_account_path;reject=0;skip=0;subtypes={""B_core_only"":25,""B_macro_missing"":2126,""B_mixed_partial_context"":215}",completed,Tier B partial-context fallback used component from one routed MT5 tester run.
run10E_qda_reg018_full58_q92_decision_microprobe_v1__mt5_routed_total_validation_is,16_model_family_challenge__qda_class_covariance_scout,run10E_qda_reg018_full58_q92_decision_microprobe_v1,mt5_routed_total_validation_is,run10E_qda_reg018_full58_q92_decision_microprobe_v1,mt5_routed_total_validation_is,Tier A+B,trading_risk_execution,runtime_probe,completed,inconclusive_routed_total_runtime_probe,C:/Users/awdse/AppData/Roaming/MetaQuotes/Terminal/D0E8209F77C8CF37AD8BF550E51FF075/MQL5/Experts/Project_Obsidian_Prime_v2/stages/16_model_family_challenge__qda_class_covariance_scout/02_runs/run10E_qda_reg018_full58_q92_decision_microprobe_v1/mt5/reports/Project_Obsidian_Prime_v2_run10E_qda_reg018_full58_q92_decision_microprobe_v1_routed_validation_is.htm,net_profit=-175.09;pf=0.89;expectancy=-0.51;trades=341;win_rate=45.75,a_used=9844;b_fallback=2366;no_tier_labelable=203;max_dd=278;recovery=-0.63;fill=557;reject=0;skip=40598,completed,Actual routed total from one MT5 tester account path; not a synthetic sum.
run10E_qda_reg018_full58_q92_decision_microprobe_v1__mt5_tier_a_only_oos,16_model_family_challenge__qda_class_covariance_scout,run10E_qda_reg018_full58_q92_decision_microprobe_v1,mt5_tier_a_only_oos,run10E_qda_reg018_full58_q92_decision_microprobe_v1,mt5_tier_a_only_oos,Tier A,trading_risk_execution,runtime_probe,completed,inconclusive_tier_only_runtime_probe,C:/Users/awdse/AppData/Roaming/MetaQuotes/Terminal/D0E8209F77C8CF37AD8BF550E51FF075/MQL5/Experts/Project_Obsidian_Prime_v2/stages/16_model_family_challenge__qda_class_covariance_scout/02_runs/run10E_qda_reg018_full58_q92_decision_microprobe_v1/mt5/reports/Project_Obsidian_Prime_v2_run10E_qda_reg018_full58_q92_decision_microprobe_v1_tier_a_only_oos.htm,net_profit=176.97;pf=1.21;expectancy=0.88;trades=201;win_rate=53.23,labelable=7584;feature_ready=7584;model_ok=7584;no_tier_labelable=159;max_dd=137.08;recovery=1.29;fill=352;reject=0;skip=29753;subtypes=NA,completed,Tier A only standalone MT5 tester run.
run10E_qda_reg018_full58_q92_decision_microprobe_v1__mt5_tier_b_fallback_only_oos,16_model_family_challenge__qda_class_covariance_scout,run10E_qda_reg018_full58_q92_decision_microprobe_v1,mt5_tier_b_fallback_only_oos,run10E_qda_reg018_full58_q92_decision_microprobe_v1,mt5_tier_b_fallback_only_oos,Tier B,trading_risk_execution,runtime_probe,completed,inconclusive_tier_b_fallback_only_runtime_probe,C:/Users/awdse/AppData/Roaming/MetaQuotes/Terminal/D0E8209F77C8CF37AD8BF550E51FF075/MQL5/Experts/Project_Obsidian_Prime_v2/stages/16_model_family_challenge__qda_class_covariance_scout/02_runs/run10E_qda_reg018_full58_q92_decision_microprobe_v1/mt5/reports/Project_Obsidian_Prime_v2_run10E_qda_reg018_full58_q92_decision_microprobe_v1_tier_b_fallback_only_oos.htm,net_profit=-6.41;pf=0.98;expectancy=-0.46;trades=14;win_rate=64.29,"labelable=1062;feature_ready=1062;model_ok=1062;no_tier_labelable=159;max_dd=262.87;recovery=-0.02;fill=25;reject=0;skip=36275;subtypes={""B_core_only"":24,""B_full_context_outside_tier_a_scope"":1,""B_macro_missing"":809,""B_mixed_partial_context"":228}",completed,Tier B fallback-only standalone MT5 tester run.
run10E_qda_reg018_full58_q92_decision_microprobe_v1__mt5_routed_tier_a_used_oos,16_model_family_challenge__qda_class_covariance_scout,run10E_qda_reg018_full58_q92_decision_microprobe_v1,mt5_routed_tier_a_used_oos,run10E_qda_reg018_full58_q92_decision_microprobe_v1,mt5_routed_tier_a_used_oos,Tier A,routed_signal_execution_usage,runtime_probe,completed,inconclusive_routed_component_runtime_probe,C:/Users/awdse/AppData/Roaming/MetaQuotes/Terminal/D0E8209F77C8CF37AD8BF550E51FF075/MQL5/Experts/Project_Obsidian_Prime_v2/stages/16_model_family_challenge__qda_class_covariance_scout/02_runs/run10E_qda_reg018_full58_q92_decision_microprobe_v1/kpi_record.json,route_bars=7584;route_share=0.877169;signals=488;long=227;short=261;fills=355,profit_attribution=not_separable_from_single_routed_account_path;reject=0;skip=0;subtypes=NA,completed,Tier A primary used component from one routed MT5 tester run.
run10E_qda_reg018_full58_q92_decision_microprobe_v1__mt5_routed_tier_b_fallback_used_oos,16_model_family_challenge__qda_class_covariance_scout,run10E_qda_reg018_full58_q92_decision_microprobe_v1,mt5_routed_tier_b_fallback_used_oos,run10E_qda_reg018_full58_q92_decision_microprobe_v1,mt5_routed_tier_b_fallback_used_oos,Tier B,routed_signal_execution_usage,runtime_probe,completed,inconclusive_routed_component_runtime_probe,C:/Users/awdse/AppData/Roaming/MetaQuotes/Terminal/D0E8209F77C8CF37AD8BF550E51FF075/MQL5/Experts/Project_Obsidian_Prime_v2/stages/16_model_family_challenge__qda_class_covariance_scout/02_runs/run10E_qda_reg018_full58_q92_decision_microprobe_v1/kpi_record.json,route_bars=1062;route_share=0.122831;signals=40;long=27;short=13;fills=22,"profit_attribution=not_separable_from_single_routed_account_path;reject=0;skip=0;subtypes={""B_core_only"":24,""B_full_context_outside_tier_a_scope"":1,""B_macro_missing"":809,""B_mixed_partial_context"":228}",completed,Tier B partial-context fallback used component from one routed MT5 tester run.
run10E_qda_reg018_full58_q92_decision_microprobe_v1__mt5_routed_total_oos,16_model_family_challenge__qda_class_covariance_scout,run10E_qda_reg018_full58_q92_decision_microprobe_v1,mt5_routed_total_oos,run10E_qda_reg018_full58_q92_decision_microprobe_v1,mt5_routed_total_oos,Tier A+B,trading_risk_execution,runtime_probe,completed,inconclusive_routed_total_runtime_probe,C:/Users/awdse/AppData/Roaming/MetaQuotes/Terminal/D0E8209F77C8CF37AD8BF550E51FF075/MQL5/Experts/Project_Obsidian_Prime_v2/stages/16_model_family_challenge__qda_class_covariance_scout/02_runs/run10E_qda_reg018_full58_q92_decision_microprobe_v1/mt5/reports/Project_Obsidian_Prime_v2_run10E_qda_reg018_full58_q92_decision_microprobe_v1_routed_oos.htm,net_profit=169.02;pf=1.19;expectancy=0.78;trades=216;win_rate=51.39,a_used=7584;b_fallback=1062;no_tier_labelable=159;max_dd=132.97;recovery=1.27;fill=377;reject=0;skip=28691,completed,Actual routed total from one MT5 tester account path; not a synthetic sum.
run10F_qda_reg012_drop_mega10_decision_microprobe_v1__python_tier_a_separate,16_model_family_challenge__qda_class_covariance_scout,run10F_qda_reg012_drop_mega10_decision_microprobe_v1,python_tier_a_separate,run10F_qda_reg012_drop_mega10_decision_microprobe_v1,python_tier_a_separate,Tier A,signal_probability_threshold,structural_scout,completed,inconclusive_single_split_scout_payload,stages/16_model_family_challenge__qda_class_covariance_scout/02_runs/run10F_qda_reg012_drop_mega10_decision_microprobe_v1/predictions/tier_a_separate_predictions.parquet,rows=46650;signal_coverage=0.0745766;signal_count=3479;short=1711;long=1768,prob_sum_err=3.33067e-16;selected_threshold=validation_nonflat_q0.90;threshold_ids=q0.90;subtype_counts=NA,out_of_scope_by_claim,Tier A full-context primary view
run10F_qda_reg012_drop_mega10_decision_microprobe_v1__python_tier_b_separate,16_model_family_challenge__qda_class_covariance_scout,run10F_qda_reg012_drop_mega10_decision_microprobe_v1,python_tier_b_separate,run10F_qda_reg012_drop_mega10_decision_microprobe_v1,python_tier_b_separate,Tier B,signal_probability_threshold,structural_scout,completed,inconclusive_single_split_scout_payload,stages/16_model_family_challenge__qda_class_covariance_scout/02_runs/run10F_qda_reg012_drop_mega10_decision_microprobe_v1/predictions/tier_b_separate_predictions.parquet,rows=12398;signal_coverage=0.021939;signal_count=272;short=153;long=119,"prob_sum_err=3.33067e-16;selected_threshold=validation_nonflat_q0.90;threshold_ids=q0.90;subtype_counts={""B_constituent_missing"":1,""B_core_only"":200,""B_full_context_outside_tier_a_scope"":217,""B_macro_missing"":10740,""B_mixed_partial_context"":1240}",out_of_scope_by_claim,Tier B partial-context fallback-only view
run10F_qda_reg012_drop_mega10_decision_microprobe_v1__python_tier_ab_combined,16_model_family_challenge__qda_class_covariance_scout,run10F_qda_reg012_drop_mega10_decision_microprobe_v1,python_tier_ab_combined,run10F_qda_reg012_drop_mega10_decision_microprobe_v1,python_tier_ab_combined,Tier A+B,signal_probability_threshold,structural_scout,completed,inconclusive_single_split_scout_payload,stages/16_model_family_challenge__qda_class_covariance_scout/02_runs/run10F_qda_reg012_drop_mega10_decision_microprobe_v1/predictions/tier_ab_combined_predictions.parquet,rows=59048;signal_coverage=0.0634568;signal_count=3747;short=1862;long=1885,"prob_sum_err=3.33067e-16;selected_threshold=validation_nonflat_q0.90;threshold_ids=q0.90;subtype_counts={""B_constituent_missing"":1,""B_core_only"":200,""B_full_context_outside_tier_a_scope"":217,""B_macro_missing"":10740,""B_mixed_partial_context"":1240,""Tier_A_full_context"":46650}",out_of_scope_by_claim,Tier A primary plus Tier B fallback routed Python view
run10F_qda_reg012_drop_mega10_decision_microprobe_v1__mt5_tier_a_only_validation_is,16_model_family_challenge__qda_class_covariance_scout,run10F_qda_reg012_drop_mega10_decision_microprobe_v1,mt5_tier_a_only_validation_is,run10F_qda_reg012_drop_mega10_decision_microprobe_v1,mt5_tier_a_only_validation_is,Tier A,trading_risk_execution,runtime_probe,completed,inconclusive_tier_only_runtime_probe,C:/Users/awdse/AppData/Roaming/MetaQuotes/Terminal/D0E8209F77C8CF37AD8BF550E51FF075/MQL5/Experts/Project_Obsidian_Prime_v2/stages/16_model_family_challenge__qda_class_covariance_scout/02_runs/run10F_qda_reg012_drop_mega10_decision_microprobe_v1/mt5/reports/Project_Obsidian_Prime_v2_run10F_qda_reg012_drop_mega10_decision_microprobe_v1_tier_a_only_validation_is.htm,net_profit=-67.95;pf=0.96;expectancy=-0.2;trades=340;win_rate=43.82,labelable=9844;feature_ready=9844;model_ok=9844;no_tier_labelable=203;max_dd=326.06;recovery=-0.21;fill=499;reject=0;skip=42964;subtypes=NA,completed,Tier A only standalone MT5 tester run.
run10F_qda_reg012_drop_mega10_decision_microprobe_v1__mt5_tier_b_fallback_only_validation_is,16_model_family_challenge__qda_class_covariance_scout,run10F_qda_reg012_drop_mega10_decision_microprobe_v1,mt5_tier_b_fallback_only_validation_is,run10F_qda_reg012_drop_mega10_decision_microprobe_v1,mt5_tier_b_fallback_only_validation_is,Tier B,trading_risk_execution,runtime_probe,completed,inconclusive_tier_b_fallback_only_runtime_probe,C:/Users/awdse/AppData/Roaming/MetaQuotes/Terminal/D0E8209F77C8CF37AD8BF550E51FF075/MQL5/Experts/Project_Obsidian_Prime_v2/stages/16_model_family_challenge__qda_class_covariance_scout/02_runs/run10F_qda_reg012_drop_mega10_decision_microprobe_v1/mt5/reports/Project_Obsidian_Prime_v2_run10F_qda_reg012_drop_mega10_decision_microprobe_v1_tier_b_fallback_only_validation_is.htm,net_profit=168.19;pf=4.86;expectancy=12.94;trades=13;win_rate=53.85,"labelable=2366;feature_ready=2366;model_ok=2366;no_tier_labelable=203;max_dd=57.43;recovery=2.93;fill=26;reject=0;skip=50442;subtypes={""B_core_only"":25,""B_macro_missing"":2126,""B_mixed_partial_context"":215}",completed,Tier B fallback-only standalone MT5 tester run.
run10F_qda_reg012_drop_mega10_decision_microprobe_v1__mt5_routed_tier_a_used_validation_is,16_model_family_challenge__qda_class_covariance_scout,run10F_qda_reg012_drop_mega10_decision_microprobe_v1,mt5_routed_tier_a_used_validation_is,run10F_qda_reg012_drop_mega10_decision_microprobe_v1,mt5_routed_tier_a_used_validation_is,Tier A,routed_signal_execution_usage,runtime_probe,completed,inconclusive_routed_component_runtime_probe,C:/Users/awdse/AppData/Roaming/MetaQuotes/Terminal/D0E8209F77C8CF37AD8BF550E51FF075/MQL5/Experts/Project_Obsidian_Prime_v2/stages/16_model_family_challenge__qda_class_covariance_scout/02_runs/run10F_qda_reg012_drop_mega10_decision_microprobe_v1/kpi_record.json,route_bars=9844;route_share=0.806224;signals=985;long=512;short=473;fills=496,profit_attribution=not_separable_from_single_routed_account_path;reject=0;skip=0;subtypes=NA,completed,Tier A primary used component from one routed MT5 tester run.
run10F_qda_reg012_drop_mega10_decision_microprobe_v1__mt5_routed_tier_b_fallback_used_validation_is,16_model_family_challenge__qda_class_covariance_scout,run10F_qda_reg012_drop_mega10_decision_microprobe_v1,mt5_routed_tier_b_fallback_used_validation_is,run10F_qda_reg012_drop_mega10_decision_microprobe_v1,mt5_routed_tier_b_fallback_used_validation_is,Tier B,routed_signal_execution_usage,runtime_probe,completed,inconclusive_routed_component_runtime_probe,C:/Users/awdse/AppData/Roaming/MetaQuotes/Terminal/D0E8209F77C8CF37AD8BF550E51FF075/MQL5/Experts/Project_Obsidian_Prime_v2/stages/16_model_family_challenge__qda_class_covariance_scout/02_runs/run10F_qda_reg012_drop_mega10_decision_microprobe_v1/kpi_record.json,route_bars=2366;route_share=0.193776;signals=18;long=11;short=7;fills=24,"profit_attribution=not_separable_from_single_routed_account_path;reject=0;skip=0;subtypes={""B_core_only"":25,""B_macro_missing"":2126,""B_mixed_partial_context"":215}",completed,Tier B partial-context fallback used component from one routed MT5 tester run.
run10F_qda_reg012_drop_mega10_decision_microprobe_v1__mt5_routed_total_validation_is,16_model_family_challenge__qda_class_covariance_scout,run10F_qda_reg012_drop_mega10_decision_microprobe_v1,mt5_routed_total_validation_is,run10F_qda_reg012_drop_mega10_decision_microprobe_v1,mt5_routed_total_validation_is,Tier A+B,trading_risk_execution,runtime_probe,completed,inconclusive_routed_total_runtime_probe,C:/Users/awdse/AppData/Roaming/MetaQuotes/Terminal/D0E8209F77C8CF37AD8BF550E51FF075/MQL5/Experts/Project_Obsidian_Prime_v2/stages/16_model_family_challenge__qda_class_covariance_scout/02_runs/run10F_qda_reg012_drop_mega10_decision_microprobe_v1/mt5/reports/Project_Obsidian_Prime_v2_run10F_qda_reg012_drop_mega10_decision_microprobe_v1_routed_validation_is.htm,net_profit=-92.25;pf=0.94;expectancy=-0.26;trades=350;win_rate=43.43,a_used=9844;b_fallback=2366;no_tier_labelable=203;max_dd=337.06;recovery=-0.27;fill=520;reject=0;skip=40598,completed,Actual routed total from one MT5 tester account path; not a synthetic sum.
run10F_qda_reg012_drop_mega10_decision_microprobe_v1__mt5_tier_a_only_oos,16_model_family_challenge__qda_class_covariance_scout,run10F_qda_reg012_drop_mega10_decision_microprobe_v1,mt5_tier_a_only_oos,run10F_qda_reg012_drop_mega10_decision_microprobe_v1,mt5_tier_a_only_oos,Tier A,trading_risk_execution,runtime_probe,completed,inconclusive_tier_only_runtime_probe,C:/Users/awdse/AppData/Roaming/MetaQuotes/Terminal/D0E8209F77C8CF37AD8BF550E51FF075/MQL5/Experts/Project_Obsidian_Prime_v2/stages/16_model_family_challenge__qda_class_covariance_scout/02_runs/run10F_qda_reg012_drop_mega10_decision_microprobe_v1/mt5/reports/Project_Obsidian_Prime_v2_run10F_qda_reg012_drop_mega10_decision_microprobe_v1_tier_a_only_oos.htm,net_profit=184.46;pf=1.18;expectancy=0.72;trades=256;win_rate=48.05,labelable=7584;feature_ready=7584;model_ok=7584;no_tier_labelable=159;max_dd=220.91;recovery=0.84;fill=418;reject=0;skip=29753;subtypes=NA,completed,Tier A only standalone MT5 tester run.
run10F_qda_reg012_drop_mega10_decision_microprobe_v1__mt5_tier_b_fallback_only_oos,16_model_family_challenge__qda_class_covariance_scout,run10F_qda_reg012_drop_mega10_decision_microprobe_v1,mt5_tier_b_fallback_only_oos,run10F_qda_reg012_drop_mega10_decision_microprobe_v1,mt5_tier_b_fallback_only_oos,Tier B,trading_risk_execution,runtime_probe,completed,inconclusive_tier_b_fallback_only_runtime_probe,C:/Users/awdse/AppData/Roaming/MetaQuotes/Terminal/D0E8209F77C8CF37AD8BF550E51FF075/MQL5/Experts/Project_Obsidian_Prime_v2/stages/16_model_family_challenge__qda_class_covariance_scout/02_runs/run10F_qda_reg012_drop_mega10_decision_microprobe_v1/mt5/reports/Project_Obsidian_Prime_v2_run10F_qda_reg012_drop_mega10_decision_microprobe_v1_tier_b_fallback_only_oos.htm,net_profit=106.75;pf=1.45;expectancy=6.67;trades=16;win_rate=56.25,"labelable=1062;feature_ready=1062;model_ok=1062;no_tier_labelable=159;max_dd=206.27;recovery=0.52;fill=31;reject=0;skip=36275;subtypes={""B_core_only"":24,""B_full_context_outside_tier_a_scope"":1,""B_macro_missing"":809,""B_mixed_partial_context"":228}",completed,Tier B fallback-only standalone MT5 tester run.
run10F_qda_reg012_drop_mega10_decision_microprobe_v1__mt5_routed_tier_a_used_oos,16_model_family_challenge__qda_class_covariance_scout,run10F_qda_reg012_drop_mega10_decision_microprobe_v1,mt5_routed_tier_a_used_oos,run10F_qda_reg012_drop_mega10_decision_microprobe_v1,mt5_routed_tier_a_used_oos,Tier A,routed_signal_execution_usage,runtime_probe,completed,inconclusive_routed_component_runtime_probe,C:/Users/awdse/AppData/Roaming/MetaQuotes/Terminal/D0E8209F77C8CF37AD8BF550E51FF075/MQL5/Experts/Project_Obsidian_Prime_v2/stages/16_model_family_challenge__qda_class_covariance_scout/02_runs/run10F_qda_reg012_drop_mega10_decision_microprobe_v1/kpi_record.json,route_bars=7584;route_share=0.877169;signals=941;long=387;short=554;fills=415,profit_attribution=not_separable_from_single_routed_account_path;reject=0;skip=0;subtypes=NA,completed,Tier A primary used component from one routed MT5 tester run.
run10F_qda_reg012_drop_mega10_decision_microprobe_v1__mt5_routed_tier_b_fallback_used_oos,16_model_family_challenge__qda_class_covariance_scout,run10F_qda_reg012_drop_mega10_decision_microprobe_v1,mt5_routed_tier_b_fallback_used_oos,run10F_qda_reg012_drop_mega10_decision_microprobe_v1,mt5_routed_tier_b_fallback_used_oos,Tier B,routed_signal_execution_usage,runtime_probe,completed,inconclusive_routed_component_runtime_probe,C:/Users/awdse/AppData/Roaming/MetaQuotes/Terminal/D0E8209F77C8CF37AD8BF550E51FF075/MQL5/Experts/Project_Obsidian_Prime_v2/stages/16_model_family_challenge__qda_class_covariance_scout/02_runs/run10F_qda_reg012_drop_mega10_decision_microprobe_v1/kpi_record.json,route_bars=1062;route_share=0.122831;signals=58;long=55;short=3;fills=36,"profit_attribution=not_separable_from_single_routed_account_path;reject=0;skip=0;subtypes={""B_core_only"":24,""B_full_context_outside_tier_a_scope"":1,""B_macro_missing"":809,""B_mixed_partial_context"":228}",completed,Tier B partial-context fallback used component from one routed MT5 tester run.
run10F_qda_reg012_drop_mega10_decision_microprobe_v1__mt5_routed_total_oos,16_model_family_challenge__qda_class_covariance_scout,run10F_qda_reg012_drop_mega10_decision_microprobe_v1,mt5_routed_total_oos,run10F_qda_reg012_drop_mega10_decision_microprobe_v1,mt5_routed_total_oos,Tier A+B,trading_risk_execution,runtime_probe,completed,inconclusive_routed_total_runtime_probe,C:/Users/awdse/AppData/Roaming/MetaQuotes/Terminal/D0E8209F77C8CF37AD8BF550E51FF075/MQL5/Experts/Project_Obsidian_Prime_v2/stages/16_model_family_challenge__qda_class_covariance_scout/02_runs/run10F_qda_reg012_drop_mega10_decision_microprobe_v1/mt5/reports/Project_Obsidian_Prime_v2_run10F_qda_reg012_drop_mega10_decision_microprobe_v1_routed_oos.htm,net_profit=216.36;pf=1.2;expectancy=0.76;trades=285;win_rate=49.47,a_used=7584;b_fallback=1062;no_tier_labelable=159;max_dd=212.39;recovery=1.02;fill=451;reject=0;skip=28691,completed,Actual routed total from one MT5 tester account path; not a synthetic sum.
run10G_qda_reg015_drop_mega10_resample_decision_microprobe_v1__python_tier_a_separate,16_model_family_challenge__qda_class_covariance_scout,run10G_qda_reg015_drop_mega10_resample_decision_microprobe_v1,python_tier_a_separate,run10G_qda_reg015_drop_mega10_resample_decision_microprobe_v1,python_tier_a_separate,Tier A,signal_probability_threshold,structural_scout,completed,inconclusive_single_split_scout_payload,stages/16_model_family_challenge__qda_class_covariance_scout/02_runs/run10G_qda_reg015_drop_mega10_resample_decision_microprobe_v1/predictions/tier_a_separate_predictions.parquet,rows=46650;signal_coverage=0.0740193;signal_count=3453;short=2680;long=773,prob_sum_err=4.44089e-16;selected_threshold=validation_nonflat_q0.90;threshold_ids=q0.90;subtype_counts=NA,out_of_scope_by_claim,Tier A full-context primary view
run10G_qda_reg015_drop_mega10_resample_decision_microprobe_v1__python_tier_b_separate,16_model_family_challenge__qda_class_covariance_scout,run10G_qda_reg015_drop_mega10_resample_decision_microprobe_v1,python_tier_b_separate,run10G_qda_reg015_drop_mega10_resample_decision_microprobe_v1,python_tier_b_separate,Tier B,signal_probability_threshold,structural_scout,completed,inconclusive_single_split_scout_payload,stages/16_model_family_challenge__qda_class_covariance_scout/02_runs/run10G_qda_reg015_drop_mega10_resample_decision_microprobe_v1/predictions/tier_b_separate_predictions.parquet,rows=12398;signal_coverage=0.0463784;signal_count=575;short=439;long=136,"prob_sum_err=3.33067e-16;selected_threshold=validation_nonflat_q0.90;threshold_ids=q0.90;subtype_counts={""B_constituent_missing"":1,""B_core_only"":200,""B_full_context_outside_tier_a_scope"":217,""B_macro_missing"":10740,""B_mixed_partial_context"":1240}",out_of_scope_by_claim,Tier B partial-context fallback-only view
run10G_qda_reg015_drop_mega10_resample_decision_microprobe_v1__python_tier_ab_combined,16_model_family_challenge__qda_class_covariance_scout,run10G_qda_reg015_drop_mega10_resample_decision_microprobe_v1,python_tier_ab_combined,run10G_qda_reg015_drop_mega10_resample_decision_microprobe_v1,python_tier_ab_combined,Tier A+B,signal_probability_threshold,structural_scout,completed,inconclusive_single_split_scout_payload,stages/16_model_family_challenge__qda_class_covariance_scout/02_runs/run10G_qda_reg015_drop_mega10_resample_decision_microprobe_v1/predictions/tier_ab_combined_predictions.parquet,rows=59048;signal_coverage=0.0654044;signal_count=3862;short=2978;long=884,"prob_sum_err=4.44089e-16;selected_threshold=validation_nonflat_q0.90;threshold_ids=q0.90;subtype_counts={""B_constituent_missing"":1,""B_core_only"":200,""B_full_context_outside_tier_a_scope"":217,""B_macro_missing"":10740,""B_mixed_partial_context"":1240,""Tier_A_full_context"":46650}",out_of_scope_by_claim,Tier A primary plus Tier B fallback routed Python view
run10G_qda_reg015_drop_mega10_resample_decision_microprobe_v1__mt5_tier_a_only_validation_is,16_model_family_challenge__qda_class_covariance_scout,run10G_qda_reg015_drop_mega10_resample_decision_microprobe_v1,mt5_tier_a_only_validation_is,run10G_qda_reg015_drop_mega10_resample_decision_microprobe_v1,mt5_tier_a_only_validation_is,Tier A,trading_risk_execution,runtime_probe,completed,inconclusive_tier_only_runtime_probe,C:/Users/awdse/AppData/Roaming/MetaQuotes/Terminal/D0E8209F77C8CF37AD8BF550E51FF075/MQL5/Experts/Project_Obsidian_Prime_v2/stages/16_model_family_challenge__qda_class_covariance_scout/02_runs/run10G_qda_reg015_drop_mega10_resample_decision_microprobe_v1/mt5/reports/Project_Obsidian_Prime_v2_run10G_qda_reg015_drop_mega10_resample_decision_microprobe_v1_tier_a_only_validation_is.htm,net_profit=-78.86;pf=0.95;expectancy=-0.29;trades=276;win_rate=52.17,labelable=9844;feature_ready=9844;model_ok=9844;no_tier_labelable=203;max_dd=351.24;recovery=-0.22;fill=436;reject=0;skip=42964;subtypes=NA,completed,Tier A only standalone MT5 tester run.
run10G_qda_reg015_drop_mega10_resample_decision_microprobe_v1__mt5_tier_b_fallback_only_validation_is,16_model_family_challenge__qda_class_covariance_scout,run10G_qda_reg015_drop_mega10_resample_decision_microprobe_v1,mt5_tier_b_fallback_only_validation_is,run10G_qda_reg015_drop_mega10_resample_decision_microprobe_v1,mt5_tier_b_fallback_only_validation_is,Tier B,trading_risk_execution,runtime_probe,completed,inconclusive_tier_b_fallback_only_runtime_probe,C:/Users/awdse/AppData/Roaming/MetaQuotes/Terminal/D0E8209F77C8CF37AD8BF550E51FF075/MQL5/Experts/Project_Obsidian_Prime_v2/stages/16_model_family_challenge__qda_class_covariance_scout/02_runs/run10G_qda_reg015_drop_mega10_resample_decision_microprobe_v1/mt5/reports/Project_Obsidian_Prime_v2_run10G_qda_reg015_drop_mega10_resample_decision_microprobe_v1_tier_b_fallback_only_validation_is.htm,net_profit=-39.94;pf=0.71;expectancy=-1.9;trades=21;win_rate=47.62,"labelable=2366;feature_ready=2366;model_ok=2366;no_tier_labelable=203;max_dd=87.4;recovery=-0.46;fill=41;reject=0;skip=50442;subtypes={""B_core_only"":25,""B_macro_missing"":2126,""B_mixed_partial_context"":215}",completed,Tier B fallback-only standalone MT5 tester run.
run10G_qda_reg015_drop_mega10_resample_decision_microprobe_v1__mt5_routed_tier_a_used_validation_is,16_model_family_challenge__qda_class_covariance_scout,run10G_qda_reg015_drop_mega10_resample_decision_microprobe_v1,mt5_routed_tier_a_used_validation_is,run10G_qda_reg015_drop_mega10_resample_decision_microprobe_v1,mt5_routed_tier_a_used_validation_is,Tier A,routed_signal_execution_usage,runtime_probe,completed,inconclusive_routed_component_runtime_probe,C:/Users/awdse/AppData/Roaming/MetaQuotes/Terminal/D0E8209F77C8CF37AD8BF550E51FF075/MQL5/Experts/Project_Obsidian_Prime_v2/stages/16_model_family_challenge__qda_class_covariance_scout/02_runs/run10G_qda_reg015_drop_mega10_resample_decision_microprobe_v1/kpi_record.json,route_bars=9844;route_share=0.806224;signals=985;long=186;short=799;fills=437,profit_attribution=not_separable_from_single_routed_account_path;reject=0;skip=0;subtypes=NA,completed,Tier A primary used component from one routed MT5 tester run.
run10G_qda_reg015_drop_mega10_resample_decision_microprobe_v1__mt5_routed_tier_b_fallback_used_validation_is,16_model_family_challenge__qda_class_covariance_scout,run10G_qda_reg015_drop_mega10_resample_decision_microprobe_v1,mt5_routed_tier_b_fallback_used_validation_is,run10G_qda_reg015_drop_mega10_resample_decision_microprobe_v1,mt5_routed_tier_b_fallback_used_validation_is,Tier B,routed_signal_execution_usage,runtime_probe,completed,inconclusive_routed_component_runtime_probe,C:/Users/awdse/AppData/Roaming/MetaQuotes/Terminal/D0E8209F77C8CF37AD8BF550E51FF075/MQL5/Experts/Project_Obsidian_Prime_v2/stages/16_model_family_challenge__qda_class_covariance_scout/02_runs/run10G_qda_reg015_drop_mega10_resample_decision_microprobe_v1/kpi_record.json,route_bars=2366;route_share=0.193776;signals=34;long=4;short=30;fills=35,"profit_attribution=not_separable_from_single_routed_account_path;reject=0;skip=0;subtypes={""B_core_only"":25,""B_macro_missing"":2126,""B_mixed_partial_context"":215}",completed,Tier B partial-context fallback used component from one routed MT5 tester run.
run10G_qda_reg015_drop_mega10_resample_decision_microprobe_v1__mt5_routed_total_validation_is,16_model_family_challenge__qda_class_covariance_scout,run10G_qda_reg015_drop_mega10_resample_decision_microprobe_v1,mt5_routed_total_validation_is,run10G_qda_reg015_drop_mega10_resample_decision_microprobe_v1,mt5_routed_total_validation_is,Tier A+B,trading_risk_execution,runtime_probe,completed,inconclusive_routed_total_runtime_probe,C:/Users/awdse/AppData/Roaming/MetaQuotes/Terminal/D0E8209F77C8CF37AD8BF550E51FF075/MQL5/Experts/Project_Obsidian_Prime_v2/stages/16_model_family_challenge__qda_class_covariance_scout/02_runs/run10G_qda_reg015_drop_mega10_resample_decision_microprobe_v1/mt5/reports/Project_Obsidian_Prime_v2_run10G_qda_reg015_drop_mega10_resample_decision_microprobe_v1_routed_validation_is.htm,net_profit=-95.49;pf=0.94;expectancy=-0.32;trades=294;win_rate=50.68,a_used=9844;b_fallback=2366;no_tier_labelable=203;max_dd=362.42;recovery=-0.26;fill=472;reject=0;skip=40598,completed,Actual routed total from one MT5 tester account path; not a synthetic sum.
run10G_qda_reg015_drop_mega10_resample_decision_microprobe_v1__mt5_tier_a_only_oos,16_model_family_challenge__qda_class_covariance_scout,run10G_qda_reg015_drop_mega10_resample_decision_microprobe_v1,mt5_tier_a_only_oos,run10G_qda_reg015_drop_mega10_resample_decision_microprobe_v1,mt5_tier_a_only_oos,Tier A,trading_risk_execution,runtime_probe,completed,inconclusive_tier_only_runtime_probe,C:/Users/awdse/AppData/Roaming/MetaQuotes/Terminal/D0E8209F77C8CF37AD8BF550E51FF075/MQL5/Experts/Project_Obsidian_Prime_v2/stages/16_model_family_challenge__qda_class_covariance_scout/02_runs/run10G_qda_reg015_drop_mega10_resample_decision_microprobe_v1/mt5/reports/Project_Obsidian_Prime_v2_run10G_qda_reg015_drop_mega10_resample_decision_microprobe_v1_tier_a_only_oos.htm,net_profit=-82.63;pf=0.92;expectancy=-0.4;trades=209;win_rate=49.76,labelable=7584;feature_ready=7584;model_ok=7584;no_tier_labelable=159;max_dd=400.22;recovery=-0.21;fill=374;reject=0;skip=29753;subtypes=NA,completed,Tier A only standalone MT5 tester run.
run10G_qda_reg015_drop_mega10_resample_decision_microprobe_v1__mt5_tier_b_fallback_only_oos,16_model_family_challenge__qda_class_covariance_scout,run10G_qda_reg015_drop_mega10_resample_decision_microprobe_v1,mt5_tier_b_fallback_only_oos,run10G_qda_reg015_drop_mega10_resample_decision_microprobe_v1,mt5_tier_b_fallback_only_oos,Tier B,trading_risk_execution,runtime_probe,completed,inconclusive_tier_b_fallback_only_runtime_probe,C:/Users/awdse/AppData/Roaming/MetaQuotes/Terminal/D0E8209F77C8CF37AD8BF550E51FF075/MQL5/Experts/Project_Obsidian_Prime_v2/stages/16_model_family_challenge__qda_class_covariance_scout/02_runs/run10G_qda_reg015_drop_mega10_resample_decision_microprobe_v1/mt5/reports/Project_Obsidian_Prime_v2_run10G_qda_reg015_drop_mega10_resample_decision_microprobe_v1_tier_b_fallback_only_oos.htm,net_profit=-370.44;pf=0.4;expectancy=-15.44;trades=24;win_rate=50,"labelable=1062;feature_ready=1062;model_ok=1062;no_tier_labelable=159;max_dd=396.84;recovery=-0.93;fill=46;reject=0;skip=36275;subtypes={""B_core_only"":24,""B_full_context_outside_tier_a_scope"":1,""B_macro_missing"":809,""B_mixed_partial_context"":228}",completed,Tier B fallback-only standalone MT5 tester run.
run10G_qda_reg015_drop_mega10_resample_decision_microprobe_v1__mt5_routed_tier_a_used_oos,16_model_family_challenge__qda_class_covariance_scout,run10G_qda_reg015_drop_mega10_resample_decision_microprobe_v1,mt5_routed_tier_a_used_oos,run10G_qda_reg015_drop_mega10_resample_decision_microprobe_v1,mt5_routed_tier_a_used_oos,Tier A,routed_signal_execution_usage,runtime_probe,completed,inconclusive_routed_component_runtime_probe,C:/Users/awdse/AppData/Roaming/MetaQuotes/Terminal/D0E8209F77C8CF37AD8BF550E51FF075/MQL5/Experts/Project_Obsidian_Prime_v2/stages/16_model_family_challenge__qda_class_covariance_scout/02_runs/run10G_qda_reg015_drop_mega10_resample_decision_microprobe_v1/kpi_record.json,route_bars=7584;route_share=0.877169;signals=1097;long=48;short=1049;fills=370,profit_attribution=not_separable_from_single_routed_account_path;reject=0;skip=0;subtypes=NA,completed,Tier A primary used component from one routed MT5 tester run.
run10G_qda_reg015_drop_mega10_resample_decision_microprobe_v1__mt5_routed_tier_b_fallback_used_oos,16_model_family_challenge__qda_class_covariance_scout,run10G_qda_reg015_drop_mega10_resample_decision_microprobe_v1,mt5_routed_tier_b_fallback_used_oos,run10G_qda_reg015_drop_mega10_resample_decision_microprobe_v1,mt5_routed_tier_b_fallback_used_oos,Tier B,routed_signal_execution_usage,runtime_probe,completed,inconclusive_routed_component_runtime_probe,C:/Users/awdse/AppData/Roaming/MetaQuotes/Terminal/D0E8209F77C8CF37AD8BF550E51FF075/MQL5/Experts/Project_Obsidian_Prime_v2/stages/16_model_family_challenge__qda_class_covariance_scout/02_runs/run10G_qda_reg015_drop_mega10_resample_decision_microprobe_v1/kpi_record.json,route_bars=1062;route_share=0.122831;signals=86;long=3;short=83;fills=35,"profit_attribution=not_separable_from_single_routed_account_path;reject=0;skip=0;subtypes={""B_core_only"":24,""B_full_context_outside_tier_a_scope"":1,""B_macro_missing"":809,""B_mixed_partial_context"":228}",completed,Tier B partial-context fallback used component from one routed MT5 tester run.
run10G_qda_reg015_drop_mega10_resample_decision_microprobe_v1__mt5_routed_total_oos,16_model_family_challenge__qda_class_covariance_scout,run10G_qda_reg015_drop_mega10_resample_decision_microprobe_v1,mt5_routed_total_oos,run10G_qda_reg015_drop_mega10_resample_decision_microprobe_v1,mt5_routed_total_oos,Tier A+B,trading_risk_execution,runtime_probe,completed,inconclusive_routed_total_runtime_probe,C:/Users/awdse/AppData/Roaming/MetaQuotes/Terminal/D0E8209F77C8CF37AD8BF550E51FF075/MQL5/Experts/Project_Obsidian_Prime_v2/stages/16_model_family_challenge__qda_class_covariance_scout/02_runs/run10G_qda_reg015_drop_mega10_resample_decision_microprobe_v1/mt5/reports/Project_Obsidian_Prime_v2_run10G_qda_reg015_drop_mega10_resample_decision_microprobe_v1_routed_oos.htm,net_profit=-39.13;pf=0.96;expectancy=-0.17;trades=225;win_rate=50.22,a_used=7584;b_fallback=1062;no_tier_labelable=159;max_dd=290.47;recovery=-0.13;fill=405;reject=0;skip=28691,completed,Actual routed total from one MT5 tester account path; not a synthetic sum.
run10H_qda_reg018_drop_mega10_decision_microprobe_v1__python_tier_a_separate,16_model_family_challenge__qda_class_covariance_scout,run10H_qda_reg018_drop_mega10_decision_microprobe_v1,python_tier_a_separate,run10H_qda_reg018_drop_mega10_decision_microprobe_v1,python_tier_a_separate,Tier A,signal_probability_threshold,structural_scout,completed,inconclusive_single_split_scout_payload,stages/16_model_family_challenge__qda_class_covariance_scout/02_runs/run10H_qda_reg018_drop_mega10_decision_microprobe_v1/predictions/tier_a_separate_predictions.parquet,rows=46650;signal_coverage=0.0728403;signal_count=3398;short=2218;long=1180,prob_sum_err=4.44089e-16;selected_threshold=validation_nonflat_q0.90;threshold_ids=q0.90;subtype_counts=NA,out_of_scope_by_claim,Tier A full-context primary view
run10H_qda_reg018_drop_mega10_decision_microprobe_v1__python_tier_b_separate,16_model_family_challenge__qda_class_covariance_scout,run10H_qda_reg018_drop_mega10_decision_microprobe_v1,python_tier_b_separate,run10H_qda_reg018_drop_mega10_decision_microprobe_v1,python_tier_b_separate,Tier B,signal_probability_threshold,structural_scout,completed,inconclusive_single_split_scout_payload,stages/16_model_family_challenge__qda_class_covariance_scout/02_runs/run10H_qda_reg018_drop_mega10_decision_microprobe_v1/predictions/tier_b_separate_predictions.parquet,rows=12398;signal_coverage=0.0508146;signal_count=630;short=534;long=96,"prob_sum_err=3.33067e-16;selected_threshold=validation_nonflat_q0.90;threshold_ids=q0.90;subtype_counts={""B_constituent_missing"":1,""B_core_only"":200,""B_full_context_outside_tier_a_scope"":217,""B_macro_missing"":10740,""B_mixed_partial_context"":1240}",out_of_scope_by_claim,Tier B partial-context fallback-only view
run10H_qda_reg018_drop_mega10_decision_microprobe_v1__python_tier_ab_combined,16_model_family_challenge__qda_class_covariance_scout,run10H_qda_reg018_drop_mega10_decision_microprobe_v1,python_tier_ab_combined,run10H_qda_reg018_drop_mega10_decision_microprobe_v1,python_tier_ab_combined,Tier A+B,signal_probability_threshold,structural_scout,completed,inconclusive_single_split_scout_payload,stages/16_model_family_challenge__qda_class_covariance_scout/02_runs/run10H_qda_reg018_drop_mega10_decision_microprobe_v1/predictions/tier_ab_combined_predictions.parquet,rows=59048;signal_coverage=0.0632536;signal_count=3735;short=2492;long=1243,"prob_sum_err=4.44089e-16;selected_threshold=validation_nonflat_q0.90;threshold_ids=q0.90;subtype_counts={""B_constituent_missing"":1,""B_core_only"":200,""B_full_context_outside_tier_a_scope"":217,""B_macro_missing"":10740,""B_mixed_partial_context"":1240,""Tier_A_full_context"":46650}",out_of_scope_by_claim,Tier A primary plus Tier B fallback routed Python view
run10H_qda_reg018_drop_mega10_decision_microprobe_v1__mt5_tier_a_only_validation_is,16_model_family_challenge__qda_class_covariance_scout,run10H_qda_reg018_drop_mega10_decision_microprobe_v1,mt5_tier_a_only_validation_is,run10H_qda_reg018_drop_mega10_decision_microprobe_v1,mt5_tier_a_only_validation_is,Tier A,trading_risk_execution,runtime_probe,completed,inconclusive_tier_only_runtime_probe,C:/Users/awdse/AppData/Roaming/MetaQuotes/Terminal/D0E8209F77C8CF37AD8BF550E51FF075/MQL5/Experts/Project_Obsidian_Prime_v2/stages/16_model_family_challenge__qda_class_covariance_scout/02_runs/run10H_qda_reg018_drop_mega10_decision_microprobe_v1/mt5/reports/Project_Obsidian_Prime_v2_run10H_qda_reg018_drop_mega10_decision_microprobe_v1_tier_a_only_validation_is.htm,net_profit=-123.57;pf=0.92;expectancy=-0.42;trades=294;win_rate=51.7,labelable=9844;feature_ready=9844;model_ok=9844;no_tier_labelable=203;max_dd=533.53;recovery=-0.23;fill=515;reject=0;skip=42964;subtypes=NA,completed,Tier A only standalone MT5 tester run.
run10H_qda_reg018_drop_mega10_decision_microprobe_v1__mt5_tier_b_fallback_only_validation_is,16_model_family_challenge__qda_class_covariance_scout,run10H_qda_reg018_drop_mega10_decision_microprobe_v1,mt5_tier_b_fallback_only_validation_is,run10H_qda_reg018_drop_mega10_decision_microprobe_v1,mt5_tier_b_fallback_only_validation_is,Tier B,trading_risk_execution,runtime_probe,completed,inconclusive_tier_b_fallback_only_runtime_probe,C:/Users/awdse/AppData/Roaming/MetaQuotes/Terminal/D0E8209F77C8CF37AD8BF550E51FF075/MQL5/Experts/Project_Obsidian_Prime_v2/stages/16_model_family_challenge__qda_class_covariance_scout/02_runs/run10H_qda_reg018_drop_mega10_decision_microprobe_v1/mt5/reports/Project_Obsidian_Prime_v2_run10H_qda_reg018_drop_mega10_decision_microprobe_v1_tier_b_fallback_only_validation_is.htm,net_profit=122.46;pf=1.72;expectancy=4.9;trades=25;win_rate=56,"labelable=2366;feature_ready=2366;model_ok=2366;no_tier_labelable=203;max_dd=111.41;recovery=1.1;fill=49;reject=0;skip=50442;subtypes={""B_core_only"":25,""B_macro_missing"":2126,""B_mixed_partial_context"":215}",completed,Tier B fallback-only standalone MT5 tester run.
run10H_qda_reg018_drop_mega10_decision_microprobe_v1__mt5_routed_tier_a_used_validation_is,16_model_family_challenge__qda_class_covariance_scout,run10H_qda_reg018_drop_mega10_decision_microprobe_v1,mt5_routed_tier_a_used_validation_is,run10H_qda_reg018_drop_mega10_decision_microprobe_v1,mt5_routed_tier_a_used_validation_is,Tier A,routed_signal_execution_usage,runtime_probe,completed,inconclusive_routed_component_runtime_probe,C:/Users/awdse/AppData/Roaming/MetaQuotes/Terminal/D0E8209F77C8CF37AD8BF550E51FF075/MQL5/Experts/Project_Obsidian_Prime_v2/stages/16_model_family_challenge__qda_class_covariance_scout/02_runs/run10H_qda_reg018_drop_mega10_decision_microprobe_v1/kpi_record.json,route_bars=9844;route_share=0.806224;signals=985;long=288;short=697;fills=506,profit_attribution=not_separable_from_single_routed_account_path;reject=0;skip=0;subtypes=NA,completed,Tier A primary used component from one routed MT5 tester run.
run10H_qda_reg018_drop_mega10_decision_microprobe_v1__mt5_routed_tier_b_fallback_used_validation_is,16_model_family_challenge__qda_class_covariance_scout,run10H_qda_reg018_drop_mega10_decision_microprobe_v1,mt5_routed_tier_b_fallback_used_validation_is,run10H_qda_reg018_drop_mega10_decision_microprobe_v1,mt5_routed_tier_b_fallback_used_validation_is,Tier B,routed_signal_execution_usage,runtime_probe,completed,inconclusive_routed_component_runtime_probe,C:/Users/awdse/AppData/Roaming/MetaQuotes/Terminal/D0E8209F77C8CF37AD8BF550E51FF075/MQL5/Experts/Project_Obsidian_Prime_v2/stages/16_model_family_challenge__qda_class_covariance_scout/02_runs/run10H_qda_reg018_drop_mega10_decision_microprobe_v1/kpi_record.json,route_bars=2366;route_share=0.193776;signals=56;long=5;short=51;fills=43,"profit_attribution=not_separable_from_single_routed_account_path;reject=0;skip=0;subtypes={""B_core_only"":25,""B_macro_missing"":2126,""B_mixed_partial_context"":215}",completed,Tier B partial-context fallback used component from one routed MT5 tester run.
run10H_qda_reg018_drop_mega10_decision_microprobe_v1__mt5_routed_total_validation_is,16_model_family_challenge__qda_class_covariance_scout,run10H_qda_reg018_drop_mega10_decision_microprobe_v1,mt5_routed_total_validation_is,run10H_qda_reg018_drop_mega10_decision_microprobe_v1,mt5_routed_total_validation_is,Tier A+B,trading_risk_execution,runtime_probe,completed,inconclusive_routed_total_runtime_probe,C:/Users/awdse/AppData/Roaming/MetaQuotes/Terminal/D0E8209F77C8CF37AD8BF550E51FF075/MQL5/Experts/Project_Obsidian_Prime_v2/stages/16_model_family_challenge__qda_class_covariance_scout/02_runs/run10H_qda_reg018_drop_mega10_decision_microprobe_v1/mt5/reports/Project_Obsidian_Prime_v2_run10H_qda_reg018_drop_mega10_decision_microprobe_v1_routed_validation_is.htm,net_profit=-160.69;pf=0.9;expectancy=-0.52;trades=312;win_rate=50.64,a_used=9844;b_fallback=2366;no_tier_labelable=203;max_dd=545.7;recovery=-0.29;fill=549;reject=0;skip=40598,completed,Actual routed total from one MT5 tester account path; not a synthetic sum.
run10H_qda_reg018_drop_mega10_decision_microprobe_v1__mt5_tier_a_only_oos,16_model_family_challenge__qda_class_covariance_scout,run10H_qda_reg018_drop_mega10_decision_microprobe_v1,mt5_tier_a_only_oos,run10H_qda_reg018_drop_mega10_decision_microprobe_v1,mt5_tier_a_only_oos,Tier A,trading_risk_execution,runtime_probe,completed,inconclusive_tier_only_runtime_probe,C:/Users/awdse/AppData/Roaming/MetaQuotes/Terminal/D0E8209F77C8CF37AD8BF550E51FF075/MQL5/Experts/Project_Obsidian_Prime_v2/stages/16_model_family_challenge__qda_class_covariance_scout/02_runs/run10H_qda_reg018_drop_mega10_decision_microprobe_v1/mt5/reports/Project_Obsidian_Prime_v2_run10H_qda_reg018_drop_mega10_decision_microprobe_v1_tier_a_only_oos.htm,net_profit=-132.2;pf=0.88;expectancy=-0.63;trades=210;win_rate=48.57,labelable=7584;feature_ready=7584;model_ok=7584;no_tier_labelable=159;max_dd=216.04;recovery=-0.61;fill=373;reject=0;skip=29753;subtypes=NA,completed,Tier A only standalone MT5 tester run.
run10H_qda_reg018_drop_mega10_decision_microprobe_v1__mt5_tier_b_fallback_only_oos,16_model_family_challenge__qda_class_covariance_scout,run10H_qda_reg018_drop_mega10_decision_microprobe_v1,mt5_tier_b_fallback_only_oos,run10H_qda_reg018_drop_mega10_decision_microprobe_v1,mt5_tier_b_fallback_only_oos,Tier B,trading_risk_execution,runtime_probe,completed,inconclusive_tier_b_fallback_only_runtime_probe,C:/Users/awdse/AppData/Roaming/MetaQuotes/Terminal/D0E8209F77C8CF37AD8BF550E51FF075/MQL5/Experts/Project_Obsidian_Prime_v2/stages/16_model_family_challenge__qda_class_covariance_scout/02_runs/run10H_qda_reg018_drop_mega10_decision_microprobe_v1/mt5/reports/Project_Obsidian_Prime_v2_run10H_qda_reg018_drop_mega10_decision_microprobe_v1_tier_b_fallback_only_oos.htm,net_profit=-310.91;pf=0.4;expectancy=-11.1;trades=28;win_rate=46.43,"labelable=1062;feature_ready=1062;model_ok=1062;no_tier_labelable=159;max_dd=373.84;recovery=-0.83;fill=52;reject=0;skip=36275;subtypes={""B_core_only"":24,""B_full_context_outside_tier_a_scope"":1,""B_macro_missing"":809,""B_mixed_partial_context"":228}",completed,Tier B fallback-only standalone MT5 tester run.
run10H_qda_reg018_drop_mega10_decision_microprobe_v1__mt5_routed_tier_a_used_oos,16_model_family_challenge__qda_class_covariance_scout,run10H_qda_reg018_drop_mega10_decision_microprobe_v1,mt5_routed_tier_a_used_oos,run10H_qda_reg018_drop_mega10_decision_microprobe_v1,mt5_routed_tier_a_used_oos,Tier A,routed_signal_execution_usage,runtime_probe,completed,inconclusive_routed_component_runtime_probe,C:/Users/awdse/AppData/Roaming/MetaQuotes/Terminal/D0E8209F77C8CF37AD8BF550E51FF075/MQL5/Experts/Project_Obsidian_Prime_v2/stages/16_model_family_challenge__qda_class_covariance_scout/02_runs/run10H_qda_reg018_drop_mega10_decision_microprobe_v1/kpi_record.json,route_bars=7584;route_share=0.877169;signals=588;long=161;short=427;fills=377,profit_attribution=not_separable_from_single_routed_account_path;reject=0;skip=0;subtypes=NA,completed,Tier A primary used component from one routed MT5 tester run.
run10H_qda_reg018_drop_mega10_decision_microprobe_v1__mt5_routed_tier_b_fallback_used_oos,16_model_family_challenge__qda_class_covariance_scout,run10H_qda_reg018_drop_mega10_decision_microprobe_v1,mt5_routed_tier_b_fallback_used_oos,run10H_qda_reg018_drop_mega10_decision_microprobe_v1,mt5_routed_tier_b_fallback_used_oos,Tier B,routed_signal_execution_usage,runtime_probe,completed,inconclusive_routed_component_runtime_probe,C:/Users/awdse/AppData/Roaming/MetaQuotes/Terminal/D0E8209F77C8CF37AD8BF550E51FF075/MQL5/Experts/Project_Obsidian_Prime_v2/stages/16_model_family_challenge__qda_class_covariance_scout/02_runs/run10H_qda_reg018_drop_mega10_decision_microprobe_v1/kpi_record.json,route_bars=1062;route_share=0.122831;signals=86;long=10;short=76;fills=38,"profit_attribution=not_separable_from_single_routed_account_path;reject=0;skip=0;subtypes={""B_core_only"":24,""B_full_context_outside_tier_a_scope"":1,""B_macro_missing"":809,""B_mixed_partial_context"":228}",completed,Tier B partial-context fallback used component from one routed MT5 tester run.
run10H_qda_reg018_drop_mega10_decision_microprobe_v1__mt5_routed_total_oos,16_model_family_challenge__qda_class_covariance_scout,run10H_qda_reg018_drop_mega10_decision_microprobe_v1,mt5_routed_total_oos,run10H_qda_reg018_drop_mega10_decision_microprobe_v1,mt5_routed_total_oos,Tier A+B,trading_risk_execution,runtime_probe,completed,inconclusive_routed_total_runtime_probe,C:/Users/awdse/AppData/Roaming/MetaQuotes/Terminal/D0E8209F77C8CF37AD8BF550E51FF075/MQL5/Experts/Project_Obsidian_Prime_v2/stages/16_model_family_challenge__qda_class_covariance_scout/02_runs/run10H_qda_reg018_drop_mega10_decision_microprobe_v1/mt5/reports/Project_Obsidian_Prime_v2_run10H_qda_reg018_drop_mega10_decision_microprobe_v1_routed_oos.htm,net_profit=-117.51;pf=0.9;expectancy=-0.5;trades=236;win_rate=49.15,a_used=7584;b_fallback=1062;no_tier_labelable=159;max_dd=187.88;recovery=-0.63;fill=415;reject=0;skip=28691,completed,Actual routed total from one MT5 tester account path; not a synthetic sum.
run10I_qda_reg020_drop_mega10_decision_microprobe_v1__python_tier_a_separate,16_model_family_challenge__qda_class_covariance_scout,run10I_qda_reg020_drop_mega10_decision_microprobe_v1,python_tier_a_separate,run10I_qda_reg020_drop_mega10_decision_microprobe_v1,python_tier_a_separate,Tier A,signal_probability_threshold,structural_scout,completed,inconclusive_single_split_scout_payload,stages/16_model_family_challenge__qda_class_covariance_scout/02_runs/run10I_qda_reg020_drop_mega10_decision_microprobe_v1/predictions/tier_a_separate_predictions.parquet,rows=46650;signal_coverage=0.0677814;signal_count=3162;short=210;long=2952,prob_sum_err=4.44089e-16;selected_threshold=validation_nonflat_q0.90;threshold_ids=q0.90;subtype_counts=NA,out_of_scope_by_claim,Tier A full-context primary view
run10I_qda_reg020_drop_mega10_decision_microprobe_v1__python_tier_b_separate,16_model_family_challenge__qda_class_covariance_scout,run10I_qda_reg020_drop_mega10_decision_microprobe_v1,python_tier_b_separate,run10I_qda_reg020_drop_mega10_decision_microprobe_v1,python_tier_b_separate,Tier B,signal_probability_threshold,structural_scout,completed,inconclusive_single_split_scout_payload,stages/16_model_family_challenge__qda_class_covariance_scout/02_runs/run10I_qda_reg020_drop_mega10_decision_microprobe_v1/predictions/tier_b_separate_predictions.parquet,rows=12398;signal_coverage=0.0204065;signal_count=253;short=148;long=105,"prob_sum_err=3.33067e-16;selected_threshold=validation_nonflat_q0.90;threshold_ids=q0.90;subtype_counts={""B_constituent_missing"":1,""B_core_only"":200,""B_full_context_outside_tier_a_scope"":217,""B_macro_missing"":10740,""B_mixed_partial_context"":1240}",out_of_scope_by_claim,Tier B partial-context fallback-only view
run10I_qda_reg020_drop_mega10_decision_microprobe_v1__python_tier_ab_combined,16_model_family_challenge__qda_class_covariance_scout,run10I_qda_reg020_drop_mega10_decision_microprobe_v1,python_tier_ab_combined,run10I_qda_reg020_drop_mega10_decision_microprobe_v1,python_tier_ab_combined,Tier A+B,signal_probability_threshold,structural_scout,completed,inconclusive_single_split_scout_payload,stages/16_model_family_challenge__qda_class_covariance_scout/02_runs/run10I_qda_reg020_drop_mega10_decision_microprobe_v1/predictions/tier_ab_combined_predictions.parquet,rows=59048;signal_coverage=0.0571908;signal_count=3377;short=333;long=3044,"prob_sum_err=4.44089e-16;selected_threshold=validation_nonflat_q0.90;threshold_ids=q0.90;subtype_counts={""B_constituent_missing"":1,""B_core_only"":200,""B_full_context_outside_tier_a_scope"":217,""B_macro_missing"":10740,""B_mixed_partial_context"":1240,""Tier_A_full_context"":46650}",out_of_scope_by_claim,Tier A primary plus Tier B fallback routed Python view
run10I_qda_reg020_drop_mega10_decision_microprobe_v1__mt5_tier_a_only_validation_is,16_model_family_challenge__qda_class_covariance_scout,run10I_qda_reg020_drop_mega10_decision_microprobe_v1,mt5_tier_a_only_validation_is,run10I_qda_reg020_drop_mega10_decision_microprobe_v1,mt5_tier_a_only_validation_is,Tier A,trading_risk_execution,runtime_probe,completed,inconclusive_tier_only_runtime_probe,C:/Users/awdse/AppData/Roaming/MetaQuotes/Terminal/D0E8209F77C8CF37AD8BF550E51FF075/MQL5/Experts/Project_Obsidian_Prime_v2/stages/16_model_family_challenge__qda_class_covariance_scout/02_runs/run10I_qda_reg020_drop_mega10_decision_microprobe_v1/mt5/reports/Project_Obsidian_Prime_v2_run10I_qda_reg020_drop_mega10_decision_microprobe_v1_tier_a_only_validation_is.htm,net_profit=100.31;pf=1.1;expectancy=0.63;trades=159;win_rate=48.43,labelable=9844;feature_ready=9844;model_ok=9844;no_tier_labelable=203;max_dd=291.61;recovery=0.34;fill=306;reject=0;skip=42964;subtypes=NA,completed,Tier A only standalone MT5 tester run.
run10I_qda_reg020_drop_mega10_decision_microprobe_v1__mt5_tier_b_fallback_only_validation_is,16_model_family_challenge__qda_class_covariance_scout,run10I_qda_reg020_drop_mega10_decision_microprobe_v1,mt5_tier_b_fallback_only_validation_is,run10I_qda_reg020_drop_mega10_decision_microprobe_v1,mt5_tier_b_fallback_only_validation_is,Tier B,trading_risk_execution,runtime_probe,completed,inconclusive_tier_b_fallback_only_runtime_probe,C:/Users/awdse/AppData/Roaming/MetaQuotes/Terminal/D0E8209F77C8CF37AD8BF550E51FF075/MQL5/Experts/Project_Obsidian_Prime_v2/stages/16_model_family_challenge__qda_class_covariance_scout/02_runs/run10I_qda_reg020_drop_mega10_decision_microprobe_v1/mt5/reports/Project_Obsidian_Prime_v2_run10I_qda_reg020_drop_mega10_decision_microprobe_v1_tier_b_fallback_only_validation_is.htm,net_profit=-57.79;pf=0.28;expectancy=-6.42;trades=9;win_rate=66.67,"labelable=2366;feature_ready=2366;model_ok=2366;no_tier_labelable=203;max_dd=84.78;recovery=-0.68;fill=17;reject=0;skip=50442;subtypes={""B_core_only"":25,""B_macro_missing"":2126,""B_mixed_partial_context"":215}",completed,Tier B fallback-only standalone MT5 tester run.
run10I_qda_reg020_drop_mega10_decision_microprobe_v1__mt5_routed_tier_a_used_validation_is,16_model_family_challenge__qda_class_covariance_scout,run10I_qda_reg020_drop_mega10_decision_microprobe_v1,mt5_routed_tier_a_used_validation_is,run10I_qda_reg020_drop_mega10_decision_microprobe_v1,mt5_routed_tier_a_used_validation_is,Tier A,routed_signal_execution_usage,runtime_probe,completed,inconclusive_routed_component_runtime_probe,C:/Users/awdse/AppData/Roaming/MetaQuotes/Terminal/D0E8209F77C8CF37AD8BF550E51FF075/MQL5/Experts/Project_Obsidian_Prime_v2/stages/16_model_family_challenge__qda_class_covariance_scout/02_runs/run10I_qda_reg020_drop_mega10_decision_microprobe_v1/kpi_record.json,route_bars=9844;route_share=0.806224;signals=985;long=927;short=58;fills=302,profit_attribution=not_separable_from_single_routed_account_path;reject=0;skip=0;subtypes=NA,completed,Tier A primary used component from one routed MT5 tester run.
run10I_qda_reg020_drop_mega10_decision_microprobe_v1__mt5_routed_tier_b_fallback_used_validation_is,16_model_family_challenge__qda_class_covariance_scout,run10I_qda_reg020_drop_mega10_decision_microprobe_v1,mt5_routed_tier_b_fallback_used_validation_is,run10I_qda_reg020_drop_mega10_decision_microprobe_v1,mt5_routed_tier_b_fallback_used_validation_is,Tier B,routed_signal_execution_usage,runtime_probe,completed,inconclusive_routed_component_runtime_probe,C:/Users/awdse/AppData/Roaming/MetaQuotes/Terminal/D0E8209F77C8CF37AD8BF550E51FF075/MQL5/Experts/Project_Obsidian_Prime_v2/stages/16_model_family_challenge__qda_class_covariance_scout/02_runs/run10I_qda_reg020_drop_mega10_decision_microprobe_v1/kpi_record.json,route_bars=2366;route_share=0.193776;signals=18;long=14;short=4;fills=21,"profit_attribution=not_separable_from_single_routed_account_path;reject=0;skip=0;subtypes={""B_core_only"":25,""B_macro_missing"":2126,""B_mixed_partial_context"":215}",completed,Tier B partial-context fallback used component from one routed MT5 tester run.
run10I_qda_reg020_drop_mega10_decision_microprobe_v1__mt5_routed_total_validation_is,16_model_family_challenge__qda_class_covariance_scout,run10I_qda_reg020_drop_mega10_decision_microprobe_v1,mt5_routed_total_validation_is,run10I_qda_reg020_drop_mega10_decision_microprobe_v1,mt5_routed_total_validation_is,Tier A+B,trading_risk_execution,runtime_probe,completed,inconclusive_routed_total_runtime_probe,C:/Users/awdse/AppData/Roaming/MetaQuotes/Terminal/D0E8209F77C8CF37AD8BF550E51FF075/MQL5/Experts/Project_Obsidian_Prime_v2/stages/16_model_family_challenge__qda_class_covariance_scout/02_runs/run10I_qda_reg020_drop_mega10_decision_microprobe_v1/mt5/reports/Project_Obsidian_Prime_v2_run10I_qda_reg020_drop_mega10_decision_microprobe_v1_routed_validation_is.htm,net_profit=140.92;pf=1.14;expectancy=0.84;trades=168;win_rate=50,a_used=9844;b_fallback=2366;no_tier_labelable=203;max_dd=258.98;recovery=0.54;fill=323;reject=0;skip=40598,completed,Actual routed total from one MT5 tester account path; not a synthetic sum.
run10I_qda_reg020_drop_mega10_decision_microprobe_v1__mt5_tier_a_only_oos,16_model_family_challenge__qda_class_covariance_scout,run10I_qda_reg020_drop_mega10_decision_microprobe_v1,mt5_tier_a_only_oos,run10I_qda_reg020_drop_mega10_decision_microprobe_v1,mt5_tier_a_only_oos,Tier A,trading_risk_execution,runtime_probe,completed,inconclusive_tier_only_runtime_probe,C:/Users/awdse/AppData/Roaming/MetaQuotes/Terminal/D0E8209F77C8CF37AD8BF550E51FF075/MQL5/Experts/Project_Obsidian_Prime_v2/stages/16_model_family_challenge__qda_class_covariance_scout/02_runs/run10I_qda_reg020_drop_mega10_decision_microprobe_v1/mt5/reports/Project_Obsidian_Prime_v2_run10I_qda_reg020_drop_mega10_decision_microprobe_v1_tier_a_only_oos.htm,net_profit=277.47;pf=1.54;expectancy=2.22;trades=125;win_rate=60.8,labelable=7584;feature_ready=7584;model_ok=7584;no_tier_labelable=159;max_dd=114.41;recovery=2.43;fill=247;reject=0;skip=29753;subtypes=NA,completed,Tier A only standalone MT5 tester run.
run10I_qda_reg020_drop_mega10_decision_microprobe_v1__mt5_tier_b_fallback_only_oos,16_model_family_challenge__qda_class_covariance_scout,run10I_qda_reg020_drop_mega10_decision_microprobe_v1,mt5_tier_b_fallback_only_oos,run10I_qda_reg020_drop_mega10_decision_microprobe_v1,mt5_tier_b_fallback_only_oos,Tier B,trading_risk_execution,runtime_probe,completed,inconclusive_tier_b_fallback_only_runtime_probe,C:/Users/awdse/AppData/Roaming/MetaQuotes/Terminal/D0E8209F77C8CF37AD8BF550E51FF075/MQL5/Experts/Project_Obsidian_Prime_v2/stages/16_model_family_challenge__qda_class_covariance_scout/02_runs/run10I_qda_reg020_drop_mega10_decision_microprobe_v1/mt5/reports/Project_Obsidian_Prime_v2_run10I_qda_reg020_drop_mega10_decision_microprobe_v1_tier_b_fallback_only_oos.htm,net_profit=139.5;pf=1.58;expectancy=8.72;trades=16;win_rate=50,"labelable=1062;feature_ready=1062;model_ok=1062;no_tier_labelable=159;max_dd=170.11;recovery=0.82;fill=29;reject=0;skip=36275;subtypes={""B_core_only"":24,""B_full_context_outside_tier_a_scope"":1,""B_macro_missing"":809,""B_mixed_partial_context"":228}",completed,Tier B fallback-only standalone MT5 tester run.
run10I_qda_reg020_drop_mega10_decision_microprobe_v1__mt5_routed_tier_a_used_oos,16_model_family_challenge__qda_class_covariance_scout,run10I_qda_reg020_drop_mega10_decision_microprobe_v1,mt5_routed_tier_a_used_oos,run10I_qda_reg020_drop_mega10_decision_microprobe_v1,mt5_routed_tier_a_used_oos,Tier A,routed_signal_execution_usage,runtime_probe,completed,inconclusive_routed_component_runtime_probe,C:/Users/awdse/AppData/Roaming/MetaQuotes/Terminal/D0E8209F77C8CF37AD8BF550E51FF075/MQL5/Experts/Project_Obsidian_Prime_v2/stages/16_model_family_challenge__qda_class_covariance_scout/02_runs/run10I_qda_reg020_drop_mega10_decision_microprobe_v1/kpi_record.json,route_bars=7584;route_share=0.877169;signals=733;long=724;short=9;fills=249,profit_attribution=not_separable_from_single_routed_account_path;reject=0;skip=0;subtypes=NA,completed,Tier A primary used component from one routed MT5 tester run.
run10I_qda_reg020_drop_mega10_decision_microprobe_v1__mt5_routed_tier_b_fallback_used_oos,16_model_family_challenge__qda_class_covariance_scout,run10I_qda_reg020_drop_mega10_decision_microprobe_v1,mt5_routed_tier_b_fallback_used_oos,run10I_qda_reg020_drop_mega10_decision_microprobe_v1,mt5_routed_tier_b_fallback_used_oos,Tier B,routed_signal_execution_usage,runtime_probe,completed,inconclusive_routed_component_runtime_probe,C:/Users/awdse/AppData/Roaming/MetaQuotes/Terminal/D0E8209F77C8CF37AD8BF550E51FF075/MQL5/Experts/Project_Obsidian_Prime_v2/stages/16_model_family_challenge__qda_class_covariance_scout/02_runs/run10I_qda_reg020_drop_mega10_decision_microprobe_v1/kpi_record.json,route_bars=1062;route_share=0.122831;signals=53;long=39;short=14;fills=24,"profit_attribution=not_separable_from_single_routed_account_path;reject=0;skip=0;subtypes={""B_core_only"":24,""B_full_context_outside_tier_a_scope"":1,""B_macro_missing"":809,""B_mixed_partial_context"":228}",completed,Tier B partial-context fallback used component from one routed MT5 tester run.
run10I_qda_reg020_drop_mega10_decision_microprobe_v1__mt5_routed_total_oos,16_model_family_challenge__qda_class_covariance_scout,run10I_qda_reg020_drop_mega10_decision_microprobe_v1,mt5_routed_total_oos,run10I_qda_reg020_drop_mega10_decision_microprobe_v1,mt5_routed_total_oos,Tier A+B,trading_risk_execution,runtime_probe,completed,inconclusive_routed_total_runtime_probe,C:/Users/awdse/AppData/Roaming/MetaQuotes/Terminal/D0E8209F77C8CF37AD8BF550E51FF075/MQL5/Experts/Project_Obsidian_Prime_v2/stages/16_model_family_challenge__qda_class_covariance_scout/02_runs/run10I_qda_reg020_drop_mega10_decision_microprobe_v1/mt5/reports/Project_Obsidian_Prime_v2_run10I_qda_reg020_drop_mega10_decision_microprobe_v1_routed_oos.htm,net_profit=219.31;pf=1.4;expectancy=1.57;trades=140;win_rate=56.43,a_used=7584;b_fallback=1062;no_tier_labelable=159;max_dd=93.7;recovery=2.34;fill=273;reject=0;skip=28691,completed,Actual routed total from one MT5 tester account path; not a synthetic sum.
run10J_qda_reg015_drop_mega10_q85_decision_microprobe_v1__python_tier_a_separate,16_model_family_challenge__qda_class_covariance_scout,run10J_qda_reg015_drop_mega10_q85_decision_microprobe_v1,python_tier_a_separate,run10J_qda_reg015_drop_mega10_q85_decision_microprobe_v1,python_tier_a_separate,Tier A,signal_probability_threshold,structural_scout,completed,inconclusive_single_split_scout_payload,stages/16_model_family_challenge__qda_class_covariance_scout/02_runs/run10J_qda_reg015_drop_mega10_q85_decision_microprobe_v1/predictions/tier_a_separate_predictions.parquet,rows=46650;signal_coverage=0.132797;signal_count=6195;short=3987;long=2208,prob_sum_err=3.33067e-16;selected_threshold=validation_nonflat_q0.85;threshold_ids=q0.85;subtype_counts=NA,out_of_scope_by_claim,Tier A full-context primary view
run10J_qda_reg015_drop_mega10_q85_decision_microprobe_v1__python_tier_b_separate,16_model_family_challenge__qda_class_covariance_scout,run10J_qda_reg015_drop_mega10_q85_decision_microprobe_v1,python_tier_b_separate,run10J_qda_reg015_drop_mega10_q85_decision_microprobe_v1,python_tier_b_separate,Tier B,signal_probability_threshold,structural_scout,completed,inconclusive_single_split_scout_payload,stages/16_model_family_challenge__qda_class_covariance_scout/02_runs/run10J_qda_reg015_drop_mega10_q85_decision_microprobe_v1/predictions/tier_b_separate_predictions.parquet,rows=12398;signal_coverage=0.0427488;signal_count=530;short=464;long=66,"prob_sum_err=3.33067e-16;selected_threshold=validation_nonflat_q0.85;threshold_ids=q0.85;subtype_counts={""B_constituent_missing"":1,""B_core_only"":200,""B_full_context_outside_tier_a_scope"":217,""B_macro_missing"":10740,""B_mixed_partial_context"":1240}",out_of_scope_by_claim,Tier B partial-context fallback-only view
run10J_qda_reg015_drop_mega10_q85_decision_microprobe_v1__python_tier_ab_combined,16_model_family_challenge__qda_class_covariance_scout,run10J_qda_reg015_drop_mega10_q85_decision_microprobe_v1,python_tier_ab_combined,run10J_qda_reg015_drop_mega10_q85_decision_microprobe_v1,python_tier_ab_combined,Tier A+B,signal_probability_threshold,structural_scout,completed,inconclusive_single_split_scout_payload,stages/16_model_family_challenge__qda_class_covariance_scout/02_runs/run10J_qda_reg015_drop_mega10_q85_decision_microprobe_v1/predictions/tier_ab_combined_predictions.parquet,rows=59048;signal_coverage=0.114788;signal_count=6778;short=4490;long=2288,"prob_sum_err=3.33067e-16;selected_threshold=validation_nonflat_q0.85;threshold_ids=q0.85;subtype_counts={""B_constituent_missing"":1,""B_core_only"":200,""B_full_context_outside_tier_a_scope"":217,""B_macro_missing"":10740,""B_mixed_partial_context"":1240,""Tier_A_full_context"":46650}",out_of_scope_by_claim,Tier A primary plus Tier B fallback routed Python view
run10J_qda_reg015_drop_mega10_q85_decision_microprobe_v1__mt5_tier_a_only_validation_is,16_model_family_challenge__qda_class_covariance_scout,run10J_qda_reg015_drop_mega10_q85_decision_microprobe_v1,mt5_tier_a_only_validation_is,run10J_qda_reg015_drop_mega10_q85_decision_microprobe_v1,mt5_tier_a_only_validation_is,Tier A,trading_risk_execution,runtime_probe,completed,inconclusive_tier_only_runtime_probe,C:/Users/awdse/AppData/Roaming/MetaQuotes/Terminal/D0E8209F77C8CF37AD8BF550E51FF075/MQL5/Experts/Project_Obsidian_Prime_v2/stages/16_model_family_challenge__qda_class_covariance_scout/02_runs/run10J_qda_reg015_drop_mega10_q85_decision_microprobe_v1/mt5/reports/Project_Obsidian_Prime_v2_run10J_qda_reg015_drop_mega10_q85_decision_microprobe_v1_tier_a_only_validation_is.htm,net_profit=-233.48;pf=0.88;expectancy=-0.63;trades=369;win_rate=49.32,labelable=9844;feature_ready=9844;model_ok=9844;no_tier_labelable=203;max_dd=390.08;recovery=-0.6;fill=639;reject=0;skip=42964;subtypes=NA,completed,Tier A only standalone MT5 tester run.
run10J_qda_reg015_drop_mega10_q85_decision_microprobe_v1__mt5_tier_b_fallback_only_validation_is,16_model_family_challenge__qda_class_covariance_scout,run10J_qda_reg015_drop_mega10_q85_decision_microprobe_v1,mt5_tier_b_fallback_only_validation_is,run10J_qda_reg015_drop_mega10_q85_decision_microprobe_v1,mt5_tier_b_fallback_only_validation_is,Tier B,trading_risk_execution,runtime_probe,completed,inconclusive_tier_b_fallback_only_runtime_probe,C:/Users/awdse/AppData/Roaming/MetaQuotes/Terminal/D0E8209F77C8CF37AD8BF550E51FF075/MQL5/Experts/Project_Obsidian_Prime_v2/stages/16_model_family_challenge__qda_class_covariance_scout/02_runs/run10J_qda_reg015_drop_mega10_q85_decision_microprobe_v1/mt5/reports/Project_Obsidian_Prime_v2_run10J_qda_reg015_drop_mega10_q85_decision_microprobe_v1_tier_b_fallback_only_validation_is.htm,net_profit=-146.08;pf=0.41;expectancy=-6.96;trades=21;win_rate=42.86,"labelable=2366;feature_ready=2366;model_ok=2366;no_tier_labelable=203;max_dd=347.52;recovery=-0.42;fill=40;reject=0;skip=50442;subtypes={""B_core_only"":25,""B_macro_missing"":2126,""B_mixed_partial_context"":215}",completed,Tier B fallback-only standalone MT5 tester run.
run10J_qda_reg015_drop_mega10_q85_decision_microprobe_v1__mt5_routed_tier_a_used_validation_is,16_model_family_challenge__qda_class_covariance_scout,run10J_qda_reg015_drop_mega10_q85_decision_microprobe_v1,mt5_routed_tier_a_used_validation_is,run10J_qda_reg015_drop_mega10_q85_decision_microprobe_v1,mt5_routed_tier_a_used_validation_is,Tier A,routed_signal_execution_usage,runtime_probe,completed,inconclusive_routed_component_runtime_probe,C:/Users/awdse/AppData/Roaming/MetaQuotes/Terminal/D0E8209F77C8CF37AD8BF550E51FF075/MQL5/Experts/Project_Obsidian_Prime_v2/stages/16_model_family_challenge__qda_class_covariance_scout/02_runs/run10J_qda_reg015_drop_mega10_q85_decision_microprobe_v1/kpi_record.json,route_bars=9844;route_share=0.806224;signals=1477;long=548;short=929;fills=630,profit_attribution=not_separable_from_single_routed_account_path;reject=0;skip=0;subtypes=NA,completed,Tier A primary used component from one routed MT5 tester run.
run10J_qda_reg015_drop_mega10_q85_decision_microprobe_v1__mt5_routed_tier_b_fallback_used_validation_is,16_model_family_challenge__qda_class_covariance_scout,run10J_qda_reg015_drop_mega10_q85_decision_microprobe_v1,mt5_routed_tier_b_fallback_used_validation_is,run10J_qda_reg015_drop_mega10_q85_decision_microprobe_v1,mt5_routed_tier_b_fallback_used_validation_is,Tier B,routed_signal_execution_usage,runtime_probe,completed,inconclusive_routed_component_runtime_probe,C:/Users/awdse/AppData/Roaming/MetaQuotes/Terminal/D0E8209F77C8CF37AD8BF550E51FF075/MQL5/Experts/Project_Obsidian_Prime_v2/stages/16_model_family_challenge__qda_class_covariance_scout/02_runs/run10J_qda_reg015_drop_mega10_q85_decision_microprobe_v1/kpi_record.json,route_bars=2366;route_share=0.193776;signals=60;long=6;short=54;fills=49,"profit_attribution=not_separable_from_single_routed_account_path;reject=0;skip=0;subtypes={""B_core_only"":25,""B_macro_missing"":2126,""B_mixed_partial_context"":215}",completed,Tier B partial-context fallback used component from one routed MT5 tester run.
run10J_qda_reg015_drop_mega10_q85_decision_microprobe_v1__mt5_routed_total_validation_is,16_model_family_challenge__qda_class_covariance_scout,run10J_qda_reg015_drop_mega10_q85_decision_microprobe_v1,mt5_routed_total_validation_is,run10J_qda_reg015_drop_mega10_q85_decision_microprobe_v1,mt5_routed_total_validation_is,Tier A+B,trading_risk_execution,runtime_probe,completed,inconclusive_routed_total_runtime_probe,C:/Users/awdse/AppData/Roaming/MetaQuotes/Terminal/D0E8209F77C8CF37AD8BF550E51FF075/MQL5/Experts/Project_Obsidian_Prime_v2/stages/16_model_family_challenge__qda_class_covariance_scout/02_runs/run10J_qda_reg015_drop_mega10_q85_decision_microprobe_v1/mt5/reports/Project_Obsidian_Prime_v2_run10J_qda_reg015_drop_mega10_q85_decision_microprobe_v1_routed_validation_is.htm,net_profit=-292.97;pf=0.86;expectancy=-0.75;trades=391;win_rate=47.83,a_used=9844;b_fallback=2366;no_tier_labelable=203;max_dd=454.08;recovery=-0.65;fill=679;reject=0;skip=40598,completed,Actual routed total from one MT5 tester account path; not a synthetic sum.
run10J_qda_reg015_drop_mega10_q85_decision_microprobe_v1__mt5_tier_a_only_oos,16_model_family_challenge__qda_class_covariance_scout,run10J_qda_reg015_drop_mega10_q85_decision_microprobe_v1,mt5_tier_a_only_oos,run10J_qda_reg015_drop_mega10_q85_decision_microprobe_v1,mt5_tier_a_only_oos,Tier A,trading_risk_execution,runtime_probe,completed,inconclusive_tier_only_runtime_probe,C:/Users/awdse/AppData/Roaming/MetaQuotes/Terminal/D0E8209F77C8CF37AD8BF550E51FF075/MQL5/Experts/Project_Obsidian_Prime_v2/stages/16_model_family_challenge__qda_class_covariance_scout/02_runs/run10J_qda_reg015_drop_mega10_q85_decision_microprobe_v1/mt5/reports/Project_Obsidian_Prime_v2_run10J_qda_reg015_drop_mega10_q85_decision_microprobe_v1_tier_a_only_oos.htm,net_profit=132.31;pf=1.11;expectancy=0.54;trades=247;win_rate=49.39,labelable=7584;feature_ready=7584;model_ok=7584;no_tier_labelable=159;max_dd=159.4;recovery=0.83;fill=462;reject=0;skip=29753;subtypes=NA,completed,Tier A only standalone MT5 tester run.
run10J_qda_reg015_drop_mega10_q85_decision_microprobe_v1__mt5_tier_b_fallback_only_oos,16_model_family_challenge__qda_class_covariance_scout,run10J_qda_reg015_drop_mega10_q85_decision_microprobe_v1,mt5_tier_b_fallback_only_oos,run10J_qda_reg015_drop_mega10_q85_decision_microprobe_v1,mt5_tier_b_fallback_only_oos,Tier B,trading_risk_execution,runtime_probe,completed,inconclusive_tier_b_fallback_only_runtime_probe,C:/Users/awdse/AppData/Roaming/MetaQuotes/Terminal/D0E8209F77C8CF37AD8BF550E51FF075/MQL5/Experts/Project_Obsidian_Prime_v2/stages/16_model_family_challenge__qda_class_covariance_scout/02_runs/run10J_qda_reg015_drop_mega10_q85_decision_microprobe_v1/mt5/reports/Project_Obsidian_Prime_v2_run10J_qda_reg015_drop_mega10_q85_decision_microprobe_v1_tier_b_fallback_only_oos.htm,net_profit=-341.45;pf=0.44;expectancy=-12.19;trades=28;win_rate=35.71,"labelable=1062;feature_ready=1062;model_ok=1062;no_tier_labelable=159;max_dd=400.74;recovery=-0.85;fill=55;reject=0;skip=36275;subtypes={""B_core_only"":24,""B_full_context_outside_tier_a_scope"":1,""B_macro_missing"":809,""B_mixed_partial_context"":228}",completed,Tier B fallback-only standalone MT5 tester run.
run10J_qda_reg015_drop_mega10_q85_decision_microprobe_v1__mt5_routed_tier_a_used_oos,16_model_family_challenge__qda_class_covariance_scout,run10J_qda_reg015_drop_mega10_q85_decision_microprobe_v1,mt5_routed_tier_a_used_oos,run10J_qda_reg015_drop_mega10_q85_decision_microprobe_v1,mt5_routed_tier_a_used_oos,Tier A,routed_signal_execution_usage,runtime_probe,completed,inconclusive_routed_component_runtime_probe,C:/Users/awdse/AppData/Roaming/MetaQuotes/Terminal/D0E8209F77C8CF37AD8BF550E51FF075/MQL5/Experts/Project_Obsidian_Prime_v2/stages/16_model_family_challenge__qda_class_covariance_scout/02_runs/run10J_qda_reg015_drop_mega10_q85_decision_microprobe_v1/kpi_record.json,route_bars=7584;route_share=0.877169;signals=1132;long=362;short=770;fills=469,profit_attribution=not_separable_from_single_routed_account_path;reject=0;skip=0;subtypes=NA,completed,Tier A primary used component from one routed MT5 tester run.
run10J_qda_reg015_drop_mega10_q85_decision_microprobe_v1__mt5_routed_tier_b_fallback_used_oos,16_model_family_challenge__qda_class_covariance_scout,run10J_qda_reg015_drop_mega10_q85_decision_microprobe_v1,mt5_routed_tier_b_fallback_used_oos,run10J_qda_reg015_drop_mega10_q85_decision_microprobe_v1,mt5_routed_tier_b_fallback_used_oos,Tier B,routed_signal_execution_usage,runtime_probe,completed,inconclusive_routed_component_runtime_probe,C:/Users/awdse/AppData/Roaming/MetaQuotes/Terminal/D0E8209F77C8CF37AD8BF550E51FF075/MQL5/Experts/Project_Obsidian_Prime_v2/stages/16_model_family_challenge__qda_class_covariance_scout/02_runs/run10J_qda_reg015_drop_mega10_q85_decision_microprobe_v1/kpi_record.json,route_bars=1062;route_share=0.122831;signals=157;long=0;short=157;fills=64,"profit_attribution=not_separable_from_single_routed_account_path;reject=0;skip=0;subtypes={""B_core_only"":24,""B_full_context_outside_tier_a_scope"":1,""B_macro_missing"":809,""B_mixed_partial_context"":228}",completed,Tier B partial-context fallback used component from one routed MT5 tester run.
run10J_qda_reg015_drop_mega10_q85_decision_microprobe_v1__mt5_routed_total_oos,16_model_family_challenge__qda_class_covariance_scout,run10J_qda_reg015_drop_mega10_q85_decision_microprobe_v1,mt5_routed_total_oos,run10J_qda_reg015_drop_mega10_q85_decision_microprobe_v1,mt5_routed_total_oos,Tier A+B,trading_risk_execution,runtime_probe,completed,inconclusive_routed_total_runtime_probe,C:/Users/awdse/AppData/Roaming/MetaQuotes/Terminal/D0E8209F77C8CF37AD8BF550E51FF075/MQL5/Experts/Project_Obsidian_Prime_v2/stages/16_model_family_challenge__qda_class_covariance_scout/02_runs/run10J_qda_reg015_drop_mega10_q85_decision_microprobe_v1/mt5/reports/Project_Obsidian_Prime_v2_run10J_qda_reg015_drop_mega10_q85_decision_microprobe_v1_routed_oos.htm,net_profit=180.77;pf=1.15;expectancy=0.63;trades=286;win_rate=51.75,a_used=7584;b_fallback=1062;no_tier_labelable=159;max_dd=172.93;recovery=1.05;fill=533;reject=0;skip=28691,completed,Actual routed total from one MT5 tester account path; not a synthetic sum.
run10K_qda_reg015_drop_mega10_q93_decision_microprobe_v1__python_tier_a_separate,16_model_family_challenge__qda_class_covariance_scout,run10K_qda_reg015_drop_mega10_q93_decision_microprobe_v1,python_tier_a_separate,run10K_qda_reg015_drop_mega10_q93_decision_microprobe_v1,python_tier_a_separate,Tier A,signal_probability_threshold,structural_scout,completed,inconclusive_single_split_scout_payload,stages/16_model_family_challenge__qda_class_covariance_scout/02_runs/run10K_qda_reg015_drop_mega10_q93_decision_microprobe_v1/predictions/tier_a_separate_predictions.parquet,rows=46650;signal_coverage=0.0434727;signal_count=2028;short=1737;long=291,prob_sum_err=4.44089e-16;selected_threshold=validation_nonflat_q0.93;threshold_ids=q0.93;subtype_counts=NA,out_of_scope_by_claim,Tier A full-context primary view
run10K_qda_reg015_drop_mega10_q93_decision_microprobe_v1__python_tier_b_separate,16_model_family_challenge__qda_class_covariance_scout,run10K_qda_reg015_drop_mega10_q93_decision_microprobe_v1,python_tier_b_separate,run10K_qda_reg015_drop_mega10_q93_decision_microprobe_v1,python_tier_b_separate,Tier B,signal_probability_threshold,structural_scout,completed,inconclusive_single_split_scout_payload,stages/16_model_family_challenge__qda_class_covariance_scout/02_runs/run10K_qda_reg015_drop_mega10_q93_decision_microprobe_v1/predictions/tier_b_separate_predictions.parquet,rows=12398;signal_coverage=0.0104856;signal_count=130;short=76;long=54,"prob_sum_err=3.33067e-16;selected_threshold=validation_nonflat_q0.93;threshold_ids=q0.93;subtype_counts={""B_constituent_missing"":1,""B_core_only"":200,""B_full_context_outside_tier_a_scope"":217,""B_macro_missing"":10740,""B_mixed_partial_context"":1240}",out_of_scope_by_claim,Tier B partial-context fallback-only view
run10K_qda_reg015_drop_mega10_q93_decision_microprobe_v1__python_tier_ab_combined,16_model_family_challenge__qda_class_covariance_scout,run10K_qda_reg015_drop_mega10_q93_decision_microprobe_v1,python_tier_ab_combined,run10K_qda_reg015_drop_mega10_q93_decision_microprobe_v1,python_tier_ab_combined,Tier A+B,signal_probability_threshold,structural_scout,completed,inconclusive_single_split_scout_payload,stages/16_model_family_challenge__qda_class_covariance_scout/02_runs/run10K_qda_reg015_drop_mega10_q93_decision_microprobe_v1/predictions/tier_ab_combined_predictions.parquet,rows=59048;signal_coverage=0.0357675;signal_count=2112;short=1783;long=329,"prob_sum_err=4.44089e-16;selected_threshold=validation_nonflat_q0.93;threshold_ids=q0.93;subtype_counts={""B_constituent_missing"":1,""B_core_only"":200,""B_full_context_outside_tier_a_scope"":217,""B_macro_missing"":10740,""B_mixed_partial_context"":1240,""Tier_A_full_context"":46650}",out_of_scope_by_claim,Tier A primary plus Tier B fallback routed Python view
run10K_qda_reg015_drop_mega10_q93_decision_microprobe_v1__mt5_tier_a_only_validation_is,16_model_family_challenge__qda_class_covariance_scout,run10K_qda_reg015_drop_mega10_q93_decision_microprobe_v1,mt5_tier_a_only_validation_is,run10K_qda_reg015_drop_mega10_q93_decision_microprobe_v1,mt5_tier_a_only_validation_is,Tier A,trading_risk_execution,runtime_probe,completed,inconclusive_tier_only_runtime_probe,C:/Users/awdse/AppData/Roaming/MetaQuotes/Terminal/D0E8209F77C8CF37AD8BF550E51FF075/MQL5/Experts/Project_Obsidian_Prime_v2/stages/16_model_family_challenge__qda_class_covariance_scout/02_runs/run10K_qda_reg015_drop_mega10_q93_decision_microprobe_v1/mt5/reports/Project_Obsidian_Prime_v2_run10K_qda_reg015_drop_mega10_q93_decision_microprobe_v1_tier_a_only_validation_is.htm,net_profit=-218.44;pf=0.78;expectancy=-1.81;trades=121;win_rate=52.89,labelable=9844;feature_ready=9844;model_ok=9844;no_tier_labelable=203;max_dd=407.21;recovery=-0.54;fill=240;reject=0;skip=42964;subtypes=NA,completed,Tier A only standalone MT5 tester run.
run10K_qda_reg015_drop_mega10_q93_decision_microprobe_v1__mt5_tier_b_fallback_only_validation_is,16_model_family_challenge__qda_class_covariance_scout,run10K_qda_reg015_drop_mega10_q93_decision_microprobe_v1,mt5_tier_b_fallback_only_validation_is,run10K_qda_reg015_drop_mega10_q93_decision_microprobe_v1,mt5_tier_b_fallback_only_validation_is,Tier B,trading_risk_execution,runtime_probe,completed,inconclusive_tier_b_fallback_only_runtime_probe,C:/Users/awdse/AppData/Roaming/MetaQuotes/Terminal/D0E8209F77C8CF37AD8BF550E51FF075/MQL5/Experts/Project_Obsidian_Prime_v2/stages/16_model_family_challenge__qda_class_covariance_scout/02_runs/run10K_qda_reg015_drop_mega10_q93_decision_microprobe_v1/mt5/reports/Project_Obsidian_Prime_v2_run10K_qda_reg015_drop_mega10_q93_decision_microprobe_v1_tier_b_fallback_only_validation_is.htm,net_profit=-0.38;pf=0.95;expectancy=-0.13;trades=3;win_rate=66.67,"labelable=2366;feature_ready=2366;model_ok=2366;no_tier_labelable=203;max_dd=24.09;recovery=-0.02;fill=6;reject=0;skip=50442;subtypes={""B_core_only"":25,""B_macro_missing"":2126,""B_mixed_partial_context"":215}",completed,Tier B fallback-only standalone MT5 tester run.
run10K_qda_reg015_drop_mega10_q93_decision_microprobe_v1__mt5_routed_tier_a_used_validation_is,16_model_family_challenge__qda_class_covariance_scout,run10K_qda_reg015_drop_mega10_q93_decision_microprobe_v1,mt5_routed_tier_a_used_validation_is,run10K_qda_reg015_drop_mega10_q93_decision_microprobe_v1,mt5_routed_tier_a_used_validation_is,Tier A,routed_signal_execution_usage,runtime_probe,completed,inconclusive_routed_component_runtime_probe,C:/Users/awdse/AppData/Roaming/MetaQuotes/Terminal/D0E8209F77C8CF37AD8BF550E51FF075/MQL5/Experts/Project_Obsidian_Prime_v2/stages/16_model_family_challenge__qda_class_covariance_scout/02_runs/run10K_qda_reg015_drop_mega10_q93_decision_microprobe_v1/kpi_record.json,route_bars=9844;route_share=0.806224;signals=690;long=2;short=688;fills=234,profit_attribution=not_separable_from_single_routed_account_path;reject=0;skip=0;subtypes=NA,completed,Tier A primary used component from one routed MT5 tester run.
run10K_qda_reg015_drop_mega10_q93_decision_microprobe_v1__mt5_routed_tier_b_fallback_used_validation_is,16_model_family_challenge__qda_class_covariance_scout,run10K_qda_reg015_drop_mega10_q93_decision_microprobe_v1,mt5_routed_tier_b_fallback_used_validation_is,run10K_qda_reg015_drop_mega10_q93_decision_microprobe_v1,mt5_routed_tier_b_fallback_used_validation_is,Tier B,routed_signal_execution_usage,runtime_probe,completed,inconclusive_routed_component_runtime_probe,C:/Users/awdse/AppData/Roaming/MetaQuotes/Terminal/D0E8209F77C8CF37AD8BF550E51FF075/MQL5/Experts/Project_Obsidian_Prime_v2/stages/16_model_family_challenge__qda_class_covariance_scout/02_runs/run10K_qda_reg015_drop_mega10_q93_decision_microprobe_v1/kpi_record.json,route_bars=2366;route_share=0.193776;signals=3;long=2;short=1;fills=12,"profit_attribution=not_separable_from_single_routed_account_path;reject=0;skip=0;subtypes={""B_core_only"":25,""B_macro_missing"":2126,""B_mixed_partial_context"":215}",completed,Tier B partial-context fallback used component from one routed MT5 tester run.
run10K_qda_reg015_drop_mega10_q93_decision_microprobe_v1__mt5_routed_total_validation_is,16_model_family_challenge__qda_class_covariance_scout,run10K_qda_reg015_drop_mega10_q93_decision_microprobe_v1,mt5_routed_total_validation_is,run10K_qda_reg015_drop_mega10_q93_decision_microprobe_v1,mt5_routed_total_validation_is,Tier A+B,trading_risk_execution,runtime_probe,completed,inconclusive_routed_total_runtime_probe,C:/Users/awdse/AppData/Roaming/MetaQuotes/Terminal/D0E8209F77C8CF37AD8BF550E51FF075/MQL5/Experts/Project_Obsidian_Prime_v2/stages/16_model_family_challenge__qda_class_covariance_scout/02_runs/run10K_qda_reg015_drop_mega10_q93_decision_microprobe_v1/mt5/reports/Project_Obsidian_Prime_v2_run10K_qda_reg015_drop_mega10_q93_decision_microprobe_v1_routed_validation_is.htm,net_profit=-232.04;pf=0.77;expectancy=-1.87;trades=124;win_rate=53.23,a_used=9844;b_fallback=2366;no_tier_labelable=203;max_dd=410.42;recovery=-0.57;fill=246;reject=0;skip=40598,completed,Actual routed total from one MT5 tester account path; not a synthetic sum.
run10K_qda_reg015_drop_mega10_q93_decision_microprobe_v1__mt5_tier_a_only_oos,16_model_family_challenge__qda_class_covariance_scout,run10K_qda_reg015_drop_mega10_q93_decision_microprobe_v1,mt5_tier_a_only_oos,run10K_qda_reg015_drop_mega10_q93_decision_microprobe_v1,mt5_tier_a_only_oos,Tier A,trading_risk_execution,runtime_probe,completed,inconclusive_tier_only_runtime_probe,C:/Users/awdse/AppData/Roaming/MetaQuotes/Terminal/D0E8209F77C8CF37AD8BF550E51FF075/MQL5/Experts/Project_Obsidian_Prime_v2/stages/16_model_family_challenge__qda_class_covariance_scout/02_runs/run10K_qda_reg015_drop_mega10_q93_decision_microprobe_v1/mt5/reports/Project_Obsidian_Prime_v2_run10K_qda_reg015_drop_mega10_q93_decision_microprobe_v1_tier_a_only_oos.htm,net_profit=-194.56;pf=0.73;expectancy=-1.63;trades=119;win_rate=45.38,labelable=7584;feature_ready=7584;model_ok=7584;no_tier_labelable=159;max_dd=240.94;recovery=-0.81;fill=236;reject=0;skip=29753;subtypes=NA,completed,Tier A only standalone MT5 tester run.
run10K_qda_reg015_drop_mega10_q93_decision_microprobe_v1__mt5_tier_b_fallback_only_oos,16_model_family_challenge__qda_class_covariance_scout,run10K_qda_reg015_drop_mega10_q93_decision_microprobe_v1,mt5_tier_b_fallback_only_oos,run10K_qda_reg015_drop_mega10_q93_decision_microprobe_v1,mt5_tier_b_fallback_only_oos,Tier B,trading_risk_execution,runtime_probe,completed,inconclusive_tier_b_fallback_only_runtime_probe,C:/Users/awdse/AppData/Roaming/MetaQuotes/Terminal/D0E8209F77C8CF37AD8BF550E51FF075/MQL5/Experts/Project_Obsidian_Prime_v2/stages/16_model_family_challenge__qda_class_covariance_scout/02_runs/run10K_qda_reg015_drop_mega10_q93_decision_microprobe_v1/mt5/reports/Project_Obsidian_Prime_v2_run10K_qda_reg015_drop_mega10_q93_decision_microprobe_v1_tier_b_fallback_only_oos.htm,net_profit=-71.8;pf=0.76;expectancy=-5.98;trades=12;win_rate=41.67,"labelable=1062;feature_ready=1062;model_ok=1062;no_tier_labelable=159;max_dd=214.35;recovery=-0.33;fill=20;reject=0;skip=36275;subtypes={""B_core_only"":24,""B_full_context_outside_tier_a_scope"":1,""B_macro_missing"":809,""B_mixed_partial_context"":228}",completed,Tier B fallback-only standalone MT5 tester run.
run10K_qda_reg015_drop_mega10_q93_decision_microprobe_v1__mt5_routed_tier_a_used_oos,16_model_family_challenge__qda_class_covariance_scout,run10K_qda_reg015_drop_mega10_q93_decision_microprobe_v1,mt5_routed_tier_a_used_oos,run10K_qda_reg015_drop_mega10_q93_decision_microprobe_v1,mt5_routed_tier_a_used_oos,Tier A,routed_signal_execution_usage,runtime_probe,completed,inconclusive_routed_component_runtime_probe,C:/Users/awdse/AppData/Roaming/MetaQuotes/Terminal/D0E8209F77C8CF37AD8BF550E51FF075/MQL5/Experts/Project_Obsidian_Prime_v2/stages/16_model_family_challenge__qda_class_covariance_scout/02_runs/run10K_qda_reg015_drop_mega10_q93_decision_microprobe_v1/kpi_record.json,route_bars=7584;route_share=0.877169;signals=649;long=1;short=648;fills=235,profit_attribution=not_separable_from_single_routed_account_path;reject=0;skip=0;subtypes=NA,completed,Tier A primary used component from one routed MT5 tester run.
run10K_qda_reg015_drop_mega10_q93_decision_microprobe_v1__mt5_routed_tier_b_fallback_used_oos,16_model_family_challenge__qda_class_covariance_scout,run10K_qda_reg015_drop_mega10_q93_decision_microprobe_v1,mt5_routed_tier_b_fallback_used_oos,run10K_qda_reg015_drop_mega10_q93_decision_microprobe_v1,mt5_routed_tier_b_fallback_used_oos,Tier B,routed_signal_execution_usage,runtime_probe,completed,inconclusive_routed_component_runtime_probe,C:/Users/awdse/AppData/Roaming/MetaQuotes/Terminal/D0E8209F77C8CF37AD8BF550E51FF075/MQL5/Experts/Project_Obsidian_Prime_v2/stages/16_model_family_challenge__qda_class_covariance_scout/02_runs/run10K_qda_reg015_drop_mega10_q93_decision_microprobe_v1/kpi_record.json,route_bars=1062;route_share=0.122831;signals=18;long=7;short=11;fills=15,"profit_attribution=not_separable_from_single_routed_account_path;reject=0;skip=0;subtypes={""B_core_only"":24,""B_full_context_outside_tier_a_scope"":1,""B_macro_missing"":809,""B_mixed_partial_context"":228}",completed,Tier B partial-context fallback used component from one routed MT5 tester run.
run10K_qda_reg015_drop_mega10_q93_decision_microprobe_v1__mt5_routed_total_oos,16_model_family_challenge__qda_class_covariance_scout,run10K_qda_reg015_drop_mega10_q93_decision_microprobe_v1,mt5_routed_total_oos,run10K_qda_reg015_drop_mega10_q93_decision_microprobe_v1,mt5_routed_total_oos,Tier A+B,trading_risk_execution,runtime_probe,completed,inconclusive_routed_total_runtime_probe,C:/Users/awdse/AppData/Roaming/MetaQuotes/Terminal/D0E8209F77C8CF37AD8BF550E51FF075/MQL5/Experts/Project_Obsidian_Prime_v2/stages/16_model_family_challenge__qda_class_covariance_scout/02_runs/run10K_qda_reg015_drop_mega10_q93_decision_microprobe_v1/mt5/reports/Project_Obsidian_Prime_v2_run10K_qda_reg015_drop_mega10_q93_decision_microprobe_v1_routed_oos.htm,net_profit=-229.94;pf=0.7;expectancy=-1.8;trades=128;win_rate=43.75,a_used=7584;b_fallback=1062;no_tier_labelable=159;max_dd=276.3;recovery=-0.83;fill=250;reject=0;skip=28691,completed,Actual routed total from one MT5 tester account path; not a synthetic sum.
run10L_qda_reg018_drop_mega10_q88_decision_microprobe_v1__python_tier_a_separate,16_model_family_challenge__qda_class_covariance_scout,run10L_qda_reg018_drop_mega10_q88_decision_microprobe_v1,python_tier_a_separate,run10L_qda_reg018_drop_mega10_q88_decision_microprobe_v1,python_tier_a_separate,Tier A,signal_probability_threshold,structural_scout,completed,inconclusive_single_split_scout_payload,stages/16_model_family_challenge__qda_class_covariance_scout/02_runs/run10L_qda_reg018_drop_mega10_q88_decision_microprobe_v1/predictions/tier_a_separate_predictions.parquet,rows=46650;signal_coverage=0.0923044;signal_count=4306;short=1625;long=2681,prob_sum_err=4.44089e-16;selected_threshold=validation_nonflat_q0.88;threshold_ids=q0.88;subtype_counts=NA,out_of_scope_by_claim,Tier A full-context primary view
run10L_qda_reg018_drop_mega10_q88_decision_microprobe_v1__python_tier_b_separate,16_model_family_challenge__qda_class_covariance_scout,run10L_qda_reg018_drop_mega10_q88_decision_microprobe_v1,python_tier_b_separate,run10L_qda_reg018_drop_mega10_q88_decision_microprobe_v1,python_tier_b_separate,Tier B,signal_probability_threshold,structural_scout,completed,inconclusive_single_split_scout_payload,stages/16_model_family_challenge__qda_class_covariance_scout/02_runs/run10L_qda_reg018_drop_mega10_q88_decision_microprobe_v1/predictions/tier_b_separate_predictions.parquet,rows=12398;signal_coverage=0.0196806;signal_count=244;short=138;long=106,"prob_sum_err=4.44089e-16;selected_threshold=validation_nonflat_q0.88;threshold_ids=q0.88;subtype_counts={""B_constituent_missing"":1,""B_core_only"":200,""B_full_context_outside_tier_a_scope"":217,""B_macro_missing"":10740,""B_mixed_partial_context"":1240}",out_of_scope_by_claim,Tier B partial-context fallback-only view
run10L_qda_reg018_drop_mega10_q88_decision_microprobe_v1__python_tier_ab_combined,16_model_family_challenge__qda_class_covariance_scout,run10L_qda_reg018_drop_mega10_q88_decision_microprobe_v1,python_tier_ab_combined,run10L_qda_reg018_drop_mega10_q88_decision_microprobe_v1,python_tier_ab_combined,Tier A+B,signal_probability_threshold,structural_scout,completed,inconclusive_single_split_scout_payload,stages/16_model_family_challenge__qda_class_covariance_scout/02_runs/run10L_qda_reg018_drop_mega10_q88_decision_microprobe_v1/predictions/tier_ab_combined_predictions.parquet,rows=59048;signal_coverage=0.0784616;signal_count=4633;short=1826;long=2807,"prob_sum_err=4.44089e-16;selected_threshold=validation_nonflat_q0.88;threshold_ids=q0.88;subtype_counts={""B_constituent_missing"":1,""B_core_only"":200,""B_full_context_outside_tier_a_scope"":217,""B_macro_missing"":10740,""B_mixed_partial_context"":1240,""Tier_A_full_context"":46650}",out_of_scope_by_claim,Tier A primary plus Tier B fallback routed Python view
run10L_qda_reg018_drop_mega10_q88_decision_microprobe_v1__mt5_tier_a_only_validation_is,16_model_family_challenge__qda_class_covariance_scout,run10L_qda_reg018_drop_mega10_q88_decision_microprobe_v1,mt5_tier_a_only_validation_is,run10L_qda_reg018_drop_mega10_q88_decision_microprobe_v1,mt5_tier_a_only_validation_is,Tier A,trading_risk_execution,runtime_probe,completed,inconclusive_tier_only_runtime_probe,C:/Users/awdse/AppData/Roaming/MetaQuotes/Terminal/D0E8209F77C8CF37AD8BF550E51FF075/MQL5/Experts/Project_Obsidian_Prime_v2/stages/16_model_family_challenge__qda_class_covariance_scout/02_runs/run10L_qda_reg018_drop_mega10_q88_decision_microprobe_v1/mt5/reports/Project_Obsidian_Prime_v2_run10L_qda_reg018_drop_mega10_q88_decision_microprobe_v1_tier_a_only_validation_is.htm,net_profit=-274.39;pf=0.84;expectancy=-0.84;trades=326;win_rate=48.16,labelable=9844;feature_ready=9844;model_ok=9844;no_tier_labelable=203;max_dd=405.02;recovery=-0.68;fill=572;reject=0;skip=42964;subtypes=NA,completed,Tier A only standalone MT5 tester run.
run10L_qda_reg018_drop_mega10_q88_decision_microprobe_v1__mt5_tier_b_fallback_only_validation_is,16_model_family_challenge__qda_class_covariance_scout,run10L_qda_reg018_drop_mega10_q88_decision_microprobe_v1,mt5_tier_b_fallback_only_validation_is,run10L_qda_reg018_drop_mega10_q88_decision_microprobe_v1,mt5_tier_b_fallback_only_validation_is,Tier B,trading_risk_execution,runtime_probe,completed,inconclusive_tier_b_fallback_only_runtime_probe,C:/Users/awdse/AppData/Roaming/MetaQuotes/Terminal/D0E8209F77C8CF37AD8BF550E51FF075/MQL5/Experts/Project_Obsidian_Prime_v2/stages/16_model_family_challenge__qda_class_covariance_scout/02_runs/run10L_qda_reg018_drop_mega10_q88_decision_microprobe_v1/mt5/reports/Project_Obsidian_Prime_v2_run10L_qda_reg018_drop_mega10_q88_decision_microprobe_v1_tier_b_fallback_only_validation_is.htm,net_profit=71.93;pf=1.71;expectancy=5.99;trades=12;win_rate=41.67,"labelable=2366;feature_ready=2366;model_ok=2366;no_tier_labelable=203;max_dd=92.85;recovery=0.77;fill=23;reject=0;skip=50442;subtypes={""B_core_only"":25,""B_macro_missing"":2126,""B_mixed_partial_context"":215}",completed,Tier B fallback-only standalone MT5 tester run.
run10L_qda_reg018_drop_mega10_q88_decision_microprobe_v1__mt5_routed_tier_a_used_validation_is,16_model_family_challenge__qda_class_covariance_scout,run10L_qda_reg018_drop_mega10_q88_decision_microprobe_v1,mt5_routed_tier_a_used_validation_is,run10L_qda_reg018_drop_mega10_q88_decision_microprobe_v1,mt5_routed_tier_a_used_validation_is,Tier A,routed_signal_execution_usage,runtime_probe,completed,inconclusive_routed_component_runtime_probe,C:/Users/awdse/AppData/Roaming/MetaQuotes/Terminal/D0E8209F77C8CF37AD8BF550E51FF075/MQL5/Experts/Project_Obsidian_Prime_v2/stages/16_model_family_challenge__qda_class_covariance_scout/02_runs/run10L_qda_reg018_drop_mega10_q88_decision_microprobe_v1/kpi_record.json,route_bars=9844;route_share=0.806224;signals=1182;long=836;short=346;fills=557,profit_attribution=not_separable_from_single_routed_account_path;reject=0;skip=0;subtypes=NA,completed,Tier A primary used component from one routed MT5 tester run.
run10L_qda_reg018_drop_mega10_q88_decision_microprobe_v1__mt5_routed_tier_b_fallback_used_validation_is,16_model_family_challenge__qda_class_covariance_scout,run10L_qda_reg018_drop_mega10_q88_decision_microprobe_v1,mt5_routed_tier_b_fallback_used_validation_is,run10L_qda_reg018_drop_mega10_q88_decision_microprobe_v1,mt5_routed_tier_b_fallback_used_validation_is,Tier B,routed_signal_execution_usage,runtime_probe,completed,inconclusive_routed_component_runtime_probe,C:/Users/awdse/AppData/Roaming/MetaQuotes/Terminal/D0E8209F77C8CF37AD8BF550E51FF075/MQL5/Experts/Project_Obsidian_Prime_v2/stages/16_model_family_challenge__qda_class_covariance_scout/02_runs/run10L_qda_reg018_drop_mega10_q88_decision_microprobe_v1/kpi_record.json,route_bars=2366;route_share=0.193776;signals=17;long=12;short=5;fills=33,"profit_attribution=not_separable_from_single_routed_account_path;reject=0;skip=0;subtypes={""B_core_only"":25,""B_macro_missing"":2126,""B_mixed_partial_context"":215}",completed,Tier B partial-context fallback used component from one routed MT5 tester run.
run10L_qda_reg018_drop_mega10_q88_decision_microprobe_v1__mt5_routed_total_validation_is,16_model_family_challenge__qda_class_covariance_scout,run10L_qda_reg018_drop_mega10_q88_decision_microprobe_v1,mt5_routed_total_validation_is,run10L_qda_reg018_drop_mega10_q88_decision_microprobe_v1,mt5_routed_total_validation_is,Tier A+B,trading_risk_execution,runtime_probe,completed,inconclusive_routed_total_runtime_probe,C:/Users/awdse/AppData/Roaming/MetaQuotes/Terminal/D0E8209F77C8CF37AD8BF550E51FF075/MQL5/Experts/Project_Obsidian_Prime_v2/stages/16_model_family_challenge__qda_class_covariance_scout/02_runs/run10L_qda_reg018_drop_mega10_q88_decision_microprobe_v1/mt5/reports/Project_Obsidian_Prime_v2_run10L_qda_reg018_drop_mega10_q88_decision_microprobe_v1_routed_validation_is.htm,net_profit=-263.06;pf=0.85;expectancy=-0.78;trades=337;win_rate=47.77,a_used=9844;b_fallback=2366;no_tier_labelable=203;max_dd=383.28;recovery=-0.69;fill=590;reject=0;skip=40598,completed,Actual routed total from one MT5 tester account path; not a synthetic sum.
run10L_qda_reg018_drop_mega10_q88_decision_microprobe_v1__mt5_tier_a_only_oos,16_model_family_challenge__qda_class_covariance_scout,run10L_qda_reg018_drop_mega10_q88_decision_microprobe_v1,mt5_tier_a_only_oos,run10L_qda_reg018_drop_mega10_q88_decision_microprobe_v1,mt5_tier_a_only_oos,Tier A,trading_risk_execution,runtime_probe,completed,inconclusive_tier_only_runtime_probe,C:/Users/awdse/AppData/Roaming/MetaQuotes/Terminal/D0E8209F77C8CF37AD8BF550E51FF075/MQL5/Experts/Project_Obsidian_Prime_v2/stages/16_model_family_challenge__qda_class_covariance_scout/02_runs/run10L_qda_reg018_drop_mega10_q88_decision_microprobe_v1/mt5/reports/Project_Obsidian_Prime_v2_run10L_qda_reg018_drop_mega10_q88_decision_microprobe_v1_tier_a_only_oos.htm,net_profit=196.56;pf=1.18;expectancy=0.79;trades=248;win_rate=52.42,labelable=7584;feature_ready=7584;model_ok=7584;no_tier_labelable=159;max_dd=106.47;recovery=1.85;fill=426;reject=0;skip=29753;subtypes=NA,completed,Tier A only standalone MT5 tester run.
run10L_qda_reg018_drop_mega10_q88_decision_microprobe_v1__mt5_tier_b_fallback_only_oos,16_model_family_challenge__qda_class_covariance_scout,run10L_qda_reg018_drop_mega10_q88_decision_microprobe_v1,mt5_tier_b_fallback_only_oos,run10L_qda_reg018_drop_mega10_q88_decision_microprobe_v1,mt5_tier_b_fallback_only_oos,Tier B,trading_risk_execution,runtime_probe,completed,inconclusive_tier_b_fallback_only_runtime_probe,C:/Users/awdse/AppData/Roaming/MetaQuotes/Terminal/D0E8209F77C8CF37AD8BF550E51FF075/MQL5/Experts/Project_Obsidian_Prime_v2/stages/16_model_family_challenge__qda_class_covariance_scout/02_runs/run10L_qda_reg018_drop_mega10_q88_decision_microprobe_v1/mt5/reports/Project_Obsidian_Prime_v2_run10L_qda_reg018_drop_mega10_q88_decision_microprobe_v1_tier_b_fallback_only_oos.htm,net_profit=-44.66;pf=0.78;expectancy=-4.06;trades=11;win_rate=45.45,"labelable=1062;feature_ready=1062;model_ok=1062;no_tier_labelable=159;max_dd=139.06;recovery=-0.32;fill=21;reject=0;skip=36275;subtypes={""B_core_only"":24,""B_full_context_outside_tier_a_scope"":1,""B_macro_missing"":809,""B_mixed_partial_context"":228}",completed,Tier B fallback-only standalone MT5 tester run.
run10L_qda_reg018_drop_mega10_q88_decision_microprobe_v1__mt5_routed_tier_a_used_oos,16_model_family_challenge__qda_class_covariance_scout,run10L_qda_reg018_drop_mega10_q88_decision_microprobe_v1,mt5_routed_tier_a_used_oos,run10L_qda_reg018_drop_mega10_q88_decision_microprobe_v1,mt5_routed_tier_a_used_oos,Tier A,routed_signal_execution_usage,runtime_probe,completed,inconclusive_routed_component_runtime_probe,C:/Users/awdse/AppData/Roaming/MetaQuotes/Terminal/D0E8209F77C8CF37AD8BF550E51FF075/MQL5/Experts/Project_Obsidian_Prime_v2/stages/16_model_family_challenge__qda_class_covariance_scout/02_runs/run10L_qda_reg018_drop_mega10_q88_decision_microprobe_v1/kpi_record.json,route_bars=7584;route_share=0.877169;signals=861;long=581;short=280;fills=429,profit_attribution=not_separable_from_single_routed_account_path;reject=0;skip=0;subtypes=NA,completed,Tier A primary used component from one routed MT5 tester run.
run10L_qda_reg018_drop_mega10_q88_decision_microprobe_v1__mt5_routed_tier_b_fallback_used_oos,16_model_family_challenge__qda_class_covariance_scout,run10L_qda_reg018_drop_mega10_q88_decision_microprobe_v1,mt5_routed_tier_b_fallback_used_oos,run10L_qda_reg018_drop_mega10_q88_decision_microprobe_v1,mt5_routed_tier_b_fallback_used_oos,Tier B,routed_signal_execution_usage,runtime_probe,completed,inconclusive_routed_component_runtime_probe,C:/Users/awdse/AppData/Roaming/MetaQuotes/Terminal/D0E8209F77C8CF37AD8BF550E51FF075/MQL5/Experts/Project_Obsidian_Prime_v2/stages/16_model_family_challenge__qda_class_covariance_scout/02_runs/run10L_qda_reg018_drop_mega10_q88_decision_microprobe_v1/kpi_record.json,route_bars=1062;route_share=0.122831;signals=34;long=30;short=4;fills=12,"profit_attribution=not_separable_from_single_routed_account_path;reject=0;skip=0;subtypes={""B_core_only"":24,""B_full_context_outside_tier_a_scope"":1,""B_macro_missing"":809,""B_mixed_partial_context"":228}",completed,Tier B partial-context fallback used component from one routed MT5 tester run.
run10L_qda_reg018_drop_mega10_q88_decision_microprobe_v1__mt5_routed_total_oos,16_model_family_challenge__qda_class_covariance_scout,run10L_qda_reg018_drop_mega10_q88_decision_microprobe_v1,mt5_routed_total_oos,run10L_qda_reg018_drop_mega10_q88_decision_microprobe_v1,mt5_routed_total_oos,Tier A+B,trading_risk_execution,runtime_probe,completed,inconclusive_routed_total_runtime_probe,C:/Users/awdse/AppData/Roaming/MetaQuotes/Terminal/D0E8209F77C8CF37AD8BF550E51FF075/MQL5/Experts/Project_Obsidian_Prime_v2/stages/16_model_family_challenge__qda_class_covariance_scout/02_runs/run10L_qda_reg018_drop_mega10_q88_decision_microprobe_v1/mt5/reports/Project_Obsidian_Prime_v2_run10L_qda_reg018_drop_mega10_q88_decision_microprobe_v1_routed_oos.htm,net_profit=142.39;pf=1.13;expectancy=0.56;trades=255;win_rate=52.16,a_used=7584;b_fallback=1062;no_tier_labelable=159;max_dd=163.36;recovery=0.87;fill=441;reject=0;skip=28691,completed,Actual routed total from one MT5 tester account path; not a synthetic sum.
